COG ID,Length (Mi),Functional Class,Route,Location,Speed,Lanes,Average Weekday Traffic 2018,Average Weekday Traffic 2019,Average Weekday Traffic 2020,Average Annual Daily Traffic 2018,Average Annual Daily Traffic 2019,Average Annual Daily Traffic 2020,AWDT21,AWDT22,ADT21,ADT22,VMT,VHT,VHD
20172,0.37599999,Urban Principal Arterial,4TH STREET, NORTH OF 2ND ST. (N.M. 47) - SOUTHWEST OF ROY AVE.,35,4,9740,9956,6771,9186,9268,6254,8665,9276,8004,8568,3222,105,23
20272,0.213,Urban Minor Arterial,CORRALES ROAD, NORTH OF N.M. 528/ALAMEDA BLVD. - SOUTH OF CALLE CUERVO,35,3,17736,18262,14548,16726,17089,13601,17561,17786,16422,16785,3575,121,32
20316,0.48800001,Urban Minor Arterial,GOLF COURSE ROAD, NORTH OF IRVING - SOUTH OF ELLISON,35,4,33065,34046,27122,31182,31859,25356,28429,28792,26586,27172,13260,463,131
20356,0.97799999,Urban Principal Arterial,2ND STREET, NORTH OF ALAMEDA ROAD - SOUTH OF 4TH ST./ N.M.556,45,2,4712,4644,3158,4444,4323,2917,4041,4326,3753,4018,3930,107,29
20376,0.49200001,Urban Major Collector,ALAMEDA ROAD, EAST OF 2ND ST. - WEST OF EDITH,30,2,2472,2527,1718,2254,2294,1536,2199,2354,1966,2105,1035,40,9
20380,0.57700002,Urban Principal Arterial,COORS, NORTH OF COORS BYPASS - SOUTH OF 7 BAR LOOP,35,4,47161,47956,21645,44480,45835,19993,25461,25787,23647,23860,13767,465,109
20147,0.611,Urban Minor Arterial,GOLF COURSE ROAD,NORTH OF PROGRESS - SOUTH OF IRVING,35,4,21838,18434,16056,20594,17250,15011,19581,19831,18311,18715,11434,399,113
20412,0.44100001,Urban Principal Arterial,2ND STREET, NORTH OF ALAMEDA BLVD. - SOUTH OF ALAMEDA ROAD,45,2,7427,7592,5163,7005,7067,4769,6607,7073,6103,6533,2881,81,23
20424,0.46000001,Urban Principal Arterial,COORS, NORTH OF IRVING - SOUTH OF COORS BYPASS,45,6,54940,56570,45065,51817,52661,41625,58531,59279,54360,54849,25231,671,166
20448,0.495,Urban Major Collector,EDITH BLVD.,NORTH OF ALAMEDA BLVD. - SOUTH OF ALAMEDA ROAD,35,2,2577,2914,1982,2350,2646,1772,2536,2715,2312,2475,1225,43,12
20469,0.47299999,Urban Principal Arterial,ALAMEDA BLVD.,WEST OF BALLOON MUSEUM - EAST OF EDITH BLVD.,40,4,26400,26560,21800,25100,25192,0,27899,29866,0,0,0,0,0
20488,0.50199997,Urban Major Collector,ALAMEDA BLVD., WEST OF WYOMING - EAST OF LOUISIANA,45,2,10957,11200,8428,9990,10169,7536,11464,11993,10452,10873,5458,187,78
20492,0.50099999,Urban Major Collector,ALAMEDA BLVD., WEST OF LOUISIANA - EAST OF SAN PEDRO,45,2,12750,16069,11664,11625,14590,10429,15863,16595,14462,15045,7537,254,103
20520,0.60500002,Urban Minor Arterial,EAGLE RANCH ROAD, NORTH OF PARADISE BLVD. - SOUTH OF IRVING,30,4,18506,18818,15180,17452,17780,14192,14909,15100,13942,14250,8621,351,99
20568,0.35299999,Urban Principal Arterial,COORS, NORTH OF P.D.N. N. RAMPS - SOUTH OF IRVING,45,6,73293,71031,52678,69127,66123,48657,73340,65534,68114,60637,21405,575,147
20564,0.193,Urban Minor Arterial,EAGLE RANCH ROAD, NORTH OF PASEO DEL NORTE - SOUTH OF PARADISE BLVD.,35,4,26133,24782,21084,24645,23190,19711,29978,26369,28034,24885,4803,168,47
20656,0.303,Urban Minor Arterial,GOLF COURSE ROAD, NORTH OF CALLE NORTENA - SOUTH OF PASEO DEL NORTE,40,4,30015,30520,20674,28306,28837,19328,23422,26269,21903,24791,7511,229,65
20188,0.59899998,Urban Major Collector,SAN PEDRO,NORTH HOLLY AVE. - SOUTH OF ALAMEDA,35,2,9394,12095,9102,8565,10982,8139,10856,12630,9897,11450,6859,252,81
20161,0.49900001,Urban Major Collector,LOUISIANA,NORTH OF CARMEL - SOUTH OF ALAMEDA,40,4,4702,6532,4916,4287,5931,4396,5863,6134,5345,5592,2790,86,23
20720,0.49900001,Urban Principal Arterial,PASEO DEL NORTE, EAST OF SAN PEDRO - WEST OF LOUISIANA,55,6,29993,30659,23072,28288,28541,21311,44933,47008,41731,43495,21704,599,237
20724,0.42199999,Urban Minor Arterial,RIO GRANDE BLVD., NORTH OF RANCHITOS ROAD - SOUTH OF EL PUEBLO,25,2,5579,5615,3933,5261,5254,3677,5054,5277,4725,4933,2082,102,29
20198,0.303,Urban Major Collector,WYOMING,NORTH OF CARMEL - SOUTH OF WILSHIRE,40,4,16224,16298,12265,14792,14798,10967,14628,14356,13336,13015,3944,123,35
20732,0.50099999,Urban Principal Arterial,PASEO DEL NORTE, EAST OF WYOMING - WEST OF BARSTOW,55,6,33054,35719,26880,31175,33251,24828,32060,34172,29776,31619,15842,377,113
20736,0.50099999,Urban Principal Arterial,PASEO DEL NORTE, EAST OF LOUISIANA - WEST OF WYOMING,55,6,45260,47489,34021,42687,44208,31424,50313,45766,46728,42346,21215,585,232
20740,0.50199997,Urban Principal Arterial,PASEO DEL NORTE, EAST OF BARSTOW - WEST OF VENTURA,55,6,32935,34697,26111,31063,32300,24118,31143,32581,28924,30260,15190,358,105
20772,0.109,Urban Minor Arterial,LAYTON/VENTURA, NORTH OF PALOMAS - SOUTH OF PASEO DEL NORTE,40,4,9485,10607,7982,8945,9926,7462,9520,9960,8903,9314,1015,31,9
20776,0.46399999,Urban Minor Arterial,4TH STREET, NORTH OF RANCHITOS ROAD - SOUTH OF EL PUEBLO,35,4,9213,9273,6496,8688,8677,6073,8347,8715,7804,8148,3781,132,37
20800,0.39199999,Urban Principal Arterial,2ND STREET, NORTH OF RANCHITOS ROAD - SOUTH OF EL PUEBLO,45,5,18934,19057,13350,17858,17740,12331,17154,19036,15845,17614,6904,200,62
20804,0.477,Urban Major Collector,TAYLOR RANCH RD., NORTH OF HOMESTEAD CIR. (N.) - SOUTH OF CALLE NORTENA,35,2,4745,4886,3892,4326,4436,3480,4578,4513,4094,4091,1951,63,11
20187,0.30000001,Urban Major Collector,SAN PEDRO,NORTH PINO AVE. - SOUTH OF PALOMAS AVE.,35,2,8176,10869,8179,7454,9869,7313,9755,9862,8894,8941,2682,99,32
20820,0.50099999,Urban Principal Arterial,WYOMING, NORTH OF SAN FRANCISCO - SOUTH OF PASEO DEL NORTE,45,4,27682,28296,21294,26108,26341,19669,28983,30321,26918,28055,14056,402,121
20824,0.48100001,Urban Major Collector,BARSTOW, NORTH OF SAN FRANCISCO - SOUTH OF PASEO DEL NORTE,30,2,5734,4831,3307,5228,4386,2957,3996,4181,3643,3790,1823,75,20
20828,0.50400001,Urban Major Collector,SAN FRANCISCO, EAST OF WYOMING - WEST OF BARSTOW,30,2,2291,2342,1762,2089,2126,1576,2102,2199,1880,1967,991,38,9
20832,0.41499999,Urban Major Collector,LOUISIANA,NORTH OF SAN FRANCISCO - SOUTH OF PALOMAS,35,4,7859,8033,6045,7165,7294,5405,7210,7543,6447,6745,2799,99,27
20836,0.44,Urban Minor Arterial,LAYTON/VENTURA, NORTH OF SAN FRANCISCO (N.) - SOUTH OF PALOMAS,40,4,8810,9006,6777,8308,8427,6336,8083,8456,7557,7906,3479,106,30
20844,0.50700003,Urban Major Collector,SAN FRANCISCO, EAST OF LOUISIANA - WEST OF WYOMING,25,2,2118,2165,1629,1931,1966,1457,1943,2033,1738,1818,922,43,10
20848,0.52600002,Urban Major Collector,SAN FRANCISCO, EAST OF SAN PEDRO - WEST OF LOUISIANA,25,2,952,973,732,868,883,655,873,913,781,817,429,20,5
20860,0.54000002,Urban Major Collector,SAN FRANCISCO, EAST OF BARSTOW - WEST OF VENTURA,30,2,1366,1396,1051,1245,1268,940,1254,1312,1121,1173,633,25,6
20868,0.28999999,Urban Major Collector,TAYLOR RANCH RD., NORTH OF HOMESTEAD CIR. (S.) - SOUTH OF HOMESTEAD CIR. (N.),30,2,4134,4257,3391,3769,3865,3032,3989,4574,3567,4147,1202,49,13
20884,0.54000002,Urban Major Collector,HOMESTEAD CIRCLE, WEST OF MOJAVE - WEST OF TAYLOR RANCH RD.,25,2,3822,3935,3178,3485,3573,2842,3738,3786,3408,3432,1853,86,20
20888,0.447,Urban Major Collector,HOMESTEAD CIRCLE, WEST OF TAYLOR RANCH RD. - EAST OF MOJAVE,25,2,3556,3662,2917,3242,3325,2608,3431,2580,3068,2339,1046,49,11
20928,0.213,Urban Major Collector,MOJAVE, NORTHEAST OF SAN ILDEFONSO - SOUTHWEST OF HOMESTEAD CIRCLE,30,2,6576,6771,5394,5996,6148,4823,6345,6426,5673,5746,1224,50,14
20952,0.49000001,Urban Major Collector,SAN PEDRO, NORTH OF SAN ANTONIO - SOUTH OF SAN FRANCISCO,35,2,11406,13245,9967,10399,12026,8912,11888,12437,10838,11338,5555,205,66
20960,0.479,Urban Major Collector,LOUISIANA, NORTH OF SAN ANTONIO - SOUTH OF SAN FRANCISCO,30,4,7095,7081,5586,6563,6550,4995,6662,6970,5958,6233,0,0,0
20964,0.498,Urban Minor Arterial,SAN ANTONIO, EAST OF SAN PEDRO - WEST OF LOUISIANA,40,4,21898,22384,16845,20651,20946,15748,20091,21019,18783,19650,9786,301,84
20992,0.51999998,Urban Minor Arterial,SAN ANTONIO, EAST OF LOUISIANA - WEST OF WYOMING,40,4,18076,18477,13905,17047,17290,13000,16585,17351,15505,16221,8435,260,72
21012,0.70599997,Urban Major Collector,BARSTOW, NORTH OF HARPER RD. - SOUTH OF SAN FRANCISCO,40,2,13488,13787,10375,12298,12518,9277,5911,6184,5389,5606,3958,122,33
21016,0.212,Urban Minor Arterial,HARPER RD., EAST OF WYOMING - WEST OF BARSTOW,40,4,16064,16421,12357,15149,15366,11553,13377,13995,12510,13208,2800,80,18
21024,1.375,Urban Minor Arterial,RIO GRANDE BLVD., NORTH OF CHAVEZ - SOUTH OF RANCHITOS ROAD,25,2,6060,6099,4272,5715,5707,3994,5489,5731,5132,5358,7367,360,102
21032,0.87300003,Urban Minor Arterial,HARPER RD., EAST OF BARSTOW - WEST OF VENTURA,40,4,11321,12084,8956,10676,11308,8373,10556,11043,9872,10422,9098,244,32
21092,0.49599999,Urban Major Collector,SAN ILDEFONSO, NORTH OF MONTANO (WEST) - SOUTH OF MOJAVE,35,2,6190,4633,3691,5644,4207,3300,4342,4398,3959,4010,1989,70,19
21124,0.47,Urban Minor Arterial,TAYLOR RANCH RD., NORTH OF MONTANO - S. OF LA ORILLA (GOLF COURSE),40,4,20101,20697,15445,18956,19367,14439,18168,17897,16990,16890,7939,255,78
21132,0.48199999,Urban Major Collector,LOUISIANA, NORTH OF BURLISON - SOUTH OF SAN ANTONIO,30,2,4396,4494,3382,4008,4080,3024,4034,4220,3607,3774,1819,75,20
21148,0.122,Urban Major Collector,BURLISON, NORTHEAST OF HARPER - WEST OF LOUISIANA,35,2,4703,4807,3617,4288,4365,3234,4314,4513,3857,4035,492,16,4
21152,0.45199999,Urban Major Collector,HARPER DR., EAST OF MCKINNEY - NORTHWEST OF BURLISON,30,2,3002,3069,2310,2737,2787,2066,2755,2882,2464,2578,1165,45,10
21164,0.458,Urban Principal Arterial,WYOMING, NORTH OF BURLISON - SOUTH OF SAN ANTONIO,40,6,32684,33410,25038,30826,31102,23127,29739,31112,27620,28787,13184,370,77
21168,0.241,Urban Major Collector,BURLISON, EAST OF LOUISIANA - WEST OF TRUCHAS,35,2,4680,4784,3600,4267,4344,3219,4294,4492,3839,4016,968,32,7
21184,0.23100001,Urban Major Collector,BURLISON, EAST OF TRUCHAS - WEST OF WYOMING,35,2,5733,5545,4173,5227,5035,3731,4977,5207,4537,4747,1097,36,9
21208,0.79500002,Urban Minor Arterial,ACADEMY, EAST OF ADMIRAL DEWEY - WEST OF EUBANK,40,4,18936,19356,14566,17858,18113,13618,15740,16467,14719,15540,12354,342,67
21212,0.134,Urban Minor Arterial,ACADEMY, EAST OF LAYTON - WEST OF ADMIRAL DEWEY,40,4,20006,20450,15389,18867,19136,14387,18238,19080,17055,18006,2413,66,13
21216,0.43599999,Urban Minor Arterial,LAYTON/VENTURA, NORTH OF ACADEMY - SOUTH OF HARPER RD.,35,4,15721,16070,12093,14826,15038,11306,13062,13665,12215,12896,5623,196,55
21233,0.458,Urban Principal Arterial,COORS,NORTH OF MANTANO PLAZA - SOUTH OF LA ORILLA,45,6,52540,53426,43097,49553,51063,39807,43065,43616,39996,40357,18484,491,118
21256,0.41800001,Urban Principal Arterial,EUBANK, NORTH OF JUAN TABO - SOUTH OF ACADEMY,40,4,26906,27503,20697,25377,25603,19117,23801,24900,22105,23039,9630,294,80
21264,0.193,Urban Minor Arterial,ACADEMY, EAST OF SAN MATEO - WEST OF SEAGULL,40,4,30032,30699,23102,28322,28727,21598,26802,28040,25064,26462,5107,147,34
21268,0.442,Urban Major Collector,MCKINNEY, NORTH OF ACADEMY - SOUTH OF HARPER,30,2,8318,8503,6399,7584,7720,5722,7632,7984,6825,7140,3156,130,35
21272,0.155,Urban Minor Arterial,ACADEMY, EAST OF SEAGULL - WEST OF MCKINNEY,40,4,31641,32343,24339,29839,30265,22754,27910,29199,26100,27556,4271,123,28
21276,0.094,Urban Local,SEAGULL, AT ARROYO CROSSING - SOUTH OF ACADEMY,30,2,7918,7902,6235,7350,7336,5575,7436,7779,6649,6956,0,0,0
21280,0.875,Urban Minor Arterial,ACADEMY, EAST OF WYOMING - WEST OF LAYTON,40,4,24938,25492,19184,23518,23854,17935,20771,21730,19424,20507,17944,519,120
21284,0.588,Urban Principal Arterial,WYOMING, NORTH OF ACADEMY - SOUTH OF BURLISON,40,6,36849,37667,28346,34754,35064,26182,33073,34600,30716,32015,18825,530,112
21288,0.50999999,Urban Minor Collector,GOLDEN, NORTH OF DELLYNE - SOUTH OF MONTANO WEST,30,2,2419,1622,1292,2206,1473,1155,1520,1539,1386,1404,717,24,5
21296,0.48800001,Urban Minor Collector,VALLE VISTA, NORTH OF DELLYNE - SOUTH OF MONTANO WEST,30,2,3234,3330,2653,2949,3024,2372,3121,2647,2790,2400,1172,39,8
21308,0.54000002,Urban Principal Arterial,UNSER BLVD., NORTH OF DELLYNE - SOUTH OF MONTANO,40,4,27874,28732,24616,26290,26747,22737,27953,31728,25961,29357,15853,373,21
21312,0.25299999,Urban Principal Arterial,EUBANK, NORTH OF LAYTON - SOUTH OF JUAN TABO,40,4,20584,21041,15834,19414,19587,14625,17538,18348,16288,16977,4295,122,26
21320,0.484,Urban Principal Arterial,COORS, NORTH OF DELLYNE - SOUTH OF MONTANO,45,6,50328,51821,35502,47467,48240,32792,45615,44671,42365,41333,20005,526,122
21328,0.55400002,Urban Major Collector,BURLISON, NORTH OF ACADEMY - SOUTH OF HARPER,35,2,4782,4888,3678,4360,4438,3289,4387,4590,3923,4104,2274,80,21
21332,0.375,Urban Minor Arterial,ACADEMY, EAST OF MCKINNEY - WEST OF BURLISON,40,4,26924,27522,20711,25391,25754,19363,24160,25276,22593,23854,8945,258,59
21336,0.495,Urban Minor Collector,TRUCHAS, NORTH OF ACADEMY - SOUTH OF BURLISON,25,2,2349,2401,1807,2142,2180,1616,2155,2255,1927,2016,998,40,8
21340,0.45199999,Urban Minor Arterial,ACADEMY, EAST OF BURLISON - WEST OF TRUCHAS,45,4,23773,24301,18287,22419,22740,17096,20428,21371,19103,20168,9116,263,81
21344,0.72100002,Urban Minor Arterial,ACADEMY, EAST OF TRUCHAS - WEST OF WYOMING,40,4,25090,25647,19300,23661,23999,18043,19673,20581,18397,19423,14004,409,98
21348,0.53799999,Urban Principal Arterial,2ND STREET, ALB. N.C.L. - SOUTH OF OSUNA,45,4,20977,21124,14777,19991,20131,13649,18988,19824,17539,18311,9311,263,77
21352,0.498,Urban Major Collector,LOWELL, NORTH OF SPAIN - SOUTH OF ACADEMY,35,4,3159,3229,2430,2880,2932,2173,2898,3032,2592,2712,1350,48,13
21356,0.21600001,Urban Principal Arterial,SAN MATEO, NORTH OF OSUNA - SOUTH OF ACADEMY,40,6,32074,38703,29125,30251,36029,26902,34737,36179,32262,33476,7231,283,122
21360,0.091,Urban Local,SEAGULL, NORTH OF OSUNA - AT ARROYO CROSSING,30,2,7502,7669,5771,6930,7084,5160,6883,7201,6154,6438,586,31,14
21372,0.191,Urban Minor Arterial,OSUNA, EAST OF SAN MATEO - WEST OF SEAGULL,35,2,13072,13362,10055,12328,12504,9400,11678,12217,10921,11530,2202,71,14
21420,0.41600001,Urban Minor Arterial,OSUNA, EAST OF SEAGULL - WEST OF SAN PEDRO,35,2,17308,17692,13314,16322,16555,12447,14880,15567,13915,14691,6111,197,40
21440,0.634,Urban Minor Arterial,SPAIN, EAST OF JUAN TABO - WEST OF LOWELL,40,2,9816,10034,6794,9258,9390,6352,8986,9877,8403,9321,5910,166,34
21444,0.73900002,Urban Principal Arterial,JUAN TABO, NORTH OF SPAIN - EAST OF EUBANK,40,4,13656,13227,9154,12879,12313,8455,11646,12525,10816,11589,8564,259,69
21488,0.46000001,Urban Principal Arterial,WYOMING, NORTH OF SPAIN - SOUTH OF ACADEMY,40,6,45761,46777,35201,43160,43545,32514,43409,45413,40316,42020,19329,630,200
21496,0.51599997,Urban Minor Arterial,SPAIN, EAST OF MORRIS - WEST OF JUAN TABO,35,2,7693,7864,5918,7255,7359,5533,7058,7134,6599,6733,3475,112,23
21504,1.01300001,Urban Major Collector,CAMINO DEL SOL, NORTHEAST OF SPAIN - WEST OF EUBANK,25,2,1679,1716,1291,1531,1558,1154,1540,1611,1376,1440,1460,72,19
21524,0.26800001,Urban Minor Arterial,SPAIN, EAST OF WYOMING - WEST OF CAMINO DEL SOL,30,2,11371,11623,8747,10723,10876,8178,10433,11033,9754,10412,2790,105,21
21508,0.755,Urban Minor Arterial,SPAIN, EAST OF CAMINO DEL SOL - WEST OF EUBANK,30,2,7748,7920,5960,7307,7412,5572,7108,7305,6646,6894,5204,195,40
21528,0.417,Urban Minor Arterial,SPAIN, EAST OF EUBANK - WEST OF MORRIS,30,2,13624,13926,10480,12848,13031,9798,9586,10029,8964,9465,3946,148,30
21536,0.435,Urban Principal Arterial,SAN MATEO, NORTH OF MCLEOD - SOUTH OF OSUNA,40,6,32473,29279,22034,30627,27256,20352,26280,30793,24407,28492,12394,415,139
21540,0.491,Urban Principal Arterial,2ND STREET, NORTH OF MONTANO - ALB. N.C.L.,45,4,21142,21279,14906,19940,19809,13768,19154,22810,17692,21106,10363,283,40
21548,0.54799998,Urban Minor Arterial,OSUNA, EAST OF SAN PEDRO - WEST OF LOUISIANA,35,2,11263,11513,8114,10622,10773,7586,10650,11142,9959,10515,5762,185,38
21552,0.25099999,Urban Principal Arterial,JUAN TABO, AT BEAR ARROYO CROSSING - SOUTH OF SPAIN,40,4,20570,20529,16195,19603,19564,14959,19316,20208,17842,18666,4428,130,32
21556,0.505,Urban Minor Arterial,OSUNA, EAST OF LOUISIANA - WEST OF PENNSYLVANIA,35,2,9323,10021,7541,8792,9377,7050,8994,7903,8411,7458,3766,121,24
21568,0.31900001,Urban Major Collector,MCLEOD, EAST OF PAN AMERICAN - WEST OF JEFFERSON,35,2,780,797,600,711,724,536,716,749,639,669,213,7,2
21572,0.41800001,Urban Major Collector,MCLEOD, EAST OF JEFFERSON - WEST OF SAN MATEO,35,4,12225,12776,9614,11146,11600,8596,11467,11997,10454,10937,4571,152,35
21576,0.17200001,Urban Principal Arterial,WYOMING, NORTH OF OSUNA - SOUTH OF SPAIN,40,6,46971,48014,36132,44301,44696,33374,41753,43681,38778,40417,6952,223,69
21580,0.51099998,Urban Minor Arterial,OSUNA, EAST OF PENNSYLVANIA - WEST OF WYOMING,35,2,21262,21734,16356,20051,20338,15291,8928,9340,8349,8814,4504,145,29
21620,0.91100001,Urban Principal Arterial,COORS, NORTH OF WESTERN TRAIL - SOUTH OF DELLYNE,45,6,51809,52682,42497,48864,50353,39253,49989,50628,46173,46763,40263,912,38
21656,0.44499999,Urban Major Collector,MORRIS, NORTH OF TVI - SOUTH OF SPAIN,30,2,6692,6841,5148,6101,6211,4603,6140,6424,5490,5744,2556,105,28
21596,0.26899999,Urban Principal Arterial,EUBANK, NORTH OF LAGRIMA DE ORO - SOUTH OF OSUNA,40,4,26912,27509,20702,25382,25608,19122,24963,26116,23184,24165,6500,195,51
21748,0.61900002,Urban Principal Arterial,MONTGOMERY, EAST OF CARLISLE - WEST OF JEFFERSON,35,6,44330,45300,34020,41810,42170,31423,40491,42361,37606,39196,24262,847,221
21752,0.528,Urban Principal Arterial,SAN MATEO, NORTH OF MONTGOMERY - SOUTH OF MCLEOD,40,6,34916,35692,26859,32932,33226,24809,30824,32247,28628,29837,15754,529,179
21756,0.38,Urban Principal Arterial,MONTGOMERY, EAST OF JEFFERSON - WEST OF SAN MATEO,35,6,42254,41660,31351,39852,38782,28958,33447,44836,31064,41486,15764,550,143
21764,0.5,Urban Principal Arterial,MONTGOMERY, EAST OF SAN MATEO - WEST OF SAN PEDRO,35,6,38617,39453,29690,36422,36727,27424,35411,40290,32888,37279,18640,650,169
21768,0.52700001,Urban Minor Arterial,LOUISIANA, NORTH OF MONTGOMERY - SOUTH OF OSUNA,35,4,9086,9172,8413,8569,8584,7865,9729,8710,9098,8220,4332,148,40
21772,0.509,Urban Principal Arterial,MONTGOMERY, EAST OF SAN PEDRO - WEST OF LOUISIANA,40,6,37272,38099,28671,35153,35467,26483,35070,36689,32571,33947,17279,527,137
21776,0.53200001,Urban Major Collector,PENNSYLVANIA, NORTH OF MONTGOMERY - SOUTH OF OSUNA,25,2,4282,4376,3294,3904,3974,2945,3929,4110,3513,3675,1955,96,26
21780,0.498,Urban Principal Arterial,MONTGOMERY, EAST OF LOUISIANA - WEST OF PENNSYLVANIA,40,6,39578,40457,30445,37328,37662,28121,36645,38337,34034,35472,17665,539,140
21784,0.46799999,Urban Principal Arterial,WYOMING, NORTH OF MONTGOMERY - SOUTH OF OSUNA,40,6,42938,36075,33809,40920,40085,31228,31755,41200,37301,38160,17260,555,171
21788,0.50199997,Urban Principal Arterial,MONTGOMERY, EAST OF PENNSYLVANIA - WEST OF WYOMING,40,6,35830,32627,24553,33793,30373,22679,29284,36271,27197,33561,16848,514,134
21792,0.50099999,Urban Principal Arterial,MONTGOMERY, EAST OF WYOMING - WEST OF MOON,40,6,33814,34005,29325,31892,31655,27087,37027,34557,34389,31975,16019,489,127
21796,0.21699999,Urban Major Collector,MORRIS, NORTH OF MONTGOMERY - SOUTH OF TVI,30,2,14858,11362,8550,13617,10316,7645,10198,6480,9297,5875,1275,52,14
21800,0.138,Urban Principal Arterial,EUBANK, NORTH OF MONTGOMERY - SOUTH OF LAGRIMA DE ORO,40,4,27795,28062,21118,26215,26123,19506,25187,27640,23392,25575,3529,107,29
21804,0.49900001,Urban Principal Arterial,MONTGOMERY, EAST OF MOON - WEST OF EUBANK,40,6,27907,28526,21467,26321,26555,19828,31180,32620,28958,30183,15061,460,120
21808,0.5,Urban Principal Arterial,MONTGOMERY, EAST OF EUBANK - WEST OF MORRIS,40,6,29214,28213,21231,27553,26264,19610,25322,31502,23518,29148,14574,445,116
21812,0.57800001,Urban Minor Arterial,4TH STREET, NORTH OF GRIEGOS - SOUTH OF MONTANO,30,4,19198,19323,13536,18105,18082,12655,20856,21775,19504,20550,11878,484,137
21820,0.53600001,Urban Principal Arterial,JUAN TABO, NORTH OF MONTGOMERY - AT BEAR ARROYO CROSSING,40,4,21010,21476,16162,19816,19992,14928,18789,19657,17450,18188,9749,287,70
21824,0.5,Urban Principal Arterial,MONTGOMERY, EAST OF MORRIS - WEST OF JUAN TABO,40,6,24472,25015,18825,23081,23287,17388,23108,24175,21461,22369,11184,342,89
21828,0.54699999,Urban Principal Arterial,MONTGOMERY, EAST OF JUAN TABO - WEST OF BERMUDA,40,6,20470,20020,18036,19306,18637,16659,18550,19997,17228,18503,10122,309,80
21836,0.454,Urban Principal Arterial,MONTGOMERY, EAST OF BERMUDA - WEST OF TRAMWAY,40,6,14839,14116,10623,13996,13141,9812,12670,13255,11767,12310,5589,171,44
21840,0.588,Urban Principal Arterial,2ND STREET, NORTH OF GRIEGOS - SOUTH OF MONTANO,40,4,21248,21386,16674,20040,19908,15402,19695,20562,18292,19026,11187,328,79
21848,0.47099999,Urban Minor Collector,MONTGOMERY, EAST OF TRAMWAY - WEST OF CAMINO DE LA SIERRA,30,4,15433,15776,11872,14071,14324,10616,14120,14772,12873,13392,6308,212,41
21856,0.46700001,Urban Principal Arterial,COORS, NORTH OF ST. JOSEPHS - SOUTH OF WESTERN TRAIL,45,6,51004,52517,35241,48105,48888,32551,49273,48552,45762,44924,20980,474,21
21868,0.662,Urban Minor Arterial,EDITH BLVD., NORTH OF GRIEGOS - SOUTH OF MONTANO,35,4,13252,13338,9343,12497,12481,8735,13483,14077,12609,13285,8795,307,86
21880,0.85699999,Urban Minor Arterial,RIO GRANDE BLVD., NORTH OF CANDELARIA - SOUTH OF GRIEGOS,35,2,10616,10685,7515,10011,9999,7026,9128,9274,8536,8752,7500,262,74
21884,0.40799999,Urban Minor Arterial,SAN PEDRO, NORTH OF COMANCHE - SOUTH OF MONTGOMERY,30,2,9448,9425,7110,8910,8820,6647,8422,8532,7874,7977,3255,133,37
21888,0.22400001,Urban Major Collector,COMANCHE, EAST OF POJOAQUE - WEST OF SAN PEDRO,30,3,9573,9601,7265,8855,8881,6496,8606,8719,7695,7796,1746,56,1
21956,0.49700001,Urban Minor Arterial,CARLISLE, NORTH OF COMANCHE - SOUTH OF MONTGOMERY,35,6,22382,22326,16843,21107,20892,15746,19586,19842,18316,18726,9307,299,66
21964,0.498,Urban Minor Arterial,LOUISIANA, NORTH OF COMANCHE - SOUTH OF MONTGOMERY,35,4,17552,17508,13208,16552,16383,12348,13960,14143,13055,13347,6647,213,47
21968,0.49900001,Urban Major Collector,COMANCHE, EAST OF SAN PEDRO - WEST OF LOUISIANA,35,4,10557,10424,6674,9625,9465,5968,8524,8699,7771,7886,3935,124,26
21972,0.49200001,Urban Principal Arterial,WYOMING, NORTH OF COMANCHE - SOUTH OF MONTGOMERY,40,6,35787,35698,26931,33753,33231,24875,35295,35756,32780,33084,16278,501,139
21976,0.505,Urban Major Collector,COMANCHE, EAST OF WYOMING - WEST OF MOON,35,4,13878,13843,10443,12653,12569,9338,12138,12297,11066,11148,5630,167,17
21980,0.49000001,Urban Principal Arterial,JUAN TABO, NORTH OF COMANCHE - SOUTH OF MONTGOMERY,40,6,28481,28410,21433,26862,26447,19797,27362,27720,25412,25649,12568,386,107
21984,0.5,Urban Major Collector,COMANCHE, EAST OF MORRIS - WEST OF JUAN TABO,35,4,8997,8975,6771,8203,8149,6054,8021,8635,7171,7828,3914,118,21
21988,0.49700001,Urban Major Collector,MORRIS, NORTH OF COMANCHE - SOUTH OF MONTGOMERY,35,2,7340,7322,5524,6692,6648,4939,6544,6630,5851,5927,2946,104,28
21992,0.345,Urban Major Collector,COMANCHE, EAST OF SAN MATEO - WEST OF POJOAQUE,30,2,9194,9171,6919,8383,8327,6187,8196,8303,7329,7425,2562,81,2
21996,0.52700001,Urban Principal Arterial,SAN MATEO, NORTH OF COMANCHE - SOUTH OF MONTGOMERY,40,6,27346,27278,20579,25792,25393,19008,34624,35077,32157,32456,17104,542,162
22000,0.49700001,Urban Major Collector,COMANCHE, EAST OF EUBANK - WEST OF MORRIS,35,4,12617,12586,9267,11503,11428,8286,10455,11526,9532,10449,5194,157,28
22004,0.498,Urban Principal Arterial,EUBANK, NORTH OF COMANCHE - SOUTH OF MONTGOMERY,40,6,30318,26167,19741,28595,24359,18234,23384,28497,21718,26368,13132,397,106
22012,0.498,Urban Major Collector,COMANCHE, EAST OF MOON - WEST OF EUBANK,35,4,11803,11774,8882,10761,10690,7942,10521,10659,9408,9531,4746,140,13
22024,0.498,Urban Principal Arterial,TRAMWAY, SOUTH OF MONTGOMERY - NORTH OF COMANCHE,50,4,30131,30056,22675,28418,27979,20944,26785,27135,24876,25107,12503,292,65
22032,0.57800001,Urban Minor Collector,CAMINO DE LA SIERRA, NORTH OF COMANCHE - SOUTH OF MONTGOMERY,25,2,737,735,461,672,667,412,436,442,397,401,232,9,2
22036,0.45899999,Urban Minor Collector,COMANCHE, EAST OF TRAMWAY - WEST OF CAMINO DE LA SIERRA,25,2,574,878,662,523,797,592,784,794,715,724,333,13,3
22040,0.736,Urban Major Collector,12TH STREET, NORTH OF CANDELARIA - SOUTH OF GRIEGOS,35,2,4311,4339,3040,3931,3940,2718,3906,4078,3493,3647,2685,94,26
22052,0.56,Urban Major Collector,PENNSYLVANIA, NORTH OF COMANCHE - SOUTH OF MONTGOMERY,25,2,5733,5719,4315,5227,5193,3858,5111,5537,4570,5020,2812,139,38
22056,0.51599997,Urban Major Collector,COMANCHE, EAST OF LOUISIANA - WEST OF PENNSYLVANIA,35,4,10028,10003,7546,9143,9082,6747,8939,8755,7992,7937,4095,121,5
22060,0.523,Urban Major Collector,COMANCHE, EAST OF PENNSYLVANIA - WEST OF WYOMING,35,4,8058,8038,6064,7347,7298,5422,7183,7277,6423,6507,3404,101,5
22104,0.72500002,Urban Minor Arterial,4TH STREET, NORTH OF CANDELARIA - SOUTH OF GRIEGOS,35,4,14800,17157,12019,13957,16055,11237,15444,17089,14443,16127,11693,408,115
22120,0.76599997,Urban Principal Arterial,2ND STREET, NORTH OF CANDELARIA - SOUTH OF GRIEGOS,45,4,18313,18432,12912,17272,17158,11926,17401,18167,16161,16809,12876,359,102
22128,0.215,Urban Major Collector,ATRISCO (57TH ST.), NORTH OF REDLANDS - SOUTH OF SEQUOIA,30,4,7348,7566,6027,6699,6870,5389,7090,7181,6339,6420,1380,57,15
22152,0.76800001,Urban Minor Arterial,EDITH BLVD., NORTH OF CANDELARIA - SOUTH OF GRIEGOS,35,2,14198,13213,9256,13389,12364,8653,11894,13989,11123,13202,10139,354,100
22160,0.49599999,Urban Minor Arterial,CARLISLE, NORTH OF CANDELARIA - SOUTH OF COMANCHE,35,5,23042,22984,17059,21730,21508,15948,19550,19452,18282,18358,9106,305,77
22164,0.46900001,Urban Principal Arterial,SAN MATEO, NORTH OF CANDELARIA - SOUTH OF COMANCHE,40,6,33563,28152,21238,31655,26207,19617,25158,35700,23365,30688,14393,477,157
22168,1.00399995,Urban Principal Arterial,CANDELARIA, EAST OF CARLISLE - WEST OF SAN MATEO,35,4,17334,17291,13045,16349,16096,12049,15166,15364,14085,14216,14274,426,44
22172,0.59799999,Urban Minor Arterial,SAN PEDRO, NORTH OF CANDELARIA - SOUTH OF COMANCHE,30,2,9790,9766,7368,9232,9139,6888,8728,8842,8159,8266,4943,201,57
22176,0.491,Urban Minor Arterial,LOUISIANA, NORTH OF CANDELARIA - SOUTH OF COMANCHE,35,4,16592,16551,12486,15647,15488,11673,16360,16574,15299,15641,7679,230,30
22180,0.495,Urban Minor Arterial,CANDELARIA, EAST OF SAN PEDRO - WEST OF LOUISIANA,35,4,17723,17679,13337,16714,16543,12469,13713,13892,12824,13110,6489,199,37
22184,0.49700001,Urban Minor Arterial,CANDELARIA, EAST OF SAN MATEO - WEST OF SAN PEDRO,35,4,16654,16613,12533,15706,15546,11717,14459,14648,13521,13824,6871,211,39
22188,0.428,Urban Major Collector,PENNSYLVANIA, NORTH OF CANDELARIA - SOUTH OF COMANCHE,25,2,7992,10127,7640,7287,9195,6831,9050,7598,8251,6888,2948,145,39
22196,0.51200002,Urban Minor Arterial,CANDELARIA, EAST OF LOUISIANA - WEST OF PENNSYLVANIA,35,4,16623,16582,12510,15676,15517,11696,16984,17206,15883,16238,8314,248,30
22200,0.50800002,Urban Minor Arterial,CANDELARIA, EAST OF PENNSYLVANIA - WEST OF WYOMING,35,4,18040,20405,12611,17013,19094,11790,14939,15626,13970,14747,7491,224,26
22204,0.49599999,Urban Major Collector,MOON, NORTH OF CANDELARIA - SOUTH OF COMANCHE,25,2,2933,2926,2207,2674,2657,1973,2614,2648,2337,2368,1175,58,16
22208,0.5,Urban Minor Arterial,CANDELARIA, EAST OF WYOMING - WEST OF MOON,35,4,16198,16158,12190,15276,15120,11396,16314,16527,15256,15597,7798,244,41
22212,0.498,Urban Major Collector,MORRIS, NORTH OF CANDELARIA - SOUTH OF COMANCHE,35,2,5785,5771,4354,5274,5240,3893,5158,5225,4612,4672,2327,82,22
22216,0.51700002,Urban Minor Arterial,CANDELARIA, EAST OF JUAN TABO - WEST OF CHELWOOD,35,4,13338,13305,10038,12578,12450,9384,11891,12046,11116,11261,5822,188,42
22220,0.50300002,Urban Principal Arterial,JUAN TABO, NORTH OF CANDELARIA - SOUTH OF COMANCHE,40,6,28048,27978,21107,26454,26045,19496,25330,25661,23525,23744,11943,365,100
22224,0.49900001,Urban Minor Arterial,CANDELARIA, EAST OF MORRIS - WEST OF JUAN TABO,35,4,30828,30751,23199,29072,28776,21689,27481,13966,25692,13180,6577,203,15
22228,0.5,Urban Principal Arterial,EUBANK, NORTH OF CANDELARIA - SOUTH OF COMANCHE,40,6,30846,31010,23394,29093,28867,21608,27712,30910,25737,28600,14300,428,110
22232,0.50199997,Urban Minor Arterial,CANDELARIA, EAST OF MOON - WEST OF EUBANK,35,4,16265,16225,12240,15339,15183,11443,14833,15027,13871,14181,7119,223,37
22236,0.49700001,Urban Minor Arterial,CANDELARIA, EAST OF EUBANK - WEST OF MORRIS,35,4,18976,18929,14280,17895,17713,13350,16599,16816,15523,15870,7888,243,18
22240,0.204,Urban Minor Collector,ATRISCO (57TH ST.), NORTH OF QUAIL - SOUTH OF REDLANDS,35,4,14322,14747,11748,13058,13390,10505,8855,8968,8073,8130,1659,48,9
22252,0.53600001,Urban Minor Collector,CAMINO DE LA SIERRA, NORTH OF CANDELARIA - SOUTH OF COMANCHE,25,2,728,726,578,664,659,516,719,728,656,660,354,14,3
22264,0.542,Urban Principal Arterial,TRAMWAY, SOUTH OF COMANCHE - NORTH OF CANDELARIA,50,4,29564,29491,22248,27883,27453,20550,26029,26369,24174,24399,13224,307,67
22268,0.50599998,Urban Minor Arterial,CANDELARIA, EAST OF CHELWOOD - WEST OF TRAMWAY,30,4,7003,6986,5270,6604,6537,4927,6243,6325,5836,5912,2991,97,5
22272,0.458,Urban Minor Collector,CANDELARIA, EAST OF TRAMWAY - WEST OF CAMINO DE LA SIERRA,30,2,879,877,662,801,796,592,784,794,701,710,325,11,2
22356,0.206,Urban Minor Collector,ATRISCO (57TH ST.), NORTH OF OURAY - SOUTH OF QUAIL,30,3,10372,10680,8508,9457,9697,7608,9263,9381,8445,8505,1752,59,11
22384,0.62900001,Urban Minor Arterial,4TH STREET, NORTH OF MENAUL - SOUTH OF CANDELARIA,30,4,20516,20649,14465,19348,19323,13523,18587,15818,17377,14928,9390,382,108
22412,0.61199999,Urban Principal Arterial,2ND STREET, NORTH OF MENAUL - SOUTH OF CANDELARIA,45,4,18181,18299,12819,17148,17035,11841,16330,17049,15166,15775,9654,253,59
22420,0.565,Urban Minor Arterial,BROADWAY, NORTH OF MENAUL - SOUTH OF CANDELARIA,35,4,8761,8818,6177,8262,8252,5775,7937,8287,7421,7748,4378,137,28
22424,0.25799999,Urban Principal Arterial,MENAUL, EAST OF 2ND ST. - WEST OF BROADWAY,35,6,20380,20512,14369,19222,19095,13272,17761,18543,16495,17157,4427,166,56
22432,0.50099999,Urban Minor Arterial,CARLISLE, NORTH OF MENAUL - SOUTH OF CANDELARIA,35,6,26733,26667,20118,25211,24954,18808,26769,27119,25033,25593,12822,477,157
22460,0.48300001,Urban Principal Arterial,MENAUL, EAST OF CARLISLE - WEST OF WASHINGTON,45,4,30426,30350,22897,28696,28253,21149,25049,25376,23264,23480,11341,351,125
22476,0.505,Urban Principal Arterial,SAN MATEO, NORTH OF MENAUL - SOUTH OF CANDELARIA,35,5,33819,35109,26487,31897,32683,24465,31376,25610,29140,23696,11966,423,123
22480,0.52700001,Urban Principal Arterial,MENAUL, EAST OF WASHINGTON - WEST OF SAN MATEO,35,6,30043,29968,22608,28335,27897,20882,23461,23768,21789,21992,11590,359,69
22488,0.49900001,Urban Major Collector,PENNSYLVANIA, NORTH OF MENAUL - SOUTH OF CANDELARIA,25,2,7206,7188,5423,6570,6526,4849,6424,6508,5744,5819,2904,143,39
22492,0.50800002,Urban Principal Arterial,MENAUL, EAST OF PENNSYLVANIA - WEST OF WYOMING,35,6,29345,28293,21345,27677,26338,19716,25284,25615,23482,23789,12085,369,46
22496,0.43000001,Urban Principal Arterial,TRAMWAY, SOUTH OF CANDELARIA - NORTH OF MENAUL,50,4,26956,26889,20285,25424,25031,18737,26268,26611,24396,24623,10588,246,54
22500,0.50300002,Urban Minor Arterial,SAN PEDRO, NORTH OF MENAUL - SOUTH OF CANDELARIA,35,4,12731,12699,9580,12006,11883,8956,12023,12180,11243,11495,5781,202,57
22504,0.49599999,Urban Principal Arterial,MENAUL, EAST OF SAN MATEO - WEST OF SAN PEDRO,40,6,31519,31441,23720,29727,29269,21909,26895,27247,24979,25211,12504,409,131
22508,0.50300002,Urban Minor Arterial,LOUISIANA, NORTH OF MENAUL - SOUTH OF CANDELARIA,35,5,16612,20045,15122,15666,18757,14137,17913,18147,16752,16971,8536,268,55
22512,0.49399999,Urban Principal Arterial,MENAUL, EAST OF SAN PEDRO - WEST OF LOUISIANA,35,6,28467,28396,21422,26849,26434,19787,22141,22430,20563,20754,10252,337,80
22516,0.509,Urban Principal Arterial,MENAUL, EAST OF LOUISIANA - WEST OF PENNSYLVANIA,35,6,27865,27796,22480,26281,25875,20764,25520,27036,23701,25016,12733,388,48
22520,0.491,Urban Major Collector,MOON, NORTH OF MENAUL - SOUTH OF CANDELARIA,30,2,3811,3802,2868,3475,3452,2564,3397,3441,3037,3077,1511,62,17
22524,0.50400001,Urban Principal Arterial,MENAUL, EAST OF WYOMING - WEST OF MOON,35,5,24016,22433,17844,22651,20883,16482,22228,22519,20644,20836,10501,307,33
22544,0.498,Urban Principal Arterial,EUBANK, NORTH OF MENAUL - SOUTH OF CANDELARIA,40,6,34296,29997,22630,32347,27924,20903,26807,30789,24897,28488,14188,450,134
22548,0.50400001,Urban Principal Arterial,MENAUL, EAST OF MOON - WEST OF EUBANK,40,5,20539,23311,17586,19371,21700,16244,20832,21321,19348,19728,9942,294,73
22552,0.50400001,Urban Major Collector,MORRIS, NORTH OF MENAUL - SOUTH OF CANDELARIA,30,2,8456,8435,6363,7710,7659,5690,7537,7636,6740,6828,3441,141,38
22556,0.48800001,Urban Principal Arterial,MENAUL, EAST OF EUBANK - WEST OF MORRIS,40,4,20096,21279,16020,18954,19809,14797,19662,19308,18261,17865,8718,268,74
22560,0.509,Urban Principal Arterial,JUAN TABO, NORTH OF MENAUL - SOUTH OF CANDELARIA,40,4,24293,24233,18282,22912,22559,16887,27995,28361,26000,26242,13357,422,125
22564,0.50599998,Urban Principal Arterial,MENAUL, EAST OF MORRIS - WEST OF JUAN TABO,35,4,17718,19243,14517,16711,17913,13409,17196,17421,15971,16180,8188,252,47
22568,0.51599997,Urban Major Collector,CHELWOOD, NORTH OF MENAUL - SOUTH OF CANDELARIA,35,2,4485,4474,3375,4089,4062,3018,3998,4050,3575,3622,1869,66,18
22576,0.514,Urban Principal Arterial,MENAUL, EAST OF JUAN TABO - WEST OF CHELWOOD,40,4,13776,14615,10446,12993,13605,9649,11877,14597,11031,13506,6942,219,64
23328,0.25400001,Urban Minor Arterial,12TH STREET,NORTH OF INDIAN SCHOOL RD. - SOUTH OF MENUAL,35,4,12689,12771,8946,11966,11951,8364,9628,10052,9004,9486,2410,84,24
22928,0.189,Urban Principal Arterial,EUBANK, NORTH OF SNOWHEIGHTS CIR. - SOUTH OF MENAUL,40,6,31524,31446,23723,29732,29273,21912,28101,29116,25956,26940,5092,166,53
23172,0.53500003,Urban Minor Collector,MENAUL, EAST OF TRAMWAY - NORTHWEST OF MONTE LARGO,35,3,2829,1895,1430,2579,1721,1279,1694,1716,1544,1564,836,24,5
23271,0.602,Urban Principal Arterial,UNSER BLVD.,NORTH OF TIERRA PINTADA BLVD. - SOUTH OF BOB MCCANNON,45,6,22603,23274,20474,21318,21666,18912,26359,26696,24481,24701,14870,348,49
23488,0.152,Urban Minor Arterial,CARLISLE, NORTH OF INDIAN SCHOOL - SOUTH OF I-40 S. RAMPS,35,6,35883,27252,26046,33839,25501,24350,31472,32163,29431,30353,4614,175,59
23492,0.5,Urban Minor Arterial,INDIAN SCHOOL, EAST OF GIRARD - WEST OF CARLISLE,40,4,14159,14124,10655,13353,13217,9961,11488,11638,10743,10983,5491,166,44
23500,0.505,Urban Minor Arterial,INDIAN SCHOOL, EAST OF CARLISLE - WEST OF WASHINGTON,35,4,11036,11009,8305,10408,10302,7764,9879,10008,9238,9445,4769,156,37
23508,0.498,Urban Principal Arterial,WYOMING, NORTH OF INDIAN SCHOOL - SOUTH OF MENAUL,40,6,35978,32048,30911,33933,29834,28552,30650,36931,28466,34171,17018,584,206
23512,0.498,Urban Minor Arterial,INDIAN SCHOOL, EAST OF WASHINGTON - WEST OF SAN MATEO,40,4,7452,7433,5530,7028,6956,5170,6457,6541,6038,6173,3074,101,33
23516,0.509,Urban Minor Arterial,INDIAN SCHOOL, EAST OF PENNSYLVANIA - WEST OF WYOMING,30,2,13942,13907,10492,13148,13014,9809,12321,12482,11522,11780,5997,225,46
23520,0.50199997,Urban Major Collector,PENNSYLVANIA, NORTH OF INDIAN SCHOOL - SOUTH OF MENAUL,30,2,9359,9336,7043,8533,8477,6298,8343,8452,7460,7558,3795,156,42
23532,0.131,Urban Principal Arterial,LOUISIANA, NORTH OF INDIAN SCHOOL - SOUTH OF UPTOWN,35,8,32500,32419,24457,30653,30179,22590,30841,31244,28643,28909,3787,131,37
23540,0.50199997,Urban Major Collector,MOON, NORTH OF INDIAN SCHOOL - SOUTH OF MENAUL,30,2,4699,4687,3536,4284,4256,3162,4189,4244,3746,3795,1904,78,21
23544,0.50800002,Urban Minor Arterial,INDIAN SCHOOL, EAST OF WYOMING - WEST OF MOON,30,4,12250,12220,9219,11552,11435,8619,10987,11131,10275,10505,5337,200,41
23548,0.31,Urban Principal Arterial,EUBANK, NORTH OF INDIAN SCHOOL - SOUTH OF SNOWHEIGHTS CIR.,40,6,33334,33313,26250,31439,31011,24246,32732,30809,30400,28507,8837,287,90
23552,0.505,Urban Minor Arterial,INDIAN SCHOOL, EAST OF MOON - WEST OF EUBANK,35,4,8873,8851,6677,8368,8282,6242,7909,8012,7394,7491,3782,122,25
23564,0.50800002,Urban Major Collector,MORRIS, NORTH OF INDIAN SCHOOL - SOUTH OF MENAUL,30,2,5183,5170,3900,4726,4694,3487,4620,4680,4131,4185,2126,87,24
23568,0.49000001,Urban Minor Arterial,INDIAN SCHOOL, EAST OF EUBANK - WEST OF MORRIS,35,2,9759,9735,7344,9203,9110,6866,8699,8813,8133,8239,4037,130,26
23572,0.509,Urban Principal Arterial,JUAN TABO, NORTH OF INDIAN SCHOOL - SOUTH OF MENAUL,40,6,29379,29306,22109,27709,27281,20421,30758,31160,28566,28832,14676,435,109
23576,0.50400001,Urban Minor Arterial,INDIAN SCHOOL, EAST OF MORRIS - WEST OF JUAN TABO,35,2,8822,8800,6639,8320,8235,6207,7864,7967,7353,7449,3754,121,24
23592,0.53600001,Urban Major Collector,CHELWOOD, NORTH OF INDIAN SCHOOL - SOUTH OF MENAUL,35,2,6066,6051,4565,5531,5494,4082,5408,5479,4835,4898,2625,92,25
23596,0.50999999,Urban Minor Arterial,INDIAN SCHOOL, EAST OF JUAN TABO - WEST OF CHELWOOD,35,2,7016,6999,5280,6616,6549,4936,6254,6336,5847,5923,3020,97,20
23612,0.214,Urban Major Collector,ATRISCO (SOUTH), NORTHWEST OF HANOVER - SOUTHEAST OF ILIFF,35,2,9996,10537,8551,9114,9567,7646,10659,9093,9718,8244,1764,62,17
23640,0.414,Urban Minor Arterial,12TH STREET, NORTH OF SAWMILL - S. OF I-40 S. FRONTAGE RD.,30,4,14335,13885,9428,13519,12993,8814,11267,11438,10536,10794,4468,182,51
23652,0.88999999,Urban Minor Arterial,INDIAN SCHOOL, EAST OF UNIVERSITY - WEST OF GIRARD,40,4,8657,8635,6514,8164,8080,6090,7716,7817,7214,7308,6504,196,52
23660,0.414,Urban Minor Arterial,RIO GRANDE BLVD., NORTH OF MOUNTAIN - SOUTH OF I-40 S. RAMPS,35,4,35960,36155,23652,33912,34160,22112,29386,30065,27473,28373,11747,410,116
23668,0.36199999,Urban Minor Arterial,INDIAN SCHOOL, EAST OF BROADWAY - WEST OF LOCUST,35,2,1381,1422,889,1313,1352,831,1105,1122,1032,1048,0,0,0
23716,0.215,Urban Major Collector,YUCCA(PALISADES), NORTH OF GLENRIO - SOUTHWEST OF ATRISCO (S.),30,2,1700,1724,1399,1550,1565,1251,1744,1591,1559,1422,306,13,3
23796,0.287,Urban Minor Arterial,12TH STREET, NORTH OF MOUNTAIN - SOUTH OF SAWMILL,30,2,7696,10576,6638,7258,9897,6206,7976,8952,7459,8448,2425,99,28
23820,0.389,Urban Major Collector,MOUNTAIN ROAD, EAST OF 12TH ST. - WEST OF 6TH ST.,25,2,6698,6488,4576,6107,5891,4092,5897,5986,5376,5427,2111,97,27
23824,0.426,Urban Major Collector,ATRISCO (SOUTH), NORTH OF LA BAJADA - SOUTHEAST OF HANOVER,35,4,10694,10458,8487,9750,9496,7589,11370,10370,10366,9401,4005,141,38
23840,0.25099999,Urban Minor Arterial,RIO GRANDE BLVD., NORTH OF CENTRAL - SOUTH OF MOUNTAIN,30,4,15201,14724,9998,14335,13778,9347,17865,18135,16707,17115,4296,175,49
23864,0.463,Urban Major Collector,PENNSYLVANIA, NORTH OF CONSTITUTION - SOUTH OF INDIAN SCHOOL,35,2,10271,10245,7729,9364,9302,6911,9358,9480,8532,8594,3979,140,38
23888,0.56400001,Urban Minor Arterial,INDIAN SCHOOL, EAST OF CHELWOOD - NORTHWEST OF CONSTITUTION,35,2,5460,5446,4109,5149,5096,3841,4867,4931,4550,4609,2599,84,17
23892,0.49900001,Urban Minor Arterial,CARLISLE, NORTH OF CONSTITUTION - SOUTH OF INDIAN SCHOOL,35,4,24535,24474,18464,23138,22902,17262,19666,19923,18391,18802,9383,304,70
23896,0.505,Urban Major Collector,GIRARD, NORTH OF CONSTITUTION - SOUTH OF INDIAN SCHOOL,30,2,6923,6906,5210,6312,6270,4659,6172,6253,5519,5591,2824,105,10
23904,0.493,Urban Major Collector,CONSTITUTION, EAST OF GIRARD - WEST OF CARLISLE,30,2,5420,5407,4079,4942,4909,3647,4832,4895,4320,4376,2158,85,24
23912,0.49700001,Urban Major Collector,WASHINGTON, NORTH OF CONSTITUTION - SOUTH OF INDIAN SCHOOL,30,2,8050,8030,6058,7340,7291,5417,7176,7270,6417,6501,3231,133,36
23916,0.51599997,Urban Major Collector,CONSTITUTION, EAST OF CARLISLE - WEST OF WASHINGTON,30,2,7349,7331,5531,6700,6656,4946,6552,6638,5859,5936,3063,116,29
23936,0.50199997,Urban Principal Arterial,SAN MATEO, NORTH OF CONSTITUTION - SOUTH OF INDIAN SCHOOL,40,6,37116,37024,27811,35006,34466,25688,37483,35329,34812,32689,16409,495,130
23940,0.50800002,Urban Major Collector,CONSTITUTION, EAST OF WASHINGTON - WEST OF SAN MATEO,30,2,5167,5154,3888,4711,4680,3477,4606,4666,4119,4173,2120,81,20
23944,0.495,Urban Major Collector,CONSTITUTION, EAST OF SAN MATEO - WEST OF SAN PEDRO,30,2,4294,4283,3231,3915,3889,2889,3827,3877,3422,3467,1716,68,19
23960,0.47400001,Urban Major Collector,MORRIS, NORTH OF CONSTITUTION - SOUTH OF INDIAN SCHOOL,25,2,4318,4307,3249,3937,3911,2905,3849,4067,3441,3687,1748,86,23
23968,0.145,Urban Minor Arterial,INDIAN SCHOOL, EAST OF CONSTITUTION - WEST OF TRAMWAY,35,4,7796,7777,5867,7352,7277,5485,6950,7041,6497,6582,954,31,6
23972,0.32300001,Urban Principal Arterial,BROADWAY,NORTH OF MOUNTAIN - SOUTH OF ODELIA,35,4,18854,18262,13986,17782,17000,12918,12698,12890,11793,11927,3853,146,49
23976,0.26699999,Urban Major Collector,MOUNTAIN ROAD, EAST OF 2ND ST. - WEST OF BROADWAY,25,2,6003,5815,3949,5473,5280,3531,4906,4980,4387,4453,1189,51,11
23980,0.51200002,Urban Principal Arterial,WYOMING, NORTH OF CONSTITUTION - SOUTH OF INDIAN SCHOOL,40,6,33376,33293,25117,31479,30993,23200,31718,32133,29458,29732,15222,472,133
23988,0.50099999,Urban Major Collector,CONSTITUTION, EAST OF SAN PEDRO - WEST OF LOUISIANA,30,2,3823,3813,2877,3486,3462,2573,3408,3453,3048,3088,1548,61,17
23992,0.51899999,Urban Major Collector,CONSTITUTION, EAST OF PENNSYLVANIA - WEST OF WYOMING,30,2,5186,5173,3903,4728,4697,3490,4623,4683,4134,4188,2174,87,25
23996,0.25400001,Urban Minor Collector,INDIAN SCHOOL, EAST OF TRAMWAY - WEST OF MONTE LARGO,35,2,4255,4244,3202,3879,3853,2863,3793,3843,3391,3435,872,25,5
24000,0.505,Urban Major Collector,MOON, NORTH OF CONSTITUTION - SOUTH OF INDIAN SCHOOL,30,2,2357,2351,1774,2149,2135,1586,2101,2128,1879,1904,962,39,11
24004,0.51099998,Urban Major Collector,CONSTITUTION, EAST OF WYOMING - WEST OF MOON,35,2,7711,7692,5803,7030,6984,5189,6874,6964,6147,6227,3183,106,27
24012,0.45899999,Urban Major Collector,CONSTITUTION, EAST OF EUBANK - WEST OF MORRIS,30,2,6183,7975,6016,5637,7241,5379,7126,7219,6497,6582,3021,110,23
24016,0.50999999,Urban Major Collector,CONSTITUTION, EAST OF MOON - WEST OF EUBANK,35,2,6105,6921,5925,5566,6284,5298,6565,7474,5985,6776,3456,116,8
24052,0.50700003,Urban Major Collector,CHELWOOD, NORTH OF CONSTITUTION - SOUTH OF INDIAN SCHOOL,35,2,4486,4475,3376,4090,4063,3019,3999,4051,3576,3623,1837,65,17
24056,0.396,Urban Major Collector,CONSTITUTION, EAST OF CHELWOOD - SOUTHWEST OF INDIAN SCHOOL,35,2,2877,2870,2165,2623,2606,1936,2565,2599,2293,2323,920,35,12
24068,0.50300002,Urban Major Collector,CONSTITUTION, EAST OF JUAN TABO - WEST OF CHELWOOD,35,4,4889,4877,3679,4458,4428,3290,4358,4415,3897,3948,1986,76,26
24076,0.55400002,Urban Major Collector,CONSTITUTION, EAST OF MORRIS - WEST OF JUAN TABO,30,2,5279,5788,4367,4813,5255,3905,5173,5241,4716,4778,2646,96,20
24096,0.243,Urban Minor Arterial,12TH STREET, NORTH OF LOMAS - SOUTH OF MOUNTAIN,30,2,10524,10194,6922,9925,9539,6471,8600,7731,8040,7296,1773,72,20
24156,0.273,Urban Minor Arterial,6TH STREET, NORTH OF LOMAS - SOUTH OF MOUNTAIN,30,2,8770,5077,3447,8271,4751,3223,4283,4348,4005,4066,1110,47,16
24168,0.27500001,Urban Minor Arterial,5TH STREET, NORTH OF LOMAS - SOUTH OF MOUNTAIN,30,2,5942,5756,4147,5604,5386,3877,5449,5531,5096,5220,1436,55,14
24184,0.27500001,Urban Minor Arterial,4TH STREET, NORTH OF LOMAS - SOUTH OF MOUNTAIN,30,2,10712,10376,7046,10102,9709,6587,5806,5894,5430,5562,1529,62,18
24204,0.27500001,Urban Principal Arterial,3RD STREET, NORTH OF LOMAS - SOUTH OF MOUNTAIN,35,2,4705,4557,3018,4438,4242,2788,3750,3807,3483,3523,969,36,12
24224,0.27500001,Urban Principal Arterial,2ND STREET, NORTH OF LOMAS - SOUTH OF MOUNTAIN,35,2,5492,5265,3575,5180,4901,3302,4442,4509,4125,4187,1151,44,2
24276,0.28299999,Urban Principal Arterial,BROADWAY, NORTH OF LOMAS - SOUTH OF MOUNTAIN,35,4,12424,16649,9412,11718,15499,8694,11840,12019,10996,11121,3147,119,41
24280,0.266,Urban Principal Arterial,LOMAS, EAST OF 2ND ST. - WEST OF BROADWAY,35,6,22273,21574,14649,21007,20083,13531,22091,22425,20517,20749,5520,219,81
24284,0.61500001,Urban Minor Arterial,UNIVERSITY, NORTH OF LOMAS - SOUTH OF INDIAN SCHOOL,35,4,21495,15427,12906,20271,14436,12066,16790,17010,15701,16053,9873,346,100
24356,0.20999999,Urban Principal Arterial,LOMAS, EAST OF UNIVERSITY - WEST OF YALE,35,6,33933,33849,25536,32004,31510,23587,30249,27982,27940,25891,5437,191,55
24360,0.64700001,Urban Major Collector,YUCCA(PALISADES), NORTH OF BLUEWATER - SOUTH OF GLENRIO,30,2,2673,2710,2199,2437,2461,1966,2741,2500,2451,2235,1446,59,16
24372,0.20900001,Urban Minor Arterial,6TH STREET, NORTH OF MARQUETTE - SOUTH OF LOMAS,30,4,8532,7020,4767,7950,6569,4457,5923,4746,5539,4479,936,43,17
24384,0.211,Urban Minor Arterial,5TH STREET, NORTH OF MARQUETTE - SOUTH OF LOMAS,25,2,5841,5658,3842,5508,5295,3592,4774,4846,4463,4531,956,43,12
24412,0.208,Urban Minor Arterial,4TH STREET, NORTH OF MARQUETTE - SOUTH OF LOMAS,30,2,3936,3812,2588,3712,3567,2420,3215,3264,3007,3053,635,26,7
24432,0.20900001,Urban Principal Arterial,3RD STREET, NORTH OF MARQUETTE - SOUTH OF LOMAS,25,2,6942,6724,4566,6547,6259,4217,5673,5759,5239,5318,1111,54,17
24448,0.20900001,Urban Principal Arterial,2ND STREET, NORTH OF MARQUETTE - SOUTH OF LOMAS,35,4,7349,7118,4833,6931,6626,4464,6005,6096,5546,5630,1177,58,19
24472,0.49700001,Urban Major Collector,GIRARD, NORTH OF LOMAS - SOUTH OF CONSTITUTION,30,2,8283,8262,6233,7552,7502,5573,7383,7480,6602,6688,3324,124,13
24476,0.505,Urban Minor Arterial,CARLISLE, NORTH OF LOMAS - SOUTH OF CONSTITUTION,30,2,17503,17459,13171,16506,16337,12314,15040,15237,14065,14380,7262,268,47
24480,0.505,Urban Principal Arterial,LOMAS, EAST OF GIRARD - WEST OF CARLISLE,35,6,22133,22078,16656,20875,20553,15385,18567,18810,17244,17404,8789,310,90
24484,0.52399999,Urban Principal Arterial,LOMAS, EAST OF YALE - WEST OF GIRARD,35,6,21624,24852,18744,20394,23135,17313,22203,22493,20621,20812,10906,383,110
24488,0.50400001,Urban Major Collector,WASHINGTON, NORTH OF LOMAS - SOUTH OF CONSTITUTION,30,2,8298,8277,5552,7566,7515,4964,5756,5831,5248,5286,2665,109,30
24492,0.50599998,Urban Principal Arterial,LOMAS, EAST OF CARLISLE - WEST OF WASHINGTON,35,6,22130,22075,16654,20872,20550,15383,18992,19240,17639,17802,9008,312,87
24496,0.088,Urban Minor Arterial,6TH STREET, NORTH OF TIJERAS - SOUTH OF MARQUETTE,25,4,8309,8048,3142,7836,7531,2937,3904,3963,3651,3740,329,16,5
24504,0.5,Urban Principal Arterial,SAN MATEO, NORTH OF LOMAS - SOUTH OF CONSTITUTION,40,6,39240,32346,29776,37397,34594,27503,35272,35733,32579,33005,15596,471,124
24512,0.51700002,Urban Principal Arterial,LOMAS, EAST OF WASHINGTON - WEST OF SAN MATEO,35,5,21165,24218,18270,19962,22545,16875,21642,21925,20100,20363,10528,359,96
24524,0.50800002,Urban Minor Arterial,SAN PEDRO, NORTH OF LOMAS - SOUTH OF CONSTITUTION,35,4,12013,14380,10848,11329,13456,10142,12850,12030,12017,11353,5767,201,57
24528,0.493,Urban Principal Arterial,LOMAS, EAST OF SAN MATEO - WEST OF SAN PEDRO,40,6,25959,29690,22399,24483,27639,20689,26533,26880,24642,24964,12307,390,117
24544,0.50300002,Urban Principal Arterial,LOUISIANA, NORTH OF LOMAS - SOUTH OF CONSTITUTION,35,6,17735,26296,22631,16727,24479,20904,27128,26831,25195,24826,12487,383,71
24548,0.50099999,Urban Principal Arterial,LOMAS, EAST OF SAN PEDRO - WEST OF LOUISIANA,40,6,28264,28194,21270,26657,26246,19646,25181,25510,23387,23604,11826,375,112
24560,0.50400001,Urban Principal Arterial,LOMAS, EAST OF PENNSYLVANIA - WEST OF WYOMING,40,6,24533,24472,18462,23138,22781,17053,24962,25288,23183,23398,11792,371,109
24568,0.51899999,Urban Principal Arterial,LOMAS, EAST OF LOUISIANA - WEST OF PENNSYLVANIA,40,6,27166,27098,20443,25622,25226,18883,24216,24533,22368,22660,11761,370,109
24572,0.50099999,Urban Principal Arterial,EUBANK, NORTH OF LOMAS - SOUTH OF CONSTITUTION,40,6,36394,40634,30655,34325,37826,28315,36313,35268,33725,32633,16349,499,130
24576,0.099,Urban Minor Arterial,5TH STREET, NORTH OF TIJERAS - SOUTH OF MARQUETTE,25,2,9448,9152,6214,8910,8564,5809,7721,7838,7217,7326,725,39,15
24592,0.55699998,Urban Major Collector,MORRIS, NORTH OF LOMAS - SOUTH OF CONSTITUTION,30,2,4173,4163,3141,3805,3780,2809,3721,3770,3327,3370,1877,77,21
24596,0.34400001,Urban Principal Arterial,LOMAS, EAST OF EUBANK - WEST OF MORRIS,40,6,23318,23260,17548,21993,21653,16209,23148,23451,21499,21699,7465,237,71
24604,0.105,Urban Principal Arterial,3RD STREET, NORTH OF TIJERAS - SOUTH OF MARQUETTE,25,2,7482,7705,4815,7130,7343,4447,5982,4576,5525,4234,445,24,9
24620,0.1,Urban Principal Arterial,2ND STREET, NORTH OF TIJERAS - SOUTH OF MARQUETTE,35,2,16049,15545,10555,15137,14471,9749,4691,4762,4357,4406,441,21,7
24644,0.46900001,Urban Principal Arterial,JUAN TABO, NORTH OF LOMAS - SOUTH OF CONSTITUTION,40,6,33906,33822,25516,31979,31485,23568,30225,32453,27918,30028,14083,408,95
24648,0.65200001,Urban Principal Arterial,LOMAS, EAST OF MORRIS - WEST OF JUAN TABO,40,6,19661,19612,14796,18543,18257,13667,17527,17756,16189,16401,10695,339,102
24656,0.27700001,Urban Principal Arterial,MARQUETTE, EAST OF 2ND ST. - NORTHWEST OF BROADWAY,30,2,5011,4854,3296,4726,4519,3044,4095,4157,3782,3839,1063,43,11
24672,0.125,Urban Minor Arterial,COPPER, EAST OF CENTRAL - WEST OF 8TH ST.,25,2,1064,1031,700,1003,965,654,870,883,813,825,103,5,1
24684,0.49900001,Urban Major Collector,CHELWOOD, NORTH OF LOMAS - SOUTH OF CONSTITUTION,35,2,2788,2781,2098,2542,2525,1876,2485,2517,2222,2251,1123,40,11
24688,0.5,Urban Principal Arterial,LOMAS, EAST OF JUAN TABO - WEST OF CHELWOOD PARK,40,5,16003,16120,12304,15093,15406,11365,14563,16095,13525,14892,7446,254,88
24696,0.85399997,Urban Major Collector,ATRISCO (SOUTH), NORTH OF CENTRAL - SOUTH OF LA BAJADA,35,4,14197,12683,10292,12944,11516,9203,12829,11701,11696,10668,9110,320,87
24832,0.096,Urban Minor Arterial,6TH STREET, NORTH OF COPPER - SOUTH OF TIJERAS,30,4,7396,7164,4865,6975,6704,4548,6045,6136,5651,5737,551,26,11
24720,0.138,Urban Minor Arterial,COPPER, EAST OF 8TH ST. - WEST OF 6TH ST.,25,2,1639,1588,1078,1546,1486,1008,1339,1359,1252,1271,175,8,2
24724,0.588,Urban Principal Arterial,TRAMWAY, SOUTH OF INDIAN SCHOOL - NORTH OF LOMAS,50,4,27767,27698,21774,26189,25784,20112,26832,27183,24920,25152,14789,320,51
24728,0.505,Urban Principal Arterial,LOMAS, EAST OF CHELWOOD PARK - WEST OF TRAMWAY,40,4,11513,11484,8664,10859,10691,8003,9861,9990,9158,9244,4669,160,57
24836,0.083,Urban Minor Arterial,5TH STREET, NORTH OF COPPER - SOUTH OF TIJERAS,25,2,8384,8121,5514,7907,7599,5155,6851,6955,6405,6502,540,29,11
24740,0.068,Urban Minor Arterial,COPPER, EAST OF 6TH ST. - WEST OF 5TH ST.,25,2,2841,2752,1869,2679,2575,1747,2322,2357,2171,2204,150,7,1
24852,0.079,Urban Principal Arterial,3RD STREET, NORTH OF COPPER - SOUTH OF TIJERAS,25,2,2765,2678,1818,2608,2493,1679,2259,2293,2086,2118,167,9,3
24784,0.13699999,Urban Minor Arterial,COPPER, EAST OF 5TH ST. - WEST OF 3RD ST.,25,2,3999,3629,2464,3771,3396,2304,3061,3107,2863,2906,398,18,4
24860,0.085,Urban Principal Arterial,2ND STREET, NORTH OF COPPER - SOUTH OF TIJERAS,35,2,10297,9974,6773,9712,9285,6256,4435,4502,4119,4166,354,17,6
24772,0.068,Urban Minor Arterial,COPPER, EAST OF 3RD ST. - WEST OF 2ND ST.,25,2,3120,3022,2052,2942,2828,1918,2550,2589,2383,2419,164,7,1
24792,0.41600001,Urban Principal Arterial,MARTIN LUTHER KING JR, EAST OF BROADWAY - WEST OF LOCUST,35,4,14867,14400,10456,14022,13406,9658,11228,11398,10428,10546,4388,153,40
24716,0.069,Urban Minor Arterial,6TH STREET, NORTH OF CENTRAL - SOUTH OF COPPER,30,3,5400,6018,4086,5200,5631,3820,5077,5154,4748,4820,333,16,6
24736,0.069,Urban Minor Arterial,5TH STREET, NORTH OF CENTRAL - SOUTH OF COPPER,25,2,7856,7609,5167,7409,7120,4831,6420,6517,6002,6093,420,23,9
24844,0.197,Urban Major Collector,GIRARD, NORTH OF CAMPUS - SOUTH OF LOMAS,30,4,8580,8559,6457,7823,7771,5774,7649,7749,6840,6929,1365,54,15
24768,0.07,Urban Principal Arterial,3RD STREET, NORTH OF CENTRAL - SOUTH OF COPPER,25,2,7856,7609,5167,7409,7083,4773,6420,6517,5930,6020,421,23,8
24780,0.07,Urban Principal Arterial,2ND STREET, NORTH OF CENTRAL - SOUTH OF COPPER,35,2,11645,11280,7659,10983,10501,7074,9516,9660,8789,8922,624,28,10
24868,0.117,Urban Minor Arterial,COPPER, EAST OF 2ND ST. - NORTH OF CENTRAL,30,1,4593,4731,2954,4369,4501,2762,3670,3726,3432,3484,0,0,0
24872,0.43000001,Urban Minor Arterial,UNIVERSITY, NORTH OF MARTIN LUTHER KING JR - SOUTH OF LOMAS,30,6,18607,18561,14003,17547,17369,13091,16587,17617,15507,16626,7149,269,65
24936,0.186,Urban Principal Arterial,BROADWAY, NORTH OF CENTRAL - SOUTH OF MARTIN LUTHER KING JR,30,4,17743,16964,11519,16734,15792,10640,14312,13877,13292,12840,2388,103,31
24940,0.19499999,Urban Principal Arterial,CENTRAL,EAST OF 1ST - WEST OF BROADWAY,30,2,15468,12485,8478,14589,11622,7831,10534,9114,9783,8433,1644,85,38
25040,0.41800001,Urban Major Collector,YUCCA(PALISADES), NORTH OF CENTRAL - SOUTH OF BLUEWATER,25,2,5036,4448,3610,4592,4039,3228,4500,4104,4103,3742,1564,77,21
25064,0.41499999,Urban Principal Arterial,CENTRAL, EAST OF BROADWAY - W. OF I25 W. FRONT. RD.(LOCUST),30,2,21503,14402,9779,20281,13407,9033,12150,10943,11284,10125,4202,163,42
25212,0.192,Urban Minor Arterial,UNIVERSITY, NORTH OF CENTRAL - SOUTH OF MARTIN LUTHER KING JR,30,6,20050,20000,15088,18908,18715,14106,17873,18159,16709,17137,3290,124,30
25216,0.53799999,Urban Principal Arterial,CENTRAL, EAST OF I-25 E. FRONT. RD.(OAK) - WEST OF UNIVERSITY,30,2,21081,21235,14036,19883,20296,12965,14461,14650,13431,13555,7293,274,49
25260,0.249,Urban Major Collector,GIRARD, NORTH OF CENTRAL - SOUTH OF CAMPUS,30,2,7346,7328,5528,6698,6654,4943,6548,6634,5855,5932,1477,57,15
25264,0.273,Urban Principal Arterial,CENTRAL, EAST OF UNIVERSITY - WEST OF YALE,30,4,29899,19440,14666,28494,18097,13547,17373,17600,16135,16346,4462,182,55
25268,0.50400001,Urban Principal Arterial,CENTRAL, EAST OF YALE - WEST OF GIRARD,30,4,33653,33753,25537,32073,32169,23588,17985,18220,16703,16859,8497,324,82
25356,0.41499999,Urban Principal Arterial,LEAD, EAST OF BROADWAY - W. OF I25 W. FRONT. RD.(LOCUST),30,3,12338,11951,8115,11637,11125,7496,7114,10705,6607,9905,4111,142,13
25360,0.50099999,Urban Principal Arterial,LOUISIANA, NORTH OF COPPER - SOUTH OF LOMAS,40,5,21354,25264,19060,20140,23518,17605,22578,25826,20969,23896,11971,370,104
25372,0.26100001,Urban Principal Arterial,COAL, EAST OF 2ND ST. - WEST OF BROADWAY,30,2,9490,9192,5460,8951,8557,5043,6283,6715,5835,6213,1621,56,5
25384,0.54799998,Urban Minor Arterial,CARLISLE, NORTH OF CENTRAL - SOUTH OF LOMAS,25,2,8177,8157,6154,7711,7633,5753,7290,7385,6815,6904,3783,162,13
25396,0.51200002,Urban Principal Arterial,WYOMING, NORTH OF COPPER - SOUTH OF LOMAS,40,6,28706,28635,21603,27074,26656,19954,24702,25025,22942,23155,11855,366,102
25424,0.465,Urban Major Collector,AIRPORT DR., NORTH OF CENTRAL - SOUTH OF BLUEWATER,30,2,2740,2778,2254,2498,2522,2015,2810,2563,2512,2291,1065,44,12
25436,0.498,Urban Major Collector,CHELWOOD, NORTH OF COPPER - SOUTH OF LOMAS,35,2,4534,4155,3135,4134,3773,2803,3714,3763,3386,3430,1708,60,16
25440,0.50999999,Urban Major Collector,COPPER, EAST OF JUAN TABO - WEST OF CHELWOOD,35,2,8687,8665,6537,7920,7868,5845,7743,7844,6924,7015,3578,119,28
25448,0.41499999,Urban Principal Arterial,COAL, EAST OF BROADWAY - W. OF I25 W. FRONT. RD.(LOCUST),30,3,9964,9651,6553,9398,8984,6053,8142,7669,7521,7096,2945,101,9
25484,0.597,Urban Major Collector,WASHINGTON, NORTH OF CENTRAL - SOUTH OF LOMAS,30,2,14529,14493,10934,13247,13159,9777,6514,6599,5939,5983,3572,147,40
25504,0.542,Urban Principal Arterial,LEAD, EAST OF I-25 E. FRONT. RD.(OAK) - WEST OF UNIVERSITY,30,2,15932,15892,11990,15026,14794,11074,12600,12765,11703,11812,6402,258,75
25532,0.66399997,Urban Principal Arterial,SAN MATEO, NORTH OF CENTRAL - SOUTH OF LOMAS,40,6,33862,28770,21705,31938,26783,20048,25710,28204,23878,26096,17326,585,200
25536,0.523,Urban Principal Arterial,CENTRAL, EAST OF WASHINGTON - WEST OF SAN MATEO,35,2,25181,16251,12260,23750,15128,11324,14523,13414,13488,12412,6491,226,64
25568,0.317,Urban Principal Arterial,LEAD, EAST OF UNIVERSITY - WEST OF YALE,30,2,11938,11908,8984,11260,11086,8298,9616,9742,8931,9014,2857,112,31
25592,0.49900001,Urban Principal Arterial,LEAD, EAST OF YALE - WEST OF GIRARD,30,2,14315,14279,10772,13501,13292,9950,11023,11167,10238,10333,5156,203,56
25600,0.49700001,Urban Principal Arterial,LEAD, EAST OF GIRARD - WEST OF CARLISLE,30,2,12481,12450,9392,11772,11590,8675,10050,10181,9334,9420,4682,185,51
25604,0.133,Urban Principal Arterial,LEAD, EAST OF CARLISLE - WEST OF ALISO,30,3,9851,9827,7414,9291,9148,6848,9014,9132,8372,8450,1124,40,3
25620,0.72799999,Urban Minor Arterial,SAN PEDRO, NORTH OF CENTRAL - SOUTH OF LOMAS,35,4,23653,23594,17800,22306,22078,16641,11382,11531,10644,10882,7921,276,78
25624,0.5,Urban Principal Arterial,CENTRAL, EAST OF SAN MATEO - WEST OF SAN PEDRO,35,4,29025,20147,15199,27375,18755,14039,18004,16322,16721,15102,7550,259,70
25656,0.28200001,Urban Principal Arterial,LOUISIANA, NORTH OF CENTRAL - SOUTH OF COPPER,35,6,25148,25332,18925,23719,24213,17480,21705,21989,20158,20346,5738,177,24
25668,0.61699998,Urban Principal Arterial,COAL, EAST OF I-25 E. FRONT. RD.(OAK) - WEST OF UNIVERSITY,30,2,12150,12120,9144,11460,11284,8446,10390,10526,9650,9739,6009,225,53
25684,0.49700001,Urban Principal Arterial,COAL, EAST OF GIRARD - WEST OF CARLISLE,30,2,13029,12997,9805,12288,12099,9057,9933,10063,9225,9311,4628,183,51
25708,0.509,Urban Principal Arterial,COAL, EAST OF YALE - WEST OF GIRARD,30,3,13312,13279,10018,12555,12361,9253,10773,10914,10005,10098,5140,203,57
25716,0.336,Urban Principal Arterial,COAL, EAST OF UNIVERSITY - WEST OF YALE,30,2,11271,11243,8482,10630,10466,7834,8620,8733,8006,8080,2715,107,28
25748,0.417,Urban Principal Arterial,WYOMING, NORTH OF CENTRAL - SOUTH OF COPPER,40,6,25696,26747,20919,24235,24899,19322,24439,20596,22698,19057,7947,246,69
25768,0.34099999,Urban Principal Arterial,CENTRAL, EAST OF WYOMING - WEST OF ZUNI,35,6,26651,26845,18840,25136,25659,17402,20877,21150,19389,19570,6673,218,43
25784,0.56900001,Urban Principal Arterial,ZUNI, EAST OF WASHINGTON (LEAD/COAL) - WEST OF SAN MATEO,35,6,15696,15657,11812,14804,14575,10910,14163,14348,13154,13276,7554,264,69
25792,0.91600001,Urban Minor Collector,TINGLEY,NORTH OF MARQUEZ - SOUTH OF ALCALDE,35,2,3098,3001,2038,2825,2725,1822,2532,2570,2264,2298,2104,61,12
25800,0.495,Urban Principal Arterial,ZUNI, EAST OF SAN MATEO - WEST OF SAN PEDRO,35,4,15361,15323,11560,14488,14264,10678,14196,14382,13184,13307,6587,230,60
25808,0.359,Urban Principal Arterial,ZUNI, EAST OF WYOMING - SOUTHWEST OF CENTRAL,35,3,7707,7688,5800,7269,7157,5357,6870,6960,6346,6429,2308,80,21
25820,0.50099999,Urban Principal Arterial,ZUNI, EAST OF SAN PEDRO - WEST OF LOUISIANA,35,4,16224,16184,12209,15302,15066,11277,13951,14133,12957,13077,6552,229,60
25836,0.433,Urban Principal Arterial,CENTRAL, EAST OF EUBANK - WEST OF MORRIS,40,6,27809,26920,20309,26228,25060,18759,24057,22946,22343,21231,9193,272,68
25960,0.55400002,Urban Principal Arterial,CENTRAL, EAST OF MORRIS - WEST OF JUAN TABO,35,6,22738,22920,17291,21445,21336,15971,20482,19406,19023,17956,9948,295,36
26040,0.51499999,Urban Minor Arterial,AVENIDA CESAR CHAVEZ, EAST OF UNIVERSITY - WEST OF YALE,35,6,19620,11720,8842,18503,10967,8266,10474,10611,9795,9923,5110,167,39
26048,0.47799999,Urban Minor Arterial,AVENIDA CESAR CHAVEZ, EAST OF I-25 E. RAMPS - WEST OF UNIVERSITY,35,6,26870,18664,14080,25340,17465,13163,16679,12799,15598,12079,5774,180,30
26188,0.75199997,Urban Major Collector,RIDGECREST/KATHRYN, SOUTHEAST OF CARLISLE - N.W. OF RIDGECREST,30,2,2289,2283,1722,2087,2073,1540,2040,2067,1824,1848,1390,54,13
26196,0.50700003,Urban Major Collector,RIDGECREST/KATHRYN, EAST OF RIDGECREST - WEST OF SAN MATEO,30,2,1665,1661,1253,1518,1508,1120,1484,1503,1327,1344,682,26,6
26204,0.50099999,Urban Major Collector,RIDGECREST/KATHRYN, EAST OF SAN MATEO - WEST OF SAN PEDRO,30,2,6208,6251,4674,5691,5705,4179,5537,5609,4950,5015,0,0,0
26228,0.49900001,Urban Major Collector,RIDGECREST/KATHRYN, EAST OF SAN PEDRO - WEST OF LOUISIANA,30,2,2091,2086,1574,1906,1894,1407,1865,1889,1667,1689,842,33,8
26448,0.498,Urban Principal Arterial,GIBSON, EAST OF UNIVERSITY - WEST OF YALE,45,6,38906,40168,29257,36694,37393,27024,35565,35949,33031,33263,16565,465,133
26456,0.495,Urban Principal Arterial,GIBSON, EAST OF YALE - WEST OF GIRARD,45,6,28185,28115,21210,26583,26172,19591,34627,35080,32160,32459,16066,424,102
26468,0.50999999,Urban Principal Arterial,GIBSON, EAST OF GIRARD - WEST OF CARLISLE,45,6,28866,28794,21723,27225,26804,20065,25732,35430,23768,32783,16719,440,105
26476,0.50300002,Urban Principal Arterial,GIBSON, EAST OF SAN MATEO - WEST OF SAN PEDRO,40,6,24965,24903,18787,23546,23182,17353,21765,22050,20214,20402,10263,338,110
26492,0.50099999,Urban Principal Arterial,GIBSON, EAST OF SAN PEDRO - WEST OF LOUISIANA,40,6,20060,19834,12849,18920,18464,11868,16165,16075,15013,14874,7452,245,80
26564,0.51800001,Urban Minor Arterial,RANDOLPH, EAST OF UNIVERSITY - WEST OF YALE,30,2,9938,9914,7503,9372,9276,7014,7852,7955,7343,7507,3889,146,30
26684,0.54299998,Urban Principal Arterial,ISLETA BLVD.,NORTH OF CAMINO DEL VALLE - SOUTH OF RIO BRAVO,40,2,23667,19983,16152,22322,18602,14919,20054,18291,18625,16924,9190,338,134
26800,0.55599999,Urban Principal Arterial,ISLETA BLVD.,NOTH OF GUN CLUB - SOUTH OF CAMINO DEL VALLE,40,2,18943,14313,12041,17866,13324,11122,14074,13624,13071,12606,7008,235,80
20598,0.63300002,Urban Principal Arterial,2ND STREET, NORTH OF ORTEGA - SOUTH OF ALAMEDA BLVD.,45,4,16210,16570,11268,15289,15425,10408,16331,17483,15167,16177,10240,276,72
21136,0.64399999,Urban Principal Arterial,2ND STREET, NORTH OF OSUNA - SOUTH OF PUEBLO SOLANO,45,4,20438,20571,14410,19276,19150,13310,22423,23411,20825,21662,13950,355,76
20180,0.80599999,Urban Minor Arterial,4TH STREET, NORTH OF ALAMEDA ROAD - SOUTHWEST OF 2ND ST.,35,2,12218,12489,8493,11522,11686,7940,4954,5303,4633,5005,4033,121,21
20372,0.43200001,Urban Minor Arterial,4TH STREET, NORTH OF ALAMEDA BLVD. - SOUTH OF ALAMEDA ROAD,35,2,7714,7885,5362,7275,7378,5013,6862,7346,6415,6867,2966,103,29
20590,0.67000002,Urban Minor Arterial,4TH STREET, NORTH OF ORTEGA - SOUTH OF ALAMEDA BLVD.,35,4,8173,8354,5668,7708,7818,5299,7210,6918,6743,6529,4374,153,43
21512,0.42199999,Urban Minor Arterial,4TH STREET, NORTH OF MONTANO - SOUTH OF GUADALUPE TRAIL,35,4,21002,20973,14800,19806,19626,13836,15978,16906,14942,15956,6733,235,66
24400,0.278,Urban Principal Arterial,BROADWAY, NORTH OF MARTIN LUTHER KING JR - SOUTH OF LOMAS,30,4,17554,16027,10882,16556,14920,10052,12451,13184,11564,12198,3391,136,31
22132,0.43599999,Urban Principal Arterial,CANDELARIA, EAST OF 2ND ST. - WEST OF EDITH (BROADWAY),35,4,14754,14850,10403,13916,13824,9609,13620,14220,12650,13158,5736,190,42
25388,0.498,Urban Principal Arterial,CENTRAL, EAST OF GIRARD - WEST OF CARLISLE,35,2,18656,15227,11664,17596,14175,10774,15002,14360,13932,13288,6618,256,91
25432,0.52499998,Urban Principal Arterial,CENTRAL, EAST OF CARLISLE - WEST OF WASHINGTON,30,2,23915,14362,10834,22556,13370,10008,12834,12554,11920,11616,6099,201,15
25652,0.50599998,Urban Principal Arterial,CENTRAL, EAST OF SAN PEDRO - WEST OF LOUISIANA,35,4,27666,20657,15584,26093,19230,14394,18460,18524,17145,17140,8673,287,71
25788,0.68900001,Urban Principal Arterial,CENTRAL, EAST OF ZUNI - WEST OF EUBANK,40,6,28830,27132,20468,27192,25257,18906,26166,27257,24301,25220,17377,544,158
22029,0.52700001,Urban Major Collector,COMANCHE,EAST OF CHELWOOD DR. - WEST OF TRAMWAY,35,4,6571,6555,4945,5991,5952,4422,5858,5935,5238,5306,2797,86,17
20324,0.22499999,Urban Principal Arterial,COORS,NORTH OF 7 BAR LOOP - SOUTH OF OLD AIRPORT,40,4,17497,18016,18591,16502,16771,17172,18066,18297,16779,16930,3809,113,26
21912,0.46200001,Urban Principal Arterial,COORS, NORTH OF SEQUOIA - SOUTH OF ST. JOSEPHS,40,6,48408,49888,39812,45656,46441,36773,47272,48950,43904,45292,20925,595,102
21595,0.162,Urban Principal Arterial,EUBANK, NORTH OF OSUNA - SOUTH OF SPAIN,40,4,26665,27257,20512,25149,25374,18946,24970,26123,23191,24171,3916,118,31
23628,0.49599999,Urban Principal Arterial,EUBANK, NORTH OF CONSTITUTION - SOUTH OF INDIAN SCHOOL,40,6,35296,35209,26562,33290,32776,24535,31464,31875,29222,29604,14683,441,115
26480,1.01199996,Urban Principal Arterial,GIBSON, EAST OF CARLISLE - WEST OF SAN MATEO,40,6,35390,35302,26632,33378,32863,24599,30009,30401,27871,28129,28468,766,63
24828,0.54500002,Urban Major Collector,MARTIN LUTHER KING JR, EAST OF OAK - WEST OF UNIVERSITY,30,2,10201,10176,7677,9301,9240,6865,8206,8313,7481,7536,4107,159,37
21224,0.495,Urban Minor Arterial,ACADEMY, EAST OF EUBANK - WEST OF CARRUTHERS,40,4,16825,17198,12942,15867,16093,12099,14131,14784,13215,13952,6907,192,39
21226,0.60000002,Urban Minor Arterial,ACADEMY, EAST OF CARRUTHERS - WEST OF LOWELL,40,4,11419,11672,8784,10769,10922,8212,10226,10698,9563,10096,6057,165,31
20472,0.29499999,Urban Principal Arterial,ALAMEDA BLVD., WEST OF SAN MATEO - EAST OF JEFFERSON,45,4,31421,28126,19127,29635,26183,17667,24478,26204,22734,24337,7179,211,67
20729,0.50099999,Urban Major Collector,ALAMEDA BLVD., WEST OF BARSTOW - EAST OF WYOMING,35,4,5220,6855,4379,4759,6224,3916,5573,5830,5081,5285,2648,83,13
21870,0.36399999,Urban Major Collector,ALEXANDER, N.E. OF YALE - SOUTH OF MONTBEL LOOP,35,4,5537,5573,3746,5048,5060,3350,4610,4813,4203,4363,1588,56,15
22318,0.55000001,Urban Principal Arterial,CANDELARIA, EAST OF GIRARD - WEST OF CARLISLE,40,4,18311,18265,13779,17270,17003,12727,15289,15489,14200,14332,7882,257,82
25752,0.53200001,Urban Principal Arterial,CENTRAL, EAST OF LOUISIANA - WEST OF PENNSYLVANIA,35,6,31415,25048,18897,29629,23317,17455,22385,23425,20790,21675,11531,369,81
25754,0.50599998,Urban Principal Arterial,CENTRAL, EAST OF PENNSYLVANIA - WEST OF WYOMING,35,6,26181,26116,19702,24693,24312,18198,22151,22441,20573,20764,10507,346,84
21960,0.329,Urban Minor Arterial,COMANCHE,EAST OF PAN AM. EAST - WEST OF VASSAR,40,4,15803,15764,11893,14903,14751,11119,16624,16841,15546,15893,5229,153,37
21962,0.62300003,Urban Minor Arterial,COMANCHE,EAST OF VASSAR - WEST OF CARLISLE,40,4,16713,16671,12577,15761,15600,11758,13475,13651,12601,12883,8026,238,60
22008,0.50599998,Urban Major Collector,COMANCHE, EAST OF CARLISLE - WEST OF WASHINGTON,30,2,11379,11351,8563,10375,10306,7657,10392,10528,9474,9545,4829,164,8
22010,0.50199997,Urban Major Collector,COMANCHE, EAST OF WASHINGTON - WEST OF SAN MATEO,30,2,9894,9869,7445,9021,8961,6657,8819,8934,7886,7989,4011,136,7
22244,0.207,Urban Principal Arterial,COORS, NORTH OF QUAIL - SOUTH OF REDLANDS,40,6,55548,57196,45564,52390,53244,42086,52932,53609,49160,49603,10268,294,51
22243,0.20299999,Urban Principal Arterial,COORS, NORTH OF REDLANDS - SOUTH OF SEQUOIA,45,6,55998,57659,45933,52815,53675,42427,53005,53683,49228,49672,10083,290,88
25392,0.56900001,Urban Major Collector,COPPER, EAST OF WYOMING - WEST OF ERBBE,35,2,6051,6036,4554,5517,5481,4072,5394,5465,4824,4887,2781,92,22
25394,0.458,Urban Major Collector,COPPER, EAST OF ERBBE - WEST OF EUBANK,35,2,6156,6141,4633,5613,5576,4143,5488,5560,4908,4972,2277,76,18
25400,0.53500003,Urban Major Collector,COPPER, EAST OF LOUISIANA - WEST OF PENNSYLVANIA,35,4,1860,1855,1399,1696,1684,1251,1657,1679,1482,1501,803,27,6
25402,0.5,Urban Major Collector,COPPER, EAST OF PENNSYLVANIA - WEST OF WYOMING,30,2,3659,3650,2754,3336,3314,2463,3262,3305,2918,2956,1478,57,13
21200,1.18599999,Urban Minor Arterial,EDITH BLVD., NORTH OF OSUNA - SOUTH OF LOS RANCHOS,35,2,8041,8093,6322,7583,7573,5910,8961,9356,8380,8830,10472,365,103
21588,0.40000001,Urban Minor Arterial,EDITH BLVD.,NORTH OF MONTANO - SOUTH OF MISSION AVE.,40,4,17250,17362,13045,16268,16247,12196,15302,15846,14310,14954,5981,183,52
21590,0.65700001,Urban Minor Arterial,EDITH BLVD.,NORTH OF MISSION AVE. - SOUTH OF OSUNA,40,4,16688,16796,11766,15738,15717,11000,12165,12701,11376,11986,7873,240,68
20673,1.24699998,Urban Major Collector,EL PUEBLO,EAST OF EDITH - NORTH OF TIBURION,35,2,6804,7645,5199,6203,6941,4649,6653,7122,6065,6493,8096,268,62
25828,0.30899999,Urban Principal Arterial,EUBANK, NORTH OF CENTRAL - SOUTH OF CHICO,40,6,33035,32953,25198,31157,30676,23274,34636,35089,32168,32467,10032,375,152
25827,0.252,Urban Principal Arterial,EUBANK, NORTH OF CHICO - SOUTH OF COPPER,40,6,38533,33333,25147,36343,31030,23228,29788,30177,27665,28027,7063,263,106
21156,0.37400001,Urban Major Collector,MCKINNEY, NORTH OF HARPER - SOUTH OF FOREST HILLS,30,2,7146,7305,5497,6515,6633,4915,6556,6859,5862,6133,2294,94,25
23264,0.391,Urban Minor Arterial,LADERA DRIVE, NORTHEAST OF UNSER - WEST OF LAURELWOOD,40,3,14736,16162,10755,13897,15124,10055,16393,17047,15330,16088,6290,186,47
23266,0.68800002,Urban Minor Arterial,LADERA DRIVE, EAST OF LAURELWOOD - SOUTHWEST OF BOB MCCANNON,40,4,12350,12716,10130,11647,11899,9470,12035,12189,11255,11503,7914,219,43
22336,0.57700002,Urban Minor Arterial,LADERA DRIVE, NORTHEAST OF BOB MCCANNON - SOUTH OF REDLANDS,40,4,7759,7989,6364,7317,7476,5950,7486,7582,6999,7088,4090,108,6
22335,0.212,Urban Minor Arterial,LADERA DRIVE, NORTH OF REDLANDS - SOUTH OF SEQUOIA,40,4,8123,8364,6663,7660,7827,6229,7838,7938,7327,7421,1573,48,14
23663,0.145,Urban Principal Arterial,LOUISIANA, NORTH OF AMERICAS PKWY S. - SOUTH OF INDIAN SCHOOL,35,6,34426,34340,25907,32469,31967,23930,29793,30183,27670,27928,4050,145,44
22370,0.31999999,Urban Minor Arterial,12TH STREET, NORTH OF MATTHEW - SOUTH OF CANDELARIA,35,2,10479,12979,9092,9882,12145,8500,11683,10168,10925,9596,3071,107,30
22408,0.57200003,Urban Minor Arterial,RIO GRANDE BLVD., NORTH OF MENAUL - SOUTH OF MATTHEW,35,4,14299,14392,10082,13485,13467,9426,16608,17339,15531,16363,9360,327,92
21604,0.26199999,Urban Major Collector,SAN PEDRO, NORTH OF MCLEOD - SOUTH OF OSUNA,35,4,8498,8440,5572,7748,7663,4982,6758,6964,6161,6313,1654,58,16
21537,0.5,Urban Major Collector,MCLEOD, EAST OF SAN MATEO - WEST OF SAN PEDRO,25,2,6622,6769,5094,6038,6146,4555,6076,6357,5433,5684,2842,132,31
21760,0.53600001,Urban Major Collector,SAN PEDRO, NORTH OF MONTGOMERY - SOUTH OF MCLEOD,35,2,11178,11426,8598,10191,10374,7688,10483,10967,9557,9943,5329,188,51
22448,0.56800002,Urban Principal Arterial,MENAUL,EST OF UNIVERSITY - WEST OF VASSAR,45,6,23642,23368,17629,22298,21753,16283,20883,22816,19395,21111,11992,360,120
22450,0.54500002,Urban Principal Arterial,MENAUL,EAST OF VASSAR - WEST OF CARLISLE,45,6,25418,24521,16902,23973,22827,15612,21145,22595,19638,20907,11394,343,115
25107,0.45199999,Urban Minor Arterial,MONTE VISTA, NORTH OF CAMPUS - SOUTHWEST OF LOMAS/CARLISLE,35,4,5715,5701,4301,5390,5335,4021,5095,5162,4763,4825,2180,76,22
21050,0.255,Urban Principal Arterial,OSUNA, EAST OF WASHINGTON - WEST OF JEFFERSON,45,4,27986,28607,19454,26395,26630,17969,25851,27674,24009,25606,6529,198,68
21180,0.49599999,Urban Principal Arterial,OSUNA, EAST OF 2ND ST. - WEST OF EDITH,45,4,21168,21316,14911,20173,20314,13773,19160,20004,17698,18477,9165,273,90
21600,0.51499999,Urban Major Collector,OSUNA, EAST OF WYOMING - WEST OF MOON,30,2,5594,5718,4303,5100,5192,3848,5132,5369,4590,4802,2473,96,22
21602,0.498,Urban Major Collector,OSUNA, EAST OF MOON - WEST OF EUBANK,30,2,4639,4742,3569,4230,4306,3191,4257,4092,3806,3710,1848,72,17
21202,0.41499999,Urban Minor Arterial,EDITH BLVD., NORTH OF RANCHITOS RD. - SOUTH OF EL PUEBLO,35,2,5624,5661,3960,5304,5297,3702,4901,4800,4583,4530,1880,66,19
21201,0.145,Urban Minor Arterial,EDITH BLVD., NORTH OF LOS RANCHOS - SOUTH OF RANCHITOS RD.,35,2,6116,6156,4312,5768,5761,4031,5541,5785,5180,5408,784,27,8
22241,0.123,Urban Major Collector,REDLANDS, EAST OF ATRISCO - WEST OF COORS,30,4,4238,4364,3476,3864,3962,3108,4089,4141,3656,3703,455,18,4
20550,0.648,Urban Minor Arterial,RIO GRANDE BLVD., NORTH OF ORTEGA - SOUTH OF ALAMEDA BLVD.,25,2,6853,7005,5146,6463,6555,4811,6317,6275,5907,5922,3837,188,53
22410,0.472,Urban Minor Arterial,RIO GRANDE BLVD., NORTH OF MATTHEW - SOUTH OF CANDELARIA,35,2,15115,15092,10657,14254,14259,9963,13694,14415,12802,13604,6421,224,63
22368,0.421,Urban Minor Arterial,12TH STREET, NORTH OF MENAUL - SOUTH OF MATTHEW,35,2,11594,11676,8167,11026,11104,7635,10494,10956,9811,10243,0,0,0
20909,0.208,Urban Local,SAN FRANCISCO (WEST), EAST OF JEFFERSON - WEST OF PAN AM. WEST,30,4,1926,1728,1175,1779,1596,1051,1504,1610,1345,1440,300,14,5
22043,0.76999998,Urban Minor Collector,SAN ISIDRO, NORTH OF CANDELARIA - SOUTH OF GRIEGOS,25,2,2599,2616,1833,2370,2375,1639,2355,2459,2106,2199,1693,68,13
23436,0.123,Urban Minor Arterial,SAN PEDRO, NORTH OF INDIAN SCHOOL (N.) - SOUTH OF UPTOWN,35,4,16044,16004,12733,15130,14976,11904,15820,16027,14794,15125,1860,65,18
23435,0.25099999,Urban Minor Arterial,SAN PEDRO, NORTH OF UPTOWN - SOUTH OF MENAUL,35,4,15902,15862,11967,14996,14843,11188,11151,11297,10428,10661,2676,93,26
25812,0.537,Urban Principal Arterial,ZUNI, EAST OF LOUISIANA - WEST OF PENNSYLVANIA,35,4,18203,18158,13699,17168,16903,12653,14638,14829,13595,13721,7368,257,67
25814,0.49399999,Urban Principal Arterial,ZUNI, EAST OF PENNSYLVANIA - WEST OF WYOMING,35,4,14191,14156,10680,13384,13178,9865,12624,12789,11724,11833,5846,204,53
22396,0.498,Urban Principal Arterial,WYOMING, NORTH OF MENAUL - SOUTH OF CANDELARIA,40,6,35100,35012,26414,33104,32594,24398,32355,32778,30050,30328,15103,500,164
22144,0.49000001,Urban Principal Arterial,WYOMING, NORTH OF CANDELARIA - SOUTH OF COMANCHE,40,6,30932,32276,30787,29173,30046,28437,33687,36135,31286,33435,16384,488,124
22540,0.514,Urban Principal Arterial,MENAUL, EAST OF CHELWOOD - WEST OF TRAMWAY,35,2,7919,8764,6612,7468,8158,6107,7832,7934,7274,7369,3788,120,25
25692,0.52399999,Urban Principal Arterial,COAL, EAST OF CARLISLE - SOUTHWEST OF WASHINGTON,30,3,10573,10023,7562,9972,9330,6985,8958,8678,8320,8030,4208,142,6
25608,0.426,Urban Principal Arterial,LEAD, EAST OF ALISO - NORTHWEST OF WASHINGTON,30,2,9617,9593,7237,9070,8930,6685,8573,8685,7919,8023,3418,122,8
25288,0.26199999,Urban Principal Arterial,LEAD, EAST OF 2ND ST. - WEST OF BROADWAY,30,2,11954,11562,6629,11274,10763,6123,7177,7841,6666,7255,1901,70,16
25020,0.505,Urban Principal Arterial,JUAN TABO, NORTH OF COPPER - SOUTH OF LOMAS,40,6,33520,33437,25225,31615,31127,23300,29881,27758,27600,25684,12970,385,97
23644,0.546,Urban Principal Arterial,JUAN TABO, NORTH OF CONSTITUTION - SOUTH OF INDIAN SCHOOL,40,6,27005,26938,20322,25470,25077,18771,31497,31909,29253,29525,16120,467,109
25108,0.25,Urban Minor Arterial,MONTE VISTA, NORTHEAST OF CENTRAL/GIRARD - SOUTH OF CAMPUS,35,4,4423,4412,3328,4171,4129,3111,3942,3994,3685,3733,933,33,9
25804,0.077,Urban Principal Arterial,WYOMING, NORTH OF ZUNI - SOUTH OF CENTRAL,35,6,21011,20959,15812,19817,19511,14605,13402,13577,12447,12562,967,35,11
25976,0.31799999,Urban Principal Arterial,EUBANK, NORTH OF SOUTHERN - SOUTH OF CENTRAL,40,4,32149,34167,24136,30322,31806,22294,31040,30063,28828,27817,8846,328,132
24240,0.359,Urban Minor Collector,MONTE LARGO, NORTHWEST OF LOMAS - SOUTH OF INDIAN SCHOOL,20,2,2054,2049,1546,1873,1860,1382,1831,1855,1637,1658,596,30,6
25664,0.189,Urban Minor Arterial,UNIVERSITY, NORTH OF COAL - SOUTH OF LEAD,30,6,13224,13191,9951,12471,12344,9303,11657,11809,10901,11145,2106,76,11
26044,0.55199999,Urban Minor Arterial,UNIVERSITY, NORTH OF AVENIDA CESAR CHAVEZ - SOUTH OF COAL,40,5,9310,9287,7006,8780,8690,6550,8299,8408,7759,7860,4339,149,53
26432,0.704,Urban Minor Arterial,UNIVERSITY, NORTH OF GIBSON - SOUTH OF AVENIDA CESAR CHAVEZ,40,4,8700,8678,6547,8205,8121,6121,7755,7856,7251,7346,5172,176,61
25500,0.211,Urban Minor Arterial,UNIVERSITY, NORTH OF LEAD - SOUTH OF CENTRAL,30,6,15737,15698,11843,14841,14690,11072,14029,11637,13115,10982,2317,92,26
25564,0.242,Urban Minor Arterial,YALE, NORTH OF LEAD - SOUTH OF CENTRAL,25,2,11039,11012,6600,10410,10305,6170,5669,5743,5301,5420,1312,62,18
25712,0.167,Urban Minor Arterial,YALE, NORTH OF COAL - SOUTH OF LEAD,25,2,14448,14550,10876,13461,13417,10168,9011,9129,8427,8615,1439,63,9
25980,0.377,Urban Minor Arterial,YALE, NORTH OF AVENIDA CESAR CHAVEZ - SOUTH OF COAL,25,2,11596,11567,8726,10936,10824,8158,11042,11186,10326,10557,3980,153,9
26444,0.76599997,Urban Minor Arterial,YALE, NORTH OF GIBSON - SOUTH OF AVENIDA CESAR CHAVEZ,30,4,13722,13688,10326,12941,12809,9654,8819,8934,8247,8431,6459,215,13
26548,0.32699999,Urban Minor Arterial,YALE, NORTH OF RANDOLPH - SOUTH OF GIBSON,35,5,21129,21076,11248,19926,19722,10516,13324,14390,12460,13580,4441,175,64
25588,0.25999999,Urban Major Collector,GIRARD, NORTH OF LEAD - SOUTH OF CENTRAL,30,2,11826,11797,7021,10782,10711,6278,5776,5852,5266,5305,1379,60,21
25676,0.126,Urban Major Collector,GIRARD, NORTH OF COAL - SOUTH OF LEAD,30,2,10333,10307,7776,9421,9358,6953,5231,5299,4769,4804,605,24,7
25596,0.17399999,Urban Minor Arterial,CARLISLE, NORTH OF LEAD - SOUTH OF CENTRAL,25,2,8532,8511,6421,8046,7964,6003,7606,7705,7111,7204,1253,62,20
25680,0.125,Urban Minor Arterial,CARLISLE, NORTH OF COAL - SOUTH OF LEAD,30,2,6934,6917,5218,6539,6473,4878,6181,6719,5778,6341,793,32,9
26464,0.44600001,Urban Minor Arterial,CARLISLE, NORTH OF GIBSON - SOUTH OF PARKLAND,30,2,5964,5949,4488,5624,5567,4196,5316,5386,4970,5035,2245,88,24
25720,0.26100001,Urban Major Collector,WASHINGTON, NORTH OF ZUNI - SOUTH OF CENTRAL,30,2,8178,8158,6155,7456,7407,5504,7291,5740,6520,5204,1358,56,15
25780,0.33399999,Urban Principal Arterial,SAN MATEO, NORTH OF ZUNI - SOUTH OF CENTRAL,40,6,22391,22335,16850,21118,20792,15564,22507,22801,20903,21097,7047,260,103
26460,0.50099999,Urban Principal Arterial,SAN MATEO, NORTH OF GIBSON - SOUTH OF KATHRYN,40,4,14308,12808,8315,13495,11923,7680,12590,11125,11693,10294,5157,190,75
26008,0.505,Urban Principal Arterial,SAN MATEO, NORTH OF KATHRYN - SOUTH OF ZUNI,40,4,16755,16713,12609,15803,15558,11647,15499,15702,14395,14529,7337,270,107
25796,0.27900001,Urban Major Collector,SAN PEDRO, NORTH OF ZUNI - SOUTH OF CENTRAL,35,4,10907,10880,8208,9944,9879,7339,9723,11072,8694,10038,2800,99,27
26200,0.5,Urban Major Collector,SAN PEDRO, NORTH OF KATHRYN - SOUTH OF ZUNI,35,2,10665,10638,8025,9724,9659,7176,9632,9758,8781,8846,4423,156,42
26472,0.5,Urban Major Collector,SAN PEDRO, NORTH OF GIBSON - SOUTH OF KATHRYN,35,4,6944,6927,5226,6331,6290,4673,6191,6053,5535,5488,2744,96,26
25816,0.222,Urban Principal Arterial,LOUISIANA, NORTH OF ZUNI - SOUTH OF CENTRAL,35,5,17717,17847,14683,16710,17058,13562,17393,17620,16154,16303,3619,138,48
26224,0.5,Urban Principal Arterial,LOUISIANA, NORTH OF KATHRYN - SOUTH OF ZUNI,35,6,17429,17386,13116,16438,16185,12115,15744,15950,14622,14758,7379,282,97
26488,0.49599999,Urban Principal Arterial,LOUISIANA, NORTH OF GIBSON - SOUTH OF KATHRYN,35,6,13934,13899,10486,13142,12939,9686,12421,12583,11474,11624,5766,220,75
20360,0.228,Urban Local,ALAMEDA ROAD, EAST OF 4TH ST. - WEST OF 2ND ST.,30,2,1114,1122,775,1029,1036,693,992,1062,887,950,0,0,0
20312,0.21600001,Urban Principal Arterial,ALAMEDA BLVD., WEST OF BOSQUE CIRCLE - EAST OF COORS/CORRALES,40,4,47316,48377,38600,43006,42941,35654,39144,39644,36355,36682,7923,235,40
20388,0.60399997,Urban Principal Arterial,ALAMEDA BLVD.,WEST OF GUADALOPE TRL. (N.) - EAST OF RIO GRANDE BLVD.,35,4,38209,17822,12120,35561,16591,11195,35734,38254,33188,35396,21380,638,76
20408,0.28400001,Urban Principal Arterial,ALAMEDA BLVD., WEST OF 4TH ST. - EAST OF GUADALOPE TRL (S.),35,4,37172,37997,25840,35059,35372,23868,35451,37951,32925,35115,9972,298,35
20416,0.199,Urban Principal Arterial,ALAMEDA BLVD., WEST OF 2ND ST. - EAST OF 4TH ST.,35,4,36695,32663,22213,34609,30406,20518,28427,31936,26401,29550,5880,176,22
20452,0.44600001,Urban Principal Arterial,ALAMEDA BLVD., WEST OF EDITH - EAST OF 2ND ST.,35,4,27171,26548,18054,25627,24714,16676,23105,24734,21459,22972,10246,301,30
20352,0.64899999,Urban Principal Arterial,ALAMEDA BLVD., WEST OF RIO GRANDE BLVD. - EAST OF BOSQUE CIRCLE,35,4,36902,34988,29650,35168,33344,27387,37945,40621,35049,37521,24351,682,73
20612,0.86299998,Urban Major Collector,EL PUEBLO, EAST OF RIO GRANDE BLVD. - WEST OF 4TH ST.,25,2,2795,2813,2068,2548,2554,1850,2783,2906,2537,2635,2274,105,25
20624,0.32100001,Urban Major Collector,EL PUEBLO, EAST OF 4TH ST. - WEST OF 2ND ST.,25,3,5896,5934,4484,5376,5388,4010,6182,6454,5636,5851,1878,87,20
20664,0.58499998,Urban Major Collector,EL PUEBLO, EAST OF 2ND ST. - WEST OF EDITH,30,2,5020,5053,3540,4577,4588,3165,4549,4749,4067,4246,2483,96,22
20591,0.54299998,Urban Major Collector,ORTEGA,EAST OF GUADALOPE TRL (S.) - WEST OF 4TH ST.,25,2,1540,1574,1070,1404,1429,957,1369,1466,1225,1311,712,33,8
20593,0.30000001,Urban Major Collector,ORTEGA, EAST OF 4TH STREET - WEST OF 2ND STREET,25,2,1321,1350,918,1204,1226,821,1175,1258,1051,1125,337,16,4
20613,0.70099998,Urban Major Collector,RANCHITOS RD., EAST OF RIO GRANDE - WEST OF 4TH STREET,25,2,1803,1800,1271,1644,1625,1136,1633,1705,1460,1524,1069,50,12
20615,0.47099999,Urban Major Collector,RANCHITOS RD., EAST OF 4TH STREET - WEST OF 2ND STREET,25,2,2227,2241,1570,2030,2035,1404,2017,2106,1804,1883,886,41,10
20617,0.55000001,Urban Major Collector,RANCHITOS RD., EAST OF 2ND STREET - WEST OF EDITH,25,2,840,1180,827,766,1071,739,1063,1110,969,1012,557,26,6
20580,0.75599998,Urban Principal Arterial,PASEO DEL NORTE, EAST OF GOLF COURSE - WEST OF EAGLE RANCH RD.,45,4,32017,29409,23806,30197,27377,21989,31525,31147,29279,28820,21788,608,172
20206,0.37900001,Urban Principal Arterial,ELLISON, EAST OF ENT. CIBOLA H.S. - WEST OF COORS BYPASS,35,4,25225,25973,20691,23791,24178,19112,24184,24493,22461,22663,8590,300,79
21140,0.37,Urban Major Collector,OSUNA, EAST OF 4TH ST. - WEST OF 2ND ST.,25,2,11950,12028,8426,10895,10921,7534,11083,11571,10104,10490,3881,152,16
21816,0.542,Urban Major Collector,GRIEGOS, EAST OF 12TH ST. - WEST OF 4TH ST.,30,2,11254,11327,7935,10261,10285,7095,10196,9622,9117,8723,4728,165,7
21844,0.193,Urban Major Collector,GRIEGOS, EAST OF 4TH ST. - WEST OF 2ND ST.,30,4,12168,12247,8579,11094,11120,7671,10851,11329,9893,10271,1982,85,28
21852,0.47799999,Urban Minor Arterial,GRIEGOS, EAST OF 2ND ST. - WEST OF EDITH,30,2,13153,13238,9273,12404,12388,8669,12211,12749,11419,12032,5751,209,37
21673,0.37599999,Urban Major Collector,GRIEGOS, EAST OF GUADALUPE TR. - WEST OF 12TH ST.,30,2,7468,10784,7554,6809,9792,6755,9707,6880,8850,6237,2345,82,3
21672,0.25400001,Urban Major Collector,GRIEGOS, EAST OF SAN ISIDRO - WEST OF GUADALUPE TR.,30,2,8208,8261,4582,7484,7501,4097,6119,5574,5579,5053,1284,45,2
21632,0.38999999,Urban Major Collector,GRIEGOS, EAST OF RIO GRANDE BLVD. - WEST OF SAN ISIDRO,30,2,5091,5124,3589,4642,4652,3209,4612,4815,4123,4305,1679,58,2
21916,0.461,Urban Minor Arterial,CANDELARIA, EAST OF RIO GRANDE BLVD. - WEST OF SAN ISIDRO,30,2,6549,6592,4618,6176,6169,4317,5934,6195,5547,5791,2669,90,5
22044,0.62900001,Urban Minor Arterial,CANDELARIA, EAST OF SAN ISIDRO - WEST OF 12TH ST.,35,2,7101,7147,5007,6697,6688,4681,6434,6717,6015,6280,3950,133,34
22108,0.60799998,Urban Minor Arterial,CANDELARIA, EAST OF 12TH ST. - WEST OF 4TH ST.,35,4,10404,10472,7336,9812,9800,6858,10494,10956,9813,10340,6287,211,54
22112,0.192,Urban Minor Arterial,CANDELARIA, EAST OF 4TH ST. - WEST OF 2ND ST.,35,4,13769,13858,9708,12985,12968,9076,12475,11096,11662,10472,2011,76,26
22409,1.09599996,Urban Major Collector,MATTHEW, EAST OF RIO GRANDE - WEST OF 12TH STREET,30,2,1926,1939,1358,1756,1761,1214,1745,1822,1560,1629,1785,69,16
22380,0.55000001,Urban Minor Arterial,MENAUL, EAST OF 12TH ST. - WEST OF 6TH ST.,35,4,12448,12529,8777,11739,11724,8206,13072,13648,12224,12880,7085,231,54
22388,0.102,Urban Minor Arterial,MENAUL, EAST OF 6TH ST. - WEST OF 4TH ST.,40,4,12216,21305,13166,11520,19936,12309,13072,13877,12224,13096,1336,44,14
22416,0.13699999,Urban Minor Arterial,MENAUL, EAST OF 4TH ST. - WEST OF 2ND ST.,35,4,17149,21416,15002,16172,20040,14025,19277,17517,18027,16531,2265,88,31
22381,0.24600001,Urban Minor Arterial,MENAUL, EAST OF INDIAN SCHOOL - WEST OF 12TH ST.,35,2,5443,6088,4265,5133,5697,3987,5480,5721,5125,5351,1316,43,10
22400,0.63300002,Urban Minor Arterial,MENAUL, EAST OF RIO GRANDE BLVD. - WEST OF INDIAN SCHOOL,35,4,8376,8430,5905,7899,7888,5521,7588,7922,7094,7406,4688,151,31
23800,0.70499998,Urban Major Collector,MOUNTAIN ROAD, EAST OF RIO GRANDE BLVD. - WEST OF 12TH ST.,25,2,6437,6235,4234,5868,5661,3786,5261,5341,4704,4775,3367,143,31
23848,0.074,Urban Major Collector,MOUNTAIN ROAD, EAST OF 6TH ST. - WEST OF 5TH ST.,25,2,5006,4849,3293,4564,4403,2944,4091,4153,3658,3713,275,13,4
23836,0.067,Urban Major Collector,MOUNTAIN ROAD, EAST OF 5TH ST. - WEST OF 4TH ST.,25,2,5894,5719,3883,5374,5193,3472,4824,4897,4398,4465,299,14,4
23860,0.068,Urban Major Collector,MOUNTAIN ROAD, EAST OF 4TH ST. - WEST OF 3RD. ST.,25,2,5089,4929,3347,4640,4475,2993,4158,4221,3719,3775,257,12,3
23880,0.068,Urban Major Collector,MOUNTAIN ROAD, EAST OF 3RD ST. - WEST OF 2ND ST.,25,2,6075,5884,3995,5539,5342,3572,4964,4810,4438,4361,297,13,3
24188,0.069,Urban Principal Arterial,LOMAS, EAST OF 6TH ST. - WEST OF 5TH ST.,30,6,18070,17503,11885,17043,16294,10978,20816,21131,19333,19552,1349,48,5
24172,0.069,Urban Principal Arterial,LOMAS, EAST OF 5TH ST. - WEST OF 4TH ST.,30,6,18734,18146,12322,17669,16892,11381,19022,19310,17667,17867,1233,44,5
24208,0.07,Urban Principal Arterial,LOMAS, EAST OF 4TH ST. - WEST OF 3RD ST.,30,6,19561,18947,12865,18449,17638,11883,20849,21165,19363,19583,1371,53,7
24228,0.067,Urban Principal Arterial,LOMAS, EAST OF 3RD ST. - WEST OF 2ND ST.,35,6,22233,21535,14623,20969,20047,13507,22218,22554,20635,20869,1398,54,19
23884,0.182,Urban Principal Arterial,CENTRAL, EAST OF RIO GRANDE BLVD. - WEST OF LOMAS,30,6,30520,20784,14113,27740,19348,13036,17535,23118,16286,21391,3893,153,36
24100,0.52899998,Urban Principal Arterial,LOMAS, EAST OF CENTRAL - WEST OF 12TH ST.,30,4,10408,16367,9942,9816,15236,9184,12007,11807,11151,10925,5779,208,26
24160,0.39500001,Urban Principal Arterial,LOMAS, EAST OF 12TH ST. - WEST OF 6TH ST.,35,4,10987,10642,7226,10362,9907,6674,16487,16737,15312,15486,6117,217,64
24420,0.484,Urban Principal Arterial,CENTRAL,SOUTHEAST OF LOMAS - NORTHWEST OF TIJERAS,30,4,17751,10913,7410,16742,10159,6844,9207,9768,8551,9038,4374,161,20
24344,0.347,Urban Principal Arterial,CENTRAL, EAST OF SUNSET - WEST OF TINGLEY,35,6,28588,25249,26100,27244,24062,18200,32465,32956,30152,30493,10581,357,92
24388,0.069,Urban Principal Arterial,MARQUETTE, EAST OF 6TH ST. - WEST OF 5TH ST.,30,2,2625,2543,1727,2476,2367,1595,2146,2178,1982,2012,139,6,1
24416,0.069,Urban Principal Arterial,MARQUETTE, EAST OF 5TH ST. - WEST OF 4TH ST.,25,3,3659,4816,3270,3451,4483,3020,4063,4124,3773,3830,264,13,3
24436,0.069,Urban Principal Arterial,MARQUETTE, EAST OF 4TH ST. - WEST OF 3RD ST.,30,3,4177,4046,1557,3940,3766,1438,1934,1963,1796,1816,125,5,1
24452,0.067,Urban Principal Arterial,MARQUETTE, EAST OF 3RD ST. - WEST OF 2ND ST.,30,2,3338,3233,2195,3148,3010,2027,2727,2768,2518,2556,171,7,2
24580,0.068,Urban Principal Arterial,TIJERAS AVE., EAST OF 6TH ST. - WEST OF 5TH ST.,25,3,2595,2514,1707,2447,2340,1577,2121,2153,1959,1989,135,7,2
24608,0.139,Urban Principal Arterial,TIJERAS AVE., EAST OF 5TH ST. - WEST OF 3RD ST.,25,2,2886,2795,1898,2722,2602,1753,2358,2394,2178,2211,307,15,4
24624,0.067,Urban Principal Arterial,TIJERAS AVE., EAST OF 3RD ST. - WEST OF 2ND ST.,25,2,6916,6699,4549,6523,6236,4202,5652,5738,5221,5300,355,17,5
24376,0.115,Urban Local,MARQUETTE, EAST OF 8TH ST. - WEST OF 6TH ST.,25,2,1311,1318,862,1211,1217,771,1071,1087,958,972,0,0,0
24500,0.109,Urban Local,TIJERAS AVE., EAST OF 8TH ST. - WEST OF 6TH ST.,25,2,4560,4585,2999,4212,4235,2682,3726,3782,3332,3382,0,0,0
24364,0.29100001,Urban Local,MARQUETTE, EAST OF 12TH ST. - WEST OF 8TH ST.,25,2,1707,1653,1122,1577,1527,1003,1394,1415,1246,1265,368,19,6
24456,0.30000001,Urban Local,TIJERAS AVE., EAST OF 12TH ST. - WEST OF 8TH ST.,25,2,2005,1942,1319,1852,1794,1179,1639,1664,1465,1487,446,23,7
24888,0.07,Urban Minor Arterial,6TH STREET, NORTH OF GOLD - SOUTH OF CENTRAL,30,3,4717,4747,3223,4448,4442,3013,4004,4065,3744,3801,266,14,6
24928,0.072,Urban Minor Arterial,5TH STREET, NORTH OF GOLD - SOUTH OF CENTRAL,25,2,4816,4665,3168,4542,4365,2962,3936,3996,3680,3736,269,16,7
24952,0.07,Urban Local,4TH STREET, NORTH OF GOLD - SOUTH OF CENTRAL,30,2,2502,2423,1645,2311,2238,1471,2044,2075,1828,1856,130,7,4
24972,0.07,Urban Principal Arterial,3RD STREET, NORTH OF GOLD - SOUTH OF CENTRAL,25,2,2682,2598,1764,2530,2418,1629,2192,2225,2024,2055,144,7,2
24980,0.069,Urban Principal Arterial,2ND STREET, NORTH OF GOLD - SOUTH OF CENTRAL,35,2,7364,6021,4088,6945,5605,3776,5079,5156,4717,4788,330,15,5
25006,0.07,Urban Minor Arterial,1ST ST.,NORTH OF GOLD - SOUTH OF CENTRAL,25,2,3243,3141,2133,3058,2939,1994,2650,2690,2477,2514,176,9,2
25128,0.13600001,Urban Minor Arterial,6TH STREET, NORTH OF LEAD - SOUTH OF GOLD,30,3,2538,2458,1669,2393,2300,1560,2074,2105,1938,1967,268,14,6
25156,0.13500001,Urban Minor Arterial,5TH STREET, NORTH OF LEAD - SOUTH OF GOLD,25,2,2953,2860,1644,2785,2676,1537,2043,2074,1911,1957,264,16,7
25176,0.13600001,Urban Local,4TH STREET, NORTH OF LEAD - SOUTH OF GOLD,25,2,3423,3316,2252,3162,3063,2014,2798,2840,2502,2540,345,20,8
25196,0.13600001,Urban Principal Arterial,3RD STREET, NORTH OF LEAD - SOUTH OF GOLD,25,2,2828,3083,2093,2667,2870,1933,2600,2639,2415,2452,333,16,5
25204,0.133,Urban Principal Arterial,2ND STREET, NORTH OF LEAD - SOUTH OF GOLD,35,3,5514,5341,3627,5201,4972,3350,4506,4574,4162,4225,562,27,10
24982,0.067,Urban Minor Arterial,GOLD, EAST OF 6TH ST. - WEST OF 5TH ST.,25,2,4643,2437,1655,4379,2280,1547,2056,2087,1923,1952,131,6,1
24464,0.13699999,Urban Principal Arterial,CENTRAL,SOUTHEAST OF TIJERAS - NORTHWEST OF 12TH ST.,30,2,8743,8469,5751,8246,7884,5312,7145,7253,6600,6700,918,34,3
25132,0.13699999,Urban Major Collector,LEAD, EAST OF 8TH ST. - WEST OF 6TH ST.,25,2,5849,6025,3762,5407,5569,3364,4674,4745,4180,4243,581,26,7
25180,0.068,Urban Minor Arterial,LEAD, EAST OF 6TH ST. - WEST OF 5TH ST.,25,3,9163,8875,6026,8641,8305,5634,7487,7600,7000,7106,483,20,1
25160,0.069,Urban Minor Arterial,LEAD, EAST OF 5TH ST. - WEST OF 4TH ST.,25,3,8500,8754,5469,8088,8332,5113,6795,6898,6353,6449,445,18,0
25208,0.069,Urban Minor Arterial,LEAD, EAST OF 4TH ST. - WEST OF 3RD ST.,25,3,8574,8832,5515,8154,8399,5156,6852,6956,6406,6503,449,18,1
25200,0.068,Urban Minor Arterial,LEAD, EAST OF 3RD ST. - WEST OF 2ND ST.,25,3,13044,13435,8392,12402,12773,7846,10427,10585,9748,9896,673,29,6
25220,0.068,Urban Major Collector,8TH STREET, NORTH OF COAL - SOUTH OF LEAD,30,2,5922,5736,3895,5399,5208,3483,4839,4912,4327,4392,299,12,3
25240,0.935,Urban Minor Collector,TINGLEY, NORTH OF ALCALDE - SOUTH OF CENTRAL,25,2,6472,6384,4334,5900,5796,3876,5626,6592,5129,5976,5588,226,44
25248,0.067,Urban Minor Arterial,6TH STREET, NORTH OF COAL - SOUTH OF LEAD,30,2,4712,4564,1634,4444,4271,1528,2030,2061,1898,1945,130,7,3
25252,0.13600001,Urban Major Collector,COAL, EAST OF 8TH ST. - WEST OF 6TH ST.,25,2,5887,5702,3872,5367,5177,3462,4811,4884,4301,4366,594,31,11
25276,0.068,Urban Minor Arterial,5TH STREET, NORTH OF COAL - SOUTH OF LEAD,25,2,3475,2832,1923,3277,2650,1798,2389,2425,2234,2268,154,9,4
25280,0.068,Urban Minor Arterial,COAL, EAST OF 6TH ST. - WEST OF 5TH ST.,25,2,7440,7207,4894,7016,6744,4575,6081,6173,5684,5770,392,17,2
25284,0.205,Urban Principal Arterial,BROADWAY, NORTH OF LEAD - SOUTH OF CENTRAL,30,4,13864,13429,9119,13076,12501,8423,11330,12909,10465,11944,2449,112,42
25300,0.072,Urban Minor Arterial,4TH STREET, NORTH OF COAL - SOUTH OF LEAD,30,2,3819,3699,2512,3602,3461,2348,3121,3295,2917,3110,224,10,4
25304,0.065,Urban Minor Arterial,COAL, EAST OF 5TH ST. - WEST OF 4TH ST.,25,2,9199,9475,5918,8747,9009,5533,7353,7464,6874,6978,454,18,1
25316,0.068,Urban Principal Arterial,3RD STREET, NORTH OF COAL - SOUTH OF LEAD,25,3,3147,3164,2070,2968,3024,1912,2572,2611,2376,2412,77,3,0
25332,0.072,Urban Minor Arterial,COAL, EAST OF 4TH ST. - WEST OF 3RD ST.,25,2,8484,8738,5458,8070,8313,5102,6781,6884,6339,6435,463,20,2
25328,0.073,Urban Principal Arterial,2ND STREET, NORTH OF COAL - SOUTH OF LEAD,35,2,8298,8901,6044,7826,8286,5583,7509,7623,6974,7080,517,20,4
25320,0.067,Urban Minor Arterial,COAL, EAST OF 3RD ST. - WEST OF 2ND ST.,25,2,7300,2532,8024,7100,2519,7502,9969,10120,9321,9462,634,25,3
25368,0.068,Urban Principal Arterial,BROADWAY, NORTH OF COAL - SOUTH OF LEAD,30,4,15426,14129,9560,14549,13153,8830,12235,10975,11363,10155,691,25,6
25876,0.727,Urban Major Collector,3RD STREET, NORTH OF AVENIDA CESAR CHAVEZ - SOUTH OF COAL,30,2,1735,1681,1141,1582,1526,1020,1418,1439,1267,1286,935,38,10
25892,0.72500002,Urban Major Collector,2ND STREET, NORTH OF AVENIDA CESAR CHAVEZ - SOUTH OF COAL,35,2,7322,7362,4816,6676,6647,4306,5984,6075,5350,5431,0,0,0
25968,0.69599998,Urban Principal Arterial,BROADWAY, NORTH OF AVENIDA CESAR CHAVEZ - SOUTH OF COAL,35,4,14293,13844,9400,13481,12887,8683,12145,12329,11280,11408,7941,293,94
25756,0.73500001,Urban Minor Arterial,4TH STREET, NORTH OF BRIDGE BLVD. - SOUTH OF COAL,30,2,10339,10015,6800,9750,9372,6357,8449,8577,7898,8018,5893,249,80
25888,0.207,Urban Major Collector,8TH STREET, NORTH OF BRIDGE - SOUTH OF MARQUEZ,25,2,14655,14195,9639,13362,12889,8619,11976,8992,10709,8152,1687,83,22
26604,1.45099998,Urban Minor Arterial,2ND STREET, NORTH OF WOODWARD - SOUTH OF AVENIDA CESAR CHAVEZ,35,3,4364,7421,5198,4115,6944,4860,6679,6973,6246,6521,9463,330,93
22347,0.331,Urban Major Collector,OURAY, EAST OF LADERA DR. - WEST OF ATRISCO (NORTH),30,3,15987,16461,13113,14576,14946,11725,15830,16032,14432,14534,4811,161,8
24712,0.43000001,Urban Major Collector,BLUEWATER, EAST OF UNSER - WEST OF AIRPORT,30,2,6057,6141,4983,5522,5576,4456,6211,5665,5554,5066,2178,84,20
24713,0.32100001,Urban Major Collector,BLUEWATER, EAST OF AIRPORT - WEST OF COORS,40,2,9210,9338,7578,8397,8479,6776,9446,9052,8446,8206,2634,77,18
24692,0.13600001,Urban Principal Arterial,CENTRAL, EAST OF ATRISCO - WEST OF SUNSET,35,6,38410,28849,23411,34911,26856,21624,29182,30630,27103,28341,3854,130,34
25016,0.77999997,Urban Principal Arterial,CENTRAL, EAST OF OLD COORS RD. - WEST OF ATRISCO,35,4,21272,21568,17502,20063,20078,16166,24785,22606,23019,20917,16314,523,87
25556,0.234,Urban Principal Arterial,CENTRAL, EAST OF UNSER - WEST OF 75TH,55,4,22729,23711,18701,21437,22662,17274,20324,18537,18876,17152,4014,119,52
25672,0.949,Urban Major Collector,SUNSET, N. OF SUNSET GARDENS - SOUTH OF CENTRAL,30,2,5639,5717,4639,5141,5191,4148,5783,5274,5170,4715,4475,184,50
25744,0.91500002,Urban Major Collector,ATRISCO (SOUTH), NORTH OF GOFF - SOUTH OF CENTRAL,30,4,8985,9110,7393,8192,8272,6611,9215,8405,8241,7516,6876,282,76
26152,0.493,Urban Principal Arterial,BRIDGE BLVD., EAST OF SUNSET - WEST OF ISLETA,35,4,27248,28022,21596,25699,26086,19948,25495,23253,23678,21515,10606,362,61
26156,0.634,Urban Major Collector,SUNSET, NORTH OF BRIDGE BLVD. - S. OF SUNSET GARDENS,25,2,6278,6365,5165,5724,5779,4618,6438,5872,5756,5250,3329,164,44
26160,0.588,Urban Major Collector,ATRISCO (SOUTH), NORTH OF BRIDGE BLVD. - SOUTH OF GOFF,25,2,4249,4308,3496,3874,3912,3126,4358,3975,3897,3554,2090,103,28
26164,0.53399998,Urban Principal Arterial,BRIDGE BLVD., EAST OF OLD COORS RD. - WEST OF ATRISCO,40,2,23528,23855,19358,22191,22207,17880,24130,14759,22287,13656,7292,233,70
26232,0.41299999,Urban Principal Arterial,BRIDGE BLVD., EAST OF GOFF - WEST OF SUNSET,35,4,27267,26112,17786,24784,24308,16429,17928,16352,16651,15130,6249,213,36
26240,0.58700001,Urban Principal Arterial,BRIDGE BLVD., EAST OF ATRISCO - WEST OF GOFF,35,4,26380,26747,21705,24880,24899,20048,27055,16330,24990,15110,8868,259,17
26332,0.48300001,Urban Minor Arterial,OLD COORS RD., NORTH OF SAGE - SOUTH OF BRIDGE,40,4,13070,13252,10754,12326,12401,10054,13405,9936,12532,9377,4530,138,39
26352,0.259,Urban Major Collector,SAGE, EAST OF COORS - WEST OF OLD COORS RD.,35,2,5529,5606,4549,5041,5090,4068,5670,5171,5071,4625,1198,40,9
26520,0.39300001,Urban Minor Arterial,OLD COORS RD., NORTHEAST OF COORS - SOUTH OF SAGE,35,4,9337,9467,7682,8805,8859,7182,9576,8734,8952,8165,3209,112,32
26524,0.34200001,Urban Principal Arterial,COORS, NORTHWEST OLD COORS RD. - SOUTH OF SAGE,45,4,18221,17390,14112,17185,16188,13035,17591,19383,16338,17935,6134,181,58
26540,0.83600003,Urban Major Collector,SUNSET, NORTHEAST OF GOFF - SOUTH OF BRIDGE BLVD.,25,2,5754,5834,4734,5246,5297,4233,5901,5382,5276,4812,4023,198,53
26256,0.68099999,Urban Major Collector,GOFF, NORTHWEST OF SUNSET - SOUTHEAST OF TAPIA,30,2,8196,10193,8272,7473,9255,7397,10311,6949,9400,6300,4290,176,48
26576,0.99400002,Urban Major Collector,TAPIA BLVD., NORTH OF ARENAL - SOUTHWEST OF GOFF,25,2,2635,2672,2168,2402,2426,1939,2702,2464,2417,2204,2191,108,29
26588,0.62800002,Urban Major Collector,ATRISCO (SOUTH),NORTH OF ARENAL - SOUTH OF ROSENDA GARCIA RD.,25,2,2196,2227,1807,2002,2022,1616,2252,2054,2014,1837,1153,57,15
26590,0.56699997,Urban Major Collector,ATRISCO (SOUTH),NORTH OF ROSENDA GARCIA RD. - SOUTH OF BRIDGE BLVD.,25,2,3588,3638,2952,3271,3303,2640,3680,3356,3291,3002,1702,84,23
26255,0.05,Urban Major Collector,GOFF, NORTH OF TAPIA - SOUTHEAST OF BRIDGE BLVD.,30,2,14951,15752,12181,13704,14372,10892,15184,7391,13577,6701,335,14,4
26536,0.447,Urban Principal Arterial,ISLETA BLVD.,EAST OF LOPEAZ RD. - SOUTH OF HARDY,40,2,16016,16330,16846,15106,15202,15560,20998,19152,19502,17721,7921,258,82
26538,0.48199999,Urban Principal Arterial,ISLETA BLVD., NORTH OF HARDY - SOUTH OF BRIDGE,30,2,15924,18418,13244,15019,17145,12233,14387,14816,13362,13709,6608,224,19
25824,0.61400002,Urban Minor Arterial,OLD COORS RD.,NORTH OF BRIDGE - SOUTH OF GONZALES,40,4,18795,16168,13120,17725,15129,12266,16354,14916,15294,13949,8564,261,74
22333,0.62099999,Urban Major Collector,BOB MCCANNON,EAST OF RONDA DE LECHUSAS - WEST OF LADERA,25,2,6381,6570,5234,5818,5965,4680,6157,6236,5505,5575,3463,110,-1
26592,0.435,Urban Major Collector,ARENAL, EAST OF COORS - WEST OF ATRISCO,30,2,17917,18166,14742,16336,16494,13182,12746,11625,11620,10539,4584,178,42
26596,0.64999998,Urban Major Collector,ARENAL, EAST OF ATRISCO - WEST OF TAPIA,30,2,7338,11900,9657,6726,10805,8635,12037,12207,10974,11067,7194,278,65
26624,1.06900001,Urban Principal Arterial,COORS, NORTH OF BLAKE ROAD - SOUTH OF ARENAL,45,4,27470,27852,22602,25909,25928,20877,26431,24107,24548,22306,23845,690,213
26628,1.10800004,Urban Major Collector,TAPIA BLVD., NORTH OF BLAKE - SOUTH OF ARENAL,30,2,8008,8119,6589,7301,7372,5892,8213,7491,7344,6698,7421,305,82
26632,0.65200001,Urban Major Collector,BLAKE ROAD, EAST OF TAPIA - WEST OF ISLETA BLVD.,25,2,7542,7647,6205,6876,6943,5548,7735,7055,6916,6308,4113,191,45
26636,0.93800002,Urban Major Collector,BLAKE ROAD,EAST OF COORS - WEST OF JOE SANCHEZ RD.,30,2,11099,11693,9042,10172,10667,8085,11271,10280,10078,9192,0,0,0
26672,0.53600001,Urban Principal Arterial,RIO BRAVO BLVD.,EAST OF DEL RIO RD. - WEST OF ISLETA BLVD.,45,4,27827,26980,18750,26245,25116,17320,19454,17743,18068,16417,8800,220,44
26620,0.43799999,Urban Principal Arterial,ISLETA BLVD.,NORTH OF BLAKE RD. - SOUTH OF CENTRO FAMILAR BLVD.,40,2,19624,15672,17663,18509,14589,16315,22017,20081,20448,18580,8138,262,82
26656,1.25399995,Urban Principal Arterial,RIO BRAVO BLVD., EAST OF ISLETA BLVD. - WEST OF 2ND ST.,45,4,30260,30456,21335,28540,28352,19707,30200,31530,28727,29992,37610,887,63
26652,1.56500006,Urban Minor Arterial,2ND STREET, NORTH OF RIO BRAVO - SOUTH OF WOODWARD,35,2,10075,11215,7856,9501,10495,7345,10095,10540,9440,9856,15425,537,151
26812,0.85299999,Urban Major Collector,2ND STREET, NORTH OF EASTVIEW - SOUTH OF RIO BRAVO,45,2,7409,7457,5224,6755,6771,4671,6713,7009,6002,6266,5345,146,39
26796,0.792,Urban Major Collector,GUN CLUB ROAD, EAST OF COORS SOUTH - WEST OF SOUTHFIELD,30,2,5321,5395,4314,4851,4898,3858,5299,4833,4831,4382,3471,134,31
26804,0.85799998,Urban Major Collector,GUN CLUB ROAD, EAST OF SOUTHFIELD - WEST OF ISLETA BLVD.,30,2,5133,5204,4171,4680,4725,3730,5134,4683,4681,4246,3643,141,33
26808,0.31299999,Urban Principal Arterial,ISLETA BLVD., NORTH OF SUNSHINE - SOUTH OF GUN CLUB ROAD,40,2,10760,10142,8230,10148,9441,7602,10259,10145,9528,9387,2938,78,12
26824,0.82700002,Urban Principal Arterial,COORS, NORTH OF DON FELIPE ROAD - SOUTH OF GUN CLUB ROAD,55,4,19689,19470,16202,18570,18125,14966,19381,20160,18000,18654,15427,426,168
26840,1.11699998,Urban Principal Arterial,ISLETA BLVD., NORTH OF DON FELIPE ROAD - SOUTH OF SUNSHINE,40,2,12430,9312,7557,11723,8669,6980,9420,9229,8749,8539,9538,252,40
26844,1.44599998,Urban Major Collector,DON FELIPE ROAD, EAST OF COORS SOUTH - WEST OF ISLETA BLVD.,35,2,1762,1786,1449,1606,1622,1296,1806,1647,1615,1473,2133,71,16
26848,0.55900002,Urban Principal Arterial,COORS, NORTH OF PAJARITO - SOUTH OF DON FELIPE ROAD,55,4,14162,14359,11652,13357,13367,10763,14147,12903,13139,11939,6674,143,34
26868,0.398,Urban Principal Arterial,ISLETA BLVD., NORTH OF PAJARITO ROAD - SOUTH OF DON FELIPE ROAD,35,2,7662,6682,5422,7226,6220,5008,6759,6510,6277,6024,2398,63,1
26884,0.59799999,Urban Principal Arterial,ISLETA BLVD., NORTH OF RAYMAC - SOUTH OF PAJARITO ROAD,45,2,8504,6891,5310,8021,6415,4905,6265,6448,5819,5966,3568,86,14
26888,0.85900003,Urban Principal Arterial,COORS, NORTH OF RAYMAC - SOUTH OF PAJARITO,55,4,12401,13021,10566,11696,12121,9760,13170,12012,12232,11156,9583,205,48
26858,1.28699994,Urban Major Collector,RAYMAC, EAST OF COORS - WEST OF ISLETA,35,2,2743,2781,2257,2501,2525,2018,2813,2566,2515,2294,2952,98,23
26856,1.30999994,Urban Major Collector,PAJARITO ROAD, EAST OF COORS - WEST OF ISLETA BLVD.,35,2,1258,1275,1035,1147,1158,925,1290,1177,1153,1052,1377,46,11
27016,0.38299999,Urban Principal Arterial,COORS, NORTH OF MALPAIS - SOUTH OF LAS PADILLAS,55,4,7990,8754,7104,7536,8149,6562,8855,9271,8224,8578,3285,70,16
27026,1.04999995,Urban Principal Arterial,COORS,NORTH OF LAS PADILLAS - SOUTH OF POWERS,55,4,9339,9469,7684,8808,8815,7097,9578,10453,8846,9672,10156,218,51
26912,0.884,Urban Principal Arterial,ISLETA BLVD.,NORTH OF LOS PADILLAS - SOUTH OF CHERRY TREE LN.,45,2,7536,7080,5745,7108,6591,5306,7161,6531,6651,6066,5361,131,24
22248,0.12,Urban Local,QUAIL, EAST OF ATRISCO (NORTH) - WEST OF COORS,25,2,11511,11705,9442,10633,10813,8443,11107,11249,9932,10059,0,0,0
20972,0.31999999,Urban Major Collector,TAYLOR RANCH RD., N.W. OF GOLF COURSE (LA ORILLA) - SOUTH OF HOMESTEAD CIR. (,35,4,6246,6431,5123,5695,5839,4581,6026,6103,5389,5458,1747,56,9
20980,0.80000001,Urban Major Collector,LA ORILLA, EAST OF TAYLOR RANCH RD. - WEST OF COORS,35,2,5327,5485,4370,4857,4980,3907,5140,4955,4596,4492,3593,119,28
21292,0.15000001,Urban Major Collector,DELLYNE, EAST OF UNSER - WEST OF GOLDEN,35,2,4044,4164,3750,3687,3781,3353,4411,4467,4021,4050,607,20,5
21324,0.234,Urban Major Collector,DELLYNE, EAST OF VALLE VISTA - WEST OF COORS,35,2,8766,9026,7325,7992,8195,6550,7144,7719,6513,6998,1638,54,13
21325,0.75199997,Urban Major Collector,DELLYNE, EAST OF GOLDEN - WEST OF VALLE VISTA,35,2,5786,5891,5660,5275,5348,5061,6593,6040,6011,5476,4117,137,32
20752,0.54100001,Urban Major Collector,CALLE NORTENA, EAST OF TAYLOR RANCH ROAD - WEST OF GOLF COURSE ROAD,35,2,8729,8988,7160,7959,8161,6402,8422,8530,7531,7627,4127,137,32
20524,0.72399998,Urban Minor Arterial,PARADISE BLVD., EAST OF GOLF COURSE - WEST OF EAGLE RANCH RD.,40,2,21288,21920,17462,20076,20512,16325,22126,22409,20691,21148,15312,431,87
20260,0.74800003,Urban Major Collector,IRVING, EAST OF LA PAZ - WEST OF UNSER,25,2,6050,5905,4588,5516,5362,4102,5421,5728,4942,5193,3883,180,42
20344,0.44499999,Urban Minor Arterial,IRVING, EAST OF GOLF COURSE - WEST OF CARDINAL,35,2,15649,16113,12836,14758,15078,12000,15054,15246,14078,14388,6403,206,42
20146,0.903,Urban Minor Arterial,IRVING,EAST OF CARDINAL - NORTH OF CONGRESS,35,2,17910,18441,14691,16890,17256,13735,17281,17151,16157,16186,14615,511,144
20428,0.18700001,Urban Minor Arterial,IRVING, EAST OF EAGLE RANCH RD - WEST OF COORS,40,4,19688,20272,16149,18567,18970,15098,18971,19214,17741,18133,3391,95,19
20968,1.27199996,Urban Minor Arterial,GOLF COURSE ROAD, NORTH OF LA ORILLA - SOUTH OF CALLE NORTENA,40,4,17668,18192,14492,16662,17023,13549,15958,16162,14924,15253,19402,593,167
21316,0.78600001,Urban Minor Arterial,LAYTON/VENTURA, NORTHWEST OF EUBANK - SOUTHEAST OF ACADEMY,25,2,6973,6959,5490,6632,6619,5133,6548,6850,6122,6405,0,0,0
26580,0.317,Urban Principal Arterial,COORS, NORTH OF ARENAL - SOUTH OF OLD COORS RD.,45,4,30296,29400,23858,28574,27369,22037,29739,25977,27620,24036,7619,230,78
26692,0.36000001,Urban Principal Arterial,RIO BRAVO BLVD.,EAST OF PRINCE RD. - WEST OF BROADWAY,45,4,31023,31485,24142,29260,29310,22299,28941,34343,26879,31777,11440,350,121
24675,0.066,Urban Minor Arterial,GOLD, EAST OF 3RD ST. - WEST OF 2ND ST.,25,2,2805,2717,1845,2645,2542,1725,2292,2327,2143,2175,144,6,1
20984,0.51099998,Urban Principal Arterial,WYOMING,NORTH OF SAN ANTONIO - SOUTH OF SAN FRANCISCO (S.),40,4,24730,25279,19023,23324,23532,17571,25362,26533,23555,24550,12545,344,65
20985,0.048,Urban Principal Arterial,WYOMING,NORTH OF SAN FRANCISCO (S.) - SOUTH OF SAN FRANCISCO (N.),40,6,28288,28916,21760,26680,26918,20099,25953,21703,23972,20081,964,26,5
20856,0.54799998,Urban Minor Arterial,LAYTON/VENTURA, NORTH OF HARPER RD. - SOUTH OF SAN FRANCISCO (N.),40,4,11847,12110,8612,11172,11332,8051,9673,10120,9046,9551,5233,160,45
20857,0.098,Urban Minor Arterial,LAYTON/VENTURA, NORTH OF HARPER RD. - SOUTH OF SAN FRANCISCO (N.),40,4,10294,10523,7919,9708,9847,7403,9195,9620,8599,9079,890,27,8
25421,0.27200001,Urban Principal Arterial,CENTRAL, EAST OF 75TH - WEST OF AIRPORT,50,4,26675,28103,21733,24245,24945,20074,19887,18138,18470,16783,4565,132,49
25420,0.22,Urban Principal Arterial,CENTRAL, EAST OF AIRPORT - WEST OF COORS,50,4,16008,16231,13171,15098,15110,12166,17650,16098,16392,14895,3277,113,53
24984,0.068,Urban Minor Arterial,GOLD,EAST OF 5TH ST. - WEST OF 4TH ST.,25,2,4925,2544,1727,4645,2381,1615,2146,2178,2007,2037,138,6,1
24985,0.069,Urban Minor Arterial,GOLD,EAST OF 4TH ST. - WEST OF 3RD ST.,25,2,2335,2262,1536,2202,2117,1436,1908,1937,1784,1811,125,6,1
24132,0.34099999,Urban Interstate,I-40 EBD, UNSER OFF RAMP - UNSER ON RAMP 1,65,2,30721,31231,27233,29570,30061,25948,31182,31088,29710,29621,10101,151,1
22592,0.34900001,Urban Minor Arterial,RIO GRANDE BLVD., NORTH OF I-40 N. RAMPS - SOUTH OF MENAUL,35,4,24339,24497,17160,22953,22923,16043,20342,21238,19023,20043,6995,244,69
22652,0.29300001,Urban Minor Arterial,6TH STREET, N. OF I-40 N. FRONTAGE RD. - SOUTH OF MENAUL,30,5,11372,11446,8018,10724,10711,7496,13275,13860,12414,13080,3832,155,37
25956,0.38499999,Urban Principal Arterial,JUAN TABO, NORTH OF CENTRAL - SOUTH OF I-40 S. RAMPS,40,6,30512,30436,22961,28778,28333,21208,30786,31189,28592,28858,11110,385,138
26056,0.237,Urban Interstate On-Ramp,A. C. CHAVEZ INTCH., I-25 SBD ON RAMP,45,1,2537,2553,1651,2313,2318,1476,2121,2214,1934,2007,476,17,7
26032,0.178,Urban Interstate Off-Ramp,A. C. CHAVEZ INTCH., I-25 NBD OFF RAMP,45,1,2353,2347,1442,2145,2131,1289,1708,1730,1557,1568,279,6,1
25416,0.066,Urban Principal Arterial,LEAD, E. OF I25 W. FRONT. RD.(LOCUST) - WEST OF I-25 E. FRONT. RD,30,3,8622,8601,6489,8132,8007,5994,7687,7788,7100,7193,475,20,6
24848,0.041,Urban Interstate Frontage,OAK, NORTH OF I-25 OFF RAMP - SOUTH OF MARTIN LUTHER KING JR,35,3,8135,8115,6122,7417,7368,5474,7252,8272,6484,7499,307,12,4
25060,0.17299999,Urban Interstate Frontage,LOCUST, NORTH OF CENTRAL - SOUTH OF MARTIN LUTHER KING JR,35,2,14480,14026,9524,13202,12735,8516,10238,10393,9334,9422,1630,47,9
23020,0.077,Urban Minor Arterial,RIO GRANDE BLVD., NORTH OF I-40 S. RAMPS - SOUTH OF I-40 N. RAMPS,35,4,26382,26553,18601,24880,24847,17390,33874,35366,31678,33376,2570,89,25
22724,0.094,Urban Minor Arterial,12TH STREET, N. OF I-40 S. FRONTAGE RD. - S. OF I-40 N. FRONTAGE RD.,30,4,15915,16018,11221,15009,14989,10490,13917,14530,13015,13712,1289,52,15
23136,0.44100001,Urban Principal Arterial,BROADWAY,NORTH OF ODELIA - I-40 UNDERPASS,35,2,11376,11019,7482,10729,10258,6911,9296,9437,8587,8717,3844,114,6
25952,0.06,Urban Principal Arterial,AVENIDA CESAR CHAVEZ, EAST OF I-25 W. RAMPS - WEST OF I-25 E. RAMPS,35,4,25902,27504,20749,24430,25604,19165,24578,24899,22827,23125,1387,55,21
25496,0.068,Urban Principal Arterial,COAL, E. OF I25 W. FRONT. RD.(LOCUST) - WEST OF I-25 E. FRONT. RD,35,3,13975,13536,9702,13181,12601,8961,11327,11498,10520,10639,724,29,9
25492,0.069,Urban Interstate Frontage,OAK, NORTH OF COAL - SOUTH OF LEAD,35,2,4871,4859,3666,4441,4412,3278,4343,4400,3883,3934,271,10,3
25308,0.18099999,Urban Interstate Frontage,OAK, NORTH OF I-25 ON RAMP - SOUTH OF CENTRAL,35,2,2828,3246,2449,2578,2947,2190,2901,2939,2645,2680,485,19,6
25412,0.03,Urban Interstate Frontage,OAK, NORTH OF LEAD - SOUTH OF I-25 ON RAMP,35,2,7473,7495,5671,6914,6935,5071,6718,6806,6007,6086,0,0,0
25444,0.068,Urban Interstate Frontage,LOCUST, NORTH OF COAL - SOUTH OF LEAD,35,2,7958,7708,5234,7256,6999,4680,6503,7714,5815,6993,476,14,3
25092,0.068,Urban Principal Arterial,CENTRAL, E. OF I25 W. FRONT. RD.(LOCUST) - WEST OF I-25 E. FRONT. RD,30,4,18223,18178,13714,17187,16922,12667,16245,14221,15005,13158,895,35,10
23712,0.289,Urban Minor Arterial,INDIAN SCHOOL, I-25 OVERPASS - WEST OF UNIVERSITY,40,4,9376,9404,7114,8915,8941,6651,8427,8537,7879,7982,2297,69,18
23700,0.193,Urban Minor Arterial,INDIAN SCHOOL, EAST OF LOCUST - I-25 OVERPASS,35,4,7680,7439,5816,7243,6961,5437,7226,7335,6757,6922,1336,32,2
27028,1.09399998,Urban Major Collector,LOS PADILLAS, EAST OF COORS - WEST OF ISLETA,25,2,1996,2024,1642,1820,1838,1468,2047,1867,1830,1669,1827,85,20
23420,0.36500001,Urban Major Collector,ILLIF, EAST OF COORS - WEST OF ATRISCO (NORTH),30,2,9173,9301,7548,8363,8445,6749,9409,10441,8413,9466,3455,134,31
23616,0.48800001,Urban Major Collector,HANOVER, EAST OF COORS - WEST OF ATRISCO,30,2,5270,5343,4336,4805,4851,3877,5405,4917,4833,4458,2176,84,20
25076,0.20100001,Urban Minor Collector,ALCALDE,NORTHEAST OF TINGLEY - SOUTHWEST OF COAL,25,2,3710,3676,2496,3383,3338,2232,3101,3148,2827,2870,577,23,5
25224,0.138,Urban Minor Collector,COAL, EAST OF 12TH ST. - WEST OF 10TH ST.,25,2,3184,3084,2094,2903,2800,1872,2602,2641,2326,2361,326,13,3
25120,0.13699999,Urban Minor Collector,LEAD, EAST OF 12TH ST. - WEST OF 10TH ST.,25,2,4826,4675,3174,4400,4245,2838,3944,4004,3526,3579,490,20,4
25121,0.13600001,Urban Major Collector,LEAD, EAST OF 10TH ST. - WEST OF 8TH ST.,30,2,3349,3450,2154,3098,3192,1926,2676,2717,2393,2429,330,15,6
25225,0.13500001,Urban Major Collector,COAL, EAST OF 10TH ST. - WEST OF 8TH ST.,25,2,3456,2953,2005,3195,2681,1793,2491,2529,2271,2305,311,16,6
25096,0.273,Urban Major Collector,10TH STREET, NORTH OF LEAD - SOUTH OF CENTRAL,25,2,1920,1860,1263,1751,1689,1129,1569,1593,1403,1424,389,19,5
25097,0.067,Urban Major Collector,10TH STREET, NORTH OF COAL - SOUTH OF LEAD,25,2,1863,1920,1198,1720,1770,1071,1488,1511,1331,1351,91,4,1
20648,0.81599998,Urban Minor Arterial,EDITH BLVD., NORTH OF EL PUEBLO - SOUTH OF ALAMEDA BLVD.,35,2,4257,4351,2959,4015,4071,2766,3787,4054,3540,3790,3093,108,31
25036,0.699,Urban Principal Arterial,CENTRAL, EAST OF COORS - WEST OF YUCCA,40,4,30739,20940,16993,28992,19493,15696,21182,25664,19673,23746,16599,519,151
25034,0.039,Urban Principal Arterial,CENTRAL, EAST OF YUCCA - WEST OF OLD COORS RD.,40,4,29948,20297,16471,28246,18895,15214,20531,18726,19068,17391,678,22,7
21400,0.315,Urban Principal Arterial,EUBANK, NORTH OF SPAIN - SOUTH OF CAMINO DEL SOL,35,4,25637,26815,20179,24180,24962,18639,24068,24906,22353,23045,7259,206,11
25048,0.31999999,Urban Principal Arterial,UNSER BLVD., NORTH OF BLUEWATER - SOUTH OF LOS VOLCANES,45,4,30106,30525,24770,28395,28416,22880,33912,30930,31496,28619,9158,284,101
25050,0.38800001,Urban Principal Arterial,UNSER BLVD., NORTH OF CENTRAL - SOUTH OF BLUEWATER,45,4,26785,27158,22038,25262,25281,20356,30050,27408,27909,25360,9840,313,116
22239,0.215,Urban Major Collector,REDLANDS, EAST OF LADERA - WEST OF ATRISCO,25,2,3603,3710,2956,3285,3369,2643,3477,5152,3109,4671,1004,47,11
19124,0.42899999,Urban Interstate,I-25 SBD, ALGODONES ON RAMP - ALGODONES OFF RAMP,75,2,19911,20242,17565,19990,20322,16736,20112,19655,18934,18845,8085,112,11
19132,0.419,Urban Interstate,I-25 NBD, ALGODONES OFF RAMP - ALGODONES ON RAMP,75,2,29363,29850,18250,29131,29615,17389,20896,20006,19672,19182,8038,111,11
20525,0.72000003,Urban Minor Arterial,GOLF COURSE ROAD, NORTH OF PASEO DEL NORTE - SOUTH OF PARADISE BLVD.,40,4,25535,26292,20946,24081,24604,19582,22143,22426,20707,21165,15237,466,132
24660,0.31200001,Urban Principal Arterial,MARTIN LUTHER KING JR, EAST OF 2ND ST - SOUTHWEST OF BROADWAY,25,1,3040,2945,2000,2867,2742,1847,2485,2523,2295,2330,727,36,9
28594,0.067,Urban Major Collector,CENTRAL, EAST OF 6TH - WEST OF 5TH,30,2,10687,7819,5309,9744,7099,4747,6596,6696,6014,6105,409,21,9
28595,0.067,Urban Major Collector,CENTRAL, EAST OF 5TH - WEST OF 4TH,30,2,10980,13206,8967,10011,11991,8018,11141,7650,10157,6935,465,30,17
28596,0.071,Urban Major Collector,CENTRAL,EAST OF 4TH - WEST OF 3RD,30,2,11967,12032,7871,10911,10863,7038,8466,8594,7718,7791,553,36,20
28597,0.067,Urban Major Collector,CENTRAL,EAST OF 3RD - WEST OF 2ND,30,2,12106,11743,7974,11038,10662,7130,9907,7874,9032,7138,478,30,16
28598,0.07,Urban Major Collector,CENTRAL,EAST OF 2ND - WEST OF 1ST,30,2,10076,9401,6383,9187,8536,5707,7931,8051,7231,7340,514,27,12
23418,0.36500001,Urban Major Collector,UPTOWN BLVD., EAST OF SAN PEDRO - WEST OF AMERICAS PKWY,30,4,4556,4545,3429,4154,4127,3066,4062,4115,3632,3679,1342,52,12
20007,0.16500001,Urban Major Collector,UPTOWN BLVD., EAST OF AMERICAS PKWY - WEST OF LOUISIANA,30,4,3662,3649,2753,3338,3313,2462,3261,3304,2916,2954,487,19,4
19134,0.64999998,Urban Interstate,I-25 NBD, ALGODONES ON RAMP - SAN FELIPE RES. LINE,75,2,30010,30508,18642,29728,30221,17762,21345,21281,20337,20276,13179,185,20
19126,0.648,Urban Interstate,I-25 SBD, ALGODONES OFF RAMP - SAN FELIPE RES. LINE,75,2,20516,20857,17161,20544,20885,16351,19649,19590,18722,18666,12096,170,19
10455,0.62300003,Rural Interstate,I-25 SBD, SAN FELIPE ON RAMP - SAN FELIPE OFF RAMP,75,2,20020,20352,21350,20188,20523,21205,24360,22244,24208,22111,13775,193,21
10450,3.34699988,Rural Interstate,I-25 SBD, SAN FELIPE RES. LINE - SAN FELIPE ON RAMP,75,2,20516,20857,18103,20544,20885,17980,20656,24112,20515,23948,80154,1126,124
10475,0.442,Rural Interstate,I-25 SBD, SANTO DOMINGO ON RAMP - TO SANTO DOMINGO OFF RAMP,75,2,20010,20342,18737,20228,20564,18610,21379,20656,21245,20533,9076,127,13
10400,3.421,Rural Interstate,I-25 NBD, SAN FELIPE RES. LINE-SAN FELIPE OFF RAMP,75,2,30010,30508,18556,29728,30221,18430,21172,24715,21029,24548,83979,1178,129
10410,0.57700002,Rural Interstate,I-25 NBD, SAN FELIPE OFF RAMP -SAN FELIPE ON RAMP,75,2,28740,29217,19489,28607,29082,19357,22237,25958,22098,25795,14884,205,19
10415,4.53999996,Rural Interstate,I-25 NBD, SAN FELIPE ON RAMP -BUDAGHERS OFF RAMP,75,2,23814,24209,21013,23846,24242,20871,23976,27988,23814,27799,126203,1781,204
10420,0.50300002,Rural Interstate,I-25 NBD, BUDAGHERS OFF RAMP - BUDAGHERS ON RAMP,75,2,23587,23979,19880,23631,24023,19745,22683,21800,22541,21670,10900,152,16
10470,1.27199996,Rural Interstate,I-25 SBD, BUDAGHERS OFF RAMP - SANTO DOMINGO ON RAMP,75,2,22233,22602,20399,22254,22623,20261,23275,21456,23129,21328,27129,378,38
10425,1.14600003,Rural Interstate,I-25 NBD, BUDAGHERS ON RAMP - SANTO DOMINGO OFF RAMP,75,2,23650,24043,21625,23677,24070,21478,24674,28803,24520,28623,32802,458,48
10430,0.542,Rural Interstate,I-25 NBD, SANTO DOMINGO OFF RAMP - SANTO DOMINGO ON RAMP,75,2,20637,20980,18688,20812,21157,18561,21323,20758,21190,20634,11184,155,15
10465,0.44800001,Rural Interstate,I-25 SBD, BUDAGHERS ON RAMP - BUDAGHERS OFF RAMP,75,2,22089,22456,19145,22124,22491,19015,21844,23420,21707,23280,10429,144,14
10460,4.56699991,Rural Interstate,I-25 SBD, SAN FELIPE OFF RAMP - BUDAGHERS ON RAMP,75,2,22145,22513,19540,22175,22543,19408,22295,26025,22145,25850,118057,1642,167
40570,0.685,Rural Interstate,I-40 EBD, WAGON WHEEL OFF RAMP - WAGON WHEEL ON RAMP,75,2,13738,13966,8361,13767,13996,8304,9540,17271,9475,17168,11760,169,22
45070,0.68400002,Rural Interstate,I-40 WBD, WAGON WHEEL ON RAMP - WAGON WHEEL OFF RAMP,75,2,11384,11573,8177,11429,11619,8122,9330,18389,9267,18279,12503,179,22
26552,0.49599999,Urban Principal Arterial,ISLETA BLVD.,EAST OF ARENAL - WEST OF LOPEZ RD.,35,2,19895,16987,13785,18764,15813,12733,17183,15245,15959,14106,6997,244,64
26572,0.62900001,Urban Major Collector,ARENAL, EAST OF TAPIA - WEST OF ISLETA/GOFF,30,4,11387,11545,8577,10382,10483,7669,9704,8851,8847,8024,5047,195,46
26560,0.094,Urban Major Collector,GOFF, NORTH OF ARENAL/ISLETA - SOUTH OF SUNSET,30,4,15096,15306,12421,13764,13897,11106,15483,12797,13844,11602,1091,45,12
21871,0.086,Urban Major Collector,ALEXANDER, NORTH OF MONTBEL LOOP - SOUTH OF RENIASSANCE (SOUTH),35,4,8773,8830,6140,7999,8017,5490,7833,8178,7141,7414,638,22,6
21111,0.301,Urban Major Collector,ALEXANDER, NORTH OF RENIASSANCE (SOUTH) - SOUTH OF RENIASSANCE (NORTH),35,4,5458,5493,3848,4976,4987,3441,4945,5163,4422,4617,1390,49,13
26665,0.27000001,Urban Principal Arterial,ISLETA BLVD.,NORTH OF RIO BRAVO - SOUTH OF BARCELONA,40,4,20116,21965,17154,18973,20447,15845,20547,18740,19083,17340,4682,186,82
26668,0.52700001,Urban Principal Arterial,ISLETA BLVD.,NORTH OF BARCELONA - SOUTH OF BLAKE RD.,40,2,16309,16536,15562,15382,15393,14374,22068,20127,20496,18623,9814,294,76
26683,0.53799999,Urban Major Collector,BARCELONA RD.,EAST OF DEL RIO RD. - WEST OF ISLETA BLVD.,30,2,2733,2771,2249,2492,2516,2011,2803,2557,2507,2287,1230,48,11
23270,0.88700002,Urban Principal Arterial,UNSER BLVD., NORTH OF WESTERN TRAIL - SOUTH OF DELLYNE,45,4,27809,31691,24944,26228,29501,23040,28342,30681,26322,28388,25180,592,33
23269,0.82800001,Urban Principal Arterial,UNSER BLVD., NORTH OF ST. JOSEPHS - SOUTH OF WESTERN TRAIL,45,4,27516,28332,22570,25952,26374,20847,24772,25089,23007,23214,19222,385,-7
20011,0.245,Urban Major Collector,TENNYSON, NORTH OF TRAMWAY TERRACE - SOUTH OF S. DOMINGO BACA ARR.,25,2,333,295,222,304,268,199,265,277,242,253,62,3,1
21259,0.51800001,Urban Principal Arterial,EUBANK, NORTH OF SAN FRANCISCO - SOUTH OF PASEO DEL NORTE,40,4,16059,16415,12353,15146,15281,11410,14794,15477,13740,14321,7418,204,40
20576,0.126,Urban Interstate On-Ramp,P.D.N./COORS INTCH.,COORS SBD TO PDN WBD,40,2,3526,950,982,3215,850,878,1719,1848,1567,1675,211,5,1
20578,0.09,Urban Interstate Off-Ramp,P.D.N./COORS INTCH.,PDN EBD OFF RAMP TO COORS SBD,0,2,2352,2422,707,2144,2199,632,907,856,827,776,70,0,0
20574,0.097,Urban Interstate On-Ramp,P.D.N./COORS INTCH.,COORS NBD TO PDN EBD,0,2,24793,22700,20337,22605,20400,18185,23922,24228,21391,21664,2101,0,0
20569,0.12800001,Urban Principal Arterial,COORS, NORTH OF P.D.N. S. RAMPS - SOUTH OF P.D.N. N. RAMPS,45,6,28424,28907,23437,27086,27546,21648,27569,27921,25465,25791,3120,87,24
29979,0.237,Urban Local,P.D.N./COORS INTCH., EBD ON RAMP,40,2,20437,32200,25652,18699,28900,28900,30175,30561,33995,34430,0,0,0
20573,0.48500001,Urban Principal Arterial,PASEO DEL NORTE, EAST OF COORS W. RAMPS - WEST OF COORS E. RAMPS,45,2,46107,47475,37820,43486,44195,34933,44488,45057,41092,41617,20184,394,-9
29988,0.154,Urban Local,P.D.N./COORS INTCH., EBD OFF RAMP,35,2,2081,2118,1687,1901,1922,1922,1984,2009,2261,2290,0,0,0
20572,0.164,Urban Principal Arterial,PASEO DEL NORTE, EAST OF EAGLE RANCH RD. - WEST OF COORS W. RAMPS,45,6,44624,42636,33965,42087,39690,31372,39953,40464,37106,37580,6163,159,45
29912,0.199,Rural Major Collector, , ,0,0,0,2700,2151,0,2600,2600,2530,2562,3058,3097,0,0,0
20016,0.113,Urban Major Collector,MODESTO, EAST OF TENNYSON - WEST OF TRAMWAY,25,2,729,745,561,665,676,502,669,700,599,627,71,3,1
20204,0.097,Urban Principal Arterial,ELLISON, EAST OF GOLF COURSE - WEST OF SEVEN BAR LOOP .,40,4,22747,23422,18659,21454,21804,17235,23426,23726,21757,21953,2129,65,17
20288,0.30700001,Urban Principal Arterial,COORS BYPASS, NORTHWEST OF 7 BAR LOOP - SOUTH OF ELLISON,45,6,51020,52534,41850,48120,48904,38656,48506,49126,45050,45455,13955,366,86
20276,0.44,Urban Principal Arterial,N.M. 528, NORTHWEST OF COORS/CORRALES RD. - EAST OF CALLE CUERVO,40,4,32960,33938,27036,31086,31593,24972,33020,33442,30667,30943,13616,416,109
20290,0.45899999,Urban Principal Arterial,COORS BYPASS, NORTH OF ELLISON - SOUTHEAST OF N.M. 528,45,6,42711,44074,35111,40283,41029,32431,41301,41829,38358,38848,17831,468,109
29987,0.13500001,Urban Local,P.D.N./COORS INTCH., WBD OFF RAMP,35,2,23477,25800,20553,21485,23200,23200,24177,24486,27290,27639,0,0,0
20575,0.123,Urban Interstate Off-Ramp,P.D.N./COORS INTCH.,PDN WBD OFF RAMP TO COORS NBD,0,2,27154,22300,23542,24757,20400,21050,22444,22151,20462,20082,2470,0,0
20537,0.142,Urban Principal Arterial,TRAMWAY, SOUTH OF ROAD TO TRAM - NORTH OF TRAMWAY LANE,50,4,9185,9389,7066,8663,8740,6527,8428,8817,7785,8144,1156,25,4
20196,0.101,Urban Major Collector,ELLISON, NORTHEAST OF N.M. 528 - SOUTHWEST OF CALLE CUERVO,25,4,7573,7798,6212,6905,7080,5555,7307,7400,6534,6618,668,31,7
20200,0.44999999,Urban Principal Arterial,ELLISON, EAST  OF COORS BYPASS - SOUTHWEST OF N.M. 528,35,4,22654,23326,18582,21366,21714,17164,23629,23931,21945,22143,9964,349,91
20620,0.067,Urban Principal Arterial,2ND STREET,NORTH OF EL PUEBLO - SOUTH OF PDN SOUTH RAMPS,45,5,30385,30582,21423,28658,28469,19788,27528,19100,25427,17673,1184,36,13
28508,0.36700001,Urban Major Collector,CALLE CUERVO, SOUTHEAST OF ELLISON - WEST OF CORRALES ROAD,30,4,4590,4726,3405,4185,4291,3045,4005,4056,3651,3677,1349,52,12
26144,0.107,Urban Interstate On-Ramp,TRAMWAY INTCH., I-40 WBD ON RAMP FROM 4 HILLS,45,1,1880,1875,1415,1714,1702,1265,1676,1806,1498,1637,175,4,1
26132,0.13600001,Urban Major Collector,FOUR HILLS RD., NORTH OF TRAMWAY - SOUTH OF N.M. 333,40,4,5571,5557,4192,5079,5046,3748,4966,5031,4440,4498,612,19,5
20548,0.505,Urban Minor Arterial,RIO GRANDE BLVD., NORTH OF EL PUEBLO - SOUTH OF ORTEGA,25,2,6932,7086,4819,6537,6631,4505,6167,6602,5765,6172,3117,152,43
20577,2.16100001,Urban Principal Arterial,PASEO DEL NORTE, EAST OF COORS E. RAMPS - WEST OF PDN/2ND WEST RAMPS,50,6,79700,95060,64646,73700,87850,59712,86624,91450,80256,84600,188381,3299,-469
20596,0.161,Urban Principal Arterial,2ND STREET,NORTH OF PDN NORTH RAMPS - SOUTH OF ORTEGA,45,4,18730,18842,12814,17665,17540,11836,16399,17555,15230,16304,2625,71,18
20588,0.391,Urban Minor Arterial,4TH STREET, NORTH OF EL PUEBLO - SOUTH OF ORTEGA,35,4,8269,8453,5854,7798,7910,5473,7492,8020,7006,7569,2960,103,29
20600,0.428,Urban Principal Arterial,PASEO DEL NORTE, EAST OF PDN/2ND WEST RAMPS - WEST OF PDN/2ND EAST RAMPS,60,6,68823,70351,47842,64911,65490,44190,61226,65544,56553,60541,25912,456,57
20672,1.20599997,Urban Principal Arterial,PASEO DEL NORTE,EAST OF PDN/2ND RAMPS - WEST OF PDN/JEFFERSON WEST RAMPS,60,6,90434,97090,62865,85293,92797,58067,80452,86125,74312,79552,97345,1929,431
25988,0.611,Urban Interstate,I-40 WBD, TRAMWAY ON RAMP 1 - TRAMWAY ON RAMP 2,65,3,26767,27211,22022,26009,26441,20983,25215,25139,24026,23954,14636,221,0
29510,0.49200001,Urban Interstate,I-40 WBD, CARNUEL ON RAMP - CARNUEL OFF RAMP,65,3,28139,28606,22257,27087,27537,21207,25484,25408,24282,24209,11911,179,0
26308,0.92299998,Urban Interstate,I-40 EBD, TRAMWAY ON RAMP - CARNUEL OFF RAMP,65,3,31513,32036,22721,30387,30891,21649,26016,25938,24788,24714,22811,347,5
29502,0.28099999,Urban Interstate,I-40 EBD, CARNUEL OFF RAMP - CARNUEL ON RAMP,70,3,31372,31893,21891,30226,30728,20858,25065,24990,23882,23810,6691,103,14
29518,2.32800007,Rural Interstate,I-40 WBD, N.M. 14 OFF RAMP - A34E PERMANENT COUNTER,70,2,26948,27395,23779,26984,27432,23618,27132,31672,26948,31457,73232,1097,121
29508,2.24000001,Rural Interstate,I-40 EBD, N.M. 14 ON RAMP - A34E PERMANENT COUNTER,70,2,19869,20199,17532,19896,20226,17413,20004,23351,19868,23192,51948,785,92
29692,0.55299997,Rural Interstate,I-40 WBD, ZUZAK ON RAMP - ZUZAK OFF RAMP,70,2,22830,23209,20145,22861,23240,20008,22985,26831,22829,26649,14737,218,21
29680,0.54299998,Rural Interstate,I-40 EBD, ZUZAK OFF RAMP - ZUZAK ON RAMP,70,2,18244,18547,19437,18200,18502,19305,22178,25889,22027,25713,13962,211,25
29682,3.11400008,Rural Interstate,I-40 EBD, ZUZAK ON RAMP - SEDILLO OFF RAMP,70,2,18529,18837,14436,18603,18912,14338,16471,19227,16360,19097,59468,947,155
29694,3.28900003,Rural Interstate,I-40 WBD, ZUZAK OFF RAMP - SEDILLO ON RAMP,70,2,22981,23362,18757,22987,23369,18630,21402,24983,21257,24814,81613,1223,135
29684,0.34099999,Rural Interstate,I-40 EBD, SEDILLO OFF RAMP - SEDILLO ON RAMP,70,2,16121,16389,15881,18054,18354,15773,18120,21152,17997,21008,7164,109,14
29696,0.58700001,Rural Interstate,I-40 WBD, SEDILLO ON RAMP - SEDILLO OFF RAMP,70,2,20089,20422,16226,20276,20613,16116,21449,25038,21315,24888,14610,232,37
29686,2.53999996,Rural Interstate,I-40 EBD,SEDILLO ON RAMP - BERN/SANTA FE C.L. (AMPA),70,2,16750,17028,16261,18946,19261,16151,18554,21659,18428,21511,54638,769,6
29698,2.15899992,Rural Interstate,I-40 WBD,SEDILLO OFF RAMP - BERN/SANTA FE C.L. (AMPA),65,3,20407,20746,12497,20538,20879,12412,22433,26187,22293,26030,56199,877,19
26180,0.22,Urban Interstate,I-40 WBD, TRAMWAY ON RAMP 2 - TRAMWAY OFF RAMP,65,3,25129,25546,20479,24475,24881,19513,23448,23378,22342,22275,4900,74,0
26304,0.92500001,Urban Interstate,I-40 WBD, TRAMWAY OFF RAMP - CARNUEL ON RAMP,65,3,29420,29908,23586,28304,28774,22473,27006,26925,25732,25655,23731,352,1
26004,0.69400001,Urban Interstate,I-40 EBD, TRAMWAY OFF RAMP - TRAMWAY ON RAMP,65,3,23333,23720,19370,23089,23472,18456,22179,22112,21132,21069,14622,228,19
26176,0.207,Urban Interstate Off-Ramp,TRAMWAY INTCH., I-40 WBD OFF RAMP,35,1,3802,3793,2861,3466,3444,2558,3389,3211,3030,2911,602,12,1
26172,0.32800001,Urban Interstate On-Ramp,TRAMWAY INTCH., I-40 EBD ON RAMP,45,2,4471,4460,3365,4076,4050,3009,3986,3567,3564,3234,1061,24,5
26024,0.211,Urban Interstate Off-Ramp,TRAMWAY INTCH., I-40 EBD OFF RAMP,35,2,12422,12391,9348,11326,11251,8359,10659,10798,9718,9789,2065,60,12
25984,0.148,Urban Principal Arterial,TRAMWAY, SOUTH OF I-40 N. RAMPS - NORTH OF I-40 S. RAMPS,45,4,29935,29861,22528,28233,27798,20808,25624,25959,23798,24019,3555,100,29
25904,0.266,Urban Interstate On-Ramp,TRAMWAY INTCH., I-40 WBD ON RAMP FROM SBD TRAMWAY,45,1,10923,10896,8220,9959,9893,7350,9304,9426,8482,8545,2273,51,10
25848,0.62300003,Urban Interstate,I-40 WBD, JUAN TABO OFF RAMP - TRAMWAY ON RAMP 1,65,4,36284,36886,32164,34924,35504,30646,36828,36718,35090,34985,21796,322,2
25700,0.322,Urban Interstate Off-Ramp,JUAN TABO INTCH., I-40 WBD OFF RAMP,45,1,3139,3131,3108,2862,2843,2779,3682,3730,3357,3382,1089,16,1
25540,0.119,Urban Principal Arterial,JUAN TABO, NORTH OF I-40 S. RAMPS - SOUTH OF I-40 N. RAMPS,40,6,35104,35017,26417,33109,32597,24401,31293,33415,28905,30918,3679,126,44
25516,0.14300001,Urban Principal Arterial,JUAN TABO, NORTH OF I-40 N. RAMPS - SOUTH OF COPPER,40,6,36054,35964,27132,34005,33479,25061,38139,38638,35421,35751,5112,152,38
25704,0.493,Urban Interstate,I-40 WBD, JUAN TABO ON RAMP - JUAN TABO OFF RAMP,65,3,32839,33384,28583,31869,32398,27234,32728,32630,31183,31089,15327,226,0
25860,0.70700002,Urban Interstate,I-40 EBD, JUAN TABO ON RAMP - TRAMWAY OFF RAMP,65,4,35755,36349,31695,34415,34986,30200,36291,36182,34579,34475,24374,375,4
25732,0.207,Urban Interstate On-Ramp,JUAN TABO INTCH., I-40 EBD ON RAMP,35,2,3008,3001,3126,2743,2725,2795,3703,3751,3376,3401,704,20,4
25740,0.36899999,Urban Interstate Off-Ramp,JUAN TABO INTCH., I-40 EBD OFF RAMP,45,2,14262,14227,16327,13003,12918,14599,19340,19593,17632,17763,6555,147,28
25644,0.55900002,Urban Interstate,I-40 EBD, JUAN TABO OFF RAMP - JUAN TABO ON RAMP,65,3,33082,33631,28012,32072,32604,26690,32074,31978,30560,30468,17032,260,-1
25576,0.189,Urban Interstate On-Ramp,JUAN TABO INTCH., I-40 WBD ON RAMP,45,2,14335,14299,13224,13070,12983,11824,15665,15870,14282,14387,2719,61,12
25572,0.69999999,Urban Interstate,I-40 WBD, EUBANK OFF RAMP - JUAN TABO ON RAMP,65,4,45779,44424,43535,44058,43047,41481,49848,49698,47496,47354,33148,493,3
25524,0.542,Urban Interstate,I-40 EBD, EUBANK ON RAMP - JUAN TABO OFF RAMP,65,4,48927,44424,41745,46968,43047,39775,47798,47655,45542,45405,24610,375,0
25140,0.22,Urban Interstate Off-Ramp,EUBANK INTCH., I-40 WBD OFF RAMP,35,1,3790,4563,3442,3455,4143,3078,4077,3893,3717,3529,776,15,1
24812,0.2,Urban Principal Arterial,EUBANK, NORTH OF I-40 N. RAMPS - SOUTH OF LOMAS,40,6,43038,42198,31835,40592,39282,29405,37711,38204,35024,35482,7097,269,112
24916,0.13699999,Urban Principal Arterial,EUBANK, NORTH OF I-40 S. RAMPS - SOUTH OF I-40 N. RAMPS,40,6,42236,42131,35998,39835,39220,33250,47632,48255,44238,44649,6117,225,89
25364,0.15899999,Urban Principal Arterial,EUBANK, NORTH OF COPPER - SOUTH OF I-40 S. RAMPS,40,6,44633,44522,36261,42096,41446,33493,46120,46723,42834,43232,6874,254,102
25152,0.185,Urban Interstate On-Ramp,EUBANK INTCH., I-40 EBD ON RAMP,45,1,7038,5029,3794,6417,4566,3392,4494,4424,4097,4011,742,17,3
25104,0.23999999,Urban Interstate Off-Ramp,EUBANK INTCH., I-40 EBD OFF RAMP,35,1,16631,18563,14004,15163,16855,12522,16589,17406,15124,15780,3787,109,21
24884,0.184,Urban Interstate On-Ramp,EUBANK INTCH., I-40 WBD ON RAMP,45,1,16779,17160,12946,15298,15581,11576,15335,16580,13981,15031,2766,62,12
25144,0.37799999,Urban Interstate,I-40 WBD, EUBANK ON RAMP - EUBANK OFF RAMP,65,3,41620,42311,36888,40370,41040,35148,42237,42110,40244,40123,15166,226,1
25056,0.414,Urban Interstate,I-40 EBD, EUBANK OFF RAMP - EUBANK ON RAMP,65,3,42670,43378,35116,41485,42174,33459,40208,40087,38311,38196,15813,239,0
23412,0.155,Urban Interstate,I-40 WBD, SAN MATEO ON RAMP 2 - SAN MATEO OFF RAMP,65,3,83659,85048,73414,81027,82372,69950,84059,83807,80093,79853,12377,188,-1
23380,0.264,Urban Interstate,I-40 WBD, SAN MATEO ON RAMP 1 - SAN MATEO ON RAMP 2,65,3,90894,92403,79260,87754,89211,75520,90753,90481,86470,86211,22760,345,-1
23376,0.16500001,Urban Interstate On-Ramp,SAN MATEO INTCH., I-40 WBD ON RAMP FROM NBD SAN MATEO,45,2,7004,6987,5271,6386,6344,4713,6244,6326,5583,5656,933,21,4
23440,0.44,Urban Interstate,I-40 EBD,SAN MATEO OFF RAMP - SAN MATEO ON RAMP,65,3,80315,81648,70096,77833,79125,66789,80260,80019,76473,76244,33547,514,2
23456,0.215,Urban Interstate On-Ramp,SAN MATEO INTCH., I-40 EBD ON RAMP,45,2,8088,8068,6087,7374,7326,5443,5969,6047,5442,5482,1178,26,5
23476,0.22499999,Urban Interstate Off-Ramp,SAN MATEO INTCH.,I-40 EBD OFF RAMP,40,2,14598,14562,10986,13310,13222,9823,13143,13315,11982,12071,2716,68,13
23360,0.29699999,Urban Interstate On-Ramp,SAN MATEO INTCH., I-40 WBD ON RAMP FROM SBD SAN MATEO,45,1,7910,7890,5952,7212,7164,5322,7051,7143,6304,6386,1896,43,8
23408,0.226,Urban Interstate Off-Ramp,SAN MATEO INTCH., I-40 WBD OFF RAMP,40,2,7441,7423,5600,6784,6740,5007,6634,6721,5931,6009,1358,23,1
22908,0.23800001,Urban Minor Arterial,CARLISLE, NORTH OF I-40 N. RAMPS - SOUTH OF MENAUL,35,6,26845,26778,20202,25316,25058,18887,28208,28577,26379,26969,6419,241,81
23364,0.463,Urban Interstate,I-40 WBD, CARLISLE OFF RAMP - SAN MATEO ON RAMP 1,65,4,99065,100709,87817,95352,96935,83674,100550,100248,95807,95520,44225,670,1
23256,0.465,Urban Interstate,I-40 WBD, CARLISLE ON RAMP - CARLISLE OFF RAMP,65,4,91390,92907,78620,88295,89761,74910,90020,89750,85772,85515,39764,602,5
23400,0.53899997,Urban Interstate,I-40 EBD,CARLISLE ON RAMP - SAN MATEO OFF RAMP,65,4,95762,97352,84888,92173,93703,80883,97197,96905,92611,92333,49767,768,5
23216,0.42399999,Urban Interstate,I-40 EBD, CARLISLE OFF RAMP - CARLISLE ON RAMP,65,4,83644,85032,79775,81075,82421,76011,91342,91068,87033,86772,36791,563,8
23284,0.21699999,Urban Interstate On-Ramp,CARLISLE INTCH., I-40 EBD ON RAMP,45,2,8920,8898,6713,8133,8079,6003,7218,7312,6581,6629,1438,32,6
23260,0.226,Urban Interstate Off-Ramp,CARLISLE INTCH., I-40 EBD OFF RAMP,35,1,14863,14826,11185,13551,13462,10001,13076,13247,11921,12010,2714,78,15
23044,0.11,Urban Minor Arterial,CARLISLE, NORTH OF I-40 S. RAMPS - SOUTH OF I-40 N. RAMPS,35,6,35125,39218,29587,33125,36699,27661,35048,30549,32775,28830,3171,126,47
23252,0.241,Urban Interstate Off-Ramp,CARLISLE INTCH., I-40 WBD OFF RAMP,35,1,6712,6695,5051,6120,6079,4516,6801,6890,6200,6246,1505,29,1
23012,0.23,Urban Interstate On-Ramp,CARLISLE INTCH., I-40 WBD ON RAMP,45,2,13878,13843,10443,12653,12569,9338,12334,12495,11245,11328,2606,58,11
23856,0.759,Urban Principal Arterial,3RD STREET, NORTH OF MOUNTAIN - S. OF I-40 S. FRONTAGE RD.,35,2,6587,6380,5294,6213,5939,4890,6578,6678,6109,6179,4690,174,57
23876,0.73699999,Urban Principal Arterial,2ND STREET, NORTH OF MOUNTAIN - S. OF I-40 S. FRONTAGE RD.,35,2,6355,6428,4104,5994,5984,3790,4860,5833,4514,5397,3978,154,54
23844,0.73799998,Urban Minor Arterial,4TH STREET, NORTH OF MOUNTAIN - S. OF I-40 S. FRONTAGE RD.,30,2,9297,9005,6115,8768,8427,5717,7598,7713,7103,7211,5322,217,61
23092,0.13,Urban Interstate Frontage,I-40 SOUTH FRONTAGE, EAST OF 4TH ST. - WEST OF 2ND ST.,30,3,6703,6493,4409,6111,5895,3942,5478,5561,4898,4972,646,22,4
23832,0.80000001,Urban Minor Arterial,5TH STREET,NORTH OF MOUNTAIN - S.E. OF 6TH ST.,30,2,7126,6902,4687,6720,6459,4382,5823,5911,5444,5526,4421,154,28
23816,0.76099998,Urban Minor Arterial,6TH STREET, NORTH OF MOUNTAIN - S. OF I-40 S. FRONTAGE RD.,30,2,9178,8890,5465,8655,8319,5109,5583,7788,5221,7350,5594,199,39
22672,0.067,Urban Minor Arterial,6TH STREET, N. OF I-40 S. FRONTAGE RD. - S. OF I-40 N. FRONTAGE RD.,30,4,12640,12722,8912,11920,11905,8332,10771,11245,10073,10612,711,34,13
22904,0.28,Urban Interstate Frontage,I-40 SOUTH FRONTAGE, EAST OF 12TH ST. - WEST OF I-40 OFF RAMP,30,2,5918,5732,3892,5396,5204,3480,4836,4909,4324,4389,1229,41,8
22812,0.16500001,Urban Interstate Frontage,I-40 SOUTH FRONTAGE, EAST OF I-40 OFF RAMP - WEST OF 6TH ST.,30,2,9864,9554,6487,8993,8675,5800,10212,10367,9310,9399,1551,52,10
22704,0.31099999,Urban Interstate Frontage,I-40 NORTH FRONTAGE, EAST OF 12TH ST. - WEST OF I-40 ON RAMP,30,2,11127,11199,7982,10145,10168,7138,7772,8114,7086,7356,2288,77,15
22760,0.17399999,Urban Interstate Off-Ramp,6TH/8TH INTCH., I-40 EBD OFF RAMP,35,1,3749,3769,2466,3418,3402,2205,3064,3110,2740,2781,0,0,0
22756,0.27700001,Urban Interstate,I-40 EBD, 8TH/6TH OFF RAMP - 4TH/2ND OFF RAMP,65,4,77664,78953,69573,74944,76188,66290,79661,79422,75902,75674,20962,334,22
22924,0.22,Urban Interstate Off-Ramp,12TH STREET INTCH., I-40 EBD OFF RAMP,35,1,4681,4534,3079,4268,4117,2753,3826,3884,3420,3472,764,22,4
22860,0.31,Urban Interstate,I-40 EBD, 12TH OFF RAMP - 8TH/6TH OFF RAMP,65,6,81413,82764,72168,78362,79663,68763,82632,68400,78734,78498,24334,386,24
23784,0.24699999,Urban Interstate On-Ramp,12TH STREET INTCH., I-40 WBD ON RAMP,45,1,9102,9235,6316,8342,8425,5648,8116,8473,7258,7578,0,0,0
23108,0.30700001,Urban Interstate,I-40 EBD, RIO GRANDE ON RAMP - 12TH OFF RAMP,65,6,86551,87988,76262,29108,29591,72664,87320,87058,83200,82950,25466,399,16
22952,0.375,Urban Interstate,I-40 WBD, RIO GRANDE OFF RAMP - 12TH ON RAMP,65,5,79896,81222,71622,76611,77883,68243,82007,81761,78138,77904,29214,461,19
22984,0.20999999,Urban Interstate Off-Ramp,RIO GRANDE INTCH., I-40 WBD OFF RAMP,35,1,9924,9988,6997,9048,9069,6256,10714,11186,9768,10141,2130,41,2
23176,0.21600001,Urban Interstate On-Ramp,RIO GRANDE INTCH., I-40 EBD ON RAMP,45,1,10765,10427,7080,9815,9467,6331,10713,10875,9767,9859,2130,48,9
23148,0.234,Urban Interstate On-Ramp,RIO GRANDE INTCH., I-40 WBD ON RAMP,45,1,9515,9577,6709,8675,8696,5999,8621,9001,7709,8049,1883,42,8
23064,0.43799999,Urban Interstate,I-40 WBD, RIO GRANDE ON RAMP - RIO GRANDE OFF RAMP,65,4,70229,71395,62273,67948,69076,59335,71303,71089,67939,67735,29667,462,11
23192,0.43200001,Urban Interstate,I-40 EBD, RIO GRANDE OFF RAMP - RIO GRANDE ON RAMP,65,6,76835,78110,60363,28533,29007,57515,69116,68909,65855,65657,28364,439,9
23204,0.22400001,Urban Interstate Off-Ramp,RIO GRANDE INTCH., I-40 EBD OFF RAMP,35,1,7017,6797,4615,6398,6171,4127,5734,5821,5128,5206,1166,34,6
24104,0.81,Urban Interstate,I-40 WBD, UNSER ON RAMP - UNSER OFF RAMP,65,2,31751,32278,28146,30561,31068,26818,32227,32130,30707,30615,24798,382,5
23788,0.396,Urban Interstate Off-Ramp,UNSER INTCH., I-40 WBD OFF RAMP,35,1,15745,16212,12915,14355,14720,11548,18379,18614,16756,16875,6682,129,7
23720,0.484,Urban Principal Arterial,UNSER BLVD., NORTH OF I-40 N. RAMPS - SOUTH OF LADERA DRIVE,45,6,30270,34150,29171,28549,31790,26944,34346,34785,31899,32186,15578,367,34
23828,1.11500001,Urban Interstate,I-40 EBD, UNSER ON RAMP 2 - COORS OFF RAMP,65,3,45487,46242,40322,43782,44509,38419,46169,46030,43990,43858,48902,746,10
24044,0.317,Urban Interstate,I-40 EBD, UNSER ON RAMP 1 - UNSER ON RAMP 2,65,3,36432,37037,31030,35067,35649,29566,35529,35422,33853,33751,10699,160,1
24092,0.27900001,Urban Interstate On-Ramp,UNSER INTCH., I-40 EBD ON RAMP FROM SBD UNSER,45,1,7262,7363,5975,6621,6685,5343,7179,6548,6545,5936,1656,37,7
24116,0.35499999,Urban Interstate On-Ramp,UNSER INTCH., I-40 EBD ON RAMP FROM NBD UNSER,45,1,11514,11674,9473,10498,10600,8470,11544,10529,10525,9545,3388,76,15
24108,0.49399999,Urban Interstate On-Ramp,UNSER INTCH., I-40 WBD ON RAMP,45,1,2672,2751,2192,2436,2498,1960,3716,3764,3388,3412,1686,38,7
25047,0.38600001,Urban Principal Arterial,UNSER BLVD., NORTH OF LOS VOLCANES - SOUTH OF I-40 S. RAMPS,45,5,35249,35739,29002,33245,33270,26788,40052,36530,37198,33800,13047,337,66
24128,0.35600001,Urban Interstate Off-Ramp,UNSER INTCH., I-40 EBD OFF RAMP,35,1,2424,2458,1995,2210,2232,1784,2487,2268,2224,2028,722,21,4
24392,0.359,Urban Interstate,I-40 EBD, 98TH ON RAMP 2 - UNSER OFF RAMP,75,3,33306,33859,24139,31920,32450,23000,27639,27556,26335,26256,9426,141,24
24348,0.426,Urban Interstate,I-40 WBD, 98TH OFF RAMP - UNSER ON RAMP,65,3,34103,34669,26918,32665,33207,25648,30821,30729,29367,29279,12473,194,2
24996,0.45100001,Urban Interstate On-Ramp,98TH STREET INTCH., I-40 EBD ON RAMP FROM NBD 98TH,45,1,14637,14861,12060,13345,13493,10784,15033,13711,13705,12500,5638,126,24
24824,0.39899999,Urban Interstate,I-40 EBD, 98TH ON RAMP 1 - 98TH ON RAMP 2,75,2,19645,19971,13676,19412,19734,13031,15659,15612,14920,14875,5935,87,13
24992,0.38,Urban Interstate,I-40 EBD, 98TH OFF RAMP - 98TH ON RAMP 1,75,2,17598,17890,18118,17538,17829,17263,20745,20683,19530,19471,7399,108,16
24924,0.266,Urban Interstate On-Ramp,98TH STREET INTCH., I-40 EBD ON RAMP FROM SBD 98TH,45,1,2193,1894,1537,1999,1720,1374,1916,1748,1747,1593,424,9,2
24988,0.43099999,Urban Interstate Off-Ramp,98TH STREET INTCH., I-40 EBD OFF RAMP,35,1,2410,1731,1405,2197,1572,1256,1751,1597,1596,1456,628,18,3
24676,0.667,Urban Interstate,I-40 WBD, 98TH ON RAMP - 98TH OFF RAMP,75,2,15916,16180,16554,15841,16104,15773,18954,18897,17844,17790,11866,182,33
26184,2.09500003,Urban Interstate,I-40 WBD, CENTRAL OFF RAMP - 98TH ON RAMP,75,2,17987,18286,14887,17694,17988,14185,17046,18700,16242,16193,33924,558,134
26216,0.098,Urban Principal Arterial,ATRISCO VISTA, NORTH OF I-40 S. RAMPS - SOUTH OF I-40 N. RAMPS,45,2,10351,10658,8490,9763,9922,7842,12774,12937,11864,11970,1173,31,7
26212,0.30199999,Urban Interstate Off-Ramp,CENTRAL W. INTCH., I-40 WBD OFF RAMP,40,1,4659,4797,3821,4248,4356,3417,4495,4552,4019,4070,1229,21,1
26208,2.01300001,Urban Interstate,I-40 EBD, CENTRAL ON RAMP - 98TH OFF RAMP,75,2,20169,20504,13968,19873,20203,13309,15993,18700,15239,15193,30584,437,55
26268,0.27900001,Urban Interstate On-Ramp,CENTRAL W. INTCH., I-40 EBD ON RAMP,45,1,4564,4627,3755,4161,4201,3358,4681,4269,4186,3818,1065,24,5
25728,0.31999999,Urban Principal Arterial,CENTRAL, EAST OF 98TH ST. - WEST OF BRIDGE,55,4,19044,19867,15669,17961,18987,14473,15680,14301,14563,13232,4235,116,46
26264,0.115,Urban Principal Arterial,ATRISCO VISTA, NORTH OF CENTRAL - SOUTH OF I-40 S. RAMPS,35,2,14525,17433,14147,13699,16228,13067,17634,17370,16377,16072,1848,51,14
26324,0.23800001,Urban Interstate Off-Ramp,CENTRAL W. INTCH., I-40 EBD OFF RAMP,40,1,2438,2472,2006,2223,2245,1794,2500,2280,2236,2039,485,12,2
26328,0.51099998,Urban Interstate,I-40 EBD, CENTRAL OFF RAMP - CENTAL ON RAMP,75,2,15909,16173,13216,15973,16238,12592,15132,15087,14418,14375,7346,105,13
26300,0.221,Urban Interstate On-Ramp,CENTRAL W. INTCH., I-40 WBD ON RAMP,40,1,2765,2847,2268,2521,2585,2028,2668,2702,2386,2417,534,13,3
26290,1.347,Rural Interstate,I-40 WBD, RIO PUERCO ON RAMP - RIO PUERCO OFF RAMP,75,2,11017,11200,14194,11203,11389,14098,16195,18905,16086,18778,25294,380,64
26286,0.13699999,Rural Interstate,I-40 EBD, RIO PUERCO OFF RAMP - RIO PUERCO ON RAMP,75,2,14362,14600,13231,14568,14810,13141,15097,17623,15002,17512,2399,36,6
20941,0.121,Urban Principal Arterial,COORS, NORTH OF S.I.P.I. ENTRANCE - SOUTH OF P.D.N. S. RAMPS,45,6,45959,47309,37688,43347,44040,34811,44333,42144,41174,38995,4718,113,13
61001,3.13199997,Rural Interstate,I-40 EBD, BERN/SANTA FE C.L. (AMPA) - EDGEWOOD OFF RAMP,75,2,16750,17028,11940,18946,19261,11859,13624,15904,13531,15795,0,0,0
62001,3.11400008,Rural Interstate,I-40 WBD, BERN/SANTA FE C.L. (AMPA) - EDGEWOOD ON RAMP,75,2,20407,20746,15259,20538,20879,15156,17411,20324,17293,20187,62862,934,148
62003,0.29899999,Rural Interstate,I-40 WBD, EDGEWOOD ON RAMP - EDGEWOOD OFF RAMP,75,2,16036,15251,13238,16356,15435,13148,15105,19918,15010,19799,5920,85,10
61003,0.289,Rural Interstate,I-40 EBD, EDGEWOOD OFF RAMP - EDGEWOOD ON RAMP,75,2,13659,14844,12885,18226,15023,12798,14702,17162,14610,17055,4929,71,9
61006,3.5999999,Rural Interstate,I-40 EBD, EDGEWOOD ON RAMP -  SANTA FE/TORRANCE C.L.,75,2,15797,16059,10076,21256,21609,10008,11497,13421,11419,13330,0,0,0
62006,3.63499999,Rural Interstate,I-40 WBD, EDGEWOOD OFF RAMP - SANTA FE/TORRANCE C.L.,75,2,17348,17636,11300,17441,17731,11223,12893,15050,12805,14948,0,0,0
40510,3.87100005,Rural Interstate,I-40 EBD, SANTA FE/TORRANCE C.L. - MORIARITY WEST OFF RAMP,75,2,15797,20638,17914,21256,20887,17793,20440,23860,20312,23711,91781,1321,171
40515,0.303,Rural Interstate,I-40 EBD, MORIARTY WEST OFF RAMP - MORIARITY WEST ON RAMP,75,2,12760,17277,14996,20549,17486,14894,17110,19973,17003,19848,6014,87,11
45020,0.389,Rural Interstate,I-40 WBD, MORIARITY WEST ON RAMP - MORIARITY WEST OFF RAMP,75,2,14533,14774,17021,14747,14992,16906,19421,22671,19299,22528,8763,125,15
45010,3.625,Rural Interstate,I-40 WBD, SANTA FE/TORRANCE C.L. - MORIARITY WEST ON RAMP,75,2,17348,21061,18281,17441,21315,18157,20859,24349,20728,24196,87710,1255,154
40518,1.10399997,Rural Interstate,I-40 EBD, MORIARTY WEST ON RAMP - N.M. 41 OFF RAMP,75,2,14413,14652,13017,22891,23271,12929,14852,25650,14759,25000,19020,274,35
45025,1.23699999,Rural Interstate,I-40 WBD, MORIARITY WEST OFF RAMP - N.M. 41 ON RAMP,75,2,15098,16927,14693,15214,17131,14593,16765,25650,16660,25000,24056,344,42
40519,0.38600001,Rural Interstate,I-40 EBD, N.M. 41 OFF RAMP - N.M. 41 ON RAMP,75,2,11901,15650,13584,22306,15839,13492,15499,18092,15402,17979,6940,100,13
45028,0.361,Rural Interstate,I-40 WBD, N.M. 41 ON RAMP - N.M. 41 OFF RAMP,75,2,9784,9946,13226,10130,10298,13136,15091,17616,14997,17506,6320,90,11
40520,0.87400001,Rural Interstate,I-40 EBD, N.M. 41 ON RAMP - MORIARTY EAST OFF RAMP,75,2,13251,13471,11685,24220,24622,11606,13333,15652,13250,15558,13599,196,25
40530,0.67500001,Rural Interstate,I-40 EBD, MORIARITY EAST OFF RAMP - MORIARITY EAST ON RAMP,75,2,12972,17025,14778,24155,17230,14678,16862,19683,16756,19560,13203,190,25
45030,1.68099999,Rural Interstate,I-40 WBD, N.M. 41 OFF RAMP - MORIARTY EAST OFF RAMP,75,2,11213,11399,11447,11312,11500,11369,13061,17622,12979,17517,29446,421,52
45040,5.35400009,Rural Interstate,I-40 WBD, MORIARITY EAST OFF RAMP - LONGHORN ON RAMP,75,2,11693,12397,10761,11709,12547,10688,12278,18645,12201,18534,99226,1420,174
40540,5.4829998,Rural Interstate,I-40 EBD, MORIARITY EAST ON RAMP - LONGHORN OFF RAMP,75,2,13861,14091,11741,13880,14110,11661,13443,14738,13352,14650,80326,1157,150
45050,0.493,Rural Interstate,I-40 WBD, LONGHORN ON RAMP - LONGHORN OFF RAMP,75,2,11220,11406,8560,11277,11464,8502,9767,19431,9701,19315,9523,136,17
40550,0.43000001,Rural Interstate,I-40 EBD, LONGHORN OFF RAMP - LONGHORN ON RAMP,75,2,13696,13923,8274,13731,13959,8218,9441,17690,9377,17584,7561,109,14
45060,4.34299994,Rural Interstate,I-40 WBD, LONGHORN OFF RAMP - WAGON WHEEL ON RAMP,75,2,11413,11602,10071,11453,11643,7123,11491,16994,8127,16892,73362,1050,129
40560,4.39799976,Rural Interstate,I-40 EBD, LONGHORN ON RAMP - WAGON WHEEL OFF RAMP,75,2,13819,14078,12220,13841,14248,12137,12665,14989,12586,14899,65521,944,122
45090,0.708,Rural Interstate,I-40 WBD,CLINES ON RAMP - CLINES OFF RAMP,75,2,11170,14357,12462,11252,14530,12378,14219,16598,14130,16494,11678,167,21
40595,0.74599999,Rural Interstate,I-40 EBD, CLINES ON RAMP - PERMANENT COUNTER,75,2,13263,13483,11550,13272,13492,6565,13179,15384,7491,8744,0,0,0
45120,0.67699999,Rural Interstate,I-40 WBD, CLINES OFF RAMP1 - PERMANENT COUNTER,75,2,13246,13466,11550,13257,13477,6719,13179,15384,7666,8949,0,0,0
45125,7.03100014,Rural Interstate,I-40 WBD, PERMANENT COUNTER - PALMA ON RAMP,75,2,13246,13466,11550,13257,13477,6719,13179,10250,7666,9940,0,0,0
40600,7.06799984,Rural Interstate,I-40 EBD, PERMANENT COUNTER - PALMA OFF RAMP,75,2,13263,13483,11550,13272,13492,6565,13179,10250,7491,9940,0,0,0
45130,0.461,Rural Interstate,I-40 WBD, PALMA ON RAMP - PALMA OFF RAMP,75,2,13172,13391,11623,13190,13409,11544,17864,20853,17752,20728,9556,137,17
40700,0.41,Rural Interstate,I-40 EBD, PALMA OFF RAMP - PALMA ON RAMP,75,2,13194,13413,11642,13212,13431,11563,20568,24009,20439,23865,9785,141,18
40800,3.93700004,Rural Interstate,I-40 EBD, PALMA ON RAMP - N.M. 3 OFF RAMP,75,2,13564,15910,13810,13581,16102,13716,15757,18394,15658,18278,71957,1036,134
45085,1.21700001,Rural Interstate,I-40 WBD, PERMANENT COUNTER - CLINES ON RAMP,75,2,11489,11680,11050,11525,11716,7067,12608,14718,8063,9412,0,0,0
45080,7.34499979,Rural Interstate,I-40 WBD, WAGON WHEEL OFF RAMP - PERMANENT COUNTER,75,2,11489,11680,11050,11525,11716,7067,12608,23500,8063,24500,0,0,0
40575,7.35699987,Rural Interstate,I-40 EBD, WAGON WHEEL ON RAMP - PERMANENT COUNTER,75,2,13814,14043,11050,13835,14065,7330,12608,23500,8364,24500,0,0,0
40580,1.28699994,Rural Interstate,I-40 EBD, PERMANENT COUNTER - CLINES OFF RAMP,75,2,13814,14043,11050,13835,14065,7330,12608,14718,8364,9763,0,0,0
45160,3.06900001,Rural Interstate,I-40 WBD, N.M. 3 OFF RAMP - FLYING C ON RAMP,75,2,13369,13591,14400,13392,13614,11399,12750,14883,11475,13395,41109,588,72
41010,3.05599999,Rural Interstate,I-40 EBD, N.M. 3 ON RAMP - FLYING C OFF RAMP,75,2,14645,14888,14400,14662,14905,10451,12750,14883,11475,13395,40938,589,76
45180,0.27200001,Rural Interstate,I-40 WBD, FLYING C OFF RAMP2 - FLYING C OFF RAMP1,75,2,14181,16326,14171,14231,16523,14075,16169,18874,16068,18757,5102,73,9
45170,0.50599998,Rural Interstate,I-40 WBD, FLYING C ON RAMP - FLYING C OFF RAMP2,75,2,13271,15501,13455,13368,15688,13364,15352,17921,15256,17809,9011,129,16
41020,0.56900001,Rural Interstate,I-40 EBD, FLYING C OFF RAMP - FLYING C ON RAMP,75,2,14499,15471,13429,14530,15658,13338,15322,17886,15226,17774,10113,146,19
45190,4.23699999,Rural Interstate,I-40 WBD, FLYING C OFF RAMP1 - MCKENZIE ON RAMP,75,2,14604,14846,14800,14624,14867,12799,12400,14475,11160,13027,55195,790,97
45195,0.39399999,Rural Interstate,I-40 WBD, MCKENZIE ON RAMP - MCKENZIE OFF RAMP (GUADALOPE C.L.),75,2,14509,14750,10562,14538,14779,10490,12051,14067,11969,13972,5505,79,10
41030,4.4829998,Rural Interstate,I-40 EBD, FLYING C ON RAMP - MCKENZIE OFF RAMP,75,2,15881,16145,14800,15902,16166,13918,12400,14475,11160,13027,58400,841,108
41040,0.375,Rural Interstate,I-40 EBD, MCKENZIE OFF RAMP - MCKENZIE ON RAMP(GUADALOPE C.L.),75,2,15821,16084,10479,15848,16111,10408,11957,13958,11876,13863,5199,75,10
38376,0.359,Urban Interstate,I-25 SBD, LOS LUNAS ON RAMP - LOS LUNAS OFF RAMP,75,2,9049,9199,8022,8710,8855,7643,9185,9157,8751,8725,3133,45,6
38412,0.37900001,Urban Interstate,I-25 NBD, LOS LUNAS OFF RAMP - LOS LUNAS ON RAMP,75,2,10175,10344,9020,9794,9957,8594,10328,10297,9840,9810,3718,54,7
38680,0.31999999,Urban Interstate,I-25 SBD, BELEN NORTH ON RAMP - BELEN NORTH OFF RAMP,75,2,9002,9151,6639,8572,8714,6326,7602,7579,7243,7221,2311,34,5
38871,0.51800001,Urban Interstate,I-25 SBD,CAMINO DEL LLANO ON RAMP - CAMINO DEL LLANO OFF RAMP,75,2,6416,6523,5687,6176,6279,5419,6512,6492,6205,6186,3204,47,7
38656,0.35299999,Urban Interstate,I-25 NBD, BELEN NORTH OFF RAMP - BELEN NORTH ON RAMP,75,2,8396,8535,5904,8007,8140,5625,6760,6740,6441,6422,2267,32,4
38936,3.8829999,Urban Interstate,I-25 SBD,CAMINO DEL LLANO OFF RAMP - BELEN NORTH ON RAMP,75,2,9374,9530,7174,8906,9054,6836,8214,8189,7827,7804,30299,445,66
38938,3.57999992,Urban Interstate,I-25 NBD,CAMINO DEL LLANO ON RAMP - BELEN NORTH OFF RAMP,75,2,8718,8863,6200,8294,8432,5907,7099,7078,6764,6744,24144,350,48
38869,0.52700001,Urban Interstate,I-25 NBD,CAMINO DEL LLANO OFF RAMP - CAMINO DEL LLANO ON RAMP,75,2,5821,5918,5160,5603,5696,4917,5908,5890,5630,5613,2958,43,6
38880,1.11199999,Urban Interstate,I-25 NBD,BELEN SOUTH ON RAMP - CAMINO DEL LLANO OFF RAMP,75,2,6575,6684,4863,6285,6389,4634,5568,5551,5306,5290,5882,86,13
38881,1.43799996,Urban Interstate,I-25 SBD,BELEN SOUTH OFF RAMP - CAMINO DEL LLANO ON RAMP,75,2,7242,7362,5545,6929,7044,5283,6349,6330,6049,6031,8673,127,19
38883,0.42699999,Urban Interstate,I-25 NBD, BELEN SOUTH OFF RAMP - BELEN SOUTH ON RAMP,75,2,5553,5645,4922,5345,5434,4690,5636,5619,5370,5354,2286,33,5
38885,0.33199999,Urban Interstate,I-25 SBD, BELEN SOUTH ON RAMP - BELEN SOUTH OFF RAMP,75,2,6036,6136,5351,5810,5906,5099,6127,6109,5838,5820,1932,28,4
28216,0.51599997,Urban Interstate,I-25 SBD, ISLETA PUEBLO ON RAMP - ISLETA PUEBLO OFF RAMP,75,2,17425,17714,15447,16772,17050,14718,17687,17634,16852,16801,8669,124,16
28240,0.53899997,Urban Interstate,I-25 NBD, ISLETA PUEBLO OFF RAMP - ISLETA PUEBLO ON RAMP,75,2,17332,17620,15364,16682,16959,14639,17592,17539,16762,16712,9008,128,16
27029,1.04499996,Urban Major Collector,MALPAIS, EAST OF COORS - WEST OF ISLETA BLVD.,30,2,2904,2944,2451,2648,2674,2192,3120,2846,2844,2580,2695,104,24
27024,0.45300001,Urban Principal Arterial,ISLETA BLVD., NORTH OF MALPAIS ROAD - SOUTH OF LOS PADILLAS,50,4,9491,7718,5943,8951,7185,5489,7590,7382,7050,6830,3094,76,19
27136,0.228,Urban Interstate On-Ramp,ISLETA INTCH., I-25 SBD ON RAMP,45,1,624,633,514,569,575,460,641,705,573,639,146,5,2
27060,0.23800001,Urban Interstate Off-Ramp,ISLETA INTCH., I-25 SBD OFF RAMP,35,1,3980,4035,3274,3629,3664,2927,4081,3992,3648,3619,862,25,5
27068,0.085,Urban Principal Arterial,ISLETA BLVD., N. OF I-25 S. RAMPS - SOUTH OF I-25 N. RAMPS,45,2,8494,8322,6753,8011,7747,6238,8418,7678,7818,7131,606,15,3
27108,0.228,Urban Interstate On-Ramp,ISLETA INTCH., I-25 NBD ON RAMP,45,1,4218,4345,3256,3846,3945,2911,4134,3952,3696,3583,817,18,4
27048,0.088,Urban Principal Arterial,ISLETA BLVD., NORTH OF I-25 N. RAMPS - SOUTH OF MALPAIS ROAD,45,4,10818,10652,8644,10203,9916,7984,10775,10805,10007,9998,880,22,4
27092,0.45699999,Urban Interstate,I-25 SBD, ISLETA ON RAMP - PERMANENT COUNTER,75,2,15786,16048,13994,15194,15446,13334,16023,16627,15267,15942,7286,105,14
27144,0.46000001,Urban Interstate,I-25 NBD, ISLETA OFF RAMP - ISLETA ON RAMP,75,2,16467,16740,14597,15850,16113,13908,16714,16912,15925,16215,7459,107,14
27148,0.23199999,Urban Interstate Off-Ramp,ISLETA INTCH., I-25 NBD OFF RAMP,35,1,636,655,491,580,595,439,623,763,557,692,161,5,1
27080,1.10099995,Urban Interstate,I-25 NBD,ISLETA ON RAMP - BROADWAY OFF RAMP (P.C.),75,2,19928,18190,17665,19181,17167,16832,20226,17600,19273,16600,21156,304,39
27004,1.21800005,Urban Interstate,I-25 SBD, ISLETA OFF RAMP - BROADWAY ON RAMP,75,2,19534,18190,17316,18802,17167,16499,19827,17600,18891,16600,22940,332,45
27012,0.26499999,Urban Interstate Off-Ramp,BROADWAY INTCH., I-25 NBD OFF RAMP,35,1,2861,3251,2436,2608,2952,2178,3093,3213,2820,2913,772,22,4
26988,0.333,Urban Interstate On-Ramp,BROADWAY INTCH., I-25 SBD ON,45,1,2820,3171,2221,2571,2879,1986,2854,2980,2602,2717,905,32,14
27008,0.28600001,Urban Interstate Off-Ramp,BROADWAY INTCH., I-25 NBD OFF RAMP TO NBD BROADWAY,35,1,1266,1520,1139,1154,1380,1018,1446,1872,1318,1697,485,14,3
27120,0.147,Urban Interstate Off-Ramp,BROADWAY INTCH., I-25 NBD OFF RAMP TO SBD BROADWAY,35,1,1491,1685,1263,1359,1530,1129,1604,1213,1462,1100,162,5,1
27112,0.133,Urban Interstate On-Ramp,BROADWAY INTCH., I-25 NBD ON RAMP FROM NBD BROADWAY,45,1,7491,9516,7131,6830,8640,6376,9055,9205,8255,8345,1110,25,5
27036,0.083,Urban Interstate On-Ramp,BROADWAY INTCH., I-25 NBD ON RAMP FROM SBD BROADWAY,45,1,361,474,355,329,430,317,451,1111,411,1007,84,2,0
27040,0.41299999,Urban Interstate On-Ramp,BROADWAY INTCH., I-25 NBD ON RAMP,45,1,10767,10411,7802,9817,9453,6976,9907,9231,9032,8369,3456,77,15
27000,0.74299997,Urban Interstate,I-25 NBD, BROADWAY OFF RAMP - BROADWAY ON RAMP,75,2,16898,17179,14979,16265,16535,14272,17151,17426,16341,16708,12414,182,27
29928,0.073,Rural Major Collector, , ,0,0,0,900,630,0,810,810,810,846,1041,1087,0,0,0
26920,0.15099999,Urban Interstate Off-Ramp,BROADWAY INTCH., I-25 SBD OFF TO BROADWAY NBD,35,1,477,879,616,435,798,551,792,1572,722,1425,215,6,1
26924,0.373,Urban Interstate Off-Ramp,BROADWAY INTCH., I-25 SBD OFF TO BROADWAY SBD,30,1,9020,9007,6360,8224,8132,5687,8172,8532,7308,7630,0,0,0
26916,0.234,Urban Interstate Off-Ramp,BROADWAY INTCH., I-25 SBD OFF RAMP,35,1,8858,8845,6245,8076,7985,5584,8025,10397,7175,9426,2205,64,12
26984,0.92000002,Urban Interstate,I-25 SBD, BROADWAY ON RAMP - BROADWAY OFF RAMP,75,2,16373,16645,15462,15759,16021,14732,17704,17033,16667,16331,15025,216,29
26864,0.61400002,Urban Major Collector,DESERT ROAD, EAST OF 2ND STREET - WEST OF BROADWAY,40,2,2768,4324,3029,2524,3926,2708,3892,4063,3548,3704,2274,66,15
26932,4.61399984,Urban Interstate,I-25 NBD, BROADWAY ON RAMP - RIO BRAVO OFF RAMP,75,2,25529,25953,19462,24511,24918,18544,22284,22217,21233,21169,97669,1408,187
26720,0.35699999,Urban Interstate,I-25 SBD, RIO BRAVO ON RAMP - RIO BRAVO OFF RAMP,65,2,23782,24177,23021,22853,23232,21935,26359,26280,25116,25041,8939,133,-1
26728,0.071,Urban Principal Arterial,RIO BRAVO BLVD., EAST OF I-25 W. RAMPS - WEST OF I-25 E. RAMPS,45,4,18127,18181,13754,17274,17325,12705,16292,16505,15050,15247,1098,42,20
26708,0.45300001,Urban Principal Arterial,RIO BRAVO BLVD., EAST OF BROADWAY - WEST OF I-25 W. RAMPS,45,4,32527,33826,23998,30678,31489,22166,30837,35533,28640,32878,14893,513,216
26764,0.19599999,Urban Interstate On-Ramp,RIO BRAVO INTCH., I-25 SBD ON RAMP,45,1,942,811,568,859,736,508,730,762,666,695,136,5,2
26700,0.163,Urban Interstate Off-Ramp,RIO BRAVO INTCH., I-25 SBD OFF RAMP,40,2,17501,16372,11469,15956,14865,10255,14737,15386,13436,14028,2287,58,11
26768,0.206,Urban Interstate Off-Ramp,RIO BRAVO INTCH.,I-25 NBD OFF RAMP,40,1,850,816,616,775,741,551,730,740,666,675,139,4,1
26788,0.366,Urban Interstate,I-25 NBD, RIO BRAVO OFF RAMP - RIO BRAVO ON RAMP,65,2,24510,24917,25280,23612,24004,24087,28946,28859,27580,27497,10064,148,-2
26696,0.163,Urban Interstate On-Ramp,RIO BRAVO INTCH., I-25 NBD ON RAMP 2,45,1,17878,2508,1892,16300,2277,1692,2241,2270,2043,2070,337,8,1
26508,0.26499999,Urban Interstate Off-Ramp,GIBSON INTCH., I-25 NBD OFF RAMP,45,1,6551,6535,4930,5973,5934,4408,5287,5356,4820,4856,1287,29,6
26436,0.266,Urban Principal Arterial,GIBSON, EAST OF I-25 E. RAMPS - WEST OF UNIVERSITY,45,4,42212,42107,31766,39813,39198,29341,38210,38710,35487,35817,9527,255,64
26364,0.32499999,Urban Principal Arterial,GIBSON, EAST OF BROADWAY - WEST OF I-25 W. RAMPS,35,6,21759,21900,15341,20522,20387,14170,16054,16761,14910,15509,5040,176,46
26360,0.20200001,Urban Interstate Off-Ramp,GIBSON INTCH., I-25 SBD OFF RAMP TO WBD GIBSON,35,1,3823,3848,2696,3486,3494,2411,3555,3712,3241,3365,680,20,4
26500,0.088,Urban Interstate,I-25 SBD, GIBSON ON RAMP - GIBSON OFF RAMP 1,65,3,41930,42626,32919,40596,41270,31366,37692,37579,35914,35806,3151,49,4
26504,0.15899999,Urban Interstate On-Ramp,GIBSON INTCH., I-25 SBD ON RAMP,45,1,5540,5576,3906,5051,5063,3493,4832,5045,4405,4574,727,26,11
26372,0.19400001,Urban Interstate,I-25 SBD, GIBSON OFF RAMP 1 - GIBSON OFF RAMP2,65,3,55015,55928,55027,53004,53884,52431,63006,62817,60033,59853,11611,182,16
26416,0.215,Urban Interstate,I-25 NBD, GIBSON ON RAMP 1 - GIBSON ON RAMP2,65,3,44730,45473,39695,43420,44141,37822,45451,45315,43306,43176,9283,142,0
26512,0.20100001,Urban Interstate,I-25 NBD, GIBSON OFF RAMP - GIBSON ON RAMP 1,65,2,41089,41771,35958,40009,40673,34261,41172,41048,39229,39111,7861,120,0
26400,0.30500001,Urban Interstate On-Ramp,GIBSON INTCH., I-25 NBD ON RAMP FROM WBD GIBSON,45,1,11692,11663,8799,10660,10590,7868,10226,10360,9323,9392,2865,64,12
29930,0.114,Rural Major Collector, , ,35,0,0,28000,21124,0,25100,25100,25023,25350,29733,30122,3434,93,5
26428,0.163,Urban Interstate On-Ramp,GIBSON INTCH., I-25 NBD ON RAMP FROM EBD GIBSON,45,1,2972,2965,2237,2710,2692,2000,3368,3412,3071,3093,504,11,2
26424,0.153,Urban Interstate Off-Ramp,GIBSON INTCH., I-25 SBD OFF RAMP TO EBD GIBSON,25,1,13799,13889,9729,12581,12611,8699,11382,11883,10377,10773,1648,66,13
29929,0.071,Rural Major Collector, , ,35,0,0,17500,12259,0,15700,15700,15753,16447,20174,21063,1495,40,2
26380,0.07,Urban Principal Arterial,GIBSON, EAST OF I-25 W. RAMPS - WEST OF I-25 E. RAMPS,35,4,33760,33676,25406,31841,31349,23467,29949,30341,27815,28074,1965,53,3
26348,0.33500001,Urban Interstate,I-25 NBD, GIBSON ON RAMP 2 - AVENIDA CESAR CHAVEZ OFF RAMP (PC),65,3,59052,62698,52347,56839,58527,49877,59937,59757,57109,56938,19074,300,26
26340,0.27900001,Urban Interstate,I-25 SBD, GIBSON OFF RAMP 2 - AVENIDA CESAR CHAVEZ ON RAMP (PC),65,3,58640,62698,51982,56442,58527,49529,59519,59340,56711,56541,15775,249,23
25852,0.156,Urban Interstate On-Ramp,A. C. CHAVEZ INTCH., I-25 NBD ON RAMP,45,1,16519,16478,10792,15061,14962,9650,13214,13387,12047,12136,1893,42,8
26036,0.329,Urban Interstate,I-25 NBD, AVENIDA CESAR CHAVEZ OFF RAMP-AVENIDA CESAR CHAVEZ ON RAMP,65,3,56699,57640,49220,54694,55602,46898,56357,56188,53698,53537,17614,288,36
25924,0.417,Urban Interstate,I-25 SBD, AVENIDA CESAR CHAVEZ ON RAMP-AVENIDA CESAR CHAVEZ OFF RAMP,65,3,80407,81742,59518,76488,77758,56710,68148,67944,64933,64738,26996,432,46
25856,0.18099999,Urban Interstate Off-Ramp,A. C. CHAVEZ INTCH., I-25 SBD OFF RAMP,45,1,13742,13831,11931,12529,12558,10668,11660,12174,10630,11037,1998,45,9
25844,0.31400001,Urban Interstate,I-25 SBD, AVENIDA CESAR CHAVEZ OFF RAMP - LEAD/COAL ON RAMP,65,4,91195,92709,54905,86371,87805,52314,62866,66300,59900,59720,18752,301,33
25840,0.32699999,Urban Interstate,I-25 NBD, AVENIDA CESAR CHAVEZ ON RAMP - LEAD/COAL OFF RAMP,65,4,84856,86265,57673,82076,83438,54952,66036,66300,62920,62731,20513,353,60
25612,0.185,Urban Interstate Off-Ramp,LEAD/COAL INTCH., I-25 NBD OFF RAMP,35,1,3678,5032,3796,3372,4569,3394,4497,3536,4100,3206,593,17,3
25584,0.152,Urban Interstate On-Ramp,LEAD/COAL INTCH., I-25 SBD ON RAMP,45,1,2962,2869,1948,2701,2605,1742,2420,2618,2164,2373,361,13,6
25080,0.134,Urban Interstate,I-25 NBD, LEAD/COAL ON RAMP - M.L.K.OFF RAMP,65,4,91075,92587,80734,87662,89117,76925,92440,92163,88079,87815,11767,202,34
25312,0.091,Urban Interstate On-Ramp,LEAD/COAL INTCH., I-25 NBD ON RAMP,45,1,11114,12446,9389,10187,11301,8395,11122,11097,10140,10060,915,21,4
25292,0.317,Urban Interstate,I-25 SBD, CENTRAL ON RAMP - LEAD/COAL OFF RAMP,65,3,76993,78271,78971,73461,74680,75245,90422,59300,86156,85898,27230,431,42
25228,0.29699999,Urban Interstate Off-Ramp,LEAD/COAL INTCH., I-25 SBD OFF RAMP,35,1,14788,14435,9802,13483,13107,8765,12179,11703,11103,10610,3151,91,17
25232,0.237,Urban Interstate On-Ramp,M.L.K/CENTRAL INTCH., I-25 SBD ON RAMP,45,2,8727,8453,5614,7957,7675,5020,6975,7081,6359,6420,1522,54,23
25616,0.36500001,Urban Interstate,I-25 NBD, LEAD/COAL OFF RAMP - LEAD/COAL ON RAMP,65,3,83769,85160,57609,81462,82814,54891,65962,59300,62850,62661,22871,408,81
25088,0.13500001,Urban Interstate Frontage,OAK, NORTH OF CENTRAL - SOUTH OF I-25 OFF RAMP,35,2,5554,5540,4179,5064,5030,3737,4950,5015,4427,4485,605,23,8
24704,0.183,Urban Interstate Off-Ramp,M.L.K/CENTRAL INTCH., I-25 SBD OFF RAMP,35,2,18549,17967,12530,16912,16313,11204,10351,10508,9437,9526,1743,50,10
24788,0.12899999,Urban Interstate Frontage,LOCUST, NORTH OF MARTIN LUTHER KING JR - SOUTH OF I-25 OFF RAMP,35,5,18686,18100,12290,17037,16434,10989,19181,19471,17487,17652,2277,66,13
21951,0.52200001,Urban Minor Arterial,GRIEGOS, EAST OF EDITH - WEST OF ALEXANDER,35,4,21151,21288,14912,19946,19920,13941,16110,16820,15065,15874,8286,292,85
21869,0.41600001,Urban Major Collector,ALEXANDER,NORTH OF GRIEGOS - WEST OF YALE,30,2,5951,5990,4196,5426,5439,3752,5392,5629,4821,5033,2094,86,24
21904,0.20999999,Urban Interstate Off-Ramp,COMANCHE INTCH., I-25 SBD OFF RAMP,35,1,12059,12137,8502,10995,11020,7602,10925,11406,9768,10198,2141,62,12
21900,0.138,Urban Interstate On-Ramp,COMANCHE INTCH., I-25 NBD ON RAMP,45,1,20518,20467,15441,18707,18583,13807,18291,13454,16355,12197,1683,38,7
21876,0.34799999,Urban Interstate,I-25 NBD, COMANCHE ON RAMP - MONTGOMERY OFF RAMP,65,4,93207,94754,78417,89005,90482,74717,89787,89700,85551,85294,29682,455,4
21732,0.116,Urban Interstate Off-Ramp,MONTGOMERY INTCH., I-25 NBD OFF RAMP,45,1,15201,15163,11439,13859,13768,10228,13531,13708,12336,12427,1442,32,6
21892,0.29899999,Urban Interstate,I-25 SBD, COMANCHE OFF RAMP - MONTANO ON RAMP 1,65,4,100485,102153,84508,95983,97576,80521,96762,89700,92197,91920,27484,429,14
21728,0.101,Urban Interstate On-Ramp,MONTGOMERY INTCH., I-25 SBD ON FROM EBD MONTGOMERY,45,1,12648,12730,8917,11532,11558,7973,12622,13178,11507,11947,1207,43,19
21740,0.301,Urban Principal Arterial,MONTGOMERY, EAST OF PAN AM. EAST - WEST OF CARLISLE,35,6,44666,46192,34761,42127,43000,32108,41459,42765,38505,39569,11910,481,183
21676,0.223,Urban Interstate,I-25 SBD, MONTANO ON RAMP 1 - MONTANO ON RAMP 2,65,4,83297,84680,69604,79950,81277,66320,79697,79458,75936,75708,16883,263,10
21664,0.259,Urban Interstate,I-25 SBD, MONTANO ON RAMP 2 - MONTANO OFF RAMP,65,3,75715,76972,67118,72877,74087,63951,76850,76619,73224,73004,18908,295,11
21636,0.074,Urban Interstate Off-Ramp,MONTGOMERY INTCH., I-25 SBD OFF RAMP,0,0,6726,6770,4742,6132,6147,4240,7166,7482,6533,6783,502,0,0
21668,0.2,Urban Interstate On-Ramp,MONTGOMERY INTCH., I-25 SBD ON FROM WBD MONTGOMERY,45,1,5579,5703,4292,5087,5178,3838,4125,4315,3761,3912,782,28,12
21696,0.49399999,Urban Interstate,I-25 NBD, MONTGOMERY OFF RAMP - MONTGOMERY ON RAMP,65,3,72914,74124,62918,70492,71662,59949,72041,71825,68642,68436,33807,519,6
21688,0.055,Urban Interstate On-Ramp,MONTGOMERY INTCH., I-25 NBD ON RAMP,45,1,8969,9168,6899,8177,8324,6169,7598,7949,6928,7206,396,9,2
21644,0.58399999,Urban Interstate,I-25 NBD, MONTGOMERY ON RAMP - JEFFERSON OFF RAMP (PC),65,4,78878,88157,69921,75922,82292,66622,86250,84420,82163,78500,47840,735,5
21628,0.542,Urban Interstate,I-25 SBD, MONTANO OFF RAMP - JEFFERSON ON RAMP (PC),65,4,78682,88157,69748,75733,82292,66457,86250,84420,82163,78500,44399,695,30
21472,0.105,Urban Interstate On-Ramp,JEFFERSON INTCH., I-25 SBD ON RAMP,45,1,8320,8505,5784,7586,7722,5172,6448,6903,5879,6258,657,23,10
21480,0.083,Urban Interstate Off-Ramp,JEFFERSON INTCH., I-25 NBD OFF RAMP,45,1,13896,14204,10689,12670,12897,9558,10656,11148,9715,10107,839,19,4
21428,0.108,Urban Interstate On-Ramp,JEFFERSON INTCH., I-25 NBD ON RAMP,45,1,5953,6085,4579,5428,5525,4094,5164,5402,4708,4897,529,12,2
21384,0.29499999,Urban Interstate,I-25 SBD, JEFFERSON OFF RAMP - SAN MATEO ON RAMP,65,4,78549,79853,70799,75328,76578,67458,81065,68900,77239,77007,22717,365,22
21392,0.197,Urban Interstate Off-Ramp,JEFFERSON INTCH., I-25 SBD OFF RAMP,40,1,6620,6767,4602,6036,6144,4115,6274,6716,5720,6089,1200,30,6
21196,0.248,Urban Principal Arterial,SAN MATEO, NORTH OF ACADEMY - SOUTHEAST OF PAN AM. ROAD,40,6,40731,45399,34855,38416,42262,32195,43430,44401,40335,41083,10189,398,172
21160,0.46799999,Urban Major Collector,HARPER DR., EAST OF PAN AMERICAN RD. - WEST OF MCKINNEY,30,2,3276,3349,2520,2987,3041,2253,3006,3145,2687,2811,1315,51,12
21252,0.252,Urban Interstate On-Ramp,SAN MATEO INTCH., I-25 SBD ON RAMP,45,1,10824,11064,7524,9869,10046,6728,9192,9840,8380,8921,2248,79,34
21240,0.147,Urban Interstate Off-Ramp,SAN MATEO INTCH., I-25 NBD OFF RAMP,35,1,10470,10702,8054,9546,9717,7202,9606,10050,8590,8987,1321,38,7
21408,0.259,Urban Interstate,I-25 NBD, JEFFERSON ON RAMP - SAN MATEO OFF RAMP,65,4,74046,75275,77006,71061,72241,73373,88172,68900,84012,83760,21694,336,4
21192,0.119,Urban Major Collector,PAN AMERICAN, NORTH OF SAN MATEO - SOUTH OF HARPER,35,2,6927,7081,5329,6316,6429,4765,6356,6649,5683,5945,707,25,7
21159,0.063,Urban Major Collector,HARPER DR., EAST OF PAN AM. EAST - WEST OF PAN AMERICAN RD.,30,2,3631,3712,2793,3311,3370,2497,3331,3485,2978,3116,196,8,2
21195,0.091,Urban Principal Arterial,SAN MATEO, NORTHWEST OF PAN AM. ROAD - EAST OF PAN AM. EAST,40,6,45912,46784,36903,43302,44716,34086,45906,48026,42635,44437,4044,123,32
21052,0.26100001,Urban Principal Arterial,OSUNA, EAST OF JEFFERSON - WEST OF PAN AM. WEST,40,4,28791,30885,20965,27154,28751,19365,25428,22708,23616,21011,5484,205,83
21076,0.063,Urban Principal Arterial,OSUNA, EAST OF PAN AM. WEST - I-25 UNDERPASS,40,6,41105,43530,29603,38768,40522,27343,37885,36264,35185,33554,2114,79,32
21112,0.237,Urban Interstate Off-Ramp,SAN MATEO INTCH., I-25 SBD OFF RAMP TO EBD SAN MATEO,35,1,6252,6391,4346,5700,5803,3886,6849,7332,6244,6647,1575,45,9
21248,0.26699999,Urban Interstate,I-25 SBD, SAN MATEO ON RAMP - SAN MATEO OFF RAMP,65,3,68860,70003,67445,66288,67388,64263,77225,76993,73581,73360,19587,308,14
21080,0.28099999,Urban Interstate,I-25 SBD, SAN MATEO OFF RAMP - SAN ANTONIO ON RAMP,65,4,75767,77025,69102,72467,73670,65842,79122,67000,75389,75163,21121,330,12
20956,0.495,Urban Minor Arterial,SAN ANTONIO, EAST OF PAN AM. EAST - WEST OF SAN PEDRO,40,4,25092,25649,19302,23663,24001,18045,24283,25404,22708,23975,11868,365,101
21155,0.465,Urban Major Collector,FOREST HILLS, EAST OF PAN AM. EAST - WEST OF MCKINNEY,30,2,1629,1665,1253,1485,1512,1120,1494,1563,1336,1398,650,25,6
21244,0.49200001,Urban Interstate,I-25 NBD, SAN MATEO OFF RAMP - SAN ANTONIO OFF RAMP,65,4,65216,66299,57811,62772,63814,55083,66194,65995,63070,62881,30937,467,6
21004,0.26699999,Urban Interstate Off-Ramp,SAN ANTONIO INTCH., I-25 NBD OFF RAMP,35,1,11267,11517,8667,10273,10457,7750,10337,10814,9243,9670,2582,74,14
21000,0.14,Urban Interstate On-Ramp,SAN ANTONIO INTCH., I-25 SBD ON RAMP,45,1,13962,14272,9706,12730,12959,8679,10693,11447,9749,10378,1453,51,22
20948,0.115,Urban Major Collector,SAN ANTONIO, EAST OF PAN AM. WEST - WEST OF PAN AM. EAST,40,4,23277,23794,17906,21223,21604,16011,20565,21515,18749,19505,2243,79,29
20916,0.28200001,Urban Major Collector,SAN ANTONIO, EAST OF JEFFERSON - WEST OF PAN AM. WEST,35,4,17082,15629,10714,15574,14191,9580,13255,15122,12084,13709,3866,134,32
20880,0.68400002,Urban Interstate,I-25 NBD,SAN MATEO ON RAMP - PASEO DEL NORTE OFF RAMP,65,4,76742,78016,68028,73866,75092,64818,77892,67000,74217,65123,50612,805,52
21008,0.29300001,Urban Interstate,I-25 NBD,SAN ANTONIO OFF RAMP - SAN MATEO ON RAMP,65,3,60586,61592,59927,58858,59835,57099,68616,67000,65378,65182,19098,290,9
20892,0.119,Urban Interstate Off-Ramp,SAN ANTONIO INTCH., I-25 SBD OFF RAMP,35,1,4578,4680,3183,4174,4249,2846,3800,4068,3464,3688,439,13,2
20920,0.44299999,Urban Interstate,I-25 SBD, SAN ANTONIO ON RAMP - SAN ANTONIO OFF RAMP,65,3,63269,64319,36526,60806,61815,34803,41822,67000,39849,65123,17600,270,6
20816,0.42399999,Urban Major Collector,SAN FRANCISCO, EAST OF PAN AM. EAST - WEST OF SAN PEDRO,30,2,943,964,725,860,875,648,865,905,773,809,343,13,3
20780,0.23999999,Urban Interstate Off-Ramp,P.D.N. INTCH., I-25 NBD OFF RAMP,35,2,31185,31877,23989,28433,28943,21450,28612,26400,25583,26400,6423,185,36
20696,0.491,Urban Principal Arterial,PASEO DEL NORTE,EAST OF PDN/JEFFERSON W. RAMPS- WEST OF PDN INTCH. W. RAMPS,60,6,65506,66960,45536,61782,62333,42060,58275,62384,53827,57623,28293,895,298
20796,0.52399999,Urban Interstate On-Ramp,P.D.N. INTCH., I-25 SBD ON RAMP,45,1,22722,23226,15795,20717,21089,14123,20214,21639,18074,19349,10139,353,150
20876,0.47,Urban Interstate,I-25 SBD,SAN ANTONIO OFF RAMP - PASEO DEL NORTE ON RAMP2,65,4,68327,69461,67427,65331,66415,64246,77204,76972,73562,73341,34470,524,9
20120,0.30700001,Urban Interstate,I-25 SBD,PASEO DEL NORTE ON RAMP2 - PASEO DEL NORTE ON RAMP1,65,3,47987,48784,67427,46354,47123,64246,77204,74300,73562,73341,22516,341,5
20640,0.123,Urban Interstate Off-Ramp,P.D.N. INTCH., I-25 SBD OFF RAMP,35,1,5332,5450,3706,4861,4948,3314,4743,5077,4241,4540,558,16,3
20784,0.67699999,Urban Interstate,I-25 NBD, PASEO DEL NORTE OFF RAMP - PASEO DEL NORTE ON RAMP,65,3,40187,40854,38348,39084,39733,36539,43908,74300,41837,41711,28238,435,15
20697,0.153,Urban Principal Arterial,PASEO DEL NORTE,EAST OF PDN INTCH. WEST RAMPS-WEST OF PDN OFF RAMP TO JEFF,55,2,75915,77600,52772,71600,72238,48744,62941,65847,58137,60822,9306,207,54
20712,0.29100001,Urban Principal Arterial,PASEO DEL NORTE, EAST OF PAN AM. EAST - WEST OF SAN PEDRO,45,6,55443,56674,42649,52291,52758,39394,50868,53217,46985,49155,14304,393,107
20636,0.098,Urban Interstate On-Ramp,P.D.N. INTCH., I-25 NBD ON RAMP,45,1,6144,6280,4726,5602,5702,4226,5637,5897,5040,5273,517,12,2
20616,0.259,Urban Interstate,I-25 NBD, PASEO DEL NORTE ON RAMP - ALAMEDA OFF RAMP,65,4,45273,46025,42927,43435,44156,40902,49151,41500,46833,46693,12093,183,2
20628,0.27599999,Urban Interstate,I-25 SBD, PASEO DEL NORTE OFF RAMP - ALAMEDA ON RAMP,65,4,45912,46674,40699,44191,44925,38779,46600,41500,44402,44269,12218,186,3
20484,0.108,Urban Principal Arterial,ALAMEDA BLVD., WEST OF PAN AM. EAST - EAST OF PAN AM. WEST,50,5,26570,27160,20439,25060,25283,18879,30084,31473,27940,29121,3145,123,65
20540,0.099,Urban Interstate Off-Ramp,ALAMEDA INTCH., I-25 NBD OFF RAMP,35,1,10926,11169,8405,9962,10141,7515,10025,10488,8963,9377,0,0,0
20556,0.12,Urban Interstate On-Ramp,ALAMEDA INTCH., I-25 SBD ON RAMP,45,1,12346,12620,8582,11256,11459,7674,11967,12811,10910,11614,1394,49,21
20473,0.249,Urban Principal Arterial,ALAMEDA BLVD., WEST OF PAN AM. WEST - EAST OF SAN MATEO,45,4,33242,34567,23507,31352,32179,21713,30083,32204,27939,29909,7447,219,70
20504,0.15099999,Urban Major Collector,ALAMEDA BLVD., WEST OF SAN PEDRO - EAST OF PAN AM. EAST,35,6,24368,24909,18745,22217,22617,16761,29333,30687,26743,27820,4201,156,51
20436,0.097,Urban Interstate Off-Ramp,ALAMEDA INTCH., I-25 SBD OFF RAMP,35,1,2656,2715,1846,2422,2465,1651,2362,2529,2113,2262,219,6,1
20476,0.44,Urban Interstate,I-25 SBD, ALAMEDA ON RAMP - ALAMEDA OFF RAMP,65,3,32525,33065,28832,31306,31826,27472,33013,32914,31455,31361,13799,207,2
20544,0.47299999,Urban Interstate,I-25 NBD, ALAMEDA OFF RAMP - ALAMEDA ON RAMP,65,3,32466,33005,28779,31249,31768,27421,32952,32853,31397,31303,14806,219,0
20460,0.096,Urban Interstate On-Ramp,ALAMEDA INTCH., I-25 NBD ON RAMP,45,1,3739,3822,2876,3409,3470,2572,3430,3588,3068,3210,308,7,1
20232,0.43700001,Urban Interstate,I-25 SBD, TRAMWAY ON RAMP - TRAMWAY OFF RAMP,75,2,30417,30922,26963,29277,29763,25691,30873,30780,29416,29328,12816,186,25
20208,0.76700002,Urban Interstate,I-25 SBD, TRAMWAY OFF RAMP - BERNALILLO/SANDOVAL C.L.,65,2,35217,35802,32141,33681,34240,30624,36250,36141,34527,34423,26403,375,-4
20184,0.70899999,Urban Interstate,I-25 NBD, TRAMWAY ON RAMP 2 - BERNALILLO/SANDOVAL C.L.,65,2,37829,38457,36788,36210,36811,35052,36250,36141,34527,34423,24406,347,-8
10184,5.51599979,Urban Interstate,I-25 NBD, BERNALILLO/SANDOVAL C.L. - BERNALILLO OFF RAMP,70,2,37829,35686,36788,36210,34580,35052,36250,36141,34527,34423,189877,2697,165
19000,0.163,Urban Interstate,I-25 NBD, BERNALILLO OFF RAMP - BERNALILLO ON RAMP,75,3,27345,27799,23397,26830,27275,22293,26790,26710,25525,25448,4148,60,8
19002,0.227,Urban Interstate,I-25 SBD, BERNALILLO ON RAMP - BERNALILLO OFF RAMP,75,3,24977,25392,20472,24413,24818,19506,23440,17432,22334,16714,3794,54,7
10208,5.5999999,Urban Interstate,I-25 SBD, BERNALILLO/SANDOVAL C.L. - BERNALILLO ON RAMP 1,70,2,35217,35686,19871,33681,34580,18933,36250,36141,34527,34423,192769,2731,157
19142,0.223,Urban Interstate On-Ramp,ALGODONES INTCH., I-25 SBD ON RAMP,45,1,1777,1531,1193,1620,1390,1067,1358,1031,1238,935,209,7,3
19140,0.21799999,Urban Interstate Off-Ramp,ALGODONES INTCH., I-25 SBD OFF RAMP,40,1,451,502,386,411,453,345,439,548,393,497,109,3,1
19136,0.23899999,Urban Interstate Off-Ramp,ALGODONES INTCH., I-25 NBD OFF RAMP,40,1,1267,1453,1132,1155,1319,1012,1288,882,1174,800,191,5,1
19138,0.20100001,Urban Interstate On-Ramp,ALGODONES INTCH., I-25 NBD ON RAMP,45,1,475,600,467,433,545,418,531,619,484,561,113,3,0
10485,0.28799999,Rural Interstate Off-Ramp,SAN FELIPE INTCH., I-25 NBD OFF RAMP,35,1,1993,2012,1839,1802,1846,1671,1951,1967,1773,1787,515,15,3
10486,0.30500001,Rural Interstate On-Ramp,SAN FELIPE INTCH., I-25 NBD ON RAMP,45,1,1920,1938,1771,1736,1778,1609,1879,1894,1707,1721,525,12,2
10487,0.34799999,Rural Interstate Off-Ramp,SAN FELIPE INTCH., I-25 SBD OFF RAMP,35,1,1240,1252,1144,1121,1149,1039,1214,1224,1102,1111,386,11,2
10488,0.28999999,Rural Interstate On-Ramp,SAN FELIPE INTCH., I-25 SBD ON RAMP,45,1,1730,1746,1596,1564,1602,1450,1693,1707,1538,1550,449,10,2
10490,0.242,Rural Interstate On-Ramp,BUDAGHERS INTCH., I-25 NBD ON RAMP,45,1,159,148,135,144,136,123,143,125,129,114,28,1,0
10489,0.27000001,Rural Interstate Off-Ramp,BUDAGHERS INTCH., I-25 NBD OFF RAMP,35,1,142,170,155,128,156,141,164,130,148,118,32,1,0
10494,0.243,Rural Interstate On-Ramp,SANTO DOMINGO INTCH., I-25 NBD ON RAMP,45,1,1286,1275,1165,1163,1170,1058,1236,1251,1115,1139,277,6,1
10495,0.221,Rural Interstate Off-Ramp,SANTO DOMINGO INTCH., I-25 SBD OFF RAMP,35,1,1265,1685,1540,1144,1546,1399,1634,1542,1474,1403,310,9,2
10496,0.227,Rural Interstate On-Ramp,SANTO DOMINGO INTCH., I-25 SBD ON RAMP,45,1,4778,2781,2542,4321,2552,2309,2697,2580,2434,2348,533,12,2
10491,0.2,Rural Interstate Off-Ramp,BUDAGHERS INTCH., I-25 SBD OFF RAMP,35,1,94,112,102,85,103,93,108,113,97,103,21,1,0
10493,0.30599999,Rural Interstate Off-Ramp,SANTO DOMINGO INTCH., I-25 NBD OFF RAMP,35,1,1882,2501,2286,1702,2295,2077,2425,2301,2188,2094,641,18,4
10492,0.264,Rural Interstate On-Ramp,BUDAGHERS INTCH., I-25 SBD ON RAMP,45,1,121,173,158,109,159,144,168,144,152,131,35,1,0
46042,0.359,Rural Interstate On-Ramp,WAGON WHEEL INTCH., I-40 EBD ON RAMP,45,1,70,71,65,63,65,59,69,70,63,64,23,1,0
46041,0.33000001,Rural Interstate Off-Ramp,WAGON WHEEL INTCH., I-40 EBD OFF RAMP,35,1,89,90,82,80,83,74,87,88,79,80,27,1,0
46043,0.359,Rural Interstate Off-Ramp,WAGON WHEEL INTCH., I-40 WBD OFF RAMP,35,1,57,58,53,52,53,48,56,56,51,51,18,1,0
46044,0.33000001,Rural Interstate On-Ramp,WAGON WHEEL INTCH., I-40 WBD ON RAMP,45,1,179,181,165,162,166,150,175,176,159,160,53,1,0
29700,0.257,Rural Interstate Off-Ramp,ZUZAK INTCH., I-40 EBD OFF RAMP,35,1,1876,2062,1885,1696,1892,1712,2000,1993,1816,1810,465,13,3
29706,0.29300001,Rural Interstate On-Ramp,ZUZAK INTCH., I-40 WBD ON RAMP,45,1,1992,2189,2001,1801,2009,1818,2123,2116,1929,1922,563,13,2
29704,0.25999999,Rural Interstate Off-Ramp,ZUZAK INTCH., I-40 WBD OFF RAMP,35,1,188,207,189,170,190,172,201,200,182,181,47,1,0
29702,0.294,Rural Interstate On-Ramp,ZUZAK INTCH., I-40 EBD ON RAMP,45,1,251,276,252,227,253,229,267,266,243,242,71,2,0
29712,0.184,Rural Interstate On-Ramp,SEDILLO INTCH., I-40 WBD ON RAMP,45,1,2431,2949,2695,2154,2706,2448,2859,2849,2580,2571,473,11,2
29708,0.19599999,Rural Interstate Off-Ramp,SEDILLO INTCH., I-40 EBD OFF RAMP,35,1,2779,2777,2538,2461,2548,2306,2693,2684,2430,2422,475,14,3
29709,0.20299999,Rural Interstate On-Ramp,SEDILLO INTCH., I-40 EBD ON RAMP,45,1,555,356,325,502,327,295,345,344,311,310,63,1,0
29710,0.27900001,Rural Interstate Off-Ramp,SEDILLO INTCH., I-40 WBD OFF RAMP,35,1,392,425,388,354,390,352,412,411,372,371,104,3,1
26296,0.162,Rural Interstate Off-Ramp,RIO PUERCO INTCH., I-40 WBD OFF RAMP,35,1,3739,2545,2326,3381,2335,2113,2468,2488,2227,2245,364,10,2
26295,0.134,Rural Interstate On-Ramp,RIO PUERCO INTCH., I-40 EBD ON RAMP,45,1,4444,1996,1824,4019,1832,1657,1935,1950,1746,1760,236,5,1
26297,0.175,Rural Interstate On-Ramp,RIO PUERCO INTCH., I-40 WBD ON RAMP,45,1,1709,2063,1886,1545,1893,1713,2001,2017,1806,1820,318,7,1
26294,0.127,Rural Interstate Off-Ramp,RIO PUERCO INTCH., I-40 EBD OFF RAMP,35,1,1742,1797,1642,1575,1649,1492,1742,1756,1572,1585,201,6,1
65001,0.15899999,Rural Interstate Off-Ramp,EDGEWOOD INTCH., I-40 WBD OFF RAMP,25,1,1619,1741,1591,1464,1598,1445,1688,1682,1523,1518,242,10,2
65002,0.146,Rural Interstate On-Ramp,EDGEWOOD INTCH., I-40 WBD ON RAMP,45,1,3674,4169,3810,3322,3826,3461,4042,4028,3647,3634,530,12,2
65004,0.126,Rural Interstate On-Ramp,EDGEWOOD INTCH., I-40 EBD ON RAMP,45,1,1886,2492,2278,1705,2287,2069,2417,2409,2181,2173,274,6,1
65003,0.169,Rural Interstate Off-Ramp,EDGEWOOD INTCH., I-40 EBD OFF RAMP,25,1,3567,4369,3993,3226,4009,3627,4237,4222,3823,3810,644,26,5
46011,0.30899999,Rural Interstate Off-Ramp,MORIARTY W. INTCH., I-40 EBD OFF RAMP,40,1,3505,2951,2697,3170,2708,2450,2862,2852,2583,2574,796,20,4
46014,0.087,Rural Interstate On-Ramp,MORIARTY W. INTCH., I-40 EBD ON RAMP,30,1,1458,1077,984,1318,988,894,1044,1040,942,939,82,3,1
46012,0.26199999,Rural Interstate Off-Ramp,MORIARTY W. INTCH., I-40 WBD OFF RAMP,35,1,697,1284,1174,630,1178,1066,1246,1242,1124,1120,293,8,2
46013,0.40799999,Rural Interstate On-Ramp,MORIARTY W. INTCH., I-40 WBD ON RAMP,30,1,2366,2495,2280,2140,2290,2071,2419,2411,2183,2175,887,30,6
47010,0.182,Rural Interstate Off-Ramp,N.M. 41  INTCH., I-40 EBD OFF RAMP,35,1,2899,2525,2308,2622,2317,2097,2449,2441,2210,2202,401,12,2
47020,0.221,Rural Interstate On-Ramp,N.M. 41  INTCH., I-40 EBD ON RAMP,45,1,1191,1094,1000,1077,1004,908,1061,1057,957,954,211,5,1
47030,0.17200001,Rural Interstate Off-Ramp,N.M. 41  INTCH., I-40 WBD OFF RAMP,35,1,1764,2003,1831,1595,1838,1663,1943,1936,1753,1747,300,9,2
47040,0.2,Rural Interstate On-Ramp,N.M. 41  INTCH., I-40 WBD ON RAMP,45,1,4467,4304,3934,4039,3950,3574,4174,4160,3766,3753,751,17,3
46021,0.35699999,Rural Interstate Off-Ramp,MORIARTY E. INTCH., I-40 EBD OFF RAMP,35,1,322,337,308,291,309,280,327,326,295,294,105,3,1
46034,0.236,Rural Interstate On-Ramp,LONGHORN INTCH., I-40 WBD ON RAMP,45,1,187,189,173,169,173,157,184,185,167,168,40,1,0
46031,0.235,Rural Interstate Off-Ramp,LONGHORN INTCH., I-40 EBD OFF RAMP,35,1,165,167,153,149,153,139,162,163,147,148,35,1,0
46033,0.26199999,Rural Interstate Off-Ramp,LONGHORN INTCH., I-40 WBD OFF RAMP,35,1,105,106,97,95,97,88,103,104,93,94,25,1,0
46032,0.199,Rural Interstate On-Ramp,LONGHORN INTCH., I-40 EBD ON RAMP,45,1,113,114,104,102,105,94,110,111,100,101,20,0,0
46055,0.264,Rural Interstate On-Ramp,CLINES INTCH., I-40 WBD ON RAMP,45,1,1967,2250,2056,1880,2065,1868,2181,2198,1968,1984,524,12,2
46061,0.19599999,Rural Interstate Off-Ramp,PALMA INTCH., I-40 EBD OFF RAMP,35,1,45,45,41,41,41,37,44,44,39,39,8,0,0
46064,0.235,Rural Interstate On-Ramp,PALMA INTCH., I-40 WBD ON RAMP,45,1,74,75,69,67,69,63,73,74,67,68,16,0,0
46062,0.221,Rural Interstate On-Ramp,PALMA INTCH., I-40 EBD ON RAMP,45,1,46,46,42,42,42,38,45,45,40,40,9,0,0
46063,0.233,Rural Interstate Off-Ramp,PALMA INTCH., I-40 WBD OFF RAMP,35,1,43,43,39,39,39,35,41,41,37,37,9,0,0
46081,0.32800001,Rural Interstate Off-Ramp,FLYING C INTCH., I-40 EBD OFF RAMP,35,1,146,282,258,132,259,234,274,276,247,249,82,2,0
46085,0.273,Rural Interstate On-Ramp,FLYING C INTCH., I-40 WBD ON RAMP,45,1,766,986,901,693,905,818,956,964,863,870,238,5,1
46083,0.50999999,Rural Interstate Off-Ramp,FLYING C INTCH., I-40 WBD OFF RAMP1,40,1,226,678,620,200,622,563,658,663,594,599,305,8,1
46084,0.23999999,Rural Interstate Off-Ramp,FLYING C INTCH., I-40 WBD OFF RAMP2,35,1,486,45,41,439,41,37,44,44,40,40,10,0,0
46082,0.24699999,Rural Interstate On-Ramp,FLYING C INTCH., I-40 EBD ON RAMP,45,1,172,267,244,156,245,222,259,261,234,236,59,1,0
46094,0.25799999,Rural Interstate On-Ramp,MCKENZIE INTCH., I-40 WBD ON RAMP,45,1,95,96,88,86,88,80,93,94,85,86,22,0,0
46091,0.236,Rural Interstate Off-Ramp,MCKENZIE INTCH., I-40 EBD OFF RAMP,35,1,60,61,56,54,56,51,59,59,54,54,13,0,0
46092,0.22499999,Rural Interstate On-Ramp,MCKENZIE INTCH., I-40 EBD ON RAMP,45,1,95,96,88,86,88,80,93,94,85,86,19,0,0
46093,0.22,Rural Interstate Off-Ramp,MCKENZIE INTCH., I-40 WBD OFF RAMP,35,1,63,64,58,57,59,53,62,62,56,56,12,0,0
38873,0.25799999,Urban Interstate Off-Ramp,CAM. DEL LLANO INTCH, I-25 SBD OFF RAMP,35,1,2585,2663,1996,2357,2418,1785,2535,2559,2267,2288,590,17,3
38875,0.271,Urban Interstate On-Ramp,CAM. DEL LLANO INTCH, I-25 SBD ON RAMP,45,1,826,851,638,753,773,570,810,818,724,731,198,7,3
38676,0.252,Urban Interstate Off-Ramp,BELEN NORTH INTCH., I-25 NBD OFF RAMP,35,1,367,378,283,335,343,253,359,362,321,324,81,2,0
38648,0.243,Urban Interstate On-Ramp,BELEN NORTH INTCH., I-25 SBD ON RAMP,45,1,435,448,336,397,407,300,427,431,381,385,94,3,1
38640,0.308,Urban Interstate Off-Ramp,BELEN NORTH INTCH., I-25 SBD OFF RAMP,35,1,3222,3319,2487,2938,3014,2224,3158,3188,2824,2851,878,25,5
38988,0.278,Urban Interstate On-Ramp,CAM. DEL LLANO INTCH, I-25 NBD ON RAMP,45,1,2580,2658,1992,2352,2413,1781,2529,2553,2262,2283,635,14,3
38877,0.25400001,Urban Interstate Off-Ramp,CAM. DEL LLANO INTCH, I-25 NBD OFF RAMP,35,1,782,806,604,713,732,540,767,774,686,692,176,5,1
38891,0.29100001,Urban Interstate On-Ramp,BELEN SOUTH INTCH., I-25 NBD ON RAMP,45,1,987,1017,762,900,923,681,968,977,865,873,254,6,1
38895,0.34200001,Urban Interstate Off-Ramp,BELEN SOUTH INTCH., I-25 NBD OFF RAMP,35,1,451,465,348,411,422,311,442,446,395,399,136,4,1
38897,0.16500001,Urban Interstate Off-Ramp,BELEN SOUTH INTCH., I-25 SBD OFF RAMP,35,1,764,899,674,701,816,603,856,864,780,787,130,4,1
38899,0.25999999,Urban Interstate On-Ramp,BELEN SOUTH INTCH., I-25 SBD ON RAMP,45,1,347,357,268,316,324,240,340,343,305,308,80,3,1
28236,0.31200001,Urban Interstate Off-Ramp,ISLETA PUEBLO INTCH., I-25 NBD OFF RAMP,35,1,2214,2281,1709,2019,2071,1528,2170,2190,1940,1958,611,18,3
28244,0.24600001,Urban Interstate On-Ramp,ISLETA PUEBLO INTCH., I-25 SBD ON RAMP,35,1,2339,2410,1806,2133,2188,1615,2293,2315,2051,2070,509,23,10
28224,0.289,Urban Interstate Off-Ramp,ISLETA PUEBLO INTCH., I-25 SBD OFF RAMP,35,1,696,717,537,635,651,480,682,688,610,616,178,5,1
28208,0.26300001,Urban Interstate On-Ramp,ISLETA PUEBLO INTCH., I-25 NBD ON RAMP,45,1,880,907,680,802,824,608,863,871,772,779,205,5,1
20300,0.104,Urban Interstate On-Ramp,TRAMWAY INTCH., I-25 SBD ON RAMP,45,1,6735,6884,4681,6141,6250,4186,5991,6413,5357,5735,597,21,9
20304,0.121,Urban Interstate Off-Ramp,TRAMWAY INTCH., I-25 NBD OFF RAMP,35,2,7099,7257,5461,6472,6589,4883,6513,6814,5824,6093,737,21,4
20212,0.197,Urban Interstate Off-Ramp,TRAMWAY INTCH., I-25 SBD OFF RAMP,35,1,3581,3660,2489,3265,3323,2226,3185,3410,2849,3050,601,17,3
20252,0.264,Urban Interstate On-Ramp,TRAMWAY INTCH., I-25 NBD ON RAMP,35,2,3967,4055,3052,3617,3682,2729,3640,3808,3255,3405,899,26,5
23504,0.099,Urban Principal Arterial,SAN MATEO,NORTH OF INDIAN SCHOOL - SOUTH OF I-40 S. RAMPS,35,6,45347,44996,33946,42769,41887,31355,40211,38260,37346,35401,3505,123,35
23732,0.103,Urban Principal Arterial,UNSER BLVD., NORTH OF I-40 S. RAMPS - SOUTH OF I-40 N. RAMPS,45,4,34972,32619,26470,32984,30365,24450,32995,30094,30644,27949,2879,74,17
29644,1.49300003,Rural Major Collector,FROST ROAD, EAST OF N.M. 14 - WEST OF GUTIERREZ CANYON RD.,40,2,5277,4693,4289,4772,4307,3896,4551,4535,4107,4093,6111,76,5
29642,0.426,Rural Major Collector,FROST ROAD, EAST OF GUTIERREZ CANYON RD. - WEST OF CAMINO ALTO,50,2,3554,3582,4241,3305,3331,3853,4500,4484,4088,4074,0,0,0
29640,1.62600005,Rural Major Collector,FROST ROAD, EAST OF CAMINO ALTO - WEST OF VALLECITOS/MEADOW,50,2,2385,2621,2396,2157,2405,2177,2542,2533,2310,2302,3743,37,2
29617,1.00300002,Rural Major Collector,FROST ROAD, EAST OF VALLECITOS/MEADOW - WEST OF TUMBLEWEED,50,2,3090,3396,3104,2794,3116,2820,3293,3282,2992,2982,2992,30,2
29637,0.98400003,Rural Major Collector,MEADOW/VALLECITOS, N. OF MEADOW (VALLECITOS) - SOUTH OF FROST RD. (VALLECITOS),30,2,2831,3111,2843,2560,2855,2583,3016,3006,2741,2731,2687,71,9
29638,0.48500001,Rural Major Collector,MEADOW/VALLECITOS, E. OF CAMINO ENCANTADO (MEADOW) - WEST OF VALLECITOS (MEADO,30,2,3058,3361,3072,2765,3084,2791,3259,3248,2961,2951,1431,24,1
29639,0.42199999,Rural Major Collector,MEADOW/VALLECITOS, N. OF SEDILLO HILL RD. (MEADOW) - S. OF CAMINO ENCANTADO (M,30,2,4046,4447,4065,3659,4081,3693,4313,4298,3918,3904,1647,46,6
29622,4.92700005,Rural Major Collector,GUTIERREZ CAN. ROAD, NORTH OF NORTH ZAMORA ROAD - SOUTH OF FROST ROAD,25,2,421,463,423,381,425,384,449,447,407,406,2000,61,8
29668,1.49699998,Rural Major Collector,ZAMORA ROAD (NORTH), NORTH OF N.M. 333 - WEST OF GUTIERREZ CANYON ROAD,45,2,1005,1104,1009,909,1013,917,1071,1067,973,970,1452,16,1
29679,0.50199997,Rural Major Collector,SEDILLO HILL ROAD, NORTH OF N.M. 333 - S.W. OF CALLE DEL MEDIA,40,2,3337,3667,3352,3018,3365,3045,3556,3544,3231,3220,1616,31,4
29678,0.78200001,Rural Major Collector,SEDILLO HILL ROAD, N.E. OF CALLE DEL MEDIA - WEST OF MEADOW/VALLECITOS,40,2,3279,3604,3294,2965,3307,2992,3495,3483,3175,3164,2475,30,2
25964,0.31999999,Urban Principal Arterial,AVENIDA CESAR CHAVEZ, EAST OF BROADWAY - WEST OF I-25 W. RAMPS,35,6,18066,18183,12737,17039,16927,11765,26103,27253,24243,25217,8069,296,94
25880,0.072,Urban Principal Arterial,AVENIDA CESAR CHAVEZ, EAST OF 4TH ST. - WEST OF 3RD ST.,35,4,30007,30202,21157,28301,28115,19542,31185,32558,28963,30125,2169,73,17
25884,0.103,Urban Principal Arterial,BRIDGE BLVD., EAST OF 8TH ST. - WEST OF 4TH ST.,35,5,40115,40375,28283,37835,37585,26124,33710,35195,31308,32565,3354,110,20
25932,0.57999998,Urban Principal Arterial,BRIDGE BLVD., EAST OF ISLETA - WEST OF 8TH ST.,35,4,33500,36231,30700,31900,34473,28400,39449,41186,36493,38100,22099,722,134
19037,2.20300007,Rural Major Collector,N.M. 165,EAST OF TIERRA MADRE RD. - WEST OF JUNIPER RD.,50,2,5810,6385,5836,5254,5859,5301,6192,6061,5624,5516,12154,121,8
19038,0.80599999,Rural Major Collector,N.M. 165,EAST OF JUNIPER RD. - WEST OF OVERLOOK RD.,50,2,4367,4799,4386,3949,4404,3984,4654,4161,4227,3787,3052,30,2
19042,2.08899999,Rural Major Collector,N.M. 165, EAST OF CAMINO DE LAS HUERTAS - END OF PAVEMENT,45,2,1561,1716,1568,1412,1575,1424,1664,1658,1511,1506,3146,31,2
19035,1.28900003,Urban Major Collector,N.M. 165, EAST OF ROAD TO PLACITAS TRAILS - WEST OF TIERRA MADRE ROAD,30,2,7300,8023,6250,6656,7285,5589,7112,7087,6360,6338,8170,316,74
19040,1.51600003,Rural Major Collector,N.M. 165, EAST OF OVERLOOK ROAD - WEST OF CAMINO DE LAS HUERTAS,45,2,3874,4257,3891,3503,3907,3535,4128,3713,3751,3379,5123,57,4
19101,1.921,Urban Major Collector,N.M. 313, NORTH OF NEW DEV. ACCESS RD - SANTA ANA INDIAN RES. LINE,45,2,3058,3085,2403,2788,2801,2149,2735,2726,2493,2484,4770,131,35
19099,0.458,Urban Major Collector,N.M. 313,SANTA ANA RES. LINE - SOUTH OF DOVE RD.,45,2,4064,4466,3479,3705,4055,3111,3959,3945,3540,3528,1616,44,12
19107,0.60799998,Urban Major Collector,N.M. 313, AT&SF OVERPASS - S. OF ENT. TO ALGOD. ELEM. SCH.,30,2,2789,3065,2388,2543,2783,2135,2718,2709,2430,2422,1472,60,16
19103,0.47099999,Urban Major Collector,N.M. 313, SANTA ANA INDIAN RES. LINE (N.) - ALGODONES VILLAGE LIMIT,40,2,4013,3240,2524,3659,2942,2257,2872,2862,2618,2609,1229,38,10
19109,0.62400001,Urban Major Collector,N.M. 313, N. OF ENT. TO ALGOD. ELEM. SCH. - SOUTH OF N.M. 315,30,2,2732,2728,2125,2491,2477,1900,2418,2410,2204,2196,1370,56,15
19113,0.1,Urban Major Collector,N.M. 315, EAST OF I-25 WEST RAMPS - WEST OF I-25 EAST RAMPS,40,2,3141,3365,2621,2864,3055,2344,2983,2973,2720,2711,271,8,2
19111,0.31799999,Urban Major Collector,N.M. 315, EAST OF N.M. 313 - WEST OF I-25 WEST RAMPS,50,2,2280,2506,1952,2079,2275,1745,2221,2213,1986,1979,629,15,3
19105,0.38699999,Urban Major Collector,N.M. 313, ALGODONES VILLAGE LIMIT - AT&SF OVERPASS,30,2,2933,2675,2084,2674,2429,1863,2372,2364,2163,2156,834,34,9
19091,4.125,Rural Major Collector,N.M. 165, END OF PAVEMENT - ENT. LAS HUERTAS CAMPGROUND,25,2,489,493,582,453,456,529,618,616,561,559,0,0,0
19093,2.59599996,Rural Major Collector,N.M. 165, ENT. LAS HUERTAS CAMPGROUND - SANDOVAL/BERNALILLO C.L,25,2,178,179,214,166,167,194,227,226,206,205,0,0,0
10241,7.20900011,Rural Major Collector,N.M. 96, NORTH OF OLD N.M. 496 AT LAJARA - SOUTH OF OLD N.M. 305 AT,50,2,877,878,852,816,817,774,904,911,821,828,0,0,0
10264,5.61800003,Rural Major Collector,N.M. 126,FENTON LAKE S.P. (W.ENT.) - WEST OF N.M. 485,30,2,639,640,620,594,595,563,658,663,597,602,3382,57,4
10261,0.84200001,Rural Major Collector,N.M. 126,SOUTH OF COUNTY RD. 13 - NE OF COUNTY RD. 124,30,2,723,730,667,654,670,606,708,714,643,648,546,14,2
10262,8.31099987,Rural Major Collector,N.M. 126, SOUTHEAST OF COUNTY ROAD 124 - .749 MILES N.W. OF FS ROAD 1,40,2,325,328,300,294,301,273,318,321,290,292,2427,48,6
10277,3.31399989,Rural Minor Arterial,N.M. 4, NORTH OF N.M. 290 - SOUTH OF N.M. 485,40,2,2314,2703,2411,2250,2588,2290,2682,2867,2585,2763,9153,237,32
10273,7.87400007,Rural Minor Arterial,N.M. 4, NORTH OF N.M. 485 - 7.819 MILES NORTH OF N.M. 485,40,2,1585,2019,4454,1542,1933,4231,4953,5295,4774,5005,39409,1020,139
10274,0.98199999,Rural Minor Arterial,N.M. 4, 7.819 MILES NORTH OF N.M. 485 - 8.819 MILES NORTH OF N.M. 4,45,2,1716,1718,1627,1682,1684,1546,1809,1934,1719,1838,0,0,0
10275,7.86000013,Rural Minor Arterial,N.M. 4, 8.819 MILES NORTH OF N.M. 485 - SOUTH OF N.M. 126,50,2,1124,1293,1153,1093,1238,1095,1282,1370,1236,1321,10391,215,29
10284,0.104,Rural Major Collector,N.M. 22, NORTH OF I-25 SOUTH RAMPS - SOUTH OF I-25 NORTH RAMPS,35,2,4120,4159,3801,3726,3817,3453,4033,4065,3664,3693,384,10,1
10282,2.74900007,Rural Major Collector,N.M. 22,NORTH OF N.M. 16 - SOUTH OF RANCHO DE LA CANADA,50,2,1995,2014,1841,1804,1848,1672,1953,1969,1774,1788,4912,77,10
10300,3.99300003,Rural Major Collector,N.M. 14,BERN/SAND C.L. - SAND/ SANTA FE C.L. (AMPA),55,2,1876,2251,2057,1745,2066,1869,2182,2174,1969,1962,7834,161,31
19610,0.124,Rural Major Collector,N.M. 536, BERNALILLO/SANDOVAL C.L. - SANDOVAL/BERNALILLO C.L.,30,2,453,457,539,422,426,490,572,570,520,518,0,0,0
29937,0.04,Rural Major Collector, , ,0,0,0,0,0,0,0,0,0,0,0,0,0,0,0
29590,0.91900003,Rural Major Collector,N.M. 337, NORTH OF LOS ALAMITOS ROAD - SOUTH OF ENT. TO HOLMEN INC.,35,2,4354,4388,5197,4050,4082,4721,5514,5495,5009,4992,0,0,0
29548,0.77200001,Rural Minor Arterial,N.M. 14,NORTH OF CIRQUELA - SOUTH OF FOREST PARK,50,4,13182,11463,10225,12824,10977,9714,11370,12066,10960,11405,8804,188,27
29550,0.491,Rural Minor Arterial,N.M. 14, NORTH OF FORREST PARK - SOUTH OF SANGRE DE CRISTO,50,4,12907,10620,9473,12556,10170,8999,10534,10497,10154,10119,4968,106,15
29552,0.81,Rural Minor Arterial,N.M. 14, NORTH OF SANGRE DE CRISTO - SOUTH OF CANONCITO,50,4,11848,10365,9246,11526,9926,8784,10282,11028,9911,10424,8443,177,24
29556,1.31299996,Rural Minor Arterial,N.M. 14, NORTH OF RIDGE - SOUTH OF N.M. 536/N.M. 306,50,4,10125,8507,7588,9850,8146,7209,8438,8409,8134,8106,10642,224,30
29554,1.15100002,Rural Minor Arterial,N.M. 14, NORTH OF CANONCITO - SOUTH OF RIDGE,50,4,11114,12382,10895,10812,12290,10350,12115,12073,11509,11469,13200,277,37
29558,0.60299999,Rural Major Collector,N.M. 14, NORTH OF N.M. 536/N.M. 306 - SOUTH OF ENT. TO SCHOOL,45,2,5593,5024,4592,5058,4610,4171,4872,4855,4396,4381,2642,54,1
29560,0.34200001,Rural Major Collector,N.M. 14, NORTH OF ENT. TO SCHOOL - SOUTH OF LA MADERA ROAD,45,2,5500,4931,4507,4974,4525,4094,4782,4765,4315,4300,1471,30,0
29562,3.46399999,Rural Major Collector,N.M. 14, NORTH OF LA MADERA ROAD - BERNALILLO/SANDOVAL C.L.,55,2,4406,3935,3597,3984,3611,3268,3816,3803,3443,3431,11888,245,47
29598,0.838,Rural Major Collector,N.M. 536, WEST OF N.M. 14 - EAST OF CIENEGA CANYON RD.,45,2,2063,1845,1686,1866,1693,1532,1789,1783,1614,1608,1348,15,1
29600,0.96200001,Rural Major Collector,N.M. 536, WEST OF CIENEGA CANYON RD. - CIBOLA NAT. FORREST BOUNDARY,45,2,1901,2089,1909,1719,1917,1734,2025,2018,1840,1834,1765,20,1
29602,0.264,Rural Major Collector,N.M. 536, CIBOLA NAT. FORREST BOUNDARY - EAST OF SULPHUR CAN. ROAD,40,2,769,845,772,695,775,701,819,816,744,741,196,2,0
29604,4.81899977,Rural Major Collector,N.M. 536, WEST OF SULPHUR CAN. ROAD - EAST OF ENT. SANDIA SKI AREA,35,2,577,634,579,522,582,526,614,612,558,556,2684,37,2
29606,0.61500001,Rural Major Collector,N.M. 536, WEST OF ENT. SANDIA SKI AREA - EAST OF N.M. 165,35,2,612,672,614,553,617,558,651,649,592,590,363,5,0
29095,0.74900001,Rural Major Collector,N.M. 165, SANDOVAL/BERNALILLO C.L. - NORTH OF N.M. 536,25,2,183,184,219,170,171,198,232,231,210,209,157,5,1
29608,0.79000002,Rural Major Collector,N.M. 536, WEST OF N.M. 165 - BERNALILLO/SANDOVAL C.L.,35,2,1017,1118,1022,920,1026,928,1084,800,985,720,776,11,1
29631,1.245,Rural Major Collector,MOUNTAIN VALLEY RD., NORTH OF JOE NESTER - SOUTH OF BERTA DRIVE,45,2,4306,4732,4325,3894,4342,3929,4589,4573,4169,4155,5173,90,11
29670,0.63,Rural Major Collector,ZAMORA ROAD (NORTH), EAST OF GUTIERREZ CANYON ROAD - WEST OF ZUZAK INTCH. OVERPA,45,2,525,577,527,475,529,479,559,557,508,506,319,3,0
29674,0.075,Rural Major Collector,ZAMORA ROAD (NORTH), SOUTH OF I-40 NORTH RAMPS - NORTH OF I-40 SOUTH RAMPS,35,2,518,569,520,468,522,472,552,550,501,499,37,1,0
29672,0.021,Rural Major Collector,ZAMORA ROAD (NORTH), SOUTH OF N. ZAMORA (ZUZAK OP) - NORTH OF I-40 NORTH RAMPS,35,2,641,646,765,595,599,695,812,809,737,734,15,0,0
29676,0.037,Rural Major Collector,ZAMORA ROAD (NORTH), SOUTH OF I-40 SOUTH RAMPS - NORTH OF N.M. 333,45,2,97,107,98,88,98,89,104,104,94,94,3,0,0
29634,0.17200001,Rural Major Collector,SEDILLO HILL ROAD, E. OF I-40 WBD ON RAMP - W. OF I-40 WBD OFF RAMP,45,2,3255,3280,3886,3029,3053,3530,4123,4109,3745,3732,642,9,0
29632,0.098,Rural Major Collector,SEDILLO HILL ROAD, S. OF I-40 WBD OFF RAMP - NORTH OF N.M. 333,45,2,7858,8636,7893,7106,7925,7170,8374,8345,7607,7581,743,13,2
29633,0.61799997,Rural Major Collector,MOUNTAIN VALLEY RD., NORTH OF N.M. 333 - SOUTH OF JOE NESTER,30,2,5611,6166,5636,5074,5658,5120,5980,5959,5432,5413,3345,87,11
29627,1.36500001,Rural Major Collector,N.M. 217, NORTH OF SADDLE SPUR TRAIL - SOUTH OF N.M. 333,45,2,2938,3229,2951,2657,2963,2681,3131,3120,2845,2835,3870,67,9
29659,1.18599999,Rural Major Collector,N.M. 337, NORTH OF JOSE POHL - SOUTH OF GLORY/BEARCAT,50,2,1807,1497,1368,1645,1374,1243,1451,1446,1309,1304,1548,23,3
29657,4.01499987,Rural Major Collector,N.M. 337, NORTH OF MORIARITY RD. (CHILILI - SOUTH OF JOSE POHL,50,2,1952,1515,1385,1776,1390,1258,1469,1464,1326,1321,5300,86,11
29656,2.01600003,Rural Major Collector,N.M. 337, BERN/TORR C.L. (AMPA) - SOUTH OF MORIARTY RD. (CHILILI),50,2,1718,1618,1480,1554,1486,1344,1308,1303,1180,1176,2373,36,5
29658,1.69599998,Rural Major Collector,N.M. 337, NORTH OF GLORY/BEARCAT - SOUTH OF N.M. 217,50,2,2389,1981,1811,2175,1818,1645,1921,1914,1733,1727,2931,46,6
29661,0.47400001,Rural Major Collector,N.M. 337, NORTH OF N.M. 217 - SOUTH OF ANAYA ROAD,50,2,3261,3584,3276,2949,3289,2976,3476,3464,3158,3147,1492,23,3
29624,0.61400002,Rural Major Collector,N.M. 217, EAST OF N.M. 337 - WEST OF LUBAN/LOVATO,45,2,1337,1469,1343,1209,1348,1220,1425,1420,1294,1290,792,9,1
29623,1.07000005,Rural Major Collector,N.M. 217, EAST OF LUBAN/LOVATO - WEST OF MARTINEZ (OLD N.M. 22),45,2,694,763,697,628,700,633,740,737,672,670,718,8,1
29626,1.51400006,Rural Major Collector,N.M. 217, NORTH OF MARTINEZ (OLD N.M. 22) - SOUTH OF GONZALES,45,2,738,811,741,667,744,673,786,783,714,712,1078,19,2
29625,2.9920001,Rural Major Collector,N.M. 217, NORTH OF GONZALES - SOUTH OF JUAN THOMAS ROAD,45,2,1991,2188,2000,1800,2008,1817,2122,2115,1928,1921,5748,100,13
29628,3.023,Rural Major Collector,N.M. 217, NORTH OF JUAN THOMAS ROAD - SOUTH OF SADDLE SPUR TRAIL,45,2,2389,2625,2399,2160,2409,2179,2545,2536,2312,2304,6962,121,15
28264,0.155,Rural Principal Arterial,N.M. 47, BERNALILLO/VALENCIA COUNTY LINE - SOUTH OF N.M. 147,50,4,18115,18663,13986,17953,18523,14176,19997,20185,19883,19225,2980,64,4
28220,0.19400001,Urban Minor Arterial,N.M. 317, EAST OF I-25 WEST RAMPS - WEST OF I-25 EAST RAMPS,35,2,3483,3588,2689,3285,3358,2514,3414,3446,3192,3222,625,17,1
28204,0.177,Urban Minor Arterial,N.M. 317, EAST OF I-25 EAST RAMPS - WEST OF ISLETA PUEB. WEST ENT.,50,2,5838,6014,4507,5506,5628,4214,5723,5777,5351,5401,956,23,6
28206,0.37599999,Urban Minor Arterial,N.M. 317, EAST OF ISLETA PUEB. MID. ENT. - WEST OF ISLETA PUEB. EAST,35,3,6653,6854,5136,6274,6414,4802,6522,6583,6098,6155,2315,54,1
28207,0.16500001,Urban Minor Arterial,N.M. 317, EAST OF ISLETA PUEB. EAST ENT. - WEST OF N.M. 45 (COORS ROA,50,3,7605,8104,5449,7172,7657,5094,6919,6984,6470,6591,1088,30,10
28196,2.39599991,Urban Minor Arterial,N.M. 45, NORTH OF N.M. 317 - I-25 UNDERPASS,45,2,7005,7464,6318,6606,7052,5907,8023,8098,7503,7642,18310,497,140
38855,0.81900001,Rural Major Collector,N.M. 346, EAST OF N.M. 116 - WEST OF N.M. 109,40,2,2734,2817,2111,2472,2585,1918,2681,2706,2435,2458,2013,25,2
38857,1.86399996,Rural Major Collector,N.M. 346, SOUTH OF N.M. 109 - WEST OF N.M. 304,40,2,2718,2800,2098,2458,2570,1906,2664,2689,2420,2443,4554,89,11
38847,4.05200005,Rural Major Collector,N.M. 304, NORTH OF N.M. 346 - SOUTH OF LUCERO,50,2,1839,1895,1420,1663,1739,1290,1803,1820,1638,1653,6694,104,13
38560,1.49600005,Urban Major Collector,N.M. 263, EAST OF N.M. 47 (SOUTH) - WEST OF SANDHILL ROAD,35,2,3825,3156,2365,3487,2866,2115,3003,3031,2738,2764,4135,137,32
38544,1.50699997,Urban Minor Arterial,N.M. 263, NORTH OF EL CERRO MISSION ROAD - SOUTH OF MEADOW LAKE ROAD,30,2,9035,9732,7293,8416,9107,6818,9260,8633,8660,8147,12278,499,140
30005,0.50800002,Urban Major Collector,N.M. 263, NORTH OF SANDHILL ROAD - SOUTH OF EL CERRO MISSION ROAD,30,2,1493,1538,1153,1361,1396,1031,1464,1478,1309,1321,671,28,7
38324,0.61199999,Urban Minor Collector,MCNEW ROAD, NORTH OF CHUGHOLE LANE - SOUTH OF BOSQUE FARMS LOOP,25,2,527,542,406,480,492,364,516,521,462,466,285,11,2
38572,1.46399999,Urban Major Collector,MILLER STREET, NORTH OF JEANNIE DRIVE - WEST OF N.M. 314,30,2,1325,1366,1024,1208,1240,916,1300,1312,1163,1174,1719,71,19
38588,0.65100002,Urban Major Collector,MILLER STREET, NORTH OF PEYTON ROAD - SOUTH OF JEANNIE DRIVE,30,2,883,910,682,805,826,610,866,874,775,782,509,21,6
38608,1.61699998,Urban Major Collector,SEABELL ROAD, NORTH OF SQUARE DEAL ROAD - SOUTH OF PEYTON ROAD,30,2,568,346,259,518,314,232,329,332,295,298,480,20,5
38636,2.03900003,Rural Minor Collector,RIO DEL ORO LOOP (S.), EAST OF LA ENTRADA ROAD - WEST OF MANZANO EXPRESSWAY,35,2,951,980,734,903,931,656,932,941,833,841,1715,49,10
38796,0.12,Urban Local,FOURTH STREET, NORTH OF ROSS AVENUE - SOUTH OF ARAGON ROAD,45,2,442,455,341,408,420,305,433,437,387,391,47,2,1
38751,0.229,Urban Local,WISCONSIN STREET, NORTH OF ROSS AVENUE - SOUTH OF ARAGON ROAD,15,2,758,781,585,700,721,523,743,750,664,670,154,16,7
38563,0.65499997,Urban Minor Collector,PERALTA BLVD., EAST OF N.M. 47 - WEST OF SAN FERNANDO ROAD,25,2,899,926,694,820,841,621,881,1034,789,937,614,25,5
38561,0.70700002,Urban Minor Collector,PERALTA BLVD., EAST OF SAN FERNANDO ROAD - WEST OF LA LADERA,45,2,2176,2242,1680,1984,2036,1502,2133,2153,1907,1925,1361,30,6
38485,0.44999999,Urban Minor Collector,DON PASQUAL,NORTH OF COUNCELING SERVICES - SOUTH OF TONDRE RD.,25,2,3059,1526,1144,2789,1386,1023,1453,1467,1325,1337,602,24,5
38807,0.45199999,Urban Minor Collector,EASTSIDE SCHOOL ROAD, NORTH OF SERAFIN ROAD - SOUTH OF MARQUEZ,30,2,225,232,174,205,211,156,221,223,198,200,90,3,1
38805,0.289,Urban Minor Collector,EASTSIDE SCHOOL ROAD, NORTH OF MARQUEZ - SOUTH OF N.M. 309,30,2,1475,1520,1139,1345,1380,1018,1446,1460,1293,1305,377,13,2
38810,0.16500001,Urban Local,SERAFIN ROAD, EAST OF N.M. 109 - WEST OF EASTSIDE SCHOOL ROAD,20,2,409,436,315,378,402,282,400,404,358,361,0,0,0
38711,0.45699999,Urban Minor Collector,SERAFIN ROAD, EAST OF EASTSIDE SCHOOL ROAD - WEST OF JARAMILLO ROAD,20,2,264,272,204,241,247,182,259,261,231,233,106,5,1
38826,0.48500001,Urban Local,ORCHARD RD., EAST OF EASTSIDE SCHOOL ROAD - WEST OF JARAMILLO ROAD,25,2,246,261,190,226,239,170,241,243,216,218,106,5,2
38908,0.13600001,Urban Local,GILBERT AVENUE, EAST OF 10TH STREET - WEST OF MAIN (BELEN),25,2,821,846,634,758,781,567,805,813,720,727,99,5,2
38784,0.177,Urban Major Collector,ARAGON ROAD,EAST OF TAFOYA STREET - WEST OF WISCONSIN,25,2,1225,1187,890,1117,1078,796,1058,1068,965,974,172,8,2
38781,0.15000001,Urban Major Collector,ARAGON ROAD,EAST OF WISCONSIN - WEST OF GABALDON,25,2,875,901,675,798,818,604,857,865,767,774,116,5,1
38783,0.33199999,Urban Major Collector,DELGADO STREET, EAST OF MESA ROAD - WEST OF 10TH STREET,25,2,1874,1931,1447,1709,1753,1294,1837,1854,1643,1658,550,26,6
38772,0.242,Urban Major Collector,ARAGON ROAD,EAST OF 3RD ST. -  WEST OF TAFOYA,25,2,1235,1272,953,1126,1155,852,1210,1221,1082,1092,264,12,3
38896,0.329,Urban Local,GILBERT AVENUE, EAST OF MESA ROAD - WEST OF 10TH STREET,25,2,279,280,241,259,260,215,306,309,273,276,0,0,0
38421,0.36899999,Urban Local,TONDRE ROAD, EAST OF DON PASQUAL - WEST OF N.M. 314,30,2,1036,1067,800,957,986,715,1016,1026,908,917,338,14,4
38419,0.447,Urban Local,TRUJILLO STREET, EAST OF N.M. 314 - WEST OF LOS LENTES,20,2,1111,1183,858,1026,1093,767,1089,1099,974,983,0,0,0
38284,0.303,Urban Local,ESPERANZA ROAD, EAST OF BOSQUE FARMS LOOP - WEST OF CALLE DE ORO,25,2,1421,1052,788,1312,972,705,1001,1010,895,903,274,14,4
38292,0.54900002,Urban Local,ESPERANZA ROAD, EAST OF CALLE DE ORO - WEST OF N.M. 47,25,2,2461,1586,1189,2274,1465,1063,1510,1524,1350,1363,748,38,11
38344,0.375,Urban Minor Collector,CHUGHOLE LANE, EAST OF GUADALUPE DRIVE - WEST OF N.M. 47,20,2,1458,1502,1126,1330,1364,1006,1430,1443,1277,1289,484,24,5
38348,0.85500002,Urban Minor Collector,CHUGHOLE LANE, SOUTH OF MCNEW ROAD - WEST OF GUADALUPE DRIVE,25,2,994,1024,767,906,930,686,974,983,871,879,752,30,6
38839,0.96499997,Rural Minor Collector,MILLS ROAD, EAST OF N.M. 116 - WEST OF N.M. 109,25,2,1401,1443,1081,1330,1371,967,1373,1386,1228,1240,1198,48,9
38822,0.32800001,Urban Local,ORCHARD RD., EAST OF N.M. 109 - WEST OF EASTSIDE SCHOOL ROAD,25,1,499,514,385,461,475,344,489,494,437,441,145,8,2
38928,0.44999999,Urban Minor Collector,GABALDON ROAD,NORTH OF N.M. 309 - SE OF SUNSHINE,25,2,1693,1578,1182,1544,1432,1057,1342,1355,1223,1234,555,22,4
38753,0.26499999,Urban Local,WISCONSIN STREET, NORTH OF N.M. 309 - SOUTH OF ROSS AVENUE,15,2,912,940,704,842,868,629,894,902,799,807,214,23,10
38944,0.192,Urban Local,FOURTH STREET, NORTH OF BERNARD AVENUE - SOUTH OF BACA AVENUE,25,2,362,373,280,334,345,250,356,359,317,320,61,4,2
30571,0.069,Urban Major Collector,BACA AVENUE,EAST OF THIRD ST. - WEST OF SECOND ST.,25,2,168,203,152,153,184,136,193,195,176,178,12,1,0
30568,0.068,Urban Major Collector,BERNARD AVENUE,EAST OF THIRD ST. - WEST OF SECOND ST.,25,2,318,339,246,290,307,220,312,315,279,282,0,0,0
38972,0.20299999,Urban Major Collector,FIRST STREET, NORTH OF BERNARD AVE. - SOUTH OF BACA,15,2,437,287,215,398,261,192,273,276,249,251,51,4,1
38920,0.27000001,Urban Local,FIRST STREET, NORTH OF BACA - SOUTH OF REINKEN (N.M. 309),15,2,347,369,268,321,342,240,340,343,305,308,0,0,0
30105,0.071,Urban Local,ROSS AVENUE,EAST OF THIRD ST. - WEST OF SECOND ST.,40,2,245,252,189,226,233,169,240,242,215,217,15,0,0
38808,0.208,Urban Local,ROSS AVENUE, AT&SF CROSSING - WEST OF WISCONSIN,15,2,271,279,209,250,258,187,265,267,237,239,50,4,1
38800,0.255,Urban Local,ROSS AVENUE, EAST OF MAIN (BELEN) - WEST OF 4TH STREET,25,2,309,318,238,286,294,213,302,305,270,273,70,4,1
38912,0.27700001,Urban Local,FOURTH STREET, NORTH OF BACA AVENUE - SOUTH OF REINKEN (N.M. 309),45,2,927,988,716,856,911,640,909,918,813,821,0,0,0
38844,0.23199999,Urban Local,FOURTH STREET, NORTH OF REINKEN (N.M. 309) - SOUTH OF ROSS AVENUE,25,2,422,463,347,390,428,310,441,445,394,398,92,6,3
38776,0.25299999,Urban Local,ARAGON ROAD, EAST OF MAIN (BELEN FAP LOOP) - WEST OF 4TH STREET,25,2,2619,2791,2022,2419,2578,1808,2568,2592,2296,2318,0,0,0
39903,0.12899999,Rural Major Collector, , ,0,0,0,0,0,0,0,0,0,0,0,0,0,0,0
38824,0.184,Urban Local,ROSS AVENUE, EAST OF WISCONSIN - WEST OF N.M. 385 (GABALDON),45,2,233,240,180,215,222,161,229,231,204,206,38,1,0
30001,2.65300012,Rural Major Collector,LA ENTRADA ROAD, EAST OF NM 47 - SOUTH OF RIO DEL ORO,25,2,1814,1869,1401,1640,1715,1273,1779,1796,1616,1631,4327,82,6
38624,0.45199999,Rural Major Collector,LA ENTRADA ROAD, NORTH OF RIO DEL ORO - SOUTH OF PATRICIO DRIVE,40,2,1477,1522,1141,1336,1397,1036,1449,1463,1316,1328,600,12,1
30002,1.30599999,Rural Major Collector,LA ENTRADA ROAD, NORTH OF PATRICIO DR. - SOUTH OF ROMERO,30,2,1873,1930,1446,1694,1771,1314,1836,1853,1669,1685,2201,59,8
39904,0.123,Rural Major Collector, , ,0,0,0,0,0,0,0,0,0,0,0,0,0,0,0
41061,7.04799986,Rural Minor Arterial,N.M. 41,NORTH OF ALAN AYERS - SOUTH OF CLEMENTS,35,2,4513,3576,3190,4390,3424,3030,3547,3792,3419,3655,25760,762,104
40081,8.67500019,Rural Minor Arterial,U.S. 60, EAST OF N.M. 513 - 11.511 M. E. OF TORR/SOCORRO C.,55,2,1060,1070,954,1031,1025,906,1061,1134,1007,1076,9343,171,33
40082,0.73100001,Rural Minor Arterial,U.S. 60, 11.511 M. E. OF TORR/SOCORRO C. - .366 MILES WEST OF N.M. 5,35,2,2411,2413,2288,2363,2365,2174,2544,2720,2417,2584,0,0,0
40085,11.51500034,Rural Minor Arterial,U.S. 60, .482 MILES EAST OF N.M. 55 - WEST OF N.M. 41,55,2,1007,1017,907,980,974,862,1009,1079,959,1025,11803,216,42
40086,0.97600001,Rural Minor Arterial,U.S. 60, EAST OF N.M. 41 - 1.0 MILES EAST OF N.M. 41,55,2,1081,1091,973,1052,1045,924,1082,1157,1027,1098,1072,20,4
40087,0.85399997,Rural Minor Arterial,U.S. 60, 1.0 MILES EAST OF N.M. 41 - WEST OF N.M. 42 AT WILLARD,35,2,915,924,824,890,885,783,916,979,871,931,795,23,4
40088,0.32699999,Rural Minor Arterial,U.S. 60, EAST OF N.M. 42 AT WILLARD - 0.325 MILES EAST OF N.M. 42,35,2,812,820,731,790,785,694,813,869,772,825,270,8,1
40089,34.31399918,Rural Minor Arterial,U.S. 60, 0.325 MILES EAST OF N.M. 42 - WEST OF U.S. 285,55,2,611,617,550,594,591,522,612,520,580,620,21343,391,75
40053,12.17000008,Rural Major Collector,N.M. 55, NORTH OF N.M. 131 AT MANZANO - WEST OF N.M. 337,55,2,1004,1014,927,908,931,842,984,992,893,900,10941,89,6
40054,8.29500008,Rural Major Collector,N.M. 55,EAST OF N.M. 55 - WEST OF ESTANCIA,45,2,1169,1180,1079,1057,1083,980,1145,1154,1040,1048,8701,96,7
40060,8.44099998,Rural Major Collector,N.M. 337,NORTH OF N.M. 55 - BERN/TORR C.L. (AMPA),50,2,906,1036,947,819,951,860,1005,1013,907,914,7724,121,15
40011,0.092,Rural Principal Arterial,L34 (ROUTE 66), SOUTHEAST OF I-40 EBD OFF RAMP - NORTHWEST OF N.M. 333,40,4,7477,6206,5368,7410,6159,5441,6098,6077,6063,6042,556,12,1
40008,0.061,Rural Principal Arterial,L34 (ROUTE 66), SOUTH OF I-40 EBD ON RAMP - NORTHWEST OF I-40 EBD OFF RAMP,40,4,8945,8591,7431,8865,8527,7532,8442,8413,8394,8365,510,11,0
40010,0.15700001,Rural Principal Arterial,L34 (ROUTE 66), SOUTH OF I-40 NORTH RAMPS - NORTH OF I-40 EBD ON RAMP,45,2,5117,2956,2557,5071,2934,2592,2905,2895,2889,2879,452,9,0
40012,1.25199997,Rural Minor Arterial,L34 (ROUTE 66), EAST OF N.M. 333 - WEST OF N.M. 41,40,2,9874,8955,7988,9606,8575,7589,8883,8852,8563,8533,10683,269,52
40035,0.185,Rural Minor Arterial,N.M. 41, NORTH OF L34 (ROUTE 66 HISTORIC - SOUTH OF I-40 SOUTH RAMPS,40,2,9882,7694,6863,9613,7368,6520,7632,7606,7357,7331,1356,35,5
40039,2.37100005,Rural Minor Arterial,N.M. 41, NORTH OF I-40 NORTH RAMPS - TORRANCE/SANTA FE C.L.,65,2,14820,16511,14528,14417,16388,13801,16155,16099,15347,15294,0,0,0
40038,0.127,Rural Minor Arterial,N.M. 41, NORTH OF I-40 SOUTH RAMPS - SOUTH OF I-40 NORTH RAMP,40,2,11376,7358,6563,11067,7046,6235,7298,7273,7035,7011,890,23,3
40013,0.76099998,Rural Minor Arterial,L34 (ROUTE 66),EAST OF N.M. 41 - WEST OF PASEO PONIETE,40,4,4023,4811,4291,3914,4607,4076,4772,4755,4600,4584,3488,88,17
40102,2.23300004,Rural Principal Arterial,U.S. 285, NORTH OF I-40 NORTH RAMPS - TORRANCE/SAN MIGUEL C.L.,45,2,1546,1561,1350,1532,1549,1368,1534,1508,1554,1528,3414,65,3
40100,26.60899925,Rural Principal Arterial,U.S. 285, NORTH OF U.S. 60 AT ENCINO - SOUTH OF I-40 SOUTH RAMPS (PC),45,4,3216,3247,2809,3187,3223,2847,3191,3200,3234,3179,84617,1599,70
49910,0.075,Rural Major Collector,I-40 WBD, ,0,0,0,0,0,0,0,0,0,0,0,0,0,0,0
49911,0.079,Rural Major Collector,I-40 EBD, ,0,0,0,0,0,0,0,0,0,0,0,0,0,0,0
40084,0.498,Rural Minor Arterial,U.S. 60, EAST OF N.M. 55 AT MOUNTAINAIR - .482 MILES EAST OF N.M. 55,40,2,1556,1571,1401,1514,1504,1331,1558,1666,1480,1582,788,20,4
40083,0.366,Rural Minor Arterial,U.S. 60, .366 MILES WEST OF N.M. 55 - WEST OF N.M. 55 AT MOUNTAINAIR,30,2,2602,2627,2343,2531,2516,2226,2605,2785,2475,2646,968,33,6
60020,11.96899986,Rural Minor Collector,N.M. 472, EAST OF N.M. 344 - WEST OF N.M. 41,55,2,577,388,302,548,369,270,354,353,333,332,3986,73,14
60005,7.58199978,Rural Major Collector,N.M. 41, TORRANCE/SANTA FE C.L. - SOUTH OF N.M. 472,55,2,1607,1349,1233,1453,1238,1120,1308,1303,1180,1176,8916,128,17
60400,1.46599996,Rural Major Collector,N.M. 14,SAND/ SANTA FE C.L. (AMPA) - SOUTHWEST OF N.M. 344,55,2,1820,1586,1450,1646,1456,1318,1753,1747,1582,1577,2313,21,1
60010,11.91800022,Rural Minor Collector,N.M. 344, NORTH OF N.M. 472 - EAST OF N.M. 14,55,2,1374,486,379,1305,462,339,444,442,418,417,4982,91,18
89995,4.38500023,Rural Principal Arterial,U.S. 285, TORRANCE/SAN MIGUEL C.L. - SAN MIGUEL/SANTA FE C.L.,65,2,1341,1343,1232,1365,1366,1249,1400,1376,1419,1395,0,0,0
60236,3.99099994,Rural Major Collector,N.M. 344,NORTH OF DINKLE RD. - SOUTH OF N.M. 472,55,2,4602,3202,2927,4162,2938,2659,3106,3095,2821,2811,11219,160,20
60007,0.09,Rural Major Collector,N.M. 344, NORTH OF EDGEWOOD SOUTH RAMPS - SOUTH OF EDGEWOOD NORTH RAM,55,2,8838,8910,10545,8219,8286,9579,11188,11149,10163,10128,0,0,0
60006,0.126,Rural Major Collector,N.M. 344, NORTH OF N.M. 333 - SOUTH OF EDGEWOOD SOUTH RAMPS,55,2,14778,13299,12155,13364,12204,11042,12896,12851,11637,11597,1461,20,2
29936,0.27700001,Rural Major Collector, , ,0,0,0,0,0,0,0,0,0,0,0,0,0,0,0
29935,0.034,Rural Major Collector, , ,0,0,0,0,0,0,0,0,0,0,0,0,0,0,0
21108,0.068,Urban Principal Arterial,SAN MATEO, WEST OF PAN AM. EAST - I-25 UNDERPASS,40,6,38230,43290,32577,36057,40299,30090,38855,40649,36086,37752,2567,78,20
21692,0.078,Urban Principal Arterial,MONTGOMERY,I-25 OVERPASS - WEST OF PAN AM. EAST,35,5,44208,44306,33342,41695,41245,30797,39767,45737,36933,42319,3301,133,51
26680,0.52399999,Urban Interstate,I-25 NBD, SUNPORT OFF RAMP - SUNPORT ON RAMP,65,2,36999,37613,37481,35678,36270,35713,42916,42787,40891,40768,21362,313,-7
26681,1.23699999,Urban Interstate,I-25 NBD, RIO BRAVO ON RAMP - SUNPORT OFF RAMP,65,2,38842,39487,41973,37304,37923,39993,48059,41600,45792,45655,56475,826,-17
26691,0.34299999,Urban Interstate,I-25 NBD, SUNPORT ON RAMP - GIBSON OFF RAMP,65,2,46166,46932,40924,44436,45174,38993,46858,48200,44647,44513,15268,228,-2
26677,1.24800003,Urban Interstate,I-25 SBD, RIO BRAVO OFF RAMP - SUNPORT ON RAMP,65,2,40377,41047,34530,38589,39230,32901,39537,41600,37672,37559,46874,699,-1
26678,0.48100001,Urban Interstate,I-25 SBD, SUNPORT OFF RAMP - GIBSON ON RAMP,65,2,47757,48550,33820,45717,46476,32224,38724,48200,36896,36785,17693,270,3
26618,0.26199999,Urban Interstate Off-Ramp,SUNPORT INTCH., I-25 NBD OFF RAMP,35,1,1538,1534,1157,1402,1393,1035,1371,1389,1226,1242,325,9,2
26626,0.264,Urban Interstate On-Ramp,SUNPORT INTCH., I-25 NBD ON RAMP,45,1,11435,11407,8606,10426,10357,7695,6014,6093,5483,5524,1458,33,6
26666,0.25099999,Urban Interstate On-Ramp,SUNPORT INTCH., I-25 SBD ON RAMP,45,1,1770,1766,1332,1614,1603,1191,1578,1599,1411,1429,359,13,6
26670,0.069,Urban Principal Arterial,SUNPORT BLVD., EAST OF I-25 WEST RAMPS - WEST OF I-25 EAST RAMPS,45,3,11920,21856,16489,11363,20346,15230,19532,19787,18140,18377,1268,40,15
26671,0.20200001,Urban Principal Arterial,SUNPORT BLVD., EAST OF I-25 EAST RAMPS - W. OF SUNPORT/UNIV. WEST RAMPS,35,5,23778,23719,11271,22426,22080,10411,13864,15053,12876,13928,2813,77,5
26650,0.14,Urban Minor Arterial,UNIVERSITY, NORTH OF GEORGE RD - S. OF SUNPORT/UNIV. S. RAMPS,35,6,16583,16542,12480,15639,15479,11668,12368,12530,11566,11825,1655,46,1
26651,0.066,Urban Minor Arterial,UNIVERSITY, N. OF SUNPORT/UNIV. S. RAMPS - S. OF SUNPORT/UNIV. N. RAMPS,35,4,11688,11659,8796,11022,10910,8223,11006,11150,10292,10523,694,22,5
26655,0.25799999,Urban Minor Arterial,UNIVERSITY, N. OF SUNPORT/UNIV. N. RAMPS - SOUTH OF RANDOLPH,30,4,9176,11868,8953,8653,11106,8370,10605,10744,9917,10047,2592,84,2
20665,0.182,Urban Local,SUNPORT/UNIV INTCH., WBD ON RAMP,35,1,6213,6198,4676,5739,5725,4181,5539,5611,4953,5018,913,28,5
20669,0.17200001,Urban Local,SUNPORT/UNIV INTCH., EBD OFF RAMP,35,1,5635,5621,4241,5205,5192,3792,5024,5090,4492,4551,783,33,13
26646,0.26300001,Urban Interstate Off-Ramp,SUNPORT INTCH., I-25 SBD OFF RAMP,35,1,9747,9723,7335,8887,8828,6559,8689,8803,7770,7872,2070,60,11
26676,0.51200002,Urban Interstate,I-25 SBD, SUNPORT ON RAMP - SUNPORT OFF RAMP,65,2,38515,39154,32383,36953,37566,30855,37079,36968,35329,35223,18034,267,-2
20333,0.53200001,Urban Major Collector,SEVEN BAR LOOP,SOUTH OF ELLISON - WEST OF BLACK ARROYO,30,2,3884,4323,3444,3541,3925,3080,4051,4103,3693,3740,1990,82,22
20334,0.41999999,Urban Major Collector,SEVEN BAR LOOP,EAST OF BLACK ARROYO - WEST OF COORS BY PASS,30,2,5314,5408,4308,4845,4910,3852,5068,5133,4620,4679,1965,76,18
20335,0.227,Urban Major Collector,SEVEN BAR LOOP,EAST OF COORS BY-PASS - WEST OF COTTONWOOD DR.,35,3,5524,5060,4031,5036,4594,3604,4742,4803,4323,4378,994,33,8
20332,0.34799999,Urban Major Collector,SEVEN BAR LOOP,EAST OF COTTONWOOD DR. - WEST OF COORS,35,4,5840,5585,5089,5325,5071,4550,6571,5259,5991,4768,1659,55,13
21608,0.51999998,Urban Principal Arterial,MONTANO, EAST OF EDITH - WEST OF RENAISSANCE,45,4,32735,31972,22397,30874,29763,20687,28780,32722,26729,30277,15744,492,177
21544,0.26199999,Urban Principal Arterial,MONTANO, EAST OF 4TH ST. - WEST OF 2ND ST.,35,4,28931,28260,19796,27286,26307,18285,25437,26557,23624,24664,6462,260,98
21592,0.484,Urban Principal Arterial,MONTANO, EAST OF 2ND ST. - WEST OF EDITH,40,4,30514,29784,22739,28779,27726,21003,29219,26643,27137,24652,11932,373,108
21128,0.168,Urban Principal Arterial,MONTANO, EAST OF VALLE VISTA - WEST OF TAYLOR RANCH RD.,35,4,20273,21016,16742,19121,19564,15464,19694,20881,18291,19321,3246,90,5
21146,0.248,Urban Principal Arterial,MONTANO,EAST OF TESUQUE - WEST OF GOLDEN,40,4,13574,13805,11192,12937,13158,10338,13165,13333,12161,12316,3099,85,17
21236,0.47799999,Urban Principal Arterial,MONTANO, EAST OF TAYLOR RANCH RD. - WEST OF COORS,40,4,26928,25648,20432,25398,23876,18872,24034,25498,22320,23593,11277,365,115
21145,0.25400001,Urban Principal Arterial,MONTANO, EAST OF GOLDEN - WEST OF SAN ILDEFONSO,40,4,16514,17004,13546,15575,15829,12512,16139,16345,14989,15124,3841,106,20
21096,0.5,Urban Principal Arterial,MONTANO, EAST OF SAN ILDEFONSO - WEST OF VALLE VISTA,40,4,19581,20618,16425,18468,19194,15172,17926,19742,16649,18267,9134,252,49
21654,0.36700001,Urban Principal Arterial,MONTANO,EAST OF RENAISSANCE - WEST OF CULTURE BLVD.,45,6,31328,28327,21754,29547,26370,20093,25984,26205,24132,24247,8899,278,100
21493,0.74800003,Urban Local,GUADALUPE TRAIL, NORTH OF MONTANO - WEST OF 4TH STREET,25,2,3439,3461,2424,3177,3197,2167,3115,3252,2785,2908,2174,111,34
21491,0.616,Urban Local,GUADALUPE TRAIL, NORTH OF GRIEGOS - SOUTH OF MONTANO,25,2,1200,1198,846,1108,1106,756,1087,1135,971,1014,0,0,0
21832,0.48899999,Urban Principal Arterial,TRAMWAY, SOUTH OF MANITOBA - NORTH OF MONTGOMERY,50,4,28204,29100,21817,26601,27089,20152,26021,27223,24167,25189,12318,278,54
21368,0.50400001,Urban Minor Arterial,SPAIN, EAST OF LOWELL - WEST OF TRAMWAY,35,2,5649,5774,4345,5327,5403,4062,5182,5442,4845,5136,2589,83,17
21560,0.50700003,Urban Principal Arterial,TRAMWAY, SOUTH OF SPAIN - NORTH OF MANITOBA,50,4,25414,30294,22797,23969,28201,21057,27190,25174,25253,23293,11809,265,49
21364,0.50700003,Urban Principal Arterial,TRAMWAY, SOUTH OF ACADEMY - NORTH OF SPAIN,50,4,24018,24551,18476,22653,22855,17066,20578,21528,19112,19919,10098,219,34
25404,0.20299999,Urban Interstate,I-25 SBD, LEAD/COAL ON RAMP - CENTRAL ON RAMP,65,4,87596,89050,66683,83099,84478,63537,76352,76123,72750,72532,14724,233,23
25068,0.39899999,Urban Interstate,I-25 SBD,LEAD/COAL OFF RAMP - M.L.K. OFF RAMP,65,4,88603,90074,65928,84096,85492,62817,75488,65700,71925,71709,28612,436,10
20882,0.50099999,Urban Local,DEL REY AVE., EAST OF EUBANK - WEST OF BROWNING,25,2,1213,1240,933,1120,1145,834,1113,1164,995,1041,522,27,9
20883,0.5,Urban Local,DEL REY AVE., EAST OF BROWNING - WEST OF LOWELL,25,2,943,964,725,871,890,648,865,905,773,809,405,22,7
20885,0.50099999,Urban Local,DEL REY AVE., EAST OF LOWELL - WEST OF TENNYSON,25,2,215,220,166,199,203,148,198,207,177,185,93,5,2
29630,1.73800004,Rural Major Collector,MOUNTAIN VALLEY RD., NORTH OF BERTA DRIVE - SOUTH OF FROST ROAD,45,2,1452,1596,1459,1313,1465,1325,1548,1543,1406,1401,2433,42,5
29618,1.02600002,Rural Major Collector,FROST ROAD, EAST OF TUMBLEWEED - WEST OF MOUNTAIN VALLEY,45,2,2127,2338,2137,1923,2146,1941,2267,2259,2059,2052,2104,23,1
65252,2.95600009,Rural Major Collector,FROST ROAD,AMPA BOUNDARY - WEST OF N.M. 344,45,2,1399,1537,1405,1265,1410,1276,1491,1486,1354,1349,3988,44,3
21238,0.148,Urban Principal Arterial,MONTANO,EAST OF COORS - WEST OF WINTER HAVEN,40,4,27030,27273,21726,25493,25388,20068,26406,26789,24524,24788,3669,95,8
21584,0.95499998,Urban Minor Arterial,RIO GRANDE BLVD.,NORTH OF GRIEGOS - SOUTH OF EAKS,25,2,8714,8770,6186,8218,8206,5784,8640,9021,8080,8513,8129,397,112
24136,0.25,Urban Principal Arterial,CENTRAL,EAST OF TINGLEY - WEST OF NEW YORK AVE.,25,4,28100,27218,18482,26503,25337,17071,26894,27301,24978,25261,6315,213,22
24137,0.366,Urban Principal Arterial,CENTRAL,EAST OF NEW YORK - WEST OF RIO GRANDE,35,6,31403,30418,20654,29618,28316,19078,25662,26050,23704,24063,8807,297,77
25772,0.29499999,Urban Major Collector,8TH STREET,NORTH OF MARQUEZ - SOUTH OF ATLANTIC,25,2,8492,8226,5586,7743,7469,4995,6940,7045,6206,6300,1858,92,25
19039,0.21600001,Urban Major Collector,N.M. 165,EAST OF I-25 FRONTAGE ROAD -  MPA BOUNDARY,55,4,7293,8015,6244,6649,7277,5583,7106,7081,6353,6331,1368,29,7
19033,0.67199999,Urban Major Collector,N.M. 165,MPA BOUNDARY - WEST OF ROAD TO PLACITAS TRAIL,55,2,7048,7746,6034,6426,7033,5395,6867,7064,6140,6404,4303,91,21
19031,0.121,Urban Major Collector,N.M. 165, EAST OF I-25 EAST RAMPS - WEST OF I-25 FRONTAGE ROAD,55,2,9974,10961,8539,9094,9952,7635,7272,7247,6630,6570,795,17,4
19074,0.51200002,Urban Major Collector,HILL ROAD, NORTH OF RICHARDSON DRIVE - SOUTH OF BOBBY,40,2,1645,1682,1144,1500,1527,1023,1464,1567,1309,1401,718,22,6
19072,0.50400001,Urban Major Collector,HILL ROAD, NORTH OF N.M. 473 - SOUTH OF RICHARDSON DRIVE,25,2,1619,1655,1125,1476,1503,1006,1440,1542,1287,1378,695,34,9
19060,0.28099999,Urban Minor Arterial,N.M. 473, EAST OF N.M. 313 - WEST OF CHARING CROSS,25,2,8632,8824,6001,8140,8257,5610,7680,8222,7179,7685,2160,97,20
19064,0.024,Urban Minor Arterial,N.M. 473, EAST OF HILL ROAD - WEST OF I-25 RAMPS,40,2,6774,6924,4709,6388,6480,4402,6026,6451,5634,6031,145,4,1
19062,0.133,Urban Minor Arterial,N.M. 473, EAST OF CHARING CROSS - WEST OF HILL ROAD,40,2,7203,7363,5007,6793,6890,4681,6408,6860,5991,6413,853,24,5
19066,0.208,Urban Major Collector,CALLE BARRIO NUEV0, EAST OF DON THOMAS - WEST OF N.M. 313,25,2,1628,1664,1132,1484,1511,1012,1449,1551,1295,1386,288,13,3
19068,0.26699999,Urban Major Collector,CAMINO DON TOMAS, NORTH OF BARRIO NUEVE - SOUTH OF CALLE DEL NORTE,30,2,4267,4362,2966,3890,3961,2652,3796,4064,3394,3633,970,40,11
23249,0.26800001,Urban Principal Arterial,SAN MATEO,NORTH OF I-40 N. RAMPS - SOUTH OF MENAUL,35,6,37011,37484,28037,34907,34894,25896,32809,33238,30471,30754,8242,328,122
21516,0.88599998,Urban Principal Arterial,MONTANO,EAST OF RANCHO CABALLERO - WEST OF 4TH ST.,35,2,27646,27825,19492,26075,25902,18004,25047,25964,23135,24024,21284,569,27
21492,1.65199995,Urban Principal Arterial,MONTANO,WEST OF WINTER HAVEN - EAST OF RANCHO CABALLERO,40,4,29662,29406,22012,27976,27374,20332,26469,28792,24583,26641,44011,1151,124
25773,0.167,Urban Major Collector,8TH STREET,NORTH OF ATLANTIC - SOUTH OF STOVER,25,2,6975,6756,5108,6359,6134,4567,6346,6442,5786,5840,975,48,13
25774,0.121,Urban Major Collector,8TH STREET,NORTH OF STOVER - SOUTH OF COAL,30,2,7742,6271,4258,7059,5694,3807,5290,5370,4823,4896,592,24,7
21153,0.089,Urban Major Collector,FOREST HILLS,EAST OF MCKINNEY - SOUTH OF SAN PEDRO,30,2,9689,9904,7453,8834,8993,6664,8889,6976,7948,6324,563,22,5
20962,0.112,Urban Major Collector,SAN PEDRO,NORTH OF FOREST HILLS - SOUTH OF SAN ANTONIO,30,3,8218,9474,7130,7532,8602,6375,8504,8897,7753,8111,909,33,7
40030,4.4749999,Rural Minor Arterial,N.M. 41, NORTH OF U.S. 60 - SOUTH OF N.M. 542,35,2,1530,1545,1378,1488,1480,1309,1532,1638,1456,1556,6963,206,29
40051,5.09499979,Rural Major Collector,N.M. 55, NORTH OF U.S. 60 - SOUTH OF N.M. 542,55,2,672,678,620,608,622,563,658,663,597,602,3062,41,5
46071,0.207,Rural Interstate Off-Ramp,N.M. 3 INTCH., I-40 EBD OFF RAMP,35,1,156,157,143,141,144,130,152,153,138,139,29,1,0
46072,0.21600001,Rural Interstate On-Ramp,N.M. 3 INTCH., I-40 EBD ON RAMP,45,1,154,155,142,139,142,129,151,152,137,138,30,1,0
46074,0.192,Rural Interstate On-Ramp,N.M. 3 INTCH., I-40 WBD ON RAMP,45,1,204,206,188,184,189,171,199,201,181,182,35,1,0
46073,0.219,Rural Interstate Off-Ramp,N.M. 3 INTCH., I-40 WBD OFF RAMP,35,1,76,76,75,67,67,68,80,81,72,73,16,0,0
24428,0.257,Urban Interstate Off-Ramp,WYOMING INTCH.,I-40 EBD OFF RAMP,35,1,15039,15002,11318,13712,13621,10120,14598,14789,13309,13407,3446,99,19
24396,0.352,Urban Interstate On-Ramp,WYOMING INTCH.,I-40 EBD ON RAMP,35,1,3876,3866,2917,3534,3510,2608,3455,3500,3089,3129,1102,32,6
24540,0.139,Urban Principal Arterial,WYOMING, NORTH OF LOMAS - SOUTH OF I-40 S. RAMPS,40,6,33896,33812,25508,31969,31476,23561,29114,29495,27039,27291,3793,133,48
24144,0.25299999,Urban Principal Arterial,WYOMING, NORTH OF I-40 N. RAMPS - SOUTH OF CONSTITUTION,40,6,41908,41804,31538,39526,38916,29131,36531,37009,33928,34244,8664,271,79
24216,0.25299999,Urban Interstate On-Ramp,WYOMING INTCH.,I-40 WBD ON RAMP,45,1,14757,14720,11105,13455,13365,9930,14853,15047,13541,13641,3451,77,15
24308,0.249,Urban Interstate Off-Ramp,WYOMING INTCH.,I-40 WBD OFF RAMP,45,1,4301,4290,3236,3921,3895,2894,3833,3883,3428,3473,865,13,1
24864,0.56099999,Urban Interstate,I-40 EBD,WYOMING ON RAMP - EUBANK OFF RAMP,65,4,61147,62162,54204,58855,59832,51646,62064,54400,59135,58958,33075,499,0
24856,0.722,Urban Interstate,I-40 WBD,WYOMING OFF RAMP - EUBANK ON RAMP,65,4,56766,57708,50321,54638,55545,47947,57618,54400,54899,54734,39518,599,9
24556,0.59600002,Urban Interstate,I-40 EBD,WYOMING OFF RAMP - WYOMING ON RAMP,65,3,57505,58460,49534,55663,56587,47197,56716,56546,54041,53879,32112,484,1
24536,0.48300001,Urban Interstate,I-40 WBD,WYOMING ON RAMP - WYOMING OFF RAMP,65,3,53666,54557,45168,51992,52855,43037,51717,51562,49277,49129,23729,361,4
24244,0.107,Urban Principal Arterial,WYOMING,NORTH OF I-40 SOUTH RAMPS - SOUTH OF I-40 NORTH RAMPS,40,6,37894,37800,28517,35740,35188,26340,35557,36022,33023,33330,3566,129,50
24632,0.62,Urban Principal Arterial,LOMAS,EAST OF WYOMING - WEST OF EASTERDAY,40,6,18718,17504,13205,17654,16295,12197,15642,15847,14527,14717,9125,263,61
24584,0.42300001,Urban Principal Arterial,LOMAS,EAST OF EASTERDAY - WEST OF EUBANK,40,6,15993,15953,12035,15084,14851,11116,17450,17678,16207,16357,6919,200,46
29950,0.169,Urban Interstate Off-Ramp,P.D.N./2ND INTCH.,PDN WBD OFF,35,1,3549,3574,0,3301,3325,0,0,0,0,0,0,0,0
25619,0.20100001,Urban Interstate On-Ramp,P.D.N./2ND INTCH.,PDN WBD ON RAMP,45,1,8475,8551,0,7756,7783,0,0,0,0,0,0,0,0
29951,0.18700001,Urban Interstate Off-Ramp,P.D.N./2ND INTCH., PDN EBD OFF RAMP,35,2,7318,7370,5012,6807,6856,6856,6414,6866,8774,9393,0,0,0
25632,0.139,Urban Interstate On-Ramp,P.D.N./2ND INTCH.,PDN EBD ON RAMP,25,1,3949,3983,0,3614,3626,0,0,0,0,0,0,0,0
20368,0.75300002,Urban Major Collector,LA PAZ, NORTH OF PARADISE - SOUTH OF IRVING,25,2,1043,1074,856,951,975,765,1007,1020,900,912,686,34,9
20362,0.57499999,Urban Minor Arterial,PARADISE BLVD.,EAST OF UNIVERSE - WEST OF  LA PAZ,35,4,9072,9341,7441,8555,8741,6957,8753,9188,8184,8671,4986,160,33
20207,0.086,Urban Principal Arterial,ELLISON,EAST OF 7 BAR LOOP - WEST OF 7 BAR LOOP (NORTH),35,4,23346,24039,19150,22019,22378,17688,21203,21474,19692,19869,1709,60,16
20350,0.667,Urban Minor Arterial,EAGLE RANCH ROAD,NORTH OF IRVING - SOUTH OF COORS BYPASS,35,4,15465,15924,12686,14584,14901,11860,15617,15817,14604,14927,9956,347,98
20384,0.33899999,Urban Principal Arterial,COORS BYPASS,NORTHWEST OF COORS - SOUTHEAST OF EAGLE RANCH RD.,45,6,34823,35856,28564,32844,33379,26384,45305,45884,42077,42455,14392,381,93
20385,0.44499999,Urban Principal Arterial,COORS BYPASS,NORTHWEST OF EAGLE RANCH RD. - SOUTHEAST OF 7 BAR LOOP,45,6,52664,51810,39030,49670,48230,36051,50468,47126,46872,43605,19404,509,120
10222,0.92799997,Rural Principal Arterial,U.S. 550, NORTH OF N.M. 197 (CUBA) - SOUTH OF N.M. 126,35,4,6952,7018,6071,6890,6965,6154,6897,6780,6991,6872,6376,186,17
19014,0.133,Urban Principal Arterial,U.S. 550, WEST OF I-25 EAST RAMPS - EAST OF I-25 WEST RAMPS,35,4,20590,20754,21963,19624,19781,20287,25016,24929,23107,23027,2894,114,41
19017,0.105,Urban Principal Arterial,U.S. 550, WEST OF I-25 WEST RAMPS - EAST OF HILL STREET,40,4,41771,38937,26479,39397,36247,24458,33887,36277,31472,33691,3538,108,28
10260,0.53799999,Rural Major Collector,N.M. 126,EAST OF U.S. 550 - WEST OF COUNTY RD. 13,45,2,2054,2074,1896,1857,1903,1722,2012,2028,1827,1842,990,11,1
19076,0.486,Urban Major Collector,HILL ROAD,NORTH OF BOBBY - SOUTH OF U.S. 550,40,2,1707,1745,1187,1556,1584,1061,1519,1626,1358,1454,706,22,6
19034,0.255,Urban Interstate Off-Ramp,U.S. 550 INTCH., I-25 SBD OFF RAMP,35,1,5627,605,471,5130,549,421,4403,4388,4014,3978,1015,29,6
19030,0.245,Urban Interstate Off-Ramp,U.S. 550 INTCH., I-25 NBD OFF RAMP,35,2,15130,16628,12953,13795,15098,11582,13298,13252,12124,12014,2943,85,16
19036,0.28999999,Urban Interstate On-Ramp,U.S. 550 INTCH., I-25 SBD ON RAMP,45,1,18322,20136,15686,16705,18283,14026,14441,14391,13166,13047,3784,132,57
19032,0.264,Urban Interstate On-Ramp,U.S. 550 INTCH., I-25 NBD ON RAMP,45,1,4273,5115,3985,3951,4644,3563,4448,4433,4055,4019,1061,24,5
19008,0.50700003,Urban Interstate,I-25 NBD,U.S. 550 OFF RAMP - U.S. 550 ON RAMP,75,2,24346,24750,14614,24404,24809,13924,18930,18873,17821,18095,9174,138,24
19010,0.491,Urban Interstate,I-25 SBD,U.S. 550 ON RAMP - U.S. 550 OFF RAMP,75,2,13540,13765,15587,14126,14360,14852,20312,20251,19122,19417,9534,145,26
19041,0.222,Urban Principal Arterial,U.S. 550,WEST OF RAIL RUNNER AVE. - EAST OF N.M. 313,40,6,31127,31818,21638,29358,29620,19986,27692,40813,25577,37763,8383,256,67
19020,0.41100001,Urban Principal Arterial,U.S. 550, WEST OF N.M. 313 - EAST OF DON THOMAS,40,4,42658,50238,34164,40233,46767,31556,43722,44249,40607,40943,16827,514,134
19070,0.63800001,Urban Major Collector,CAMINO DON TOMAS,NORTH OF CALLE DEL NORTE - SOUTH OF U.S. 550,35,2,6069,6204,4219,5533,5633,3772,5399,5780,4827,5167,3297,116,31
19025,0.58200002,Urban Principal Arterial,U.S. 550,RIO GRANDE CROSSING - JEMEZ DAM ROAD,40,4,46705,47499,38509,44510,45267,35570,39900,40410,38037,38523,21189,592,57
18514,3.06299996,Urban Principal Arterial,UNSER BLVD.,NORTH OF PROGRESS - SOUTH OF MARIPOSA PKWY,55,2,2708,2788,2192,2554,2595,2024,2544,2577,2363,2384,7305,157,37
18511,0.63200003,Urban Principal Arterial,UNSER BLVD.,NORTH OF KING BLVD. - SOUTH OF PROGRESS,55,2,1975,2816,2243,1863,2621,2072,2638,2672,2450,2481,1567,34,8
18506,1.24199998,Urban Principal Arterial,UNSER BLVD.,NORTH OF MONTOYAS ARROYO - SOUTH OF PASEO DEL VOLCAN (N.),45,2,16210,16691,11790,15289,15538,10890,12883,11754,11965,10876,13507,354,83
18504,0.41600001,Urban Principal Arterial,UNSER BLVD.,NORTH OF CHERRY RD. - SOUTH OF MONTOYAS ARROYO,55,2,16758,15532,12373,15805,14459,11429,14554,15003,13517,13882,5774,124,29
10003,0.39899999,Urban Principal Arterial,UNSER BLVD.,NORTH OF NORTHERN - SOUTH OF PINE RD.,45,4,26838,25141,20028,25312,23404,18499,23559,23860,21880,22160,8841,232,54
10031,0.54000002,Urban Minor Collector,WESTERN HILLS, N.W. OF SPRING ROAD - EAST OF UNSER BLVD.(NORTH),25,2,2052,2113,1683,1871,1919,1505,1980,2005,1770,1793,968,39,8
10052,0.47099999,Urban Minor Arterial,BROADMOOR, NORTHWEST OF COUNTRY CLUB - SOUTH OF NICKLAUS,30,2,9447,7993,6367,8909,7480,5952,7490,7586,7004,7094,3341,125,25
18520,0.16,Urban Minor Arterial,RAINBOW (NORTH), NORTH OF PECOS LOOP - SOUTH OF TULIP,40,2,3478,3581,2853,3280,3351,2667,3356,3399,3137,3177,508,16,4
18530,1.59399998,Urban Minor Collector,TULIP, N.E. OF RAINBOW - S.W. OF TARPAN,25,2,400,412,328,365,374,293,386,391,345,349,556,22,4
10085,0.421,Urban Major Collector,TARPON, NORTH OF SOUTHERN - S.E. OF BRAVO,25,2,3234,3267,2603,2949,2966,2328,3062,3101,2792,2828,1191,59,16
10084,0.32100001,Urban Principal Arterial,SOUTHERN BLVD., EAST OF TARPON - WEST OF UNSER BLVD.(NORTH),40,4,20728,21343,17002,19550,19868,15704,20000,21536,18473,19927,6397,175,33
18510,0.23199999,Urban Minor Arterial,RAINBOW (NORTH), NORTH OF SOUTHERN - SOUTH OF PECOS LOOP,25,2,3666,3775,3007,3457,3532,2811,3537,3582,3307,3349,777,38,11
10060,0.56400001,Urban Principal Arterial,SOUTHERN BLVD.,EAST OF ATLANTIC RD. - WEST OF BALTIC,35,2,10301,10347,8243,9715,9632,7614,9696,9820,9005,9120,5144,135,17
10367,0.31299999,Urban Minor Collector,BALTIC,NORTH OF SPUR RD. - SOUTH OF PECOS LOOP,25,2,2775,2857,2276,2530,2594,2035,2677,2711,2394,2425,759,31,6
10057,0.60500002,Urban Minor Collector,PECOS LOOP,EAST OF ATLANTIC RD. - WEST OF BALTIC,25,2,1575,1622,1292,1436,1473,1155,1520,1539,1359,1376,832,34,6
10064,0.51499999,Urban Principal Arterial,SOUTHERN BLVD., EAST OF BALTIC - WEST OF PECOS LOOP,40,3,11148,12503,9960,10514,11639,9200,11716,11397,10881,10545,5431,146,25
10366,0.57999998,Urban Minor Collector,PECOS LOOP,EAST OF BALTIC - NORTHWEST OF TULA DR.,25,2,922,949,756,841,862,676,889,900,795,805,468,19,4
10068,0.53299999,Urban Principal Arterial,SOUTHERN BLVD., EAST OF PECOS LOOP - WEST OF LISBON,40,4,15384,14799,11789,14510,13776,10889,13867,13814,12879,12782,6813,183,32
10083,0.127,Urban Principal Arterial,SOUTHERN BLVD., EAST OF LISBON - WEST OF TARPON,40,4,18809,18287,14568,17740,17023,13456,17136,17355,15915,16118,2047,55,10
10398,0.56099999,Urban Major Collector,LISBON,NORTHWEST OF SPUR RD. - SOUTH OF BALTIC,25,2,2025,2085,1774,1846,1893,1586,2087,2114,1903,1917,1075,53,14
10066,0.324,Urban Major Collector,LISBON, NORTH OF BALTIC - SOUTHWEST OF TARPON,25,2,1404,1446,1152,1280,1313,1030,1355,1372,1212,1227,398,20,5
18570,0.56999999,Urban Minor Collector,TARPON, N.W. OF LISBON - S.E. OF TULIP,25,2,515,530,422,470,481,377,496,502,443,449,256,10,2
10379,0.55800003,Urban Minor Collector,BALTIC,NORTH OF ARKANSAS RD. - WEST OF IVORY RD.,25,2,835,860,685,761,781,613,806,816,721,730,407,16,3
18580,0.759,Urban Minor Collector,LISBON, N.E. OF TARPON - S.W. OF TULIP,25,2,1065,1097,874,971,996,781,1028,1041,919,931,707,29,6
18540,0.45699999,Urban Minor Collector,TULIP, N.E. OF TARPAN - S.W. OF LISBON,25,2,1395,1436,1144,1272,1304,1023,1346,1363,1203,1218,557,22,4
18550,0.28,Urban Minor Collector,TULIP, N.E. OF LISBON - S.W. OF ABRAZO,25,2,3002,3091,2462,2737,2807,2201,2896,2933,2589,2622,734,30,6
18560,0.25299999,Urban Major Collector,ABRAZO,EAST OF TULIP - WEST OF UNSER NORTH,30,2,6077,6257,4985,5541,5681,4457,5864,5939,5243,5310,1343,52,12
10040,0.54299998,Urban Minor Arterial,BROADMOOR, NORTH OF NICKLAUS - SOUTH OF HIGH RESORT,30,2,10253,10557,8410,9669,9879,7862,9893,10019,9248,9366,5086,207,58
20275,0.333,Urban Principal Arterial,N.M. 528, WEST OF CALLE CUERVO - EAST OF ELLISON,40,4,29580,30458,24264,27899,28353,22412,34008,34443,31585,31869,10612,317,81
20132,0.27399999,Urban Principal Arterial,N.M. 528,WEST OF ELLISON - COORS BY PASS,40,4,65963,67084,54388,62861,63929,50237,63977,64795,59094,59850,15499,462,118
10099,0.35499999,Urban Principal Arterial,N.M. 528, NORTH OF SABANA GRANDE - SOUTH OF HIGH RESORT,45,4,46393,47769,38054,43756,44468,35149,48186,48802,44752,45155,16030,443,123
10004,0.123,Urban Principal Arterial,N.M. 528, NORTH OF CORRALES RD. (NM 448) - .118 MILES NORTH OF CORRAL,50,4,29286,30155,24022,27621,28071,22188,26878,27222,24963,25188,3098,62,2
19082,0.47400001,Urban Major Collector,RIVERSIDE, EAST OF N.M. 528 (SOUTH) - SOUTH OF HONDURAS,35,2,2310,2379,1895,2106,2160,1694,2229,2257,1993,2018,956,32,7
19007,0.359,Urban Principal Arterial,N.M. 528, NORTH OF IRIS (RIVERSIDE SOUTH) - SOUTH OF HONDURAS ROAD,55,4,26200,26977,21491,24711,25113,19851,23602,23904,21920,22118,7941,160,28
19080,0.30599999,Urban Major Collector,HONDURAS ROAD, EAST OF N.M. 528 - WEST OF RIVERSIDE,25,2,1404,1446,551,1280,1313,493,648,656,591,595,182,8,2
19079,0.53899997,Urban Major Collector,RIVERSIDE,NORTHEAST OF HODURAS - SOUTH OF WILLOW CREEK RD.,35,2,916,871,694,835,791,621,816,826,744,754,406,14,4
10029,1.26199996,Urban Major Collector,WILLOW CREEK RD., NORTHEAST OF RIVERSIDE DR. - SOUTHWEST OF N.M. 528,35,2,1176,1211,533,1072,1100,477,627,635,572,576,727,26,7
10032,0.514,Urban Principal Arterial,N.M. 528, NORTH OF LEON GRANDE - SOUTH OF SUNDT,45,4,29858,30744,31679,28161,28620,29261,37264,37740,34609,34920,17948,447,68
10028,0.237,Urban Principal Arterial,N.M. 528, NORTH OF SUNDT - SOUTH OF ROCKAWAY,45,4,40542,41745,33255,38237,38861,30717,35366,35818,32846,33142,7855,195,53
10020,0.68099999,Urban Principal Arterial,N.M. 528, NORTH OF ROCKAWAY - SOUTH OF NORTHERN,45,4,28556,29037,23423,26933,27753,21635,29228,29602,27145,27390,18653,464,71
10771,0.26800001,Urban Principal Arterial,N.M. 528,N.E. OF RIO ARRIBA - S.W. OF CORRALES RD. (NM 448),50,4,30521,28882,22574,28786,26886,20850,24465,22987,22722,21269,5700,120,16
19001,0.54400003,Urban Principal Arterial,N.M. 528, .118 MILES NORTH OF CORRALES RD - SOUTH OF GRANDE VISTA,55,4,22371,27247,21706,21099,25364,20049,25533,25859,23714,24017,13065,263,45
10006,0.59200001,Urban Major Collector,GRANDE VISTA, NORTH OF SANDIA VISTA - S.E. OF N.M. 528,25,2,1378,1419,625,1256,1288,559,735,744,670,674,399,19,4
19005,0.27500001,Urban Principal Arterial,N.M. 528, NORTH OF SANDIA VISTA - SOUTH OF IRIS (RIVERSIDE SOUTH),55,4,21021,21645,21447,19826,20149,19810,25228,25551,23430,23642,6502,131,23
19003,0.178,Urban Principal Arterial,N.M. 528, NORTH OF GRANDE VISTA - SOUTH OF SANDIA VISTA,55,4,22450,23116,18415,21174,21519,17009,24318,24629,22585,22789,4056,82,14
19011,0.88700002,Urban Principal Arterial,N.M. 528, NORTH OF RIVERSIDE NORTH - SOUTH OF IDALIA,55,4,24108,24823,19775,22738,23108,18266,21754,22032,20204,20386,18082,349,47
19084,0.235,Urban Major Collector,RIVERSIDE,NORTH OF WILLOW CREEK RD. - SOUTHEAST OF N.M. 528,35,2,1312,1351,1931,1196,1227,1727,2271,2300,2070,2085,490,16,4
19009,0.465,Urban Principal Arterial,N.M. 528, NORTH OF HONDURAS ROAD - SOUTH OF RIVERSIDE NORTH,55,4,22193,22851,19791,20931,21272,18280,23280,23578,21621,21816,10144,204,35
10041,0.125,Urban Major Collector,LEON GRANDE, EAST OF N.M. 528 - W. OF RINCON DE RAMOS,30,2,3614,3721,2964,3295,3379,2650,3487,3532,3117,3157,395,15,4
10042,0.74900001,Urban Major Collector,LEON GRANDE, E. OF RINCON DE RAMOS - WEST OF VILLA VERDE,25,2,2273,2340,1864,2072,2125,1667,2193,2221,1961,1986,1488,69,16
10054,0.56599998,Urban Minor Collector,VILLA VERDE, NORTH OF PEPE ORTIZ DR. - SOUTH OF LEON GRANDE,25,2,1101,1134,903,1004,1030,807,1062,1076,949,961,544,22,4
10101,0.192,Urban Major Collector,SABANA GRANDE, EAST OF N.M. 528 - W. OF RINCON DE RAMOS,25,2,5854,6028,4802,5337,5473,4294,5649,5721,5051,5116,982,46,11
10128,0.61900002,Urban Minor Arterial,CORRALES ROAD, NORTH OF WEST ELLA DR. - SOUTH OF SAN YSIDRO,30,2,10949,11274,8436,10325,10550,7887,9923,10050,9280,9484,5871,239,68
28505,0.139,Urban Minor Arterial,CALLE CUERVO, SOUTHEAST OF LOMA LARGA - NORTHWEST OF ELLISON,30,4,8032,8270,6588,7575,7739,6159,7749,7848,7245,7338,1020,42,12
10158,0.88999999,Urban Minor Arterial,MEADOW LARK, SOUTH OF SARA - WEST OF LOMA LARGA,25,2,5457,5619,4050,5146,5258,3786,4764,4825,4455,4554,4053,198,56
10134,0.45300001,Urban Principal Arterial,N.M. 528, NORTH OF 19TH AVE. - SOUTH OF SARA,45,8,52362,53341,42493,49386,49655,39250,49985,50624,46423,47017,21299,550,45
10125,0.50599998,Urban Minor Arterial,SARA, EAST OF N.M. 528 - WEST OF MEADOW LARK,35,2,4149,4272,3403,3913,3998,3181,4003,4398,3742,4151,2100,68,14
10124,0.59899998,Urban Minor Arterial,SARA, SOUTHEAST OF 33RD - NORTHWEST OF N.M. 528,35,2,12596,12970,9691,11879,12137,9060,11964,12117,11188,11435,6850,220,45
20144,0.86199999,Urban Minor Arterial,GOLF COURSE ROAD,NORTH OF ELLISON - SOUTH OF WESTSIDE BLVD.,40,4,19796,20383,16238,18669,19074,15181,19397,19645,18139,18540,15981,488,138
20347,0.30599999,Urban Principal Arterial,WESTSIDE BLVD.,EAST OF GOLF COURSE BLVD. - WEST OF 7 BAR LOOP,35,3,16655,17149,13661,15708,15964,12618,16218,16425,15062,15198,4650,162,42
10132,0.51300001,Urban Principal Arterial,N.M. 528,NORTH OF WESTSIDE BLVD. - SOUTH OF 19TH AVE.,45,8,51283,56710,43250,48368,52792,39949,54120,50025,50264,46287,23745,611,50
20348,0.51499999,Urban Principal Arterial,WESTSIDE BLVD.,EAST OF 7 BAR LOOP - WEST OF N.M. 528,25,2,21287,21919,17461,20077,20405,16128,16973,17190,15764,15906,8192,400,105
20133,0.47,Urban Principal Arterial,N.M. 528,WEST OF COORS BY PASS - SOUTH OF WESTSIDE BLVD.,40,4,61961,60837,46767,58439,56633,43197,62486,63285,58033,58556,27521,753,111
10144,0.51599997,Urban Minor Arterial,GOLF COURSE ROAD,NORTH OF WESTSIDE BLVD. - TO SOUTH OF 19TH AVE.,40,4,16211,16692,13297,15288,15620,12431,20155,20413,18848,19264,9940,304,86
10108,0.52899998,Urban Minor Arterial,SARA, SOUTHEAST OF SOUTHERN - NORTHWEST OF 33RD,35,2,10941,11266,8975,10318,10542,8391,11846,11997,11078,11322,5989,193,39
10072,0.27900001,Urban Minor Arterial,COUNTRY CLUB, NORTH OF SOUTHERN BLVD. - SOUTH OF BROADMOOR,30,3,11819,12170,9695,11146,11388,9064,11609,11757,10856,11095,3096,126,36
10076,0.21699999,Urban Principal Arterial,SOUTHERN BLVD., EAST OF GOLF COURSE - WEST OF SARA,40,4,31560,32092,25887,29766,30673,23911,26730,27072,24825,25049,5436,182,61
10047,0.69099998,Urban Minor Arterial,GOLF COURSE ROAD,NORTH OF 19TH - SOUTH OF CHIANTI,40,4,11101,11289,9154,10557,10736,8558,10768,10906,10067,10196,0,0,0
10098,0.417,Urban Principal Arterial,SOUTHERN BLVD., EAST OF NICKLAUS - WEST OF GOLF COURSE,40,4,26074,22358,17811,24592,20813,16452,27181,27529,25244,25472,10622,320,84
10088,0.56800002,Urban Principal Arterial,SOUTHERN BLVD., EAST OF SARA - WEST OF PEACHTREE,40,4,22265,22640,16661,20999,21639,15389,19598,19849,18202,18366,10432,350,118
10104,0.41499999,Urban Principal Arterial,SOUTHERN BLVD., EAST OF PEACHTREE - WEST OF N.M. 528,30,4,22353,22729,18335,21082,21724,16936,19578,19828,18183,18346,7614,255,34
10120,0.69700003,Urban Principal Arterial,N.M. 528, NORTH OF SARA - SOUTH OF SOUTHERN,45,8,44537,49639,39850,42005,46209,36808,44024,41892,40887,38762,27017,782,153
10100,0.18099999,Urban Principal Arterial,N.M. 528, NORTH OF SOUTHERN - SOUTH OF SABANA GRANDE,45,5,50304,51152,41262,47445,48892,38113,52652,53325,48900,49340,8931,252,73
10116,0.49399999,Urban Minor Arterial,MEADOW LARK, EAST OF N.M. 528 - WEST OF RIVERVIEW,30,2,12155,12516,9971,11463,11712,9322,7948,8050,7433,7597,3752,184,77
10117,0.465,Urban Minor Arterial,MEADOW LARK, EAST OF RIVERVIEW - NORTH OF SARA,30,2,5058,5208,4149,4770,4873,3879,4880,5151,4563,4861,2260,92,26
10118,0.391,Urban Major Collector,RIVERVIEW, NORTH OF MEADOWLARK - SOUTH OF SABANA GRANDE,25,2,3856,5249,4182,3516,4766,3739,4919,4982,4485,4542,1776,87,24
10103,0.108,Urban Major Collector,SABANA GRANDE, EAST OF VILLA VERDE - WEST OF RIVERVIEW,25,2,2128,2191,1745,1940,1989,1560,2053,2079,1835,1858,201,9,2
10053,0.37200001,Urban Minor Collector,VILLA VERDE, NORTH OF SABANA GRANDE - SOUTH OF PEPE ORTIZ DR.,25,2,1391,1432,1028,1268,1300,920,1077,1091,982,989,368,15,3
10102,0.41600001,Urban Major Collector,SABANA GRANDE, E. OF RINCON DE RAMOS - WEST OF VILLA VERDE,25,2,3556,3662,2917,3242,3325,2608,3431,3475,3068,3107,1293,60,14
10021,0.40200001,Urban Major Collector,ROCKAWAY, WEST OF N.M. 528 - EAST OF SARATOGA,30,2,6563,6951,5537,5984,6311,4951,6513,6596,5938,6014,2418,94,22
10022,0.92699999,Urban Major Collector,ROCKAWAY, WEST OF SARATOGA - SOUTH OF NORTHERN BLVD.,30,2,5323,5481,4366,4853,4977,3904,5136,5202,4592,4651,4312,177,48
18515,1.56299996,Urban Minor Arterial,LOMA COLORADO,EAST OF BROADMOOR - SOUTH OF NORTHERN BLVD.,45,4,5362,5521,4398,5057,5166,4112,5173,5239,4837,4899,7657,208,59
10007,1.01900005,Urban Major Collector,SANDIA VISTA,S.E. OF GRANDE VISTA - EAST OF N.M. 528,25,2,1708,1759,1402,1558,1597,1253,1649,1670,1474,1493,1521,75,20
10023,0.257,Urban Minor Arterial,CORRALES ROAD, NORTHWEST OF GRANDE VISTA - SOUTHEAST OF N.M. 528,35,2,6938,7144,5691,6543,6685,5320,6694,6780,6258,6338,1629,52,11
10005,0.20299999,Urban Major Collector,GRANDE VISTA, NORTH OF CORRALES RD. - SOUTH OF SANDIA VISTA,30,2,2388,2459,1959,2177,2233,1752,2304,2333,2061,2087,424,17,5
11314,1.26499999,Urban Minor Arterial,KING BLVD.,EAST OF 10 ST. - WEST OF UNSER BLVD.,40,2,14063,14480,11535,13262,13550,10784,13569,13742,12685,12847,16251,458,93
10096,0.37200001,Urban Principal Arterial,SOUTHERN BLVD., EAST OF WESTERN HILLS - WEST OF NICKLAUS,40,4,25951,26388,19154,24476,25222,17692,22531,22819,20926,21114,7854,237,63
11065,0.62800002,Urban Minor Collector,NICKLAUS, NORTH OF LEMA - WEST OF BROADMOOR,25,2,3025,4750,3784,2758,4313,3384,4451,4508,4058,4110,2581,104,20
11064,0.54500002,Urban Minor Collector,NICKLAUS, NORTH OF SOUTHERN - SOUTH OF LEMA,30,2,12929,13147,10606,11788,11869,9484,5333,5401,4862,4896,2669,90,17
10025,1.12600005,Urban Principal Arterial,NORTHERN BLVD.,EAST OF BROADMOOR - WEST OF LOMA LARGA,45,4,11011,11338,9032,10385,10555,8343,8856,8969,8225,8299,9345,244,57
19013,1.20899999,Urban Principal Arterial,N.M. 528,NORTH OF IDALIA SOUTH OF ENCHANTED HILLS BLVD.,55,4,24827,25564,20365,23416,23798,18811,22554,22842,20947,21135,25552,626,200
19012,0.62800002,Urban Principal Arterial,N.M. 528,NORTH OF ENCHANTED HILLS BLVD. - SOUTH OF U.S. 550,45,6,26581,27370,21804,25070,25479,20140,21793,22072,20240,20423,12825,338,67
20349,0.86699998,Urban Major Collector,SEVEN BAR LOOP (N.),NORTH OF ELLISON DR. - SOUTH OF WESTSIDE BLVD.,25,2,1286,1324,1005,1172,1202,899,1182,1197,1078,1085,941,46,13
26288,7.74300003,Rural Interstate,I-40 WBD,CIBOLA/BERN C.L. (AMPA) - RIO PUERCO ON RAMP,75,2,12520,12728,14885,12537,12745,14784,16984,19826,16878,19702,152553,2182,268
26284,8.11600018,Rural Interstate,I-40 EBD,CIBOLA/BERN C.L. (AMPA) - RIO PUERCO OFF RAMP,75,2,16220,16489,14950,16242,16512,14849,17058,19912,16951,19787,160591,2326,319
76384,0.50999999,Rural Interstate,I-40 EBD,CANONCITO ON RAMP - CIBOLA/BERN C.L. (AMPA),75,2,16220,16489,13968,16242,16512,13873,17110,19973,17003,19854,10126,146,19
76388,0.461,Rural Interstate,I-40 WBD,CANONCITO OFF RAMP - CIBOLA/BERN C.L. (AMPA),75,2,12520,12728,17065,12537,12745,16949,19471,22729,19339,22575,0,0,0
76378,0.456,Rural Interstate,I-40 EBD,TOHAJIILEE OFF RAMP - TOHAJIILEE ON RAMP,75,2,15151,16995,14752,15275,17200,14652,16832,19648,16727,19526,8903,128,17
76380,0.565,Rural Interstate,I-40 WBD,TOHAJIILEE ON RAMP - TOHAJIILEE OFF RAMP,75,2,11895,16246,14102,11972,16442,14006,16090,18782,15989,18664,10545,151,19
75351,0.257,Rural Interstate Off-Ramp,TOHAJIILEE INTCH.,I-40 WBD OFF RAMP,45,1,625,768,702,565,705,638,745,751,672,677,174,4,1
75352,0.317,Rural Interstate On-Ramp,TOHAJIILEE INTCH.,I-40 WBD ON RAMP,45,1,374,321,293,338,295,266,311,313,281,283,90,2,0
75353,0.255,Rural Interstate Off-Ramp,TOHAJIILEE INTCH.,I-40 EBD OFF RAMP,45,1,195,232,212,176,213,193,225,227,203,205,53,1,0
75354,0.20900001,Rural Interstate On-Ramp,TOHAJIILEE INTCH.,I-40 EBD ON RAMP,45,1,1069,1071,979,967,983,889,1039,1047,938,946,198,4,1
76374,3.95799994,Rural Interstate,I-40 EBD,N.M. 6 ON RAMP - CANONCITO OFF RAMP,75,2,17418,17707,13662,17390,17679,13569,15588,18196,15482,18072,0,0,0
76376,3.83299994,Rural Interstate,I-40 WBD,N.M. 6 OFF RAMP - CANONCITO ON RAMP,75,2,16608,18305,15889,16595,18526,15781,18129,21162,18016,21030,80608,1153,141
76368,0.495,Rural Interstate,I-40 EBD,N.M. 6 OFF RAMP - N.M. 6 ON RAMP,75,2,16886,17166,14900,16909,17190,14799,17001,19846,16886,19711,9757,140,18
76372,0.56699997,Rural Interstate,I-40 WBD,N.M. 6 ON RAMP - N.M. 6 OFF RAMP,75,2,16247,16517,14336,16269,16539,14239,16357,19094,16247,18965,10753,154,19
75451,0.31600001,Rural Interstate Off-Ramp,N.M. 6 INTCH.,I-40 WBD OFF RAMP,35,1,361,364,333,326,334,302,353,356,320,323,102,3,1
75452,0.25999999,Rural Interstate On-Ramp,N.M. 6 INTCH.,I-40 WBD ON RAMP,45,1,926,935,855,837,858,777,907,914,824,831,216,5,1
75453,0.249,Rural Interstate Off-Ramp,N.M. 6 INTCH.,I-40 EBD OFF RAMP,35,1,818,826,755,740,758,686,801,807,728,734,183,5,1
75454,0.255,Rural Interstate On-Ramp,N.M. 6 INTCH.,I-40 EBD ON RAMP,45,1,532,537,491,481,493,446,521,525,473,477,122,3,1
26128,0.15000001,Urban Major Collector,TRAMWAY,SOUTH OF EAST CENTRAL - NORTH OF WENONAH,35,4,18392,18346,13841,16769,16658,12376,13972,14155,12738,12833,1925,63,15
26104,0.057,Urban Principal Arterial,TRAMWAY, SOUTH OF I-40 S. RAMPS - NORTH OF EAST CENTRAL,45,4,29794,29720,22421,28100,27666,20710,28233,28602,26221,26465,1508,51,21
26118,0.66900003,Urban Principal Arterial,CENTRAL,EAST OF JUAN TABO - WEST OF DORADO,40,6,25558,25494,19233,24105,23732,17765,22783,23081,21160,21356,14287,452,134
25464,0.51200002,Urban Major Collector,COPPER, EAST OF CHELWOOD - WEST OF TRAMWAY,35,2,4286,4275,3225,3908,3882,2884,3820,3870,3416,3461,1772,59,14
25456,0.45699999,Urban Minor Collector,COPPER, EAST OF TRAMWAY - WEST OF TURNER,35,2,2365,2359,1780,2156,2142,1592,2109,2137,1886,1911,873,25,5
25901,0.34,Urban Principal Arterial,TRAMWAY, SOUTH OF COPPER - NORTH OF CLOUDVIEW,45,4,30133,30058,22676,28420,27981,20945,27051,27405,25123,25357,8621,205,26
25900,0.242,Urban Principal Arterial,TRAMWAY, SOUTH OF CLOUDVIEW - NORTH OF I-40 N. RAMPS,45,4,35177,35090,26472,33177,32665,24451,29518,29904,27415,27669,6696,160,21
25460,0.49200001,Urban Principal Arterial,TRAMWAY, SOUTH OF LOMAS - NORTH OF COPPER,50,4,29662,30852,22598,27976,28720,20873,25283,27570,23481,25510,12550,300,72
24732,0.36199999,Urban Minor Collector,LOMAS, EAST OF TRAMWAY - WEST OF TURNER,40,4,8997,8975,6771,8203,8149,6054,8021,8126,7171,7265,2630,66,13
25452,0.59899998,Urban Minor Collector,TURNER, NORTH OF COPPER - SOUTH OF LOMAS,25,2,1902,1897,1431,1734,1722,1280,1695,1717,1516,1536,921,37,7
24588,0.30000001,Urban Minor Collector,LOMAS, N.E. OF TURNER - SOUTH OF MONTE LARGO,35,3,3872,3862,2914,3530,3507,2606,3452,3497,3087,3127,938,27,5
24948,0.287,Urban Interstate On-Ramp,98TH STREET INTCH., I-40 WBD ON RAMP,45,1,2353,1976,1574,2145,1794,1407,1852,1876,1688,1710,491,11,2
24404,0.208,Urban Interstate Off-Ramp,98TH STREET INTCH., I-40 WBD OFF RAMP,35,1,16240,18975,15116,14807,17229,13516,17781,18008,16211,16418,3415,66,4
10112,0.95999998,Urban Minor Arterial,CORRALES ROAD,NORTH OF SAN YSIDRO - SOUTH OF CAMINO DE LUCA,30,2,7122,7334,5842,6717,6862,5462,6872,6960,6425,6507,6248,255,72
29588,3.80599999,Rural Major Collector,N.M. 337, NORTH OF JUAN THOMAS ROAD - SOUTH OF LOS ALAMITOS ROAD,40,2,6949,7637,6980,6284,7008,6341,7406,7380,6728,6705,25515,498,63
29664,0.85799998,Rural Major Collector,N.M. 337, NORTH OF EL CEDRO - SOUTH OF JUAN THOMAS ROAD,45,2,6178,6790,6206,5587,6231,5638,6585,6562,5982,5961,5114,91,12
29663,0.65899998,Rural Major Collector,N.M. 337, NORTH OF THUNDERBIRD - SOUTH OF EL CEDRO,45,2,6459,7098,6488,5841,6514,5894,6884,6860,6254,6232,4106,75,10
29665,2.22300005,Rural Major Collector,N.M. 337, NORTH OF RAVEN ROAD - SOUTH OF THUNDERBIRD,50,2,4024,4055,4804,3743,3772,4364,5097,5079,4630,4614,10257,200,29
29662,0.84500003,Rural Major Collector,N.M. 337, NORTH OF KUHN DRIVE - SOUTH OF RAVEN ROAD,50,2,4893,5377,4915,4425,4934,4465,5215,5197,4737,4721,3989,62,8
29660,1.65100002,Rural Major Collector,N.M. 337, NORTH OF ANAYA ROAD - SOUTH OF KUHN DRIVE,50,2,4437,4876,4457,4012,4475,4049,4729,4713,4296,4281,7068,110,14
26660,1.37800002,Urban Principal Arterial,RIO BRAVO BLVD.,EAST OF COORS - WEST OF DEL RIO RD.,45,4,23687,22987,18654,22341,21399,17230,23252,22526,21595,20843,28723,715,141
26682,1.08899999,Urban Major Collector,BARCELONA RD.,EAST OF COORS - WEST OF JOE SANCHEZ RD.,30,2,4158,4642,3767,3791,4215,3368,4696,3122,4281,2830,3081,119,28
26664,2.71000004,Urban Principal Arterial,ATRISCO VISTA,NORTH OF DENNISE CHAVEZ BLVD. - SOUTH OF CENTRAL,55,4,4557,4620,3718,4298,4301,3434,3642,3322,3382,3074,8331,178,11
26662,2.26699996,Urban Principal Arterial,SEN. DENNIS CHAVEZ,EAST OF PDV - WEST OF 118 TH ST.,45,2,3308,3354,2722,3120,3122,2514,3393,4203,3134,3889,8816,239,62
26215,0.119,Urban Principal Arterial,ATRISCO VISTA,NORTH OF I-40 N. RAMPS - SOUTH OF WEST FRONTAGE ROAD,35,2,7503,10091,8039,7077,9394,7425,9456,9577,8782,8894,1058,36,8
23004,0.45899999,Urban Interstate,I-40 WBD,UNIVERSITY OFF RAMP - CARLISLE ON RAMP,65,6,103278,104992,48583,99010,100654,46291,55628,55461,53003,52844,24255,376,6
23005,0.15000001,Urban Interstate,I-40 WBD,I-25 OFF RAMPS - UNIVERSITY OFF RAMP,65,5,94044,95605,83366,90519,92022,79433,95454,95168,90951,90678,13602,211,5
22773,0.37799999,Urban Interstate,BIG I INTCH.,I-40 WBD - I-25 NBD/SBD,45,2,55121,56036,49233,54294,55195,46910,56372,56203,53712,53551,0,0,0
23334,0.44400001,Urban Interstate Off-Ramp,UNIVERSITY INTCH.,I-40 WBD OFF RAMP,40,1,8076,9244,6974,7363,8393,6236,8261,6537,7531,5926,2631,44,2
23210,0.13500001,Urban Interstate,I-40 EBD,I25 SBD ON RAMP - UNIVERSITY ON RAMP,65,5,87485,88937,91143,84672,86078,86843,104359,104046,99435,99137,13383,210,19
23104,0.676,Urban Interstate,I-40 EBD,UNIVERSITY ON RAMP - CARLISLE OFF RAMP,65,6,93178,94725,82598,89686,91175,78701,94575,94291,90113,89843,60734,945,40
22716,0.15000001,Urban Minor Arterial,UNIVERSITY,NORTH OF I-40 WBD OFF RAMP - SOUTH OF MENAUL,35,4,18081,18036,13607,17051,16877,12721,16019,16228,14980,15315,2297,102,44
23335,0.273,Urban Interstate On-Ramp,UNIVERSITY INTCH.,I-40 EBD ON RAMP,45,1,8736,10223,7712,8081,9282,6896,9135,7440,8328,6745,1841,41,8
22992,0.58200002,Urban Minor Arterial,UNIVERSITY,NORTH OF INDIAN SCHOOL - SOUTH OF I-40 EBD ON RAMP,35,4,20144,20204,15286,19157,19214,14291,16087,16297,15044,15380,8951,262,10
23120,0.18000001,Urban Interstate,I-40 WBD, I-25 NBD ON RAMP - I-25 SBD ON RAMP,65,5,47719,48511,56677,46148,46914,54003,64895,64700,61833,61648,11096,172,6
22960,1.01400006,Urban Interstate,I-40 WBD,I-25 SBD ON RAMP - I-25 OFF RAMPS,65,3,38923,39569,34120,36225,36826,32510,39067,37300,37224,37112,37632,585,20
23208,0.26899999,Urban Interstate,I-40 EBD, I-25 NBD ON RAMP - I-25 SBD ON RAMP,65,4,69181,70329,58974,66262,67362,56191,67525,67322,64339,64146,17255,270,24
22116,0.73299998,Urban Interstate,I-25 SBD,I-40 ON RAMPS - COMANCHE ON RAMP,65,5,105442,107192,97907,100846,102520,93287,112104,111768,106814,106494,78060,1205,29
24020,0.71399999,Urban Interstate,I-25 SBD,M.L.K. OFF RAMP - I-40EBD ON RAMP,65,6,103165,106479,80952,97436,99394,77132,61350,61166,58435,58260,41598,625,0
23320,0.41600001,Urban Interstate,I-25 SBD,WEST FRONTAGE RD. EXIT - I-40 OFF RAMPS,65,3,62809,63852,55464,59617,60607,52847,63506,63315,60510,60328,25096,375,2
23321,0.33899999,Urban Interstate,I-25 SBD,I-40 EBD ON RAMP - WEST FRONTAGE RD. EXIT,65,3,53606,54496,43347,50508,51346,41302,49632,49483,47291,47149,15984,239,1
23164,0.36899999,Urban Interstate,I-40 WBD,6TH/8TH OFF RAMP - I-25 NBD ON RAMP,65,6,66244,67344,64462,63725,64783,61420,73809,73588,70326,70115,25872,414,22
22828,0.39300001,Urban Interstate,I-40 WBD,4TH ON RAMP - 6TH/8TH OFF RAMP,65,4,62411,63447,55324,60072,61069,52714,63346,63156,60358,60177,23650,389,27
22732,0.27200001,Urban Interstate,I-40 EBD,4TH OFF RAMP - 6TH/5TH ON RAMP,65,4,73105,74319,35672,70818,71994,33989,40844,40721,38917,38800,10554,172,21
22820,0.204,Urban Interstate On-Ramp,6TH/8TH INTCH., I-40 EBD ON RAMP,45,1,12827,13212,8252,11863,12218,7379,10253,10408,9168,9307,0,0,0
22936,0.052,Urban Principal Arterial,2ND STREET, N. OF I-40 S. FRONTAGE RD. - S. OF I-40 N. FRONTAGE RD.,35,4,12517,12804,8969,11805,11919,8284,11525,12623,10704,11680,607,23,8
22864,0.308,Urban Principal Arterial,2ND STREET, N. OF I-40 N. FRONTAGE RD. - SOUTH OF MENAUL,35,4,13997,12757,8936,13201,11876,8254,11483,13004,10665,12032,3706,141,48
22752,0.29499999,Urban Interstate On-Ramp,4TH ST. INTCH., I-40 WBD ON RAMP,45,1,10468,10534,7379,9544,9565,6598,9482,9900,8645,9026,2663,60,12
22788,0.063,Urban Minor Arterial,4TH STREET, N. OF I-40 S. FRONTAGE RD. - S. OF I-40 N. FRONTAGE RD.,35,4,11550,11625,8143,10892,10878,7613,9604,10027,8981,9463,596,21,6
22748,0.303,Urban Minor Arterial,4TH STREET, N. OF I-40 N. FRONTAGE RD. - SOUTH OF MENAUL,30,4,14523,14617,10999,13696,13678,10283,14133,14755,13217,13925,4220,172,48
22868,0.141,Urban Interstate Frontage,I-40 NORTH FRONTAGE, EAST OF 4TH ST. - WEST OF 2ND ST.,30,3,6662,6705,4697,6074,6088,4200,6036,6302,5397,5635,795,27,5
23341,0.778,Urban Interstate Frontage,I-40 NORTH FRONTAGE,EAST OF 2ND. ST. - WEST OF PAN AMERICAN WEST,40,2,5200,5234,3666,4741,4752,3278,4711,4918,4212,4398,3422,86,17
23339,0.233,Urban Interstate Frontage,I-40 NORTH FRONTAGE,EAST OF PAN AMERICAN WEST - WEST OF PAN AMERICAN EAST,40,3,5123,5156,3612,4671,4681,3230,4641,4845,4150,4333,1009,25,5
23338,0.2,Urban Interstate Frontage,I-40 NORTH FRONTAGE,EAST OF PAN AMERICAN EAST - WEST OF UNIVERSITY BLVD.,40,2,4761,4749,3583,4341,4312,3204,4244,4299,3795,3845,769,19,4
23852,0.65200001,Urban Interstate,I-25 NBD,M.L.K. ON RAMP - I-40 ON RAMPS,65,5,97814,106479,80658,94408,99394,76852,61350,61166,58435,58260,37985,587,17
24764,0.185,Urban Interstate On-Ramp,M.L.K/CENTRAL INTCH., I-25 NBD ON RAMP,45,2,17441,17398,11807,15902,15797,10557,11605,15214,10580,13793,2552,57,11
24816,0.053,Urban Interstate Frontage,OAK, NORTH OF MARTIN LUTHER KING JR - SOUTH OF I-25 ON RAMP,35,3,17604,16899,12749,16050,15344,11400,15102,12859,13768,11658,618,24,8
24708,0.26899999,Urban Interstate Frontage,LOCUST, NORTH OF I-25 OFF RAMP - SOUTH OF LOMAS,35,2,7038,7736,5253,6417,7024,4697,6527,6626,5951,6041,1625,47,9
24320,0.47,Urban Principal Arterial,LOMAS,EAST OF BROADWAY - WEST OF PAN AMERICAN WEST,35,6,24081,23325,18749,22712,21713,17318,21526,21852,19992,20219,9503,322,84
24762,0.81300002,Urban Interstate Frontage,PAN AM. EAST,NE OF MOUNTAIN RD. - SOUTH OF I-40  SOUTH FRONTAGE RD.,40,2,11086,11058,8342,10108,10040,7459,9512,9636,8672,8736,7102,239,79
22472,0.648,Urban Principal Arterial,MENAUL, EAST OF BROADWAY - WEST OF PAN AMERICAN WEST,45,6,15618,15719,11011,14730,14633,10171,17901,18689,16625,17292,11205,388,164
22441,0.054,Urban Principal Arterial,MENAUL,EAST OF PAN AMERICAN WEST - WEST OF PAN AMERICAN EAST,45,4,22302,22102,16674,21034,20575,15401,19751,20009,18344,18584,1004,35,15
22442,0.2,Urban Principal Arterial,MENAUL,EAST OF PAN AMERICAN EAST - WEST OF UNIVERSITY,40,6,22418,24188,18248,21144,22517,16855,21616,20846,20076,19288,3858,134,48
24477,0.178,Urban Interstate Frontage,PAN AM. EAST,NORTH OF I-40 NORTH FRONTAGE RD. - SOUTH OF MENAUL,40,2,8043,8023,6053,7333,7285,5412,7170,7264,6411,6495,1156,39,13
21896,0.59799999,Urban Interstate Frontage,PAN AM. EAST,N. OF COMANCHE INTCH ON RAMP - S. OF MONT. INTCH OFF RAMP,45,2,5358,5345,4032,4885,4853,3605,4776,4838,4270,4326,2586,77,26
21720,0.171,Urban Interstate Frontage,PAN AM. EAST,N. OF MONTGOMERY INTCH OFF RAMP - SOUTH OF MONTGOMERY,45,2,16090,16050,12108,14670,14573,10827,14343,18945,12825,17175,2937,88,29
21708,0.15800001,Urban Interstate Frontage,PAN AM. EAST,NORTH OF MONTGOMERY - SOUTH OF MONTGOMERY INTCH. ON RAMP,45,2,12851,13461,10130,11717,12222,9058,12082,12326,11015,11175,1766,53,17
21709,0.62699997,Urban Interstate Frontage,PAN AM. EAST,NORTH OF MONTGOMERY INTCH. ON RAMP - SOUTH OF MCLEOD,45,2,5670,5796,4362,5170,5263,3900,5203,5443,4652,4867,3052,91,30
21476,0.15899999,Urban Interstate Frontage,PAN AM. EAST,NORTH OF JEFFERSON INTCH. OFF RAMP - SOUTH OF JEFFERSON,45,3,17897,17825,13414,16317,16185,11994,15999,16038,14586,14540,2312,69,23
21684,0.09,Urban Interstate Frontage,PAN AM. EAST, NORTH OF MCLEOD - SOUTH OF I-25 OFF RAMP,45,2,3804,3888,3032,3468,3530,2712,3744,3917,3413,3551,320,10,3
21456,0.091,Urban Interstate Frontage,PAN AM. EAST,NORTH OF JEFFERSON - SOUTH OF JEFFERSON INTCH ON RAMP,45,2,10890,11132,8377,9929,10108,7490,10135,10603,9240,9613,875,26,9
21457,0.278,Urban Interstate Frontage,PAN AM. EAST,NORTH OF JEFFERSON INTCH ON RAMP - SOUTH OF OSUA,45,2,7342,7505,5648,6694,6814,5050,6736,7047,6023,6301,1752,52,17
21424,0.241,Urban Interstate Frontage,PAN AM. EAST,NORTH OF OSUA - SOUTH OF SAN MATEO INTCH OFF RAMP,45,2,4360,4457,3354,3975,4047,2999,4000,4185,3577,3742,902,27,9
21188,0.28999999,Urban Interstate Frontage,PAN AM. EAST,NORTH SAN MATEO INTCH OFF RAMP - SOUTH OF SAN MATEO,45,3,12657,12938,9736,11540,11747,8706,12673,13258,11554,12019,3486,104,34
21060,0.067,Urban Interstate Frontage,PAN AM. EAST, NORTH OF SAN MATEO - SOUTH OF HARPER,45,4,23182,15766,11865,21136,14315,10609,14151,15283,12901,13855,928,28,9
21061,0.25799999,Urban Interstate Frontage,PAN AM. EAST, NORTH OF HARPER - SOUTH OF FOREST HILLS,45,3,15926,5120,3853,14597,4649,3445,4595,4807,4189,4382,1131,34,11
20987,0.074,Urban Interstate Frontage,PAN AM. EAST,NORTH OF FOREST HILLS - SOUTH OF SAN ANTONIO INTCH OFF RAMP,45,3,5035,5147,3873,4591,4673,3463,4619,4832,4130,4321,320,10,3
20944,0.052,Urban Interstate Frontage,PAN AM. EAST,NORTH OF SAN ANTONIO - SOUTH OF SAN ANTONIO ON RAMP,45,3,7525,7692,5789,6861,6984,5176,6905,7224,6173,6458,336,10,3
20988,0.133,Urban Interstate Frontage,PAN AM. EAST,NORTH OF SAN ANTONIO INTCH OFF RAMP - SOUTH OF SAN ANTONIO,45,4,9400,9609,7231,8570,8725,6466,8624,9022,7712,8068,1073,32,11
20945,0.42899999,Urban Interstate Frontage,PAN AM. EAST,NORTH OF SAN ANTONIO ON RAMP - SOUTH OF SAN FRANCISCO,45,2,6861,7337,5521,6255,6662,4937,6585,6889,6003,6280,2694,81,27
20808,0.26899999,Urban Interstate Frontage,PAN AM. EAST,NORTH OF SAN FRANCISCO - SOUTH OF P.D.N. INTCH. OFF RAMP,45,2,6312,6452,4855,5755,5858,4341,5791,6058,5178,5417,1457,44,14
20768,0.245,Urban Interstate Frontage,PAN AM. EAST,NORTH OF P.D.N. INTCH. OFF RAMP - SOUTH OF P.D.N.,45,4,18918,19338,14553,17248,17558,13013,17119,17909,15607,16236,3978,119,39
20632,0.45300001,Urban Interstate Frontage,PAN AM. EAST,NORTH OF P.D.N. INTCH. ON RAMP-SOUTH OF ALAMEDA INTCH OFF R*,45,2,2533,2589,1948,2309,2351,1742,2323,2430,2078,2174,985,29,10
20532,0.178,Urban Interstate Frontage,PAN AM. EAST,NORTH OF ALAMEDA INTCH OFF RAMP - SOUTH OF ALAMEDA,45,3,15141,15453,11629,13805,14031,10398,13870,11394,12645,10330,1839,55,18
20508,0.118,Urban Interstate Frontage,PAN AM. EAST,NORTH OF ALAMEDA - SOUTH OF ALAMEDA INTCH ON RAMP,45,4,6037,6171,4644,5504,5603,4153,5539,5795,4953,5182,612,18,6
20292,0.171,Urban Interstate Frontage,PAN AM. EAST, NORTH OF I-25 OFF RAMP - SOUTH TRAMWAY,45,2,8888,9085,6837,8104,8249,6113,8154,8531,7291,7628,1304,39,13
20456,0.88,Urban Interstate Frontage,PAN AM. EAST,NORTH OF ALAMEDA INTCH ON RAMP-SOUTH OF SAN PEDRO,45,2,2365,1976,1487,2156,1794,1330,1774,1856,1617,1692,1489,45,15
21936,0.139,Urban Interstate Frontage,PAN AM. EAST,NORTH OF COMANCHE - SOUTH OF COMANCHE INTCH. ON RAMP,45,2,16875,16833,12699,15386,15284,11355,15262,15462,13914,14018,1949,58,19
22072,0.083,Urban Interstate Off-Ramp,COMANCHE INTCH.,I-25 NBD OFF RAMP,45,1,13983,13948,10523,12749,12664,9409,12465,11928,11146,10814,898,20,4
22437,0.60799998,Urban Interstate,I-25 NBD,I-40 OFF RAMPS - COMANCHE OFF RAMP,65,5,93238,94786,85112,89651,91139,81096,97453,97161,92855,92576,56286,874,38
21928,0.60500002,Urban Interstate,I-25 NBD, COMANCHE OFF RAMP - COMANCHE ON RAMP,65,4,79562,80883,70528,76580,77851,67200,80755,80513,76944,76713,46411,700,5
22280,0.48300001,Urban Principal Arterial,CANDELARIA, EAST OF EDITH (BROADWAY) - WEST OF PAN AM. WEST,40,6,16886,16995,11906,15926,15821,10996,15358,16034,14263,14836,7166,214,55
24479,0.377,Urban Interstate Frontage,PAN AM. EAST,NORTH OF MENAUL - SOUTH OF OFF RAMP TO CANDELARIA,45,2,9642,9618,7256,8791,8733,6488,8595,8707,7685,7785,2935,88,29
21908,0.60699999,Urban Interstate Frontage,PAN AM. WEST,N. OF COMANCHE INTCH OFF RAMP-S. OF MONTGOMERY INTCH ON RAMP,45,2,6414,6456,4522,5848,5862,4043,5811,6067,5195,5424,3292,74,14
21716,0.114,Urban Interstate Frontage,PAN AM. WEST,NORTH OF MONTGOMERY INTCH. ON RAMP - SOUTH OF MONTANO,45,2,17917,18033,12632,16336,16373,11295,19681,20548,17943,18628,2124,48,9
21648,0.227,Urban Interstate Frontage,PAN AM. WEST,NORTH OF MONTANO - SOUTH OF MONTGOMERY INTCH. OFF RAMP,45,3,14655,14750,10011,13362,13393,8952,12450,12998,11351,11784,2675,60,12
21464,0.13,Urban Interstate Frontage,PAN AM. WEST, NORTH OF JEFFERSON INTCH ON RAMP - SOUTH OF JEFFERSON,45,2,17570,17960,12214,16019,16307,10921,13999,14986,12763,13586,1766,40,8
21412,0.138,Urban Interstate Frontage,PAN AM. WEST, NORTH OF JEFFERSON - SOUTH OF JEFFERSON INTCH OFF RAMP,45,3,10269,10497,7139,9363,9531,6383,9136,9780,8169,8745,1207,27,5
21396,0.72799999,Urban Interstate Frontage,PAN AM. WEST, N OF JEFFERSON INTCH OFF RAMP- S OF SAN MATEO INTCH ON RAMP,45,2,3878,3964,2696,3536,3599,2411,3450,3693,3086,3304,2406,54,10
21228,0.098,Urban Interstate Frontage,PAN AM. WEST, NORTH OF SAN MATEO INTCH. ON RAMP - SOUTH OF OSUNA,35,2,19561,16277,11069,17930,14779,9898,14166,13592,12915,12322,1208,35,7
21044,0.37400001,Urban Interstate Frontage,PAN AM. WEST, NORTH OF OSUNA - SOUTH OF SAN ANTONIO INTCH. ON RAMP,45,2,8589,8780,5971,7831,7972,5339,7641,8180,6833,7315,2736,61,12
20976,0.099,Urban Interstate Frontage,PAN AM. WEST, NORTH OF SAN ANTONIO INTCH ON RAMP - SOUTH OF SAN ANTONIO,40,3,17821,18217,12389,16248,16540,11078,13250,14184,12080,12859,1273,32,6
20912,0.106,Urban Interstate Frontage,PAN AM. WEST,NORTH OF SAN ANTONIO - SOUTH OF SAN ANTONIO INTCH OFF RAMP,40,3,14961,15293,10400,13641,13886,9299,8013,8578,7305,7777,824,21,4
20913,0.199,Urban Interstate Frontage,PAN AM. WEST,NORTH OF MASTHEAD - SOUTH OF SAN FRANCISCO,45,2,5199,5314,3614,4740,4825,3232,4625,4951,4136,4428,881,20,4
20788,0.50599998,Urban Interstate Frontage,PAN AM. WEST,NORTH OF SAN FRANCISCO - SOUTH OF PASEO DEL NORTE,45,4,6005,6138,4174,5475,5573,3732,5342,5719,4776,5113,2587,58,11
20692,0.147,Urban Interstate Frontage,PAN AM. WEST,NORTH OF P.D.N.- SOUTH OF P.D.N. INTCH. OFF RAMP,45,3,8833,9029,6140,8053,8198,5490,7858,8412,7026,7521,1106,25,5
20644,0.51700002,Urban Interstate Frontage,PAN AM. WEST,NORTH OF PDN INTCH OFF RAMP-SOUTH OF ALAMEDA INTCH ON RAMP,45,2,2508,2715,1846,2287,2465,1651,2362,2529,2153,2305,1192,27,5
20528,0.097,Urban Interstate Frontage,PAN AM. WEST,NORTH OF ALAMEDA INTCH. ON RAMP - SOUTH OF ALAMEDA,45,3,13174,13466,9158,12011,12227,8189,13154,14082,11992,12767,1238,28,5
20464,0.131,Urban Interstate Frontage,PAN AM. WEST,NORTH OF ALAMEDA - SOUTH OF ALAMEDA INTCH. OFF RAMP,45,3,6505,6649,4522,5931,6037,4043,5787,6195,5174,5539,726,16,3
20284,0.15000001,Urban Interstate Frontage,PAN AM. WEST,NORTH OF TRAMWAY INTCH. ON RAMP - SOUTH OF ROY,45,1,8820,9016,6131,8042,8186,5482,7846,8399,7016,7511,1127,25,5
21952,0.119,Urban Minor Arterial,GRIEGOS, EAST OF ALEXANDER - WEST OF PAN AM. WEST,35,4,14488,14582,10215,13663,13645,9550,17971,18763,16806,17707,2107,72,20
21925,0.053,Urban Minor Arterial,COMANCHE,I-25 UNDERPASS - WEST OF PAN AMERICAN EAST,35,4,29943,29869,22534,28238,27950,21067,26871,27222,25129,25690,1362,54,19
23383,0.118,Urban Interstate Frontage,PAN AM. WEST,NORTH OF YALE BLVD. - SOUTH OF COMANCHE INTCH OFF RAMP,45,2,0,0,0,0,0,0,0,0,0,0,0,0,0
22092,0.15000001,Urban Interstate On-Ramp,COMANCHE INTCH.,I-25 SBD ON RAMP,45,1,12687,12769,8945,11567,11594,7998,11494,11222,10277,10174,1526,54,23
22048,0.114,Urban Interstate Frontage,PAN AM. WEST,NORTH OF COMANCHE INTCH ON RAMP - SOUTH OF COMANCHE,45,2,20073,20203,14152,18301,18344,12654,20210,21100,18425,19129,2181,49,9
21920,0.69300002,Urban Interstate,I-25 SBD, COMANCHE ON RAMP - COMANCHE OFF RAMP,65,4,92755,94295,82223,89279,90761,78343,94145,93863,89703,89434,61978,950,16
22140,0.55599999,Urban Interstate Frontage,PAN AM. WEST,NORTH OF CANDELARIA - SOUTH OF COMANCHE INTCH ON RAMP,45,2,9499,9323,6531,8706,8465,5840,8392,8762,7651,7988,4441,100,19
22468,0.391,Urban Interstate Frontage,PAN AM. WEST, NORTH OF MENAUL - SOUTH OF CANDELARIA,45,2,6021,6060,4245,5490,5502,3796,5455,5695,4878,5093,1991,45,9
22469,0.287,Urban Interstate Frontage,PAN AM. WEST,NORTH OF I-40 NORTH FRONTAGE RD - SOUTH OF MENAUL,40,2,4997,4886,3423,4580,4436,3061,4398,4592,4010,4187,1202,30,6
22471,0.13,Urban Interstate Frontage,PAN AM. WEST,NORTH OF I-40 S. FRONTAGE RD. - SOUTH OF I-40 N.FRONTAGE RD.,40,3,5482,4433,3105,5024,4025,2776,3990,4166,3638,3798,494,12,2
23344,0.213,Urban Interstate Frontage,I-40 SOUTH FRONTAGE,EAST OF PAN AMERICAN WEST -  WEST OF PAN AMERICAN EAST,40,3,4132,4122,2954,3767,3743,2642,3499,3545,3130,3171,675,17,3
23342,0.76300001,Urban Interstate Frontage,I-40 SOUTH FRONTAGE,EAST OF 2ND. ST. - WEST OF PAN AMERICAN WEST,40,3,5677,5499,3734,5176,4993,3339,4639,4709,4149,4212,3214,81,16
22473,0.228,Urban Interstate Frontage,PAN AM. WEST,NORTH OF I-25 SBD OFF RAMP - SOUTH OF I-40 S. FRONTAGE,40,2,5561,6173,4192,5097,5605,3748,5208,5287,4748,4820,1099,28,5
22475,0.50700003,Urban Interstate Frontage,PAN AM. WEST,NORTH OF MOUNTAIN - SOUTH OF I-25 SBD OFF RAMP,40,3,14298,13849,9404,13036,12574,8409,11619,11795,10593,10693,5422,137,26
22478,0.20999999,Urban Interstate Frontage,PAN AM. WEST,NORTH OF LOMAS - SOUTH OF MOUNTAIN,40,2,12266,11881,8067,11183,10788,7213,10682,10844,9739,9831,2065,52,10
23464,0.98900002,Urban Interstate,I-25 NBD, I-40 ON RAMPS - I-40 OFF RAMPS,65,3,58447,59417,46466,56714,57655,44274,53204,53044,50694,50542,49986,748,3
22993,0.092,Urban Minor Arterial,UNIVERSITY,NORTH OF I-40 EBD ON RAMP - SOUTH OF I-40 WBD OFF RAMP,40,4,17416,17373,13106,16424,16257,12253,16178,16390,15129,15468,1423,53,22
21172,0.82200003,Urban Principal Arterial,TRAMWAY, SOUTH OF SAN RAFAEL - NORTH OF ACADEMY,50,4,21152,21622,16540,19950,20128,15278,20049,20975,18620,19408,15953,346,56
28205,0.17299999,Urban Minor Arterial,N.M. 317, EAST OF ISLETA PUEB. WEST ENT. - WEST OF ISLETA PUEB. MID.,35,2,6703,6906,5175,6321,6462,4838,6571,6633,6143,6201,1073,25,1
19614,0.05,Rural Major Collector,N.M. 536, BERNALILLO/SANDOVAL C.L. - SANDOVAL/BERNALILLO C.L.,30,2,453,457,539,422,426,490,572,570,520,518,0,0,0
29612,0.338,Rural Major Collector,N.M. 536, SANDOVAL/BERNALILLO C.L. - BERNALILLO/SANDOVAL C.L.,30,2,453,457,539,422,426,490,572,570,520,518,0,0,0
10240,1.61199999,Rural Major Collector,N.M. 96,NORTH OF U.S. 550 - SOUTH OF OLD N.M. 496 AT LAJARA,45,2,1233,1245,1138,1115,1142,1034,1207,1217,1097,1106,1784,30,4
23316,0.54400003,Urban Interstate,BIG I INTCH.,I-40 WBD - I-25 SBD,45,2,32532,33072,28332,32045,32577,26995,32440,32343,30909,30816,0,0,0
23312,0.574,Urban Interstate,BIG I INTCH.,I-40 EBD TO I-25 NBD,45,2,14676,14920,19962,14457,14697,19020,22856,22787,21778,21713,0,0,0
22967,0.27700001,Urban Interstate,BIG I INTCH.,I-25 SBD - I-40 EBD/WBD,45,2,42633,43341,48139,41229,41913,45868,55119,54954,52519,52361,14504,332,26
23124,0.361,Urban Interstate,BIG I INTCH., I-25 SBD TO I-40 WBD,45,2,8796,8942,41453,9923,10088,39497,47464,47322,45224,45088,0,0,0
22772,0.20100001,Urban Interstate,BIG I INTCH., I-40 WBD TO I-25 NBD,45,1,22622,22998,20901,22282,22652,19915,23932,23860,22803,22735,0,0,0
24021,0.18099999,Urban Interstate,BIG I INTCH.,I-40 WBD TO I-25 SBD,45,2,49559,50382,36628,46928,47707,34900,41939,41813,39960,39840,0,0,0
23314,0.22,Urban Interstate,BIG I INTCH.,I-40 ON RAMPS - I-25 NBD,45,2,34791,35369,40862,32937,33484,38934,46787,46647,44579,44445,0,0,0
23460,0.33700001,Urban Interstate,BIG I INTCH., I-25 NBD TO I-40 EBD,45,2,28317,28787,21973,27406,27861,20936,25159,25084,23972,23900,8054,185,15
23624,0.67199999,Urban Interstate,BIG I INTCH., I-25 NBD TO I-40 WBD,45,2,18525,18833,14318,17577,17869,13642,16394,16345,15620,15573,10465,241,19
23851,0.32699999,Urban Interstate,BIG I INTCH.,I-25 NBD - I-40 EBD/ WBD,45,2,39367,40020,35826,37694,38320,34136,41021,40898,39086,38969,0,0,0
23560,0.25799999,Urban Interstate,BIG I INTCH., I-40 EBD TO I-25 SBD,45,2,14377,14616,8296,14164,14399,7905,9499,9471,9051,9024,0,0,0
20264,0.06,Urban Principal Arterial,TRAMWAY,I-25 UNDERPASS - WEST OF PAN AMERICAN EAST,40,4,17396,17782,13382,16407,16553,12361,7951,8318,7384,7696,462,14,4
20401,0.38800001,Urban Principal Arterial,TRAMWAY,EAST OF PAN AMERICAN EAST - SANDIA CASINO,45,4,16232,16593,12487,15310,15446,11534,12994,13594,12068,12578,4880,133,35
20400,4.57600021,Urban Principal Arterial,TRAMWAY,ROAD TO SANDIA CASINO - NORTH OF ROAD TO TRAM.,45,4,6618,7222,5434,6242,6722,5020,6804,5779,6319,5347,24463,529,14
20244,0.083,Urban Principal Arterial,ROY AVE.,EAST OF TRAMWAY WEST RAMPS - I-25 UNDERPASS,40,2,13367,13340,9401,12738,12712,8683,11213,11731,10356,10834,912,30,10
11324,0.676,Urban Major Collector,MEADOWS BLVD (RR),NORTH OF CHERRY RD. - SOUTH OF PASEO DEL VOLCAN (N.),30,2,4347,4476,3566,3963,4064,3189,4195,5579,3751,5058,3419,140,38
11318,0.546,Urban Major Collector,CHERRY RD.,NORTHWEST OF 19TH AVE. - SOUTHEAST OF MEADOWS BLVD.,30,4,5988,6420,5114,5489,5829,4573,6016,6093,5485,5555,3032,124,34
11315,0.52200001,Urban Major Collector,CHERRY RD.,NORTHWEST OF UNSER - SOUTHEAST OF 17TH ST.,30,4,7845,8078,6435,7153,7335,5754,7570,7667,6768,6855,3578,139,32
11414,1.16799998,Urban Minor Arterial,NORTHERN BLVD.,EAST OF ABRAZO - WEST OF UNSER (NORTH),40,2,5633,5800,4620,5312,5427,4319,5435,5504,5080,5145,6009,141,2
11326,0.75800002,Urban Minor Arterial,BROADMOOR,NORTH OF LOMA COLORADO - SOUTH OF NORTHERN,35,2,7956,8192,6526,7503,7666,6101,7677,7775,7177,7269,5509,192,54
11329,1.86500001,Urban Minor Arterial,RAINBOW (NORTH),NORTH OF TULIP - SOUTH OF NORTHERN,25,2,5534,3716,2960,5219,3477,2767,3482,3527,3256,3298,6149,301,85
11335,1.63300002,Urban Minor Arterial,IRIS,WEST OF N.M. 528 - SE OF IDALIA,40,2,3074,3166,2522,2900,2963,2358,2967,3005,2774,2809,4587,129,26
11327,0.191,Urban Minor Arterial,BROADMOOR,NORTH OF HIGHRESORT - SOUTH OF CHESSMAN,30,2,11852,10809,9633,11177,10115,9006,12013,11601,11234,10948,2091,85,24
11320,0.147,Urban Minor Arterial,BROADMOOR,NORTH OF CHESSMAN - SOUTH OF LOMA COLORADO,30,2,16294,16777,13365,15366,15699,12495,15721,15922,14698,14886,2188,89,25
22880,0.249,Urban Interstate Off-Ramp,6TH/8TH INTCH.,I-40 WBD OFF RAMP,35,1,9557,9543,6738,8714,8616,6025,8658,9039,7742,8083,0,0,0
23324,0.74699998,Urban Interstate,BIG I INTCH.,I-25 SBD - I-40 EBD,45,2,18304,18608,47199,18410,18716,44972,54043,53881,51493,51339,0,0,0
23346,0.26199999,Urban Interstate Frontage,I-40 SOUTH FRONTAGE,EAST OF PANAMERICAN EAST - WEST OF UNIVERSITY BLVD.,40,2,6116,6101,4603,5576,5540,4116,5453,5524,4876,4940,1294,33,6
23570,0.28600001,Urban Interstate,BIG I INTCH.,I-40 EBD - I-25 NBD/SBD,45,2,46895,47673,28259,45589,46346,26926,32357,32260,30830,30738,0,0,0
23096,0.43799999,Urban Interstate,I-40 EBD,5TH/6TH ON RAMP - I-25 ON RAMPS,65,5,87759,89216,52760,84445,85847,50271,60410,60229,57560,57387,25136,403,44
22768,0.244,Urban Interstate Off-Ramp,4TH ST. INTCH., I-40 EBD OFF RAMP,35,1,5316,9867,6700,4847,8959,5991,8324,8450,7589,7704,1880,54,10
22656,0.176,Urban Interstate Frontage,I-40 NORTH FRONTAGE, EAST OF I-40 ON RAMP - WEST OF 6TH ST.,40,3,8442,8497,5952,7697,7715,5322,7648,7985,6839,7140,1257,32,6
23308,0.73900002,Urban Interstate,I-40 EBD,I-25 ON RAMPS - I-25 NBD ON RAMP,65,3,40864,41542,37516,38856,39501,35746,42956,37300,40929,40806,30156,470,39
23979,0.052,Urban Major Collector,MOUNTAIN ROAD,EAST OF PAN AMERICAN WEST - WEST OF PAN AMERICAN EAST,25,4,3472,3363,2284,3166,3054,2042,2838,2881,2537,2575,134,6,1
23977,0.48500001,Urban Major Collector,MOUNTAIN ROAD,EAST OF BROADWAY - WAST OF PAN AMERICAN WEST,30,4,6048,5858,3978,5514,5319,3557,4942,4838,4419,4386,2127,87,26
24176,0.113,Urban Principal Arterial,LOMAS,EAST OF PAN AMERICAN WEST - WEST OF PAN AMERICAN EAST,35,6,28378,27487,18664,26765,25588,17239,23833,24194,22135,22386,2530,84,18
24761,0.119,Urban Interstate Frontage,PAN AM. EAST,NORTH OF LOMAS - SOUTH OF MOUNTAIN RD.,35,3,9676,9652,7282,8822,8764,6511,8626,8739,7713,7814,930,36,12
24766,0.16500001,Urban Interstate Frontage,PAN AM. EAST,NE OF I-40 SOUTH FRONTAGE RD. - SOUTH OF I-40 NORTH FRONTAGE,40,3,8354,8333,6287,7617,7566,5622,7447,7544,6660,6747,1113,38,12
22064,0.245,Urban Interstate Frontage,PAN AM. EAST,NORTH OF COMANCHE INTCH.OFF RAMP - SOUTH OF COMANCHE,45,3,12376,12345,9313,11284,11209,8327,25567,25901,23309,23481,5753,172,57
20852,0.52600002,Urban Major Collector,SAN FRANCISCO, EAST OF VENTURA - WEST OF HOLBROOK,30,2,5113,4727,3154,4662,4292,2820,3317,3470,3024,3146,1655,64,15
20308,0.53399998,Urban Interstate,I-25 NBD,TRAMWAY OFF RAMP - TRAMWAY ON RAMP,65,2,33862,34424,30017,32593,33134,28601,34369,34266,32748,32650,17435,252,-3
19004,1.32700002,Urban Interstate,I-25 NBD,BERNALILLO ON RAMP - U.S. 550 OFF RAMP,70,2,33985,34549,26965,32984,33532,25693,30875,30782,29418,29330,38921,591,70
19006,1.15699995,Urban Interstate,I-25 SBD,BERNALILLO OFF RAMP - U.S. 550 ON RAMP,70,2,25622,26047,20472,25005,25420,19506,23440,23370,22334,22267,25763,381,35
20375,0.20900001,Urban Minor Arterial,UNIVERSE,NORTH OF PDN - SOUTH OF PARADISE BLVD.,35,4,16163,16643,13258,15243,15574,12395,15616,15816,14603,14926,3119,109,31
10445,0.55699998,Urban Major Collector,KIM RD.,N.W. OF N.M. 528 - S.E. OF SARATOGA,30,2,1746,1798,1432,1592,1633,1280,1684,1706,1506,1525,849,33,8
10013,1.03799999,Urban Principal Arterial,NORTHERN BLVD.,EAST OF ROCKAWAY - N.W. OF SARATOGA,45,4,9609,9150,7289,9063,8518,6733,8574,8684,7963,8065,8370,219,51
10661,0.51899999,Urban Principal Arterial,NORTHERN BLVD.,S.E. OF SARATOGA - N.W. OF N.M. 528,45,4,10492,10162,8095,9896,9460,7477,8257,8140,7669,7532,3910,102,24
11337,1.71500003,Urban Major Collector,KIM RD.,N.W. OF SARATOGA - S.E. OF IDALIA,30,2,1303,1342,1069,1188,1218,956,1257,1273,1125,1139,1953,76,18
10665,0.58899999,Urban Major Collector,SARATOGA DR.,N.E. OF ROCKAWAY BLVD. - S.W. OF NORTHERN BLVD.,25,2,2575,2619,2112,2348,2365,1888,2484,2516,2221,2249,0,0,0
10669,1.42799997,Urban Major Collector,SARATOGA DR.,NE OF NORTHERN BLVD. - SW OF KIM RD.,30,2,1080,1336,1064,985,1213,951,1252,1268,1141,1156,1651,68,18
20221,0.361,Urban Principal Arterial,ROY AVE.,EAST OF N.M. 313 - WEST OF EDITH BLVD.,35,2,5889,7992,5435,5554,7440,5020,6956,7447,6460,6916,2497,87,23
20220,1.09000003,Urban Principal Arterial,ROY AVE.,EAST OF EDITH BLVD. - WEST OF TRAMWAY WEST RAMPS,40,4,7476,9054,4594,7051,8428,4243,5879,6576,5460,6085,6634,203,53
20450,1.20700002,Urban Local,EDITH BLVD.,NORTH OF ALAMEDA RD. - SOUTH OF ROY,25,2,1988,2032,1382,1836,1877,1236,1769,1894,1582,1694,2043,129,59
20019,0.50199997,Urban Minor Collector,MODESTO,EAST OF LOWEL - WEST OF TENNYSON,25,2,311,318,239,284,289,214,285,298,255,267,134,5,1
20760,0.48300001,Urban Principal Arterial,PASEO DEL NORTE,EAST OF EUBANK - WEST OF BROWNING,55,4,17854,16592,13462,16839,15446,12434,17220,18015,15993,16669,8051,170,36
20015,0.5,Urban Minor Collector,MODESTO,EAST OF EUBANK - WEST OF BROWNING,25,2,199,203,153,181,184,137,182,190,163,171,86,3,1
21258,0.101,Urban Principal Arterial,EUBANK,NORTH OF CORONADO AVE. - SOUTH OF SAN FRANCISCO,40,4,16438,16803,12645,15504,15642,11680,15082,14883,13931,13771,1391,39,8
20744,0.498,Urban Principal Arterial,PASEO DEL NORTE, EAST OF VENTURA - WEST OF HOLBROOK,55,6,28449,30634,23053,26832,28517,21293,27495,31111,25536,28786,14336,313,74
20331,0.1,Urban Local,HOLBROOK,NORTH OF SAN FRANCISCO - SOUTH OF SAN FRANCISCO,25,2,867,886,667,801,818,596,796,833,711,744,74,5,2
20862,0.49700001,Urban Major Collector,SAN FRANCISCO, EAST OF HOLBROOK - WEST OF EUBANK,35,2,1432,1464,1102,1306,1329,985,1314,1375,1175,1229,611,20,5
20229,0.49700001,Urban Local,CORONADO AVE.,EAST OF HOLBROOK - WEST OF EUBANK,35,2,0,2100,1638,0,1890,1474,1954,2044,1758,1839,0,0,0
25729,0.419,Urban Principal Arterial,CENTRAL, EAST OF BRIDGE - WEST OF UNSER,55,4,19504,20347,16047,18395,19447,14822,18502,16875,17184,15614,6542,184,75
26072,0.58899999,Urban Principal Arterial,BRIDGE BLVD., EAST OF COORS - WEST OF OLD COORS RD.,40,2,15423,7891,6006,14546,7346,5548,6755,6161,6274,5701,3357,103,29
29914,0.035,Rural Major Collector, , ,0,0,0,0,0,0,0,0,0,0,0,0,0,0,0
26904,4.28900003,Urban Interstate,I-25 SBD, BROADWAY OFF RAMP - RIO BRAVO ON RAMP,75,2,24773,25184,21096,23724,24118,20101,24155,24083,23016,22947,98415,1418,188
26910,0.50700003,Urban Major Collector,BOBBY FOSTER RD.,EAST OF BROADWAY - WEST OF LOS PICAROS,35,3,2453,2469,1730,2237,2242,1547,2223,2321,1988,2076,1053,35,8
26568,0.505,Urban Major Collector,GIRARD, NORTH OF AIRPORT LOOP RD. - SOUTH OF GIBSON,30,2,5187,5174,3903,4729,4698,3490,4623,2520,4134,2285,1154,46,14
26600,0.26899999,Urban Minor Arterial,YALE, NORTH OF SUNPORT LOOP - SOUTH OF RANDOLPH,35,4,6303,6287,4743,5944,5883,4434,5618,5691,5252,5321,1431,52,16
25839,0.48300001,Urban Major Collector,CHICO,EAST OF EUBANK -WEST OF MORRIS,35,2,9949,9924,7487,9071,9011,6695,8869,8985,7931,8035,3880,129,30
25965,0.377,Urban Major Collector,MORRIS,NORTH OF CENTRAL - SOUTH OF CHICO,30,2,2142,2136,1612,1953,1940,1442,1910,1935,1708,1730,652,27,7
21270,0.108,Urban Principal Arterial,EUBANK,NORTH OF DEL REY - SOUTH OF  SAN RAFEL,40,4,17800,18195,13692,16788,16938,12647,16330,17084,15084,15781,1704,47,9
20547,0.094,Urban Principal Arterial,EUBANK,NORTH OF DEL REY - SOUTH OF CORONADO AVE.,40,2,16330,17115,12590,15402,15932,11630,14919,16011,13856,14815,1393,38,7
20012,0.368,Urban Major Collector,TENNYSON, NORTH OF LIVE OAK RD - SOUTH OF CEDAR HILL RD,35,2,979,1001,753,893,909,673,898,939,803,840,309,11,3
20009,0.099,Urban Major Collector,TENNYSON,NORTH OF DEL REY - SOUTH OF SAN RAFAEL,30,2,1009,1031,776,920,936,694,926,969,828,866,86,4,1
20010,0.30199999,Urban Major Collector,TENNYSON, NORTH OF SAN RAFAEL - SOUTH OF TRAMWAY TERRACE,30,2,324,331,249,295,301,223,297,311,266,278,84,3,1
22669,0.109,Urban Minor Collector,SAN RAFAEL,EAST OF TENNYSON -WEST OF TRAMWAY,25,2,1926,1969,1482,1756,1788,1325,1768,1850,1580,1653,180,7,1
20604,0.368,Urban Principal Arterial,TRAMWAY, SOUTH OF CEDAR HILL - NORTH OF LIVE OAK,50,4,11691,11951,8994,11026,11125,8307,8670,9070,8052,8392,3088,67,11
20536,0.333,Urban Principal Arterial,TRAMWAY, SOUTH OF TRAMWAY LANE - NORTH OF CEDAR HILL,50,4,9185,9389,6188,8663,8740,5716,6334,6626,5883,6131,2042,44,7
20013,0.36399999,Urban Major Collector,TENNYSON, NORTH OF CEDAR HILL RD - SOUTH OF MODESTO,30,2,284,295,222,258,268,198,259,271,236,247,90,4,1
21220,0.991,Urban Principal Arterial,OSUNA, EAST OF EDITH - WEST OF CHAPPEL ROAD,45,4,17753,19226,13468,16744,17898,12440,17306,17864,16073,16529,16380,486,159
22666,0.50099999,Urban Minor Collector,SAN RAFAEL,EAST OF EUBANK - WEST OF BROWNING,25,2,218,223,146,199,202,131,149,156,136,141,71,3,1
22668,1,Urban Minor Collector,SAN RAFAEL,EAST OF BROWNING - WEST OF TENNYSON,25,2,274,280,211,250,254,189,252,264,225,235,234,9,2
20761,0.50300002,Urban Principal Arterial,PASEO DEL NORTE,EAST OF BROWNING - WEST OF LOWELL,55,4,15667,16015,12052,14776,14908,11132,15435,16148,14335,14941,7515,157,32
20005,0.31099999,Urban Principal Arterial,LOUISIANA, NORTH OF AMERICAS PKWY N. - SOUTH OF MENAUL,35,8,29691,29617,21410,28003,27571,19776,24624,24594,22869,22756,7077,243,66
23416,0.058,Urban Principal Arterial,LOUISIANA, NORTH OF UPTOWN - SOUTH OF AMERICAS PKWY N.,35,6,40384,40284,30391,38088,37501,28071,30364,30761,28200,28462,1651,57,16
20004,0.139,Urban Major Collector,AMERICAS PKWY, EAST OF CORONADO ENT. - WEST OF LOUISIANA (NORTH),25,4,5599,5585,4213,5105,5071,3767,4991,5056,4462,4520,628,29,7
20006,0.164,Urban Minor Arterial,INDIAN SCHOOL, EAST OF AMERICAS PKWY - WEST OF LOUISIANA,35,4,9562,9538,7195,9017,8925,6726,8625,8738,8066,8246,1353,44,9
23536,0.38299999,Urban Minor Arterial,INDIAN SCHOOL, EAST OF SAN PEDRO - WEST OF AMERICAS PKWY,35,4,9681,9657,7109,9130,9037,6646,8213,8320,7680,7852,3007,97,20
20002,0.13,Urban Major Collector,AMERICAS PKWY, NORTH OF INDIAN SCHOOL - SOUTH OF UPTOWN BLVD.,25,4,3075,3067,2287,2804,2785,2045,2677,2712,2441,2459,320,16,4
20001,0.29800001,Urban Major Collector,AMERICAS PKWY, WEST OF LOUISIANA (SOUTH) - SOUTH OF INDIAN SCHOOL,25,4,4312,4301,3245,3931,3905,2902,3844,3894,3438,3483,1038,48,11
20003,0.095,Urban Major Collector,AMERICAS PKWY, NORTH OF UPTOWN BLVD. - SOUTHWEST OF CORONADO ENT.,30,4,2406,2400,1811,2194,2179,1619,2145,2173,1918,1943,184,8,2
26015,0.122,Urban Major Collector,GIRARD,NORTH OF GARFIELD - SOUTH OF COAL,30,2,5199,5214,3946,4809,4823,3528,4674,4735,4179,4234,514,18,2
21864,0.49900001,Urban Major Collector,ATRISCO (57TH ST.), NORTH OF ST. JOSEPHS - SOUTH OF WESTERN TRAIL,35,2,8820,9082,7235,8042,8246,6469,8511,7519,7610,6817,3402,120,32
22080,0.45100001,Urban Major Collector,ATRISCO (57TH ST.), NORTH OF SEQUOIA - SOUTH OF ST. JOSEPHS,40,3,18652,19205,15299,17006,17438,13680,8814,8927,8036,8093,3650,112,30
21860,0.28200001,Urban Minor Arterial,ST. JOSEPHS (EAST), EAST OF ATRISCO (N.) - WEST OF COORS,35,2,8233,8477,8823,7764,7932,8249,6748,9972,6310,9411,2654,85,17
22067,0.175,Urban Minor Arterial,LADERA DRIVE, NORTH OF ST. JOSEPHS - WEST OF ATRISCO,40,4,7996,8233,6559,7541,7704,6132,7715,7814,7213,7305,1278,34,2
22068,0.433,Urban Minor Arterial,LADERA DRIVE, NORTH OF SEQUOIA - SOUTH OF ST. JOSEPHS,35,4,6272,6190,5880,5915,5792,5497,6729,7548,6293,7123,3084,81,4
22100,0.177,Urban Major Collector,SEQUOIA, EAST OF ATRISCO - WEST OF COORS,30,4,7163,7376,5876,6531,6697,5254,6912,7000,6180,6259,1108,43,10
22084,0.198,Urban Major Collector,SEQUOIA, EAST OF LADERA - WEST OF ATRISCO,30,4,4762,4903,3906,4342,4452,3493,4595,4654,4109,4162,824,32,7
28592,0.67299998,Urban Principal Arterial,UNSER BLVD.,NORTH OF BOB MCCANNON - SOUTH OF ST. JOSEPHS,45,4,28002,28833,21614,26410,26841,19965,22598,25846,20988,23915,16095,335,2
20234,0.88099998,Urban Minor Collector,ST. JOSEPHS (WEST),S.E. OF UNSER - N.W. OF LADERA,25,2,1990,2162,1723,1814,1964,1540,1162,1177,1059,1073,946,38,7
21064,0.66399997,Urban Minor Arterial,4TH STREET, NORTH OF OSUNA - SOUTH OF PUEBLO SOLANO,35,4,13975,14066,9853,13179,13162,9212,11573,12083,10823,11403,7572,264,75
21138,0.54699999,Urban Principal Arterial,2ND STREET, NORTH OF PUEBLO SALANO - SOUTH OF RANCHITOS ROAD,45,4,22395,22362,15789,21122,21373,14584,19313,20164,17937,18657,10205,260,56
10086,0.465,Urban Major Collector,TARPON,N.W. OF BRAVO - SOUTH OF 5TH ST.,25,2,2020,2080,1657,1842,1889,1482,1949,1974,1743,1765,821,40,11
10200,0.113,Urban Major Collector,TARPON,N.W. OF 5TH ST. - S.E. OF LISBON,25,2,2028,2053,1635,1849,1864,1462,1923,1948,1753,1775,201,9,2
10045,0.60699999,Urban Minor Collector,WESTERN HILLS,NORTHEAST OF STAGECOACH - SOUTHEAST OF SPRING RD.,25,2,3006,3095,2466,2741,2810,2205,2901,2938,2594,2627,1594,64,12
10050,0.53600001,Urban Local,SPRING RD.,EAST OF UNSER BLVD. - S.W. OF WESTERN HILLS,25,2,1812,1866,1487,1674,1724,1330,1749,1771,1564,1584,849,44,14
10049,0.95099998,Urban Major Collector,ABRAZO,EAST OF UNSER NORTH - SW OF CHESSMAN,25,2,1994,2516,2004,1818,2284,1792,2357,2387,2149,2176,2070,96,22
10070,0.50999999,Urban Principal Arterial,UNSER BLVD.,NORTH OF BERN/SAND C.L. - SOUTH OF 19TH AVE.,45,4,40933,42147,33576,38606,39235,31013,39496,30929,36481,28618,14596,382,89
10078,0.56999999,Urban Principal Arterial,UNSER BLVD.,NORTH OF CABEZON - SOUTH OF SOUTHERN,55,4,35672,38742,30863,33644,36065,28507,36304,33716,33717,31197,17782,381,89
18591,0.52999997,Urban Minor Arterial,LOMA LARGA,N. OF OLD BERN/SAND C.L. - SOUTH OF MEADOW LARK,30,2,6741,8781,6995,6357,8217,6540,8228,8333,7694,7792,4129,168,47
10135,0.94099998,Urban Major Collector,19TH AVE., EAST OF GOLF COURSE - WEST OF N.M. 528,25,2,3800,3914,2912,3465,3553,2604,3426,3470,3123,3146,2959,137,32
20320,1.38,Urban Major Collector,IRVING,  EAST OF UNSER - WEST OF GOLF COURSE,35,2,10253,10428,8453,9486,9649,7558,9943,10070,8891,9005,0,0,0
20377,0.76999998,Urban Minor Arterial,UNIVERSE,NORTH OF PARADISE BLVD. - SOUTH OF IRVING,35,4,16375,16567,13198,15442,15503,12339,15525,13329,14518,12579,9686,338,96
20555,0.49700001,Urban Major Collector,IRVING,EAST OF RAINBOW - WEST OF UNIVERSE,35,2,6119,6301,5192,5579,5721,4642,6310,6391,5753,5794,2880,96,22
20235,0.51099998,Urban Major Collector,IRVING,EAST OF UNIVERSE - WEST OF KEYENA BLVD.,25,2,3529,4003,3189,3218,3635,2851,3751,3799,3420,3464,1770,82,19
20440,0.226,Urban Interstate Frontage,PAN AM. WEST,NORTH OF BALLOON FIESTA PKWY-SOUTH OF TRAMWAY INTCH. ON RAMP,45,1,3181,3252,2212,2900,2953,1978,2831,3031,2531,2709,612,14,3
20446,0.39899999,Urban Interstate Frontage,PAN AM. WEST,NORTH OF SAN DIEGO - SOUTH OF BALLOON FIESTA PKWY,45,2,3043,3111,2116,2774,2825,1892,2708,2899,2421,2592,1034,23,4
20345,0.45100001,Urban Major Collector,BALLOON FIESTA PRKWY,EAST OF SAN MATEO - WEST OF PAN AMERICAN WEST,35,2,4432,4530,3081,4041,4113,2755,3943,4221,3526,3775,1703,56,13
20447,0.33199999,Urban Major Collector,SAN DIEGO,EAST OF JEFFERSON - WEST OF SAN MATEO,30,2,786,803,546,717,729,488,699,748,625,669,222,9,2
20449,0.405,Urban Interstate Frontage,PAN AM. WEST,NORTH OF EAGLE ROCK - SOUTH OF SAN DIEGO,45,2,4350,4447,3024,3966,4038,2704,3870,4143,3460,3704,1500,34,7
20554,0.053,Urban Interstate Frontage,PAN AM. WEST,NORTH OF ALAMEDA INTCH. OFF RAMP - SOUTH OF EAGLE ROCK,45,2,5790,6278,4269,5278,5700,3817,4338,4644,3955,4234,224,5,1
20998,0.30000001,Urban Local,EAGLE ROCK AVE.,EAST OF SAN MATEO -WEST OF PAN AMERICAN WEST,30,2,605,609,431,562,566,385,552,591,493,528,158,8,3
20777,0.62599999,Urban Major Collector,JEFFERSON,NORTH OF ALAMEDA - SOUTH WEST OF SAN DIEGO,25,4,5077,5190,3529,4629,4712,3156,4516,4834,4039,4324,2707,133,36
20771,0.193,Urban Major Collector,SAN MATEO (NORTH),NORTH OF ALAMEDA - SOUTH OF EAGLE ROCK AVE.,30,4,8938,8224,5593,8149,7467,5001,7158,7663,6526,6986,1348,55,15
20773,0.40200001,Urban Major Collector,SAN MATEO (NORTH),NORTH OF EAGLE ROCK AVE. - SOUTH OF SAN DIEGO,30,4,6379,6982,4748,5816,6339,4245,6076,6504,5539,5930,2384,98,27
20872,0.51599997,Urban Minor Arterial,4TH STREET,NORTH OF PUEBLO SOLANO - SOUTH OF LOS RANCHOS RD.,35,4,12578,12667,8860,11962,12047,8283,9464,9881,8850,9325,4812,168,47
20873,0.142,Urban Minor Arterial,4TH STREET,NORTH OF LOS RANCHOS RD. - SOUTH OF RANCHITOS RD.,35,4,8624,8611,6080,8133,8136,5684,7813,8157,7304,7626,0,0,0
20135,0.433,Urban Major Collector,LOS RANCHOS,EAST OF 4TH - WEST OF 2ND,25,2,1665,1676,1172,1518,1522,1048,1505,1571,1372,1424,617,29,7
20954,0.40099999,Urban Local,PUEBLO SOLANO,EAST OF 4TH ST. - WEST OF 2ND. ST.,25,2,1075,1082,758,993,999,678,974,1017,871,909,365,18,6
21113,0.182,Urban Major Collector,RENAISSANCE, WEST OF ALEXANDER (SOUTH) - SOUTH OF MONTANO SOUTH RAMPS,30,4,3886,3880,2744,3543,3502,2454,3532,3688,3220,3343,608,24,6
21114,0.31200001,Urban Major Collector,RENAISSANCE, NORTH OF MONTANO NORTH RAMPS - WEST OF ALEXANDER (NORTH),30,4,11650,11726,8214,10622,10647,7345,11741,12258,10704,11113,3467,142,39
21599,0.178,Urban Major Collector,RENAISSANCE,EAST OF CULTURE BLVD. - WEST OF COMMERCE DR.,35,4,8425,8480,5676,7681,7700,5075,6954,7260,6340,6582,1171,39,9
21222,0.50800002,Urban Principal Arterial,OSUNA, EAST OF CHAPPEL ROAD - WEST OF WASHINGTON,40,4,25124,27966,17936,23696,26034,16567,23680,24998,21993,23130,11750,355,94
21640,0.597,Urban Interstate Frontage,PAN AM. WEST, N.E. OF CHAPPEL RD. - SOUTH OF JEFFERSON INTCH ON RAMP,45,2,16845,16954,11876,15358,15394,10619,7084,7396,6458,6705,4002,90,17
21643,0.072,Urban Interstate Frontage,PAN AM. WEST,NORTH OF MONTGOMERY INTCH. OFF RAMP - SOUTH OF COMMERCE,40,2,8671,8727,6113,7906,7924,5466,7823,8375,6995,7488,539,14,3
20991,0.199,Urban Local,CHAPPEL RD.,NORTH OF PAN AM WEST -SOUTH OF RENAISSANCE,35,2,1575,1573,1110,1455,1453,993,1426,1489,1276,1332,0,0,0
21665,0.30000001,Urban Major Collector,CHAPPEL RD.,NORTH OF MISSION AVE. - SOUTH OF SINGER BLVD.,35,4,11120,11192,7840,10139,10162,7010,9447,9863,8613,8942,2683,94,26
20995,0.59600002,Urban Major Collector,CHAPPEL RD.,NORTH OF SINGER BLVD. - S.E. OF OSUNA,40,2,8637,9758,6836,7875,8860,6113,8784,9171,8008,8361,4984,153,41
20996,0.49000001,Urban Major Collector,SINGER BLVD.,EST OF CHAPPEL BLVD. - WEST OF JEFFERSON,35,4,11152,10528,7375,10168,9559,6594,9953,13395,9074,12144,5951,197,46
20756,0.199,Urban Principal Arterial,TRAMWAY, SOUTH OF LIVE OAK - NORTH OF PASEO DEL NORTE,50,4,15907,16260,12236,15003,15137,11302,14594,15268,13480,14102,2806,61,10
20864,0.31999999,Urban Principal Arterial,TRAMWAY,SOUTH OF PINO AVE. - NORTH OF SAN RAFAEL,50,4,19196,20164,15174,18105,18771,14016,18098,18611,16808,17220,5510,119,19
20549,0.108,Urban Minor Collector,LIVE OAK/ANAHEIM,EAST OF TENNYSON - WEST OF TRAMWAY,25,2,1497,1530,1151,1365,1389,1029,1373,1436,1227,1284,139,6,1
20553,0.108,Urban Minor Collector,CEDAR HILL RD.,EAST OF TENNYSON - WEST OF TRAMWAY,25,2,714,730,549,651,663,491,655,685,586,613,66,3,1
20173,0.42300001,Urban Minor Collector,BROWNING,NORTH OF PINO AVE. - SOUTH OF PASEO DEL NORTE,30,0,943,1194,899,860,1084,804,1072,1122,977,1022,432,15,3
20225,0.977,Urban Minor Collector,BROWNING,NORTH OF PASEO DEL NORTE - SOUTH OF MODESTO,35,2,451,717,540,411,651,483,644,674,587,614,600,17,3
20228,0.97500002,Urban Major Collector,LOWELL,NORTH OF PASEO DEL NORTE - SOUTH OF MODESTO,30,2,1702,1740,1310,1552,1580,1171,1562,1634,1397,1462,1426,59,16
20654,0.52399999,Urban Major Collector,HOLBROOK,NORTH OF SAN FRANCISCO - SOUTH OF PASEO DEL NORTE,25,4,1210,1237,931,1103,1123,832,1110,1161,992,1038,543,27,7
23524,0.21799999,Urban Minor Arterial,INDIAN SCHOOL,EAST OF ESPANOLA - WEST OF PENNSYLVANIA,35,3,14911,14874,11480,14062,13919,10732,13620,13798,12737,13022,2839,91,19
20346,0.37599999,Urban Major Collector,SAN DIEGO,EAST OF SAN MATEO - WEST OF PAN AMERICAN WEST,30,2,441,451,307,402,409,275,393,421,352,377,142,6,1
20775,0.40200001,Urban Major Collector,SAN MATEO (NORTH),NORTH OF SAN DIEGO - SOUTH OF BALBOA,40,4,6648,6716,4567,6061,6098,4084,5845,6257,5329,5705,2293,71,19
20589,0.15700001,Urban Principal Arterial,2ND STREET,NORTH OF LOS RANCHOS - SOUTH OF RANCHITOS,45,4,17843,24378,15554,16829,22694,14366,17120,19208,15900,17773,2791,80,25
21546,0.546,Urban Principal Arterial,TRAMWAY,SOUTH OF ROVER - NORTH OF INDIAN SCHOOL,50,4,27292,27224,20538,25741,25343,18970,24329,24081,22471,22282,12166,263,42
23964,0.458,Urban Principal Arterial,TRAMWAY,SOUTH OF MENAUL - NORTH OF ROVER,50,4,25578,25514,20932,24124,23751,19334,26789,27139,24880,25111,11500,250,41
21777,0.27200001,Urban Minor Collector,ROVER,EAST OF TRAMWAY - WEST OF MONTE LARGO,25,2,1808,1804,1361,1648,1638,1217,1612,1633,1442,1461,397,16,3
23987,0.55199999,Urban Minor Collector,MONTE LARGO,NORTH OF INDIAN SCHOOL - SOUTH OF ROVER,30,2,1586,1582,1193,1446,1436,1067,1413,1431,1264,1281,707,24,5
23948,0.242,Urban Minor Collector,MONTE LARGO,NORTHEAST OF ROVER - SOUTHWEST OF MENAUL,30,2,1042,1039,784,950,943,701,929,941,830,841,203,7,1
23349,0.255,Urban Major Collector,WASHINGTON,NORTH OF CUTLER - SOUTH OF MANUAL,35,2,7464,7445,5617,6805,6760,5023,6654,6741,5950,6028,1537,54,15
23348,0.25099999,Urban Major Collector,WASHINGTON,NORTH OF INDIAN SCHOOL - SOUTH OF CUTLER,35,2,10076,10051,7583,9187,9126,6780,7354,7450,6705,6754,1696,60,16
23361,0.44,Urban Minor Collector,CUTLER,EAST OF WASHINGTON - WEST OF SAN MATEO,25,2,9698,9674,7298,8842,8784,6526,8645,8758,7730,7831,3445,139,27
26252,0.57300001,Urban Minor Arterial,CARLISLE, NORTH OF PARKLAND - SOUTH OF RIDGECREST,30,2,5532,5518,4163,5217,5164,3892,4931,4995,4610,4670,2676,105,29
26299,0.04,Urban Minor Arterial,CARLISLE,NORTH OF RIDGECREST - SOUTH OF GARFIELD,30,2,8148,8128,6132,7684,7606,5733,7264,7359,6791,6880,273,11,3
25776,0.127,Urban Minor Arterial,CARLISLE,NORTH OF GARFIELD - SOUTH OF COAL,30,2,7726,7707,5814,7286,7212,5435,6887,6977,6438,6522,828,32,9
24666,0.495,Urban Local,GARFIELD,EAST OF GIRARD - WEST OF CARLISLE,30,2,1065,1062,801,984,981,716,949,961,848,859,426,18,5
26292,1.74699998,Urban Principal Arterial,CENTRAL,EAST OF PASEO DEL VOLCAN - WEST OF 114TH ST.,55,4,10761,10392,8433,10149,9674,7789,10512,13821,9763,12788,22339,555,183
26293,0.83399999,Urban Principal Arterial,CENTRAL,EAST OF 114TH ST. - WEST OF 98TH ST.,55,4,8926,8490,6890,8419,7903,6364,8588,7833,7976,7275,6067,154,53
23654,0.414,Urban Major Collector,114TH ST.,NORTH OF EUCARIZ - SOUTH OF CENTRAL,30,2,4442,4976,4038,4050,4518,3610,5033,4238,4588,3842,1590,65,18
23778,0.417,Urban Major Collector,EUCARIZ,EAST OF 114TH ST. - WEST OF 106TH ST.,30,2,607,575,466,554,522,418,582,531,530,483,201,8,2
24669,0.40599999,Urban Major Collector,TOWER,EAST OF 86TH ST. - WEST OF UNSER BLVD.,35,4,7843,7952,6453,7151,7220,5770,8044,7337,7192,6560,2663,88,21
24778,0.447,Urban Major Collector,TOWER,SOUTH OF 106TH ST. - WEST OF 98TH ST.,30,2,6426,6515,5287,5859,5915,4727,6590,6011,5892,5374,2402,93,22
24670,0.74599999,Urban Major Collector,TOWER,EAST OF UNSER - WEST OF COORS BLVD.,40,2,6159,6245,5068,5615,5670,4532,6317,5762,5649,5152,3843,112,26
24671,0.51099998,Urban Major Collector,TOWER,EAST OF COORS BLVD. - WEST OF BRIDGE,40,2,4719,5598,4543,4303,5083,4062,5663,5165,5163,4709,2407,70,16
26523,0.64899999,Urban Major Collector,SAGE,EAST OF 98TH ST. - WEST OF 86TH ST.,30,4,9196,9360,7596,8384,8499,6792,9468,8902,8632,8071,5239,203,47
25730,0.42300001,Urban Principal Arterial,CENTRAL,EAST OF BRIDGE - WEST OF 86TH,55,4,15452,16120,12714,14574,15408,11744,12887,11754,11969,10876,4601,126,49
25869,0.398,Urban Major Collector,BRIDGE BLVD.,SE OF CENTRAL - WEST OF 86TH,40,2,3536,3688,2909,3224,3330,2601,3626,3307,3242,2957,1176,30,3
25870,0.40599999,Urban Major Collector,BRIDGE BLVD.,EAST OF 86TH ST. - WEST OF UNSER BLVD.,40,2,7725,7832,6356,7043,7111,5683,7923,4545,7084,4120,1673,49,11
25868,0.667,Urban Major Collector,BRIDGE BLVD.,EAST OF UNSER BLVE - WEST OF COORS,40,2,18874,9711,15529,17208,8739,13885,19357,5962,17308,5405,3604,119,39
25051,0.366,Urban Principal Arterial,UNSER BLVD.,NE OF BRIDGE BLVD. - SOUTH OF CENTRAL,40,4,25729,26841,21169,24266,25653,19553,27235,24840,25294,22984,8413,291,104
25052,0.53500003,Urban Principal Arterial,UNSER BLVD.,NORTH OF TOWER - SW OF BRIDGE BLVD.,40,4,19426,15374,12476,18322,14312,11524,15551,23760,14443,21985,11763,347,81
25053,0.43000001,Urban Principal Arterial,UNSER BLVD.,NORTH OF SAGE - SOUTH OF TOWER,25,2,19985,20263,16443,18849,18863,15188,20496,18694,18932,17267,7424,350,82
26528,0.40799999,Urban Major Collector,SAGE,EAST OF 86TH - WEST OF UNSER BLVD.,30,4,9832,9969,8090,8964,9052,7234,10084,9951,9017,9021,3681,142,33
26440,0.838,Urban Major Collector,SAGE, EAST OF UNSER - WEST OF COORS,45,2,6669,6762,5487,6080,6140,4906,6840,6239,6115,5577,4674,121,28
26356,0.26499999,Urban Principal Arterial,COORS,NORTH OF TOWER - SOUTH OF BRIDGE,45,4,19457,19727,16008,18351,18364,14786,22552,20569,20945,19032,5043,146,45
10998,0.82999998,Urban Major Collector,LOMA LARGA,NE OF MEADOW LARK - SOUTH OF W. ELLA RD.,30,2,4989,5137,3655,4549,4664,3268,4299,4354,3919,3947,3276,134,36
10889,1.57799995,Urban Major Collector,LOMA LARGA,NORTH OF W. ELLA RD. - SOUTH OF SAGEBRUSH DR.,30,2,3216,3311,2638,2932,3006,2359,3103,3143,2775,2810,4433,182,49
22796,0.57700002,Urban Interstate,I-40 WBD,12TH ON RAMP - 4TH ON RAMP,65,4,70558,71729,62547,67914,69041,59596,71616,68400,68237,68032,39254,644,64
24668,0.64899999,Urban Major Collector,TOWER,EAST OF 98TH ST. - WEST OF 86TH ST.,35,4,6375,6464,5246,5812,5869,4691,6539,5964,5847,5333,3462,115,27
20201,0.50400001,Urban Major Collector,BARSTOW,NORTH OF PASEO DEL NORTE - SOUTH OF SIGNAL,35,2,6751,6823,5135,6155,6195,4592,6125,6100,5584,5530,2787,98,26
20739,0.099,Urban Major Collector,BARSTOW,NORTH OF SIGNAL - SOUTH OF ALAMEDA,35,2,3350,3424,2577,3054,3109,2304,3074,3216,2748,2875,285,10,3
21260,0.579,Urban Major Collector,EUBANK,NORTH OF PASEO DEL NORTE - SOUTH OF SIGNAL,30,2,2081,3152,2372,1897,2862,2121,2829,2960,2579,2698,1562,55,13
21261,0.39899999,Urban Major Collector,EUBANK,NORTH OF SIGNAL - SOUTH OF MODESTO,30,2,782,802,604,713,728,540,720,753,656,686,274,11,3
20653,0.57499999,Urban Major Collector,HOLBROOK,NORTH OF PASEO DEL NORTE - SOUTH OF SIGNAL,30,2,1246,1274,959,1136,1157,858,1144,1197,1023,1070,615,25,7
20730,0.5,Urban Local,SIGNAL,EAST OF BARSTOW - WEST OF VENTURA,30,2,463,473,356,428,437,318,425,445,379,397,199,8,3
20731,0.498,Urban Local,SIGNAL,EAST OF VENTURA - WEST OF HOLBROOK,25,2,299,306,230,276,283,206,274,287,246,257,128,7,2
20733,0.49700001,Urban Local,SIGNAL,EAST OF HOLBROOK - WEST OF EUBANK,25,2,195,199,150,180,184,134,179,187,160,167,83,4,1
20558,0.5,Urban Major Collector,LAYTON/VENTURA,NORTH OF HOLLY - SOUTH OF SIGNAL,30,2,4440,4539,3416,4048,4121,3054,4074,4262,3643,3811,1906,78,21
29592,0.29800001,Urban Major Collector,N.M. 337, NORTH OF ENT. TO HOLMEN INC. - SOUTH OF N.M. 333,50,2,7428,8164,6360,6773,7412,5687,7238,7213,6472,6450,1922,47,13
29546,1.17400002,Rural Minor Arterial,N.M. 14, AT PERMANENT COUNTER - SOUTH OF CIRQUELA,50,4,13756,11837,10559,13382,11335,10031,11742,12395,11319,11716,13755,293,43
29547,0.093,Rural Minor Arterial,N.M. 14,NORTH OF I-40 WBD OFF RAMP - SOUTH OF I-40 WBD ON RAMP,40,4,11430,10780,9616,11119,10323,9134,10692,11819,10307,11172,1039,26,4
29544,0.063,Rural Minor Arterial,N.M. 14,NORTH OF N.M. 333 - SOUTH OF I-40 WBD OFF RAMP,30,4,9230,10144,9048,8979,9714,8596,10061,9195,9559,8691,548,16,2
29545,0.05,Rural Minor Arterial,N.M. 14,NORTH OF I-40 WBD ON RAMP - AT PERMANENT COUNTER,50,4,11634,11728,13547,11401,11493,12870,15064,15012,14311,14261,713,15,2
26640,0.419,Urban Principal Arterial,COORS,NORTH OF BARCELONA - SOUTH OF BLAKE RD.,45,4,20956,21247,17242,19765,19779,15926,28800,26267,26748,24304,10183,313,109
21139,1.04200006,Urban Major Collector,CHAVEZ, EAST OF RIO GRANDE - WEST OF 4TH STREET,25,2,4522,4752,2755,4124,4314,2463,3893,4087,3549,3705,3862,179,41
21404,0.59399998,Urban Minor Arterial,4TH STREET,NORTH OF GUADALUPE TRAIL - SOUTH OF CHAVEZ,35,4,16917,16370,12060,15962,15480,11274,13762,15280,12870,14450,8055,281,79
21405,0.025,Urban Minor Arterial,4TH STREET,NORTH OF CHAVEZ - SOUTH OF OSUNA,35,4,17474,17597,12308,16618,16735,11507,15816,16513,14786,15437,0,0,0
26643,0.51999998,Urban Minor Arterial,UNIVERSITY,NE OF RIO BRAVO - SOUTH OF GOLF COURSE ENTRANCE,40,4,5478,5464,4122,5166,5113,3854,4883,4947,4565,4625,2406,66,13
26644,1.16499996,Urban Minor Arterial,UNIVERSITY, NORTH OF GOLF COURSE ENTRANCE - SOUTH OF GEORGE RD.,40,4,5342,5329,4020,5038,4987,3758,4762,5242,4452,4947,5763,159,31
26679,0.20100001,Urban Principal Arterial,SUNPORT BLVD., E. OF SUNPORT/UNIV. EAST RAMPS - W. OF YALE BLVD.,45,4,11641,9716,7330,10979,9045,6771,8683,8797,8064,8169,1642,45,12
20660,0.31799999,Urban Local,SUNPORT/UNIV INTCH., EBD ON RAMP,40,1,1291,1288,972,1193,1190,869,1151,1166,1029,1042,331,12,5
20661,0.30500001,Urban Local,SUNPORT/UNIV INTCH., WBD OFF RAMP,35,1,1544,1540,1162,1426,1423,1039,1376,1394,1231,1247,380,12,2
26674,0.484,Urban Principal Arterial,SUNPORT BLVD., E. OF SUNPORT/UNIV. WEST RAMPS - W. OF SUNPORT/UNIV. EAST R,35,4,9334,9311,7024,8803,8668,6488,8320,8429,7685,7785,3768,95,1
19901,0.25999999,Rural Major Collector, , ,0,0,0,3322,3036,0,3016,3016,3221,3210,3200,3189,0,0,0
20605,0.048,Urban Interstate On-Ramp,P.D.N./COORS INTCH.,COORS SBD TO PDN EBD,0,0,0,1150,14808,0,1030,13241,17277,24689,15751,22383,1074,0,0
20602,0.119,Urban Interstate Off-Ramp,P.D.N./COORS INTCH.,PDN WBD OFF RAMP TO COORS SBD,0,0,0,3500,3833,0,3100,3427,3466,3829,3160,3471,413,0,0
29904,0.023,Rural Major Collector, , ,0,0,0,0,0,0,0,0,0,0,0,0,0,0,0
29906,0.063,Urban Principal Arterial,MONTANO,EAST OF PAN AM.WEST - I-25 OVERPASS,45,5,42055,42328,29651,39664,39403,27388,41881,43726,38897,40459,2549,103,52
23733,0.26899999,Urban Principal Arterial,UNSER BLVD.,NORTH OF I-40 ON RAMP - SOUTH OF I-40 NOTH RAMPS,45,6,31699,32639,26001,29897,30384,24016,36628,37096,34018,34324,9233,238,54
29917,0.59600002,Rural Major Collector, , ,0,0,0,3062,2799,0,2809,2809,2970,2994,2980,3004,0,0,0
29918,0.442,Rural Major Collector, , ,0,0,0,2063,1886,0,1893,1893,2001,2017,2008,2024,0,0,0
29819,0.25400001,Rural Major Collector,TRIBAL ROAD 7070,EAST OF I-40 EAST ON RAMP - SOUTH OF RIO PUERCO NORTH RAMPS,30,4,5223,4655,4255,4723,4272,3865,4515,4551,4074,4107,1043,24,3
29923,0.12,Rural Major Collector, , ,0,0,0,15900,11915,0,14280,14280,15130,15272,18133,18303,1076,21,0
29924,0.243,Rural Major Collector, , ,0,0,0,14200,10641,0,12780,12780,13512,13639,16228,16380,1950,39,0
29925,0.06,Rural Major Collector, , ,0,0,0,15200,10648,0,13680,13680,13682,14285,17578,18352,539,11,0
29926,0.15099999,Rural Major Collector, , ,0,0,0,5200,3643,0,4680,4680,4681,4887,6014,6279,464,9,0
29927,0.145,Rural Major Collector, , ,0,0,0,4300,3012,0,3870,3870,3870,4040,4973,5192,369,7,0
11349,0.61799997,Urban Minor Arterial,ENCHANTED HILLS RD.,SOUTHEAST OF SPRINT NORTHWEST OF LINCOLN,40,4,11621,11966,9532,10959,11197,8911,9437,9558,8825,9020,5574,170,48
11347,1.03199995,Urban Minor Arterial,ENCHANTED HILLS RD.,EAST OF CHAYOTE RD. - WEST OF SANTA FE HILLS RD.,40,4,2396,2467,1965,2260,2309,1837,2311,2341,2161,2189,2260,64,13
19043,0.93800002,Urban Principal Arterial,U.S. 550,NORTHWEST OF PASEO DEL VOLCAN - SE OF SANTA FE HILLS RD.,55,4,17990,18524,17233,16967,17244,15918,17770,17997,16504,16652,15620,249,2
10153,10.69099998,Rural Principal Arterial,U.S. 550,NORTH OF N.M. 279 - SOUTH OF CR 11,45,4,4524,4567,3950,4483,4533,4004,4487,4411,4549,4472,47810,727,-3
10223,3.66499996,Rural Principal Arterial,U.S. 550,NORTH OF N.M. 126 - S.E. OF N.M. 96,35,4,7212,7280,6298,7147,7226,6384,7155,7033,7252,7129,26131,465,1
10157,12.65999985,Rural Principal Arterial,U.S. 550,WEST OF CHUILLA - EAST OF N.M. 537,70,4,5582,5635,4874,5532,5593,4940,5537,5443,5612,5517,69858,1007,194
10016,0.233,Urban Principal Arterial,UNSER BLVD., NORTH OF WESTERN HILLS - SOUTH OF ABRAZO,40,4,22792,57901,46126,21499,53900,42605,54258,54952,50116,50757,11826,349,81
10036,0.68699998,Urban Principal Arterial,UNSER BLVD., NORTH OF SPRING ROAD - SOUTH OF WESTERN HILLS,40,4,23397,23792,23910,22067,22740,22085,28125,28485,26121,26357,18107,534,125
18501,0.46700001,Urban Principal Arterial,UNSER BLVD.,NORTH OF IDALIA - SOUTH OF NORTHERN,40,2,26627,28210,22026,25113,26261,20346,25385,26129,23576,24177,11291,333,78
19046,0.38299999,Urban Principal Arterial,N.M. 313,NORTH OF SANDIA RD. (S.) - SOUTH OF SANDIA RD. (N.),55,2,4656,4867,3310,4391,4531,3057,4236,4535,3934,4211,1612,35,8
19048,2.72300005,Urban Principal Arterial,N.M. 313,NORTH OF SANDIA RD. (N.) - SANDIA INDIAN RESERVATION,55,2,4747,4964,3376,4477,4621,3118,4320,4625,4012,4295,11693,251,59
19054,0.34299999,Urban Principal Arterial,N.M. 313,NORTH OF N.M. 473 - RAIL RUNNER STATION ACCESS,30,4,9987,10059,6943,9419,9613,6413,8885,9512,8207,8786,0,0,0
19052,0.168,Urban Principal Arterial,N.M. 313, NORTH OF CALLE DE BOSQUE - SOUTH OF N.M. 473,30,4,7093,7250,4930,6690,6749,4554,6309,6754,5828,6239,1048,41,10
19056,0.86500001,Urban Principal Arterial,N.M. 313,NORTH OF BARRIO NUEVE - SOUTH OF U.S. 550,35,4,11316,11567,7866,10673,10768,7266,10067,10777,9299,9955,8610,290,68
20168,0.72500002,Urban Principal Arterial,N.M. 313, NORTH OF ROY AVE. - BERNALILLO/SANDOVAL C.L.,35,2,5240,5409,4018,4942,5035,3711,5142,4626,4776,4280,3103,105,25
19044,2.56800008,Urban Principal Arterial,N.M. 313,BERN/SAND C.L. - SOUTH OF SANDIA RD. (SOUTH),55,2,4727,5120,3482,4458,4766,3216,4456,4770,4138,4430,11374,244,57
23080,0.33199999,Urban Principal Arterial,BROADWAY, I-40 UNDERPASS - SOUTH OF MENAUL,35,2,14807,11926,8354,13965,11102,7716,10735,11256,9970,10415,3457,116,29
26928,0.34200001,Urban Principal Arterial,BROADWAY,NORTH OF I-25 S. RAMPS - SOUTH OF I-25 N. OFF RAMP,45,4,23126,23825,17854,21811,22179,16491,22671,22884,20940,21137,7229,146,0
26930,0.17299999,Urban Principal Arterial,BROADWAY,NORTH OF I-25 SBD OFF RAMP - SOUTH OF I-25 N. RAMPS,45,4,17694,17809,12475,16688,16578,11523,16030,16736,14807,15459,2674,64,11
26929,0.15099999,Urban Principal Arterial,BROADWAY,NORTH OF I-25 N. OFF RAMP - SOUTH OF I-25 SBD OFF RAMP,45,4,10041,10110,7074,9570,9636,6534,9090,9490,8396,8766,629,13,0
26616,1.65900004,Urban Principal Arterial,BROADWAY, NORTH OF RIO BRAVO - SOUTH OF WOODWARD RD.,55,4,8946,7984,5592,8437,7432,5166,7186,9424,6674,8720,14468,371,130
26908,1.12199998,Urban Principal Arterial,BROADWAY,NORTH OF I-25 N. RAMPS - SOUTH OF COSO RD.,55,4,9491,25555,17901,8952,23789,16535,7334,7657,6811,7085,7949,155,23
26860,0.69800001,Urban Principal Arterial,BROADWAY,NORTH OF DESERT ROAD - SOUTH OF BOBBY FOSTER RD.,55,4,10392,10459,7327,9801,9736,6768,9725,10153,9032,9394,6557,135,26
20381,1.03799999,Urban Principal Arterial,BROADWAY,NORTH OF BOBBY FOSTER - SOUTH OF PROSPERITY AVE.,55,4,13464,14777,10351,12699,13756,9561,13301,13127,12353,12146,12608,261,51
26344,0.602,Urban Principal Arterial,BROADWAY, NORTH OF GIBSON - SOUTH OF AVENIDA CESAR CHAVEZ,35,4,15511,17705,12403,14629,16482,11456,15938,16640,14802,15454,9303,321,88
26608,0.84100002,Urban Principal Arterial,BROADWAY, NORTH OF WOODWARD RD. - SOUTH OF GIBSON,40,4,25409,25574,17915,23965,23807,16548,23020,24034,21264,22201,18672,521,100
23332,0.089,Urban Principal Arterial,SAN MATEO,NORTH OF I-40 S. RAMPS - S. OF I-40 WBD ON RAMP,40,6,41749,42054,31808,39376,40195,29380,38139,38638,35421,35751,3182,113,34
19058,0.15800001,Urban Principal Arterial,N.M. 313,NORTH OF U.S. 550 - SOUTH OF YSIDRO SANCHEZ CIR.,35,2,9000,9891,8081,8488,9208,7464,9204,8362,8501,7737,1222,41,10
10254,1.02400005,Urban Minor Arterial,IDALIA,EAST OF CHAYOTE - WEST OF CAMINO ENCANTADOS,40,2,4166,6623,4820,3929,6198,4506,5040,5104,4713,4817,4933,139,28
11332,1.33200002,Urban Minor Arterial,IDALIA,NORTHEAST OF KIM RD. - SOUTHWEST OF IRIS,40,2,2792,4987,3973,2633,4667,3714,4673,4733,4370,4426,5897,166,34
10051,0.52999997,Urban Major Collector,5TH STREET (RR),EAST OF TARPON - WEST OF UNSER BLVD.,25,2,3759,3871,3084,3427,3515,2758,3628,3674,3244,3285,1742,81,19
20364,0.86199999,Urban Minor Arterial,PARADISE BLVD.,EAST OF LA PAZ - WEST OF UNSER,35,4,14231,13630,9710,13421,12754,9078,12041,13501,11260,12741,10984,353,72
20396,0.456,Urban Minor Arterial,PARADISE BLVD.,EAST OF UNSER - WEST OF JUSTIN,35,2,15968,16442,13098,15059,15386,12245,15022,15214,14048,14358,6547,211,43
20397,0.77499998,Urban Minor Arterial,PARADISE BLVD.,EAST OF JUSTIN - WEST OF GOLF COURSE RD.,35,2,17707,18232,14524,16699,17061,13578,17471,17694,16338,16698,12940,417,85
20355,0.90200001,Urban Minor Arterial,UNIVERSE,N.E. OF RAINBOW - SOUTH OF WOODMONT,30,2,7531,7754,6177,7102,7256,5775,7266,7359,6793,6880,6207,253,71
21616,0.384,Urban Minor Arterial,WESTERN TRAIL, EAST OF ATRISCO - WEST OF COORS,35,4,10265,10570,8420,9680,9891,7872,8736,8848,8170,8350,3206,103,21
21615,0.34200001,Urban Minor Arterial,WESTERN TRAIL, EAST OF UNSER - WEST OF ATRISCO,35,4,12844,13225,9690,12113,12375,9059,11696,11846,10938,11179,3823,123,25
10559,0.736,Urban Minor Arterial,IDALIA,NORTHEAST OF LOMA COLORADO - SOUTHWEST OF KIM RD.,45,2,4576,4712,3754,4315,4409,3510,4416,4472,4129,4182,3079,77,16
10012,0.838,Urban Principal Arterial,NORTHERN BLVD.,EAST OF UNSER(NORTH) - WEST OF IDALIA,40,4,16178,16658,13270,15258,15507,12257,12991,13157,12065,12174,10202,266,26
10055,0.28099999,Urban Principal Arterial,NORTHERN BLVD.,EAST OF IDALIA - WEST OF BROADMOOR,40,4,11529,11871,9457,10874,11051,8735,9743,9868,9049,9131,2566,67,6
10211,1.70599997,Urban Principal Arterial,U.S. 550,N.W. OF CHAYOTE RD. - S.E. OF UNSER BLVD.,55,4,10836,12639,11437,10220,11766,10564,12861,13025,11945,12052,20559,328,3
20668,0.65600002,Urban Minor Arterial,JEFFERSON,NORTH OF JEFFERSON NORTH RAMPS -SOUTH OF ALAMEDA,35,4,16450,16814,11435,15513,15734,10690,19382,20749,18125,19581,12844,471,150
20155,0.077,Urban Minor Arterial,JEFFERSON,N. OF JEFFERSON SOUTH RAMPS - S. OF JEFFERSON RAMPS INT.,35,3,24351,24891,16927,22964,23292,15825,21663,23191,20252,21680,1669,58,16
21028,0.333,Urban Minor Arterial,JEFFERSON, NORTH OF OSUNA - SOUTH OF SAN ANTONIO,35,4,16340,16703,11359,15409,15630,10619,20484,21928,19156,20694,6891,265,93
21744,0.45300001,Urban Minor Arterial,JEFFERSON, NORTH OF MONTGOMERY - SOUTH OF MCLEOD,35,4,13153,13445,10118,12404,12581,9459,11779,12323,11015,11630,5268,198,66
20142,0.27700001,Urban Minor Arterial,JEFFERSON,NORTH OF MASTHEAD - SOUTH OF SAN FRANCISCO,35,4,18161,17809,11162,17127,16665,10435,13756,15110,12864,14260,3950,133,34
20910,0.26199999,Urban Minor Arterial,JEFFERSON,NORTH OF SAN FRANCISCO - SOUTHEAST OF HEADLINE,35,4,18336,17839,12131,17292,16693,11341,15525,15116,14518,14265,3737,126,32
21564,0.26100001,Urban Minor Arterial,JEFFERSON, NORTH OF MCLEOD - SOUTHEAST OF PAN AM. EAST,35,4,19416,19377,15288,18465,18428,14293,18234,19076,17047,17834,4623,174,59
21418,0.66500002,Urban Minor Arterial,JEFFERSON, N. OF ENT. DIGITAL PARKING LOT - SOUTH OF OSUNA,35,4,14684,15010,10208,13848,14046,9543,10160,10876,9501,10264,6826,227,57
21416,0.17299999,Urban Minor Arterial,JEFFERSON,NORTH OF PAN AM WEST - S. OF SINGER,35,4,22154,23738,16143,20892,22213,15092,20659,19927,19319,18806,3253,108,27
21417,0.20999999,Urban Minor Arterial,JEFFERSON,NORTH OF SINGER - SOUTH OF ENT. TO DIGITAL PARKING LOT,35,4,15022,14166,9134,14167,13256,8540,10474,11325,9795,10688,2244,75,19
21436,0.119,Urban Minor Arterial,JEFFERSON,N.W. OF PAN AM. EAST - EAST OF PAN AM. WEST,35,4,26290,25533,19215,24793,23893,17964,22918,23976,21432,22422,2668,86,17
24444,0.108,Urban Principal Arterial,98TH STREET,NORTH OF I-40 S. RAMPS - SOUTH OF I-40 EBD ON RAMP,45,4,23961,24871,20110,22835,23703,18575,22023,20086,20454,18585,2007,53,12
25764,0.722,Urban Principal Arterial,98TH STREET, NORTH OF CENTRAL - SOUTH OF I-40 S. RAMPS,45,4,39942,36972,30003,36303,34417,27713,37399,36888,34734,34132,24643,646,151
26532,0.625,Urban Principal Arterial,98TH STREET,NORTH OF TOWER - SOUTH OF CENTRAL,45,4,28980,29383,23844,27333,27353,22024,29721,27107,27453,25039,15650,410,96
26539,0.55800003,Urban Principal Arterial,98TH STREET,NORTH OF SAGE - SOUTH OF TOWER,45,4,26094,26703,21856,24611,24858,20188,26922,26070,25004,24122,13461,353,82
24446,0.18099999,Urban Principal Arterial,98TH STREET,NORTH OF I-40 EBD ON RAMP - SOUTH OF I-40 WBD OFF RAMP,45,4,23564,24263,19329,22225,22587,17854,22158,22441,20579,20764,3758,98,23
20336,0.44800001,Urban Principal Arterial,UNSER BLVD., NORTH OF PARADISE - SOUTH OF IRVING,35,2,25205,25630,20675,23772,24496,19097,24320,27493,22464,25439,11397,384,89
20579,1.995,Urban Principal Arterial,PASEO DEL NORTE,EAST OF PDV - WEST OF VENTANA RIDGE PKWY,50,2,2967,3055,2476,2798,2844,2288,2963,3001,2752,2777,5540,135,35
26658,2.08899999,Urban Principal Arterial,ATRISCO VISTA,NORTH OF AIRPORT RD. - SOUTH OF PASEO DEL NORTE,40,2,2832,2916,2256,2671,2715,2084,2576,2609,2392,2414,5041,149,35
26253,3.79299998,Urban Principal Arterial,ATRISCO VISTA,N. OF ENTRANCE TO TEMPUR PEDIC - S. OF SHOOTING RANGE ACCESS,40,2,2762,3300,3645,2605,3072,3367,6094,6375,5660,5899,22375,659,154
20581,0.505,Urban Principal Arterial,PASEO DEL NORTE,EAST OF RAINBOW - WEST OF UNIVERSE,35,2,10792,9298,7407,10179,8656,6842,8713,8824,8092,8195,4138,145,38
20370,0.99299997,Urban Minor Arterial,RAINBOW,NORTH OF P.D.N. - SOUTH OF IRVING,40,4,5640,5807,4626,5319,5434,4325,5442,5512,5088,5153,5117,156,44
23889,0.13600001,Urban Major Collector,106TH ST.,NORTH OF TOWER - SOUTH OF EUCARIZ,30,2,1954,1054,855,1782,956,764,1047,955,955,871,118,5,1
22391,0.161,Urban Major Collector,86TH STREET,NE OF BRIDGE BLVD. - SOUTH OF CENTRAL,35,2,6452,6542,5309,5883,5940,4747,6618,6036,5917,5397,869,31,8
22390,0.66600001,Urban Major Collector,86TH STREET,NORTH OF TOWER - SW OF BRIDGE BLVD.,35,2,7628,8341,6769,6955,7573,6053,8438,8054,7693,7302,4863,171,46
22389,0.43000001,Urban Major Collector,86TH STREET,NORTH OF SAGE - SOUTH OF TOWER,35,2,5103,5348,4340,4653,4856,3881,5410,4772,4932,4326,1860,65,18
19130,5.21299982,Urban Interstate,I-25 NBD,U.S. 550 ON RAMP -ALGODONES OFF RAMP,75,2,30170,30671,23910,29849,30344,22782,27377,19333,25773,18536,96623,1364,156
19122,5.26999998,Urban Interstate,I-25 SBD,U.S. 550 OFF RAMP - ALGODONES ON RAMP,75,2,21083,21433,22696,21045,21394,21625,25987,21683,24465,20790,109563,1568,199
19026,0.15899999,Urban Interstate Off-Ramp,BERNALILLO INTCH., I-25 SBD OFF RAMP,35,1,481,492,335,439,447,300,429,459,384,411,65,2,0
19022,0.15000001,Urban Interstate Off-Ramp,BERNALILLO INTCH., I-25 NBD OFF RAMP,35,1,16457,3727,2903,15082,3384,2596,3304,3293,3012,3002,450,13,3
19024,0.081,Urban Interstate On-Ramp,BERNALILLO INTCH., I-25 NBD ON RAMP,45,1,4872,405,315,4466,368,282,358,357,326,325,26,1,0
19028,0.22,Urban Interstate On-Ramp,BERNALILLO INTCH., I-25 SBD ON RAMP,45,1,15529,2488,1692,14232,2259,1513,2165,2318,1974,2113,465,16,7
28200,0.79799998,Urban Major Collector,N.M. 147, SOUTHEAST OF N.M. 314 - BRIDGE OVER RIO GRANDE,30,2,4330,4211,3156,3948,3824,2822,3986,4102,3634,3719,2969,122,33
28192,0.30000001,Urban Major Collector,N.M. 147, BRIDGE OVER RIO GRANDE - WEST OF N.M 47,45,2,4925,4996,3744,4490,4536,3348,4754,4799,4334,4375,1312,34,8
28232,0.25799999,Urban Minor Arterial,N.M. 45, NORTH OF N.M. 314 - SOUTH OF N.M. 317,45,2,6166,6352,4760,5815,5944,4450,6044,6101,5651,5704,1471,40,11
28228,1.19200003,Urban Minor Arterial,N.M. 314, N.E. OF COORS RD. (N.M. 45) - SOUTHWEST OF N.M. 147,45,2,4828,4974,3727,4553,4654,3484,4733,4777,4424,4466,5325,135,29
28176,2.25500011,Urban Minor Arterial,N.M. 314,NORTH OF N.M. 147 - SOUTH OF  ISLETA BLVD.,45,2,4981,5132,3846,4697,4802,3596,4884,4819,4566,4548,10258,258,52
27180,0.054,Urban Minor Arterial,ISLETA BLVD.,NORTH OF N.M. 314 - SOUTH OF I-25 S. RAMPS,50,2,6026,5060,3792,5683,4735,3545,4815,4860,4503,4545,245,6,2
28172,0.54000002,Urban Principal Arterial,N.M. 45,I-25 UNDERPASS - SOUTH OF COORS BLVD.,45,4,6859,6954,5722,6469,6474,5285,7231,6595,6716,6102,3295,86,20
27168,0.30599999,Urban Principal Arterial,COORS,NORTH OF N.M. 45 - SOUTH OF MALPAIS,55,2,6326,7081,6015,5966,6592,5556,6848,7274,6360,6730,2059,44,10
28184,3.08699989,Urban Principal Arterial,N.M. 47,NORTH OF N.M. 147 - SOUTH OF BROADWAY,45,4,20690,19163,14360,19514,17839,13264,18234,18185,16935,16826,51942,1078,3
27164,0.085,Urban Principal Arterial,BROADWAY,NORTH OF N.M. 47 - SOUTH OF I-25 S. RAMPS,55,4,28458,25814,17692,26840,24030,16342,25026,23824,23244,22044,1874,39,8
28360,2.16400003,Urban Interstate,I-25 NBD, VAL./BERN. COUNTY LINE - ISLETA PUEBLO OFF RAMP,75,2,19684,20011,13863,18762,19073,13209,15873,15825,15124,15079,32631,470,62
38360,4.00199986,Rural Interstate,I-25 NBD, LOS LUNAS ON RAMP - PERMANENT COUNTER,75,2,19684,17413,13799,18762,16440,13705,15745,17700,15637,16600,73049,1052,139
28362,2.17199993,Urban Interstate,I-25 SBD, VAL./BERN. COUNTY LINE - ISLETA PUEBLO ON RAMP,75,2,19721,20048,13642,18788,19100,12998,15620,15573,14883,14838,32230,464,61
38362,3.99099994,Rural Interstate,I-25 SBD, LOS LUNAS OFF RAMP - PERMANENT COUNTER,75,2,19721,17413,13580,18788,16440,13488,15495,17700,15390,16600,71698,1033,137
28256,2.38700008,Urban Minor Arterial,N.M. 314, AT BERNALILLO/VALENCIA C.L. - SOUTH OF COORS ROAD (N.M. 45),45,2,6755,6959,5066,6370,6512,4736,6242,6301,5837,5946,14193,385,108
10018,0.34400001,Urban Major Collector,SUNDT,EAST OF SANDSTONE - N.W. OF N.M. 528,30,2,4658,4796,3821,4247,4355,3417,4495,4552,4019,4070,1400,54,13
11358,0.86199999,Urban Major Collector,CHAYOTE RD.,NORTH OF ENCHANTED HILLS BLVD. - S.W. OF U.S. 550,40,4,1497,1541,1228,1365,1399,1098,1445,1463,1292,1309,1127,35,9
10220,1.07200003,Urban Principal Arterial,U.S. 550,N.W. OF SANTA FE HILLS RD. - S.E. OF CHAYOTE RD.,55,4,13202,15141,12062,12452,14095,11141,14189,14370,13178,13346,14307,318,83
10212,2.477,Rural Principal Arterial,U.S. 550,N.W. OF UNSER BLVD. - AMPA BOUNDARY,70,4,10074,10170,8797,9984,10094,8917,9993,9823,10130,9958,24668,393,64
24908,0.095,Urban Interstate Off-Ramp,M.L.K/CENTRAL INTCH.,I-25 NBD OFF RAMP,35,1,4444,4433,1220,4052,4025,1091,1445,1464,1317,1327,126,4,1
24912,0.227,Urban Interstate,I-25 NBD,LOMAS OFF RAMP - M.L.K. ON RAMP,65,3,80602,81940,68101,78266,79565,64888,77976,77742,74297,74074,16815,270,30
21389,0.667,Urban Minor Arterial,RIO GRANDE BLVD.,EAST OF EAKES RD. - SOUTH OF CHAVEZ,25,2,7473,7522,5269,7047,7039,4926,6771,7069,6330,6609,4408,199,40
10213,0.523,Urban Major Collector,SANTA FE HILLS BLVD.,NORTH OF ENCHANTED HILLS BLVD. - SOUTH OF U.S. 550,40,4,2694,2774,2210,2456,2519,1976,2600,2633,2324,2354,1231,38,10
10034,0.36899999,Urban Minor Collector,CHESSMAN BLVD.,N.W. OF BROADMOOR - S.E. ABRAZO,30,2,4983,4236,3375,4543,3846,3018,3970,4021,3619,3665,1353,45,9
26336,4.27400017,Rural Interstate,I-40 EBD,RIO PUERCO ON RAMP - URBANIZED AREA,75,2,18510,18817,13963,18335,18639,13868,15932,16300,15823,15130,78945,1212,225
26337,4.82200003,Urban Interstate,I-40 EBD,URBANIZED AREA - CENTRAL OFF RAMP,75,3,18510,14131,14746,18335,18639,14050,16884,14500,15895,14050,76414,1170,215
26316,3.44700003,Rural Interstate,I-40 WBD,RIO PUERCO OFF RAMP - URBANIZED AREA,75,2,15204,15456,15822,15045,15295,15715,14900,16300,14047,15130,56520,815,109
26317,4.82000017,Urban Interstate,I-40 WBD,URBANIZED AREA - CENTRAL ON RAMP,75,2,15204,14131,16688,15045,15295,15901,14900,14500,14047,14050,67504,990,146
29514,0.45899999,Urban Interstate,I-40 WBD, N.M. 14S ON RAMP - N.M. 14N ON RAMP,70,3,27370,27824,21803,26717,27161,20774,24964,24889,23786,23715,10886,163,18
29506,1.19099998,Urban Interstate,I-40 EBD, N.M. 14 OFF RAMP - N.M. 14 ON RAMP,70,2,30111,30611,15835,28772,29250,15088,18131,18077,17276,17224,20514,313,39
29516,0.34099999,Urban Interstate,I-40 WBD, N.M. 14N ON RAMP - N.M. 14 OFF RAMP,70,2,25910,26340,20918,25973,26404,19931,23951,23879,22821,22753,7759,117,14
29530,0.149,Urban Interstate Off-Ramp,N.M. 14 INTCH., I-40 EBD OFF RAMP,35,1,8514,8171,6365,7763,7419,5691,7243,6916,6603,6270,934,27,5
29534,0.53100002,Urban Interstate Off-Ramp,N.M. 14 INTCH., I-40 EBD OFF RAMP TO NBD N.M. 14,35,1,5549,5435,4234,5059,4935,3786,4818,5793,4393,5252,2789,80,16
29538,0.131,Urban Interstate Off-Ramp,N.M. 14 INTCH., I-40 WBD OFF RAMP,35,1,599,620,483,546,563,432,550,544,501,493,65,1,0
29536,0.176,Urban Interstate On-Ramp,N.M. 14 INTCH., I-40 EBD ON RAMP,45,1,530,587,457,483,533,409,520,527,474,478,84,2,0
29542,0.16599999,Urban Interstate On-Ramp,N.M. 14 INTCH., I-40 WBD ON RAMP FROM N.M. 337,45,1,3098,2731,2127,2825,2480,1902,2421,2378,2207,2156,358,8,2
29566,0.34599999,Urban Major Collector,N.M. 333, E. OF I-40 EBD RAMPS (CARNUAL) - W. OF I-40 WBD RAMPS (CARN,55,4,5318,5844,4552,4849,5306,4070,5180,5162,4632,4616,1597,34,8
29570,0.537,Urban Major Collector,N.M. 333, EAST OF ATANCIO ROAD - I-40 OVERPASS,55,2,4586,5040,3926,4181,4576,3510,4468,4453,3994,3980,2137,45,11
29572,1.96500003,Urban Major Collector,N.M. 333, I-40 OVERPASS - WEST OF PUBLIC SCHOOL ROAD,55,2,4692,5156,4017,4278,4681,3592,4571,4555,4088,4074,8005,169,40
26125,0.15800001,Urban Major Collector,N.M. 333, EAST OF TRAMWAY - WEST OF FOUR HILLS ROAD,45,2,15673,15634,11795,14290,14195,10547,14554,14744,13269,13367,2112,78,36
29574,0.51099998,Urban Major Collector,N.M. 333, EAST OF PUBLIC SCHOOL ROAD - WEST OF N.M. 337,35,2,6174,6785,5286,5629,6161,4727,6015,5994,5379,5360,2739,91,21
29579,0.071,Urban Major Collector,N.M. 333,EAST OF WEST RAMP TO N.M. 14 - WEST OF EAST RAMP TO N.M. 14,35,2,10412,11443,8914,9493,10390,7971,10144,10109,9071,9040,642,19,4
29580,0.079,Urban Major Collector,N.M. 333,EAST OF EAST RAMP TO N.M. 14 - WEST OF I-40 EBD ON RAMP,35,2,11608,12757,9938,10583,11583,8886,11309,11270,10112,10077,796,26,6
29526,0.37099999,Urban Interstate On-Ramp,CARNUEL INTCH., I-40 WBD ON RAMP,45,1,1470,2109,1643,1359,1915,1469,1870,1864,1705,1699,631,14,3
29522,0.15700001,Urban Interstate On-Ramp,CARNUEL INTCH., I-40 EBD ON RAMP,45,1,104,127,99,96,115,89,113,113,103,103,16,0,0
29524,0.2,Urban Interstate Off-Ramp,CARNUEL INTCH., I-40 WBD OFF RAMP,35,1,50,139,108,46,126,97,123,123,112,112,22,0,0
29520,0.16500001,Urban Interstate Off-Ramp,CARNUEL INTCH., I-40 EBD OFF RAMP,35,1,829,1215,946,768,1103,846,1077,1073,982,979,162,5,1
32557,2.00900006,Urban Local,EDEAL RD.,N.E. OF PUESTA DEL SOL - SOUTH OF SUN VALLEY RD.,25,2,1308,1348,1010,1208,1245,903,1282,1294,1147,1158,2324,146,68
32555,0.38699999,Urban Local,EDEAL RD.,NORTH OF SUN VALLEY RD. - SOUTH OF N.M. 6,25,2,2280,2429,1760,2106,2243,1574,2235,2256,1999,2018,0,0,0
10014,0.34799999,Urban Principal Arterial,NORTHERN BLVD.,EAST OF 40TH ST. - WEST OF ROCKAWAY,45,4,15159,15609,12852,14297,14530,11870,15607,15807,14495,14626,5090,133,31
10114,0.86199999,Urban Minor Arterial,LOMA COLORADO,NORTH OF NORTHEN BLVD. - SOUTH OF IDALIA,40,4,3919,4131,3291,3696,3866,3077,3871,4166,3620,3932,3389,104,29
32559,0.30199999,Urban Local,EDEAL RD.,WEST OF NM 47 - S.E. OF PUESTA DEL SOL,20,2,1752,1867,1353,1618,1723,1210,1718,1734,1536,1550,0,0,0
37798,1.01300001,Rural Major Collector,CASTILLO RD.,EAST OF N.M. 116 - WEST OF N.M. 109,25,2,1199,1235,926,1084,1133,840,1176,1187,1067,1077,1091,22,1
10044,0.44100001,Urban Principal Arterial,N.M. 528, NORTH OF HIGH RESORT - SOUTH OF LEON GRANDE,45,6,41269,40149,33047,38923,37375,30525,37167,33793,34519,31268,13789,344,56
10048,1.08800006,Urban Minor Arterial,HIGH RESORT,EAST OF BROADMOOR - NORTHWEST OF RIDGECREST DR.,40,4,9898,10192,8119,9334,9537,7590,9550,10762,8928,10156,11051,311,63
26130,1.42400002,Urban Major Collector,N.M. 333,WEST OF I-40 EBD RAMPS (CARNUEL,45,2,7476,8216,6400,6816,7460,5722,7283,7258,6512,6489,9240,239,56
28514,4.64599991,Urban Interstate,I-40 WBD,CARNUEL OFF RAMP - N.M. 14 S. ON RAMP,70,3,28195,28663,24993,27138,27588,23814,28617,26100,27267,27185,126306,1844,160
28504,4.71899986,Urban Interstate,I-40 EBD,CARNUEL ON RAMP - N.M. 14 OFF RAMP,70,3,31562,32086,23193,30398,30903,22099,26556,26100,25303,25227,119051,1838,250
28180,3.1559999,Urban Interstate,I-25 NBD,ISLETA PUEBLO ON RAMP - ISLETA BLVD. OFF RAMP,75,2,17568,17860,13288,16872,17152,12661,15215,15169,14497,14454,45620,652,81
28168,3.20799994,Urban Interstate,I-25 SBD,ISLETA PUEBLO OFF RAMP - ISLETA BLVD. ON RAMP,75,2,18121,18422,13494,17407,17696,12857,15451,15405,14721,14677,47084,683,94
20444,0.86900002,Urban Interstate,I-25 NBD,ALAMEDA ON RAMP - TRAMWAY OFF RAMP,65,3,35334,35921,31322,34010,34575,29844,35864,35500,34171,34068,29605,434,-4
20432,0.884,Urban Interstate,I-25 SBD,ALAMEDA OFF RAMP - TRAMWAY ON RAMP,65,3,35738,36331,31605,34206,34774,30114,36188,35500,34481,34378,30390,447,0
19050,0.41499999,Urban Principal Arterial,N.M. 313,SANDIA INDIAN RES. - SOUTH OF CALLE DE BOSQUE,55,2,5575,5699,3876,5258,5305,3580,4960,5310,4582,4905,2036,44,10
19097,1.41999996,Urban Minor Arterial,N.M. 313,N. OF YSIDRO SANCHEZ CIR. - SANTA ANA INDIAN RES. S.,35,2,6690,6560,5405,6309,6139,5053,6286,6264,5878,5858,8320,290,82
19027,0.34900001,Urban Principal Arterial,U.S. 550,WEST OF JEMEZ DAM ROAD - EAST OF N.M. 528,40,4,43125,43858,35557,41096,41794,32843,41826,42361,38633,39127,12906,366,107
26687,0.53399998,Urban Local,SUNPORT BLVD.,EAST OF YALE - SOUTH OF GIRARD,30,3,4681,4669,3522,4324,4313,3149,4172,4227,3730,3779,2019,106,49
26016,0.32800001,Urban Major Collector,GIRARD,NORTH OF SANTA CLARA - SOUTH OF GARFIELD,30,2,4944,4932,3721,4508,4478,3327,4408,4368,3941,3960,1299,47,7
25981,0.50700003,Urban Local,SANTA CLARA, EAST OF YALE - WEST OF GIRARD,25,2,4808,4843,3618,4441,4473,3235,4286,4342,3832,3882,0,0,0
40033,6.73699999,Rural Minor Arterial,N.M. 41,NORTH OF CLEMENTS - SOUTH OF MCNABB,55,2,5692,3626,3274,5330,3472,3041,3930,3916,3788,3701,24940,469,64
40034,2.56900001,Rural Minor Arterial,N.M. 41,NORTH OF MCNABB - SOUTH OF L34 (ROUTE 66),55,2,9671,8425,7515,9408,8068,7139,8357,8328,8056,8028,20624,388,53
23920,0.36899999,Urban Minor Arterial,SAN PEDRO, NORTH OF CONSTITUTION - SOUTH OF INDIAN SCHOOL (S.),35,4,15283,15249,11504,14413,14269,10755,13627,14129,12743,13334,4921,172,49
23636,0.56900001,Urban Major Collector,INDIAN SCHOOL, EAST OF SAN MATEO - WEST OF SAN PEDRO,35,4,6493,6477,4886,5920,5881,4369,5788,5864,5175,5243,2984,108,34
23656,0.204,Urban Interstate On-Ramp,LOUISIANA INTCH.,I-40 WBD ON RAMP,45,2,19446,19398,14634,17730,17613,13085,16395,16609,14947,15057,3072,69,13
23684,0.66299999,Urban Interstate,I-40 EBD,SAN MATEO ON RAMP - LOUISIANA OFF RAMP,65,4,87933,89393,77948,84637,86042,74270,89250,88982,85039,84784,56212,860,3
23792,0.54000002,Urban Interstate,I-40 EBD,LOUISIANA OFF RAMP - LOUISIANA ON RAMP,65,3,68494,69631,58877,66655,67761,56099,67414,67212,64233,64040,34582,523,-1
24252,0.62599999,Urban Interstate,I-40 EBD,LOUISIANA ON RAMP - WYOMING OFF RAMP,65,3,73453,74672,65112,70700,71874,62040,74553,62200,71036,70823,44335,667,2
23672,0.70499998,Urban Interstate,I-40 WBD,SAN MATEO OFF RAMP - LOUISIAN ON RAMP1,65,4,90854,92362,80538,87449,88901,76738,92216,91939,87865,87601,61759,936,3
24220,0.66399997,Urban Interstate,I-40 WBD,LOUISIANA OFF RAMP - WYOMING ON RAMP,65,3,72542,73746,64305,69823,70982,61271,73629,62200,70155,69945,46443,706,8
29959,0.26699999,Urban Interstate Off-Ramp,LOUISIANA INTCH.,I-40 EBD OFF RAMP,35,2,19439,19497,14709,17982,18036,18036,17424,17652,21365,21644,0,0,0
23804,0.30399999,Urban Interstate On-Ramp,LOUISIANA INTCH.,I-40 EBD ON RAMP,45,2,7097,7079,5341,6471,6428,4776,5012,5078,4569,4604,1400,31,6
23768,0.23100001,Urban Interstate Off-Ramp,LOUISIANA INTCH.,I-40 WBD OFF RAMP,45,1,6629,6613,4989,6044,6004,4461,7303,7398,6658,6707,1549,23,1
23600,0.249,Urban Minor Arterial,SAN PEDRO, NORTH OF INDIAN SCHOOL (S.) - SOUTH OF INDIAN SCHOOL (N.),35,4,17661,17617,13291,16655,16485,12426,16129,16340,15083,15421,3840,134,38
20710,0.99599999,Urban Major Collector,SAN PEDRO,NORTH OF ALAMEDA - SOUTH OF PAN AMERICANEAST,35,2,4927,5036,3790,4492,4573,3389,4520,4553,4042,4128,4111,152,49
10480,3.66400003,Rural Interstate,I-25 SBD,SANTO DOMINGO OFF RAMP - SAND/SANTA FE C.L. (AMPA),75,2,21951,22315,20332,21980,22345,20194,23199,27081,23054,26911,98602,1383,150
10435,3.63199997,Rural Interstate,I-25 NBD,SANTO DOMINGO ON RAMP - SAND/SANTA FE C.L. (AMPA),75,2,21150,21501,22174,21180,21532,22024,25301,29534,25143,29350,106596,1484,151
19115,0.063,Urban Major Collector,N.M. 315, EAST OF I-25 EAST RAMPS - WEST OF I-25 EAST FRONTAGE RD.,40,2,1618,1778,1385,1475,1614,1238,1576,1571,1409,1404,88,3,1
19059,1.27400005,Rural Major Collector,N.M. 313, NORTH OF N.M. 315 - END OF N.M. 313,40,2,2776,3051,2789,2510,2800,2534,2959,2949,2689,2680,3413,68,9
40080,2.85400009,Rural Minor Arterial,U.S. 60, TORRANCE/SOCORRO C.L. - WEST OF N.M. 513,55,2,1246,1258,1122,1212,1205,1066,1248,1334,1185,1267,3616,66,13
40070,18.31999969,Rural Principal Arterial,U.S. 54, TORRANCE/LINCOLN C.L. - SOUTHWEST OF N.M. 3,45,2,1653,1669,1444,1638,1656,1464,1640,1612,1663,1635,29972,567,25
40071,6.68400002,Rural Principal Arterial,U.S. 54, NORTHEAST OF N.M. 3 - TORRANCE/GUADALUPE C.L.,45,2,1519,1533,1326,1505,1522,1344,1506,1700,1527,1800,10026,190,8
40052,7.31899977,Rural Major Collector,N.M. 55, WEST OF N.M. 542 - SOUTHEAST OF N.M. 131 AT MANZAN,55,2,382,386,353,345,354,321,375,378,341,344,2510,37,5
40040,34.92300034,Rural Major Collector,N.M. 42, TORRANCE/LINCOLN C.L. - SOUTH OF U.S. 60 AT WILLARD,35,2,315,318,291,285,292,264,309,311,280,282,9813,214,27
40050,25.2140007,Rural Major Collector,N.M. 55, TORRANCE/SOCORRO C.L. - SOUTH OF U.S. 60,35,2,726,733,670,657,673,609,711,717,646,651,16414,374,48
60001,9.32299995,Rural Principal Arterial,U.S. 285, SAN MIGUEL/SANTA FE C.L. - 9.3 MILES NW OF C.L.,65,2,1631,1647,1425,1616,1635,1444,1619,1591,1640,1612,15029,197,9
60008,5.13100004,Rural Major Collector,N.M. 41, NORTH OF N.M. 472 - 5 MILES NORTH OF N.M. 472,55,2,1320,1555,1421,1194,1427,1291,1216,1212,1097,1103,5654,82,10
11313,0.55800003,Urban Minor Arterial,KING BLVD.,SOUTHEAST OF 32ND AVE. - WEST OF 10TH STREET,40,4,5355,5514,4393,5050,5160,4107,5168,5234,4831,4893,2730,77,16
19078,0.49900001,Urban Local,HILL ROAD,NORTH OF U.S. 550 - .5 MILE NORTH OF U.S. 550,30,2,1076,1183,905,994,1093,809,1101,1097,984,981,490,26,12
76390,4.89499998,Rural Interstate,I-40 EBD,4.882 MILES WEST OF N.M. 6 OFF RAMP - N.M. 6 OFF RAMP,75,2,17704,17998,14299,17649,17942,14202,16315,19045,16204,18915,0,0,0
76370,4.88199997,Rural Interstate,I-40 WBD,4.882 MILES WEST OF N.M. 6 ON RAMP - N.M. 6 ON RAMP,75,2,17173,18468,16030,17106,18691,15921,18290,21350,18176,21217,103581,1492,193
38845,7.71999979,Rural Major Collector,N.M. 47, SOCORRO/VALENCIA COUNTY LINE - SOUTHEAST OF SOUTH NAVAJO,60,2,1246,1048,786,1126,962,714,1276,1288,1151,1162,8978,121,16
38859,1.148,Rural Major Collector,N.M. 304, SOCORRO/VALENCIA COUNTY LINE - SOUTH OF N.M. 346,45,2,2955,3044,2281,2672,2794,2072,2896,2923,2631,2656,3049,51,6
38853,1.36500001,Rural Major Collector,N.M. 116, SOCORRO/VALENCIA COUNTY LINE - SOUTH OF N.M. 346,55,2,792,816,612,716,749,556,777,784,706,713,975,14,2
38889,6.0619998,Rural Interstate,I-25 NBD, SOCORRO/VALENCIA COUNTY LINE - BELEN SOUTH OFF RAMP,75,2,6545,6654,5705,6554,6663,5666,6529,6433,6488,6395,38766,565,81
38887,5.79899979,Rural Interstate,I-25 SBD, SOCORRO/VALENCIA COUNTY LINE - BELEN SOUTH ON RAMP,75,2,6165,6267,5879,6173,6275,5839,6354,6479,6314,6440,37346,550,83
38785,0.375,Urban Major Collector,DELGADO STREET, EAST OF BELEN H.S. ENTRANCE - WEST OF MESA ROAD,25,2,4129,4254,3188,3765,3863,2851,4048,4086,3620,3654,1370,63,15
30003,0.68000001,Rural Major Collector,LA ENTRADA ROAD, NORTH OF ROMERO - SOUTH OF TOME HILL ROAD,30,2,744,766,574,673,703,521,729,736,662,668,455,12,2
30004,1.51800001,Rural Minor Collector,SANDHILL ROAD,NORTH OF N. RIO DEL ORO LOOP - SOUTH OF NM 263,35,2,2282,2351,1762,2167,2234,1576,2237,2258,2001,2020,3066,88,17
29616,4.62200022,Rural Major Collector,N.M. 536, SANDOVAL/BERNALILLO C.L. - EAST OF SANDIA CREST PARKING,40,2,805,885,809,728,812,735,858,855,780,777,3591,45,3
10188,11.2329998,Rural Minor Arterial,N.M. 197,SOUTHWEST OF TORREON - END OF ROAD,55,2,693,700,624,674,670,593,694,742,659,704,7897,149,20
10230,4.92600012,Rural Major Collector,N.M. 537,NORTH OF U.S. 550 - SANDOVAL/RIO ARRIBA C.L.,65,2,2258,2280,2084,2042,2092,1893,2211,2229,2008,2024,9970,121,16
10242,2.4849999,Rural Major Collector,N.M. 96, NORTH OF OLD N.M. 305 AT REJINA - SANDOVAL/RIO ARRIBA C.L.,50,2,857,858,833,797,798,757,884,891,803,809,0,0,0
10276,20.49600029,Rural Minor Arterial,N.M. 4, NORTH OF N.M. 126 - SANDOVAL/LOS ALAMOS C.L.,40,2,1071,1252,1117,1042,1199,1061,1242,1328,1198,1281,26255,662,128
10291,6.88500023,Rural Minor Collector,N.M. 290,EAST OF N.M. 4 - 6.9 MILES EAST OF N.M. 4,55,2,851,859,669,808,816,598,784,789,701,706,4868,89,17
23322,0.26199999,Urban Interstate,BIG I INTCH.,I-25 SBD OFF RAMP - PAN AMERICAN WEST,45,2,9203,9356,7692,9109,9260,7329,9557,9702,9106,9244,0,0,0
11319,0.94599998,Urban Major Collector,17TH AVE.,SOUTH OF 19TH AVE - SOUTHWEST OF CHERRY RD.,25,2,2347,2417,1925,2140,2195,1721,2264,2293,2024,2050,1940,96,26
26220,0.50099999,Urban Principal Arterial,WYOMING, NORTH OF KIRTLAND GATE - SOUTH OF ZUNI,35,6,8105,8085,6099,7644,7526,5633,7225,7319,6673,6760,3387,114,27
26478,0.509,Urban Local,SOUTHERN RD., EAST OF MOON - WEST OF EUBANK,30,2,4041,4070,3041,3733,3760,2719,3602,3649,3221,3263,0,0,0
26516,0.58099997,Urban Major Collector,FOUR HILLS RD., NORTH OF HIDDEN VALLEY - SOUTH OF TRAMWAY,40,4,5759,5745,4334,5251,5216,3875,5134,5201,4590,4650,2701,83,23
20008,0.193,Urban Major Collector,TENNYSON,NORTH OF SAN ANTONIO - SOUTH OF DEL REY,30,2,588,601,452,536,546,404,539,564,482,504,97,4,1
21532,0.141,Urban Local,ATRISCO (57TH ST.), NORTH OF WESTERN TRAIL - END OF ATRISCO,40,2,1506,1551,1236,1391,1433,1105,1454,1473,1300,1317,186,7,3
10035,0.61199999,Urban Minor Collector,CHESSMAN BLVD.,NW OF ABRAZO - SE OF IDALIA,30,2,1044,1749,1393,952,1588,1246,1639,1660,1494,1513,926,31,6
11323,5.20900011,Urban Major Collector,NORTHERN BLVD.,END OF PAVEMENT - WEST OF RAINBOW,45,2,2839,2923,2329,2588,2654,2083,2740,2775,2450,2481,12924,297,25
29691,1.78299999,Urban Major Collector,PAJARITO ROAD,END OF ROAD - WEST OF DOUGLAS RD.,40,2,1463,1102,894,1334,1001,799,1114,1016,1016,927,1651,48,11
22456,2.43899989,Urban Minor Collector,BOBBY FOSTER RD.,SOUTH OF LOS PICAROS - SOUTH OF UNIVERSITY,35,3,608,612,429,554,556,384,551,575,493,515,1261,36,7
22457,1.30200005,Urban Major Collector,LOS PICAROS,NORTH OF BOBBY FOSTER - WEST OF UNIVERSITY,45,2,1849,1861,1304,1686,1690,1166,1676,1750,1498,1564,2036,56,15
10067,1.67299998,Urban Major Collector,SOUTHERN BLVD.,END OF ROAD - WEST OF IDALIA,35,2,1674,1724,1373,1579,1565,1228,1615,1636,1445,1463,2444,64,8
10997,1.68799996,Urban Minor Collector,WESTSIDE BLVD.,EAST OF VIGA RD. - WEST OF UNSER BLD.,30,2,7250,7465,5947,6610,6778,5318,6995,7084,6256,6336,10697,360,69
20663,0.59799999,Urban Minor Arterial,UNIVERSE,NORTH OF IRVING - SOUTH OF MCMAHON BLVD.,35,2,9645,12723,10136,9096,11906,9476,11923,12075,11150,11293,6753,236,66
28223,1.56500006,Urban Local,N.M. 317,END OF ROAD - EAST OF I-25 EAST RAMPS,50,2,246,261,190,226,239,170,241,243,216,218,343,10,3
23267,0.87,Urban Minor Arterial,LADERA DRIVE,NORTHEAST OF GAVIN RD. - WEST OF UNSER BLVD.,35,4,7307,8800,7010,6891,8235,6554,8246,15796,7711,14907,12969,520,195
24714,0.68099999,Urban Major Collector,BLUEWATER,END OF ROAD - WEST OF UNSER,35,2,8059,12983,10536,7348,11788,9421,13133,7128,11973,6462,4401,146,34
10017,0.477,Urban Major Collector,SUNDT, EAST OF TIGRIS - WEST OF SANDSTONE,30,2,2255,2322,1575,2056,2108,1408,1853,1877,1689,1702,812,31,7
10228,13.07299995,Rural Principal Arterial,U.S. 550, WEST OF N.M. 537 - SANDOVAL/RIO ARRIBA C.L.,55,4,5394,5446,4710,5346,5404,4774,5351,5260,5423,5331,69705,1278,247
37781,1.02400005,Urban Local,MORRIS RD. (VAL.),EAST OF SHAWNA CT. - WEST OF N.M. 314,35,2,2214,2281,1709,2045,2107,1528,2170,2190,1940,1958,2004,75,24
37788,1.38699996,Urban Local,ROMERO RD.,EAST OF N.M. 47 - WEST OF LA ENTRADA,25,2,1159,1235,895,1070,1140,800,1136,1147,1016,1026,0,0,0
24060,0.55000001,Urban Major Collector,PENNSYLVANIA, NORTH OF LOMAS - SOUTH OF CONSTITUTION,35,4,8494,8519,6446,7857,7880,5764,7636,7736,6828,6917,0,0,0
23984,0.20100001,Urban Principal Arterial,LOUISIANA,NORTH OF CONSTITUTION - SOUTH OF I-40 RAMPS,35,6,31852,31917,24079,30041,29712,22241,28556,28929,26521,26767,5380,180,46
23664,0.123,Urban Principal Arterial,LOUISIANA,NORTH OF I-40 RAMPS - SOUTH OF AMERICAS PKWY,35,8,41868,41764,31507,39488,38878,29102,36685,37165,34071,34388,4230,158,52
38487,0.38800001,Urban Minor Collector,DON PASQUAL,NORTH OF N.M. 6 - SOUTH OF COUNCELING SERVICES,25,2,7064,4668,3498,6441,4238,3128,4442,4484,4050,4088,1586,64,12
37556,1.676,Urban Major Collector,CAMELOT,NORTH OF MORRIS RD. - SOUTH OF N.M. 6,30,2,5546,4922,3688,5056,4469,3298,9178,9264,8367,8446,14157,581,157
37555,1.02999997,Urban Minor Collector,EMILIO LOPEZ,NORTH OF N.M. 6 - SOUTH OF LOS CERRITOS,30,4,5063,7862,5892,4616,7138,5268,7481,5597,6820,5074,5226,176,34
38408,0.213,Urban Interstate Off-Ramp,LOS LUNAS INTCH., I-25 NBD OFF RAMP,35,1,3836,3952,2962,3497,3588,2649,3761,3796,3364,3396,723,21,4
38416,0.193,Urban Interstate On-Ramp,LOS LUNAS INTCH., I-25 SBD ON RAMP,45,1,4254,4383,3285,3879,3980,2937,4171,4210,3729,3764,726,26,11
38372,0.17399999,Urban Interstate Off-Ramp,LOS LUNAS INTCH., I-25 SBD OFF RAMP,45,1,10477,10794,8089,9552,9801,7233,10271,10367,9184,9270,1613,36,7
38384,0.178,Urban Interstate On-Ramp,LOS LUNAS INTCH., I-25 NBD ON RAMP,45,1,10142,10449,7830,9247,9487,7001,9943,10036,8890,8974,1597,36,7
23776,0.28999999,Urban Interstate,I-40 WBD,LOUISIANA ON RAMP1 - LOUISIANA ON RAMP2,65,3,76733,78007,64517,74235,75467,61473,73872,73650,70387,70176,20351,307,2
23772,0.21799999,Urban Interstate,I-40 WBD,LOUISIANA ON RAMP2 - LOUISIAN OFF RAMP,65,3,64098,65162,59602,62240,63273,56790,68244,68039,65025,64830,14133,213,1
23655,0.096,Urban Interstate On-Ramp,LOUISIANA INTCH.,I-40 WBD ON RAMP2 FROM WINROCK,45,1,3092,3084,2327,2819,2800,2081,2756,2792,2465,2497,240,5,1
18590,0.60600001,Urban Minor Arterial,LOMA LARGA,NORTH OF CALLE CUERVO - S. OF OLD BERN/SAND C.L.,25,2,8407,8561,5738,7928,8011,5364,7029,6917,6573,6528,3956,193,55
10192,1.44500005,Urban Minor Arterial,CORRALES ROAD, NORTH OF CALLE CUERVO - SOUTH OF MEADOW LARK,35,2,12036,12393,9840,11351,11597,9199,11575,11723,10824,11063,15985,558,158
10156,0.80400002,Urban Minor Arterial,CORRALES ROAD,NORTHEAST OF MEADOW LARK - SOUTH OF WEST ELLA DR.,35,2,12675,13051,9963,11953,12213,9314,11720,11870,10960,11202,9007,315,89
10160,0.96499997,Urban Major Collector,MEADOW LARK,EAST OF LOMA LARGA - WEST OF CORRALES RD.,25,2,1870,2122,1690,1704,1926,1511,2222,2250,2026,2052,1980,92,21
20940,1.04900002,Urban Principal Arterial,COORS,NORTH OF LA ORILLA - SOUTH OF EAGLE RANCH RD.,45,6,43864,45165,35980,41371,42044,33234,41905,42441,38919,39270,41195,917,16
20955,0.32499999,Urban Principal Arterial,COORS,NORTH OF EAGLE RANCH RD. - SOUTH OF S.I.P.I. ENTRANCE,45,6,41402,39472,34422,39049,36745,31795,41161,39376,38228,36434,11841,263,4
22569,0.509,Urban Minor Arterial,EAGLE RANCH ROAD,NORTHWEST OF COORS BLVD. - SOUTH OF P.D.N.,35,4,7507,6196,4936,7079,5798,4615,5806,5880,5430,5499,2798,90,18
10679,1.30400002,Urban Minor Arterial,IDALIA,NORTHEAST OF BROADMOOR - SOUTHWEST OF LOMA COLORADO,45,2,3741,3852,3294,3528,3605,3080,4141,4194,3872,3958,5161,129,26
19023,0.197,Urban Principal Arterial,U.S. 550,EAST OF DON THOMAS - WEST OF SANTA ANA,40,4,38047,51262,34861,35884,47720,32200,44614,47760,41208,44114,8690,265,69
19021,0.191,Urban Principal Arterial,U.S. 550,EAST OF SANTA ANA - RIO GRANDE CROSSING,40,4,51007,50560,34383,48108,47067,31759,44002,47105,40867,43749,8356,255,67
19555,2.3599999,Urban Major Collector,SANTA ANA RD.,NORTH OF U.S. 550 - SOUTH OF DOVE RD.,30,2,1017,1118,871,927,1015,779,991,988,887,884,2089,86,23
20453,0.815,Urban Local,EDITH BLVD.,NORTH OF ROY - BERN/SAND C.L.,25,2,127,128,90,118,119,80,115,123,102,109,0,0,0
18911,2.40700006,Urban Minor Collector,SANTA FE RD. (SOUTH),BERN/SAND C.L. - SOUTH OF MORNING STAR,25,2,197,203,133,181,186,119,170,182,152,163,0,0,0
18831,0.19599999,Urban Major Collector,SANDIA RD. (SOUTH),EAST OF N.M. 313 - WEST OF SANTA FE RD. (SOUTH),25,2,540,552,375,492,501,335,480,514,429,459,90,4,1
18833,0.38100001,Urban Major Collector,SANDIA RD.,NORTH OF S. SANTA FE RD. - SOUTH OF N.SANTA FE RD.,25,2,525,528,375,486,489,335,480,514,429,459,0,0,0
18835,0.23,Urban Major Collector,SANDIA RD. (NORTH),EAST OF N. SANTA FE RD. - WEST OF N.M. 313,25,2,1015,1038,706,925,942,631,904,968,808,865,199,10,3
18837,0.63599998,Urban Major Collector,SANTA FE RD. (NORTH),NORTH OF SANDIA RD. (NORTH) - .631 MILES NORTH,15,2,604,617,420,551,560,376,538,576,481,515,328,27,7
10115,0.13699999,Urban Principal Arterial,N.M. 528,N.E. OF NORTHERN - S.W. OF RIO VISTA,50,4,30650,31559,25141,28908,29378,23222,29573,29951,27316,27665,3790,80,11
10008,0.47400001,Urban Principal Arterial,N.M. 528,N.E. RIO VISTA - S.W. OF RIO ARRIBA,50,4,29323,30193,24053,27656,28107,22217,25611,25938,23786,24000,11376,239,32
10026,0.44,Urban Minor Collector,RIO ARRIBA RD.,S.E. OF N.M. 528 - N.W. OF RIO VISTA,25,2,173,139,111,158,126,99,131,133,119,121,53,2,0
10024,1.07700002,Urban Minor Arterial,CORRALES ROAD,NORTH OF CAMINO TODOS LOS SUNTOS - S.E. OF RIO VISTA DR.,35,2,4940,5087,3984,4659,4760,3725,4686,4746,4382,4479,4824,169,48
10027,0.25299999,Urban Minor Arterial,CORRALES ROAD,WEST OF RIO VISTA - EAST OF GRANDE VISTA,45,2,4997,5145,4099,4712,4814,3832,4822,4884,4508,4566,1155,29,6
10056,1.12899995,Urban Minor Arterial,CORRALES ROAD,NORTH OF CAMINO DE LUCA - S. OF CAMINO TODOS LOS SANTOS,35,2,5041,5191,5299,4754,4858,4954,6233,6313,5829,5958,6725,235,67
10888,1.44799995,Urban Major Collector,LOMA LARGA,NORTH OF SAGEBRUSH DR. - S. OF CAMINO TODOS LOS SANTOS,30,2,1129,1162,926,1029,1055,828,1089,1103,974,986,1428,59,16
10887,0.153,Urban Major Collector,CAMINO TODOS LOS SAN.,EAST OF LOMA LARGA - WEST OF CORRALES RD.,25,2,1148,1182,942,1047,1073,842,1108,1122,990,1003,153,7,2
10111,0.384,Urban Minor Collector,RIO VISTA,EAST OF RIO ARRIBA - SOUTH OF CORRALES RD.,25,2,337,303,241,307,275,215,283,287,258,261,100,4,1
10119,0.69499999,Urban Minor Collector,RIO VISTA,EAST OF N.M. 528 - WEST OF RIO ARRIBA,25,2,370,381,304,337,346,272,358,363,320,324,225,9,2
21559,0.064,Urban Major Collector,WINROCK LOOP,EAST OF AMERICAS PKWY - SOUTH OF UPTOWN  LOOP,35,4,8090,8070,6088,7376,7327,5444,7212,7306,6449,6533,418,14,3
29999,0.124,Urban Local,WINROCK LOOP, ,0,0,0,0,0,0,0,0,0,0,0,0,0,0,0
23528,0.149,Urban Minor Arterial,INDIAN SCHOOL,EAST OF LOUISIANA - WEST OF UPTOWN LOOP,35,4,15487,15448,11654,14605,14456,10895,13188,13360,12333,12608,1879,61,12
23525,0.141,Urban Minor Arterial,INDIAN SCHOOL,EAST OF UPTOWN LOOP - WEST OF ESPANOLA,30,4,15173,15135,11418,14309,14163,10675,12340,12501,11540,11798,1664,62,13
23539,0.185,Urban Major Collector,ARVADA,EAST OF LOUISIANA - WEST OF UPTOWN LOOP,35,4,2386,2380,1796,2175,2161,1606,2127,2155,1902,1927,356,12,3
21558,0.184,Urban Major Collector,UPTOWN LOOP,NORTH OF WINROCK LOOP - SOUTH OF INDIAN SCHOOL,35,4,6146,6131,4625,5604,5567,4136,5479,7474,4899,6776,1247,44,12
21555,0.19400001,Urban Major Collector,UPTOWN LOOP,NORTH OF INDIAN SCHOOL - SOUTH OF ARVADA,35,4,3543,3534,2666,3230,3209,2384,3158,4890,2824,4433,860,30,8
24460,0.066,Urban Local,12TH STREET, NORTH OF TIJERAS - SOUTH OF MARQUETTE,25,2,2583,2502,1699,2386,2311,1519,3207,3256,2962,3008,199,12,6
24380,0.05,Urban Local,12TH STREET, NORTH OF CENTRAL - SOUTH OF TIJERAS,25,2,2281,2209,1500,2107,2040,1341,1864,1892,1666,1691,85,5,2
24192,0.20100001,Urban Local,12TH STREET, NORTH OF MARQUETTE - SOUTH OF LOMAS,25,2,5655,5478,3719,5224,5060,3325,4621,4691,4131,4194,843,53,24
26612,0.58099997,Urban Major Collector,WOODWARD, EAST OF 2ND ST. - WEST OF BROADWAY,30,2,5027,5060,3545,4583,4594,3170,4555,4756,4073,4252,2471,96,22
10244,3.85599995,Rural Minor Collector,N.M. 485,WEST OF N.M. 4 - GILMAN CAMP,40,2,429,433,337,407,411,301,395,398,353,355,1369,35,7
10272,0.92699999,Rural Minor Arterial,N.M. 4,NORTH OF DAY SCHOOL RD. (N.) - SOUTH OF N.M. 290,30,2,2735,3351,2989,2661,3209,2840,3324,3553,3204,3425,3176,110,15
10232,2.023,Rural Minor Collector,DAY SCHOOL RD.,WEST OF N.M. 4 - SOUTH OF GREEN ACRES,30,2,0,350,0,0,320,0,0,0,0,0,0,0,0
12357,1.68200004,Rural Minor Collector,BOREGO CANYON RD.,NORTH OF ZIA LAKE RD. - END OF ROAD,35,2,654,660,514,621,627,460,602,606,539,543,913,26,5
12345,6.1170001,Rural Minor Collector,ZIA LAKE RD.,N.W. OF ZIA BLVD. - S.E. OF N.M. 4,35,2,665,671,523,632,638,468,613,617,548,552,3383,97,19
12346,0.68099999,Rural Minor Collector,ZIA BLVD.,NORTH OF U.S. 528 - SOUTH OF ZIA LAKE RD.,35,2,1312,1324,1032,1246,1258,922,1210,1218,1081,1089,742,21,4
10183,3.25,Rural Principal Arterial,U.S. 550,NORTH OF ZIA BLVD. - SOUTH OF CABEZON RD.,45,4,8403,8411,7868,8571,8579,7975,8938,8786,9060,8906,0,0,0
10256,8.35599995,Rural Principal Arterial,U.S. 550,AMPA BOUNDARY - SOUTH OF ZIA BLVD.,45,4,10375,10474,9060,10282,10395,9183,10292,10117,10432,10255,85699,1365,13
10270,1.94000006,Rural Minor Arterial,N.M. 4,EAST OF U.S. 550 - WEST OF ZIA LAKE RD.,35,2,4032,4610,4112,3922,4415,3906,4573,4889,4408,4712,9141,263,51
10271,0.155,Rural Minor Arterial,N.M. 4,EAST OF ZIA LAKE RD. - SOUTH OF DAY SCHOOL RD. (S.),55,2,3582,3586,3397,3511,3515,3227,3777,4038,3588,3836,0,0,0
10355,9.07600021,Rural Major Collector,F.S. 266,AMPA BOUNDARY - WEST OF PUEBLO RD.,35,2,254,847,774,230,777,703,821,828,741,747,6780,96,6
10283,1.71500003,Rural Major Collector,N.M. 22,WEST OF RANCHO DE LA CANADA - NORTH OF FS 266,50,2,1431,1611,1472,1294,1478,1338,1723,1737,1555,1567,2689,27,2
10235,9.19299984,Rural Minor Collector,INDIAN SERVICE RTE 85,NORTH OF HAGAN RD. - SOUTH OF PUEBLO ROUTE 88,25,2,1326,1338,1042,1258,1271,932,1221,1230,1092,1100,10112,408,79
10237,7.45900011,Rural Minor Collector,PUEBLO RD.,NORTH OF HAGAN RD. - END OF ROAD,25,2,384,730,569,340,694,509,667,672,628,632,4722,191,37
12678,0.37799999,Rural Minor Collector,HAGAN RD.,EAST OF POUNDING ROCK - WEST OF PUEBLO RD.,25,2,4101,2761,2151,3632,2623,1923,2521,2539,2373,2390,903,36,7
12675,2.26999998,Rural Minor Collector,HAGAN RD.,WEST OF PUEBLO RD. - WEST OF I-25 WEST RAMPS,25,2,2419,2803,2184,2144,2663,1953,2560,2578,2410,2427,5512,222,43
12889,18.47599983,Rural Minor Collector,HAGAN RD.,EAST OF I-25 EAST RAMPS - NORTH OF N.M. 14,25,2,250,3482,2712,230,3308,2426,3178,3200,2843,2863,52915,2135,412
12888,0.15700001,Rural Minor Collector,HAGAN RD.,EAST OF I-25 WEST RAMPS - WEST OF I-25 EAST RAMPS,25,2,3951,3989,3107,3752,3790,2778,3641,3666,3256,3279,515,21,4
12589,6.54699993,Rural Minor Collector,DAM CREST,NORTH OF N.M. 16 - SOUTH OF RANCHO DE LA CANADA,25,2,61,62,48,58,59,43,56,56,50,50,334,13,3
10290,2.03500009,Rural Major Collector,N.M. 16,S.E. OF N.M. 22 - WEST OF DAM CREST,45,2,1487,1501,1372,1344,1378,1246,1456,1468,1322,1333,2713,30,2
10280,3.99699998,Rural Major Collector,N.M. 22,NORTH OF I-25 NORTH RAMPS - SOUTH OF INDIAN SERVICE RTE 88,35,2,8951,9036,8259,8094,8292,7502,8763,8833,7960,8024,32076,715,91
10281,1.20599997,Rural Major Collector,N.M. 22, NORTH OF PENA BLANCA POST OFFIC - SOUTH OF N.M. 16,30,2,1775,2017,1844,1605,1851,1675,1956,1972,1765,1779,2145,57,7
10296,1.62699997,Rural Minor Collector,ACEQUIA RD.,NORTH OF ARROYO LEYBA - WEST OF N.M. 22,25,2,376,380,296,358,361,264,347,349,309,311,506,20,4
41053,7.9829998,Rural Major Collector,N.M. 542,EAST OF RILEY - WEST OF N.M. 41,55,2,404,381,297,384,362,266,348,351,328,331,2642,24,2
40090,0.40000001,Rural Principal Arterial,U.S. 60, EAST OF U.S. 285 - WEST OF N.M. 3 AT ENCINO,35,2,3452,3485,3015,3421,3459,3056,3425,3367,3472,3413,1366,39,8
40092,8.20600033,Rural Principal Arterial,U.S. 60, 1.804 EAST OF N.M. 3 - TORRANCE/GUADALOPE C.L.,70,4,2627,2652,2294,2603,2632,2325,2606,2562,2641,2596,21311,307,59
40021,25.51499939,Rural Minor Collector,N.M. 3,NORTH OF U.S. 60 - SOUTH OF I-40 SOUTH RAMPS,55,2,78,78,61,74,74,54,71,71,63,63,1633,30,6
40022,0.099,Rural Minor Collector,N.M. 3,NORTH OF I-40 SOUTH RAMPS - SOUTH OF I-40 NORTH RAMPS,55,2,80,80,67,71,71,60,79,80,70,70,0,0,0
40023,2.99300003,Rural Minor Collector,N.M. 3,NORTH OF I-40 NORTH RAMPS - TO TORR/SAN MIGUEL C.L.,55,2,172,174,136,163,165,122,159,160,143,144,431,8,2
29582,0.57499999,Rural Major Collector,N.M. 333, E. OF I-40 EBD ON RAMP (NM 14) - WEST OF NORTH ZAMORA ROAD,50,2,7188,5312,4855,6500,4875,4410,5151,5133,4648,4632,2663,25,2
29584,0.132,Rural Major Collector,N.M. 333, EAST OF NORTH ZAMORA ROAD - WEST OF SOUTH ZAMORA ROAD,50,2,3878,4262,3895,3507,3911,3538,4133,4119,3754,3741,494,5,0
29586,1.87600005,Rural Major Collector,N.M. 333, EAST OF SOUTH ZAMORA ROAD - WEST OF ZUZAK OVERPASS,45,2,3685,4050,3702,3332,3717,3363,3928,3914,3568,3556,6669,71,5
29646,0.57200003,Rural Major Collector,N.M. 333, EAST OF ZUZAK OVERPASS - WEST OF TABLAZON RD.,55,2,6456,7095,6485,5838,6511,5891,6881,6857,6250,6228,3563,32,2
29647,0.72100002,Rural Major Collector,N.M. 333, EAST OF TABLAZON RD. - WEST OF SEDILLO HILL RD. (W.),55,2,8094,8895,8130,7319,8163,7385,8626,8596,7835,7808,5630,51,3
29648,0.37200001,Rural Major Collector,N.M. 333, EAST OF SEDILLO HILL RD. (W.) - WEST OF WOODLAND DRIVE,55,2,3554,3906,3570,3214,3584,3243,3788,3775,3441,3429,1275,12,1
29649,1.90100002,Rural Major Collector,N.M. 333, EAST OF WOODLAND DRIVE - WEST OF I-40 EBD ON/OFF RAMPS,55,2,2829,3109,2842,2558,2853,2582,3015,3005,2740,2730,5190,47,3
29650,0.26800001,Rural Major Collector,N.M. 333, EAST OF I-40 EBD ON/OFF RAMPS - WEST OF SEDILLO HILL RD. (E,50,2,6445,7680,7020,5867,7048,6377,7448,7422,6721,6698,1795,18,1
29652,1.39199996,Rural Major Collector,N.M. 333, EAST OF SEDILLO HILL RD. (E.) - WEST OF N.M. 217,55,2,7628,8384,7662,6898,7694,6960,8129,8101,7385,7359,10244,92,6
29654,1.09099996,Rural Minor Arterial,N.M. 333,EAST OF N.M. 217 - BERN/SANTA FE C.L. (AMPA),55,2,5646,6205,5535,5493,5942,5258,6155,6134,5847,5827,6357,117,23
40111,3.42000008,Rural Minor Arterial,N.M. 333,EAST OF LEXCO - WEST OR ROUTE 66,55,2,6278,4415,3938,6107,4228,3741,4379,4364,4221,4206,14385,264,51
60003,3.30699992,Rural Minor Arterial,N.M. 333, BERNALILLO/SANTA FE C.L. - NORTHWEST OF N.M. 344,55,2,9812,7874,7024,9101,7540,6673,7811,7784,7529,7503,24812,455,88
60012,3.28900003,Rural Minor Arterial,N.M. 333, SOUTHEAST OF N.M. 344 - SANTA FE/TORRANCE C.L.,55,2,8337,9162,8173,8110,8774,7764,9088,9056,8634,8604,28295,519,100
40345,0.65499997,Rural Minor Collector,N.M. 513,NORTH OF U.S. 60 - SALINAS PUEBLO MONUMENT,25,2,83,84,65,79,80,58,76,77,68,68,44,2,0
10292,4.37099981,Rural Major Collector,N.M. 16,EAST OF DAM CREST - SAND/SANTA FE C.L. (AMPA),55,2,1438,1452,1327,1300,1332,1206,1408,1419,1280,1290,5643,52,4
40678,4.80000019,Rural Minor Collector,N.M. 131,SALINAS PUEBLO MONUMENT - WEST OF N.M. 55,35,2,141,142,111,134,135,99,130,131,116,117,562,16,3
30234,0.50199997,Rural Minor Collector,CHICAL RD.,EAST OF N.M. 47 - NORTH OF INDIAN SERVICE ROUTE 62,25,2,1030,1061,795,978,1008,711,1009,1018,903,911,458,18,4
30345,0.53600001,Rural Minor Collector,INDIAN SERVICE RTE 62,EAST OF CHICAL RD. - WEST OF TRIBAL RD. 6,25,2,164,164,143,145,145,128,182,184,163,165,0,0,0
30567,3.25999999,Rural Minor Collector,INDIAN SERVICE RTE 62,SOUTH OF TRIBAL RD. 6 - WEST OF N.M. 47,25,2,390,402,301,370,382,269,200,202,188,190,619,25,5
30789,1.75399995,Rural Minor Collector,TRIBAL RD. 6,NORTH OF INDIAN SERVICE RT. 62 - EAST OF N.M. 47,25,2,308,317,238,293,301,213,302,305,270,273,477,19,4
32678,2.55200005,Rural Minor Collector,TRIBAL RD. 7(S.),WEST OF N.M. 47(S.) - WEST OF N.M. 47(N.),25,2,344,390,292,326,370,262,248,250,233,235,600,24,5
38592,0.51700002,Urban Major Collector,PEYTON ROAD, EAST OF MILLER STREET - WEST OF SEABELL ROAD,25,2,997,1027,770,909,932,689,978,987,875,883,456,21,5
38600,0.84799999,Urban Major Collector,PEYTON ROAD, EAST OF SEABELL ROAD - WEST OF N.M. 314,45,2,3179,3388,2454,2898,3057,2194,3116,3145,2786,2812,0,0,0
38599,0.38499999,Urban Major Collector,PEYTON ROAD,.372 MILES WEST OF MILLER ST. - WEST OF MILLER ST.,45,4,257,274,199,234,247,178,253,255,226,228,0,0,0
38620,0.991,Urban Major Collector,SQUARE DEAL ROAD, EAST OF SEABELL ROAD - WEST OF N.M. 314,25,2,1904,1962,1470,1736,1781,1314,1867,1885,1669,1685,1670,77,18
38631,0.80599999,Urban Local,SQUARE DEAL ROAD,EAST OF DENISE LN. - WEST OF SEABELL RD.,55,2,1134,1209,875,1047,1115,782,1111,1121,993,1002,0,0,0
30313,0.60299999,Urban Major Collector,LOS CERRITOS,NORTH OF N.M. 6 - ENTRANCE TO LOS LUNAS HIGH SCHOOL,30,2,9552,9841,5869,8709,8935,5248,5540,5592,5051,5070,3058,126,34
30315,0.28200001,Urban Major Collector,LOS CERRITOS,ENTRANCE TO LOS LUNAS HIGH SCH - SOUTH OF EMILIO LOPEZ RD.,45,2,6447,5061,3793,5878,4595,3392,4816,10863,4391,9848,2777,76,20
30317,0.175,Urban Major Collector,LOS CERRITOS,NORTH OF EMILIO LOPEZ RD. - .175 MILES NORTH OF EMILIO LOPEA,30,4,543,680,510,495,617,456,648,654,591,597,104,4,1
38760,0.414,Urban Major Collector,ARAGON ROAD, EAST OF MESA ROAD - WEST OF 10TH STREET,25,2,2144,2209,1655,1955,2006,1480,2102,2122,1879,1897,786,37,9
38768,0.24699999,Urban Major Collector,ARAGON ROAD, EAST OF 10TH STREET - WEST OF MAIN (BELEN FAP LOOP),25,2,2371,2443,1831,2162,2218,1637,2325,2347,2079,2099,519,24,6
38769,0.588,Urban Major Collector,ARAGON ROAD,EAST OF I-25 - WEST OF MESA RD.,25,2,1047,610,457,955,554,409,580,585,529,534,314,15,3
31555,0.206,Urban Local,SIXTH STREET,NORTH OF BERNARD - SOUTH OF BACA,35,2,0,0,0,0,0,0,0,0,0,0,0,0,0
30333,0.183,Urban Major Collector,BACA AVENUE,EAST OF 6TH ST. - WEST OF 4TH ST.,25,2,890,1064,797,811,966,713,1012,1022,923,932,171,8,2
38916,0.12800001,Urban Major Collector,BACA AVENUE,EAST OF MAIN ST. - WEST OF 6TH ST.,25,2,2636,3049,2285,2403,2768,2043,2901,2928,2645,2670,342,16,4
38948,0.19599999,Urban Major Collector,BERNARD AVENUE,EAST OF MAIN ST. - WEST OF SIXTH ST.,25,2,1531,1631,1182,1396,1473,1057,1501,1515,1342,1355,0,0,0
30444,0.134,Urban Major Collector,BERNARD AVENUE,EAST OF SIXTH ST. - WEST OF FOURTH ST.,25,2,963,992,743,878,901,664,943,952,843,851,114,5,1
38308,0.33399999,Urban Major Collector,BOSQUE FARMS LOOP, EAST OF MCNEW ROAD - WEST OF PARK LANE,40,2,1786,1840,1378,1628,1670,1232,1750,1766,1564,1579,528,15,4
38316,0.505,Urban Major Collector,BOSQUE FARMS LOOP, EAST OF PARK LANE - WEST OF N.M. 47 (SOUTH),40,2,2912,2756,2064,2656,2502,1846,2397,2420,2185,2206,1114,32,8
38268,0.426,Urban Major Collector,BOSQUE FARMS LOOP, WEST OF CALLE DE BOSQUE - EAST OF LILLIE DRIVE,40,2,3074,2730,2046,2802,2479,1829,2399,2422,2187,2208,940,27,6
38276,0.43200001,Urban Major Collector,BOSQUE FARMS LOOP, WEST OF N.M. 47 (NORTH) - EAST OF CALLE DE BOSQUE,40,2,3480,3585,2686,3172,3256,2402,3411,3443,3050,3079,1330,39,9
38280,0.57499999,Urban Major Collector,BOSQUE FARMS LOOP, SOUTH OF LILLIE DRIVE - NORTH OF ESPERNAZA ROAD,40,2,2606,1988,1490,2376,1804,1332,1964,1982,1791,1808,1040,32,9
38300,0.44400001,Urban Major Collector,BOSQUE FARMS LOOP, SOUTH OF ESPERANZA ROAD - NORTH OF COTTONWOOD DRIVE,40,2,2045,2106,1578,1864,1912,1411,2004,2023,1792,1809,803,25,7
38304,0.34799999,Urban Major Collector,BOSQUE FARMS LOOP, SOUTH OF COTTONWOOD DRIVE - NORTH OF MCNEW ROAD,40,2,2765,2186,1638,2521,1985,1465,2254,2275,2055,2074,722,22,6
38364,1.028,Urban Major Collector,LA LADERA ROAD, NORTH OF VALENCIA ROAD - SOUTH OF MOLINA DRIVE,45,2,1326,1366,1024,1209,1240,916,1300,1312,1163,1174,1207,33,9
38512,1.42900002,Urban Major Collector,LA LADERA ROAD, NORTH OF N.M. 263 - SOUTH OF VALENCIA ROAD,45,2,2794,2878,2157,2547,2613,1929,2739,2765,2449,2472,3532,97,26
38361,1.11300004,Urban Major Collector,LA LADERA ROAD, NORTH OF MOLINA DRIVE - SOUTH OF PERALTA BLVD.,30,2,997,1027,770,909,932,689,978,987,875,883,983,40,11
38535,0.84399998,Urban Minor Collector,VALENCIA ROAD, EAST OF AVENIDA VALENCIA - WEST OF LA LADERA,30,2,1565,1612,1208,1427,1464,1080,1534,1548,1371,1384,1167,39,8
38533,0.64700001,Urban Minor Collector,VALENCIA ROAD, EAST OF N.M. 47 - WEST OF AVENIDA VALENCIA,30,2,2787,2871,2151,2541,2607,1923,2731,2519,2442,2284,1478,50,10
38336,1.27600002,Urban Minor Collector,MOLINA DRIVE, EAST OF N.M. 47 - WEST OF LA LADERA ROAD,45,2,1776,1830,1371,1619,1662,1226,1741,1818,1557,1648,2104,47,9
38568,0.61000001,Urban Minor Collector,VAN CAMP BLVD., SOUTH OF EL CERRO MISSION ROAD - NORTHWEST OF MANZANO EXPRE,20,2,2198,2326,1709,2013,2119,1528,2170,2190,1940,1958,0,0,0
38580,2.05999994,Urban Minor Collector,VAN CAMP BLVD.,EAST OF MANZANO EXPRESSWAY - SOUTH OF EL CERRO MISSION ROAD,40,2,849,1235,925,786,1121,827,1175,1186,1071,1081,2227,56,11
38506,0.32800001,Urban Major Collector,N.M. 263, WEST OF N.M. 47 (NORTH) - EAST OF SUN VALLEY ROAD,35,2,11251,11591,8686,10258,10524,7766,10902,11005,9940,9977,3272,108,25
38520,1.52199996,Urban Minor Arterial,N.M. 263, WEST OF MEADOW LAKE ROAD - EAST OF N.M. 47 (NORTH),45,2,15388,15853,11880,14512,14834,11106,15306,15449,14313,14580,22191,555,112
38508,0.373,Urban Major Collector,N.M. 263, NORTH OF SUN VALLEY ROAD - SOUTHEAST OF N.M. 6,35,2,12382,12130,9090,11290,11014,8128,11217,10641,10226,9647,3599,127,34
38496,4.47200012,Urban Major Collector,MEADOW LAKE ROAD, EAST OF AMY - WEST OF CANYON ROAD,40,2,3492,3597,2696,3183,3266,2410,3423,3455,3060,3089,13810,401,94
38524,0.77700001,Urban Minor Arterial,MEADOW LAKE ROAD, EAST OF N.M. 263 - WEST OF ENTRANCE TO SCHOOL,40,2,10794,11120,8333,10179,10406,7790,10581,10138,9892,9568,7435,209,42
38500,0.528,Urban Minor Arterial,MEADOW LAKE ROAD,EAST OF ENTRANCE TO SCHOOL - WEST OF MANZANO EXPRESSWAY,35,2,7533,8158,6113,7104,7634,5715,7762,7835,7259,7327,3869,124,25
38501,1.74800003,Urban Major Collector,MEADOW LAKE ROAD,EAST OF MANZANO EXPRESSWAY - WEST OF AMY,45,2,4680,4689,4057,4328,4336,3628,5152,5200,4607,4650,0,0,0
38456,0.75599998,Urban Major Collector,MEADOW LAKE ROAD, EAST OF CANYON ROAD - WEST OF NAVAJO LANE,35,2,1005,1038,603,916,943,539,766,1042,698,945,714,24,6
38574,1.38900006,Urban Minor Collector,EL CERRO MISSION RD.,EAST OF MANZANO EXPRESSWAY - WEST OF VAN CAMP BLVD.(EAST),35,2,5023,5175,3878,4580,4699,3468,4924,4970,4404,4445,6177,178,34
38556,0.84899998,Urban Minor Arterial,EL CERRO MISSION RD., EAST OF N.M. 263 - WEST OF VAN CAMP BLVD. (WEST),35,2,8055,8298,6218,7596,7765,5813,7896,8090,7381,7635,6482,209,42
38576,0.27900001,Urban Minor Arterial,EL CERRO MISSION RD.,EAST OF VAN CAMP BLVD. (WEST) - WEST OF MANZANO EXPRESSWAY,45,2,5621,5791,4340,5301,5419,4057,5511,5344,5152,5043,1407,35,7
32443,2.14400005,Urban Major Collector,MANZANO EXPRESSWAY, NORTH OF EL CERRO MISSION RD. - SOUTH OF MEADOW LAKE,45,2,1846,1902,1425,1683,1727,1274,1809,1826,1618,1633,3499,96,26
30129,1.68099999,Urban Minor Arterial,MANZANO EXPRESSWAY,NORTH OF RIO DEL ORO LOOP (N.) - SOUTH OF VAN CAMP BLVD.,40,2,2697,2779,2083,2543,2600,1947,2645,2670,2472,2495,4196,128,36
32441,0.63,Urban Minor Arterial,MANZANO EXPRESSWAY,NORTH OF VAN CAMP RD. - SOUTH OF EL CERRO MISSION RD.,45,2,2852,2938,2202,2690,2749,2059,2796,2822,2615,2640,1663,45,13
38817,0.37900001,Rural Minor Arterial,MANZANO EXPRESSWAY, EAST OF N.M. 47 - WEST OF HILLANDALE AVENUE,40,2,3605,3714,2783,3507,3557,2644,3534,3567,3357,3389,1284,32,6
38815,6.20200014,Rural Minor Arterial,MANZANO EXPRESSWAY, EAST OF HILLANDALE AVENUE - SOUTH OF RIO DEL ORO,45,2,3273,3372,2527,3184,3229,2401,3209,3239,3049,3078,19090,428,83
38612,1.30900002,Urban Major Collector,PATRICIO DRIVE, EAST OF N.M. 47 - WEST OF LA ENTRADA ROAD,25,2,1409,1452,1088,1285,1318,973,1382,1395,1236,1248,1635,76,18
38819,0.40900001,Urban Major Collector,N.M. 47, N.W. OF GOODMAN AVENUE - S.E. OF N.M. 304,45,4,7950,7658,5739,7248,6954,5132,7288,7444,6644,6748,2760,76,20
38843,4.63399982,Rural Major Collector,N.M. 47, NORTHWEST OF SOUTH NAVAJO - S.E. OF GOLF COURSE DRIVE,60,2,1785,1538,1153,1614,1411,1047,1464,1478,1321,1333,6177,82,11
38821,0.46700001,Urban Major Collector,N.M. 47, N.W. OF GOLF COURSE DRIVE - S.E. OF GOODMAN AVENUE,45,4,5652,5433,4071,5153,4933,3640,5169,5116,4713,4638,2165,59,16
38829,0.37099999,Urban Minor Collector,GOLF COURSE DRIVE, EAST OF COUNTRY CLUB LANE - WEST OF N.M. 47,25,2,2292,2361,1769,2090,2144,1582,2246,2267,2009,2028,752,30,6
38831,0.31400001,Urban Minor Collector,GOLF COURSE DRIVE, EAST OF N.M. 304 - WEST OF COUNTRY CLUB LANE,25,2,1057,1089,816,964,989,730,1036,1046,927,936,294,12,2
38841,2.49600005,Urban Major Collector,N.M. 304, NORTH OF LUCERO - SOUTH OF GOLF COURSE DRIVE,50,2,2878,3752,2812,2624,3407,2514,3571,3605,3192,3222,8042,198,53
38795,0.52600002,Urban Major Collector,N.M. 304, NORTH OF COMANCHE TRAIL - SOUTH OF HORIZON VISTA BLVD.,40,2,4253,4382,3284,3878,3979,2936,4170,4141,3728,3754,1975,61,16
38825,0.449,Urban Major Collector,N.M. 304, NORTH OF HORIZON VISTA BLVD. - SOUTH OF N.M. 47,45,2,4706,4848,3633,4291,4402,3249,4613,4656,4126,4165,1870,51,14
38827,0.047,Urban Major Collector,N.M. 304, NORTH OF GOLF COURSE DRIVE - SOUTH OF COMANCHE TRAIL,55,2,4303,4433,3322,3923,4025,2970,4218,4258,3771,3806,179,4,1
38900,0.064,Urban Major Collector,N.M. 109, NORTH OF RIVER ROAD (FAU LIMIT) - SOUTH OF N.M. 309,45,2,2411,2280,1709,2198,2070,1528,2170,2190,1978,1997,128,4,1
38803,0.53399998,Urban Major Collector,N.M. 109,NORTH OF SERAFIN RD. - SOUTH OF ORCHARD RD.,30,2,2175,2240,1679,1983,2034,1502,2132,2152,1907,1925,1027,42,11
38801,0.278,Urban Major Collector,N.M. 109,NORTH OF ORCHARD RD. - SOUTH OF RIVER RD.,30,2,2646,2726,2043,2413,2476,1827,2594,2618,2320,2342,651,27,7
38833,2.01699996,Rural Major Collector,N.M. 109,NORTH OF CASTILLO RD. - SOUTH OF SERAFIN RD.,30,2,1836,1891,1417,1674,1717,1277,1799,1816,1622,1637,3302,87,11
38834,0.456,Rural Major Collector,N.M. 109,NORTH OF MILLS RD. - SOUTH OF CASTILLO RD.,40,2,1886,1422,1066,1705,1305,968,1354,1367,1222,1233,563,11,1
38755,0.41999999,Urban Local,JARAMILLO ROAD,NORTH OF SERAFIN RD. - SOUTH OF ORCHARD RD.,30,2,612,630,472,565,582,422,599,605,536,541,227,12,6
38757,0.449,Urban Local,JARAMILLO ROAD,NORTH OF ORCHARD RD. - SOUTH OF N.M. 309,30,2,1224,1262,946,1131,1165,846,1201,1212,1074,1084,486,26,12
38860,0.168,Urban Major Collector,MESA ROAD, NORTH OF DELGADO STREET - SOUTH OF REINKEN AVE.,25,2,2726,2731,2047,2486,2480,1830,2599,2623,2324,2346,394,19,5
38888,0.184,Urban Major Collector,MESA ROAD, NORTH OF GILBERT AVENUE - SOUTH OF DELGADO STREET,25,2,2040,2102,1575,1860,1909,1408,2000,2019,1788,1805,332,16,4
38952,0.25,Urban Major Collector,MESA ROAD,NORTH OF CAMINO DEL LLANO - SOUTH OF GILBERT AVE.,25,2,2259,2327,1744,2060,2113,1559,2215,2236,1980,1999,500,25,7
38812,0.41600001,Urban Major Collector,MESA ROAD, NORTH OF REINKEN AVE. - SOUTH OF ARAGON ROAD,25,2,2318,1918,1438,2113,1742,1286,1869,1887,1704,1720,716,35,10
38756,2.10500002,Urban Major Collector,MESA ROAD, NORTH OF ARAGON ROAD - SOUTH OF MAIN (BELEN FAP LOOP),45,2,2294,1847,1384,2102,1677,1238,1757,1774,1602,1617,3402,93,25
38816,0.255,Urban Major Collector,REINKEN AVENUE, EAST OF MESA ROAD - WEST OF 11TH STREET,25,2,1862,1918,1437,1698,1741,1285,1825,1842,1632,1647,420,19,5
38832,0.11,Urban Major Collector,REINKEN AVENUE, EAST OF 11TH STREET - WEST OF 10TH STREET,25,2,3671,3912,2834,3347,3532,2534,3599,3633,3218,3248,0,0,0
38840,0.19,Urban Major Collector,REINKEN AVENUE, EAST OF 10TH STREET - WEST OF MAIN STREET (BELEN),25,2,2931,3020,2262,2672,2742,2023,2872,2899,2569,2593,492,23,5
38892,0.183,Urban Major Collector,TENTH STREET, NORTH OF GILBERT - SOUTH OF DELGADO,25,2,2919,3007,2253,2661,2730,2015,2861,2888,2559,2583,473,23,6
38964,0.23100001,Urban Major Collector,TENTH STREET,NORTH OF CAMINO DEL LLANO - SOUTH OF GILBERT,25,2,476,490,367,434,445,328,466,470,416,420,97,5,1
38864,0.16599999,Urban Major Collector,TENTH STREET, NORTH OF DELGADO - SOUTH OF REINKEN AVENUE,25,2,2698,2780,2083,2460,2524,1862,2645,2670,2364,2386,396,20,5
38828,0.214,Urban Major Collector,TENTH STREET, NORTH OF REINKEN AVENUE - SOUTH OF ROSS AVENUE,25,2,1861,1984,1437,1697,1791,1285,1825,1842,1632,1647,0,0,0
38788,0.20900001,Urban Major Collector,TENTH STREET, NORTH OF ROSS AVENUE - SOUTH OF ARAGON ROAD,15,2,1690,1801,1305,1541,1626,1167,1657,1673,1482,1496,0,0,0
38879,0.226,Urban Major Collector,SUNSHINE,NORTH OF N.M. 309 - SOUTH OF GABALDON RD.,25,2,1317,1357,1017,1201,1232,909,1291,1303,1154,1165,263,13,3
38852,0.105,Urban Major Collector,GABALDON ROAD,NORTH OF SUNSHINE - SOUTH OF ROSS,25,2,2275,2344,1757,2074,2128,1571,2231,2252,1995,2014,211,10,3
38782,1.78499997,Urban Major Collector,GABALDON ROAD,NORTH OF VALENTIN RD - EAST OF N.M. 314,30,2,1520,1487,1114,1386,1350,996,1415,1428,1265,1277,2279,94,25
38780,0.62800002,Urban Major Collector,GABALDON ROAD,NORTH OF ARAGON RD - SOUTH OF VALENTIN RD.,45,2,1796,1850,1386,1637,1680,1240,1760,1777,1575,1590,999,27,7
38820,0.228,Urban Major Collector,GABALDON ROAD, NORTH OF ROSS - SOUTH OF ARAGON ROAD (FAU LMT),25,2,2002,2063,1546,1825,1873,1382,1963,1981,1755,1771,404,20,5
38797,0.505,Urban Principal Arterial,MAIN ST. (FAP LOOP),NORTH OF VIVIAN - SOUTH OF CAMINO DEL LLANO,40,4,9275,9555,7160,8748,8895,6613,9092,9177,8397,8476,4280,126,30
38799,0.59600002,Urban Principal Arterial,MAIN ST. (FAP LOOP),NORTH OF N.M. 116 - SOUTH OF VIVIAN,40,4,7245,7464,5593,6833,6948,5166,7102,7169,6560,6622,3947,116,27
38893,0.255,Urban Principal Arterial,MAIN ST. (FAP LOOP),NORTH OF I-25 NBD ON RAMP - SOUTH OF N.M. 116,45,4,2483,2646,1917,2342,2529,1771,2434,2457,2249,2270,0,0,0
38683,0.065,Urban Principal Arterial,MAIN ST. (FAP LOOP), NORTHWEST OF I-25 NBD OFF RAMP - SE OF I-25 SBD OFF/NBD ON,45,2,10594,10914,8179,9992,10160,7555,8854,8937,8223,8269,537,14,3
38684,0.74400002,Urban Principal Arterial,MAIN ST. (FAP LOOP), WEST OF MESA ROAD - SOUTHEAST OF I-25 NBD OFF RAMP,45,4,11750,12105,9071,11082,11269,8379,9574,9664,8892,8942,6653,174,41
38904,0.066,Urban Principal Arterial,MAIN ST. (FAP LOOP), NORTH OF GILBERT AVENUE - SOUTH OF BACA AVENUE,35,4,11894,12518,9380,11218,11652,8664,12596,12218,11698,11306,746,25,6
38956,0.09,Urban Principal Arterial,MAIN ST. (FAP LOOP),NORTH OF CAMINO DEL LLANO - SOUTH OF BERNARD AVE.,35,4,11203,11542,8649,10566,10745,7989,11420,11527,10606,10666,960,32,8
38940,0.132,Urban Principal Arterial,MAIN ST. (FAP LOOP), NORTH OF BERNARD AVENUE - SOUTH OF GILBERT AVENUE,35,4,11862,12221,9158,11188,11377,8459,12324,12440,11446,11510,1519,51,12
38836,0.233,Urban Principal Arterial,MAIN ST. (FAP LOOP), NORTH OF REINKEN (N.M. 309) - SOUTH OF ROSS AVENUE,35,4,18178,18728,14034,17144,17434,12963,20817,20233,19334,18721,4362,147,34
38868,0.13,Urban Principal Arterial,MAIN ST. (FAP LOOP), NORTH OF BECKER AVENUE - SOUTH OF REINKEN (N.M. 309),45,4,15130,15587,11680,14270,14510,10788,15090,15232,14015,14094,1832,48,11
38876,0.138,Urban Principal Arterial,MAIN ST. (FAP LOOP), NORTH OF BACA AVENUE - SOUTH OF BECKER AVENUE,35,4,13947,14369,10768,13154,13376,9946,15071,15213,13997,14076,1942,66,15
38792,0.117,Urban Principal Arterial,MAIN ST. (FAP LOOP), NORTH OF ROSS AVENUE - SOUTH OF ARAGON ROAD,40,4,19424,20011,14996,18320,18628,13851,19042,19221,17588,17753,2077,61,14
37101,0.463,Urban Principal Arterial,MAIN ST. (FAP LOOP),WEST OF DON FELIPE RD. - EAST OF MESA RD.,45,4,10153,10460,7838,9576,9737,7240,8971,9055,8332,8378,3879,105,27
38356,0.126,Urban Minor Arterial,N.M. 314, NORTH OF TONDRE STREET - SOUTH OF TRUJILLO STREET,45,2,6801,7248,5251,6414,6849,4909,6668,6731,6233,6292,0,0,0
38396,0.57700002,Urban Minor Arterial,N.M. 314, NORTH OF JAMES STREET - SOUTH OF TONDRE STREET,45,2,6056,6015,4588,5712,5628,4289,5794,6028,5418,5689,3282,89,25
38596,1.46200001,Urban Principal Arterial,N.M. 314, NORTH OF PEYTON ROAD - SOUTH OF MILLER STREET,55,4,10278,10590,7936,9694,9858,7330,10718,10819,9954,10010,14635,314,74
38616,1.44500005,Urban Principal Arterial,N.M. 314, NORTH OF SQUARE DEAL ROAD - SOUTH OF PEYTON ROAD,55,4,9525,9812,7354,8984,9134,6792,9338,9426,8624,8705,12577,270,63
38488,0.53600001,Urban Principal Arterial,N.M. 314,NORTH OF COURTHOUSE RD. - SOUTH OF N.M. 6,35,4,12133,11930,8940,11444,11106,8258,10302,10399,9568,9658,5176,174,41
38764,0.52999997,Urban Principal Arterial,MAIN ST. (FAP LOOP),NORTH OF ARAGON ROAD - AT&SF CROSSING,35,4,17047,17562,13160,16078,16349,12156,17902,18070,16626,16720,8862,299,70
38748,0.85000002,Urban Principal Arterial,MAIN ST. (FAP LOOP),AT&SF CROSSING - SOUTH OF LOPEZ LOOP,40,4,19313,19897,14910,18215,18522,13772,17835,18003,16564,16658,14158,417,98
38564,0.31900001,Urban Principal Arterial,N.M. 314, NORTH OF MILLER STREET - SOUTH OF PRISON LANE,55,4,12154,12521,9383,11463,11656,8667,12085,12199,11224,11287,3601,77,18
38428,0.414,Urban Minor Arterial,N.M. 314, NORTH OF N.M. 6 - SOUTH OF JAMES STREET,35,4,6843,7202,5397,6454,6740,5046,6476,6537,6056,6113,2530,88,25
38552,1.074,Urban Principal Arterial,N.M. 314, NORTH OF PRISON LANE - S. OF LOS LENTES ST. (MORRIS),55,4,12283,12654,9482,11585,11780,8759,11944,12056,11093,11156,11982,257,60
38532,0.89099997,Urban Principal Arterial,N.M. 314,N. OF LOS LENTES ST. (MORRIS) - SOUTH OF COURTHOUSE RD.,45,4,12269,11138,8347,11572,10368,7710,8717,8799,8096,8142,7255,190,44
39905,0.37900001,Rural Major Collector, , ,0,0,0,0,0,0,0,0,0,0,0,0,0,0,0
38894,0.06,Urban Principal Arterial,MAIN ST. (FAP LOOP), N. OF I-25 SBD ON NBD OFF RAMPS - SOUTH OF I-25 NBD ON RAMP,45,2,1771,1825,1368,1670,1699,1264,1737,1753,1605,1620,97,3,1
38664,0.30500001,Urban Interstate On-Ramp,BELEN NORTH INTCH., I-25 NBD ON RAMP,45,1,4580,4718,3536,4176,4284,3162,4490,4532,4015,4053,1236,28,5
38809,0.74000001,Urban Minor Arterial,N.M. 309/RIENKEN AVE., EAST OF JARAMILLO ROAD - RIO GRANDE BRIDGE,40,2,15899,16380,12800,14994,15328,11476,15227,15370,14240,14505,10734,302,61
38793,0.12,Urban Minor Arterial,N.M. 309/RIENKEN AVE., RIO GRANDE BRIDGE - WEST OF N.M. 47,40,2,17040,17763,12800,16069,16622,12444,16605,16761,15528,15818,1898,53,11
38930,0.134,Urban Minor Arterial,N.M. 309/RIENKEN AVE.,EAST OF RIVER ROAD - WEST OF GABALDON RD.,45,2,18624,15813,11850,17350,14797,11079,15047,15424,14071,14556,1951,49,10
38884,0.19400001,Urban Minor Arterial,N.M. 309/RIENKEN AVE.,EAST OF WISCONSIN - WEST OF SUNSHINE,35,4,16286,16778,12572,15358,15700,11754,15956,16106,14921,15200,2949,95,19
38872,0.13,Urban Minor Arterial,N.M. 309/RIENKEN AVE., EAST OF 2ND STREET - AT&SF CROSSING,40,4,18850,19420,14553,17777,18172,13606,16823,16981,15732,16025,2083,59,12
38932,0.208,Urban Minor Arterial,N.M. 309/RIENKEN AVE.,EAST OF SUNSHINE - WEST OF RIVER ROAD,40,4,15122,15579,11674,14261,14578,10914,14230,14364,13307,13556,2819,79,16
38811,0.322,Urban Minor Arterial,N.M. 309/RIENKEN AVE.,EAST OF GABALDON ROAD - WEST OF JARAMILLO ROAD,40,2,16090,16576,12422,15174,15512,11614,15470,15615,14467,14736,4745,134,27
38848,0.287,Urban Minor Arterial,N.M. 309/RIENKEN AVE.,EAST OF MAIN ST. - WEST OF FOURTH ST.,35,4,17083,18203,13188,16110,17198,12329,16746,16903,15655,15802,0,0,0
30102,0.069,Urban Minor Arterial,N.M. 309/RIENKEN AVE.,EAST OF THIRD ST. - WEST OF SECOND ST.,35,4,21660,23080,16722,20426,21805,15633,21234,21433,19851,20037,0,0,0
38886,0.105,Urban Minor Arterial,N.M. 309/RIENKEN AVE., AT&SF CROSSING - WEST OF WISCONSIN,45,4,19263,19845,14871,18166,18570,13903,18883,19060,17654,17820,1871,47,9
38982,0.41,Urban Minor Arterial,CAMINO DEL LLANO, EAST OF CHRISTOPHER ROAD - WEST OF MESA ROAD,30,2,6356,6548,4907,5994,6127,4588,6231,6464,5826,6100,2501,94,19
38984,0.09,Urban Minor Arterial,CAMINO DEL LLANO, EAST OF I-25 EAST RAMPS - WEST OF CHRISTOPHER ROAD,30,3,6373,7158,5364,6010,6698,5015,6811,6875,6369,6429,579,22,4
38960,0.093,Urban Minor Arterial,CAMINO DEL LLANO, EAST OF 10TH STREET - WEST OF MAIN STREET,30,2,6507,6704,5024,6136,6273,4697,6379,6260,5964,5908,549,21,4
38968,0.296,Urban Minor Arterial,CAMINO DEL LLANO, EAST OF MESA ROAD - WEST OF 10TH STREET,30,2,5911,6090,4564,5574,5699,4267,5795,5849,5418,5469,1619,61,12
38992,0.105,Urban Minor Arterial,CAMINO DEL LLANO, EAST OF I-25 WEST RAMPS - WEST OF I-25 EAST RAMPS,30,2,4941,5090,3814,4660,4763,3566,4843,4888,4528,4571,480,18,4
38791,0.17299999,Urban Minor Arterial,CAMINO DEL LLANO,EAST OF WEST FRONTAGE RD. - WEST OF I-25 WEST RAMPS,30,4,4248,4075,3274,4006,3813,3061,4157,4196,3887,3960,685,26,5
38332,0.064,Urban Principal Arterial,N.M. 47, NORTH OF CHUGHOLE LANE - SOUTH OF MOLINA DRIVE,45,4,24125,16902,18772,21929,15734,17339,20732,20655,19255,19112,1223,32,7
38288,0.58099997,Urban Principal Arterial,N.M. 47, NORTH OF ESPERANZA ROAD - SOUTH OF BOSQUE FARMS LOOP (N.),45,4,23731,22537,16888,22382,20980,15600,21445,24526,19917,22692,13183,345,81
38296,0.296,Urban Principal Arterial,N.M. 47, NORTH OF MITCHELL ROAD - SOUTH OF ESPERANZA ROAD,45,4,24316,25725,18907,22101,22835,17464,21218,21417,19706,19817,5866,154,36
38312,0.51099998,Urban Principal Arterial,N.M. 47, NORTH OF BOSQUE FARMS LOOP (S.) - SOUTH OF MITCHELL ROAD,45,4,24313,22690,17004,22931,21122,15706,21592,21894,20053,20258,10352,271,63
38528,0.62900001,Urban Minor Arterial,N.M. 47, NORTH OF LOS CERRITOS DRIVE - SOUTH OF N.M. 263 (NORTH),45,4,13426,13832,10365,12661,12943,9690,11888,12000,11117,11325,7123,193,54
38548,1.125,Urban Minor Arterial,N.M. 47, NORTH OF N.M. 263 (SOUTH) - SOUTH OF LOS CERRITOS DRIVE,45,2,11943,11534,8643,11263,10793,8080,10975,10540,10263,9947,11189,303,85
38604,1.53999996,Urban Minor Arterial,N.M. 47,NORTH OF PATRICIO DR. - SOUTH OF TOME HILL RD.,45,2,7640,7871,5898,7205,7365,5514,7489,7559,7002,7068,10885,295,83
38328,0.37099999,Urban Principal Arterial,N.M. 47, NORTH OF MOLINA DRIVE - SOUTH OF PERALTA BLVD.,45,4,22494,23174,17366,21216,21572,16040,21915,22121,20353,20468,7594,199,46
38326,0.428,Urban Principal Arterial,N.M. 47, NORTH OF PERALTA BLVD. - SOUTH OF BOSQUE FARMS LOOP (S.),45,4,33444,38900,21514,31871,37070,19872,23005,23221,21366,21486,9196,241,56
38272,0.22400001,Urban Principal Arterial,N.M. 47, NORTH OF BOSQUE FARMS LOOP (N.) - SOUTH OF SUNFLOWER ROAD,45,4,23952,22502,16862,22590,20947,15575,21411,19721,19885,18247,4087,107,25
38368,1.07500005,Urban Principal Arterial,N.M. 47, NORTH OF VALENCIA ROAD (ARAGON) - SOUTH OF CHUGHOLE LANE,45,4,20040,20646,15472,18900,19220,14291,19982,20170,18558,18663,20062,525,122
38732,3.22199988,Urban Minor Arterial,N.M. 47, NORTH OF LA ENTRADA ROAD - SOUTH OF PATRICIO DRIVE,45,2,5375,4552,3411,5069,4260,3189,4331,4627,4050,4367,14070,381,107
38813,2.74799991,Rural Minor Arterial,N.M. 47, NORTH OF N.M. 309 - SOUTH OF LA ENTRADA ROAD,45,2,6528,6725,5040,6351,6440,4788,6400,5552,6080,5248,14419,332,45
38584,0.63200003,Urban Minor Arterial,N.M. 47,NORTH OF TOME HILL RD. - SOUTH OF EDEAL RD.,45,2,11394,10417,7806,10745,9748,7298,9912,8860,9269,8361,5285,143,40
38582,0.57200003,Urban Minor Arterial,N.M. 47,NORTH OF EDEAL RD. - SOUTH OF N.M. 263,45,2,8606,8866,6644,8116,8296,6211,8437,7855,7887,7413,4240,115,32
38460,0.21699999,Urban Minor Arterial,N.M. 47,NORTH OF LUJAN - SOUTH OF N.M. 6,45,4,14453,15535,11642,13630,14537,10884,14783,15876,13824,14983,3251,88,25
38504,0.456,Urban Minor Arterial,N.M. 47,NORTH OF N.M. 263 (NORTH) - SOUTH OF LUJAN,45,4,14785,15232,11414,13943,14254,10671,17398,17561,16270,16573,7557,205,58
38424,0.745,Urban Principal Arterial,N.M. 47,N.E. OF N.M. 6 - S.W. OF VALENCIA ROAD,40,4,26443,27242,20414,24940,25360,18856,25922,26165,23943,24168,18004,531,124
38264,0.361,Urban Principal Arterial,N.M. 47,NORTH OF SUNFLOWER RD. - SOUTH OF TRIBAL RD. 1(S.),55,4,21088,21725,16280,19889,20224,15037,19255,19436,17883,17984,6492,139,32
34444,0.287,Rural Principal Arterial,N.M. 47,NORTH OF TRIBAL RD. 1(S.) - SOUTH OF CHICAL RD.,45,4,23003,20929,15684,22797,20772,15898,19916,22244,19803,21186,6080,115,5
35555,0.574,Rural Principal Arterial,N.M. 47,NORTH OF CHICAL RD. - SOUTH OF TRIBAL RD. 1 (N.),50,4,22583,20443,15319,22380,20290,15528,19452,21516,19342,20492,11762,200,9
36666,0.88599998,Rural Principal Arterial,N.M. 47,NORTH OF TRIBAL RD. 1 N. - SOUTH OF TRIBAL RD. 6,50,4,22173,22843,17118,21974,22672,17351,21087,21285,20967,20272,17961,305,13
37777,0.35600001,Rural Principal Arterial,N.M. 47,NORTH OF TRIBAL RD. 6 - SOUTH OF INDIAN SERVIVE RT. 62,50,4,22637,20573,15417,22434,20419,15627,19576,19760,19465,19648,6995,119,5
30999,0.28200001,Rural Principal Arterial,N.M. 47,NORTH IF INDIAN SERVICE RT. 62 - BERN/VAL C.L.,50,4,21845,20453,15327,21649,20300,15536,19462,20772,19351,19784,5579,95,4
38823,0.25099999,Urban Major Collector,N.M. 47, N.W. OF N.M. 304 - SOUTH OF N.M. 309,40,4,15014,15468,11591,13689,14044,10364,14055,14187,12814,12862,3228,99,27
38476,0.161,Urban Principal Arterial,N.M. 6, EAST OF MOUNTAIN LAUREL STREET - WEST OF N.M. 263,40,4,31799,40393,30269,29991,37602,27959,38436,38797,35697,36032,5801,177,46
38452,0.37900001,Urban Principal Arterial,N.M. 6, EAST OF CARSON DRIVE - RIO GRANDE BRIDGE,40,4,25525,29541,22137,24074,27500,20447,28110,28374,26107,26352,9987,305,79
38448,0.27700001,Urban Principal Arterial,N.M. 6, EAST OF LOS LENTES STREET - WEST OF CARSON DRIVE,35,4,30485,23550,17648,28752,21923,16301,22409,28190,20812,26084,7226,252,66
38468,0.087,Urban Principal Arterial,N.M. 6,EAST OF EDEAL RD. - WEST OF MOUNTAIN LAUREL ST.,45,4,23611,24325,18228,22269,22644,16837,24963,25197,23184,23314,2028,55,14
38467,0.215,Urban Principal Arterial,N.M. 6,RIO GRANDE BRIDGE - WEST OF EDEAL RD.,45,4,33098,35269,25552,31217,33710,23602,32446,28800,29970,26670,5734,156,41
38472,0.47400001,Urban Principal Arterial,N.M. 6,N.E. OF N.M. 263 - S.W. OF N.M. 47,40,4,16256,15100,11316,15332,14057,10452,14369,14716,13345,13616,6454,190,45
38436,0.149,Urban Principal Arterial,N.M. 6, EAST OF N.M. 314 - WEST OF LUNA,45,4,27802,26035,19510,26222,24236,18021,24774,25007,23009,23225,3461,94,24
38444,0.331,Urban Principal Arterial,N.M. 6, EAST OF LUNA - WEST OF LOS LENTES STREET,40,4,26252,23046,17270,24760,21454,15952,21929,19476,20366,18021,5965,182,47
38431,0.368,Urban Principal Arterial,N.M. 6, EAST OF DON PASQUAL - WEST OF N.M. 314,40,4,31853,29529,22128,30042,27489,20439,28098,28362,26096,26341,9693,296,77
38433,0.213,Urban Principal Arterial,N.M. 6, EAST OF CANAL ROAD - WEST OF DON PASQUAL,40,4,23408,28211,21141,22077,26262,19527,26845,27097,24932,25166,5360,164,43
38432,0.041,Urban Principal Arterial,N.M. 6,EAST OF STATE CAMPUS - WEST OF CANAL BLVD.,45,4,29613,27200,20383,27930,25321,18827,25882,26125,24038,24264,995,27,7
38405,0.37,Urban Principal Arterial,N.M. 6,EAST OF LOS CERRITOS - WEST OF STATE CAMPUS,40,4,24898,27099,21014,23483,25227,19410,24528,24775,22780,22924,8482,259,67
38392,0.099,Urban Principal Arterial,N.M. 6, EAST OF CAMELOT/EMILIO LOPEZ - WEST OF GRANT BLVD.,45,4,30142,28434,21308,28429,26469,19682,27057,27311,25129,25365,2511,68,18
38404,0.252,Urban Principal Arterial,N.M. 6, EAST OF GRANT BLVD. - WEST OF LOS CERRITOS,40,4,29535,27104,20311,27856,25231,18761,25791,26033,23953,24178,6093,186,48
38400,0.22,Urban Principal Arterial,N.M. 6, EAST OF I-25 EAST RAMPS - WEST OF CAMELOT/EMILIO LOPEZ,45,4,32057,25475,19090,30235,23715,17633,24240,24468,22513,22724,4999,136,35
38380,0.112,Urban Minor Arterial,N.M. 6, EAST OF I-25 WEST RAMPS - WEST OF I-25 EAST RAMPS,45,2,16985,18099,13113,16018,17101,12259,16651,16807,15566,15712,0,0,0
30139,0.28999999,Urban Minor Arterial,N.M. 6,EAST OF HUNING RANCH LOOP - WEST OF SUN VILLAGE RD.,60,2,19424,24030,18007,18318,22486,16835,22865,23080,21382,21583,6259,118,24
38851,2.80699992,Rural Major Collector,N.M. 116,NORTH OF N.M. 346 - 3800 FT SOUTH OF MILLS RD.,55,2,2695,2776,2080,2437,2547,1889,2641,2666,2399,2422,6799,96,12
38838,0.98199999,Rural Major Collector,N.M. 116,NORTH OF MILLS ROAD - SOUTH OF CASTILLO RD.,55,2,4224,4352,3261,3820,3994,2962,4141,4180,3761,3796,3729,53,7
38837,1.04200006,Urban Major Collector,N.M. 116,NORTH OF CASTILLO RD. - S.E. OF MAIN STREET,45,2,6612,6812,5105,6028,6185,4565,6482,6543,5797,5851,6098,167,45
38861,0.713,Urban Major Collector,N.M. 116,3800 FT SOUTH OF MILLS RD. - SOUTH OF MILLS RD.,55,2,4220,3851,2886,3848,3497,2581,3665,3699,3341,3372,2404,54,15
29938,0.089,Rural Major Collector, , ,0,0,0,0,0,0,0,0,0,0,0,0,0,0,0
28503,1.78400004,Urban Major Collector,N.M. 333,E. OF I-40 WBD ON RAMP - W. OF ATANCIO RD.,55,4,4672,5134,3999,4260,4662,3576,4551,4535,4069,4055,7232,153,36
29568,0.095,Urban Major Collector,N.M. 333,E. OF I-40 WBD OFF RAMP - W. OF I-40 WBD ON RAMP,55,2,6201,6815,5309,5654,6188,4747,6042,6021,5402,5383,511,11,3
38842,3.94499993,Rural Minor Collector,N.M. 109,NORTH OF N.M. 346 - SOUTH OF JOSE LUIS RD.,40,2,842,868,650,800,824,582,825,833,739,746,2943,74,14
38849,0.461,Rural Major Collector,N.M. 109,NORTH OF JOSE LUIS RD. - SOUTH OF MILLS RD.,40,2,1733,1618,1213,1567,1485,1102,1514,1528,1366,1379,635,12,2
39901,0.31600001,Rural Major Collector, , ,0,0,0,0,0,0,0,0,0,0,0,0,0,0,0
38484,0.271,Urban Major Collector,COURTHOUSE ROAD, EAST OF LUNA - WEST OF LOS LENTES ROAD,30,2,5135,5145,4451,4749,4758,3980,5652,5705,5054,5101,0,0,0
38492,0.183,Urban Major Collector,COURTHOUSE ROAD, NORTHEAST OF N.M. 314 - WEST OF LUNA,30,2,6402,6595,4942,5837,5988,4419,6275,6334,5611,5664,1037,40,9
38420,0.74800003,Urban Major Collector,LOS LENTES STREET, NORTH OF RIVAS ROAD - SOUTH OF TRUJILLO STREET,30,2,2978,3178,2382,2716,2886,2130,3025,3053,2705,2730,2042,84,23
38352,0.47400001,Urban Major Collector,LOS LENTES STREET, NORTH OF TRUJILLO STREET - SOUTH OF BLAYLOCK LANE,30,2,1299,1338,1003,1184,1215,897,1274,1286,1139,1150,545,22,6
38441,0.26300001,Urban Major Collector,LOS LENTES STREET, NORTH OF CORONADO STREET - SOUTH OF RIVAS ROAD,30,2,4375,4507,3377,3989,4092,3020,4288,3759,3835,3408,897,37,10
38440,0.17200001,Urban Major Collector,LOS LENTES STREET, NORTH OF N.M. 6 (MAIN) - SOUTH OF CORONADO STREET,30,2,6782,7226,5236,6183,6523,4682,6649,6711,5945,6001,0,0,0
38480,0.28299999,Urban Major Collector,LOS LENTES STREET, NORTH OF COURTHOUSE STREET - SOUTH OF N.M. 6 (MAIN),30,2,6871,7079,5305,6265,6428,4744,6736,6799,6024,6081,1721,71,19
38536,0.80400002,Urban Major Collector,LOS LENTES STREET,NORTH OF MORRIS RD. - SOUTH OF ASPEN DR.,30,2,2935,3024,2266,2676,2746,2026,2877,2904,2573,2597,2087,86,23
37783,0.176,Urban Local,MORRIS RD. (VAL.),EAST OF N.M. 314 - SOUTH OF LOS LENTES ST.,30,2,2949,3038,2277,2724,2806,2036,2891,2918,2585,2609,459,20,6
38341,0.39300001,Urban Minor Collector,LUNA AVENUE, NORTH OF COURTHOUSE STREET - SOUTH OF N.M. 6,20,2,2277,2346,1758,2076,2130,1572,2232,2253,1996,2015,792,40,8
38482,0.28999999,Urban Minor Collector,CORONADO STREET, EAST OF LUNA - WEST OF LOS LENTES,25,2,1024,1026,888,948,950,794,1128,1139,1008,1017,0,0,0
38343,0.116,Urban Minor Collector,LUNA AVENUE, NORTH OF N.M. 6 - SOUTH OF CORONADO STREET,20,2,2225,3170,2376,2029,2878,2125,3017,3045,2751,2777,322,16,3
38789,1.91999996,Urban Major Collector,CAMINO DEL LLANO, EAST OF AIRPORT - WEST OF DESI LOOP,35,2,0,1135,850,0,1030,760,1080,1090,985,994,1908,63,15
26599,0.336,Urban Major Collector,DEVARGAS RD.,EAST OF 114TH ST. - WEST OF CERRILLOS RD.,30,2,3405,3205,2601,3104,2910,2326,3242,3145,2956,2851,958,37,9
26534,0.59299999,Urban Major Collector,DEVARGAS RD.,EAST OF CERRILLOS RD. - WEST OF 98TH ST.,30,2,10109,9106,7389,9217,8268,6607,9210,8792,8397,7971,4727,183,43
26452,0.33399999,Urban Major Collector,GIRARD,NORTH OF GIBSON - SOUTH OF THAXTON AVE.,30,4,5025,5013,3782,4581,4552,3382,4480,3283,4006,2976,994,36,5
26451,0.391,Urban Major Collector,GIRARD,NORTH OF THAXTON - SOUTH OF SANTA CLARA,30,2,3270,3280,2481,3024,3033,2218,2939,2977,2627,2661,1040,37,3
25023,0.073,Urban Minor Collector,LEAD,NORTHEAST OF SAN CARLOS - WEST OF 14TH ST.,25,2,2662,1670,1134,2427,1516,1014,1409,1430,1285,1304,95,4,1
25025,0.125,Urban Minor Collector,LEAD,EAST OF 14TH ST. - WEST OF 12TH ST.,25,2,3374,3985,1651,3121,3685,1476,2051,2082,1834,1862,233,9,2
25136,0.11,Urban Minor Collector,COAL,SOUTHEAST OF ALCALDE - WEST OF 14TH ST.,25,1,1401,1197,813,1277,1087,727,1010,1025,921,935,103,4,1
25138,0.127,Urban Minor Collector,COAL,EAST OF 14TH ST. - WEST OF 12TH ST.,25,2,2991,3007,1967,2727,2715,1759,2444,2481,2185,2218,282,11,2
24892,0.068,Urban Minor Arterial,GOLD,EAST OF 7TH - WEST OF 6TH ST.,25,2,3451,2752,1869,3254,2575,1747,2322,2357,2171,2204,150,7,1
28593,0.162,Urban Major Collector,CENTRAL, EAST OF 8TH - WEST OF 6TH,25,2,9547,9599,6279,8704,8665,5614,7801,7919,6975,7081,1147,59,21
24891,0.15800001,Urban Minor Arterial,GOLD,SOUTHEAST OF 8TH (CENTRAL) - WEST OF 7TH ST.,25,2,2198,1857,1261,2073,1738,1179,1567,1591,1465,1487,235,11,2
38401,15.79100037,Rural Minor Arterial,N.M. 6,AMPA BOUNDARY (CIB/VAL CL) - 16.5 MILES EAST OF CL,60,2,1196,1109,989,1164,1062,940,1100,1176,1060,1133,17891,309,42
78407,1.78299999,Rural Minor Arterial,N.M. 6,SOUTH OF I-40 SOUTH RAMPS - VAL/CIB CO LINE,55,2,1774,1901,1696,1726,1820,1611,1886,2016,1818,1943,3464,65,9
29636,1.96000004,Rural Major Collector,SEDILLO HILL ROAD, S.E. OF MEADOW/VALLECITOS - W. OF I-40 WBD ON RAMP,50,2,1053,1157,1057,952,1062,960,1121,1117,1019,1015,1989,19,1
24776,0.161,Urban Principal Arterial,CENTRAL,EAST OF 12TH ST. - WEST OF COPPER,30,2,14344,10735,7289,13529,9993,6733,9056,9193,8411,8538,1375,71,31
24775,0.115,Urban Principal Arterial,CENTRAL,EAST OF COPPER - NORTHWEST OF 8TH,30,2,11318,11379,7444,10675,10877,6876,8053,8175,7479,7564,870,45,20
29905,0.18000001,Rural Major Collector, , ,0,0,0,0,0,0,0,0,0,0,0,0,0,0,0
22392,0.34299999,Urban Minor Arterial,UNIVERSITY, NORTH OF MENAUL - SOUTH OF CANDELARIA,35,4,13026,11633,8776,12136,10886,8205,10396,10095,9722,9527,3268,160,79
22317,0.54900002,Urban Principal Arterial,CANDELARIA,EAST OF UNIVERSITY - WEST OF GIRARD,35,4,15049,15012,11325,14194,13975,10461,17455,17683,16211,16362,8983,294,55
22281,0.191,Urban Principal Arterial,CANDELARIA,EAST OF PAN AMERICAN WEST - WEST OF UNIVERSITY BLVD.,40,5,18609,18563,14004,17551,17280,12935,17646,17877,16389,16541,3160,108,38
24481,0.25099999,Urban Interstate Frontage,PAN AM. EAST,NORTH OF CANDELARIA - SOUTH OF PAN AMERIAN FREEWAY,45,2,7396,7378,5566,6743,6699,4977,6593,7478,5896,6779,1702,51,17
24482,0.22,Urban Interstate Frontage,PAN AM. EAST,NORTH OF PAN AM FREEWAY - SOUTH OF COMANCHE INTCH.OFF RAMP,45,2,14432,14396,10861,13158,13071,9712,12692,12858,11571,11657,2565,77,25
24483,0.26100001,Urban Interstate Frontage,PAN AMERICAN FREEWAY,NORTH OF CANDELARIA - SOUTH OF PAN AMERICAN EAST,35,2,8384,8363,6309,7644,7593,5641,7473,7571,6682,6769,1767,68,23
26100,0.156,Urban Principal Arterial,JUAN TABO, NORTH OF SOUTHERN - SOUTH OF CENTRAL,35,4,21004,20952,15807,19810,19504,14600,18955,19203,17604,17768,2772,98,29
26140,1.01699996,Urban Major Collector,SOUTHERN RD., EAST OF EUBANK - WEST OF JUAN TABO,35,4,14009,16796,12671,12773,15250,11330,15010,15850,13684,14369,14613,484,113
26102,0.67699999,Urban Minor Collector,JUAN TABO,NORTH OF HORSESHOE TRL. - SOUTH OF SOUTHERN,35,4,13378,13345,10386,12197,12117,9287,12681,12847,11561,11647,7885,227,44
21257,0.36899999,Urban Principal Arterial,EUBANK,NORTH OF ACADEMY -  SOUTH OF SAN ANTONIO,40,4,19210,19636,14777,18118,18279,13649,16512,17274,15335,15983,5898,169,38
21263,0.199,Urban Principal Arterial,EUBANK,NORTH OF SAN ANTONIO - SOUTH OF DEL REY,40,4,17270,17653,13285,16288,16433,12271,15173,15874,14092,14688,2923,80,15
20340,0.336,Urban Principal Arterial,UNSER BLVD.,NORTH OF McMAHON - SOUTH OF C.L.,40,4,32991,35427,31121,31116,32979,28746,36608,37076,33999,34306,11527,340,79
20666,0.76200002,Urban Principal Arterial,MCMAHON BLVD.,EST OF UNER - WEST OF BANDELIER,40,4,18518,19067,15148,17465,17750,13992,17819,18047,16549,16698,12724,389,102
20338,0.74599999,Urban Principal Arterial,UNSER BLVD.,NORTH OF IRVING - SOUTH OF MCMAHON,40,4,27320,29873,24801,25767,27809,22908,27026,27372,25100,25327,18894,557,130
29944,0.117,Urban Interstate Off-Ramp,COORS INTCH.,I-40 WBD OFF TO NBD COORS/COORS EAST FRONTAGE RD.,0,0,44610,43616,34746,40774,39602,31068,39207,40340,35744,36571,0,0,0
22836,0.31900001,Urban Interstate On-Ramp,COORS INTCH.,I-40 EBD ON FROM COORS NBD OFF1,45,1,16393,16621,13488,14946,15091,12060,16813,15335,15033,13711,4374,98,19
23406,0.046,Urban Principal Arterial,COORS,NORTH OF I-40 EBD OFF - SOUTH OF I-40 S. RAMPS,40,4,58563,59377,48184,55234,55274,44506,60061,54780,55477,50599,2328,55,5
22596,0.045,Urban Interstate Off-Ramp,COORS INTCH.,I-40 WBD OFF TO NBD COORS/COORS EAST FRONTAGE RD.,35,2,21011,19317,15389,19258,17539,13760,18170,24628,16565,22327,1005,29,6
23221,0.16500001,Urban Interstate Off-Ramp,COORS INTCH.,I-40 EBD OFF TO SBD COORS,45,1,1520,1541,1251,1386,1399,1119,1765,1610,1609,1460,241,5,1
29945,0.102,Urban Interstate Off-Ramp,COORS INTCH.,I-40 EBD OFF TO NBD/SBD COORS,0,0,6067,6151,4992,5532,5585,4464,6726,5164,6132,4682,0,0,0
22363,0.22499999,Urban Principal Arterial,COORS,NORTH OF I-40 SOUTH RAMPS TO SOUTH OF I-40 WBD ON,40,4,28104,28495,23124,26506,26526,21359,41653,37990,38685,35151,7909,177,5
22365,0.163,Urban Principal Arterial,COORS,NORTH OF I-40 WBD ON TO SOUTH OF I-40 WBD OFF,40,4,26193,26970,21485,24704,25107,19845,25273,25596,23344,23642,3854,85,3
22366,0.063,Urban Principal Arterial,COORS,NORTH OF I-40 WBD OFF - SOUTH OF I-40 WBD ON,40,4,83368,84785,68740,79451,80802,63493,80859,81893,74687,75642,4504,100,3
23756,0.98100001,Urban Interstate,I-40 WBD,UNSER OFF RAMP - COORS ON RAMP1,65,3,43113,43829,41736,42904,43616,39767,47788,47645,45533,45396,44533,706,26
22628,0.21699999,Urban Interstate,I-40 WBD,COORS ON RAMP2 - COORS OFF RAMP,65,3,35381,35968,36184,36219,36820,34477,41431,41307,39476,39358,8540,138,16
23152,1.45299995,Urban Interstate,I-40 WBD,COORS OFF RAMP - RIO GRANDE ON RAMP,65,4,79991,81319,70908,76993,78271,67562,77800,80000,74164,73942,107438,1698,63
23224,0.52499998,Urban Interstate,I-40 EBD, COORS OFF RAMP - COORS ON RAMP 1,65,2,38829,39474,33865,38250,38885,32267,38775,38659,36946,36835,19338,297,6
23228,0.39399999,Urban Interstate,I-40 EBD,COORS ON RAMP1 - COORS ON RAMP2,65,3,53625,54515,43102,39125,39774,41068,49352,49204,47023,46882,18472,283,4
23196,1.09399998,Urban Interstate,I-40 EBD,COORS ON RAMP2 - RIO GRANDE OFF RAMP,65,4,84536,85939,70601,81300,82650,67270,77800,80000,74164,73942,80893,1241,19
23757,0.27000001,Urban Interstate,I-40 WBD,COORS ON RAMP1 - COORS ON RAMP2,65,3,36746,37356,36997,37399,38020,35251,42362,42235,40362,40241,10865,175,20
23223,0.25400001,Urban Interstate Off-Ramp,COORS INTCH.,I-40 EBD OFF TO NBD COORS/COORS E. FRONTAGE (1),45,1,4547,4610,3741,4146,4186,3345,4961,3554,4523,3222,818,18,4
22600,0.377,Urban Interstate Off-Ramp,COORS INTCH.,I-40 EBD OFF TO SBD COORS,35,1,23599,24299,19357,21516,22063,17308,21037,15712,19179,14244,5370,155,30
22780,0.33399999,Urban Interstate On-Ramp,COORS INTCH.,I-40 WBD ON RAMP FROM SBD COORS/COORS WEST FRONTAGE RD.,45,1,5704,5873,4679,5201,5333,4184,5979,3825,5451,3468,1159,26,5
29940,0.191,Urban Interstate Off-Ramp, , ,0,0,0,0,0,0,0,0,0,0,0,0,0,0,0
29941,0.124,Urban Interstate Off-Ramp, , ,0,0,0,0,0,0,0,0,0,0,0,0,0,0,0
29942,0.031,Urban Interstate On-Ramp, , ,0,0,0,0,0,0,0,0,0,0,0,0,0,0,0
29943,0.146,Urban Interstate On-Ramp, , ,0,0,0,0,0,0,0,0,0,0,0,0,0,0,0
29915,0.19599999,Urban Interstate Off-Ramp, , ,0,0,0,0,0,0,0,0,0,0,0,0,0,0,0
29946,0.116,Urban Interstate Off-Ramp, , ,0,0,0,0,0,0,0,0,0,0,0,0,0,0,0
29947,0.12800001,Urban Interstate Off-Ramp, , ,0,0,0,0,0,0,0,0,0,0,0,0,0,0,0
29948,0.112,Urban Interstate Frontage, , ,0,0,0,0,0,0,0,0,0,0,0,0,0,0,0
29949,0.145,Urban Interstate Frontage, , ,0,0,0,0,0,0,0,0,0,0,0,0,0,0,0
23333,0.176,Urban Interstate On-Ramp,COORS INTCH.,I-40 WBD ON RAMP FROM NBD COORS,45,1,1223,1259,1003,1115,1143,897,1407,702,1283,636,112,3,0
23168,0.67400002,Urban Interstate On-Ramp,COORS INTCH.,I-40 EBD ON RAMP FROM SBD COORS/COORS WEST FRONTAGE RD.,45,1,34248,34724,28178,31225,31528,25196,19963,28893,18200,26194,17655,395,76
29916,0.15700001,Urban Interstate Off-Ramp, , ,0,0,0,0,0,0,0,0,0,0,0,0,0,0,0
20781,1.06799996,Urban Principal Arterial,UNSER BLVD.,NORTHWEST OF ATRISCO (NORTH) - SOUTHWEST OF RAINBOW,45,4,24995,26841,21154,23574,24986,19539,24352,26895,22617,24885,26578,696,162
38340,0.70499998,Urban Major Collector,LOS LENTES STREET, NORTH OF BLAYLOCK LANE - EAST OF N.M. 314,25,2,3986,4217,3099,3652,3845,2771,3935,3972,3519,3552,0,0,0
38355,0.90200001,Urban Minor Arterial,N.M. 314, NORTH OF TRUJILLO STREET - S. OF LOS LENTES (NORTH),45,2,6378,6570,4924,6014,6148,4604,6252,6311,5846,5901,5323,144,41
38320,2.37700009,Rural Minor Arterial,N.M. 314, N. OF LOS LENTES (ISLETA RES.) - AT BERNALILLO/VALENCIA C.L,55,4,6449,8710,4979,6274,5575,4730,6322,5500,6006,5200,14409,271,37
38540,10.28899956,Rural Minor Arterial,N.M. 6,16.5 MILES EAST OF CIB/VAL C.L. - DALIES RD.,60,2,872,874,755,855,857,717,959,968,910,919,0,0,0
30138,3.59200001,Urban Minor Arterial,N.M. 6,EAST OF DALIES RD. - WEST OF HUNING RANCH RD.,60,2,3171,3614,2708,2990,3382,2532,3439,3471,3216,3246,11660,219,44
38634,6.98199987,Urban Interstate,I-25 NBD,BELEN NORTH ON RAMP - LOA LUNAS OFF RAMP,75,2,13539,13764,9159,12786,12998,8727,10487,10456,9992,9962,69555,997,128
38632,6.77400017,Urban Interstate,I-25 SBD,BELEN NORTH OFF RAMP - LOS LUNAS ON RAMP,75,2,12689,12900,10734,11975,12174,10228,12290,12253,11711,11676,79093,1145,156
40900,0.41600001,Rural Interstate,I-40 EBD, N.M. 3 OFF RAMP - N.M. 3 ON RAMP,75,2,13408,13631,13023,13440,13663,12935,14859,17345,14759,17229,7168,103,13
45150,0.40400001,Rural Interstate,I-40 WBD, N.M. 3 ON RAMP - N.M. 3 OFF RAMP,75,2,13227,13447,14920,13260,13480,14819,17024,19872,16908,19737,7974,114,14
46051,0.56099999,Rural Interstate Off-Ramp,CLINES INTCH., I-40 EBD OFF RAMP,35,1,1610,2123,1940,1540,1948,1762,2058,2074,1857,1872,1050,30,6
46053,0.52100003,Rural Interstate Off-Ramp,CLINES INTCH., I-40 WBD OFF RAMP1,35,1,1130,959,877,1081,880,797,930,937,839,846,441,13,2
40590,0.57200003,Rural Interstate,I-40 EBD, CLINES OFF RAMP - CLINES ON RAMP,75,2,12352,14959,12984,12412,15140,12896,14815,17294,14722,17185,9830,142,18
46052,0.373,Rural Interstate On-Ramp,CLINES INTCH.,I-40 EBD ON RAMP,45,1,835,852,779,799,782,708,827,834,746,752,280,6,1
49905,0.23199999,Rural Major Collector, , ,0,0,0,0,0,0,0,0,0,0,0,0,0,0,0
40101,0.57800001,Rural Principal Arterial,U.S. 285, NORTH OF I-40 SOUTH RAMPS - SOUTH OF I-40 NORTH RAMPS,45,2,3494,3528,3052,3463,3501,3093,3467,3408,3514,3454,1996,38,2
39902,0.331,Rural Major Collector, , ,0,0,0,0,0,0,0,0,0,0,0,0,0,0,0
39907,0.064,Rural Major Collector, , ,0,0,0,0,0,0,0,0,0,0,0,0,0,0,0
38749,0.076,Urban Principal Arterial,MAIN ST. (FAP LOOP),WEST OF N.M. 314 - EAST OF N.M. OFF RAMP1,45,4,9994,10296,7716,9426,9585,7127,13700,13829,12724,12796,973,26,6
38728,0.13699999,Urban Principal Arterial,MAIN ST. (FAP LOOP),WEST OF N.M. 314 OFF RAMP1 - EAST OF N.M. 314 OFF RAMP2,45,4,11144,11481,8604,10511,10688,7947,11113,11217,10321,10379,1422,39,10
38700,0.338,Urban Principal Arterial,MAIN ST. (FAP LOOP),WEST OF N.M. 314 OFF RAMP2 - EAST OF DON FELIPE RD.,45,4,13699,14113,10576,12920,13138,9769,13429,13555,12405,12522,4232,115,30
38745,0.25099999,Urban Principal Arterial,MAIN ST. (FAP LOOP),NORTH OF LOPEZ LOOP - SOUTH OF N.M. 314 SBD,40,4,18974,19208,14394,17895,17881,13295,18088,18258,16799,16894,4240,125,29
38744,0.15099999,Urban Principal Arterial,MAIN ST. (FAP LOOP),NORTH OF N.M. SBD - SOUTH OF N.M. 314,45,4,10492,10809,8100,9896,10062,7482,17347,17510,16111,16202,2447,64,15
38727,0.042,Urban Principal Arterial,N.M. 314 (NBD ONLY),NORTH OF GABALDON RD. - SOUTH OF N.M. 314 OFF RAMP1,45,4,3384,3391,2933,3226,3233,2709,3724,3759,3440,3472,0,0,0
38726,0.068,Urban Principal Arterial,N.M. 314 (NBD ONLY),NORTH OF MAIN ST. - SOUTH OF GABALDON RD.,45,4,3384,3391,2933,3226,3233,2709,3724,3759,3440,3472,0,0,0
38725,0.163,Urban Principal Arterial,N.M. 314 (NBD ONLY),NORTH OF N.M. 314 OFF RAMP1 - SOUTH OF N.M. 314 SBD,45,4,5366,5718,4143,5061,5465,3827,5261,5310,4860,4906,0,0,0
38724,2.13400006,Urban Principal Arterial,N.M. 314,NORTH OF MAIN ST INTCH - SOUTH OF SQUARE DEAL RD.,40,2,10542,11235,8138,9942,10737,7516,10664,10764,9904,9960,21255,627,147
29991,0.039,Rural Major Collector, , ,0,0,0,0,0,0,0,0,0,0,0,0,0,0,0
29992,0.047,Rural Major Collector, , ,0,0,0,0,0,0,0,0,0,0,0,0,0,0,0
40020,14.50899982,Rural Minor Collector,N.M. 3, NORTH OF U.S. 54 AT DURAN - SOUTH OF U.S. 60 AT ENCINO,55,2,192,192,160,170,170,143,188,189,168,169,2438,45,9
40091,1.83599997,Rural Principal Arterial,U.S. 60, EAST OF N.M. 3 AT ENCINO - 1.804 EAST OF N.M. 3,35,4,3284,3315,2867,3255,3290,2906,3257,3202,3301,3245,5958,172,33
40031,6.07800007,Rural Minor Arterial,N.M. 41, NORTH OF N.M. 542 - SOUTH OF N.M. 55,55,2,1437,1451,1294,1398,1389,1229,1439,1538,1367,1461,8886,167,23
29532,0.27399999,Urban Interstate Off-Ramp,N.M. 14 INTCH., I-40 EBD OFF RAMP TO N.M. 337,35,1,3073,2810,2189,2802,2551,1957,2491,2490,2271,2257,618,18,3
29596,0.056,Urban Major Collector,N.M. 337, NORTH OF I-40 EBD OFF RAMP - SOUTH OF I-40 WBD ON/CAN. ESTS,35,2,3372,3398,3670,3119,3143,3305,4176,4162,3761,3748,210,7,2
29576,0.33700001,Urban Major Collector,N.M. 333,EAST OF N.M. 337 - WEST OF I-40 EBD OFF RAMP TO N.M. 14,35,2,6769,7439,5795,6172,6754,5182,6595,6572,5897,5877,1981,66,15
29578,0.233,Urban Major Collector,N.M. 333,EAST OF I-40 EBD OFF - WEST OF WEST EAMP TO N.M. 14,35,2,12359,11001,8570,11268,9989,7663,9753,9719,8892,8861,2065,69,16
29594,0.077,Urban Major Collector,N.M. 337,NORTH OF N.M. 333 - SOUTH OF I-40 EBD OFF RAMP,35,2,5612,6168,4805,5117,5600,4296,5468,5449,4889,4872,375,13,4
29540,0.30199999,Urban Interstate On-Ramp,N.M. 14 INTCH., I-40 WBD ON RAMP FROM N.M. 14,45,1,5476,5409,4214,4993,4911,3768,4796,5072,4372,4598,1389,31,6
46023,0.76099998,Rural Interstate Off-Ramp,MORIARTY E. INTCH., I-40 WBD OFF RAMP,35,1,592,416,380,535,382,345,403,402,364,363,276,8,2
46022,0.542,Rural Interstate On-Ramp,MORIARTY E. INTCH., I-40 EBD ON RAMP,45,1,784,592,541,709,543,491,574,572,518,516,280,6,1
26613,0.17,Urban Interstate Off-Ramp,LOMAS INTCH.,I-25 NBD OFF RAMP,45,1,5951,5936,4478,5426,5390,4004,5304,5373,4743,4805,817,18,4
26339,0.428,Urban Principal Arterial,COORS,NORTH OF SAGE - SOUTH OF TOWER,45,4,23105,21503,17450,21792,20017,16118,21751,19838,20201,18425,7886,226,68
25972,0.43099999,Urban Principal Arterial,AVENIDA CESAR CHAVEZ, EAST OF 3RD ST. - WEST OF BROADWAY,35,4,36765,37004,25922,34675,34447,23943,31379,32761,29143,30313,13065,439,92
24910,0.14399999,Urban Interstate,I-25 NBD,M.L.K. OFF RAMP - LOMAS OFF RAMP,65,3,86631,88069,71097,83610,84998,67742,81406,65700,77565,77332,11136,185,26
24820,0.07,Urban Principal Arterial,MARTIN LUTHER KING JR, EAST OF LOCUST - WEST OF OAK,30,5,17039,17090,12930,16237,16285,11942,15316,15516,14146,14331,1003,41,11
24760,0.124,Urban Interstate Frontage,OAK,NORTH OF I-25 NBD ON RAMP - SOUTH OF I-25 NBD OFF RAMP,35,2,2679,2672,2016,2443,2426,1803,2388,2419,2136,2164,268,10,3
24765,0.29699999,Urban Interstate Frontage,OAK,NORTH OF I-25 NBD ON RAMP - SOUTH OF LOMAS,35,3,9170,9147,6901,8361,8305,6171,8175,8282,7310,7406,2200,84,28
45140,3.95099998,Rural Interstate,I-40 WBD, PALMA OFF RAMP - N.M. 3 ON RAMP,75,2,13253,15920,13819,13266,16112,13725,15767,18405,15668,18290,72264,1034,127
21484,0.42699999,Urban Interstate,I-25 NBD, JEFFERSON OFF RAMP - JEFFERSON ON RAMP,65,3,67160,68275,41288,64919,65997,39340,47275,47133,45044,44909,19177,296,4
21432,0.54400003,Urban Interstate,I-25 SBD, JEFFERSON ON RAMP - JEFFERSON OFF RAMP,65,3,71235,72418,39203,68785,69927,37353,44887,44752,42769,42641,23197,367,21
21398,0.215,Urban Principal Arterial,EUBANK,NORTH OF CAMINO DEL SOL - SOUTH OF MALGUENA,40,4,25748,26320,19807,24284,24501,18295,20975,21944,19480,20304,4365,124,27
10080,0.61000001,Urban Principal Arterial,UNSER BLVD., NORTH OF SOUTHERN - SOUTH OF SPRING ROAD,40,4,31800,32743,26808,29992,30481,24762,31534,31937,29287,29551,18026,532,124
20748,0.51200002,Urban Principal Arterial,PASEO DEL NORTE, EAST OF HOLBROOK - WEST OF EUBANK,55,6,29583,30240,22757,27901,28151,21020,28515,29832,26483,27603,14132,311,76
20205,0.34200001,Urban Principal Arterial,ELLISON, EAST OF SEVEN BAR LOOP - WET OF ENT. CIBOLA H.S.,40,4,22783,23459,18688,21488,21838,17262,21429,21703,19902,20081,6868,210,55
20017,0.498,Urban Minor Collector,MODESTO,EAST OF BROWNING - WEST OF LOWEL,25,2,256,262,197,233,238,176,235,246,210,220,110,4,1
20014,0.42199999,Urban Major Collector,TENNYSON, NORTH OF S. DOMINGO BACA ARR. - SOUTH OF LIVE OAK RD,25,2,471,481,362,429,437,324,432,452,386,404,171,8,2
20762,0.61199999,Urban Principal Arterial,PASEO DEL NORTE,EAST OF LOWELL - WEST OF TRAMWAY,55,5,15001,15334,11539,14148,14274,10658,14382,15046,13357,13922,8520,182,40
10278,1.69700003,Rural Minor Arterial,N.M. 4,NORTH OF DAY SCHOOL RD.(S.) - SOUTH OF DAY SCHOOL RD. (N.),50,2,3772,4257,3797,3670,4077,3607,4222,4513,4070,4351,7382,153,21
10092,0.336,Urban Principal Arterial,SOUTHERN BLVD., EAST OF UNSER BLVD.(NORTH) - WEST OF WESTERN HILLS,40,4,20646,21259,16936,19472,19790,15643,19922,20177,18401,18636,6262,194,55
22352,0.077,Urban Major Collector,OURAY,EAST OF ATRISCO (NORTH) - WEST OF COORS WEST FRONTAGE RD.,30,2,13181,13572,12702,12018,12323,11358,11942,13381,10887,12131,934,32,2
22355,0.029,Urban Major Collector,OURAY,EAST OF COORS WEST FRONTAGE - WEST OF COORS EAST FRONTAGE,30,4,13040,13427,10696,11889,12191,9564,12582,18216,11250,16514,479,20,6
22364,0.32699999,Urban Principal Arterial,COORS,NORTH OF I-40 N. RAMPS - SOUTH OF QUAIL,40,7,63508,65392,52093,59898,60874,48117,59035,59790,54828,55322,18090,510,85
26638,0.89999998,Urban Major Collector,BLAKE ROAD,EAST OF UNSER - WEST OF COORS,30,2,10743,10174,8408,9846,9238,7518,9848,9833,8978,8914,8023,310,73
25061,0.41,Urban Principal Arterial,UNSER BLVD.,NORTH OF BLAKE RD. - SOUTH OF GIBSON WEST,40,4,15060,14607,11853,14204,13598,10948,14775,17455,13722,16151,6622,195,46
25063,0.65799999,Urban Principal Arterial,UNSER BLVD.,NORTH OF GIBSON WEST - SOUTH OF ARENAL,40,4,17616,17861,14494,16615,16627,13388,20032,18270,18605,16905,11123,328,76
26584,0.84100002,Urban Minor Arterial,ARENAL,EAST OF UNSER - WEST OF COORS,40,4,12689,12865,10440,11966,12039,9760,12422,11330,11617,10692,8992,253,51
25054,0.34900001,Urban Principal Arterial,UNSER BLVD.,NORTH OF ARENAL - SOUTH OF SAGE,40,4,19602,19874,16128,18488,18501,14897,22401,20431,20805,18904,6597,195,46
26581,0.454,Urban Major Collector,ARENAL,EAST OF 86TH - WEST OF UNSER,40,4,3049,3091,2508,2780,2807,2243,3126,2080,2796,1886,857,25,6
22386,0.26499999,Urban Major Collector,86TH STREET,NORTH OF ARENAL - SOUTH OF SAGE,30,2,2662,2658,2157,2427,2413,1929,2689,2453,2452,2236,593,24,7
22382,0.27200001,Urban Major Collector,86TH STREET,EAST OF 98TH ST. - SOUTH OF CAMINO SAN MARTIN,25,2,1598,1620,1315,1457,1471,1176,1639,1495,1466,1337,364,18,5
22383,0.41600001,Urban Major Collector,86TH STREET,NORTH OF CAMINO SAN MARTIN - SOUTH OF ARENAL,30,2,2616,2652,2152,2385,2408,1924,2682,2446,2398,2187,910,37,10
26748,0.147,Urban Minor Arterial,RIO BRAVO BLVD.,EAST OF I-25 E. RAMPS - WEST OF UNIVERSITY,45,4,8147,10975,8280,7683,10270,7741,9808,9936,9172,9292,1366,38,10
22664,1.35500002,Urban Major Collector,UNIVERSITY,NORTH OF LOS PICAROS - SOUTH OF RIO BRAVO,40,4,5530,5566,3899,5042,5054,3486,5010,5231,4479,4676,6336,195,52
22663,1.01600003,Urban Major Collector,UNIVERSITY,NORTH OF BOBBY FOSTER - SOUTH OF LOS PICAROS,40,2,5439,5474,3835,4959,4970,3429,4928,5145,4406,4600,4674,144,39
12231,0.28,Urban Principal Arterial,UNSER BLVD.,NORTH OF ABRAZO - SOUTH OF IDALIA,45,4,29050,29912,28330,27399,27845,26168,38619,39113,35867,36190,10133,265,62
18565,1.06400001,Urban Major Collector,ABRAZO,EAST OF 10TH ST. - NORTHWEST OF IDALIA,25,2,2167,2231,1777,1976,2026,1589,2090,2117,1869,1893,2013,99,27
10556,0.38,Urban Minor Collector,IDALIA,NORTHEAST OF ABRAZO - SOUTHWEST OF UNSER (NORTH),20,2,463,477,271,422,433,242,191,193,174,175,66,3,1
18567,0.095,Urban Major Collector,ABRAZO,SOUTHEAST OF IDALIA - WEST OF TULIP,25,2,2506,2580,2055,2285,2343,1838,2417,2448,2162,2190,208,10,2
11321,1.13100004,Urban Minor Arterial,NORTHERN BLVD.,EAST OF RAINBOW - WEST OF ABRAZO,45,2,3460,3563,2912,3263,3334,2722,3512,3557,3284,3357,3797,89,13
24442,0.33199999,Urban Minor Arterial,ARROYO VISTA,NORTH OF I-40 NORTH RAMPS - SOUTH OF LADERA,45,4,23436,24131,8178,22101,22581,7646,9594,9717,8972,9170,3044,83,23
23265,0.528,Urban Minor Arterial,LADERA DRIVE,EAST OF 98TH ST. - WEST OF GAVIN RD.,25,4,6944,7150,5696,6548,6691,5326,6700,6786,6265,6345,3350,151,31
29966,0.11,Rural Major Collector, , ,0,0,0,16800,13383,0,15100,15100,15742,15943,17762,17989,0,0,0
29921,0.083,Rural Major Collector, , ,0,0,0,200,159,0,100,100,187,189,118,120,0,0,0
24443,0.114,Urban Minor Arterial,ARROYO VISTA,NORTH OF I-40 WBD OFF RAMP - SOUTH OF I-40 N. RAMPS,45,5,8278,8524,6790,7807,7976,6348,7987,8089,7467,7562,862,23,7
29989,0.15700001,Rural Major Collector, , ,0,0,0,400,319,0,300,300,375,380,353,358,0,0,0
23879,0.12,Urban Major Collector,106TH ST.,NORTH OF EUCARIZ - SOUTH OF SUNSET WEST,25,2,1277,1295,1051,1164,1176,940,1310,1195,1172,1069,128,6,2
11133,0.56699997,Urban Minor Arterial,IRIS,NORTH OF IDALIA - SOUTH OF PASEO DEL VOLCAN (N.),30,2,4689,4828,3846,4422,4518,3596,4524,4582,4230,4284,2430,99,28
11559,1.48399997,Urban Principal Arterial,PASEO DEL VOLCAN(N),EAST OF LOMA COLORADO - WEST OF IRIS,55,2,7788,8019,5867,7345,7465,5419,7247,7340,6731,6792,10079,224,58
11325,0.31,Urban Major Collector,MEADOWS BLVD (RR),NORTH OF PASEO DEL VOLCAN (N.) - SOUTH OF KING BLVD.,30,4,3781,3893,3292,3447,3535,2944,3872,3922,3530,3556,1102,45,12
11555,1.12699997,Urban Local,PASEO DEL VOLCAN(N),EAST OF MEADOWS BLVD. - WEST OF UNSER BLVD. (NORTH),55,2,0,0,0,0,0,0,0,0,0,0,0,0,0
18508,0.58399999,Urban Principal Arterial,UNSER BLVD.,NORTH OF PASEO DEL VOLCAN (N.) - SOUTH OF KING BLVD.,45,4,12012,15992,12740,11329,14887,11768,14986,15178,13918,14096,8233,216,50
11557,1.12600005,Urban Principal Arterial,PASEO DEL VOLCAN(N),EAST OF UNSER BLVD. -WEST OF BROADMOOR,55,2,9495,9777,7788,8955,9102,7194,8704,8815,8084,8156,9184,204,53
10139,1.02900004,Urban Minor Arterial,CABEZON,EAST OF WESTERN HILLS DR. - WEST OF GOLF COURSE RD.,35,2,7809,9137,6557,7364,8550,6130,7713,7286,7213,6876,7075,228,46
10349,1.33099997,Urban Principal Arterial,WESTSIDE BLVD.,EAST OF UNSER - WEST OF GOLF COURSE,25,2,10964,11289,8993,10341,10509,8307,9530,9652,8851,8931,11886,581,152
10071,0.56400001,Urban Principal Arterial,UNSER BLVD.,NORTH OF 19TH AVE. - SOUTH OF CABEZON,45,4,39066,40225,37166,36845,37446,34329,49744,50380,46199,46615,26291,688,161
25004,0.067,Urban Minor Arterial,GOLD,EAST OF 2ND. - WEST OF 1ST,25,2,3532,3421,2323,3331,3201,2172,2886,2930,2699,2740,184,8,2
25084,0.85000002,Urban Principal Arterial,PASEO DEL NORTE,EAST OF UNSER - WEST OF KIMMICK,35,2,17019,16234,12377,16052,15112,11432,14907,17091,13845,15814,13443,469,122
25086,1.10899997,Urban Principal Arterial,PASEO DEL NORTE,EAST OF KIMMICK - WEST OF GOLF COURSE,45,4,17665,18189,14490,16661,16932,13384,18824,19065,17483,17640,19564,592,201
10221,13.03999996,Rural Principal Arterial,U.S. 550,WEST OF N.M. 4 - SOUTH OF JEMEZ RD.,45,4,5913,6225,5384,5860,6178,5458,6368,6260,6332,6224,81161,1236,-6
26852,1.01900005,Urban Major Collector,2ND STREET,NORTH OF DESERT RD. - SOUTH OF EASTVIEW,40,2,3242,2675,1874,2956,2429,1676,2408,2514,2195,2292,2336,72,19
20667,0.67000002,Urban Principal Arterial,MCMAHON BLVD.,EAST OF BANDELIER - WEST OF GOLF COURSE RD.,40,4,26487,27273,21203,24981,25389,19585,27056,26057,25128,24110,16154,493,129
26648,0.72600001,Urban Principal Arterial,SEN. DENNIS CHAVEZ,EAST OF 118TH ST. - WEST OF 98TH ST.,45,2,9196,9324,7566,8673,8680,6988,9431,8699,8711,8049,5844,158,41
26654,0.47600001,Urban Principal Arterial,ATRISCO VISTA,NORTH OF FRONTAGE RD. - SOUTH OF ENTRANCE TO TEMPUR PEDIC,45,2,3448,3550,2828,3252,3305,2612,3327,3370,3073,3112,1482,39,9
26657,2.43400002,Urban Principal Arterial,ATRISCO VISTA,N.OF SHOOTING RANGE RD. - S. OF AIRPORT RD.,40,2,2383,2454,1955,2248,2284,1806,2300,2329,2124,2151,5236,154,36
25024,0.053,Urban Minor Collector,ALCALDE,NORTHEAST OF COAL - SOUTHWEST OF SAN CARLOS/LEAD,25,2,2427,1894,1286,2226,1720,1150,1598,1622,1457,1479,78,3,1
30010,0.329,Rural Minor Collector,RIO DEL ORO LOOP (N.),EAST OF LA ENTRADA - WEST OF SANDHILL RD.,35,2,1322,1362,1021,1174,1209,913,1296,1308,1159,1170,385,11,2
26659,0.5,Urban Major Collector,DBLE EAGLE AIRPORT RD,END OF ROAD - WEST OF PASEO DEL VOLCAN,30,2,268,276,270,244,251,241,375,380,342,345,173,7,2
20374,0.537,Urban Minor Arterial,RAINBOW,NORTH OF WOODMONT - SOUTH OF P.D.N.,40,2,9659,9946,7923,9109,9307,7407,9320,9883,8713,9327,5009,153,43
20379,1.07000005,Urban Minor Arterial,RAINBOW,NORTHWEST OF UNIVERSE - SOUTH OF WOODMONT,30,4,9784,10074,8025,9227,9427,7503,9440,9673,8826,9129,9768,398,112
23251,0.077,Urban Principal Arterial,SAN MATEO,NORTH OF I-40 WBD ON - S. OF I-40 N. RAMPS,35,6,42994,43824,33062,40550,40796,30538,39164,38263,36373,35404,2726,102,34
10263,19.13400078,Rural Major Collector,N.M. 126,.749 MILES N.W. OF FS ROAD 1070 - FENTON LAKE S.P.(W. ENT.),55,2,741,742,719,689,690,653,763,769,693,699,0,0,0
32558,0.447,Urban Local,SUN VALLEY RD.,EAST OF EDEAL RD. - WEST OF NM 263,20,2,841,866,649,777,800,580,824,832,736,743,332,22,7
26794,0.639,Urban Major Collector,GUN CLUB ROAD,EAST OF GRACE VIGIL RD.- WEST OF COORS,30,2,3661,3712,3012,3338,3370,2693,3754,3424,3357,3062,1957,76,18
26663,0.58700001,Urban Principal Arterial,SEN. DENNIS CHAVEZ,EAST OF CONDERSHINE DR. - WEST OF COORS,45,2,20359,20642,16751,19202,19216,15472,20740,18916,19262,17503,10274,330,98
25059,0.99900001,Urban Principal Arterial,UNSER BLVD.,NORTH OF DENNIS CHAVEZ - SOUTH OF BLAKE RD.,40,2,10810,10960,8894,10196,10203,8215,12115,11050,11252,10224,10213,301,70
22459,1.06099999,Urban Major Collector,LOS PICAROS,EAST OF UNIVERSITY - WEST OF IRA SPRECHER,45,2,1754,1765,1236,1599,1603,1105,1588,1658,1420,1483,1573,40,9
26649,0.51899999,Urban Principal Arterial,SEN. DENNIS CHAVEZ,EAST OF 98TH ST. - WEST OF UNSER,45,2,13731,13922,11298,12950,12960,10436,14187,12939,13176,11972,6213,169,44
26535,1.06200004,Urban Principal Arterial,98TH STREET,NORTH OF DENNIS CHAVEZ - SOUTH OF BLAKE ROAD,30,4,9624,9758,7919,9077,9084,7315,9871,11669,9118,10797,11466,450,105
26541,0.65700001,Urban Principal Arterial,98TH STREET,NORTH OF 86TH ST. - WOUTH OF SAGE,35,4,21056,21349,17325,19859,19874,16003,21596,19240,19948,17802,11697,394,92
26542,0.255,Urban Principal Arterial,98TH STREET,NORTH OF BLAKE RD. - SOUTH OF GIBSON BLVD. WEST,35,3,9381,9738,7872,8941,9281,7271,9812,8949,9063,8266,2108,71,16
26537,0.23899999,Urban Principal Arterial,98TH STREET,NORTH OF GIBSON BLVD. WEST - SOUTH OF 86TH ST.,30,2,11523,11683,9481,10868,10876,8757,9506,8670,8829,8022,1917,75,18
25038,1.01300001,Urban Major Collector,GIBSON WEST,EAST OF MESSINA DR. - WEST OF 98TH STREET,40,4,5366,5441,4415,4892,4940,3948,5503,5019,4921,4488,4546,132,31
25039,0.62800002,Urban Major Collector,GIBSON WEST,EAST OF 98TH STREET - WEST OF UNSER BLVD.,40,4,7342,7444,6041,6694,6759,5402,7530,6868,6734,6142,3857,112,26
26639,0.51899999,Urban Major Collector,BLAKE ROAD,EAST OF 98TH STREET - WEST OF UNSER BLVD.,30,2,5129,5200,4220,4676,4721,3773,5260,4797,4703,4289,2227,86,20
23658,0.5,Urban Major Collector,114TH ST.,NORTH OF DEVARGAS ROAD - SOUTH OF EUCARIZ,30,2,2625,2661,2159,2393,2416,1931,2691,2454,2407,2195,1098,45,12
25673,0.47499999,Urban Major Collector,DAYTONA,EAST OF TRANSIT FACILITY - NORTH OF LOS VOLCANES,30,2,2593,2629,2133,2364,2387,1907,2659,2425,2377,2168,1030,40,9
25236,0.119,Urban Major Collector,LOS VOLCANES,EAST OF DAYTONA RD. - WEST OF UNSER,35,2,7910,8020,6938,7212,7282,6203,9183,8375,8372,7593,904,30,7
25238,0.32699999,Urban Major Collector,LOS VOLCANES,EAST OF UNSER - WEST OF GALLATIN PL.,35,2,9702,9837,7342,8846,8932,6564,8352,7618,7614,6906,2259,75,17
25258,0.40799999,Urban Major Collector,GALLATIN,NORTH OF LOS VOLCANES - SOUTH OF FORTUNA,25,2,4163,4221,3425,3796,3833,3063,4269,3894,3818,3482,1421,70,19
25259,0.85000002,Urban Major Collector,FORTUNA,EAST OF GALLATIN - WEST OF COORS BLVD.,25,2,4386,4447,3609,3999,4038,3227,4499,4103,4022,3668,3118,145,34
24715,0.095,Urban Major Collector,BLUEWATER,EAST OF AIRPORT DR. - WEST OF AIRPORT DR.,30,2,5160,5356,4330,4772,4953,3872,5397,4922,4826,4402,0,0,0
25426,0.33000001,Urban Major Collector,AIRPORT DR.,NORTH OF BLUE WATER - WOUTH OF LOS VALCANOS,25,2,3989,4044,3282,3637,3672,2935,4091,3731,3658,3336,1101,54,15
25242,0.186,Urban Major Collector,LOS VOLCANES,EAST OF GALLATIN PL. - WEST OF AIRPORT DR.,35,2,4564,4627,3948,4161,4201,3531,5163,4709,4707,4269,794,26,6
25244,0.52499998,Urban Major Collector,LOS VOLCANES,EAST OF AIRPORT DR. - WEST OF COORS,35,2,5759,5839,4588,5251,5302,4103,5533,5046,5044,4575,2401,80,19
25438,0.36399999,Urban Minor Collector,CHELWOOD,NORTH OF CONEJO - SOUTH OF COPPER,35,2,1902,1897,1431,1734,1722,1280,1695,1717,1516,1536,559,16,3
26633,0.87400001,Urban Major Collector,118TH ST.,NORTH OF DENNIS CHAVEZ - SOUTH OF GAYLE LN.,30,2,4270,4329,3513,3893,3931,3141,4379,3994,3915,3571,3120,128,34
26103,1.12199998,Urban Minor Collector,JUAN TABO,NORTH OF POMPANO TRL. - SOUTH OF HORSESHOE TRL.,35,2,12019,11989,7613,10958,10886,6808,7322,7418,6675,6725,7545,217,42
23272,0.45300001,Urban Minor Collector,LAURELWOOD PKWY,NORTH OF HANOVER RD. - SOUTH OF LADERA DR.,25,2,2161,2225,1773,1970,2020,1585,2086,2113,1864,1888,855,34,7
24445,0.41299999,Urban Major Collector,ARROYO VISTA,NORTH OF LADERA DR. - SOUTHEAST OF TIERRA PINTADA BLVD.,35,6,4324,4452,3547,3942,4042,3172,4172,4225,3731,3779,1561,55,15
24449,1.78299999,Urban Major Collector,TIERRA PINTADA BLVD.,NORTHEAST OF ARROYO VISTA - WEST OF UNSER BLVD.,30,4,7220,7434,6808,6583,6750,6088,9050,9166,8251,8310,14815,573,134
23268,0.41600001,Urban Principal Arterial,UNSER BLVD.,NORTH OF LADERA DR. - SOUTH OF TIERRA PINTADA BLVD.,45,4,29049,29911,23828,27398,27844,22009,28020,28378,26023,26257,10923,263,44
22369,0.17,Urban Major Collector,OURAY,EAST OF COORS EAST FRONTAGE RD. - WEST OF CORONA DR.,30,2,9816,10107,8052,9067,9336,7200,9472,9593,8469,8577,1458,56,13
22348,0.14,Urban Local,QUAIL,EAST OF COORS - WEST OF CORONA DR.,25,2,10746,11065,8815,9926,10221,7882,10369,10502,9272,9391,1315,63,17
22353,0.109,Urban Local,REDLANDS,EAST OF COORS - WEST OF CORONA DR.,30,2,2350,2420,1928,2171,2235,1724,2268,2297,2028,2054,224,10,3
22359,0.208,Urban Local,CORONA DR.,NORTH OF OURAY - SOUTH OF QUAIL,35,2,6457,6649,5297,5964,6142,4736,6231,6311,5571,5642,1174,53,24
22358,0.2,Urban Local,CORONA DR.,NORTH OF QUAIL - SOUTH OF REDLANDS,35,2,3002,3091,2462,2773,2855,2201,2896,2933,2589,2622,524,23,11
22376,0.88999999,Urban Minor Collector,TESUQUE DR.,NORTH OF MOJAVE - EAST OF HOMESTEAD CIR.,25,2,2251,2318,1654,2052,2105,1479,1946,1971,1774,1787,1591,64,12
21144,0.168,Urban Principal Arterial,MONTANO,EAST OF UNSER - WEST OF TESUQUE,40,4,13654,14993,12577,12878,13957,11617,14761,15162,13709,14029,2357,65,13
20886,0.26499999,Urban Major Collector,HOMESTEAD CIRCLE,WEST OF MOJAVE - SOUTH OF TESUQUE,25,2,1558,1604,957,1420,1456,856,1126,1140,1027,1034,274,14,4
22362,0.33199999,Urban Major Collector,TESUQUE DR.,NORTH OF MONTANO - SOUTH OF MOJAVE,25,2,1941,1999,1113,1770,1815,995,1309,1326,1193,1202,399,20,5
22377,0.27000001,Urban Major Collector,MOJAVE,EAST OF ATRISCO BLVD. - WEST OF TESUQUE DR.,25,2,785,808,532,716,734,476,626,634,571,575,155,7,2
22379,0.248,Urban Major Collector,MOJAVE,EAST OF TESUQUE DR. - SOUTH OF BOCA NEGRA ARROYO,25,2,478,492,243,436,447,217,286,290,261,263,65,3,1
22449,0.264,Urban Major Collector,MOJAVE,NORTH OD BOCA NEGRA ARROYO - WEST OF SAN ILDEFONSO,25,2,1268,1306,1040,1156,1186,930,1223,1239,1094,1108,293,14,3
22451,0.208,Urban Major Collector,ATRISCO (NORTH),EAST OF UNSER - SOUTH OF MOJAVE ST.,40,2,1042,1073,855,950,974,764,1006,1019,899,910,189,6,1
20778,0.213,Urban Principal Arterial,UNSER BLVD.,NORTHWEST OF MONTANO - SOUTHEAST OF ATRISCO (NORTH),30,2,27997,30503,24300,25447,28395,22445,28584,28949,26547,26886,5727,160,31
23457,0.602,Urban Major Collector,WOODMONT AVE.,EAST OF RAINBOW BLVD. - WEST OF UNIVERSE BLVD.,35,4,1652,1701,842,1506,1544,754,388,393,354,356,214,7,2
20357,0.52600002,Urban Minor Arterial,UNIVERSE,NORTH OF WOODMONT - SOUTH OF PDN,40,2,10888,11211,8931,10268,10491,8350,8838,8951,8265,8447,4443,136,38
20570,0.61799997,Urban Principal Arterial,PASEO DEL NORTE,EAST OF VENTANA RIDGE PKWY - WEST OF RAINBOW,35,2,8110,8351,6653,7649,7774,6145,7826,7926,7228,7320,4523,158,41
20481,0.69599998,Urban Major Collector,VENTANA WEST PKWY,NORTH OF PASEO DEL NORTE - SOUTHEAST OF VENTANA RIDGE RD.,40,4,5944,6120,4274,5419,5557,3822,5028,5092,4584,4616,3213,99,27
20477,0.55199999,Urban Minor Collector,VENTANA RIDGE RD.,EAST OF DEL OESTE DR. - WEST OF VENTANA WEST PKWY.,30,2,4121,4243,2649,3757,3853,2369,3116,3156,2841,2861,1580,53,10
20479,0.38699999,Urban Major Collector,VENTANA RIDGE RD.,NORTHEAST OF VENTANA PKWY - SOUTH OF IRVING,30,2,3226,2824,2250,2984,2564,2012,2647,2681,2413,2444,946,39,10
20483,0.62699997,Urban Major Collector,IRVING,EAST OF VENTANA RIDGE RD. - WEST OF RAINBOW,35,2,2645,2723,2169,2412,2472,1939,2551,2584,2281,2310,1448,48,11
23585,0.59299999,Urban Principal Arterial,MCMAHON BLVD.,EAST OF KEYENTA BLVD. - WEST OF MARVILLAS DR.,40,4,13627,14031,14925,12852,13062,13786,17556,17780,16305,16451,9756,298,78
23589,0.69099998,Urban Principal Arterial,MCMAHON BLVD.,EAST OF MARAVILLAS - WEST OF UNSER,40,4,15095,15543,16292,14237,14469,15048,19164,19408,17798,17958,12409,379,99
22221,0.214,Urban Major Collector,ALEXANDER,NORTH OF RENAISSANCE (NORTH) - SOUTH OF MISSION AVE.,30,4,2154,2168,1519,1964,1968,1358,1952,2038,1745,1822,390,16,4
22425,0.27500001,Urban Major Collector,MISSION AVE.,EAST OF ALEXANDER - WEST OF CULTURE BLVD.,30,4,1113,1120,680,1015,1017,608,740,773,675,701,193,7,2
22426,0.29499999,Urban Major Collector,MISSION AVE.,EAST OF CULTURE BLVD. - WEST OF CHAPPELL DR.,30,4,2113,2127,1422,1927,1931,1271,1739,1816,1585,1646,486,19,4
21598,0.29699999,Urban Major Collector,RENAISSANCE,EAST OF ALEXANDER - WEST OF CULTURE BLVD.,35,4,9526,9588,6716,8685,8706,6005,8630,9010,7716,8056,2393,79,19
22361,0.20200001,Urban Major Collector,CULTURE DR.,NORTH OF RENAISSANCE BLVD. - SOUTH OF MISSION AVE.,35,4,4183,4210,2949,3814,3823,2637,3789,3956,3388,3537,714,25,7
20993,0.12,Urban Major Collector,CHAPPEL RD.,NORTH OF RENAISSANCE - SOUTH OF MISSION AVE.,40,2,9246,9306,6519,8430,8450,5829,8377,9598,7490,8701,1044,32,9
21641,0.049,Urban Interstate Frontage,PAN AM. WEST,NORTHEAST OF COMMERCE DR. - SOUTHWEST OF CHAPPEL RD.,45,2,8032,8084,5317,7323,7340,4754,6388,6669,5824,6046,296,7,1
21543,0.14,Urban Major Collector,RENAISSANCE,EAST OF COMMERCE DR. - SOUTHWEST OF CHAPPEL RD.,35,4,7664,7714,5866,6988,7004,5246,8133,8491,7415,7698,1078,36,8
23556,0.177,Urban Major Collector,COMMERCE DR.,NORTHWEST OF PANAMERICAN WEST - SOUTH OF RENAISSANCE BLVD.,35,4,2284,2299,1610,2082,2087,1440,2069,2160,1850,1931,342,12,3
21652,0.149,Urban Principal Arterial,MONTANO,EAST OF CULTURE BLVD. - WEST OF PAN AM. WEST,45,6,33789,34008,23823,31868,31658,22005,43797,45726,40676,42309,6304,209,83
22354,0.259,Urban Major Collector,CULTURE DR.,NORTHEAST OF MONTANO - SOUTH OF RENAISSANCE,35,4,14333,14426,10106,13068,13098,9036,16874,17617,15384,15971,4136,146,39
21675,0.228,Urban Major Collector,OSUNA,EAST OF PAN AMERICAN EAST - WEST OF SAN MATEO BLVD.,30,2,5805,49072,36929,5288,44556,33021,42958,44942,39164,40744,9289,359,84
22349,0.29499999,Urban Local,ELLISON ST.,EAST OF WASHINGTON ST. - WEST OF JEFFERSON ST.,35,2,4447,4546,3092,4108,4199,2765,3957,4236,3539,3789,1118,41,13
10061,0.045,Urban Minor Collector,BALTIC,NORTH OF SOUTHERN - SOUTH OF SPUR RD.,25,2,1978,2037,1430,1803,1850,1279,1682,1704,1533,1545,70,3,1
10058,0.043,Urban Minor Collector,PECOS LOOP,SOUTH OF SPUR RD. - NORTH OF SOUTHERN BLVD.,25,2,2611,2354,1875,2381,2137,1677,2206,2234,2011,2037,88,4,1
13239,0.514,Urban Local,SPUR RD.,EAST OF BALTIC AVE. - WEST OF PECOS LOOP,25,2,561,578,460,518,534,411,541,548,483,489,252,13,4
13676,0.50099999,Urban Local,SPUR RD.,EAST OF PECOS LOOP - SOUTHWEST OF LISBON AVE.,25,2,249,256,204,230,236,182,240,243,214,217,109,6,2
10065,0.115,Urban Major Collector,LISBON,NORTH OF SOUTHERN - SOUTHEAST OF SPUR RD.,25,2,3345,3568,2842,3050,3240,2541,3343,3386,3048,3087,355,17,5
13448,0.315,Urban Minor Collector,IVORY RD.,NORTHWEST OF TULA - SOUTH OF ARKANSAS,25,2,1629,1677,1230,1485,1523,1100,1321,1338,1204,1213,382,15,3
13825,0.14300001,Urban Minor Collector,IVORY RD.,NORTH OF ARKANSAS RD. - SOUTH OF BALTIC,25,2,364,375,272,332,340,243,288,292,263,265,38,2,0
13827,0.428,Urban Minor Collector,IVORY RD.,NORTH OF BALTIC - SOUTH OF SUGAR RD.,25,2,174,179,147,159,163,132,178,180,162,163,70,3,1
10527,0.177,Urban Minor Collector,SUGAR RD.,EAST OF IVORY RD. - SOUTHEAST OF TULIP,25,2,592,610,426,540,554,381,431,437,393,396,70,3,1
10522,0.354,Urban Minor Collector,ARKANSAS RD.,SOUTHEAST OF TULIP - WEST OF BALTIC,25,2,476,486,389,436,443,348,458,464,409,414,0,0,0
10523,0.46000001,Urban Minor Collector,ARKANSAS RD.,EAST OF BALTIC - WEST OF PECOS LOOP,25,2,220,227,181,201,206,162,213,216,191,193,89,4,1
13582,0.127,Urban Minor Collector,TULA DR.,NORTHEAST OF PECOS LOOP - SOUTHWEST IVORY,25,2,248,255,203,226,232,182,239,242,214,217,28,1,0
10369,0.074,Urban Minor Collector,PECOS LOOP,SOUTHEAST OF TULA DR. - NORTH OF SPUR RD.,25,2,1296,1334,1063,1182,1211,950,1250,1266,1117,1131,84,3,1
10062,0.189,Urban Minor Collector,BALTIC,NORTH OF PECOS LOOP - SOUTH OF ARKANSAS RD.,25,2,997,1027,818,909,932,731,962,974,860,871,165,7,1
10381,0.25400001,Urban Minor Collector,BALTIC,EAST OF IVORY RD. - WEST OF LISBON,25,2,1576,1623,1293,1437,1474,1156,1521,1540,1360,1377,350,14,3
10561,0.588,Urban Minor Collector,IDALIA,NORTHEAST OF UNSER BLVD. - SOUTHWEST OF CHESSMAN DR.,25,2,749,771,624,683,700,558,747,757,681,686,403,16,3
14253,1.22000003,Urban Major Collector,PINE RD,EAST OF 10TH ST. - WEST OF UNSER,30,2,1240,1277,1017,1131,1159,909,1196,1211,1069,1083,1320,51,12
18989,0.15800001,Urban Principal Arterial,UNSER BLVD.,NORTH OF PINE RD. - SOUTH OF CHERRY RD.,45,4,21300,21932,17472,20089,20417,16138,23297,23595,21637,21832,3449,90,21
12528,0.50199997,Urban Major Collector,10TH STREET (RR S.),NORTH OF 5TH ST. - SOUTH OF ABRAZO,25,2,1166,1201,957,1063,1090,856,1126,1140,1007,1020,512,25,7
18589,0.116,Urban Major Collector,10TH STREET (RR S.),NORTH OF ABRAZO - SOUTH OF NORTHERN,25,2,2242,2309,1839,2044,2097,1644,2163,2191,1934,1959,227,11,3
60009,1.34399998,Rural Major Collector,N.M. 344,NORTH OF EDGEWOOD NORTH RAMP - SOUTH OF DINKLE RD.,55,2,23381,25695,23485,21143,23579,21334,24918,24832,22635,22557,30317,428,54
12339,0.33000001,Urban Major Collector,19TH AVE. NORTH,EAST OF 17TH AVE. - SOUTHWEST OF CHERRY RD.,25,2,987,1016,809,900,922,723,952,964,850,861,284,13,3
11317,0.45699999,Urban Major Collector,CHERRY RD.,NORTHWEST OF 17TH AVE. - SOUTHEAST OF 19TH AVE.,30,4,3999,4118,3281,3646,3739,2934,3859,3908,3451,3495,1597,62,14
10466,0.33399999,Urban Major Collector,MARIPOSA PKWY,EAST OF BLUE GRAMA DR. - NORTHWEST OF ACADEMY RD.,35,2,256,264,192,233,240,172,226,229,206,208,69,2,1
10467,1.12399995,Urban Major Collector,MARIPOSA PKWY,SE OF REDONDO SIERRA VISTA - WEST OF UNSER BLVD.,35,3,2345,2415,2202,2138,2193,1969,2590,2623,2361,2378,2673,89,21
10469,0.354,Urban Major Collector,BLUE GRAMA DR.,SOUTHWEST OF MARIPOSA PKWY - NORTH OF ACADEMY RD.,35,2,257,265,211,234,241,189,248,251,222,225,80,3,1
10471,0.421,Urban Major Collector,REDONDO SIERRA VISTA,NORTHEAST OF BLUE GRAMA DR. - SOUTHWEST OF MARIPOSA PKWY,35,2,1141,1175,936,1040,1067,837,1101,1115,985,998,420,14,3
18512,2.70700002,Urban Principal Arterial,UNSER BLVD.,NORTH OF MARIPOSA PKWY - WEST OF U.S. 550,55,2,2687,3965,3812,2534,3691,3521,4824,4886,4480,4521,12238,272,71
11333,1.20500004,Urban Minor Arterial,IDALIA,NORTHEAST OF IRIS - WEST OF CHAYOTE RD.,40,2,4373,4503,4417,4124,4214,4129,6172,6251,5772,5899,7108,200,41
10689,0.67799997,Urban Minor Collector,CHAYOTE RD.,NORTH OF IDALIA - SOUTH OF LINCOLN AVE.,25,2,1145,1179,939,1044,1070,840,1105,1119,988,1001,679,27,5
19978,0.71499997,Urban Major Collector,RIDGECREST DR.,NORTHEAST OF HIGH RESORT - NORTHWEST OF N.M. 528,30,2,9199,9472,6000,8387,8600,5365,6275,5862,5721,5314,3800,147,35
19939,0.56,Urban Minor Arterial,HIGH RESORT,SOUTHEAST OF RIDGECREST - NORTHWEST OF N.M. 528,40,4,13668,14074,11212,12890,13170,10482,11415,11561,10675,10910,6110,172,35
11342,0.68000001,Urban Minor Arterial,ENCHANTED HILLS RD.,EAST OF SANTA FE HILLS RD. - NORTHWEST OF PASEO DEL VOLCAN,40,4,6959,7165,5134,6563,6705,4800,7330,7424,6855,7006,4764,134,27
11578,0.43399999,Urban Principal Arterial,PASEO DEL VOLCAN(N),NORTHEAST OF ENCHANTED HILLS BLVD. - SOUTH OF U.S. 550,55,2,10593,10907,8689,9991,10153,8026,7499,7595,6965,7027,3050,68,18
10202,1.11399996,Urban Principal Arterial,PASEO DEL VOLCAN(N),NORTHEAST OF LINCOLN AVE. - SOUTHWEST OF CAMINO ENCANTADOS,55,2,10618,10933,8710,10014,10178,8045,10246,10377,9463,9584,10677,237,62
19029,0.50700003,Urban Principal Arterial,U.S. 550,NORTHWEST OF N.M. 528 - SOUTHEAST OF SAFELITE,45,4,26817,27953,20920,25293,26022,19323,24608,24923,22855,23061,11692,195,8
13458,0.23199999,Urban Minor Collector,ATLANTIC RD.,NORTH OF SOUTHERN BLVD. - SOUTH OF PECOS LOOP,25,2,1629,1677,1336,1485,1523,1195,1572,1592,1406,1424,330,13,3
10079,0.192,Urban Principal Arterial,SOUTHERN BLVD.,EAST OF RAINBOW - WEST OF ATLANTIC RD.,35,2,7467,7689,6125,7043,7158,5657,7205,7297,6654,6739,1294,34,4
10069,0.19400001,Urban Minor Collector,PECOS LOOP,EAST OF RAINBOW - WEST OF ATLANTIC RD.,25,2,458,472,376,418,429,336,442,448,395,400,78,3,1
22665,0.653,Urban Major Collector,UNIVERSITY,MDS - SOUTHEAST OF BOBBY FOSTER,35,2,1659,1670,1170,1513,1516,1046,1503,1569,1344,1403,916,32,9
26108,0.32699999,Urban Principal Arterial,CENTRAL,EAST OF DORADO - WEST OF TRAMWAY,40,6,20200,19229,14507,19052,17900,13400,17308,18025,16074,16678,5454,174,53
26133,0.171,Urban Major Collector,DORADO,NORTH OF WENONAH - SOUTH OF CENTRAL,25,2,2972,2965,2237,2710,2692,2000,2650,2685,2369,2400,411,20,5
26131,0.31900001,Urban Major Collector,WENONAH,EAST OF DORADO - WEST OF TRAMWAY,25,2,5190,5177,3390,4732,4701,3031,3403,3447,3102,3125,997,46,11
26129,0.138,Urban Major Collector,WENONAH,EAST OF TRAMWAY - WEST OF FOUR HILLS RD.,25,3,7032,7015,5226,6411,6369,4673,6112,6192,5572,5614,775,36,8
20565,0.1,Urban Major Collector,LAYTON/VENTURA,NORTH OF SIGNAL - SOUTH OF ALAMEDA,30,2,4335,4431,3334,3952,4023,2981,3976,4160,3555,3719,372,15,4
20566,0.49900001,Urban Major Collector,ALAMEDA BLVD.,WEST OF LAYTON/VENTURA - EAST OF BARSTOW,35,2,6121,6257,4709,5581,5681,4211,5616,5875,5022,5254,2621,87,20
21267,0.53799999,Urban Major Collector,BALLOON MUSEUM,NORTH OF ALAMEDA - SOUTHWEST OF JEFFERSON,25,2,1202,1229,836,1096,1116,748,1070,1145,957,1024,550,27,7
21963,0.338,Urban Major Collector,VASSAR,NORTH OF COMANCHE - SOUTHEAST OF PAN AMERICAN EAST,30,2,2961,2954,2610,2700,2682,2334,3543,3589,3230,3254,1100,45,12
18575,0.40900001,Urban Major Collector,CENTER RD.,NORTH OF CIVIC CENTER CIR. - SOUTH OF 34TH AVE.,35,2,896,923,735,817,838,657,865,876,773,783,320,11,3
18587,0.745,Urban Major Collector,KING BLVD.,EAST OF UNSER BLVD. - NORTHWEST OF CIVIC CENTER CIR.,25,2,1732,1783,1050,1579,1619,939,1235,1251,1126,1134,845,39,9
18573,0.087,Urban Major Collector,CENTER RD.,NORTH OF PASEO BYPASS RD. - SOUTH OF CIVIC CENTER CIR.,30,2,2248,2315,1844,2050,2102,1649,2169,2197,1940,1965,171,7,2
18581,0.028,Urban Minor Arterial,BROADMOOR,NORTH OF PASEO DEL VOLCAN - SOUTH OF CENTER BLVD.,35,2,5694,5863,4671,5370,5486,4367,5495,5565,5137,5203,146,5,1
18579,0.428,Urban Major Collector,PASEO BYPASS RD.,WEST OF BROADMOOR - EAST OF CENTER RD.,35,2,2428,2500,1992,2214,2270,1781,2343,2373,2095,2122,909,30,7
18545,0.244,Urban Major Collector,CIVIC CENTER CIR,NORTHWEST OF CENTER RD. - SOUTHWEST OF KING BLVD.,30,2,2369,2439,1943,2160,2215,1737,2286,2315,2043,2069,505,20,5
18546,0.07,Urban Major Collector,CIVIC CENTER CIR,NORTHEAST OF KING BLVD. - SOUTHWEST OF CENTER RD.,25,2,541,557,444,493,506,397,522,529,467,473,33,2,0
10553,0.361,Urban Minor Arterial,IDALIA,NORTHEAST OF NORTHERN BLVD. - SOUTHWEST OF BROADMOOR,35,2,3115,3207,2555,2938,3001,2389,3005,3043,2810,2846,1027,36,10
18551,0.204,Urban Minor Arterial,BROADMOOR,NORTH OF NORTHERN BLVD. - SOUTH OF IDALIA,35,2,5964,6141,4892,5624,5747,4574,5754,5828,5380,5449,1112,39,11
18553,1.03900003,Urban Minor Arterial,BROADMOOR,NORTH OF IDALIA - SOUTH OF NORWICH AVE.,40,2,9881,10174,8105,9318,9520,7577,9534,9656,8913,9027,9380,286,81
11341,0.2,Urban Minor Arterial,ENCHANTED HILLS RD.,EAST OF LINCOLN AVE.- WEST OF N.M. 528,40,4,14543,14974,11338,13715,14012,10600,13520,13693,12643,12923,2585,73,15
11346,0.83600003,Urban Major Collector,LINCOLN AVE.,EAST OF CAMINO ENCANTADOS - WEST OF ENCHANTED HILLS BLVD.,35,4,2691,2771,2394,2453,2516,2141,2816,2852,2567,2586,2162,72,17
25441,0.227,Urban Minor Collector,ENCANTADO,NORTHEAST OF TRAMWAY - WEST OF MEL SMITH,30,2,4300,4289,3236,3920,3894,2894,3833,3883,3428,3473,788,27,5
25439,0.59299999,Urban Minor Collector,CLOUDVIEW,EAST OF CHELWOOD PARK - WEST OF TRAMWAY,35,2,3853,3843,2899,3513,3489,2592,3434,3479,3070,3110,1844,53,10
26673,0.465,Urban Principal Arterial,SUNPORT BLVD.,EAST OF BROADWAY - WEST OF SUNPORT INTCH.,45,2,0,0,0,0,0,0,0,0,0,0,0,0,0
11234,0.34299999,Urban Minor Collector,DON JULIO RD.,NORTH OF TODOS JUNTOS RD. - SE OF N.M. 528,25,2,784,807,643,715,733,575,756,766,676,685,235,9,2
11237,1.05799997,Urban Minor Collector,TODOS JUNTOS RD.,EAST OF DON JULIO RD. - NORTH OF PASEO TOMAS MONTOYA,25,2,621,639,520,566,580,464,623,631,568,572,605,24,5
11239,0.727,Urban Minor Collector,PASEO TOMAS MONTOYA,WEST OF TODOS JUNTOS RD. - NORTH OF CURTIS CHANNEL,15,2,601,619,493,548,562,441,580,587,519,526,382,26,5
29778,6.40399981,Rural Minor Collector,JUAN TOMAS,EAST OF N.M. 447 - WEST OF N.M. 217,25,2,287,315,245,273,299,219,287,286,257,256,1639,66,13
73899,0.096,Rural Major Collector,CANONCITO SCHOOL RD.,NORTH OF CANONCITO S. RAMPS - SOUTH OF CANONCITO N. RAMPS,30,2,627,633,579,567,581,526,614,619,558,562,54,1,0
29859,5.54199982,Rural Major Collector,CANONCITO SCHOOL RD.,AMPA BOUNDARY - SOUTH OF TRIBAL ROADS 7070,30,2,1046,1047,1017,973,974,924,1079,1088,980,988,0,0,0
29856,7.75899982,Rural Major Collector,TRIBAL ROAD 57,WEST OF TRIBAL ROAD 7070 - S. OF CANONCITO SCHOOL RD.,35,2,383,383,373,356,356,339,396,399,360,363,0,0,0
12989,0.18099999,Urban Major Collector,RAIL RUNNER AVE,RAIL RUNNER STATION - SOUTH OF U.S. 550,25,2,1090,1114,758,994,1011,678,970,1038,868,929,168,8,2
19019,0.23800001,Urban Principal Arterial,U.S. 550,WEST OF HILL STREET- EAST OF RAIL RUNNER AVE.,40,6,38895,39758,27038,36684,37011,24974,34602,37042,31961,34215,8143,248,65
26698,0.19400001,Urban Principal Arterial,RIO BRAVO BLVD.,EAST OF 2ND ST. - WEST OF SUNPORT RR FACILITY,45,4,29861,30436,13245,28164,28333,12234,17020,17770,15807,16442,3190,97,33
26699,0.125,Urban Principal Arterial,RIO BRAVO BLVD.,EAST OF SUNPORT RR FACILITY - WEST OF PRINCE RD.,45,4,29671,29877,20902,28278,28475,19307,26859,32139,24809,29737,3717,114,15
26695,0.11,Urban Major Collector,PRINCE ST.,NORTH OF RIO BRAVO - SOUTH OF DAUPHIN RD.,30,2,2538,2554,1735,2314,2319,1552,2160,2255,1969,2044,225,9,2
26697,0.52200001,Urban Minor Collector,SUNPORT RR FACILITY, WEST OF RIO BRAVO - WEST OF DAUPHIN RD.,20,1,107,108,74,97,97,67,95,99,86,90,0,0,0
19055,0.092,Urban Major Collector,RAIL RUNNER STATION,EAST OF N.M. 313 - RAIL RUNNER FACILITY,25,2,0,0,0,0,0,0,0,0,0,0,0,0,0
19057,0.138,Urban Principal Arterial,N.M. 313,NORTH OF RAIL RUNNER FACILITY ACCESS - SOUTH OF BARRIO NUEVE,35,4,11267,11517,7832,10627,10721,7234,10489,11229,9742,10390,1434,48,11
18913,0.191,Urban Major Collector,SANTA FE RD. (SOUTH),NORTH OF MORNING STAR - SOUTH OF SANDIA RD. (SOUTH),25,2,358,366,249,326,332,223,319,341,285,305,58,3,1
18915,0.456,Urban Minor Collector,SANTA FE RD. (NORTH),.631 MILES NORTH OF SANDIA RD. - END OF ROAD,25,2,161,165,112,147,150,100,143,153,128,137,62,3,0
10059,0.838,Urban Principal Arterial,SOUTHERN BLVD.,EAST OF IDALIA - WEST OF RAINBOW,35,2,5302,5459,4164,4834,5082,3846,4682,4742,4348,4388,3676,97,12
26909,1.10899997,Urban Principal Arterial,BROADWAY,NORTH OF COSO RD. - SOUTH OF DESERT RD.,55,4,9308,9368,6562,8779,8721,6061,8432,8803,7788,8131,9017,176,25
25825,0.45300001,Urban Minor Arterial,OLD COORS RD.,NORTH OF GONZALES - SOUTH OF CENTRAL,40,4,8998,10775,8744,8486,10083,8174,12570,10528,11755,9936,4501,137,39
22332,0.46900001,Urban Major Collector,BOB MCCANNON,EAST OF UNSER - WEST OF RONDA DE LECHUSAS,30,2,4136,4497,3355,3771,4083,3000,3946,4172,3598,3782,1774,57,-1
22344,0.30000001,Urban Major Collector,OURAY,EAST OF LADERA DR. - WEST OF LLANO ENCANTADO,35,2,8846,9108,7256,8065,8270,6488,8535,8644,7632,7730,2319,78,20
10033,0.542,Urban Minor Collector,WESTERN HILLS,NORTH OF SOUTHERN BLVD. - SOUTHWEST OF STAGECOACH,25,2,5746,5916,5667,5239,5372,5067,6666,6751,6077,6120,3317,134,26
21232,0.36199999,Urban Principal Arterial,COORS,NORTH OF MANTANO - SOUTH OF MANTANO PLAZA,45,6,44674,45999,36644,42135,42821,33847,40399,40916,37520,37859,13705,367,93
20325,0.193,Urban Principal Arterial,COORS,NORTH OF OLD AIRPORT - SOUTH OF N.M. 528/ALAMEDA BLVD.,35,4,18204,18926,15077,17169,17618,13926,17735,17962,16471,16682,3220,104,22
26913,0.59100002,Urban Principal Arterial,ISLETA BLVD.,NORTH OF CHERRY TREE LN. - SOUTH OF RAYMAC,40,2,9197,6502,5276,8674,6053,4873,6577,6558,6108,6068,3586,86,2
21924,0.045,Urban Minor Arterial,GRIEGOS,EAST OF PAN AMERICAN WEST - I-25 UNDERPASS,35,4,24604,24677,18670,23400,23470,17455,22116,22405,20677,20947,939,37,13
22028,0.48300001,Urban Major Collector,COMANCHE,EAST OF JUAN TABO - WEST OF CHELWOOD DR.,35,4,10451,10425,7865,9529,9466,7033,8200,8307,7476,7531,3637,111,20
29982,0.168,Rural Major Collector, , ,0,0,0,2200,1753,0,2000,2000,2062,2088,2353,2383,0,0,0
26276,0.64399999,Urban Principal Arterial,EUBANK,NORTH OF EUBANK GATE - SOUTH OF SOUTHERN,40,6,24461,25176,18993,23071,23436,17543,22498,26334,20895,24366,15691,477,123
29858,3.829,Rural Major Collector,TRIBAL ROAD 7070,NORTH OF RIO PUERCO NORTH RAMPS - SOUTH OF TRIBAL RD. 57,30,2,520,521,504,484,485,458,535,539,486,490,0,0,0
20655,0.58200002,Urban Principal Arterial,PASEO DEL NORTE,EAST OF UNIVERE - WEST OF UNSER,35,2,13888,12323,10522,13099,11472,9719,14061,14225,13059,13162,7660,267,70
20793,0.72299999,Urban Principal Arterial,UNSER BLVD.,NORTH  OF ROSA PARKS - SW OF PASEO DEL NORTE,35,2,14072,14489,11542,13272,13488,10661,13785,13961,12803,12918,9340,315,74
20794,0.89399999,Urban Principal Arterial,UNSER BLVD., NE OF PASEO DEL NORTE - SW OF BLUE FEATHER,35,2,11994,12350,9838,11312,11497,9087,15052,15244,13979,14105,12609,425,99
20792,0.565,Urban Principal Arterial,UNSER BLVD.,N.E. OF RAINBOW - SOUTH OF ROSA PARKS,35,4,14327,14752,12972,13513,13733,11982,14309,15075,13289,13949,7881,265,62
20975,0.49599999,Urban Principal Arterial,UNSER BLVD.,NE OF BLUE FEATHER - SOUTH OF PARADISE BLVD.,30,2,15111,15559,12395,14252,14484,11449,14822,15012,13766,13890,6889,271,63
20378,0.219,Urban Minor Arterial,RAINBOW,N.W. OF UNSER - S.E. OF UNIVERSE,30,4,14367,16677,10195,13549,15606,9531,11490,14355,10745,13547,2967,111,22
79857,2.23200011,Rural Major Collector,CANONCITO SCHOOL RD.,NORTH OF CANONCITO NORTH RAMPS - AMPA BOUNDARY,30,2,1243,1255,1147,1124,1152,1042,1217,1227,1106,1115,2491,65,8
29620,0.986,Rural Major Collector,FROST ROAD,EAST OF MOUNTAIN VALLEY RD. - AMPA BOUDARY,45,2,3529,3878,3544,3191,3559,3219,3760,3747,3415,3403,3354,34,2
26280,0.51899999,Urban Interstate,I-40 WBD, CENTRAL ON RAMP - CENTAL OFF RAMP,75,3,12770,12982,12728,12867,13081,12127,14574,14530,13885,13843,7185,118,29
10234,3.34299994,Rural Major Collector,INDIAN SERVICE RTE 85,NORTH OF SILE - SOUTH OF N.M. 22,25,2,824,1042,952,745,956,865,1815,1830,1638,1651,5519,172,22
20121,0.079,Urban Principal Arterial,PASEO DEL NORTE,EAST OF I-25 SBD ON RAMP - WEST OF PAN AM EAST,45,6,50423,56670,42646,47557,52754,39391,50864,53213,47240,49421,3904,142,64
20676,0.228,Urban Interstate,I-25 SBD,PASEO DEL NORTE ON RAMP1 - PASEO DEL NORTE OFF RAMP,65,3,40021,40685,33774,38922,39568,32180,38671,38555,36846,36735,8376,127,2
20129,0.17900001,Urban Interstate On-Ramp,P.D.N. INTCH.,I-25 SBD ON RAMP FROM PDN WBD,45,1,8899,9097,6186,8114,8260,5531,7917,8475,7078,7577,1356,47,20
29961,0.52499998,Urban Interstate Off-Ramp, , ,45,1,0,18991,12915,0,17243,17243,16528,17694,22067,23623,0,0,0
10009,0.20900001,Urban Minor Collector,38TH AVE.,EAST OF 18TH ST. - WEST OF UNSER BLVD.,30,2,0,0,0,0,0,0,0,0,0,0,0,0,0
10010,0.091,Urban Minor Collector,18TH STREET,NORTH OF 37TH AVE. - WEST OF 38TH ST.,30,2,0,0,0,0,0,0,0,0,0,0,0,0,0
10011,1.49699998,Urban Minor Collector,CAMINO DEL LOS MONTOYAS,NORTH OF CAMINO DEL LOS MONTOYAS - WEST OF 18TH ST.,30,2,0,0,0,0,0,0,0,917,0,831,1244,42,8
10037,0.426,Urban Minor Collector,MEADOWS BLVD.,NORTH OF KING BLVD. - EAST OF CAMINO DEL LOS MONTOYAS,35,2,1338,1232,981,1220,1119,877,1154,1169,1052,1065,454,13,3
10038,0.27500001,Urban Minor Collector,MEADOWS BLVD.,WEST OF 37TH AVE. - EAST OF KING BLVD.,35,2,224,215,171,204,195,153,201,204,183,185,50,1,0
10039,3.39299989,Urban Minor Arterial,RAINBOW (NORTH),NORTH OF NORTHERN BLVD. - SOUTH OF KING BLVD.,25,2,1703,944,752,1606,883,703,885,896,828,839,2847,139,39
10073,0.96899998,Urban Minor Arterial,BROADMOOR,NORTH OF NORWICK AVE. - SOUTH OF PASEO DEL VOLCAN (N.),40,2,2247,5444,4337,2119,5094,4055,5102,5167,4771,4832,4683,143,40
10074,0.49000001,Urban Minor Arterial,KING BLVD.,EAST OF RAIN BOW - NORTHWEST OF 32ND AVE.,40,4,292,255,203,275,239,190,239,242,224,227,111,3,1
10142,0.472,Urban Minor Arterial,WESTPHALIA,NORTH OF PASEO DEL VOLCAN - SOUTH OF LABAN,25,3,3103,3766,3000,2926,3524,2805,3529,4402,3300,4154,1961,96,27
10136,1.33899999,Urban Minor Arterial,LOMA COLORADO,NORTH OF IDALIA - SOUTH OF PASEO DEL VOLCAN,35,2,0,4100,0,0,3700,0,0,0,0,0,0,0,0
10137,0.479,Urban Minor Arterial,LOMA COLORADO,NORTH OF PASEO DEL VOLCAN - SOUTH OF LABAN,35,2,1786,1839,1588,1684,1721,1484,2011,2037,1881,1922,920,32,9
10138,0.69499999,Urban Minor Collector,LOMA COLORADO,NORTH OF LABAN - END OF ROAD,35,2,0,0,0,0,0,0,0,0,0,0,0,0,0
10143,0.255,Urban Minor Collector,WESTPHALIA,NORTH OF LABAN - END OF ROAD,25,1,0,0,0,0,0,0,0,0,0,0,0,0,0
10141,1.05599999,Urban Minor Collector,LABAN,EAST OF LOMA COLORADO - WEST OF WESTPHALIA,25,2,2443,2956,2354,2228,2684,2106,2770,2805,2526,2558,2701,109,21
10147,1.18200004,Urban Principal Arterial,PASEO DEL VOLCAN(N.),EAST OF BROADMOOR - WEST OF LOMA COLORADO,55,2,0,7480,5921,0,6800,5469,6965,7054,6469,6527,7715,171,45
10151,0.60399997,Urban Minor Collector,WESTERN HILLS DR.,NORTH OF CABEZON - SOUTH OF SOUTHERN,25,2,3455,3829,3050,3150,3477,2727,3588,3634,3271,3313,2002,81,16
10146,0.44,Urban Minor Arterial,GOLF COURSE ROAD,NORTH OF CHIANTI - SOUTH OF SOUTHERN,40,4,12052,12255,9886,11366,11580,9242,15273,15468,14283,14598,6423,196,55
10043,0.30399999,Urban Minor Arterial,CABEZON,EAST OF UNSER - WEST OF WESTERN HILLS DR.,35,2,6574,7057,5622,6200,6604,5256,6613,6698,6184,6263,1904,61,12
10149,0.58399999,Urban Minor Collector,27TH STREET,NORTH OF CHIANTI - SOUTH OF SOUTHERN BLVD.,30,0,1392,1415,1142,1269,1277,1021,1343,1360,1201,1216,0,0,0
10148,0.39399999,Urban Minor Collector,CHIANTI,EAST OF 27TH ST. - WEST OF GOLF COURSE RD.,30,2,625,644,513,570,585,459,603,611,540,547,215,7,1
10152,11.43999958,Rural Major Collector,CR 11,NORTHEAST OF U.S. 550 - SOUTH OF N.M. 197,30,2,0,275,0,0,250,0,200,202,0,0,0,0,0
10193,10.72500038,Rural Minor Collector,PIEDRA LUMBRE,EAST OF N.M. 197 - WEST OF U.S. 550,35,2,0,275,0,0,250,0,0,0,0,0,0,0,0
10185,9.08600044,Rural Minor Collector,CHUILLA,NORTH OF VALLE SAN YSIDRO - SOUTH OF U.S. 550,30,2,0,350,0,0,300,0,0,0,0,0,0,0,0
10091,11.06000042,Rural Major Collector,VALLE SAN YSIDRO,EAST  OF OJO ENCINO RD. - WEST OF CHUILLA,35,2,0,275,0,0,250,0,200,202,0,0,0,0,0
19996,0.193,Rural Major Collector, , ,0,0,0,0,0,0,0,0,0,0,0,0,0,0,0
10265,4.88899994,Rural Principal Arterial,U.S. 550,NORTH OF JEMEZ RD. - SOUTH OF N.M. 279,70,4,5730,6781,5866,5291,6730,5946,6664,6551,6626,6513,31847,484,-2
10154,1.35599995,Rural Principal Arterial,U.S. 550,NORTH OF CR 11 - SOUTH OF PIEDRA LUMBRE,45,4,4775,4821,4170,4732,4785,4227,4737,4656,4802,4720,6399,97,0
10155,9.89999962,Rural Principal Arterial,U.S. 550,NORTH OF PIEDRA LUMBRE - SOUTH OF N.M. 197,45,4,4548,4591,3971,4507,4557,4025,4511,4434,4572,4494,44491,679,-1
10226,4.80100012,Rural Principal Arterial,U.S. 550,WEST OF N.M. 96 - EAST OF CHUILLA,70,4,5129,5178,4479,5083,5139,4540,5088,5002,5157,5069,24336,351,68
10250,9.24499989,Rural Minor Arterial,N.M. 197,WEST OF U.S. 550 AT CUBA -  EAST OF CHUILLA,55,2,1558,1573,1403,1516,1506,1333,1560,1668,1482,1584,14653,269,52
10194,15.26000023,Rural Major Collector,TORREON RD.,NORTH OF SAN LUIS - SOUTH OF N.M. 197,35,2,516,521,476,467,478,433,505,509,459,463,7081,159,21
10196,14.34599972,Rural Minor Collector,CABEZON PIPELINE,NORTH OF CABEZON - SOUTH OF SAN LUIS,35,2,0,600,439,0,550,403,515,519,472,475,0,0,0
10186,4.37599993,Rural Minor Arterial,N.M. 197,SOUTH OF CHUILLA - NORTH OF PIEDRA LUMBRE,55,2,997,1007,898,970,964,853,999,1068,949,1014,4437,84,12
10187,5.80800009,Rural Minor Arterial,N.M. 197,SOUTH OF PIEDRA LUMBRE - NORTH OF TORREON,55,2,1025,1035,923,997,991,877,1026,1097,975,1042,6052,114,16
10191,1.35300004,Rural Major Collector,OJO ENCINO,SOUTH OF VALLE SAN YSIDRO  - END OF ROAD,35,2,0,0,0,0,0,0,200,202,0,0,0,0,0
10301,1.38199997,Rural Minor Collector,SAN LUIS,EAST OF CABEZON PIPLINE - WEST OF N.M. 279,35,2,0,600,0,0,550,0,0,0,0,0,0,0,0
10302,1.18299997,Rural Major Collector,RANCHO DE LA CANADA,NORTH OF N.M. 22 - SOUTH OF DAM CREST,35,2,1387,1400,1280,1254,1285,1163,1358,1369,1234,1244,1472,33,4
10303,2.98799992,Rural Major Collector,RANCHO DE LA CANADA,NORTH OF DAM CREST - END OF ROAD,35,2,1318,1331,1217,1192,1221,1106,1291,1301,1173,1182,3529,79,10
10195,8.42700005,Rural Major Collector,N.M. 279,EAST OF TOREON RD. - WEST OF U.S. 550,35,2,628,634,580,568,582,526,615,620,558,562,4744,68,4
10251,12.1590004,Rural Minor Collector,CABEZON RD.,EAST OF CABEZON PIPELINE - WEST OF U.S. 550,35,2,0,600,439,0,550,403,515,519,472,475,0,0,0
10248,1.403,Rural Major Collector,INDIAN SERVICE RTE 88,EAST OF N.M. 22 - END OF ROAD,35,2,737,744,680,666,683,618,721,727,656,661,927,13,1
10236,3.41400003,Rural Major Collector,INDIAN SERVICE RTE 85,NORTH OF PUEBLO ROUTE 88 - SOUTH OF PUEBLO ROUTE 85,35,2,288,290,266,260,266,242,282,284,257,259,888,20,3
10245,1.08299994,Rural Major Collector,INDIAN SERVICE RTE 88,SE OF INDIAN SERVICE RTE 85 - URBAN BOUNDARY,35,2,620,626,572,561,574,520,607,612,552,556,602,9,1
10105,2.76200008,Urban Major Collector,N.M. 22,NORTH OF INDIAN SERVICE RTE 88 - URBAN BOUNDARY,35,2,2801,2828,2203,2554,2568,1970,2507,2535,2242,2267,6264,220,59
10246,0.51099998,Urban Major Collector,INDIAN SERVICE RTE 88,URBAN BOUNDARY - WEST OF INDIAN SERVICE RTE 84,35,2,0,0,0,0,0,0,0,0,0,0,0,0,0
10247,0.741,Urban Major Collector,INDIAN SERVICE RTE 88,EAST OF INDIAN SERVICE RTE 84 - WEST OF N.M. 22,35,2,4255,4296,3347,3879,3901,2993,3809,3851,3406,3443,2551,85,20
10106,1.35800004,Rural Major Collector,N.M. 22,URBAN BOUNDARY - SOUTH OF ACEQUIA RD.,35,2,1903,1921,1756,1721,1763,1595,1863,1878,1692,1706,2317,52,7
10015,7.34100008,Rural Minor Collector,N.M. 22,END OF OAD - SOUTH OF I-25 SOUTH RAMPS,35,2,134,135,105,127,128,94,123,124,110,111,815,23,5
10127,0.87199998,Urban Major Collector,LINCOLN AVE.,EAST OF CHAYOTE RD. - WEST OF CAMINO ENCANTADOS,35,4,816,840,669,744,763,598,787,797,703,712,622,21,5
10197,0.72600001,Urban Minor Arterial,CAMINO ENCANTADOS,NORTH OF IDALIA - SOUTH OF LINCOLN AVE.,35,2,2647,3855,3071,2496,3607,2871,3612,3658,3378,3421,2484,80,16
10198,0.898,Urban Minor Arterial,CAMINO ENCANTADOS,NORTH OF LINCOLN AVE. - SOUTHEAST OF PASEO DEL VOLCAN,35,2,4342,4662,3714,4095,4362,3472,885,896,828,839,753,26,7
10199,1.05799997,Urban Minor Arterial,CAMINO ENCANTADOS,NW OF PASEO DEL VOLCAN - SOUTH OF ENCHANTED HILLS BLVD.,35,2,0,0,0,0,0,0,0,0,0,0,0,0,0
10204,0.46000001,Urban Major Collector,SAFELITE,NE OF ENCHANTED HILS BLVD. - SW OF U.S. 550,25,4,6684,7261,5784,6094,6593,5172,6804,6891,6203,6282,2890,142,38
10203,1.176,Rural Major Collector,TAMAYA BLVD.,NORTH OF U.S. 550 - END OF ROAD,30,4,4794,4359,1684,4335,4000,1530,1787,1781,1612,1621,1906,100,46
10126,0.30700001,Urban Major Collector,LINCOLN AVE.,EAST OF PASEO DEL VOLCAN - WEST OF CHAYOTE RD.,35,4,2510,2554,2068,2322,2363,1849,2433,2464,2175,2203,0,0,0
10201,1.23000002,Urban Principal Arterial,PASEO DEL VOLCAN(N),EAST OF IRIS - SOUTHWEST OF LINCOLN AVE.,55,2,3832,9627,7669,3614,8962,7084,9021,10447,8378,9666,11889,264,69
11569,0.56999999,Urban Principal Arterial,PASEO DEL VOLCAN(N),NE OF CAMINO ENCANTADOS - SW OF ENCHANTED HILLS,55,2,10373,10681,5913,9783,9943,5462,7678,7776,7131,7195,4101,91,24
20700,0.111,Urban Interstate Frontage,PAN AM. EAST,NORTH OF P.D.N. - SOUTH OF P.D.N. INTCH. ON RAMP,45,3,8451,8639,6501,7705,7844,5813,7754,8112,6933,7253,805,24,8
20122,0.067,Urban Principal Arterial,PASEO DEL NORTE,EAST OF PAN AM WEST - WEST OF I-25 SBD ON RAMP,55,6,39433,45285,30796,37191,42156,28445,39412,41232,36604,38294,2566,90,47
11331,0.19499999,Urban Minor Arterial,IDALIA,EAST OF CAMINO ENCANTADOS - WEST OF N.M. 528,40,2,5606,5772,4598,5287,5401,4299,5409,7021,5057,6626,1292,36,7
10219,0.579,Urban Major Collector,DOVE RD.,EAST OF SANTA ANA RD. - WEST OF N.M. 313,0,0,0,1200,0,0,1080,0,0,0,0,0,0,0,0
10205,0.40599999,Urban Minor Arterial,ENCHANTED HILLS RD.,EAST OF PASEO DEL VOLCAN - NORTHWEST OF SPRINT,40,4,7992,9135,7277,7537,8548,6803,8560,8669,8005,8107,3291,93,19
10206,0.38600001,Urban Principal Arterial,U.S. 550,NORTHWEST OF SAFELITE - SOUTHEAST OF PASEO DEL VOLCAN,45,4,24750,25065,20371,23343,23333,18816,25714,26043,23882,24097,9301,148,1
10209,1.44799995,Rural Minor Arterial,N.M. 4,NORTH OF GREEN ACRES - SOUTH OF DAY SCHOOL RD.(N),50,2,4115,4154,3705,4003,3978,3520,4120,4404,3914,4184,6058,125,17
10218,1.44500005,Rural Minor Collector,DAY SCHOOL RD.,NORTH OF GREEN ACRES - WEST OF N.M. 4,30,2,0,350,0,0,320,0,0,0,0,0,0,0,0
10207,0.22400001,Rural Minor Collector,GREEN ACRES,NORTHWEST OF N.M. 4 - EAST OF DAY SCHOOL RD.,30,2,0,400,0,0,360,0,0,0,0,0,0,0,0
10252,18.74699974,Rural Minor Collector,N.M. 485,GILMAN CAMP - SOUTH OF N.M. 126,40,2,689,690,570,611,612,510,668,673,598,602,11304,285,55
10255,3.83599997,Rural Major Collector,N.M. 126,EAST OF N.M. 485 - WEST OF N.M. 4,30,2,679,685,626,614,629,569,664,669,604,609,2336,39,3
10229,0.59100002,Urban Major Collector,SANTA ANA RD.,NORTH OF DOVE RD. - END OF ROAD,30,2,693,762,594,632,692,531,676,674,604,602,356,15,4
10231,0.28,Urban Major Collector,N.M. 313,NORTH OF DOVE RD. - SOUTH OF NEW DEV. ACCES RD,45,2,2989,3012,3042,2764,2785,2720,3462,3450,3095,3084,0,0,0
18601,1.204,Urban Major Collector,BLACK ARROYO,END OF ROAD - WEST OF UNSER BLVD.,35,2,2010,1980,1644,1833,1798,1470,2026,1991,1847,1805,2172,72,17
20157,0.67500001,Urban Major Collector,KEYENTA BLVD.,NORTH OF IRVING - SOUTH OF MCMAHON,25,2,4181,4305,3885,3812,3909,3474,4570,4628,4166,4196,2833,140,38
20145,0.90399998,Urban Minor Collector,CONGRESS AVE,EAST OF GOLF COURSE RD. - WEST OF IRVING,30,2,2351,2906,2315,2144,2639,2070,2723,2758,2483,2515,2274,76,15
20420,0.082,Urban Minor Arterial,IRVING,SOUTH OF CONGRESS - NORTHWEST OF EAGLE RANCH RD.,40,4,19834,20169,16269,18704,19054,15210,16239,16447,15186,15522,1273,39,11
20392,0.26300001,Urban Minor Arterial,GOLF COURSE ROAD,NORTH OF PARADISE BLVD. - SOUTH OF PROGRESS,35,4,19557,20137,16042,18443,18843,14998,18608,18846,17401,17786,4678,163,46
20152,0.29800001,Urban Principal Arterial,ALAMEDA BLVD.,WEST OF GUADALOPE TRL. (S.) - EAST OF GUADALOPE TRL. (N.),35,4,35911,36708,24963,33870,34172,23058,33703,36080,31301,33384,9948,298,36
20148,0.91399997,Urban Minor Collector,GUADALOPE TRAIL (S.),NORTH OF ORTEGA - SOUTHWEST OF ALAMEDA,25,2,623,637,433,568,578,387,554,593,495,530,485,20,4
20149,1.07000005,Urban Minor Collector,GUADALOPE TRAIL (N.),NORTH OF ALAMEDA - WEST OF 4TH ST.,25,2,1460,1470,1015,1331,1327,908,1299,1391,1162,1244,0,0,0
20151,0.50400001,Urban Major Collector,ORTEGA,EAST OF RIO GRANDE BLVD. - WEST OF GUADALOPE TRL (S.),25,2,1136,973,662,1036,884,592,846,906,772,826,417,19,4
20153,0.244,Urban Minor Arterial,4TH STREET,NORTH OF ALAMEDA RD - SOUTH OF GUADALUPE TRL. (N.),35,2,19846,19989,13796,18716,18887,12898,17656,18901,16506,17670,0,0,0
20246,0.38100001,Urban Principal Arterial,MCMAHON BLVD.,EAST OF UNIVERSE - WEST OF KEYENTA BLVD.,40,0,11610,11954,9523,10950,11128,8796,11202,10727,10347,9925,3781,115,30
20557,0.13600001,Urban Major Collector,IRVING,EAST OF UNIVERSE - WEST OF LAPAZ,25,2,6202,4551,3625,5655,4132,3241,4264,4319,3887,3937,536,25,6
20123,0.162,Urban Minor Collector,CEDAR HILL RD.,EAST OF TRAMWAY - WEST OF TRAMWAY LN.,25,2,924,945,711,842,858,636,848,887,759,794,128,5,1
20125,0.148,Urban Minor Collector,LIVE OAK RD.,EAST OF TRAMWAY - WEST OF TRAMWAY LN.,25,2,2585,3382,2545,2357,3071,2276,3035,3175,2767,2895,429,17,3
20165,0.49200001,Urban Minor Collector,PINO AVE.,EAST OF EUBANK - WEST OF BROWNING,25,2,226,323,132,206,293,118,157,164,143,149,73,3,1
20166,0.99900001,Urban Minor Collector,PINO AVE.,EAST OF BROWNING - WEST OF TENNYSON,25,2,304,302,226,277,274,202,270,282,246,257,257,10,2
20167,0.116,Urban Minor Collector,TRAMWAY TERRACE,EAST OF TENNYSON -WEST OF TRAMWAY,30,2,1141,1033,777,1040,938,695,927,970,845,884,102,3,1
20127,0.21699999,Urban Minor Collector,SAN RAFAEL,EAST OF TRAMWAY - WEST OF TRAMWAY LN.,25,2,2884,2240,1686,2629,2034,1508,2011,2104,1833,1918,416,17,3
20126,0.25600001,Urban Minor Collector,SAN BERNARDINO AVE.,EAST OF TRAMWAY - WEST OF TRAMWAY LN.,35,2,1029,1241,934,938,1127,835,1114,1165,1016,1063,272,8,2
20162,0.18700001,Urban Principal Arterial,TRAMWAY,SOUTH OF PASEO DEL NORTE - NORTH OF SAN BERNARDINO,50,4,17871,20726,15597,16855,19294,14406,18603,18025,17277,16678,3119,69,13
20163,0.248,Urban Principal Arterial,TRAMWAY,SOUTH OF SAN BERNARDINO - NORTH OF TRAMWAY TERRACE,50,4,18547,18959,15454,17493,17649,14275,18506,19361,17187,17914,4442,96,15
20224,0.294,Urban Minor Collector,BROWNING,NORTH OF SAN RAFAEL - SOUTH OF PINO AVE.,25,2,638,764,575,582,694,514,686,718,625,654,192,8,1
20169,0.107,Urban Minor Collector,BROWNING,BEGINING OF ROAD - SOUTH OF DEL REY,30,2,239,259,195,218,235,174,233,244,212,222,24,1,0
20171,0.103,Urban Minor Collector,BROWNING,NORTH OF DEL REY - SOUTH OF SAN RAFAEL,30,2,411,441,332,375,400,297,396,414,361,378,39,1,0
20174,0.498,Urban Major Collector,CARMEL AVE.,EAST OF LOUISIANA - WEST OF WYOMING,35,2,4007,4510,3394,3653,4095,3035,4048,4235,3691,3861,1923,64,15
20175,0.53399998,Urban Major Collector,CARMEL AVE.,EAST OF  WYOMING - WEST OF BARSTOW,35,2,9429,9608,7253,8597,8675,6485,8651,9050,7735,8092,0,0,0
20176,0.50199997,Urban Major Collector,HOLLY AVE.,EAST OF BARSTOW - WEST OF LAYTON/VENTURA,30,2,4172,4259,3205,3804,3867,2866,3823,4000,3485,3646,1831,71,17
20178,0.50099999,Urban Major Collector,HOLLY AVE.,EAST OF SAN PEDRO - WEST OF LOUISIANA,30,2,5358,6382,4803,4885,5795,4295,5729,5994,5223,5464,2737,106,25
20179,0.49700001,Urban Major Collector,HOLLY AVE.,EAST OF LOUISIANA - WEST OF WYOMING,30,2,3525,5001,3763,3214,4541,3365,4488,4695,4092,4281,2128,82,19
20181,0.498,Urban Minor Collector,PALOMAS AVE.,EAST OF SAN PEDRO - WEST OF LOUISIANA,35,2,4471,4570,3750,4076,4149,3352,4842,5066,4414,4593,2287,66,13
20186,0.102,Urban Major Collector,SAN PEDRO,NORTH OF SAN FRANCISCO - SOUTH OF PINO AVE.,35,2,12414,12690,8502,11318,11522,7602,10043,10507,9156,9525,972,36,12
20708,0.11,Urban Major Collector,SAN PEDRO,NORTH PASEO DEL NORTE - SOUTH OF HOLLY AVE.,35,2,16942,17318,13032,15447,15724,11653,22733,23783,20725,21561,2372,98,39
20812,0.088,Urban Major Collector,SAN PEDRO,NORTH PALOMAS AVE. - SOUTH OF PASEO DEL NORTE,35,4,15964,16318,12280,14555,14816,10980,13128,13734,11969,12451,1096,45,18
20158,0.109,Urban Major Collector,LOUISIANA,NORTH OF SAN FRANCISCO - SOUTH OF PALOMAS,35,4,10598,10833,8152,9663,9836,7289,7874,8238,7179,7468,814,29,8
20716,0.09,Urban Major Collector,LOUISIANA,NORTH OF PASEO DEL NORTE - SOUTH OF HOLLY,40,4,13831,14887,11203,12610,13517,10017,13362,13979,12182,12745,1147,35,9
20159,0.099,Urban Major Collector,LOUISIANA,NORTH OF HOLLY - SOUTH OF CARMEL,40,4,10713,10347,7787,9767,9395,6963,9288,8894,8468,8063,798,25,7
20728,0.102,Urban Major Collector,WYOMING,NORTH OF PASEO DEL NORTE - SOUTH OF HOLLY,40,4,26461,27048,20355,24126,24559,18201,22702,23750,20697,21531,2196,77,28
20197,0.099,Urban Major Collector,WYOMING,NORTH OF HOLLY - SOUTH OF CARMEL,40,4,21398,20769,15629,19509,18858,13975,18641,17299,16995,15683,1553,48,14
20199,0.198,Urban Major Collector,WYOMING,NORTH OF WILSHIRE - SOUTH OF ALAMEDA,40,4,11750,12906,9712,10713,11718,8684,11584,11347,10561,10287,2037,64,4
20737,0.121,Urban Major Collector,BARSTOW,NORTH OF PASEO DEL NORTE - SOUTH OF HOLLY,35,2,10218,10576,7959,9316,9603,7117,9493,8608,8655,7804,944,33,9
20202,0.092,Urban Major Collector,LAYTON/VENTURA,NORTH OF PASEO DEL NORTE - SOUTH OF HOLLY,40,2,11869,13862,10432,10821,12586,9328,12442,12993,11343,11779,1084,33,9
24164,0.50599998,Urban Principal Arterial,LOMAS,EAST OF PAN AM EAST - WEST OF UNIVERSITY,35,6,29885,28776,21709,28186,26788,20052,24761,25142,22997,23263,11772,377,82
20124,0.20100001,Urban Interstate Frontage,PAN AM. EAST,NORTH OF SAN PEDRO - SOUTH OF TRAMWAY INTCH OFF RAMP,45,2,1974,2120,1595,1800,1925,1426,1902,1990,1734,1814,365,11,4
20139,0.14300001,Urban Major Collector,HEADLINE,NORTHEAST OF JEFFERSON - END OF ROAD,30,2,1314,2203,1498,1198,2000,1339,1917,2052,1748,1871,268,10,2
20239,0.375,Urban Major Collector,MASTHEAD ST.,EAST OF JEFFERSON - WEST OF PAN AMERICAN WEST,30,0,0,2410,1639,0,2188,1466,2098,2246,1913,2048,768,30,7
20136,0.55199999,Urban Major Collector,HAWKINS ST.,END OF ROAD - WEST OF JEFFERSON,40,2,4729,4230,2877,4312,3841,2573,3682,3942,3357,3594,1984,57,13
20137,0.49700001,Urban Major Collector,TIBURION,NORTH OF MASTHEAD ST. - SOUTH OF JEFFERSON,30,2,4962,4223,2872,4524,3834,2568,3675,3934,3350,3586,1783,73,20
23345,0.17399999,Urban Interstate Frontage,PAN AM. WEST,NORTH OF SAN ANTONIO INTCH OFF RAMP - SOUTH OF MASTHEAD,45,2,9744,7777,5289,8884,7061,4729,6769,7246,6171,6606,1149,26,5
20143,0.19,Urban Minor Arterial,JEFFERSON,NORTHWEST OF HEADLINE - SOUTH OF TIBURION,35,4,20510,20965,14257,19342,19618,13329,15352,16435,14357,15510,2947,99,26
20908,0.125,Urban Minor Arterial,JEFFERSON,NORTH OF SAN ANTONIO - SOUTH OF HAWKINS,35,4,26184,26765,18202,24693,25046,17017,20187,21611,18878,20395,2549,86,22
20141,0.162,Urban Minor Arterial,JEFFERSON,NORTH OF HAWKINS - SOUTH OF MASTHEAD,35,4,22477,19750,13431,21197,18481,12557,17188,19253,16074,18170,2944,99,25
20237,0.38499999,Urban Major Collector,MASTHEAD ST.,END OF ROAD - WEST OF TIBURON,30,2,4979,5826,3962,4540,5290,3543,5070,5428,4622,4948,1905,74,17
20258,0.096,Urban Major Collector,MASTHEAD ST.,EAST OF TIBURON - WEST OF JEFERSON,30,4,10581,8195,5573,9647,7441,4983,7132,7635,6502,6961,668,26,6
20154,0.071,Urban Minor Arterial,JEFFERSON,NORTH OF TIBURION - SOUTH OF JEFFERSON SOUTH RAMPS,35,4,21806,24012,14421,20564,22470,13482,18687,21979,17475,20742,1473,50,13
30336,0.229,Urban Local,THIRD STREET,NORTH OF RIENKEN AVE. - SOUTH OF ROSS AVE.,25,2,1166,1243,900,1077,1147,805,1143,1154,1022,1032,0,0,0
30452,0.271,Urban Local,SECOND STREET,NORTH OF BACA AVE. - SOUTH OF REINKEN AVE.,30,2,213,227,164,197,210,147,208,210,187,189,0,0,0
30454,0.12,Urban Local,WISCONSIN STREET,END OF ROAD - SOUTH OF RIENKEN AVE.,40,2,984,1049,760,909,969,680,965,974,863,871,0,0,0
38775,0.065,Urban Local,ARAGON ROAD,EAST OF 4TH ST. - WEST OF 3RD ST.,25,2,1321,1361,1020,1220,1257,912,1295,1307,1158,1169,76,4,1
30445,0.19400001,Urban Local,THIRD STREET,NORTH OF BERNARD AVE. - SOUTH OF BACA AVE.,25,0,370,395,286,342,364,256,363,366,325,328,0,0,0
30335,0.27900001,Urban Local,THIRD STREET,NORTH OF BACA AVE. - SOUTH OF RIENKEN AVE.,25,2,425,453,328,393,419,293,416,420,372,375,0,0,0
30337,0.126,Urban Local,THIRD STREET,NORTH OF ROSS AVE. - SOUTH OF ARAGON RD.,25,2,151,156,117,139,144,105,149,150,133,134,17,1,0
30453,0.235,Urban Local,SECOND STREET,NORTH OF REINKEN AVE. - SOUTH OF ROSS AVE.,30,2,240,256,185,222,237,165,235,237,210,212,0,0,0
30451,0.20100001,Urban Local,SECOND STREET,NORTH OF BERNARD AVE. - SOUTH OF BACA AVE.,30,2,240,256,185,222,237,165,235,237,210,212,0,0,0
38856,0.054,Urban Minor Arterial,N.M. 309/RIENKEN AVE.,EAST OF FOURTH ST. - WEST OF FIRST ST.,40,4,18451,19009,14245,17400,17788,13318,18088,18258,16911,17070,922,26,5
30101,0.064,Urban Minor Arterial,N.M. 309/RIENKEN AVE.,EAST OF FOURTH ST. - WEST OF THIRD ST.,35,3,21963,22627,15478,20712,21173,14470,17777,17944,16624,16934,1084,35,7
30569,0.063,Urban Major Collector,BERNARD AVENUE,EAST OF SECOND ST. - WEST OF FIRST ST.,25,2,272,290,210,248,262,188,267,270,239,241,0,0,0
38976,0.066,Urban Major Collector,BERNARD AVENUE,EAST OF FOURTH ST. - WEST OF THIRD ST.,25,2,664,708,513,605,638,459,651,657,583,588,0,0,0
30572,0.062,Urban Major Collector,BACA AVENUE,EAST SECOND ST. - WEST OF FIRST ST.,25,0,80,154,115,73,140,103,146,147,133,134,8,0,0
38924,0.065,Urban Major Collector,BACA AVENUE,EAST OF FOURTH ST. - WEST OF THIRD ST.,25,2,511,526,394,466,478,352,500,505,447,451,29,1,0
30106,0.098,Urban Local,ROSS AVENUE,EAST OF SECOND ST. - AT&SF CROSSING,40,2,151,161,117,139,147,105,149,150,133,134,0,0,0
38804,0.063,Urban Local,ROSS AVENUE,EAST OF FOURTH ST. - WEST OF THIRD ST.,40,2,403,430,311,372,397,278,395,399,353,356,0,0,0
30121,1.08500004,Urban Minor Collector,HORNER,EAST OF HORNER - SOUTH OF HILLANDALE,25,2,1728,1416,1061,1575,1286,949,1347,1360,1228,1240,1344,54,10
30122,0.37799999,Urban Minor Collector,HILLANDALE,SOUTH OF MANZANO EXP. - WEST OF HORNER,25,2,2289,2358,1767,2087,2141,1580,2244,2265,2006,2025,765,31,6
30127,2.43600011,Urban Minor Collector,RIO DEL ORO LOOP (N.),EAST OF MANZANO EXPRESSWAY - EAND OF ROAD,35,2,3043,3135,1955,2774,2846,1748,1982,2001,1807,1814,4419,127,24
30125,1.05999994,Urban Local,TOME HILL RD.,EAST OF N.M. 47 - WEST OF LA ENTRADA RD.,25,2,629,648,486,581,599,435,617,623,552,557,591,30,10
30126,1.66799998,Rural Minor Collector,RIO DEL ORO LOOP (N.),EAST OF SANDHILL RD. - WEST OF MANZANO EXPRESSWAY,35,0,3039,3131,1976,2886,2975,1766,2038,2057,1919,1931,3221,93,18
30131,1.56599998,Urban Minor Collector,EL CERRO MISSION RD.,EAST OF VAN CAMP BLVD. - END OF ROAD,35,2,2335,2406,1803,2129,2185,1612,2289,2311,2047,2066,3237,93,18
38628,1.55200005,Urban Minor Arterial,MANZANO EXPRESSWAY,NORTH OF RIO DEL ORO LOOP S. - SOUTH OF RIO DEL ORO LOOP N.,40,2,2308,2378,1782,2177,2225,1666,2263,2284,2115,2135,3312,101,29
30135,0.68099999,Urban Major Collector,LONESTAR ST.,EAST OF HUNING RANCH LOOP W. - WEST OF HUNING RANCH LOOP E.,25,2,862,888,666,786,806,595,846,854,756,763,520,24,6
30137,0.764,Urban Minor Collector,SUN RANCH VILLAGE RD.,NORTH OF CALLE DE SILVERIO - SOUTH OF N.M. 6,0,0,0,900,702,0,810,632,891,899,803,811,0,0,0
30142,0.69800001,Urban Minor Collector,CARSON DR.,NORTH OF ASPEN DR. - SOUTH OF N.M. 6,30,2,3921,3869,2899,3575,3513,2592,3681,3640,3356,3300,2304,78,15
30143,0.115,Urban Minor Collector,ASPEN DR.,WEST OF LOS LENTES ST. - WEST OF CARSON DR.,25,2,2471,2682,2010,2253,2435,1798,2761,2787,2517,2541,292,12,2
38543,0.57700002,Urban Minor Arterial,N.M. 6,EAST OF HUNING RANCH RD. W.- WEST OF HUNINH RANCH RD. E.,60,2,5798,6330,4744,5468,5923,4435,6024,6081,5633,5686,3281,62,13
30134,0.42899999,Urban Major Collector,HUNING RANCH LOOP (E.),NORTH OF LONESTAR - SOUTH OF N.M. 6,25,2,4039,3779,2832,3683,3431,2532,3596,3630,3278,3309,1419,70,19
30133,0.74599999,Urban Major Collector,HUNING RANCH LOOP (W.),NORTH OF LONESTAR - SOUTH OF N.M. 6,25,2,1766,1702,1275,1610,1545,1140,1619,1634,1476,1490,1112,55,15
38542,0.19499999,Urban Minor Arterial,N.M. 6,EAST OF HUNING RANCH LOOP - WEST OF I-25 WEST RAMPS,45,2,26944,22955,17202,25410,21480,16082,21843,22048,20427,20619,4021,101,20
30141,0.56300002,Urban Minor Collector,CARSON DR.,NORTH OF CASTILLO DR. - SOUTH OF ASPEN DR.,30,2,1965,2421,1814,1792,2198,1622,2303,2325,2100,2120,1194,40,8
30151,0.32600001,Urban Major Collector,LOS LENTES STREET,NORTH OF ASPEN DR. - SOUTH OF COURTHOUSE ST.,30,2,4373,4505,3376,3987,4090,3019,4287,4327,3834,3870,1262,52,14
29689,2.44000006,Urban Minor Collector,2ND STREET,END OF ROAD - SOUTH OF DESERT RD.,40,2,1499,1562,1094,1367,1418,978,1406,1468,1282,1338,3265,82,16
29713,0.54900002,Urban Minor Collector,TRIBAL RD 15,END OF ROAD - WEST OF N.M. 47,35,2,2090,2153,1613,1906,1955,1442,2048,2067,1831,1848,1015,29,6
29687,1.73300004,Urban Major Collector,DOUGLAS RD.,NORTH OF POWERS - SOUTH OF PAJARITO RD.,25,2,331,651,528,302,591,472,658,600,600,547,948,47,13
29690,0.56900001,Urban Principal Arterial,COORS,NORTH OF POWERS - SOUTH OF RAYMAC,55,4,11415,11584,9400,10766,10784,8683,11717,12349,10882,11426,6501,139,33
29688,0.84399998,Urban Major Collector,POWERS,EAST OF DOUGLAS RD. - WEST OF COORS BLVD.,35,2,3667,2303,1869,3343,2091,1671,2330,2125,2124,1937,1635,54,13
24567,1.00199997,Urban Major Collector,PAJARITO ROAD,EAST OF DOUGLAS - WEST OF COORS,35,2,2726,2764,2243,2485,2510,2006,2796,2550,2500,2280,2285,76,18
29715,4.03100014,Urban Interstate Frontage,I-40 SOUTH FRONTAGE (W.),EAST OF SHELLY RD. - WEST OF ATRISCO VISTA,40,2,3422,3570,2816,3120,3223,2518,3510,3201,3139,2863,0,0,0
29717,2.81999993,Urban Minor Collector,SHELLY RD.,END OF ROAD - SOUTH OF I-40 SOUTH FRONTAGE RD. (W.),30,2,0,3570,2488,0,3223,2225,3101,2828,2827,2564,7233,243,47
20253,8.61999989,Rural Interstate Frontage,I-40 NORTH FRONTAGE (E.),EAST OF RIO PUERCO INTCH. OFF RAMP - WEST OF ATRISCO VISTA,50,2,1806,517,442,1633,474,402,502,458,453,413,3560,72,14
20309,0.708,Urban Major Collector,GRACE VIGIL RD.,NORTH OF GUN CLUB RD. - SOUTH OF MEADE,30,2,161,163,132,147,148,118,165,150,147,134,93,4,1
20242,0.57300001,Urban Minor Collector,CAMINO DEL VALLE,EAST OF DEL RIO RD. - WEST OF ISLETA BLVD.,30,2,3156,3534,2868,2877,3209,2564,3575,3261,3259,2972,1704,57,11
20245,0.25400001,Urban Minor Collector,DEL RIO RD.,NORTH OF RIO BRAVO BLVD. - SOUTH OF BARCELONA RD.,30,2,1583,1713,1390,1443,1555,1243,1733,1581,1580,1441,366,12,2
20359,0.405,Urban Minor Collector,JOE SANCHEZ RD.,NORTH OF BARCELONA RD. - SOUTH OF BLAKE RD.,30,0,1337,1175,954,1219,1067,853,1189,1084,1084,989,401,13,3
20369,0.375,Urban Major Collector,PROSPERITY AVE.,EAST OF PRINCE ST. - WEST OF BROADWAY,30,2,2918,4398,3081,2660,3993,2755,3959,4133,3609,3768,1413,55,13
20366,0.83899999,Urban Major Collector,PRINCE ST.,NORTH OF PROSPERITY AVE. - SOUTH OF RIO BRAVO BLVD.,30,2,1371,1520,1065,1250,1380,952,1369,1429,1248,1303,1093,45,12
20758,0.17,Urban Minor Collector,VALDORA AVE.,EAST OF CITATION RD. - WEST OF ISLETA BLVD.,30,2,3848,4503,3654,3508,4089,3267,4555,2464,4153,2234,380,13,2
20754,0.237,Urban Minor Collector,CITATION ST.,NORTH OF SANFORD AVE. - SOUTH OF VALDORA AVE.,30,2,2681,3014,2446,2444,2737,2187,3049,2781,2780,2536,601,20,4
20753,0.26300001,Urban Minor Collector,CENTRO FAMILAR BLVD.,END OF ROAD - WET OF ISLETA BLVD.,30,2,2524,2210,1793,2301,2007,1603,2235,2038,2038,1859,489,16,3
20314,0.53500003,Urban Major Collector,BARCELONA RD.,EAST OF CONDENSHINE DR. - WEST OF COORS,30,2,999,1013,822,911,920,735,1025,935,916,835,447,17,4
20310,0.207,Urban Major Collector,MEADE,EAST OF GRACE VIGIL RD. - SOUTH OF CONDERSHINE DR.,40,2,148,150,122,135,136,109,152,139,136,124,26,1,0
20311,0.175,Urban Major Collector,CONDERSHINE DR.,NORTH OF MEADE - SOUTH OF SEN. DENNIS CHAVEZ,40,2,969,931,756,883,845,676,942,859,859,783,137,4,1
20313,0.41600001,Urban Major Collector,CONDERSHINE DR.,NORTH OF SEN. DENNIS CHAVEZ- SOUTH OF BARCELONA RD.,40,2,1226,691,561,1118,627,502,699,638,637,581,242,7,2
20213,0.211,Urban Major Collector,GUN CLUB ROAD,END OF ROAD - WEST OF GRACE VIGIL RD.,30,2,381,385,312,347,350,279,389,355,355,324,69,3,1
20222,0.43200001,Urban Principal Arterial,SEN. DENNIS CHAVEZ,EAST OF UNSER BLCD. - WEST OF CONDERSHINE DR.,45,2,19531,19830,16662,18421,18460,15390,20605,22023,19137,20377,8802,239,62
20241,0.207,Urban Minor Collector,CAMINO DEL VALLE,EAST OF CAMINO ALAMEDA - WEST OF DEL RIO RD.,30,2,756,431,350,689,391,313,436,398,397,362,75,3,0
20243,0.19400001,Urban Minor Collector,DEL RIO RD.,NORTH OF CAMINO DEL VALLE - SOUTH OF RIO BRAVO BLVD.,30,2,3111,3019,2450,2836,2741,2191,3054,2785,2784,2539,493,17,3
20365,0.31400001,Urban Major Collector,BLAKE ROAD,EAST OF JOE SANCHEZ RD. - WEST OF TAPIA BLVD.,30,2,6176,6212,5040,5630,5640,4507,6196,5651,5649,5152,1618,63,15
20358,0.28999999,Urban Major Collector,BARCELONA RD.,EAST OF JOE SANCHEZ RD. - WEST OF DEL RIO RD.,30,2,3813,2919,2369,3476,2650,2118,2953,2693,2692,2455,712,28,6
20367,0.32499999,Urban Major Collector,PROSPERITY AVE.,EAST OF 2ND ST. - WEST OF PRINCE ST.,30,2,4534,3980,2788,4134,3614,2493,3583,3741,3267,3411,1109,43,10
26855,0.61299998,Urban Major Collector,2ND STREET,NORTH OF EASTVIEW - SOUTH OF PROSPERITY AVE.,45,2,6906,5100,3573,6296,4631,3195,4591,4793,4186,4370,2679,73,20
26820,0.72399998,Urban Principal Arterial,BROADWAY,NORTH OF PROSPERITY AVE. - SOUTH OF RIO BRAVO BLVD.,55,4,16733,16842,11798,15782,15678,10897,16773,17512,15578,16203,11731,297,102
40075,1.005,Rural Major Collector,PASEO PONIENTE,NORTH OF HERITAGE LN. - SOUTH OF MARTINEZ RD.,30,2,954,1023,935,863,939,849,992,989,895,892,897,25,3
40056,3.00099993,Rural Major Collector,LEXCO,END OF ROAD - SOUTH OF MARTINEZ RD.,30,2,2440,2166,1980,2206,1988,1799,2101,2094,1896,1889,5669,149,19
40057,2.46099997,Rural Major Collector,LEXCO,NORTH OF  MARTINEZ RD. - SOUTH OF N.M. 333,0,0,0,600,500,0,540,0,530,528,0,0,0,0,0
40058,7.24100018,Rural Major Collector,MARTINEZ RD.,SOUTH OF EDGEWOOD 7 - WEST OF LEXCO,30,2,1257,798,730,1136,732,662,774,771,698,696,5047,85,6
40059,4.11499977,Rural Major Collector,MARTINEZ RD.,EAST OF LEXCO - WEST OF N.M. 41,30,2,0,1200,0,0,1080,0,0,0,0,0,0,0,0
40072,0.95700002,Rural Major Collector,MARTINEZ RD.,EAST OF N.M. 41 - WEST OF PASEO PONIETE,30,2,891,838,766,806,769,696,813,810,734,731,700,12,1
40073,3.00999999,Rural Major Collector,MARTINEZ RD.,EAST OF PASEO PONIENTE - WEST OF STAGE COACH,30,2,927,867,792,838,796,719,840,837,758,755,2270,39,2
40074,1.02600002,Rural Major Collector,HERITAGE LN.,EAST OF N.M. 41 - WEST OF PASEO PONIENTE,30,2,1622,1057,966,1467,970,878,1025,1021,925,922,947,16,1
40076,0.52100003,Rural Major Collector,PASEO PONIENTE,NORTH OF MARTINEZ RD. - SOUTH OF ROUTE 66,30,2,1317,1060,969,1191,973,880,1028,1024,928,925,482,12,2
60056,1.48699999,Rural Major Collector,EDGEWOOD 7,NORTH OF MARTINEZ RD. - SOUTH OF N.M. 333,30,2,4699,3444,3148,4249,3160,2860,3340,3328,3014,3004,4467,116,15
41051,1.19200003,Rural Minor Arterial,N.M. 333,SANTA FE /TORRANCE C.L. - WEST OF LEXCO,55,2,5204,5823,2730,5102,5710,2593,3036,3025,2883,2873,0,0,0
41015,0.49900001,Rural Minor Arterial,L34 (ROUTE 66),EAST OF PASEO PONIETE - WEST OF I-40 SOUTH RAMPS,40,0,2188,2438,2145,2129,2420,2038,2385,2377,2266,2258,0,0,0
45019,2.11400008,Rural Major Collector,ALAN AYERS,EAST OF N.M. 41 - END OF ROAD,35,2,762,804,735,689,738,668,780,786,704,710,1501,21,2
45018,6,Rural Minor Collector,RILEY,NORTH OF N.M. 542 - SOUTH OF N.M. 55,30,2,284,319,248,270,303,222,291,293,274,276,1650,55,11
45012,2.0079999,Rural Major Collector,N.M. 55,EAST OF N.M. 337 - WEST OF RILEY,30,2,927,921,842,838,845,765,893,900,806,812,1633,25,2
40032,0.995,Rural Minor Arterial,N.M. 41,NORTH OF N.M. 55 - SOUTH OF ALAN AYERS,35,2,2482,2745,2449,2415,2629,2327,2723,2911,2625,2806,2792,83,11
40025,7.19999981,Rural Minor Collector,N.M. 542,NORTH OF N.M. 55 - WEST OF RILEY,55,2,560,565,440,532,537,393,516,520,461,464,3334,61,12
20755,0.153,Urban Minor Collector,VALDORA AVE.,EAST OF BECKHAM LATERAL - WEST OF CITATION RD.,30,2,653,681,537,595,615,480,669,610,598,545,83,3,1
26622,0.237,Urban Principal Arterial,ISLETA BLVD.,NORTH OF VALDORA AVE. - SOUTH OF ARENAL,40,4,20536,20708,22480,19369,19277,20764,28021,25557,26024,23647,5604,184,60
23323,0.382,Urban Principal Arterial,ISLETA BLVD.,NORTH OF CENTRO FAMILAR BLVD. - SOUTH OF VALDORA AVE.,40,2,19774,17383,16311,18650,16182,15066,23080,21050,21435,19477,7440,240,74
23325,0.13600001,Urban Major Collector,8TH STREET,NORTH OF LEAD - SOUTH OF GOLD,30,2,4683,5862,3980,4270,5322,3559,4945,5020,4508,4576,622,26,7
23326,0.13,Urban Local,TIJERAS AVE.,EAST OF CENTRAL - WEST OF 12TH ST.,25,2,1378,1386,906,1272,1278,810,1126,1143,1006,1021,0,0,0
23327,0.22400001,Urban Major Collector,INDIAN SCHOOL ROAD,NORTHWEST OF 12TH ST. - SOUTH OF MENAUL,35,2,0,10800,0,0,9700,0,0,4944,0,4482,1004,33,8
22660,0.117,Urban Minor Arterial,12TH STREET,NORTH OF I-40 N. FRONTAGE RD. - SOUTH OF INDIAN SCHOOL RD.,35,4,19164,19288,13511,18073,18049,12631,17361,19264,16231,18180,2127,74,21
23382,0.25400001,Urban Local,YALE (N.),NORTH OF PAN AM.WEST - SOUTH OF ALEXANDER,25,2,1592,1615,1104,1476,1497,986,1419,1481,1267,1323,0,0,0
23381,0.49200001,Urban Minor Collector,MISSION AVE.,EAST OF EDITH BLVD. - WEST OF NOBLE DR.,30,2,1156,1164,815,1054,1057,729,1047,1093,937,978,481,16,3
21948,0.117,Urban Interstate Frontage,PAN AM. WEST,NORTH OF COMANCHE - SOUTH OF YALE BLVD.,45,2,19515,16917,11851,17887,15360,10597,15228,17614,13883,15969,1868,42,8
23384,0.55500001,Urban Major Collector,LOS RANCHOS,EAST OF 2ND - WEST OF EDITH BLVD.,25,2,1262,1232,863,1151,1119,772,1109,1158,1011,1056,586,27,6
29998,0.071,Urban Major Collector, ,JEFFERSON ST.,25,2,0,0,0,0,0,0,0,0,0,0,0,0,0
21266,0.17299999,Urban Major Collector,BALLOON MUSEUM,NORTHEAST OF JEFFERSON - SOUTHWEST OF SAN DIEGO,25,2,0,0,0,0,0,0,0,0,0,0,0,0,0
20904,0.294,Urban Interstate On-Ramp,SAN MATEO INTCH.,I-25 NBD ON RAMP,45,1,10167,10393,7821,9270,9437,6993,8446,8836,7700,8011,2355,53,10
29971,0.091,Urban Interstate On-Ramp, , ,45,2,0,0,0,0,0,0,0,0,0,0,0,0,0
29965,0.116,Urban Interstate On-Ramp,LOUISIANA INTCH.,I-40 WBD ON RAMP,45,2,17399,17451,13165,16094,16142,16142,15595,15799,19121,19371,0,0,0
29962,0.049,Urban Interstate Off-Ramp, , ,45,1,0,0,0,0,0,0,0,0,0,0,0,0,0
29968,0.061,Urban Interstate On-Ramp, , ,45,1,0,0,0,0,0,0,0,0,0,0,0,0,0
29970,0.057,Urban Interstate Off-Ramp, , ,45,2,0,0,13383,0,0,15100,15742,15943,17762,17989,0,0,0
29967,0.35600001,Urban Interstate On-Ramp, , ,35,1,0,7902,0,0,7175,0,0,0,0,0,0,0,0
25531,0.026,Urban Interstate Off-Ramp,P.D.N./JEFFERSON INTCH.,PDN WBD TO JEFFERSON SBD,0,0,3041,3108,2114,2773,2822,1890,2413,2583,2200,2342,61,0,0
29957,0.26199999,Urban Interstate On-Ramp, , ,45,2,0,6959,4732,0,6318,6318,6056,6483,8086,8656,0,0,0
29958,0.23899999,Urban Interstate Off-Ramp, , ,35,2,0,10100,6869,0,9200,9200,8791,9411,11774,12604,0,0,0
25539,0.047,Urban Interstate Off-Ramp,P.D.N./JEFFERSON INTCH.,PDN EBD TO JEFFERSON NBD,0,0,35526,3850,0,33858,3500,0,1519,1626,1385,1474,69,0,0
25541,0.028,Urban Interstate On-Ramp,P.D.N./JEFFERSON INTCH.,JEFFERSON SBD TO PDN EBD,0,0,26419,27255,0,25177,25973,0,2469,2643,2251,2396,67,0,0
25535,0.023,Urban Interstate On-Ramp,P.D.N./JEFFERSON INTCH.,JEFFERSON NBD TO PDN WBD,0,0,4610,4712,3204,4203,4278,2865,3127,3348,2851,3035,70,0,0
20764,0.052,Urban Minor Arterial,JEFFERSON,N. OF JEFFERSON RAMPS INT. - S. OF JEFFERSON NORTH RAMPS,35,4,24378,24553,16946,22990,23199,15843,22051,23856,20621,22514,1163,40,11
20704,0.091,Urban Principal Arterial,PASEO DEL NORTE,EAST OF PDN OFF RAMP TO JEFF-WEST OF PAN AM WEST,55,6,54862,56080,38137,51744,52205,35226,45486,47586,42014,43954,4000,128,61
25533,0.069,Urban Interstate Off-Ramp,P.D.N./JEFFERSON INTCH.,PDN EBD TO JEFFERSON SBD,0,0,6100,6235,4240,5562,5661,3791,4052,4338,3694,3933,271,0,0
25537,0.04,Urban Interstate On-Ramp,P.D.N./JEFFERSON INTCH.,JEFFERSON SBD TO PDN WBD,0,0,2198,2247,1528,2004,2040,1366,1589,1701,1449,1542,62,0,0
25530,0.05,Urban Interstate Off-Ramp,P.D.N./JEFFERSON INTCH.,PDN WBD TO JEFFERSON NBD,0,0,4690,4794,3260,4276,4353,2915,3886,4160,3543,3771,189,0,0
25534,0.07,Urban Interstate On-Ramp,P.D.N./JEFFERSON INTCH.,JEFFERSON NBD TO PDN EBD,0,0,0,6200,0,0,5700,0,3795,4063,3460,3683,258,0,0
25625,0.08,Urban Interstate On-Ramp,P.D.N./2ND INTCH.,2ND SBD TO PDN EBD,0,0,2201,2250,1530,2007,2043,1368,1958,2895,1751,2625,210,0,0
25622,0.053,Urban Interstate On-Ramp,P.D.N./2ND INTCH.,2ND NBD TO PDN WBD,0,0,1440,1472,1001,1313,1337,895,1281,5523,1145,5007,265,0,0
25631,0.081,Urban Interstate On-Ramp,P.D.N./2ND INTCH.,2ND NBD TO PDN EBD,25,1,3147,3217,2188,2869,2921,1956,2800,3501,2503,3174,257,10,2
25617,0.027,Urban Interstate Off-Ramp,P.D.N./2ND INTCH.,PDN WBD OFF RAMP TO 2ND SBD,0,0,3263,3335,2268,2975,3028,2028,2903,3323,2595,3013,81,0,0
25611,0.054,Urban Interstate Off-Ramp,P.D.N./2ND INTCH.,PDN WBD OFF RAMP TO 2ND NBD,35,1,1730,1768,1202,1577,1605,1075,1538,5087,1376,4612,249,5,0
25615,0.085,Urban Local,P.D.N./2ND INTCH.,PDN WBD ON RAMP,45,1,7261,7422,5047,6620,6739,4513,6459,6914,5776,6183,526,12,2
25618,0.051,Urban Interstate Off-Ramp, , ,35,2,1583,1618,1100,1443,1469,984,1408,1519,1259,1377,70,2,0
20610,0.048,Urban Principal Arterial,2ND STREET,NORTH OD PDN SOUTH RAMPS - SOUTH OF PDN RAMPS,45,5,28422,28380,20602,27086,27046,19029,26473,27639,24452,25529,0,0,0
20611,0.067,Urban Principal Arterial,2ND STREET,NORT OF PDN RAMPS - SOUTH OF PDN NORTH RAMPS,45,4,14539,14644,20602,13855,13955,19029,26366,28225,24353,26070,0,0,0
20939,0.101,Urban Principal Arterial,COORS,NORTH OD PDN SOUTH RAMPS - SOUTH OF PDN RAMPS,45,6,28725,29209,23987,27375,27837,22156,28216,28577,26062,26395,0,0,0
20601,0.075,Urban Interstate Off-Ramp,P.D.N./COORS INTCH., PDN EBD OFF RAMP TO COORS NBD,0,0,0,0,1116,0,0,998,1160,1302,1058,1180,88,0,0
20603,0.046,Urban Interstate On-Ramp,P.D.N./COORS INTCH.,COORS NBD TO PDN WBD,0,0,0,1700,1769,0,1500,1582,1275,1625,1162,1473,68,0,0
20468,0.38999999,Urban Principal Arterial,ALAMEDA BLVD.,WEST OF JEFFERSON - EAST OF BALLOON MUSEUM,40,4,29488,27663,18812,27812,25752,17376,24075,25773,22359,23936,9335,274,66
10216,2.44799995,Rural Principal Arterial,U.S. 550,NORTH OF CABEZON RD. - SOUTH OF N.M. 4,45,4,9287,9376,8110,9204,9306,8220,9213,9056,9338,9179,22465,352,4
21176,0.55199999,Urban Minor Arterial,ACADEMY,EAST OF LOWELL - WEST OF TRAMWAY,40,4,11508,11763,8852,10853,11007,8276,10558,10550,9871,9956,5495,150,28
29969,0.30399999,Urban Interstate On-Ramp,LOUISIANA INTCH.,I-40 EBD ON RAMP,45,2,5700,5717,4313,5273,5289,5289,5109,5176,6265,6347,0,0,0
23608,0.44,Urban Principal Arterial,COORS, NORTH OF FORTUNA - SOUTH OF HANOVER,45,6,47418,47002,36042,44723,43754,33291,45767,41254,42506,38171,16795,513,139
24628,0.33500001,Urban Principal Arterial,COORS,NORTH OF BLUEWATER -SOUTH OF LOS VOLCANOS,45,6,41357,42125,34184,39006,39214,31575,42610,32574,39574,30140,10097,309,107
25340,0.43099999,Urban Principal Arterial,COORS, NORTH OF CENTRAL - SOUTH OF BLUEWATER,45,6,28200,28592,23202,26597,26616,21431,31177,28435,28955,26310,11340,354,127
23607,0.21699999,Urban Principal Arterial,COORS, NORTH OF HANOVER - SOUTH OF ILIFF,45,6,52759,53492,43408,49760,49796,40095,47107,42965,43750,39755,8627,263,90
25864,0.773,Urban Principal Arterial,COORS, NORTH OF BRIDGE BLVD. - SOUTH OF CENTRAL,45,4,25383,25736,20885,23940,23958,19291,26033,21756,24046,20130,15560,417,106
23404,0.038,Urban Principal Arterial,COORS,NORTH OF ILIFF - SOUTH OF I-40 EBD OFF,45,6,55133,55899,45362,51999,52037,41900,56544,51572,52228,47635,1810,49,12
24629,0.23199999,Urban Principal Arterial,COORS,NORTH OF LOS VOLCANOS - SOUTH OF FORTUNA,45,6,22584,22898,18582,21300,21316,17164,35493,32372,32964,29953,6949,212,58
26792,1.07200003,Urban Principal Arterial,COORS, NORTH OF GUN CLUB ROAD - SOUTH OF RIO BRAVO,55,4,26262,26626,21607,24769,24786,19958,23007,20984,21368,19416,20813,527,180
26641,0.22499999,Urban Principal Arterial,COORS,NORTH OF RIO BRAVO - SOUTH OF BARCELONA,45,4,26893,25174,19960,25364,23435,18436,23789,22494,22094,20813,4683,144,51
37779,1.02400005,Urban Local,MORRIS RD. (VAL.),EAST OF PRISON ENTR. - WEST OF SHAWN DR,45,2,2802,1484,1442,2577,1347,1290,2251,2272,2052,2060,2110,61,20
37780,1.02400005,Urban Local,MORRIS RD. (VAL.),EAST OF CAMELOT BLVD - WEST OF PRISON ENTR.,45,2,0,0,0,0,0,0,0,0,0,0,0,0,0
38790,1.91999996,Urban Major Collector,CAMINO DEL LLANO, EAST OF DESI LOOP - WEST OF WEST FRONTAGE RD.,30,4,4998,3786,2837,4582,3438,2537,3602,4360,3284,3953,7588,294,69
26789,0.366,Urban Interstate,I-25 NBD, RIO BRAVO OFF RAMP - RIO BRAVO ON RAMP,65,2,24510,24917,25280,23612,24004,24087,28946,28859,27580,27497,0,0,0
26694,0.163,Urban Interstate On-Ramp,RIO BRAVO INTCH., I-25 NBD ON RAMP 1,45,1,0,14200,0,0,12800,0,0,0,0,0,0,0,0
26236,0.73799998,Urban Major Collector,GOFF,NORTH OF BRIDGE BLVD - WEST OF FIVE POINTS,25,2,9383,9740,7874,8679,9009,7041,9815,3747,8777,3397,2506,123,33
26234,0.73799998,Urban Local,FIVE POINTS,EAST OF GOFF - NORTHWEST OF BRIDGE BLVD,25,2,0,0,0,0,0,0,0,2710,0,2503,1847,94,29
26238,0.73799998,Urban Major Collector,FIVE POINTS,EAST OF ATRISCO - WEST OF GOFF,25,2,9383,9740,0,8679,9009,7041,0,6651,0,6030,4449,207,48
