{
"type": "FeatureCollection",
"name": "Bus_Stop_Boardings_2024",
"crs": { "type": "name", "properties": { "name": "urn:ogc:def:crs:OGC:1.3:CRS84" } },
"features": [
{ "type": "Feature", "properties": { "ROUTE": 1.0, "DAY": "WKDY", "DIR": "Outbound", "STOP": 1.0, "STOPNAME": "EUBANK @ ACADEMY", "DAY_ON": 15.844488844500001, "DAY_OFF": 0.0, "DAY_TOT": 15.844488844500001, "LAT": 35.152712834699997, "LONG": -106.523409786 }, "geometry": { "type": "Point", "coordinates": [ -106.523409785655502, 35.152712834665337 ] } },
{ "type": "Feature", "properties": { "ROUTE": 1.0, "DAY": "WKDY", "DIR": "Outbound", "STOP": 2.0, "STOPNAME": "ACADEMY @ EUBANK", "DAY_ON": 1.9264069264100001, "DAY_OFF": 1.5530303030299999, "DAY_TOT": 3.4794372294399998, "LAT": 35.153734488300003, "LONG": -106.52263702099999 }, "geometry": { "type": "Point", "coordinates": [ -106.522637020773331, 35.153734488256845 ] } },
{ "type": "Feature", "properties": { "ROUTE": 1.0, "DAY": "WKDY", "DIR": "Outbound", "STOP": 3.0, "STOPNAME": "ACADEMY @ ROLLING HILLS", "DAY_ON": 0.81601731602000005, "DAY_OFF": 0.95687645688, "DAY_TOT": 1.7728937728900001, "LAT": 35.152664807699999, "LONG": -106.520155015 }, "geometry": { "type": "Point", "coordinates": [ -106.520155014887081, 35.152664807692318 ] } },
{ "type": "Feature", "properties": { "ROUTE": 1.0, "DAY": "WKDY", "DIR": "Outbound", "STOP": 4.0, "STOPNAME": "ACADEMY @ CARRUTHERS", "DAY_ON": 0.09090909091, "DAY_OFF": 0.0, "DAY_TOT": 0.09090909091, "LAT": 35.151144890099999, "LONG": -106.51646871200001 }, "geometry": { "type": "Point", "coordinates": [ -106.516468711876371, 35.151144890109897 ] } },
{ "type": "Feature", "properties": { "ROUTE": 1.0, "DAY": "WKDY", "DIR": "Outbound", "STOP": 5.0, "STOPNAME": "ACADEMY @ ACADEMY RIDGE", "DAY_ON": 0.16783216783, "DAY_OFF": 0.07692307692, "DAY_TOT": 0.24475524476, "LAT": 35.151114493800002, "LONG": -106.51199533499999 }, "geometry": { "type": "Point", "coordinates": [ -106.51199533510605, 35.151114493790523 ] } },
{ "type": "Feature", "properties": { "ROUTE": 1.0, "DAY": "WKDY", "DIR": "Outbound", "STOP": 6.0, "STOPNAME": "ACADEMY @ LOWELL", "DAY_ON": 0.15476190476000001, "DAY_OFF": 0.62662337662000001, "DAY_TOT": 0.78138528138999996, "LAT": 35.152033529500002, "LONG": -106.507762036 }, "geometry": { "type": "Point", "coordinates": [ -106.507762036248067, 35.152033529509715 ] } },
{ "type": "Feature", "properties": { "ROUTE": 1.0, "DAY": "WKDY", "DIR": "Outbound", "STOP": 7.0, "STOPNAME": "LOWELL @ ACADEMY", "DAY_ON": 1.33241758242, "DAY_OFF": 0.25, "DAY_TOT": 1.58241758242, "LAT": 35.151759837500002, "LONG": -106.507215914 }, "geometry": { "type": "Point", "coordinates": [ -106.507215913939021, 35.15175983746645 ] } },
{ "type": "Feature", "properties": { "ROUTE": 1.0, "DAY": "WKDY", "DIR": "Outbound", "STOP": 8.0, "STOPNAME": "LOWELL @ SAN VICTORIO", "DAY_ON": 0.22619047619, "DAY_OFF": 0.22527472528, "DAY_TOT": 0.45146520147000002, "LAT": 35.149194164100003, "LONG": -106.506984743 }, "geometry": { "type": "Point", "coordinates": [ -106.506984743246974, 35.149194164120189 ] } },
{ "type": "Feature", "properties": { "ROUTE": 1.0, "DAY": "WKDY", "DIR": "Outbound", "STOP": 9.0, "STOPNAME": "LOWELL @ SPAIN", "DAY_ON": 0.16783216783, "DAY_OFF": 0.3170995671, "DAY_TOT": 0.48493173493000002, "LAT": 35.145755773600001, "LONG": -106.507002677 }, "geometry": { "type": "Point", "coordinates": [ -106.507002677371645, 35.145755773589158 ] } },
{ "type": "Feature", "properties": { "ROUTE": 1.0, "DAY": "WKDY", "DIR": "Outbound", "STOP": 10.0, "STOPNAME": "SPAIN @ NUGGET", "DAY_ON": 0.08333333333, "DAY_OFF": 0.08333333333, "DAY_TOT": 0.16666666667, "LAT": 35.144480830200003, "LONG": -106.50966752799999 }, "geometry": { "type": "Point", "coordinates": [ -106.509667528354001, 35.144480830150243 ] } },
{ "type": "Feature", "properties": { "ROUTE": 1.0, "DAY": "WKDY", "DIR": "Outbound", "STOP": 11.0, "STOPNAME": "SPAIN @ LUTTRELL", "DAY_ON": 0.0, "DAY_OFF": 0.0, "DAY_TOT": 0.0, "LAT": 35.143548162000002, "LONG": -106.51278555099999 }, "geometry": { "type": "Point", "coordinates": [ -106.512785551311424, 35.143548161985073 ] } },
{ "type": "Feature", "properties": { "ROUTE": 1.0, "DAY": "WKDY", "DIR": "Outbound", "STOP": 12.0, "STOPNAME": "SPAIN @ CARRUTHERS", "DAY_ON": 3.0681818181799998, "DAY_OFF": 0.3170995671, "DAY_TOT": 3.3852813852799999, "LAT": 35.143031914200002, "LONG": -106.51431687900001 }, "geometry": { "type": "Point", "coordinates": [ -106.51431687851364, 35.143031914164254 ] } },
{ "type": "Feature", "properties": { "ROUTE": 1.0, "DAY": "WKDY", "DIR": "Outbound", "STOP": 13.0, "STOPNAME": "JUAN TABO @ SPAIN", "DAY_ON": 3.0814185814199999, "DAY_OFF": 0.07142857143, "DAY_TOT": 3.1528471528500002, "LAT": 35.1413852779, "LONG": -106.517019486 }, "geometry": { "type": "Point", "coordinates": [ -106.517019486102129, 35.141385277859399 ] } },
{ "type": "Feature", "properties": { "ROUTE": 1.0, "DAY": "WKDY", "DIR": "Outbound", "STOP": 14.0, "STOPNAME": "JUAN TABO @ OSUNA", "DAY_ON": 1.7997002997, "DAY_OFF": 0.14835164835, "DAY_TOT": 1.94805194805, "LAT": 35.139472679400001, "LONG": -106.516483842 }, "geometry": { "type": "Point", "coordinates": [ -106.51648384238311, 35.139472679428415 ] } },
{ "type": "Feature", "properties": { "ROUTE": 1.0, "DAY": "WKDY", "DIR": "Outbound", "STOP": 15.0, "STOPNAME": "JUAN TABO @ BAJA", "DAY_ON": 3.7898767898800001, "DAY_OFF": 0.43956043956000002, "DAY_TOT": 4.2294372294400002, "LAT": 35.134455043300001, "LONG": -106.515765829 }, "geometry": { "type": "Point", "coordinates": [ -106.515765829219788, 35.13445504333901 ] } },
{ "type": "Feature", "properties": { "ROUTE": 1.0, "DAY": "WKDY", "DIR": "Outbound", "STOP": 16.0, "STOPNAME": "JUAN TABO @ MONTGOMERY", "DAY_ON": 31.268148518099999, "DAY_OFF": 5.9264901764899998, "DAY_TOT": 37.194638694600002, "LAT": 35.130116715100002, "LONG": -106.515812852 }, "geometry": { "type": "Point", "coordinates": [ -106.515812852245787, 35.130116715098644 ] } },
{ "type": "Feature", "properties": { "ROUTE": 1.0, "DAY": "WKDY", "DIR": "Outbound", "STOP": 17.0, "STOPNAME": "JUAN TABO @ JUAN TABO PLACE", "DAY_ON": 2.87071262071, "DAY_OFF": 2.2857142857100001, "DAY_TOT": 5.1564269064300001, "LAT": 35.127191655099999, "LONG": -106.515810671 }, "geometry": { "type": "Point", "coordinates": [ -106.515810670554941, 35.127191655060628 ] } },
{ "type": "Feature", "properties": { "ROUTE": 1.0, "DAY": "WKDY", "DIR": "Outbound", "STOP": 18.0, "STOPNAME": "JUAN TABO @ COMANCHE", "DAY_ON": 3.6382783882799998, "DAY_OFF": 0.96428571428999998, "DAY_TOT": 4.6025641025599997, "LAT": 35.123792388299997, "LONG": -106.515815625 }, "geometry": { "type": "Point", "coordinates": [ -106.515815624620473, 35.123792388346949 ] } },
{ "type": "Feature", "properties": { "ROUTE": 1.0, "DAY": "WKDY", "DIR": "Outbound", "STOP": 19.0, "STOPNAME": "JUAN TABO @ GOLDEN GATE", "DAY_ON": 5.2951215451199998, "DAY_OFF": 2.8033633033599998, "DAY_TOT": 8.0984848484800001, "LAT": 35.1203864063, "LONG": -106.51580527500001 }, "geometry": { "type": "Point", "coordinates": [ -106.515805275410884, 35.12038640633876 ] } },
{ "type": "Feature", "properties": { "ROUTE": 1.0, "DAY": "WKDY", "DIR": "Outbound", "STOP": 20.0, "STOPNAME": "JUAN TABO @ CANDELARIA", "DAY_ON": 8.6551781551799998, "DAY_OFF": 4.8497335997300004, "DAY_TOT": 13.5049117549, "LAT": 35.116548491099998, "LONG": -106.515794148 }, "geometry": { "type": "Point", "coordinates": [ -106.515794148351659, 35.116548491067761 ] } },
{ "type": "Feature", "properties": { "ROUTE": 1.0, "DAY": "WKDY", "DIR": "Outbound", "STOP": 21.0, "STOPNAME": "JUAN TABO @ CANDELARIA", "DAY_ON": 3.3407425907400001, "DAY_OFF": 0.70354645355000001, "DAY_TOT": 4.0442890442900001, "LAT": 35.114996058099997, "LONG": -106.515771785 }, "geometry": { "type": "Point", "coordinates": [ -106.515771785175616, 35.114996058108545 ] } },
{ "type": "Feature", "properties": { "ROUTE": 1.0, "DAY": "WKDY", "DIR": "Outbound", "STOP": 22.0, "STOPNAME": "JUAN TABO @ CLAREMONT", "DAY_ON": 2.6455211455200001, "DAY_OFF": 0.61838161838000005, "DAY_TOT": 3.2639027639, "LAT": 35.11323415, "LONG": -106.515742862 }, "geometry": { "type": "Point", "coordinates": [ -106.515742861844046, 35.113234149967681 ] } },
{ "type": "Feature", "properties": { "ROUTE": 1.0, "DAY": "WKDY", "DIR": "Outbound", "STOP": 23.0, "STOPNAME": "JUAN TABO @ PHOENIX", "DAY_ON": 1.01523476523, "DAY_OFF": 1.0467865467899999, "DAY_TOT": 2.0620213120200002, "LAT": 35.1111637359, "LONG": -106.515707792 }, "geometry": { "type": "Point", "coordinates": [ -106.51570779206088, 35.111163735920933 ] } },
{ "type": "Feature", "properties": { "ROUTE": 1.0, "DAY": "WKDY", "DIR": "Outbound", "STOP": 24.0, "STOPNAME": "JUAN TABO @ MENAUL", "DAY_ON": 7.30444555445, "DAY_OFF": 5.6182151182200002, "DAY_TOT": 12.922660672699999, "LAT": 35.109109655300003, "LONG": -106.515670083 }, "geometry": { "type": "Point", "coordinates": [ -106.515670082515513, 35.109109655295683 ] } },
{ "type": "Feature", "properties": { "ROUTE": 1.0, "DAY": "WKDY", "DIR": "Outbound", "STOP": 25.0, "STOPNAME": "JUAN TABO @ MENAUL", "DAY_ON": 25.7248584749, "DAY_OFF": 3.4938394938399999, "DAY_TOT": 29.218697968699999, "LAT": 35.108465009299998, "LONG": -106.51566070699999 }, "geometry": { "type": "Point", "coordinates": [ -106.515660707233948, 35.108465009304425 ] } },
{ "type": "Feature", "properties": { "ROUTE": 1.0, "DAY": "WKDY", "DIR": "Outbound", "STOP": 26.0, "STOPNAME": "JUAN TABO @ BRENTWOOD HILLS", "DAY_ON": 4.6436063936099998, "DAY_OFF": 1.1758241758200001, "DAY_TOT": 5.8194305694299997, "LAT": 35.106059694300001, "LONG": -106.51562048300001 }, "geometry": { "type": "Point", "coordinates": [ -106.515620483438127, 35.106059694276318 ] } },
{ "type": "Feature", "properties": { "ROUTE": 1.0, "DAY": "WKDY", "DIR": "Outbound", "STOP": 27.0, "STOPNAME": "JUAN TABO @ INDIAN SCHOOL", "DAY_ON": 4.7214452214499998, "DAY_OFF": 4.2786380286399996, "DAY_TOT": 9.0000832500799994, "LAT": 35.101655317899997, "LONG": -106.51554688 }, "geometry": { "type": "Point", "coordinates": [ -106.515546879542029, 35.10165531791737 ] } },
{ "type": "Feature", "properties": { "ROUTE": 1.0, "DAY": "WKDY", "DIR": "Outbound", "STOP": 28.0, "STOPNAME": "JUAN TABO @ HAINES", "DAY_ON": 5.7906260406300003, "DAY_OFF": 2.5129037629000002, "DAY_TOT": 8.3035298035299991, "LAT": 35.0994832664, "LONG": -106.51551450700001 }, "geometry": { "type": "Point", "coordinates": [ -106.515514507061567, 35.099483266390472 ] } },
{ "type": "Feature", "properties": { "ROUTE": 1.0, "DAY": "WKDY", "DIR": "Outbound", "STOP": 29.0, "STOPNAME": "JUAN TABO @ PRINCESS JEANNE", "DAY_ON": 1.00757575758, "DAY_OFF": 1.2935397935399999, "DAY_TOT": 2.3011155511200001, "LAT": 35.097058657399998, "LONG": -106.51547657 }, "geometry": { "type": "Point", "coordinates": [ -106.515476569949669, 35.097058657372038 ] } },
{ "type": "Feature", "properties": { "ROUTE": 1.0, "DAY": "WKDY", "DIR": "Outbound", "STOP": 30.0, "STOPNAME": "JUAN TABO @ CONSTITUTION", "DAY_ON": 4.5394605394600003, "DAY_OFF": 5.1406926406900002, "DAY_TOT": 9.6801531801500005, "LAT": 35.093212654399998, "LONG": -106.51539616300001 }, "geometry": { "type": "Point", "coordinates": [ -106.515396162758819, 35.093212654404432 ] } },
{ "type": "Feature", "properties": { "ROUTE": 1.0, "DAY": "WKDY", "DIR": "Outbound", "STOP": 31.0, "STOPNAME": "JUAN TABO @ MOUNTAIN", "DAY_ON": 2.33016983017, "DAY_OFF": 3.1297036296999998, "DAY_TOT": 5.4598734598699998, "LAT": 35.090502701799998, "LONG": -106.51528755299999 }, "geometry": { "type": "Point", "coordinates": [ -106.515287552937281, 35.090502701759021 ] } },
{ "type": "Feature", "properties": { "ROUTE": 1.0, "DAY": "WKDY", "DIR": "Outbound", "STOP": 32.0, "STOPNAME": "JUAN TABO @ LOMAS", "DAY_ON": 9.0071595071600008, "DAY_OFF": 19.4306526807, "DAY_TOT": 28.437812187799999, "LAT": 35.087159002500002, "LONG": -106.51515553500001 }, "geometry": { "type": "Point", "coordinates": [ -106.515155534906285, 35.087159002468127 ] } },
{ "type": "Feature", "properties": { "ROUTE": 1.0, "DAY": "WKDY", "DIR": "Outbound", "STOP": 33.0, "STOPNAME": "JUAN TABO @ LOMAS", "DAY_ON": 15.7937062937, "DAY_OFF": 4.6178821178799998, "DAY_TOT": 20.4115884116, "LAT": 35.086362585400003, "LONG": -106.515149378 }, "geometry": { "type": "Point", "coordinates": [ -106.515149377828052, 35.086362585355836 ] } },
{ "type": "Feature", "properties": { "ROUTE": 1.0, "DAY": "WKDY", "DIR": "Outbound", "STOP": 34.0, "STOPNAME": "JUAN TABO @ MARQUETTE", "DAY_ON": 2.1647519147500001, "DAY_OFF": 3.62570762571, "DAY_TOT": 5.7904595404599997, "LAT": 35.083561195100003, "LONG": -106.515199796 }, "geometry": { "type": "Point", "coordinates": [ -106.515199795596558, 35.083561195128411 ] } },
{ "type": "Feature", "properties": { "ROUTE": 1.0, "DAY": "WKDY", "DIR": "Outbound", "STOP": 35.0, "STOPNAME": "JUAN TABO @ COPPER", "DAY_ON": 4.1048951048999998, "DAY_OFF": 6.6740759240800003, "DAY_TOT": 10.778971029, "LAT": 35.079669261, "LONG": -106.515282246 }, "geometry": { "type": "Point", "coordinates": [ -106.515282246087224, 35.079669260984112 ] } },
{ "type": "Feature", "properties": { "ROUTE": 1.0, "DAY": "WKDY", "DIR": "Outbound", "STOP": 36.0, "STOPNAME": "JUAN TABO @ BUENA VENTURA", "DAY_ON": 0.0, "DAY_OFF": 4.5673493173499997, "DAY_TOT": 4.5673493173499997, "LAT": 35.073197795699997, "LONG": -106.51528952699999 }, "geometry": { "type": "Point", "coordinates": [ -106.515289526845706, 35.073197795733684 ] } },
{ "type": "Feature", "properties": { "ROUTE": 1.0, "DAY": "WKDY", "DIR": "Outbound", "STOP": 37.0, "STOPNAME": "JUAN TABO @ CENTRAL", "DAY_ON": 1.0435397935399999, "DAY_OFF": 47.805361305399998, "DAY_TOT": 48.848901098900001, "LAT": 35.070826116900001, "LONG": -106.515304888 }, "geometry": { "type": "Point", "coordinates": [ -106.515304887563417, 35.070826116922284 ] } },
{ "type": "Feature", "properties": { "ROUTE": 1.0, "DAY": "WKDY", "DIR": "Outbound", "STOP": 38.0, "STOPNAME": "JUAN TABO @ COCHITI", "DAY_ON": 2.4142524142499999, "DAY_OFF": 3.9433066933099998, "DAY_TOT": 6.3575591075600002, "LAT": 35.069361815400001, "LONG": -106.51541797599999 }, "geometry": { "type": "Point", "coordinates": [ -106.515417975945638, 35.069361815439457 ] } },
{ "type": "Feature", "properties": { "ROUTE": 1.0, "DAY": "WKDY", "DIR": "Outbound", "STOP": 39.0, "STOPNAME": "JUAN TABO @ SOUTHERN", "DAY_ON": 0.23717948718000001, "DAY_OFF": 1.8975191475199999, "DAY_TOT": 2.1346986347, "LAT": 35.066468990300002, "LONG": -106.516025383 }, "geometry": { "type": "Point", "coordinates": [ -106.516025383440081, 35.06646899027443 ] } },
{ "type": "Feature", "properties": { "ROUTE": 1.0, "DAY": "WKDY", "DIR": "Outbound", "STOP": 40.0, "STOPNAME": "SINGING ARROW @ TRAIDING POS", "DAY_ON": 0.52838827839000002, "DAY_OFF": 5.2803030302999998, "DAY_TOT": 5.8086913086900003, "LAT": 35.063021061699999, "LONG": -106.51448391 }, "geometry": { "type": "Point", "coordinates": [ -106.514483910403314, 35.063021061732378 ] } },
{ "type": "Feature", "properties": { "ROUTE": 1.0, "DAY": "WKDY", "DIR": "Outbound", "STOP": 41.0, "STOPNAME": "SINGING ARROW @ FAWN TRAIL", "DAY_ON": 0.46336996337000003, "DAY_OFF": 1.7811355311399999, "DAY_TOT": 2.2445054945099998, "LAT": 35.063361271300003, "LONG": -106.513035229 }, "geometry": { "type": "Point", "coordinates": [ -106.513035228692871, 35.063361271277749 ] } },
{ "type": "Feature", "properties": { "ROUTE": 1.0, "DAY": "WKDY", "DIR": "Outbound", "STOP": 42.0, "STOPNAME": "SINGING ARROW @ HORSESHOE TR", "DAY_ON": 0.32142857142999998, "DAY_OFF": 4.5321345321299997, "DAY_TOT": 4.85356310356, "LAT": 35.063946265799999, "LONG": -106.511354936 }, "geometry": { "type": "Point", "coordinates": [ -106.511354936240238, 35.063946265842006 ] } },
{ "type": "Feature", "properties": { "ROUTE": 1.0, "DAY": "WKDY", "DIR": "Outbound", "STOP": 43.0, "STOPNAME": "SINGING ARROW @ WESTERN SKIE", "DAY_ON": 0.21428571429000001, "DAY_OFF": 3.0243922743899998, "DAY_TOT": 3.2386779886800001, "LAT": 35.064368328999997, "LONG": -106.507267646 }, "geometry": { "type": "Point", "coordinates": [ -106.507267646275281, 35.064368329023914 ] } },
{ "type": "Feature", "properties": { "ROUTE": 1.0, "DAY": "WKDY", "DIR": "Outbound", "STOP": 44.0, "STOPNAME": "DORADO @ SINGING ARROW", "DAY_ON": 1.03804528805, "DAY_OFF": 3.07867132867, "DAY_TOT": 4.1167166167199998, "LAT": 35.064659431400003, "LONG": -106.504903306 }, "geometry": { "type": "Point", "coordinates": [ -106.504903305517999, 35.064659431401928 ] } },
{ "type": "Feature", "properties": { "ROUTE": 1.0, "DAY": "WKDY", "DIR": "Outbound", "STOP": 45.0, "STOPNAME": "DORADO @ WENONAH", "DAY_ON": 0.15476190476000001, "DAY_OFF": 1.50324675325, "DAY_TOT": 1.65800865801, "LAT": 35.066016289899999, "LONG": -106.50363843 }, "geometry": { "type": "Point", "coordinates": [ -106.503638430148285, 35.066016289886591 ] } },
{ "type": "Feature", "properties": { "ROUTE": 1.0, "DAY": "WKDY", "DIR": "Outbound", "STOP": 46.0, "STOPNAME": "DORADO @ COCHITI", "DAY_ON": 1.3077755577800001, "DAY_OFF": 2.4980852480900002, "DAY_TOT": 3.8058608058600001, "LAT": 35.067091662700001, "LONG": -106.503392996 }, "geometry": { "type": "Point", "coordinates": [ -106.503392996121519, 35.067091662651066 ] } },
{ "type": "Feature", "properties": { "ROUTE": 1.0, "DAY": "WKDY", "DIR": "Outbound", "STOP": 47.0, "STOPNAME": "CENTRAL @ DORADO", "DAY_ON": 1.5240592740600001, "DAY_OFF": 4.8851148851100001, "DAY_TOT": 6.40917415917, "LAT": 35.068603894600002, "LONG": -106.50306605500001 }, "geometry": { "type": "Point", "coordinates": [ -106.503066055072367, 35.068603894634776 ] } },
{ "type": "Feature", "properties": { "ROUTE": 1.0, "DAY": "WKDY", "DIR": "Outbound", "STOP": 48.0, "STOPNAME": "WENONAH @ TRAMWAY", "DAY_ON": 0.0, "DAY_OFF": 29.903762903800001, "DAY_TOT": 29.903762903800001, "LAT": 35.065983000599999, "LONG": -106.499576058 }, "geometry": { "type": "Point", "coordinates": [ -106.499576057765779, 35.065983000577845 ] } },
{ "type": "Feature", "properties": { "ROUTE": 1.0, "DAY": "WKDY", "DIR": "Inbound", "STOP": 1.0, "STOPNAME": "WENONAH @ TRAMWAY", "DAY_ON": 33.624558774599997, "DAY_OFF": 0.0, "DAY_TOT": 33.624558774599997, "LAT": 35.065942292800003, "LONG": -106.500271955 }, "geometry": { "type": "Point", "coordinates": [ -106.500271954554719, 35.065942292781294 ] } },
{ "type": "Feature", "properties": { "ROUTE": 1.0, "DAY": "WKDY", "DIR": "Inbound", "STOP": 2.0, "STOPNAME": "WENONAH @ DORADO", "DAY_ON": 4.3317515817499999, "DAY_OFF": 0.24835164835000001, "DAY_TOT": 4.5801032300999998, "LAT": 35.066103877800003, "LONG": -106.502363092 }, "geometry": { "type": "Point", "coordinates": [ -106.502363092333596, 35.06610387776113 ] } },
{ "type": "Feature", "properties": { "ROUTE": 1.0, "DAY": "WKDY", "DIR": "Inbound", "STOP": 3.0, "STOPNAME": "DORADO @ WENONAH", "DAY_ON": 5.1495171495200003, "DAY_OFF": 0.22619047619, "DAY_TOT": 5.3757076257099996, "LAT": 35.0658984903, "LONG": -106.50352213 }, "geometry": { "type": "Point", "coordinates": [ -106.503522130166118, 35.065898490324493 ] } },
{ "type": "Feature", "properties": { "ROUTE": 1.0, "DAY": "WKDY", "DIR": "Inbound", "STOP": 4.0, "STOPNAME": "DORADO @ DUNES ROAD", "DAY_ON": 3.08155178155, "DAY_OFF": 0.16233766234, "DAY_TOT": 3.2438894438900001, "LAT": 35.065111762599997, "LONG": -106.504616176 }, "geometry": { "type": "Point", "coordinates": [ -106.504616176027682, 35.065111762570773 ] } },
{ "type": "Feature", "properties": { "ROUTE": 1.0, "DAY": "WKDY", "DIR": "Inbound", "STOP": 5.0, "STOPNAME": "SINGING ARROW @ DORADO", "DAY_ON": 1.68506493506, "DAY_OFF": 0.73951048950999998, "DAY_TOT": 2.42457542458, "LAT": 35.064555528200003, "LONG": -106.505748281 }, "geometry": { "type": "Point", "coordinates": [ -106.505748281487044, 35.064555528203272 ] } },
{ "type": "Feature", "properties": { "ROUTE": 1.0, "DAY": "WKDY", "DIR": "Inbound", "STOP": 6.0, "STOPNAME": "SINGING ARROW @ WESTERN SKIE", "DAY_ON": 2.9721112221100001, "DAY_OFF": 0.42857142857000002, "DAY_TOT": 3.4006826506799999, "LAT": 35.064249590300001, "LONG": -106.508913897 }, "geometry": { "type": "Point", "coordinates": [ -106.508913896705138, 35.064249590280077 ] } },
{ "type": "Feature", "properties": { "ROUTE": 1.0, "DAY": "WKDY", "DIR": "Inbound", "STOP": 7.0, "STOPNAME": "SINGING ARROW @ PARKSIDE", "DAY_ON": 4.31718281718, "DAY_OFF": 0.8961038961, "DAY_TOT": 5.2132867132899996, "LAT": 35.064031430500002, "LONG": -106.51060833699999 }, "geometry": { "type": "Point", "coordinates": [ -106.510608336552352, 35.064031430513943 ] } },
{ "type": "Feature", "properties": { "ROUTE": 1.0, "DAY": "WKDY", "DIR": "Inbound", "STOP": 8.0, "STOPNAME": "SINGING ARROW @ FAWN TRAIL", "DAY_ON": 2.33491508492, "DAY_OFF": 1.14835164835, "DAY_TOT": 3.4832667332699998, "LAT": 35.063405268300002, "LONG": -106.51287885399999 }, "geometry": { "type": "Point", "coordinates": [ -106.512878854071857, 35.06340526834277 ] } },
{ "type": "Feature", "properties": { "ROUTE": 1.0, "DAY": "WKDY", "DIR": "Inbound", "STOP": 9.0, "STOPNAME": "JUAN TABO @ SINGING ARROW", "DAY_ON": 7.05932400932, "DAY_OFF": 0.27272727273000003, "DAY_TOT": 7.3320512820500001, "LAT": 35.063203206499999, "LONG": -106.515171689 }, "geometry": { "type": "Point", "coordinates": [ -106.515171689384687, 35.063203206469453 ] } },
{ "type": "Feature", "properties": { "ROUTE": 1.0, "DAY": "WKDY", "DIR": "Inbound", "STOP": 10.0, "STOPNAME": "JUAN TABO @ SOUTHERN", "DAY_ON": 4.6302863802900003, "DAY_OFF": 0.5551948052, "DAY_TOT": 5.1854811854799996, "LAT": 35.066400479400002, "LONG": -106.515719641 }, "geometry": { "type": "Point", "coordinates": [ -106.515719640840629, 35.066400479381727 ] } },
{ "type": "Feature", "properties": { "ROUTE": 1.0, "DAY": "WKDY", "DIR": "Inbound", "STOP": 11.0, "STOPNAME": "JUAN TABO @ COCHITI", "DAY_ON": 0.30519480518999997, "DAY_OFF": 2.3019480519500002, "DAY_TOT": 2.6071428571399999, "LAT": 35.0691420466, "LONG": -106.515224882 }, "geometry": { "type": "Point", "coordinates": [ -106.515224882497108, 35.069142046564544 ] } },
{ "type": "Feature", "properties": { "ROUTE": 1.0, "DAY": "WKDY", "DIR": "Inbound", "STOP": 12.0, "STOPNAME": "JUAN TABO @ CENTRAL", "DAY_ON": 40.752747252699997, "DAY_OFF": 6.46177156177, "DAY_TOT": 47.214518814500003, "LAT": 35.070496240799997, "LONG": -106.51509407 }, "geometry": { "type": "Point", "coordinates": [ -106.515094070207553, 35.070496240814741 ] } },
{ "type": "Feature", "properties": { "ROUTE": 1.0, "DAY": "WKDY", "DIR": "Inbound", "STOP": 13.0, "STOPNAME": "JUAN TABO @ HOPI", "DAY_ON": 2.16786546787, "DAY_OFF": 0.51190476191000001, "DAY_TOT": 2.6797702297699999, "LAT": 35.073844472899999, "LONG": -106.515062184 }, "geometry": { "type": "Point", "coordinates": [ -106.515062183538674, 35.073844472878982 ] } },
{ "type": "Feature", "properties": { "ROUTE": 1.0, "DAY": "WKDY", "DIR": "Inbound", "STOP": 14.0, "STOPNAME": "JUAN TABO @ COPPER", "DAY_ON": 6.7864135864100001, "DAY_OFF": 6.2546620046600001, "DAY_TOT": 13.0410755911, "LAT": 35.079776664500002, "LONG": -106.515059014 }, "geometry": { "type": "Point", "coordinates": [ -106.515059013754751, 35.079776664455906 ] } },
{ "type": "Feature", "properties": { "ROUTE": 1.0, "DAY": "WKDY", "DIR": "Inbound", "STOP": 15.0, "STOPNAME": "JUAN TABO @ GABLE LANE", "DAY_ON": 4.6621045620999997, "DAY_OFF": 2.4101731601699998, "DAY_TOT": 7.07227772228, "LAT": 35.083773824600001, "LONG": -106.51498103199999 }, "geometry": { "type": "Point", "coordinates": [ -106.514981032254767, 35.083773824619833 ] } },
{ "type": "Feature", "properties": { "ROUTE": 1.0, "DAY": "WKDY", "DIR": "Inbound", "STOP": 16.0, "STOPNAME": "JUAN TABO @ LOMAS", "DAY_ON": 1.6937229437200001, "DAY_OFF": 14.876273726300001, "DAY_TOT": 16.56999667, "LAT": 35.0864743375, "LONG": -106.514927241 }, "geometry": { "type": "Point", "coordinates": [ -106.514927240611257, 35.086474337486585 ] } },
{ "type": "Feature", "properties": { "ROUTE": 1.0, "DAY": "WKDY", "DIR": "Inbound", "STOP": 17.0, "STOPNAME": "JUAN TABO @ LOMAS", "DAY_ON": 23.845637695600001, "DAY_OFF": 11.0311022311, "DAY_TOT": 34.876739926699997, "LAT": 35.087155733000003, "LONG": -106.514938352 }, "geometry": { "type": "Point", "coordinates": [ -106.514938351722378, 35.087155732970736 ] } },
{ "type": "Feature", "properties": { "ROUTE": 1.0, "DAY": "WKDY", "DIR": "Inbound", "STOP": 18.0, "STOPNAME": "JUAN TABO @ MOUNTAIN RD", "DAY_ON": 4.0130536130500003, "DAY_OFF": 1.86954711955, "DAY_TOT": 5.8826007326000003, "LAT": 35.0902791468, "LONG": -106.51506685 }, "geometry": { "type": "Point", "coordinates": [ -106.515066849872341, 35.090279146806907 ] } },
{ "type": "Feature", "properties": { "ROUTE": 1.0, "DAY": "WKDY", "DIR": "Inbound", "STOP": 19.0, "STOPNAME": "JUAN TABO @ CONSTITUTION", "DAY_ON": 2.3726273726299998, "DAY_OFF": 4.1948884448900001, "DAY_TOT": 6.5675158175200004, "LAT": 35.093380849299997, "LONG": -106.51518794499999 }, "geometry": { "type": "Point", "coordinates": [ -106.515187945323191, 35.093380849280351 ] } },
{ "type": "Feature", "properties": { "ROUTE": 1.0, "DAY": "WKDY", "DIR": "Inbound", "STOP": 20.0, "STOPNAME": "JUAN TABO @ CONSTITUTION", "DAY_ON": 3.7331002331000001, "DAY_OFF": 1.10397935398, "DAY_TOT": 4.8370795870799999, "LAT": 35.09436355, "LONG": -106.515217656 }, "geometry": { "type": "Point", "coordinates": [ -106.515217655881173, 35.094363549959297 ] } },
{ "type": "Feature", "properties": { "ROUTE": 1.0, "DAY": "WKDY", "DIR": "Inbound", "STOP": 21.0, "STOPNAME": "JUAN TABO @ PRINCESS JEANNE", "DAY_ON": 0.76948051947999996, "DAY_OFF": 1.3399933399899999, "DAY_TOT": 2.10947385947, "LAT": 35.0963372079, "LONG": -106.515255438 }, "geometry": { "type": "Point", "coordinates": [ -106.515255438441187, 35.09633720794946 ] } },
{ "type": "Feature", "properties": { "ROUTE": 1.0, "DAY": "WKDY", "DIR": "Inbound", "STOP": 22.0, "STOPNAME": "JUAN TABO @ INDIAN SCHOOL", "DAY_ON": 2.14735264735, "DAY_OFF": 6.2569097569099998, "DAY_TOT": 8.4042624042600007, "LAT": 35.100761948, "LONG": -106.51531776500001 }, "geometry": { "type": "Point", "coordinates": [ -106.515317764726021, 35.100761948033451 ] } },
{ "type": "Feature", "properties": { "ROUTE": 1.0, "DAY": "WKDY", "DIR": "Inbound", "STOP": 23.0, "STOPNAME": "JUAN TABO @ INDIAN SCHOOL", "DAY_ON": 3.3302530802499999, "DAY_OFF": 3.0407092907100002, "DAY_TOT": 6.3709623709600001, "LAT": 35.101916751799997, "LONG": -106.515336983 }, "geometry": { "type": "Point", "coordinates": [ -106.515336982952221, 35.101916751757507 ] } },
{ "type": "Feature", "properties": { "ROUTE": 1.0, "DAY": "WKDY", "DIR": "Inbound", "STOP": 24.0, "STOPNAME": "JUAN TABO @ BRENTWOOD HILLS", "DAY_ON": 1.2533300033300001, "DAY_OFF": 2.8411588411599999, "DAY_TOT": 4.0944888444899998, "LAT": 35.104908730399998, "LONG": -106.515388383 }, "geometry": { "type": "Point", "coordinates": [ -106.515388383375864, 35.104908730399231 ] } },
{ "type": "Feature", "properties": { "ROUTE": 1.0, "DAY": "WKDY", "DIR": "Inbound", "STOP": 25.0, "STOPNAME": "JUAN TABO @ MENAUL", "DAY_ON": 4.23261738262, "DAY_OFF": 23.170962371000002, "DAY_TOT": 27.403579753599999, "LAT": 35.108499718700003, "LONG": -106.515446391 }, "geometry": { "type": "Point", "coordinates": [ -106.515446391432633, 35.108499718744227 ] } },
{ "type": "Feature", "properties": { "ROUTE": 1.0, "DAY": "WKDY", "DIR": "Inbound", "STOP": 26.0, "STOPNAME": "JUAN TABO @ MENAUL", "DAY_ON": 3.7579587079599999, "DAY_OFF": 7.3541625041599996, "DAY_TOT": 11.1121212121, "LAT": 35.109297761999997, "LONG": -106.515459647 }, "geometry": { "type": "Point", "coordinates": [ -106.515459646964175, 35.109297761969515 ] } },
{ "type": "Feature", "properties": { "ROUTE": 1.0, "DAY": "WKDY", "DIR": "Inbound", "STOP": 27.0, "STOPNAME": "JUAN TABO @ PHOENIX", "DAY_ON": 1.17034632035, "DAY_OFF": 1.4502164502199999, "DAY_TOT": 2.6205627705599999, "LAT": 35.110907601999997, "LONG": -106.51548874700001 }, "geometry": { "type": "Point", "coordinates": [ -106.515488747197239, 35.110907601990597 ] } },
{ "type": "Feature", "properties": { "ROUTE": 1.0, "DAY": "WKDY", "DIR": "Inbound", "STOP": 28.0, "STOPNAME": "JUAN TABO @ LEXINGTON", "DAY_ON": 0.79445554446, "DAY_OFF": 1.37987012987, "DAY_TOT": 2.1743256743299999, "LAT": 35.1131723174, "LONG": -106.51552954500001 }, "geometry": { "type": "Point", "coordinates": [ -106.515529544575784, 35.113172317377071 ] } },
{ "type": "Feature", "properties": { "ROUTE": 1.0, "DAY": "WKDY", "DIR": "Inbound", "STOP": 29.0, "STOPNAME": "JUAN TABO @ CANDELARIA", "DAY_ON": 1.4736263736299999, "DAY_OFF": 11.1116550117, "DAY_TOT": 12.5852813853, "LAT": 35.115940050699997, "LONG": -106.515574919 }, "geometry": { "type": "Point", "coordinates": [ -106.515574918803424, 35.11594005069005 ] } },
{ "type": "Feature", "properties": { "ROUTE": 1.0, "DAY": "WKDY", "DIR": "Inbound", "STOP": 30.0, "STOPNAME": "JUAN TABO @ CANDELARIA", "DAY_ON": 5.5924908424900002, "DAY_OFF": 5.4112054612099998, "DAY_TOT": 11.0036963037, "LAT": 35.117279855200003, "LONG": -106.51556912300001 }, "geometry": { "type": "Point", "coordinates": [ -106.515569123459883, 35.117279855191107 ] } },
{ "type": "Feature", "properties": { "ROUTE": 1.0, "DAY": "WKDY", "DIR": "Inbound", "STOP": 31.0, "STOPNAME": "JUAN TABO @ GOLDEN GATE", "DAY_ON": 1.65401265401, "DAY_OFF": 2.9557109557099999, "DAY_TOT": 4.6097236097199996, "LAT": 35.120677123500002, "LONG": -106.515593147 }, "geometry": { "type": "Point", "coordinates": [ -106.515593146631147, 35.120677123515378 ] } },
{ "type": "Feature", "properties": { "ROUTE": 1.0, "DAY": "WKDY", "DIR": "Inbound", "STOP": 32.0, "STOPNAME": "JUAN TABO @ COMANCHE", "DAY_ON": 1.27380952381, "DAY_OFF": 2.8867798867799999, "DAY_TOT": 4.1605894105900001, "LAT": 35.123339894700003, "LONG": -106.515601585 }, "geometry": { "type": "Point", "coordinates": [ -106.515601585275832, 35.12333989473489 ] } },
{ "type": "Feature", "properties": { "ROUTE": 1.0, "DAY": "WKDY", "DIR": "Inbound", "STOP": 33.0, "STOPNAME": "JUAN TABO BLVD @ JUAN TABO P", "DAY_ON": 2.6861471861499999, "DAY_OFF": 2.5996503496500001, "DAY_TOT": 5.2857975357999996, "LAT": 35.126283250900002, "LONG": -106.515601029 }, "geometry": { "type": "Point", "coordinates": [ -106.515601029072783, 35.126283250934243 ] } },
{ "type": "Feature", "properties": { "ROUTE": 1.0, "DAY": "WKDY", "DIR": "Inbound", "STOP": 34.0, "STOPNAME": "JUAN TABO @ CIELITO LINDO", "DAY_ON": 0.5670995671, "DAY_OFF": 10.082317682299999, "DAY_TOT": 10.649417249400001, "LAT": 35.128963772500001, "LONG": -106.515589866 }, "geometry": { "type": "Point", "coordinates": [ -106.515589866143102, 35.128963772468282 ] } },
{ "type": "Feature", "properties": { "ROUTE": 1.0, "DAY": "WKDY", "DIR": "Inbound", "STOP": 35.0, "STOPNAME": "JUAN TABO @ MONTGOMERY", "DAY_ON": 6.8053613053599999, "DAY_OFF": 19.8881951382, "DAY_TOT": 26.693556443599999, "LAT": 35.131086928499997, "LONG": -106.51559969500001 }, "geometry": { "type": "Point", "coordinates": [ -106.51559969474971, 35.131086928534437 ] } },
{ "type": "Feature", "properties": { "ROUTE": 1.0, "DAY": "WKDY", "DIR": "Inbound", "STOP": 36.0, "STOPNAME": "JUAN TABO @ BAJA", "DAY_ON": 0.15476190476000001, "DAY_OFF": 1.60622710623, "DAY_TOT": 1.7609890109899999, "LAT": 35.135222074700003, "LONG": -106.51566443199999 }, "geometry": { "type": "Point", "coordinates": [ -106.515664432225179, 35.135222074684563 ] } },
{ "type": "Feature", "properties": { "ROUTE": 1.0, "DAY": "WKDY", "DIR": "Inbound", "STOP": 37.0, "STOPNAME": "JUAN TABO @ OSUNA", "DAY_ON": 0.2380952381, "DAY_OFF": 1.7003829503800001, "DAY_TOT": 1.93847818848, "LAT": 35.139411668000001, "LONG": -106.516332472 }, "geometry": { "type": "Point", "coordinates": [ -106.516332472083462, 35.13941166798017 ] } },
{ "type": "Feature", "properties": { "ROUTE": 1.0, "DAY": "WKDY", "DIR": "Inbound", "STOP": 38.0, "STOPNAME": "JUAN TABO @ SPAIN", "DAY_ON": 0.07142857143, "DAY_OFF": 3.3395770895800001, "DAY_TOT": 3.4110056610099999, "LAT": 35.142380835399997, "LONG": -106.51767947499999 }, "geometry": { "type": "Point", "coordinates": [ -106.517679474886236, 35.142380835423829 ] } },
{ "type": "Feature", "properties": { "ROUTE": 1.0, "DAY": "WKDY", "DIR": "Inbound", "STOP": 39.0, "STOPNAME": "JUAN TABO @ CAMERO", "DAY_ON": 0.0, "DAY_OFF": 2.7197802197800001, "DAY_TOT": 2.7197802197800001, "LAT": 35.144355813499999, "LONG": -106.51923706300001 }, "geometry": { "type": "Point", "coordinates": [ -106.519237062890795, 35.144355813464315 ] } },
{ "type": "Feature", "properties": { "ROUTE": 1.0, "DAY": "WKDY", "DIR": "Inbound", "STOP": 40.0, "STOPNAME": "JUAN TABO @ BURNHAMWOOD", "DAY_ON": 0.0, "DAY_OFF": 0.93181818181999998, "DAY_TOT": 0.93181818181999998, "LAT": 35.145644540799999, "LONG": -106.521094873 }, "geometry": { "type": "Point", "coordinates": [ -106.521094872701369, 35.145644540829544 ] } },
{ "type": "Feature", "properties": { "ROUTE": 1.0, "DAY": "WKDY", "DIR": "Inbound", "STOP": 41.0, "STOPNAME": "JUAN TABO @ MALAGUENA", "DAY_ON": 0.08333333333, "DAY_OFF": 1.7997835497800001, "DAY_TOT": 1.88311688312, "LAT": 35.146914696800003, "LONG": -106.523270993 }, "geometry": { "type": "Point", "coordinates": [ -106.523270993404751, 35.146914696784691 ] } },
{ "type": "Feature", "properties": { "ROUTE": 1.0, "DAY": "WKDY", "DIR": "Inbound", "STOP": 42.0, "STOPNAME": "JUAN TABO @ TIERRA ANTIGUA", "DAY_ON": 0.9632034632000001, "DAY_OFF": 3.5164002663999998, "DAY_TOT": 4.4796037296, "LAT": 35.147893472, "LONG": -106.52516129 }, "geometry": { "type": "Point", "coordinates": [ -106.525161289516035, 35.147893472027974 ] } },
{ "type": "Feature", "properties": { "ROUTE": 1.0, "DAY": "WKDY", "DIR": "Inbound", "STOP": 43.0, "STOPNAME": "EUBANK @ JUAN TABO", "DAY_ON": 1.70354645355, "DAY_OFF": 1.6840659340699999, "DAY_TOT": 3.3876123876099999, "LAT": 35.149614747599998, "LONG": -106.526031139 }, "geometry": { "type": "Point", "coordinates": [ -106.526031138546657, 35.149614747613505 ] } },
{ "type": "Feature", "properties": { "ROUTE": 1.0, "DAY": "WKDY", "DIR": "Inbound", "STOP": 44.0, "STOPNAME": "EUBANK @ ACADEMY", "DAY_ON": 0.0, "DAY_OFF": 15.218947718900001, "DAY_TOT": 15.218947718900001, "LAT": 35.1526927289, "LONG": -106.52432585 }, "geometry": { "type": "Point", "coordinates": [ -106.524325849613362, 35.152692728891481 ] } },
{ "type": "Feature", "properties": { "ROUTE": 2.0, "DAY": "WKDY", "DIR": "Outbound", "STOP": 21.0, "STOPNAME": "EUBANK @ ACADEMY", "DAY_ON": 4.7783882783899996, "DAY_OFF": 0.0, "DAY_TOT": 4.7783882783899996, "LAT": 35.153205604699998, "LONG": -106.52532824799999 }, "geometry": { "type": "Point", "coordinates": [ -106.525328248321145, 35.153205604700851 ] } },
{ "type": "Feature", "properties": { "ROUTE": 2.0, "DAY": "WKDY", "DIR": "Outbound", "STOP": 22.0, "STOPNAME": "EUBANK @ ADMIRAL HALSEY", "DAY_ON": 0.25882352940999998, "DAY_OFF": 0.0, "DAY_TOT": 0.25882352940999998, "LAT": 35.150434685599997, "LONG": -106.525557926 }, "geometry": { "type": "Point", "coordinates": [ -106.525557925595251, 35.150434685574233 ] } },
{ "type": "Feature", "properties": { "ROUTE": 2.0, "DAY": "WKDY", "DIR": "Outbound", "STOP": 23.0, "STOPNAME": "EUBANK @ JUAN TABO", "DAY_ON": 2.5894796380099998, "DAY_OFF": 0.325, "DAY_TOT": 2.91447963801, "LAT": 35.148939223200003, "LONG": -106.526427313 }, "geometry": { "type": "Point", "coordinates": [ -106.526427312690785, 35.148939223180619 ] } },
{ "type": "Feature", "properties": { "ROUTE": 2.0, "DAY": "WKDY", "DIR": "Outbound", "STOP": 24.0, "STOPNAME": "EUBANK @ JUAN TABO", "DAY_ON": 1.6531135531100001, "DAY_OFF": 0.14358974359000001, "DAY_TOT": 1.7967032967000001, "LAT": 35.147639511400001, "LONG": -106.527938178 }, "geometry": { "type": "Point", "coordinates": [ -106.52793817811353, 35.147639511446897 ] } },
{ "type": "Feature", "properties": { "ROUTE": 2.0, "DAY": "WKDY", "DIR": "Outbound", "STOP": 25.0, "STOPNAME": "EUBANK @ LAYTON", "DAY_ON": 4.3034798534799998, "DAY_OFF": 0.31666666667, "DAY_TOT": 4.6201465201499996, "LAT": 35.145426626199999, "LONG": -106.529728765 }, "geometry": { "type": "Point", "coordinates": [ -106.529728765109894, 35.145426626221017 ] } },
{ "type": "Feature", "properties": { "ROUTE": 2.0, "DAY": "WKDY", "DIR": "Outbound", "STOP": 26.0, "STOPNAME": "EUBANK @ ACADEMY KNOLLS", "DAY_ON": 1.6025641025599999, "DAY_OFF": 0.0, "DAY_TOT": 1.6025641025599999, "LAT": 35.141453333000001, "LONG": -106.532521679 }, "geometry": { "type": "Point", "coordinates": [ -106.532521679181912, 35.141453333028089 ] } },
{ "type": "Feature", "properties": { "ROUTE": 2.0, "DAY": "WKDY", "DIR": "Outbound", "STOP": 27.0, "STOPNAME": "EUBANK @ SPAIN", "DAY_ON": 3.24432234432, "DAY_OFF": 0.40476190476000001, "DAY_TOT": 3.64908424908, "LAT": 35.138513783100002, "LONG": -106.533418724 }, "geometry": { "type": "Point", "coordinates": [ -106.533418724358967, 35.138513783119649 ] } },
{ "type": "Feature", "properties": { "ROUTE": 2.0, "DAY": "WKDY", "DIR": "Outbound", "STOP": 28.0, "STOPNAME": "EUBANK @ OSUNA", "DAY_ON": 1.4791208791199999, "DAY_OFF": 0.66666666666999996, "DAY_TOT": 2.1457875457900002, "LAT": 35.135886062300003, "LONG": -106.533449219 }, "geometry": { "type": "Point", "coordinates": [ -106.533449218864504, 35.135886062271069 ] } },
{ "type": "Feature", "properties": { "ROUTE": 2.0, "DAY": "WKDY", "DIR": "Outbound", "STOP": 29.0, "STOPNAME": "EUBANK @ LAGRIMA DE ORO", "DAY_ON": 0.95714285714000003, "DAY_OFF": 1.96813186813, "DAY_TOT": 2.92527472527, "LAT": 35.132955189699999, "LONG": -106.533446428 }, "geometry": { "type": "Point", "coordinates": [ -106.53344642765569, 35.132955189713073 ] } },
{ "type": "Feature", "properties": { "ROUTE": 2.0, "DAY": "WKDY", "DIR": "Outbound", "STOP": 30.0, "STOPNAME": "EUBANK @ MONTGOMERY", "DAY_ON": 11.313919413900001, "DAY_OFF": 3.9697802197800001, "DAY_TOT": 15.2836996337, "LAT": 35.1302464356, "LONG": -106.53344413400001 }, "geometry": { "type": "Point", "coordinates": [ -106.533444134004881, 35.130246435592191 ] } },
{ "type": "Feature", "properties": { "ROUTE": 2.0, "DAY": "WKDY", "DIR": "Outbound", "STOP": 31.0, "STOPNAME": "EUBANK @ SIERRA VISTA CT.", "DAY_ON": 3.9860805860799999, "DAY_OFF": 0.42527472528, "DAY_TOT": 4.4113553113600004, "LAT": 35.127582108699997, "LONG": -106.53343012400001 }, "geometry": { "type": "Point", "coordinates": [ -106.533430124236872, 35.12758210866911 ] } },
{ "type": "Feature", "properties": { "ROUTE": 2.0, "DAY": "WKDY", "DIR": "Outbound", "STOP": 32.0, "STOPNAME": "EUBANK @ SAN GABRIEL", "DAY_ON": 1.10860805861, "DAY_OFF": 0.35311355310999998, "DAY_TOT": 1.46172161172, "LAT": 35.124949176100003, "LONG": -106.533416113 }, "geometry": { "type": "Point", "coordinates": [ -106.533416112637369, 35.124949176129419 ] } },
{ "type": "Feature", "properties": { "ROUTE": 2.0, "DAY": "WKDY", "DIR": "Outbound", "STOP": 33.0, "STOPNAME": "EUBANK @ COMANCHE", "DAY_ON": 3.3093406593400001, "DAY_OFF": 0.08333333333, "DAY_TOT": 3.3926739926699998, "LAT": 35.123090771500003, "LONG": -106.53340616600001 }, "geometry": { "type": "Point", "coordinates": [ -106.533406166208806, 35.123090771520154 ] } },
{ "type": "Feature", "properties": { "ROUTE": 2.0, "DAY": "WKDY", "DIR": "Outbound", "STOP": 34.0, "STOPNAME": "EUBANK @ SHOSHONE", "DAY_ON": 0.0, "DAY_OFF": 0.0, "DAY_TOT": 0.0, "LAT": 35.120939787700003, "LONG": -106.53339488 }, "geometry": { "type": "Point", "coordinates": [ -106.533394879731404, 35.120939787698418 ] } },
{ "type": "Feature", "properties": { "ROUTE": 2.0, "DAY": "WKDY", "DIR": "Outbound", "STOP": 35.0, "STOPNAME": "EUBANK @ PARSIFAL", "DAY_ON": 0.3021978022, "DAY_OFF": 0.33333333332999998, "DAY_TOT": 0.63553113552999996, "LAT": 35.119232298699998, "LONG": -106.5333831 }, "geometry": { "type": "Point", "coordinates": [ -106.533383099511582, 35.119232298687415 ] } },
{ "type": "Feature", "properties": { "ROUTE": 2.0, "DAY": "WKDY", "DIR": "Outbound", "STOP": 36.0, "STOPNAME": "EUBANK @ CANDELARIA", "DAY_ON": 2.8117216117199999, "DAY_OFF": 1.8005494505499999, "DAY_TOT": 4.6122710622699996, "LAT": 35.116463902200003, "LONG": -106.533355853 }, "geometry": { "type": "Point", "coordinates": [ -106.5333558525641, 35.116463902167283 ] } },
{ "type": "Feature", "properties": { "ROUTE": 2.0, "DAY": "WKDY", "DIR": "Outbound", "STOP": 37.0, "STOPNAME": "EUBANK @ CANDELARIA", "DAY_ON": 8.4137362637400006, "DAY_OFF": 1.76703296703, "DAY_TOT": 10.180769230799999, "LAT": 35.115221516600002, "LONG": -106.533335244 }, "geometry": { "type": "Point", "coordinates": [ -106.533335244200259, 35.115221516636154 ] } },
{ "type": "Feature", "properties": { "ROUTE": 2.0, "DAY": "WKDY", "DIR": "Outbound", "STOP": 38.0, "STOPNAME": "EUBANK @ CLAREMONT", "DAY_ON": 0.45, "DAY_OFF": 0.07692307692, "DAY_TOT": 0.52692307691999996, "LAT": 35.112573708200003, "LONG": -106.533296681 }, "geometry": { "type": "Point", "coordinates": [ -106.533296681166064, 35.112573708180705 ] } },
{ "type": "Feature", "properties": { "ROUTE": 2.0, "DAY": "WKDY", "DIR": "Outbound", "STOP": 39.0, "STOPNAME": "EUBANK @ MENAUL", "DAY_ON": 1.93333333333, "DAY_OFF": 6.6179487179500001, "DAY_TOT": 8.5512820512799994, "LAT": 35.109229872100002, "LONG": -106.53321023300001 }, "geometry": { "type": "Point", "coordinates": [ -106.533210233058597, 35.109229872100123 ] } },
{ "type": "Feature", "properties": { "ROUTE": 2.0, "DAY": "WKDY", "DIR": "Outbound", "STOP": 40.0, "STOPNAME": "EUBANK @ MENAUL", "DAY_ON": 17.072344322300001, "DAY_OFF": 2.0276556776599999, "DAY_TOT": 19.1, "LAT": 35.108168500300003, "LONG": -106.533174367 }, "geometry": { "type": "Point", "coordinates": [ -106.533174367063509, 35.108168500305254 ] } },
{ "type": "Feature", "properties": { "ROUTE": 2.0, "DAY": "WKDY", "DIR": "Outbound", "STOP": 41.0, "STOPNAME": "EUBANK @ SNOWHEIGHTS", "DAY_ON": 1.68553113553, "DAY_OFF": 1.51263736264, "DAY_TOT": 3.1981684981699998, "LAT": 35.104958493399998, "LONG": -106.533092246 }, "geometry": { "type": "Point", "coordinates": [ -106.533092246336992, 35.104958493437117 ] } },
{ "type": "Feature", "properties": { "ROUTE": 2.0, "DAY": "WKDY", "DIR": "Outbound", "STOP": 42.0, "STOPNAME": "EUBANK @ INDIAN SCHOOL", "DAY_ON": 2.1395604395599999, "DAY_OFF": 1.42289377289, "DAY_TOT": 3.56245421245, "LAT": 35.102230907100001, "LONG": -106.533030181 }, "geometry": { "type": "Point", "coordinates": [ -106.533030181013416, 35.102230907051286 ] } },
{ "type": "Feature", "properties": { "ROUTE": 2.0, "DAY": "WKDY", "DIR": "Outbound", "STOP": 43.0, "STOPNAME": "EUBANK @ INDIAN SCHOOL", "DAY_ON": 1.4983516483499999, "DAY_OFF": 0.33333333332999998, "DAY_TOT": 1.83168498168, "LAT": 35.1011869003, "LONG": -106.533002475 }, "geometry": { "type": "Point", "coordinates": [ -106.533002475274714, 35.101186900335769 ] } },
{ "type": "Feature", "properties": { "ROUTE": 2.0, "DAY": "WKDY", "DIR": "Outbound", "STOP": 44.0, "STOPNAME": "EUBANK @ MCKNIGHT", "DAY_ON": 0.42527472528, "DAY_OFF": 0.06666666667, "DAY_TOT": 0.49194139193999997, "LAT": 35.099770867499998, "LONG": -106.532967156 }, "geometry": { "type": "Point", "coordinates": [ -106.532967155525043, 35.099770867521364 ] } },
{ "type": "Feature", "properties": { "ROUTE": 2.0, "DAY": "WKDY", "DIR": "Outbound", "STOP": 45.0, "STOPNAME": "EUBANK @ CONSTITUTION", "DAY_ON": 3.77142857143, "DAY_OFF": 2.7243589743599999, "DAY_TOT": 6.4957875457899998, "LAT": 35.095836292999998, "LONG": -106.532874205 }, "geometry": { "type": "Point", "coordinates": [ -106.532874204975599, 35.095836293040286 ] } },
{ "type": "Feature", "properties": { "ROUTE": 2.0, "DAY": "WKDY", "DIR": "Outbound", "STOP": 46.0, "STOPNAME": "EUBANK @ CONSTITUTION", "DAY_ON": 3.0029304029300001, "DAY_OFF": 2.9338827838800001, "DAY_TOT": 5.9368131868100003, "LAT": 35.094111047299997, "LONG": -106.532831429 }, "geometry": { "type": "Point", "coordinates": [ -106.532831429029287, 35.094111047313788 ] } },
{ "type": "Feature", "properties": { "ROUTE": 2.0, "DAY": "WKDY", "DIR": "Outbound", "STOP": 47.0, "STOPNAME": "EUBANK @ MOUNTAIN", "DAY_ON": 1.2300366300400001, "DAY_OFF": 0.48644688645, "DAY_TOT": 1.7164835164800001, "LAT": 35.091447021199997, "LONG": -106.532765111 }, "geometry": { "type": "Point", "coordinates": [ -106.532765111111118, 35.09144702121489 ] } },
{ "type": "Feature", "properties": { "ROUTE": 2.0, "DAY": "WKDY", "DIR": "Outbound", "STOP": 48.0, "STOPNAME": "EUBANK @ LOMAS", "DAY_ON": 2.6351648351599999, "DAY_OFF": 6.7798534798499999, "DAY_TOT": 9.4150183150199993, "LAT": 35.087609984099998, "LONG": -106.53269470799999 }, "geometry": { "type": "Point", "coordinates": [ -106.532694707570215, 35.087609984126978 ] } },
{ "type": "Feature", "properties": { "ROUTE": 2.0, "DAY": "WKDY", "DIR": "Outbound", "STOP": 49.0, "STOPNAME": "EUBANK @ LOMAS", "DAY_ON": 13.3761904762, "DAY_OFF": 4.5684981684999997, "DAY_TOT": 17.944688644700001, "LAT": 35.086669109299997, "LONG": -106.532684894 }, "geometry": { "type": "Point", "coordinates": [ -106.532684894230783, 35.086669109279612 ] } },
{ "type": "Feature", "properties": { "ROUTE": 2.0, "DAY": "WKDY", "DIR": "Outbound", "STOP": 50.0, "STOPNAME": "EUBANK @ COPPER", "DAY_ON": 9.9992673992699999, "DAY_OFF": 10.2976190476, "DAY_TOT": 20.2968864469, "LAT": 35.079436946599998, "LONG": -106.532434268 }, "geometry": { "type": "Point", "coordinates": [ -106.53243426816239, 35.079436946581197 ] } },
{ "type": "Feature", "properties": { "ROUTE": 2.0, "DAY": "WKDY", "DIR": "Outbound", "STOP": 51.0, "STOPNAME": "EUBANK @ CHICO", "DAY_ON": 1.33168498168, "DAY_OFF": 1.6441391941400001, "DAY_TOT": 2.9758241758200001, "LAT": 35.075960919400003, "LONG": -106.532456646 }, "geometry": { "type": "Point", "coordinates": [ -106.532456646214925, 35.075960919413923 ] } },
{ "type": "Feature", "properties": { "ROUTE": 2.0, "DAY": "WKDY", "DIR": "Outbound", "STOP": 52.0, "STOPNAME": "EUBANK @ CENTRAL", "DAY_ON": 0.69835164834999996, "DAY_OFF": 44.432051282099998, "DAY_TOT": 45.130402930400003, "LAT": 35.072688532999997, "LONG": -106.53253887 }, "geometry": { "type": "Point", "coordinates": [ -106.532538870268624, 35.072688532967042 ] } },
{ "type": "Feature", "properties": { "ROUTE": 2.0, "DAY": "WKDY", "DIR": "Outbound", "STOP": 53.0, "STOPNAME": "EUBANK @ COCHITI", "DAY_ON": 2.5036630036599998, "DAY_OFF": 6.2641025641, "DAY_TOT": 8.7677655677700006, "LAT": 35.070944990100003, "LONG": -106.532567445 }, "geometry": { "type": "Point", "coordinates": [ -106.532567445207533, 35.070944990079362 ] } },
{ "type": "Feature", "properties": { "ROUTE": 2.0, "DAY": "WKDY", "DIR": "Outbound", "STOP": 54.0, "STOPNAME": "EUBANK @ LA ENTRADA", "DAY_ON": 0.0, "DAY_OFF": 2.7673992674000001, "DAY_TOT": 2.7673992674000001, "LAT": 35.064730196900001, "LONG": -106.532657069 }, "geometry": { "type": "Point", "coordinates": [ -106.532657069139191, 35.064730196886451 ] } },
{ "type": "Feature", "properties": { "ROUTE": 2.0, "DAY": "WKDY", "DIR": "Outbound", "STOP": 55.0, "STOPNAME": "EUBANK @ INNOVATION PKWY", "DAY_ON": 0.22051282051000001, "DAY_OFF": 0.84285714286000002, "DAY_TOT": 1.06336996337, "LAT": 35.060137199800003, "LONG": -106.532720015 }, "geometry": { "type": "Point", "coordinates": [ -106.532720015415123, 35.060137199786332 ] } },
{ "type": "Feature", "properties": { "ROUTE": 2.0, "DAY": "WKDY", "DIR": "Outbound", "STOP": 56.0, "STOPNAME": "EUBANK @ GIBSON", "DAY_ON": 0.40952380952, "DAY_OFF": 0.20476190476, "DAY_TOT": 0.61428571429000001, "LAT": 35.058177473400001, "LONG": -106.532638783 }, "geometry": { "type": "Point", "coordinates": [ -106.532638782814402, 35.058177473443216 ] } },
{ "type": "Feature", "properties": { "ROUTE": 2.0, "DAY": "WKDY", "DIR": "Outbound", "STOP": 57.0, "STOPNAME": "RESEARCH @ EUBANK", "DAY_ON": 3.50787545788, "DAY_OFF": 3.1115384615399999, "DAY_TOT": 6.6194139194100003, "LAT": 35.0555401899, "LONG": -106.532050105 }, "geometry": { "type": "Point", "coordinates": [ -106.532050104548205, 35.055540189865688 ] } },
{ "type": "Feature", "properties": { "ROUTE": 2.0, "DAY": "WKDY", "DIR": "Outbound", "STOP": 58.0, "STOPNAME": "BLUEHALO", "DAY_ON": 0.0, "DAY_OFF": 13.775641025600001, "DAY_TOT": 13.775641025600001, "LAT": 35.057577055899998, "LONG": -106.52976105499999 }, "geometry": { "type": "Point", "coordinates": [ -106.529761054639792, 35.057577055860811 ] } },
{ "type": "Feature", "properties": { "ROUTE": 2.0, "DAY": "WKDY", "DIR": "Inbound", "STOP": 9.0, "STOPNAME": "BLUEHALO", "DAY_ON": 14.5822344322, "DAY_OFF": 0.26666666667, "DAY_TOT": 14.848901098900001, "LAT": 35.057731567899999, "LONG": -106.530555681 }, "geometry": { "type": "Point", "coordinates": [ -106.530555681166035, 35.057731567918182 ] } },
{ "type": "Feature", "properties": { "ROUTE": 2.0, "DAY": "WKDY", "DIR": "Inbound", "STOP": 10.0, "STOPNAME": "EUBANK @ INNOVATION PKWY", "DAY_ON": 0.29285714285999997, "DAY_OFF": 0.0, "DAY_TOT": 0.29285714285999997, "LAT": 35.060268993000001, "LONG": -106.532483052 }, "geometry": { "type": "Point", "coordinates": [ -106.532483051587292, 35.060268992979246 ] } },
{ "type": "Feature", "properties": { "ROUTE": 2.0, "DAY": "WKDY", "DIR": "Inbound", "STOP": 11.0, "STOPNAME": "EUBANK @ LA ENTRADA", "DAY_ON": 2.2846153846199999, "DAY_OFF": 0.14285714286000001, "DAY_TOT": 2.42747252747, "LAT": 35.064954625600002, "LONG": -106.53245024899999 }, "geometry": { "type": "Point", "coordinates": [ -106.532450249236845, 35.064954625610511 ] } },
{ "type": "Feature", "properties": { "ROUTE": 2.0, "DAY": "WKDY", "DIR": "Inbound", "STOP": 12.0, "STOPNAME": "EUBANK @ SOUTHERN", "DAY_ON": 3.73424908425, "DAY_OFF": 0.14835164835, "DAY_TOT": 3.8826007325999998, "LAT": 35.068178989899998, "LONG": -106.53242521 }, "geometry": { "type": "Point", "coordinates": [ -106.532425209554361, 35.068178989926743 ] } },
{ "type": "Feature", "properties": { "ROUTE": 2.0, "DAY": "WKDY", "DIR": "Inbound", "STOP": 13.0, "STOPNAME": "EUBANK @ CENTRAL", "DAY_ON": 45.420512820500001, "DAY_OFF": 2.7287545787499998, "DAY_TOT": 48.149267399300001, "LAT": 35.072512797599998, "LONG": -106.53236851600001 }, "geometry": { "type": "Point", "coordinates": [ -106.532368515567782, 35.072512797619034 ] } },
{ "type": "Feature", "properties": { "ROUTE": 2.0, "DAY": "WKDY", "DIR": "Inbound", "STOP": 14.0, "STOPNAME": "EUBANK @ BUENA VENTURA", "DAY_ON": 5.19926739927, "DAY_OFF": 3.5934065934100001, "DAY_TOT": 8.7926739926700002, "LAT": 35.074645758199999, "LONG": -106.53230258400001 }, "geometry": { "type": "Point", "coordinates": [ -106.532302583638582, 35.074645758241765 ] } },
{ "type": "Feature", "properties": { "ROUTE": 2.0, "DAY": "WKDY", "DIR": "Inbound", "STOP": 15.0, "STOPNAME": "EUBANK @ CHICO", "DAY_ON": 1.51703296703, "DAY_OFF": 1.82582417582, "DAY_TOT": 3.3428571428599998, "LAT": 35.076125187599999, "LONG": -106.532260213 }, "geometry": { "type": "Point", "coordinates": [ -106.532260213217356, 35.076125187576324 ] } },
{ "type": "Feature", "properties": { "ROUTE": 2.0, "DAY": "WKDY", "DIR": "Inbound", "STOP": 16.0, "STOPNAME": "EUBANK @ CHICO", "DAY_ON": 14.1505494505, "DAY_OFF": 13.5265567766, "DAY_TOT": 27.677106227100001, "LAT": 35.0783069075, "LONG": -106.532195617 }, "geometry": { "type": "Point", "coordinates": [ -106.532195617368743, 35.078306907509159 ] } },
{ "type": "Feature", "properties": { "ROUTE": 2.0, "DAY": "WKDY", "DIR": "Inbound", "STOP": 17.0, "STOPNAME": "EUBANK @ HOTEL AVENUE", "DAY_ON": 1.10311355311, "DAY_OFF": 6.5873626373600001, "DAY_TOT": 7.6904761904800001, "LAT": 35.085419485800003, "LONG": -106.532407949 }, "geometry": { "type": "Point", "coordinates": [ -106.532407948565321, 35.085419485805865 ] } },
{ "type": "Feature", "properties": { "ROUTE": 2.0, "DAY": "WKDY", "DIR": "Inbound", "STOP": 18.0, "STOPNAME": "EUBANK @ LOMAS", "DAY_ON": 10.5294871795, "DAY_OFF": 7.7684981685, "DAY_TOT": 18.297985348000001, "LAT": 35.087616239299997, "LONG": -106.532490653 }, "geometry": { "type": "Point", "coordinates": [ -106.532490652930392, 35.08761623931624 ] } },
{ "type": "Feature", "properties": { "ROUTE": 2.0, "DAY": "WKDY", "DIR": "Inbound", "STOP": 19.0, "STOPNAME": "EUBANK @ MARBLE", "DAY_ON": 1.43461538462, "DAY_OFF": 0.23717948718000001, "DAY_TOT": 1.67179487179, "LAT": 35.089271123899998, "LONG": -106.532532336 }, "geometry": { "type": "Point", "coordinates": [ -106.532532336080578, 35.089271123931617 ] } },
{ "type": "Feature", "properties": { "ROUTE": 2.0, "DAY": "WKDY", "DIR": "Inbound", "STOP": 20.0, "STOPNAME": "EUBANK @ SAN JACINTO", "DAY_ON": 0.83406593406999996, "DAY_OFF": 0.23717948718000001, "DAY_TOT": 1.07124542125, "LAT": 35.091237857899998, "LONG": -106.53258228 }, "geometry": { "type": "Point", "coordinates": [ -106.532582280372424, 35.091237857905995 ] } },
{ "type": "Feature", "properties": { "ROUTE": 2.0, "DAY": "WKDY", "DIR": "Inbound", "STOP": 21.0, "STOPNAME": "EUBANK @ CONSTITUTION", "DAY_ON": 4.5939560439599996, "DAY_OFF": 5.6587912087900003, "DAY_TOT": 10.252747252700001, "LAT": 35.094927454800001, "LONG": -106.53265800600001 }, "geometry": { "type": "Point", "coordinates": [ -106.532658005952385, 35.094927454822965 ] } },
{ "type": "Feature", "properties": { "ROUTE": 2.0, "DAY": "WKDY", "DIR": "Inbound", "STOP": 22.0, "STOPNAME": "EUBANK @ HANNETT", "DAY_ON": 0.5, "DAY_OFF": 0.5673992674, "DAY_TOT": 1.0673992674, "LAT": 35.097749963699997, "LONG": -106.532741587 }, "geometry": { "type": "Point", "coordinates": [ -106.532741587454197, 35.09774996367522 ] } },
{ "type": "Feature", "properties": { "ROUTE": 2.0, "DAY": "WKDY", "DIR": "Inbound", "STOP": 23.0, "STOPNAME": "EUBANK @ MCKNIGHT", "DAY_ON": 0.74358974358999996, "DAY_OFF": 1.10311355311, "DAY_TOT": 1.8467032967000001, "LAT": 35.100335499700002, "LONG": -106.532807862 }, "geometry": { "type": "Point", "coordinates": [ -106.532807861568998, 35.100335499694758 ] } },
{ "type": "Feature", "properties": { "ROUTE": 2.0, "DAY": "WKDY", "DIR": "Inbound", "STOP": 24.0, "STOPNAME": "EUBANK @ INDIAN SCHOOL", "DAY_ON": 2.1155677655699998, "DAY_OFF": 1.78406593407, "DAY_TOT": 3.8996336996299998, "LAT": 35.102147506100003, "LONG": -106.532855548 }, "geometry": { "type": "Point", "coordinates": [ -106.53285554807691, 35.102147506105005 ] } },
{ "type": "Feature", "properties": { "ROUTE": 2.0, "DAY": "WKDY", "DIR": "Inbound", "STOP": 25.0, "STOPNAME": "EUBANK @ BALDWIN", "DAY_ON": 0.29761904762000002, "DAY_OFF": 0.64835164835000003, "DAY_TOT": 0.94597069597000005, "LAT": 35.103772772699998, "LONG": -106.532891272 }, "geometry": { "type": "Point", "coordinates": [ -106.532891271520171, 35.103772772741138 ] } },
{ "type": "Feature", "properties": { "ROUTE": 2.0, "DAY": "WKDY", "DIR": "Inbound", "STOP": 26.0, "STOPNAME": "EUBANK @ SNOWHEIGHTS", "DAY_ON": 0.95311355311000001, "DAY_OFF": 0.85787545787999997, "DAY_TOT": 1.81098901099, "LAT": 35.105166038299998, "LONG": -106.532922486 }, "geometry": { "type": "Point", "coordinates": [ -106.532922485653231, 35.105166038308901 ] } },
{ "type": "Feature", "properties": { "ROUTE": 2.0, "DAY": "WKDY", "DIR": "Inbound", "STOP": 27.0, "STOPNAME": "EUBANK @ MENAUL", "DAY_ON": 3.2895604395600002, "DAY_OFF": 17.097619047599999, "DAY_TOT": 20.387179487200001, "LAT": 35.108439265100003, "LONG": -106.532998854 }, "geometry": { "type": "Point", "coordinates": [ -106.532998853785102, 35.108439265109887 ] } },
{ "type": "Feature", "properties": { "ROUTE": 2.0, "DAY": "WKDY", "DIR": "Inbound", "STOP": 28.0, "STOPNAME": "EUBANK @ MENAUL", "DAY_ON": 3.7133699633699999, "DAY_OFF": 2.7847985348000002, "DAY_TOT": 6.4981684981700001, "LAT": 35.109395466700001, "LONG": -106.533028513 }, "geometry": { "type": "Point", "coordinates": [ -106.533028513431006, 35.109395466727719 ] } },
{ "type": "Feature", "properties": { "ROUTE": 2.0, "DAY": "WKDY", "DIR": "Inbound", "STOP": 29.0, "STOPNAME": "EUBANK @ CLAREMONT", "DAY_ON": 0.35952380952000002, "DAY_OFF": 0.30952380952000003, "DAY_TOT": 0.66904761905, "LAT": 35.112669017100004, "LONG": -106.533117527 }, "geometry": { "type": "Point", "coordinates": [ -106.533117527319874, 35.112669017094021 ] } },
{ "type": "Feature", "properties": { "ROUTE": 2.0, "DAY": "WKDY", "DIR": "Inbound", "STOP": 30.0, "STOPNAME": "EUBANK @ CANDELARIA", "DAY_ON": 3.1404761904799998, "DAY_OFF": 7.6714285714299999, "DAY_TOT": 10.811904761899999, "LAT": 35.115721433600001, "LONG": -106.533177951 }, "geometry": { "type": "Point", "coordinates": [ -106.533177950549472, 35.115721433608059 ] } },
{ "type": "Feature", "properties": { "ROUTE": 2.0, "DAY": "WKDY", "DIR": "Inbound", "STOP": 31.0, "STOPNAME": "EUBANK @ CANDELARIA", "DAY_ON": 2.4124542124500001, "DAY_OFF": 2.38937728938, "DAY_TOT": 4.8018315018299997, "LAT": 35.116543689899999, "LONG": -106.533190707 }, "geometry": { "type": "Point", "coordinates": [ -106.533190706959701, 35.116543689865694 ] } },
{ "type": "Feature", "properties": { "ROUTE": 2.0, "DAY": "WKDY", "DIR": "Inbound", "STOP": 32.0, "STOPNAME": "EUBANK @ MESA ARRIBA", "DAY_ON": 0.07692307692, "DAY_OFF": 0.63717948717999995, "DAY_TOT": 0.7141025641, "LAT": 35.118654360500003, "LONG": -106.533203629 }, "geometry": { "type": "Point", "coordinates": [ -106.533203628968224, 35.118654360500614 ] } },
{ "type": "Feature", "properties": { "ROUTE": 2.0, "DAY": "WKDY", "DIR": "Inbound", "STOP": 33.0, "STOPNAME": "EUBANK @ SHOSHONE", "DAY_ON": 0.0, "DAY_OFF": 0.14835164835, "DAY_TOT": 0.14835164835, "LAT": 35.121111497100003, "LONG": -106.533217807 }, "geometry": { "type": "Point", "coordinates": [ -106.533217807234436, 35.121111497100124 ] } },
{ "type": "Feature", "properties": { "ROUTE": 2.0, "DAY": "WKDY", "DIR": "Inbound", "STOP": 34.0, "STOPNAME": "EUBANK @ COMANCHE", "DAY_ON": 0.07142857143, "DAY_OFF": 2.4267399267399998, "DAY_TOT": 2.4981684981700001, "LAT": 35.123244843400002, "LONG": -106.533228378 }, "geometry": { "type": "Point", "coordinates": [ -106.533228378357762, 35.123244843406589 ] } },
{ "type": "Feature", "properties": { "ROUTE": 2.0, "DAY": "WKDY", "DIR": "Inbound", "STOP": 35.0, "STOPNAME": "EUBANK @ COMANCHE", "DAY_ON": 0.20952380952, "DAY_OFF": 0.81904761905000001, "DAY_TOT": 1.0285714285700001, "LAT": 35.124860982000001, "LONG": -106.533237054 }, "geometry": { "type": "Point", "coordinates": [ -106.533237053724065, 35.124860981990238 ] } },
{ "type": "Feature", "properties": { "ROUTE": 2.0, "DAY": "WKDY", "DIR": "Inbound", "STOP": 36.0, "STOPNAME": "EUBANK @ PITT", "DAY_ON": 0.14358974359000001, "DAY_OFF": 2.2633699633700002, "DAY_TOT": 2.4069597069599999, "LAT": 35.127301982600002, "LONG": -106.533248607 }, "geometry": { "type": "Point", "coordinates": [ -106.533248606990242, 35.127301982600741 ] } },
{ "type": "Feature", "properties": { "ROUTE": 2.0, "DAY": "WKDY", "DIR": "Inbound", "STOP": 37.0, "STOPNAME": "EUBANK @ PITT", "DAY_ON": 1.94468864469, "DAY_OFF": 3.0216117216099998, "DAY_TOT": 4.9663003662999996, "LAT": 35.1284347888, "LONG": -106.533258609 }, "geometry": { "type": "Point", "coordinates": [ -106.533258608669129, 35.128434788766796 ] } },
{ "type": "Feature", "properties": { "ROUTE": 2.0, "DAY": "WKDY", "DIR": "Inbound", "STOP": 38.0, "STOPNAME": "EUBANK @ MONTGOMERY", "DAY_ON": 1.62435897436, "DAY_OFF": 10.562087912100001, "DAY_TOT": 12.186446886400001, "LAT": 35.131092348899998, "LONG": -106.533286406 }, "geometry": { "type": "Point", "coordinates": [ -106.533286405677657, 35.131092348901099 ] } },
{ "type": "Feature", "properties": { "ROUTE": 2.0, "DAY": "WKDY", "DIR": "Inbound", "STOP": 39.0, "STOPNAME": "EUBANK @ LAGRIMA DE ORO", "DAY_ON": 0.86666666667000003, "DAY_OFF": 1.5309523809500001, "DAY_TOT": 2.3976190476200001, "LAT": 35.133224203300003, "LONG": -106.533325291 }, "geometry": { "type": "Point", "coordinates": [ -106.533325291208811, 35.133224203296706 ] } },
{ "type": "Feature", "properties": { "ROUTE": 2.0, "DAY": "WKDY", "DIR": "Inbound", "STOP": 40.0, "STOPNAME": "EUBANK @ OSUNA", "DAY_ON": 0.73333333332999995, "DAY_OFF": 0.99597069597, "DAY_TOT": 1.7293040293, "LAT": 35.136929078900003, "LONG": -106.53327349 }, "geometry": { "type": "Point", "coordinates": [ -106.533273490384616, 35.136929078907208 ] } },
{ "type": "Feature", "properties": { "ROUTE": 2.0, "DAY": "WKDY", "DIR": "Inbound", "STOP": 41.0, "STOPNAME": "EUBANK @ SPAIN", "DAY_ON": 0.69358974359000003, "DAY_OFF": 1.2800366300399999, "DAY_TOT": 1.9736263736299999, "LAT": 35.138630688200003, "LONG": -106.53325303 }, "geometry": { "type": "Point", "coordinates": [ -106.53325302960927, 35.138630688186815 ] } },
{ "type": "Feature", "properties": { "ROUTE": 2.0, "DAY": "WKDY", "DIR": "Inbound", "STOP": 42.0, "STOPNAME": "EUBANK @ SPAIN", "DAY_ON": 0.0, "DAY_OFF": 1.5880952381, "DAY_TOT": 1.5880952381, "LAT": 35.140134665300003, "LONG": -106.532917506 }, "geometry": { "type": "Point", "coordinates": [ -106.53291750564712, 35.140134665293033 ] } },
{ "type": "Feature", "properties": { "ROUTE": 2.0, "DAY": "WKDY", "DIR": "Inbound", "STOP": 43.0, "STOPNAME": "EUBANK @ ACADEMY KNOLLS", "DAY_ON": 0.06666666667, "DAY_OFF": 2.0717948717899999, "DAY_TOT": 2.1384615384600001, "LAT": 35.142659474399998, "LONG": -106.531656607 }, "geometry": { "type": "Point", "coordinates": [ -106.53165660653238, 35.142659474358972 ] } },
{ "type": "Feature", "properties": { "ROUTE": 2.0, "DAY": "WKDY", "DIR": "Inbound", "STOP": 44.0, "STOPNAME": "EUBANK @ MALAGUENA LANE", "DAY_ON": 0.22619047619, "DAY_OFF": 3.4617673992700002, "DAY_TOT": 3.68795787546, "LAT": 35.144484335000001, "LONG": -106.530330433 }, "geometry": { "type": "Point", "coordinates": [ -106.530330433035701, 35.144484335012201 ] } },
{ "type": "Feature", "properties": { "ROUTE": 2.0, "DAY": "WKDY", "DIR": "Inbound", "STOP": 45.0, "STOPNAME": "LAYTON @ EUBANK", "DAY_ON": 0.56904761905000001, "DAY_OFF": 3.3036630036600001, "DAY_TOT": 3.8727106227100001, "LAT": 35.146903610300001, "LONG": -106.53114431900001 }, "geometry": { "type": "Point", "coordinates": [ -106.531144319139187, 35.146903610347991 ] } },
{ "type": "Feature", "properties": { "ROUTE": 2.0, "DAY": "WKDY", "DIR": "Inbound", "STOP": 46.0, "STOPNAME": "LAYTON @ ADMIRAL LOWELL", "DAY_ON": 0.59358974359000005, "DAY_OFF": 1.1993006993, "DAY_TOT": 1.7928904428900001, "LAT": 35.149744250200001, "LONG": -106.539315675 }, "geometry": { "type": "Point", "coordinates": [ -106.539315674825176, 35.14974425019426 ] } },
{ "type": "Feature", "properties": { "ROUTE": 2.0, "DAY": "WKDY", "DIR": "Inbound", "STOP": 47.0, "STOPNAME": "ACADEMY @ VENTURA", "DAY_ON": 0.38461538462, "DAY_OFF": 0.98846153845999996, "DAY_TOT": 1.37307692308, "LAT": 35.151238055199997, "LONG": -106.53931628700001 }, "geometry": { "type": "Point", "coordinates": [ -106.539316286810404, 35.151238055167063 ] } },
{ "type": "Feature", "properties": { "ROUTE": 2.0, "DAY": "WKDY", "DIR": "Inbound", "STOP": 48.0, "STOPNAME": "ACADEMY @ CONCORDIA", "DAY_ON": 0.37692307692, "DAY_OFF": 0.32167832168, "DAY_TOT": 0.6986013986, "LAT": 35.153387263200003, "LONG": -106.533316114 }, "geometry": { "type": "Point", "coordinates": [ -106.533316114121988, 35.153387263209012 ] } },
{ "type": "Feature", "properties": { "ROUTE": 2.0, "DAY": "WKDY", "DIR": "Inbound", "STOP": 49.0, "STOPNAME": "ACADEMY @ ANTARES", "DAY_ON": 0.34475524476000002, "DAY_OFF": 0.23076923077, "DAY_TOT": 0.57552447551999997, "LAT": 35.1542193955, "LONG": -106.529058359 }, "geometry": { "type": "Point", "coordinates": [ -106.529058359168602, 35.154219395493392 ] } },
{ "type": "Feature", "properties": { "ROUTE": 2.0, "DAY": "WKDY", "DIR": "Inbound", "STOP": 50.0, "STOPNAME": "EUBANK @ ACADEMY", "DAY_ON": 0.0, "DAY_OFF": 7.1375457875499997, "DAY_TOT": 7.1375457875499997, "LAT": 35.152618154499997, "LONG": -106.524572893 }, "geometry": { "type": "Point", "coordinates": [ -106.524572892551888, 35.152618154456654 ] } },
{ "type": "Feature", "properties": { "ROUTE": 5.0, "DAY": "WKDY", "DIR": "Outbound", "STOP": 1.0, "STOPNAME": "SPANISH BIT @ MONTGOMERY", "DAY_ON": 73.023232323200006, "DAY_OFF": 0.0, "DAY_TOT": 73.023232323200006, "LAT": 35.129942083300001, "LONG": -106.497255387 }, "geometry": { "type": "Point", "coordinates": [ -106.497255386755768, 35.129942083349022 ] } },
{ "type": "Feature", "properties": { "ROUTE": 5.0, "DAY": "WKDY", "DIR": "Outbound", "STOP": 2.0, "STOPNAME": "MONTGOMERY @ TRAMWAY", "DAY_ON": 3.5282106782099998, "DAY_OFF": 0.09090909091, "DAY_TOT": 3.6191197691200001, "LAT": 35.130757315499999, "LONG": -106.499981104 }, "geometry": { "type": "Point", "coordinates": [ -106.499981104429381, 35.130757315515396 ] } },
{ "type": "Feature", "properties": { "ROUTE": 5.0, "DAY": "WKDY", "DIR": "Outbound", "STOP": 3.0, "STOPNAME": "MONTGOMERY @ BALI", "DAY_ON": 4.0242424242399997, "DAY_OFF": 0.0, "DAY_TOT": 4.0242424242399997, "LAT": 35.130768420899997, "LONG": -106.50233313 }, "geometry": { "type": "Point", "coordinates": [ -106.502333129556433, 35.130768420948627 ] } },
{ "type": "Feature", "properties": { "ROUTE": 5.0, "DAY": "WKDY", "DIR": "Outbound", "STOP": 4.0, "STOPNAME": "MONTGOMERY @ BERMUDA", "DAY_ON": 3.1837662337700001, "DAY_OFF": 0.55606060605999996, "DAY_TOT": 3.7398268398300001, "LAT": 35.130768313700003, "LONG": -106.506402862 }, "geometry": { "type": "Point", "coordinates": [ -106.506402862224746, 35.130768313664596 ] } },
{ "type": "Feature", "properties": { "ROUTE": 5.0, "DAY": "WKDY", "DIR": "Outbound", "STOP": 5.0, "STOPNAME": "MONTGOMERY @ JAMAICA", "DAY_ON": 4.5004329004299999, "DAY_OFF": 0.24285714286000001, "DAY_TOT": 4.74329004329, "LAT": 35.130769151800003, "LONG": -106.509281956 }, "geometry": { "type": "Point", "coordinates": [ -106.509281956490355, 35.130769151766103 ] } },
{ "type": "Feature", "properties": { "ROUTE": 5.0, "DAY": "WKDY", "DIR": "Outbound", "STOP": 6.0, "STOPNAME": "MONTGOMERY @ CAIRO", "DAY_ON": 12.725036075, "DAY_OFF": 8.4972582972600001, "DAY_TOT": 21.222294372299999, "LAT": 35.130769219599998, "LONG": -106.51348118600001 }, "geometry": { "type": "Point", "coordinates": [ -106.513481185551157, 35.130769219555802 ] } },
{ "type": "Feature", "properties": { "ROUTE": 5.0, "DAY": "WKDY", "DIR": "Outbound", "STOP": 7.0, "STOPNAME": "MONTGOMERY @ JUAN TABO", "DAY_ON": 39.702020202, "DAY_OFF": 6.2196969697000002, "DAY_TOT": 45.921717171700003, "LAT": 35.130765633700001, "LONG": -106.5165129 }, "geometry": { "type": "Point", "coordinates": [ -106.51651289964866, 35.13076563366586 ] } },
{ "type": "Feature", "properties": { "ROUTE": 5.0, "DAY": "WKDY", "DIR": "Outbound", "STOP": 8.0, "STOPNAME": "MONTGOMERY @ MONTGOMERY PARK", "DAY_ON": 5.4375180375200003, "DAY_OFF": 0.43578643578999998, "DAY_TOT": 5.8733044733000002, "LAT": 35.1307617995, "LONG": -106.519496635 }, "geometry": { "type": "Point", "coordinates": [ -106.519496634544225, 35.130761799454156 ] } },
{ "type": "Feature", "properties": { "ROUTE": 5.0, "DAY": "WKDY", "DIR": "Outbound", "STOP": 9.0, "STOPNAME": "MONTGOMERY @ MORRIS", "DAY_ON": 13.9815295815, "DAY_OFF": 2.7014430014399999, "DAY_TOT": 16.682972583000002, "LAT": 35.130758190900004, "LONG": -106.52485248399999 }, "geometry": { "type": "Point", "coordinates": [ -106.524852484095604, 35.130758190915365 ] } },
{ "type": "Feature", "properties": { "ROUTE": 5.0, "DAY": "WKDY", "DIR": "Outbound", "STOP": 10.0, "STOPNAME": "MONTGOMERY @ PITT", "DAY_ON": 5.5891053391099996, "DAY_OFF": 1.71645021645, "DAY_TOT": 7.3055555555599998, "LAT": 35.130756630999997, "LONG": -106.527834028 }, "geometry": { "type": "Point", "coordinates": [ -106.527834028013061, 35.130756631030806 ] } },
{ "type": "Feature", "properties": { "ROUTE": 5.0, "DAY": "WKDY", "DIR": "Outbound", "STOP": 11.0, "STOPNAME": "MONTGOMERY @ EUBANK", "DAY_ON": 36.258658008700003, "DAY_OFF": 11.7254689755, "DAY_TOT": 47.984126984100001, "LAT": 35.130754994299998, "LONG": -106.53389193700001 }, "geometry": { "type": "Point", "coordinates": [ -106.533891936539277, 35.130754994290733 ] } },
{ "type": "Feature", "properties": { "ROUTE": 5.0, "DAY": "WKDY", "DIR": "Outbound", "STOP": 12.0, "STOPNAME": "MONTGOMERY @ PIEDRA BLANCA", "DAY_ON": 3.8221500721499999, "DAY_OFF": 0.11111111111, "DAY_TOT": 3.93326118326, "LAT": 35.130753778, "LONG": -106.536156093 }, "geometry": { "type": "Point", "coordinates": [ -106.536156093042237, 35.130753777966 ] } },
{ "type": "Feature", "properties": { "ROUTE": 5.0, "DAY": "WKDY", "DIR": "Outbound", "STOP": 13.0, "STOPNAME": "MONTGOMERY @ DONA MARGUERITA", "DAY_ON": 3.90894660895, "DAY_OFF": 0.67424242424000003, "DAY_TOT": 4.58318903319, "LAT": 35.130755064600002, "LONG": -106.539319534 }, "geometry": { "type": "Point", "coordinates": [ -106.539319533879194, 35.130755064590005 ] } },
{ "type": "Feature", "properties": { "ROUTE": 5.0, "DAY": "WKDY", "DIR": "Outbound", "STOP": 14.0, "STOPNAME": "MONTGOMERY @ MOON", "DAY_ON": 3.7095959596000001, "DAY_OFF": 1.6564935064899999, "DAY_TOT": 5.36608946609, "LAT": 35.130758947399997, "LONG": -106.542624198 }, "geometry": { "type": "Point", "coordinates": [ -106.542624197722589, 35.13075894739319 ] } },
{ "type": "Feature", "properties": { "ROUTE": 5.0, "DAY": "WKDY", "DIR": "Outbound", "STOP": 15.0, "STOPNAME": "MONTGOMERY @ PIEDRA NEGRA", "DAY_ON": 1.3129870129900001, "DAY_OFF": 1.16212121212, "DAY_TOT": 2.4751082251100001, "LAT": 35.130768259200003, "LONG": -106.545319883 }, "geometry": { "type": "Point", "coordinates": [ -106.545319882991407, 35.130768259175611 ] } },
{ "type": "Feature", "properties": { "ROUTE": 5.0, "DAY": "WKDY", "DIR": "Outbound", "STOP": 16.0, "STOPNAME": "MONTGOMERY @ LA BARRANCA", "DAY_ON": 5.1613275613300003, "DAY_OFF": 3.7436507936500001, "DAY_TOT": 8.9049783549800008, "LAT": 35.130782732100002, "LONG": -106.548038998 }, "geometry": { "type": "Point", "coordinates": [ -106.548038997772778, 35.130782732103633 ] } },
{ "type": "Feature", "properties": { "ROUTE": 5.0, "DAY": "WKDY", "DIR": "Outbound", "STOP": 17.0, "STOPNAME": "MONTGOMERY @ WYOMING", "DAY_ON": 48.234992785000003, "DAY_OFF": 11.920851370899999, "DAY_TOT": 60.155844155799997, "LAT": 35.1308095905, "LONG": -106.552417522 }, "geometry": { "type": "Point", "coordinates": [ -106.552417521833235, 35.130809590532657 ] } },
{ "type": "Feature", "properties": { "ROUTE": 5.0, "DAY": "WKDY", "DIR": "Outbound", "STOP": 18.0, "STOPNAME": "MONTGOMERY @ JENNIFER", "DAY_ON": 1.34545454545, "DAY_OFF": 0.67070707071000002, "DAY_TOT": 2.0161616161599998, "LAT": 35.130821849500002, "LONG": -106.55659165199999 }, "geometry": { "type": "Point", "coordinates": [ -106.556591651954335, 35.130821849520046 ] } },
{ "type": "Feature", "properties": { "ROUTE": 5.0, "DAY": "WKDY", "DIR": "Outbound", "STOP": 19.0, "STOPNAME": "MONTGOMERY @ PENNSYLVANIA", "DAY_ON": 11.512265512300001, "DAY_OFF": 5.6956709956699996, "DAY_TOT": 17.207936507900001, "LAT": 35.130835656099997, "LONG": -106.560161607 }, "geometry": { "type": "Point", "coordinates": [ -106.560161606782103, 35.130835656063752 ] } },
{ "type": "Feature", "properties": { "ROUTE": 5.0, "DAY": "WKDY", "DIR": "Outbound", "STOP": 20.0, "STOPNAME": "MONTGOMERY @ PENNSYLVANIA", "DAY_ON": 22.846248196200001, "DAY_OFF": 11.479942279899999, "DAY_TOT": 34.326190476199997, "LAT": 35.130830730100001, "LONG": -106.56310254 }, "geometry": { "type": "Point", "coordinates": [ -106.563102540278564, 35.130830730095994 ] } },
{ "type": "Feature", "properties": { "ROUTE": 5.0, "DAY": "WKDY", "DIR": "Outbound", "STOP": 21.0, "STOPNAME": "MONTGOMERY @ CHAMA", "DAY_ON": 5.7062049062, "DAY_OFF": 6.334992785, "DAY_TOT": 12.041197691200001, "LAT": 35.130821020600003, "LONG": -106.56668297100001 }, "geometry": { "type": "Point", "coordinates": [ -106.56668297063807, 35.130821020609822 ] } },
{ "type": "Feature", "properties": { "ROUTE": 5.0, "DAY": "WKDY", "DIR": "Outbound", "STOP": 22.0, "STOPNAME": "MONTGOMERY @ LOUISIANA", "DAY_ON": 19.789321789300001, "DAY_OFF": 19.127922077899999, "DAY_TOT": 38.9172438672, "LAT": 35.130824802900001, "LONG": -106.56918969199999 }, "geometry": { "type": "Point", "coordinates": [ -106.569189691511397, 35.130824802936196 ] } },
{ "type": "Feature", "properties": { "ROUTE": 5.0, "DAY": "WKDY", "DIR": "Outbound", "STOP": 23.0, "STOPNAME": "MONTGOMERY @ MARLA", "DAY_ON": 7.0344155844199996, "DAY_OFF": 1.36046176046, "DAY_TOT": 8.3948773448799994, "LAT": 35.130882967200002, "LONG": -106.573425306 }, "geometry": { "type": "Point", "coordinates": [ -106.573425305571263, 35.130882967218774 ] } },
{ "type": "Feature", "properties": { "ROUTE": 5.0, "DAY": "WKDY", "DIR": "Outbound", "STOP": 24.0, "STOPNAME": "MONTGOMERY @ ROBERTA", "DAY_ON": 0.09090909091, "DAY_OFF": 0.80757575758, "DAY_TOT": 0.89848484849, "LAT": 35.1309104718, "LONG": -106.57535718299999 }, "geometry": { "type": "Point", "coordinates": [ -106.575357183292567, 35.130910471767365 ] } },
{ "type": "Feature", "properties": { "ROUTE": 5.0, "DAY": "WKDY", "DIR": "Outbound", "STOP": 25.0, "STOPNAME": "MONTGOMERY @ SAN PEDRO", "DAY_ON": 11.212193362200001, "DAY_OFF": 6.6273448773399997, "DAY_TOT": 17.839538239500001, "LAT": 35.130952506, "LONG": -106.57814420699999 }, "geometry": { "type": "Point", "coordinates": [ -106.578144207102056, 35.130952506022965 ] } },
{ "type": "Feature", "properties": { "ROUTE": 5.0, "DAY": "WKDY", "DIR": "Outbound", "STOP": 26.0, "STOPNAME": "MONTGOMERY @ SAN PEDRO", "DAY_ON": 5.2989177489200001, "DAY_OFF": 3.0059884559899999, "DAY_TOT": 8.3049062049100009, "LAT": 35.130980904200001, "LONG": -106.58021576 }, "geometry": { "type": "Point", "coordinates": [ -106.580215760242169, 35.130980904197251 ] } },
{ "type": "Feature", "properties": { "ROUTE": 5.0, "DAY": "WKDY", "DIR": "Outbound", "STOP": 27.0, "STOPNAME": "MONTGOMERY @ DEL NORTE HS", "DAY_ON": 19.501803751800001, "DAY_OFF": 20.565079365100001, "DAY_TOT": 40.066883116900001, "LAT": 35.131036845200001, "LONG": -106.583967891 }, "geometry": { "type": "Point", "coordinates": [ -106.583967891241628, 35.13103684515967 ] } },
{ "type": "Feature", "properties": { "ROUTE": 5.0, "DAY": "WKDY", "DIR": "Outbound", "STOP": 28.0, "STOPNAME": "MONTGOMERY @ SAN MATEO", "DAY_ON": 64.6404040404, "DAY_OFF": 55.061111111099997, "DAY_TOT": 119.701515152, "LAT": 35.131085614699998, "LONG": -106.587365338 }, "geometry": { "type": "Point", "coordinates": [ -106.587365337913312, 35.131085614718629 ] } },
{ "type": "Feature", "properties": { "ROUTE": 5.0, "DAY": "WKDY", "DIR": "Outbound", "STOP": 29.0, "STOPNAME": "MONTGOMERY @ MONROE", "DAY_ON": 21.7856421356, "DAY_OFF": 8.1316017316, "DAY_TOT": 29.9172438672, "LAT": 35.131069459599999, "LONG": -106.590644231 }, "geometry": { "type": "Point", "coordinates": [ -106.590644231382129, 35.131069459564578 ] } },
{ "type": "Feature", "properties": { "ROUTE": 5.0, "DAY": "WKDY", "DIR": "Outbound", "STOP": 30.0, "STOPNAME": "MONTGOMERY @ JEFFERSON", "DAY_ON": 18.080447330399998, "DAY_OFF": 10.109740259700001, "DAY_TOT": 28.190187590200001, "LAT": 35.131033247799998, "LONG": -106.59367267499999 }, "geometry": { "type": "Point", "coordinates": [ -106.593672674854133, 35.131033247788437 ] } },
{ "type": "Feature", "properties": { "ROUTE": 5.0, "DAY": "WKDY", "DIR": "Outbound", "STOP": 31.0, "STOPNAME": "MONTGOMERY @ WASHINGTON", "DAY_ON": 6.75670995671, "DAY_OFF": 5.3534632034599996, "DAY_TOT": 12.1101731602, "LAT": 35.131022164199997, "LONG": -106.595819101 }, "geometry": { "type": "Point", "coordinates": [ -106.595819101261071, 35.131022164188472 ] } },
{ "type": "Feature", "properties": { "ROUTE": 5.0, "DAY": "WKDY", "DIR": "Outbound", "STOP": 32.0, "STOPNAME": "MONTGOMERY @ MORNINGSIDE", "DAY_ON": 0.82510822511000004, "DAY_OFF": 7.3082251082300003, "DAY_TOT": 8.1333333333300004, "LAT": 35.1310114885, "LONG": -106.597729054 }, "geometry": { "type": "Point", "coordinates": [ -106.597729053892991, 35.131011488456004 ] } },
{ "type": "Feature", "properties": { "ROUTE": 5.0, "DAY": "WKDY", "DIR": "Outbound", "STOP": 33.0, "STOPNAME": "MONTGOMERY @ MORNINGSIDE", "DAY_ON": 14.617676767700001, "DAY_OFF": 19.692857142899999, "DAY_TOT": 34.310533910499998, "LAT": 35.130994406, "LONG": -106.600090786 }, "geometry": { "type": "Point", "coordinates": [ -106.600090786404422, 35.130994406048067 ] } },
{ "type": "Feature", "properties": { "ROUTE": 5.0, "DAY": "WKDY", "DIR": "Outbound", "STOP": 34.0, "STOPNAME": "CARLISLE @ HENDRIX", "DAY_ON": 48.306349206299998, "DAY_OFF": 36.915079365099999, "DAY_TOT": 85.221428571399997, "LAT": 35.130041971899999, "LONG": -106.60419194799999 }, "geometry": { "type": "Point", "coordinates": [ -106.604191947895131, 35.130041971924207 ] } },
{ "type": "Feature", "properties": { "ROUTE": 5.0, "DAY": "WKDY", "DIR": "Outbound", "STOP": 35.0, "STOPNAME": "CARLISLE @ DELAMAR", "DAY_ON": 2.86991341991, "DAY_OFF": 8.3292207792199999, "DAY_TOT": 11.1991341991, "LAT": 35.128447833099997, "LONG": -106.604225047 }, "geometry": { "type": "Point", "coordinates": [ -106.604225047085777, 35.12844783314511 ] } },
{ "type": "Feature", "properties": { "ROUTE": 5.0, "DAY": "WKDY", "DIR": "Outbound", "STOP": 36.0, "STOPNAME": "CARLISLE @ SAN ANDRES", "DAY_ON": 8.4983405483399999, "DAY_OFF": 12.2232323232, "DAY_TOT": 20.721572871599999, "LAT": 35.126368169300001, "LONG": -106.60423227699999 }, "geometry": { "type": "Point", "coordinates": [ -106.604232276836683, 35.126368169270336 ] } },
{ "type": "Feature", "properties": { "ROUTE": 5.0, "DAY": "WKDY", "DIR": "Outbound", "STOP": 37.0, "STOPNAME": "CARLISLE @ COMANCHE", "DAY_ON": 30.979581529600001, "DAY_OFF": 12.0031746032, "DAY_TOT": 42.982756132799999, "LAT": 35.123384899800001, "LONG": -106.60424048100001 }, "geometry": { "type": "Point", "coordinates": [ -106.604240480613583, 35.123384899774145 ] } },
{ "type": "Feature", "properties": { "ROUTE": 5.0, "DAY": "WKDY", "DIR": "Outbound", "STOP": 38.0, "STOPNAME": "CARLISLE @ AZTEC", "DAY_ON": 19.622727272700001, "DAY_OFF": 8.2885281385299994, "DAY_TOT": 27.911255411300001, "LAT": 35.120677942199997, "LONG": -106.604248579 }, "geometry": { "type": "Point", "coordinates": [ -106.604248579427804, 35.120677942154458 ] } },
{ "type": "Feature", "properties": { "ROUTE": 5.0, "DAY": "WKDY", "DIR": "Outbound", "STOP": 39.0, "STOPNAME": "CARLISLE @ CANDELARIA", "DAY_ON": 7.7716450216500004, "DAY_OFF": 12.701298701300001, "DAY_TOT": 20.472943722899998, "LAT": 35.116883321099998, "LONG": -106.604260825 }, "geometry": { "type": "Point", "coordinates": [ -106.604260824832181, 35.116883321067817 ] } },
{ "type": "Feature", "properties": { "ROUTE": 5.0, "DAY": "WKDY", "DIR": "Outbound", "STOP": 40.0, "STOPNAME": "CARLISLE @ CANDELARIA", "DAY_ON": 11.0536796537, "DAY_OFF": 5.1016594516599998, "DAY_TOT": 16.155339105300001, "LAT": 35.115891301700003, "LONG": -106.604262964 }, "geometry": { "type": "Point", "coordinates": [ -106.604262964332776, 35.115891301650045 ] } },
{ "type": "Feature", "properties": { "ROUTE": 5.0, "DAY": "WKDY", "DIR": "Outbound", "STOP": 41.0, "STOPNAME": "CARLISLE @ CLAREMONT", "DAY_ON": 41.462337662300001, "DAY_OFF": 47.669191919200003, "DAY_TOT": 89.131529581500004, "LAT": 35.1124568798, "LONG": -106.60430621 }, "geometry": { "type": "Point", "coordinates": [ -106.604306210270408, 35.112456879760337 ] } },
{ "type": "Feature", "properties": { "ROUTE": 5.0, "DAY": "WKDY", "DIR": "Outbound", "STOP": 42.0, "STOPNAME": "CARLISLE @ MENAUL", "DAY_ON": 14.0871572872, "DAY_OFF": 29.253030303, "DAY_TOT": 43.340187590200003, "LAT": 35.109604276799999, "LONG": -106.60430518 }, "geometry": { "type": "Point", "coordinates": [ -106.604305179967383, 35.10960427677395 ] } },
{ "type": "Feature", "properties": { "ROUTE": 5.0, "DAY": "WKDY", "DIR": "Outbound", "STOP": 43.0, "STOPNAME": "CARLISLE @ MENAUL", "DAY_ON": 21.329581529599999, "DAY_OFF": 11.3155844156, "DAY_TOT": 32.645165945199999, "LAT": 35.108240266199999, "LONG": -106.60430101199999 }, "geometry": { "type": "Point", "coordinates": [ -106.604301012108621, 35.108240266233771 ] } },
{ "type": "Feature", "properties": { "ROUTE": 5.0, "DAY": "WKDY", "DIR": "Outbound", "STOP": 44.0, "STOPNAME": "CARLISLE @ INDIAN SCHOOL", "DAY_ON": 16.687734487699998, "DAY_OFF": 12.5661616162, "DAY_TOT": 29.253896103900001, "LAT": 35.101626645300001, "LONG": -106.60428356600001 }, "geometry": { "type": "Point", "coordinates": [ -106.604283565593818, 35.101626645272603 ] } },
{ "type": "Feature", "properties": { "ROUTE": 5.0, "DAY": "WKDY", "DIR": "Outbound", "STOP": 45.0, "STOPNAME": "CARLISLE @ HAINES", "DAY_ON": 1.2625541125499999, "DAY_OFF": 0.93787878788000001, "DAY_TOT": 2.2004329004300001, "LAT": 35.099800506699999, "LONG": -106.60428865900001 }, "geometry": { "type": "Point", "coordinates": [ -106.604288658541961, 35.099800506681731 ] } },
{ "type": "Feature", "properties": { "ROUTE": 5.0, "DAY": "WKDY", "DIR": "Outbound", "STOP": 46.0, "STOPNAME": "CARLISLE @ ASPEN", "DAY_ON": 2.59696969697, "DAY_OFF": 3.1549783549799999, "DAY_TOT": 5.7519480519500004, "LAT": 35.097296702199998, "LONG": -106.604297836 }, "geometry": { "type": "Point", "coordinates": [ -106.604297835591964, 35.097296702208425 ] } },
{ "type": "Feature", "properties": { "ROUTE": 5.0, "DAY": "WKDY", "DIR": "Outbound", "STOP": 47.0, "STOPNAME": "CARLISLE @ CONSTITUTION", "DAY_ON": 8.0927849927800004, "DAY_OFF": 7.1801587301599996, "DAY_TOT": 15.272943722899999, "LAT": 35.094468943899997, "LONG": -106.60429408100001 }, "geometry": { "type": "Point", "coordinates": [ -106.60429408149821, 35.094468943879789 ] } },
{ "type": "Feature", "properties": { "ROUTE": 5.0, "DAY": "WKDY", "DIR": "Outbound", "STOP": 48.0, "STOPNAME": "CARLISLE @ CALLE DEL MONTE", "DAY_ON": 0.26666666667, "DAY_OFF": 0.49090909091000001, "DAY_TOT": 0.75757575757999995, "LAT": 35.092335751599997, "LONG": -106.604247368 }, "geometry": { "type": "Point", "coordinates": [ -106.604247367620303, 35.092335751584166 ] } },
{ "type": "Feature", "properties": { "ROUTE": 5.0, "DAY": "WKDY", "DIR": "Outbound", "STOP": 49.0, "STOPNAME": "CARLISLE @ MACKLAND", "DAY_ON": 0.46515151514999997, "DAY_OFF": 0.53535353534999996, "DAY_TOT": 1.0005050505099999, "LAT": 35.091108658499998, "LONG": -106.604237185 }, "geometry": { "type": "Point", "coordinates": [ -106.604237185080621, 35.091108658479193 ] } },
{ "type": "Feature", "properties": { "ROUTE": 5.0, "DAY": "WKDY", "DIR": "Outbound", "STOP": 50.0, "STOPNAME": "CARLISLE @ LOMAS", "DAY_ON": 0.33333333332999998, "DAY_OFF": 2.5368686868700001, "DAY_TOT": 2.8702020201999998, "LAT": 35.088871457800003, "LONG": -106.60429437099999 }, "geometry": { "type": "Point", "coordinates": [ -106.604294371321927, 35.088871457839275 ] } },
{ "type": "Feature", "properties": { "ROUTE": 5.0, "DAY": "WKDY", "DIR": "Outbound", "STOP": 51.0, "STOPNAME": "LOMAS @ CARLISLE", "DAY_ON": 2.79321789322, "DAY_OFF": 20.413275613300002, "DAY_TOT": 23.206493506499999, "LAT": 35.087633883700001, "LONG": -106.60479941200001 }, "geometry": { "type": "Point", "coordinates": [ -106.604799412008262, 35.087633883744274 ] } },
{ "type": "Feature", "properties": { "ROUTE": 5.0, "DAY": "WKDY", "DIR": "Outbound", "STOP": 52.0, "STOPNAME": "LOMAS @ TULANE", "DAY_ON": 0.43939393939, "DAY_OFF": 1.85808080808, "DAY_TOT": 2.2974747474699999, "LAT": 35.087584605499998, "LONG": -106.606881301 }, "geometry": { "type": "Point", "coordinates": [ -106.606881301054003, 35.087584605495948 ] } },
{ "type": "Feature", "properties": { "ROUTE": 5.0, "DAY": "WKDY", "DIR": "Outbound", "STOP": 53.0, "STOPNAME": "LOMAS @ LOMA VISTA", "DAY_ON": 0.53939393939000002, "DAY_OFF": 0.64545454546000003, "DAY_TOT": 1.18484848485, "LAT": 35.0875766853, "LONG": -106.609239104 }, "geometry": { "type": "Point", "coordinates": [ -106.609239104241183, 35.087576685300199 ] } },
{ "type": "Feature", "properties": { "ROUTE": 5.0, "DAY": "WKDY", "DIR": "Outbound", "STOP": 54.0, "STOPNAME": "LOMAS @ GIRARD", "DAY_ON": 0.73535353535000003, "DAY_OFF": 3.0600288600300001, "DAY_TOT": 3.7953823953799999, "LAT": 35.087568011199998, "LONG": -106.612060419 }, "geometry": { "type": "Point", "coordinates": [ -106.612060418784125, 35.087568011167576 ] } },
{ "type": "Feature", "properties": { "ROUTE": 5.0, "DAY": "WKDY", "DIR": "Outbound", "STOP": 55.0, "STOPNAME": "LOMAS @ GIRARD", "DAY_ON": 0.19090909091, "DAY_OFF": 4.2982683982700003, "DAY_TOT": 4.4891774891800003, "LAT": 35.087547318399999, "LONG": -106.613611753 }, "geometry": { "type": "Point", "coordinates": [ -106.613611752556622, 35.087547318370035 ] } },
{ "type": "Feature", "properties": { "ROUTE": 5.0, "DAY": "WKDY", "DIR": "Outbound", "STOP": 56.0, "STOPNAME": "LOMAS @ VASSAR", "DAY_ON": 0.0, "DAY_OFF": 3.4651515151500001, "DAY_TOT": 3.4651515151500001, "LAT": 35.087522304300002, "LONG": -106.616112534 }, "geometry": { "type": "Point", "coordinates": [ -106.616112534381102, 35.087522304253724 ] } },
{ "type": "Feature", "properties": { "ROUTE": 5.0, "DAY": "WKDY", "DIR": "Outbound", "STOP": 57.0, "STOPNAME": "LOMAS @ UNM HOSPITAL", "DAY_ON": 14.184271284299999, "DAY_OFF": 45.371212121200003, "DAY_TOT": 59.555483405499999, "LAT": 35.087550428500002, "LONG": -106.617859465 }, "geometry": { "type": "Point", "coordinates": [ -106.617859465211097, 35.087550428477314 ] } },
{ "type": "Feature", "properties": { "ROUTE": 5.0, "DAY": "WKDY", "DIR": "Outbound", "STOP": 58.0, "STOPNAME": "LOMAS @ YALE", "DAY_ON": 0.0, "DAY_OFF": 0.28181818182000001, "DAY_TOT": 0.28181818182000001, "LAT": 35.088680109499997, "LONG": -106.62163512799999 }, "geometry": { "type": "Point", "coordinates": [ -106.62163512842713, 35.088680109511266 ] } },
{ "type": "Feature", "properties": { "ROUTE": 5.0, "DAY": "WKDY", "DIR": "Outbound", "STOP": 59.0, "STOPNAME": "LOMAS @ YALE", "DAY_ON": 3.3429292929300001, "DAY_OFF": 7.9640692640699999, "DAY_TOT": 11.306998557, "LAT": 35.089539997499998, "LONG": -106.623446844 }, "geometry": { "type": "Point", "coordinates": [ -106.623446843779433, 35.08953999745907 ] } },
{ "type": "Feature", "properties": { "ROUTE": 5.0, "DAY": "WKDY", "DIR": "Outbound", "STOP": 60.0, "STOPNAME": "LOMAS @ UNIVERSITY", "DAY_ON": 2.1993506493499999, "DAY_OFF": 15.4831890332, "DAY_TOT": 17.6825396825, "LAT": 35.090668174900003, "LONG": -106.625949299 }, "geometry": { "type": "Point", "coordinates": [ -106.625949299109109, 35.090668174948242 ] } },
{ "type": "Feature", "properties": { "ROUTE": 5.0, "DAY": "WKDY", "DIR": "Outbound", "STOP": 61.0, "STOPNAME": "LOMAS @ LEGION", "DAY_ON": 0.28181818182000001, "DAY_OFF": 1.0136363636400001, "DAY_TOT": 1.2954545454499999, "LAT": 35.091782518099997, "LONG": -106.629154036 }, "geometry": { "type": "Point", "coordinates": [ -106.629154036482845, 35.091782518131609 ] } },
{ "type": "Feature", "properties": { "ROUTE": 5.0, "DAY": "WKDY", "DIR": "Outbound", "STOP": 62.0, "STOPNAME": "LOMAS @ OAK", "DAY_ON": 0.78939393939000002, "DAY_OFF": 4.1141414141399997, "DAY_TOT": 4.9035353535399997, "LAT": 35.092098052899999, "LONG": -106.63205298299999 }, "geometry": { "type": "Point", "coordinates": [ -106.632052982746728, 35.09209805292052 ] } },
{ "type": "Feature", "properties": { "ROUTE": 5.0, "DAY": "WKDY", "DIR": "Outbound", "STOP": 63.0, "STOPNAME": "MOUNTAIN @ WOODWARD", "DAY_ON": 1.3772727272700001, "DAY_OFF": 7.1635642135599999, "DAY_TOT": 8.5408369408400002, "LAT": 35.093991452600001, "LONG": -106.636643464 }, "geometry": { "type": "Point", "coordinates": [ -106.636643464175904, 35.093991452631911 ] } },
{ "type": "Feature", "properties": { "ROUTE": 5.0, "DAY": "WKDY", "DIR": "Outbound", "STOP": 64.0, "STOPNAME": "MOUNTAIN @ EDITH", "DAY_ON": 7.5735209235200003, "DAY_OFF": 10.050649350600001, "DAY_TOT": 17.624170274200001, "LAT": 35.094303615800001, "LONG": -106.640986889 }, "geometry": { "type": "Point", "coordinates": [ -106.640986888857512, 35.094303615847927 ] } },
{ "type": "Feature", "properties": { "ROUTE": 5.0, "DAY": "WKDY", "DIR": "Outbound", "STOP": 65.0, "STOPNAME": "MOUNTAIN @ BROADWAY", "DAY_ON": 1.15454545455, "DAY_OFF": 1.9166666666700001, "DAY_TOT": 3.0712121212099999, "LAT": 35.094444356099999, "LONG": -106.64466709200001 }, "geometry": { "type": "Point", "coordinates": [ -106.644667091630566, 35.094444356076281 ] } },
{ "type": "Feature", "properties": { "ROUTE": 5.0, "DAY": "WKDY", "DIR": "Outbound", "STOP": 66.0, "STOPNAME": "MOUNTAIN @ 1ST", "DAY_ON": 22.400721500700001, "DAY_OFF": 14.1627705628, "DAY_TOT": 36.5634920635, "LAT": 35.094595889899999, "LONG": -106.645674404 }, "geometry": { "type": "Point", "coordinates": [ -106.645674404385502, 35.094595889861353 ] } },
{ "type": "Feature", "properties": { "ROUTE": 5.0, "DAY": "WKDY", "DIR": "Outbound", "STOP": 67.0, "STOPNAME": "3RD @ GRANITE", "DAY_ON": 51.187878787899997, "DAY_OFF": 16.2455988456, "DAY_TOT": 67.433477633500004, "LAT": 35.093953482000003, "LONG": -106.648574322 }, "geometry": { "type": "Point", "coordinates": [ -106.64857432188343, 35.093953481993864 ] } },
{ "type": "Feature", "properties": { "ROUTE": 5.0, "DAY": "WKDY", "DIR": "Outbound", "STOP": 68.0, "STOPNAME": "2ND @ LOMAS", "DAY_ON": 9.6741702741700006, "DAY_OFF": 11.6878066378, "DAY_TOT": 21.361976912, "LAT": 35.090040343600002, "LONG": -106.648216839 }, "geometry": { "type": "Point", "coordinates": [ -106.648216838728899, 35.090040343622547 ] } },
{ "type": "Feature", "properties": { "ROUTE": 5.0, "DAY": "WKDY", "DIR": "Outbound", "STOP": 69.0, "STOPNAME": "2ND @ MARQUETTE", "DAY_ON": 1.6902597402599999, "DAY_OFF": 9.8474025974000003, "DAY_TOT": 11.5376623377, "LAT": 35.087651780400002, "LONG": -106.648611008 }, "geometry": { "type": "Point", "coordinates": [ -106.648611007528686, 35.087651780444197 ] } },
{ "type": "Feature", "properties": { "ROUTE": 5.0, "DAY": "WKDY", "DIR": "Outbound", "STOP": 70.0, "STOPNAME": "2ND @ COPPER", "DAY_ON": 0.95252525252999998, "DAY_OFF": 39.042712842699999, "DAY_TOT": 39.995238095200001, "LAT": 35.085468269000003, "LONG": -106.649030111 }, "geometry": { "type": "Point", "coordinates": [ -106.649030111330731, 35.08546826899429 ] } },
{ "type": "Feature", "properties": { "ROUTE": 5.0, "DAY": "WKDY", "DIR": "Outbound", "STOP": 71.0, "STOPNAME": "A.T.C.", "DAY_ON": 0.0, "DAY_OFF": 242.90909090900001, "DAY_TOT": 242.90909090900001, "LAT": 35.083393286300002, "LONG": -106.647665323 }, "geometry": { "type": "Point", "coordinates": [ -106.647665323420526, 35.083393286278934 ] } },
{ "type": "Feature", "properties": { "ROUTE": 5.0, "DAY": "WKDY", "DIR": "Inbound", "STOP": 1.0, "STOPNAME": "A.T.C.", "DAY_ON": 192.20887445899999, "DAY_OFF": 0.14285714286000001, "DAY_TOT": 192.351731602, "LAT": 35.083048210599998, "LONG": -106.647680106 }, "geometry": { "type": "Point", "coordinates": [ -106.647680105746943, 35.083048210646844 ] } },
{ "type": "Feature", "properties": { "ROUTE": 5.0, "DAY": "WKDY", "DIR": "Inbound", "STOP": 2.0, "STOPNAME": "2ND @ MARQUETTE", "DAY_ON": 21.366666666699999, "DAY_OFF": 0.94841269840999998, "DAY_TOT": 22.315079365100001, "LAT": 35.087644789599999, "LONG": -106.648585697 }, "geometry": { "type": "Point", "coordinates": [ -106.648585696718726, 35.08764478963549 ] } },
{ "type": "Feature", "properties": { "ROUTE": 5.0, "DAY": "WKDY", "DIR": "Inbound", "STOP": 3.0, "STOPNAME": "2ND @ ROMA", "DAY_ON": 6.6483405483400002, "DAY_OFF": 1.45303030303, "DAY_TOT": 8.1013708513699996, "LAT": 35.089231909299997, "LONG": -106.648287473 }, "geometry": { "type": "Point", "coordinates": [ -106.648287472520238, 35.089231909341869 ] } },
{ "type": "Feature", "properties": { "ROUTE": 5.0, "DAY": "WKDY", "DIR": "Inbound", "STOP": 4.0, "STOPNAME": "2ND @ SLATE", "DAY_ON": 4.4272005771999998, "DAY_OFF": 2.9751082251100001, "DAY_TOT": 7.4023088023100003, "LAT": 35.091962075399998, "LONG": -106.64777186400001 }, "geometry": { "type": "Point", "coordinates": [ -106.647771863730483, 35.091962075443881 ] } },
{ "type": "Feature", "properties": { "ROUTE": 5.0, "DAY": "WKDY", "DIR": "Inbound", "STOP": 5.0, "STOPNAME": "2ND @ GRANITE", "DAY_ON": 2.5792929292900002, "DAY_OFF": 7.4323232323199999, "DAY_TOT": 10.011616161599999, "LAT": 35.093911122199998, "LONG": -106.647371965 }, "geometry": { "type": "Point", "coordinates": [ -106.647371964615104, 35.093911122153195 ] } },
{ "type": "Feature", "properties": { "ROUTE": 5.0, "DAY": "WKDY", "DIR": "Inbound", "STOP": 6.0, "STOPNAME": "MOUNTAIN @ 1ST", "DAY_ON": 28.847763347800001, "DAY_OFF": 27.453968254, "DAY_TOT": 56.301731601699998, "LAT": 35.094647591499999, "LONG": -106.64599724599999 }, "geometry": { "type": "Point", "coordinates": [ -106.645997245780805, 35.094647591505115 ] } },
{ "type": "Feature", "properties": { "ROUTE": 5.0, "DAY": "WKDY", "DIR": "Inbound", "STOP": 7.0, "STOPNAME": "MOUNTAIN @ BROADWAY", "DAY_ON": 1.8549783549800001, "DAY_OFF": 1.1474025974, "DAY_TOT": 3.0023809523799998, "LAT": 35.094442281500001, "LONG": -106.644634059 }, "geometry": { "type": "Point", "coordinates": [ -106.644634059068963, 35.094442281479402 ] } },
{ "type": "Feature", "properties": { "ROUTE": 5.0, "DAY": "WKDY", "DIR": "Inbound", "STOP": 8.0, "STOPNAME": "MOUNTAIN @ BROADWAY", "DAY_ON": 7.2967532467499998, "DAY_OFF": 4.7292207792200003, "DAY_TOT": 12.025974026, "LAT": 35.094305614600003, "LONG": -106.642019979 }, "geometry": { "type": "Point", "coordinates": [ -106.642019979452925, 35.094305614624517 ] } },
{ "type": "Feature", "properties": { "ROUTE": 5.0, "DAY": "WKDY", "DIR": "Inbound", "STOP": 9.0, "STOPNAME": "MOUNTAIN @ EDITH", "DAY_ON": 6.1657287157300003, "DAY_OFF": 2.2606060606099998, "DAY_TOT": 8.4263347763300001, "LAT": 35.0941841478, "LONG": -106.639812021 }, "geometry": { "type": "Point", "coordinates": [ -106.639812020766684, 35.094184147813543 ] } },
{ "type": "Feature", "properties": { "ROUTE": 5.0, "DAY": "WKDY", "DIR": "Inbound", "STOP": 10.0, "STOPNAME": "MOUNTAIN @ WOODWARD", "DAY_ON": 9.8998556998599998, "DAY_OFF": 2.5474025974000001, "DAY_TOT": 12.447258297299999, "LAT": 35.093875237399999, "LONG": -106.635435759 }, "geometry": { "type": "Point", "coordinates": [ -106.635435758548226, 35.09387523737373 ] } },
{ "type": "Feature", "properties": { "ROUTE": 5.0, "DAY": "WKDY", "DIR": "Inbound", "STOP": 11.0, "STOPNAME": "LOMAS @ MEDICAL ARTS", "DAY_ON": 5.77316017316, "DAY_OFF": 2.5817460317499998, "DAY_TOT": 8.3549062049099998, "LAT": 35.091711906199997, "LONG": -106.632743538 }, "geometry": { "type": "Point", "coordinates": [ -106.63274353773761, 35.091711906236277 ] } },
{ "type": "Feature", "properties": { "ROUTE": 5.0, "DAY": "WKDY", "DIR": "Inbound", "STOP": 12.0, "STOPNAME": "LOMAS @ MEDICAL ARTS", "DAY_ON": 0.38333333333000003, "DAY_OFF": 0.19090909091, "DAY_TOT": 0.57424242424000005, "LAT": 35.091603061100002, "LONG": -106.62911878 }, "geometry": { "type": "Point", "coordinates": [ -106.629118780130511, 35.091603061107961 ] } },
{ "type": "Feature", "properties": { "ROUTE": 5.0, "DAY": "WKDY", "DIR": "Inbound", "STOP": 13.0, "STOPNAME": "LOMAS @ UNIVERSITY", "DAY_ON": 7.9291486291500002, "DAY_OFF": 3.68766233766, "DAY_TOT": 11.616810966799999, "LAT": 35.090431317499998, "LONG": -106.625779216 }, "geometry": { "type": "Point", "coordinates": [ -106.625779216167871, 35.090431317523063 ] } },
{ "type": "Feature", "properties": { "ROUTE": 5.0, "DAY": "WKDY", "DIR": "Inbound", "STOP": 14.0, "STOPNAME": "LOMAS @ UNIVERSITY", "DAY_ON": 11.4577200577, "DAY_OFF": 4.2625541125500002, "DAY_TOT": 15.7202741703, "LAT": 35.089513821200001, "LONG": -106.62378907 }, "geometry": { "type": "Point", "coordinates": [ -106.623789070267932, 35.089513821224664 ] } },
{ "type": "Feature", "properties": { "ROUTE": 5.0, "DAY": "WKDY", "DIR": "Inbound", "STOP": 15.0, "STOPNAME": "LOMAS @ YALE", "DAY_ON": 14.540331890299999, "DAY_OFF": 3.7053391053400002, "DAY_TOT": 18.245670995699999, "LAT": 35.088433575700002, "LONG": -106.621404391 }, "geometry": { "type": "Point", "coordinates": [ -106.621404391241626, 35.088433575726192 ] } },
{ "type": "Feature", "properties": { "ROUTE": 5.0, "DAY": "WKDY", "DIR": "Inbound", "STOP": 16.0, "STOPNAME": "LOMAS @ STANFORD", "DAY_ON": 49.375468975499999, "DAY_OFF": 10.335353535399999, "DAY_TOT": 59.7108225108, "LAT": 35.087414569300002, "LONG": -106.617842493 }, "geometry": { "type": "Point", "coordinates": [ -106.617842492565401, 35.087414569264077 ] } },
{ "type": "Feature", "properties": { "ROUTE": 5.0, "DAY": "WKDY", "DIR": "Inbound", "STOP": 17.0, "STOPNAME": "LOMAS @ VASSAR", "DAY_ON": 6.4134920634899997, "DAY_OFF": 1.7186868686900001, "DAY_TOT": 8.1321789321800004, "LAT": 35.087404070600002, "LONG": -106.61552745100001 }, "geometry": { "type": "Point", "coordinates": [ -106.615527451000702, 35.08740407064434 ] } },
{ "type": "Feature", "properties": { "ROUTE": 5.0, "DAY": "WKDY", "DIR": "Inbound", "STOP": 18.0, "STOPNAME": "LOMAS @ GIRARD", "DAY_ON": 3.7130591630600001, "DAY_OFF": 1.00093795094, "DAY_TOT": 4.713997114, "LAT": 35.0874099113, "LONG": -106.612627592 }, "geometry": { "type": "Point", "coordinates": [ -106.612627591693311, 35.087409911286784 ] } },
{ "type": "Feature", "properties": { "ROUTE": 5.0, "DAY": "WKDY", "DIR": "Inbound", "STOP": 19.0, "STOPNAME": "LOMAS @ RICHMOND", "DAY_ON": 0.65800865800999997, "DAY_OFF": 1.4660894660899999, "DAY_TOT": 2.1240981241000001, "LAT": 35.0874261847, "LONG": -106.61021504599999 }, "geometry": { "type": "Point", "coordinates": [ -106.610215045862347, 35.087426184672822 ] } },
{ "type": "Feature", "properties": { "ROUTE": 5.0, "DAY": "WKDY", "DIR": "Inbound", "STOP": 20.0, "STOPNAME": "CARLISLE @ LOMAS", "DAY_ON": 17.387373737400001, "DAY_OFF": 12.7357142857, "DAY_TOT": 30.123088023099999, "LAT": 35.087849730599999, "LONG": -106.604310306 }, "geometry": { "type": "Point", "coordinates": [ -106.604310305728092, 35.087849730597902 ] } },
{ "type": "Feature", "properties": { "ROUTE": 5.0, "DAY": "WKDY", "DIR": "Inbound", "STOP": 21.0, "STOPNAME": "CARLISLE @ MACKLAND", "DAY_ON": 5.6756854256900002, "DAY_OFF": 0.7303030303, "DAY_TOT": 6.4059884559900002, "LAT": 35.091626643799998, "LONG": -106.60420875299999 }, "geometry": { "type": "Point", "coordinates": [ -106.604208753089907, 35.091626643829613 ] } },
{ "type": "Feature", "properties": { "ROUTE": 5.0, "DAY": "WKDY", "DIR": "Inbound", "STOP": 22.0, "STOPNAME": "CARLISLE @ CALLE DEL SOL", "DAY_ON": 0.0, "DAY_OFF": 0.19090909091, "DAY_TOT": 0.19090909091, "LAT": 35.093235094400001, "LONG": -106.604206492 }, "geometry": { "type": "Point", "coordinates": [ -106.604206491781198, 35.093235094359741 ] } },
{ "type": "Feature", "properties": { "ROUTE": 5.0, "DAY": "WKDY", "DIR": "Inbound", "STOP": 23.0, "STOPNAME": "CARLISLE @ CONSTITUTION", "DAY_ON": 7.5158008658000002, "DAY_OFF": 11.2424963925, "DAY_TOT": 18.758297258300001, "LAT": 35.095194692699998, "LONG": -106.604195288 }, "geometry": { "type": "Point", "coordinates": [ -106.604195287721936, 35.09519469270343 ] } },
{ "type": "Feature", "properties": { "ROUTE": 5.0, "DAY": "WKDY", "DIR": "Inbound", "STOP": 24.0, "STOPNAME": "CARLISLE @ ASPEN", "DAY_ON": 2.0357142857100001, "DAY_OFF": 2.55, "DAY_TOT": 4.5857142857099999, "LAT": 35.096841534200003, "LONG": -106.604187321 }, "geometry": { "type": "Point", "coordinates": [ -106.604187321412908, 35.096841534224225 ] } },
{ "type": "Feature", "properties": { "ROUTE": 5.0, "DAY": "WKDY", "DIR": "Inbound", "STOP": 25.0, "STOPNAME": "CARLISLE @ HANNETT", "DAY_ON": 1.1458874458899999, "DAY_OFF": 4.7407647907600001, "DAY_TOT": 5.8866522366499998, "LAT": 35.099996756800003, "LONG": -106.604153027 }, "geometry": { "type": "Point", "coordinates": [ -106.604153027291574, 35.09999675682289 ] } },
{ "type": "Feature", "properties": { "ROUTE": 5.0, "DAY": "WKDY", "DIR": "Inbound", "STOP": 26.0, "STOPNAME": "CARLISLE @ INDIAN SCHOOL", "DAY_ON": 13.1388888889, "DAY_OFF": 15.0522366522, "DAY_TOT": 28.1911255411, "LAT": 35.102403334199998, "LONG": -106.60408415800001 }, "geometry": { "type": "Point", "coordinates": [ -106.604084158447833, 35.102403334180309 ] } },
{ "type": "Feature", "properties": { "ROUTE": 5.0, "DAY": "WKDY", "DIR": "Inbound", "STOP": 27.0, "STOPNAME": "CARLISLE @ MENAUL", "DAY_ON": 17.953968254, "DAY_OFF": 23.076190476200001, "DAY_TOT": 41.0301587302, "LAT": 35.108395353600002, "LONG": -106.604082547 }, "geometry": { "type": "Point", "coordinates": [ -106.604082546991663, 35.108395353566735 ] } },
{ "type": "Feature", "properties": { "ROUTE": 5.0, "DAY": "WKDY", "DIR": "Inbound", "STOP": 28.0, "STOPNAME": "CARLISLE @ MENAUL", "DAY_ON": 24.656060606099999, "DAY_OFF": 23.8482683983, "DAY_TOT": 48.504329004299997, "LAT": 35.1097551282, "LONG": -106.604077029 }, "geometry": { "type": "Point", "coordinates": [ -106.604077029487442, 35.109755128176168 ] } },
{ "type": "Feature", "properties": { "ROUTE": 5.0, "DAY": "WKDY", "DIR": "Inbound", "STOP": 29.0, "STOPNAME": "CARLISLE @ CLAREMONT", "DAY_ON": 41.533189033200003, "DAY_OFF": 32.470562770599997, "DAY_TOT": 74.0037518038, "LAT": 35.113277420300001, "LONG": -106.6040647 }, "geometry": { "type": "Point", "coordinates": [ -106.604064700326248, 35.113277420321218 ] } },
{ "type": "Feature", "properties": { "ROUTE": 5.0, "DAY": "WKDY", "DIR": "Inbound", "STOP": 30.0, "STOPNAME": "CARLISLE @ LOS ARBOLES", "DAY_ON": 0.0, "DAY_OFF": 0.0, "DAY_TOT": 0.0, "LAT": 35.115146683399999, "LONG": -106.604061038 }, "geometry": { "type": "Point", "coordinates": [ -106.604061037549414, 35.115146683386669 ] } },
{ "type": "Feature", "properties": { "ROUTE": 5.0, "DAY": "WKDY", "DIR": "Inbound", "STOP": 31.0, "STOPNAME": "CARLISLE @ CANDELARIA", "DAY_ON": 16.551659451700001, "DAY_OFF": 12.3253968254, "DAY_TOT": 28.877056277099999, "LAT": 35.116836152300003, "LONG": -106.604055386 }, "geometry": { "type": "Point", "coordinates": [ -106.604055386159729, 35.116836152330755 ] } },
{ "type": "Feature", "properties": { "ROUTE": 5.0, "DAY": "WKDY", "DIR": "Inbound", "STOP": 32.0, "STOPNAME": "CARLISLE @ AZTEC", "DAY_ON": 7.0063492063500004, "DAY_OFF": 9.4807359307399999, "DAY_TOT": 16.487085137099999, "LAT": 35.120416236600001, "LONG": -106.60409538499999 }, "geometry": { "type": "Point", "coordinates": [ -106.604095385124566, 35.120416236558142 ] } },
{ "type": "Feature", "properties": { "ROUTE": 5.0, "DAY": "WKDY", "DIR": "Inbound", "STOP": 33.0, "STOPNAME": "CARLISLE @ MESCALERO", "DAY_ON": 1.8398268398299999, "DAY_OFF": 10.6018759019, "DAY_TOT": 12.4417027417, "LAT": 35.1224941137, "LONG": -106.604081456 }, "geometry": { "type": "Point", "coordinates": [ -106.604081455674773, 35.122494113652039 ] } },
{ "type": "Feature", "properties": { "ROUTE": 5.0, "DAY": "WKDY", "DIR": "Inbound", "STOP": 34.0, "STOPNAME": "CARLISLE @ COMANCHE", "DAY_ON": 13.0346320346, "DAY_OFF": 12.730230880200001, "DAY_TOT": 25.7648629149, "LAT": 35.123924115299999, "LONG": -106.604041114 }, "geometry": { "type": "Point", "coordinates": [ -106.604041114373544, 35.123924115346028 ] } },
{ "type": "Feature", "properties": { "ROUTE": 5.0, "DAY": "WKDY", "DIR": "Inbound", "STOP": 35.0, "STOPNAME": "CARLISLE @ SAN ANDRES", "DAY_ON": 9.5981962482000007, "DAY_OFF": 11.575036075, "DAY_TOT": 21.173232323200001, "LAT": 35.126470626600003, "LONG": -106.60401930800001 }, "geometry": { "type": "Point", "coordinates": [ -106.604019308269002, 35.126470626639062 ] } },
{ "type": "Feature", "properties": { "ROUTE": 5.0, "DAY": "WKDY", "DIR": "Inbound", "STOP": 36.0, "STOPNAME": "CARLISLE @ HILTON", "DAY_ON": 2.4292929292899998, "DAY_OFF": 6.4043290043300001, "DAY_TOT": 8.8336219336199999, "LAT": 35.128635425399999, "LONG": -106.604001862 }, "geometry": { "type": "Point", "coordinates": [ -106.604001862318825, 35.128635425403111 ] } },
{ "type": "Feature", "properties": { "ROUTE": 5.0, "DAY": "WKDY", "DIR": "Inbound", "STOP": 37.0, "STOPNAME": "MONTGOMERY @ CARLISLE", "DAY_ON": 41.636363636399999, "DAY_OFF": 46.7284271284, "DAY_TOT": 88.364790764800006, "LAT": 35.130796598400003, "LONG": -106.603124042 }, "geometry": { "type": "Point", "coordinates": [ -106.603124042035247, 35.130796598437811 ] } },
{ "type": "Feature", "properties": { "ROUTE": 5.0, "DAY": "WKDY", "DIR": "Inbound", "STOP": 38.0, "STOPNAME": "MONTGOMERY @ MORNINGSIDE", "DAY_ON": 18.2919191919, "DAY_OFF": 11.9106782107, "DAY_TOT": 30.202597402599999, "LAT": 35.130826281300003, "LONG": -106.59927974599999 }, "geometry": { "type": "Point", "coordinates": [ -106.599279745937665, 35.130826281322541 ] } },
{ "type": "Feature", "properties": { "ROUTE": 5.0, "DAY": "WKDY", "DIR": "Inbound", "STOP": 39.0, "STOPNAME": "MONTGOMERY @ WASHINGTON", "DAY_ON": 15.754473304499999, "DAY_OFF": 23.018759018800001, "DAY_TOT": 38.773232323199998, "LAT": 35.130847899400003, "LONG": -106.59492823 }, "geometry": { "type": "Point", "coordinates": [ -106.594928230221498, 35.1308478993977 ] } },
{ "type": "Feature", "properties": { "ROUTE": 5.0, "DAY": "WKDY", "DIR": "Inbound", "STOP": 40.0, "STOPNAME": "MONTGOMERY @ MONROE", "DAY_ON": 12.4922077922, "DAY_OFF": 31.085353535399999, "DAY_TOT": 43.577561327600002, "LAT": 35.130871018800001, "LONG": -106.59065231300001 }, "geometry": { "type": "Point", "coordinates": [ -106.59065231344502, 35.130871018821757 ] } },
{ "type": "Feature", "properties": { "ROUTE": 5.0, "DAY": "WKDY", "DIR": "Inbound", "STOP": 41.0, "STOPNAME": "MONTGOMERY @ SAN MATEO", "DAY_ON": 50.001154401199997, "DAY_OFF": 66.241991342000006, "DAY_TOT": 116.243145743, "LAT": 35.130881412299999, "LONG": -106.585769472 }, "geometry": { "type": "Point", "coordinates": [ -106.585769472300612, 35.130881412321969 ] } },
{ "type": "Feature", "properties": { "ROUTE": 5.0, "DAY": "WKDY", "DIR": "Inbound", "STOP": 42.0, "STOPNAME": "MONTGOMERY @ MADEIRA DR", "DAY_ON": 13.936580086599999, "DAY_OFF": 16.05, "DAY_TOT": 29.9865800866, "LAT": 35.130828467699999, "LONG": -106.582934403 }, "geometry": { "type": "Point", "coordinates": [ -106.582934402597417, 35.130828467689305 ] } },
{ "type": "Feature", "properties": { "ROUTE": 5.0, "DAY": "WKDY", "DIR": "Inbound", "STOP": 43.0, "STOPNAME": "MONTGOMERY @ MADEIRA", "DAY_ON": 3.2093795093800002, "DAY_OFF": 8.8822510822500007, "DAY_TOT": 12.0916305916, "LAT": 35.130798525899998, "LONG": -106.579897974 }, "geometry": { "type": "Point", "coordinates": [ -106.579897974276932, 35.130798525942659 ] } },
{ "type": "Feature", "properties": { "ROUTE": 5.0, "DAY": "WKDY", "DIR": "Inbound", "STOP": 44.0, "STOPNAME": "MONTGOMERY @ SAN PEDRO", "DAY_ON": 7.88066378066, "DAY_OFF": 10.309451659500001, "DAY_TOT": 18.190115440100001, "LAT": 35.130766456000003, "LONG": -106.577302979 }, "geometry": { "type": "Point", "coordinates": [ -106.577302978794137, 35.130766456019828 ] } },
{ "type": "Feature", "properties": { "ROUTE": 5.0, "DAY": "WKDY", "DIR": "Inbound", "STOP": 45.0, "STOPNAME": "MONTGOMERY @ MARLA", "DAY_ON": 1.43535353535, "DAY_OFF": 3.7711399711400002, "DAY_TOT": 5.2064935064900002, "LAT": 35.130714972, "LONG": -106.573800526 }, "geometry": { "type": "Point", "coordinates": [ -106.573800526256349, 35.130714972049702 ] } },
{ "type": "Feature", "properties": { "ROUTE": 5.0, "DAY": "WKDY", "DIR": "Inbound", "STOP": 46.0, "STOPNAME": "MONTGOMERY @ LOUISIANA", "DAY_ON": 35.250288600300003, "DAY_OFF": 31.943722943699999, "DAY_TOT": 67.194011544000006, "LAT": 35.130645883100001, "LONG": -106.56834159500001 }, "geometry": { "type": "Point", "coordinates": [ -106.568341594704791, 35.130645883148247 ] } },
{ "type": "Feature", "properties": { "ROUTE": 5.0, "DAY": "WKDY", "DIR": "Inbound", "STOP": 47.0, "STOPNAME": "MONTGOMERY @ LOUISIANA", "DAY_ON": 9.8798701298699996, "DAY_OFF": 3.56789321789, "DAY_TOT": 13.4477633478, "LAT": 35.130652902400001, "LONG": -106.565514605 }, "geometry": { "type": "Point", "coordinates": [ -106.565514605213636, 35.130652902440545 ] } },
{ "type": "Feature", "properties": { "ROUTE": 5.0, "DAY": "WKDY", "DIR": "Inbound", "STOP": 48.0, "STOPNAME": "MONTGOMERY @ JULIE", "DAY_ON": 9.3336940836900002, "DAY_OFF": 12.0142857143, "DAY_TOT": 21.347979798000001, "LAT": 35.1306587216, "LONG": -106.562577635 }, "geometry": { "type": "Point", "coordinates": [ -106.562577635265725, 35.130658721563456 ] } },
{ "type": "Feature", "properties": { "ROUTE": 5.0, "DAY": "WKDY", "DIR": "Inbound", "STOP": 49.0, "STOPNAME": "MONTGOMERY @ PENNSYLVANIA", "DAY_ON": 4.7850649350600003, "DAY_OFF": 10.8344155844, "DAY_TOT": 15.6194805195, "LAT": 35.1306626087, "LONG": -106.55937561899999 }, "geometry": { "type": "Point", "coordinates": [ -106.559375618514323, 35.130662608664288 ] } },
{ "type": "Feature", "properties": { "ROUTE": 5.0, "DAY": "WKDY", "DIR": "Inbound", "STOP": 50.0, "STOPNAME": "MONTGOMERY @ JENNIFER", "DAY_ON": 0.74285714286000004, "DAY_OFF": 2.2694805194800001, "DAY_TOT": 3.0123376623400002, "LAT": 35.130648480600001, "LONG": -106.556190129 }, "geometry": { "type": "Point", "coordinates": [ -106.556190128991801, 35.130648480644943 ] } },
{ "type": "Feature", "properties": { "ROUTE": 5.0, "DAY": "WKDY", "DIR": "Inbound", "STOP": 51.0, "STOPNAME": "MONTGOMERY @ WYOMING", "DAY_ON": 7.7937950938, "DAY_OFF": 42.321067821100002, "DAY_TOT": 50.114862914900002, "LAT": 35.130612884900003, "LONG": -106.551510519 }, "geometry": { "type": "Point", "coordinates": [ -106.551510518696247, 35.130612884904963 ] } },
{ "type": "Feature", "properties": { "ROUTE": 5.0, "DAY": "WKDY", "DIR": "Inbound", "STOP": 52.0, "STOPNAME": "MONTGOMERY @ WYOMING", "DAY_ON": 11.9285714286, "DAY_OFF": 14.5869408369, "DAY_TOT": 26.5155122655, "LAT": 35.130592100699999, "LONG": -106.549035019 }, "geometry": { "type": "Point", "coordinates": [ -106.549035019355046, 35.130592100727775 ] } },
{ "type": "Feature", "properties": { "ROUTE": 5.0, "DAY": "WKDY", "DIR": "Inbound", "STOP": 53.0, "STOPNAME": "MONTGOMERY @ GENERAL CHENAUL", "DAY_ON": 3.765007215, "DAY_OFF": 2.1740981241, "DAY_TOT": 5.9391053391000002, "LAT": 35.130596507699998, "LONG": -106.545763866 }, "geometry": { "type": "Point", "coordinates": [ -106.545763866051857, 35.130596507716923 ] } },
{ "type": "Feature", "properties": { "ROUTE": 5.0, "DAY": "WKDY", "DIR": "Inbound", "STOP": 54.0, "STOPNAME": "MONTGOMERY @ MOON", "DAY_ON": 2.5054112554099999, "DAY_OFF": 4.3652958152999997, "DAY_TOT": 6.87070707071, "LAT": 35.130585126500002, "LONG": -106.543167098 }, "geometry": { "type": "Point", "coordinates": [ -106.543167098437792, 35.13058512651358 ] } },
{ "type": "Feature", "properties": { "ROUTE": 5.0, "DAY": "WKDY", "DIR": "Inbound", "STOP": 55.0, "STOPNAME": "MONTGOMERY @ HILTON", "DAY_ON": 0.75086580087, "DAY_OFF": 4.4208513708500004, "DAY_TOT": 5.1717171717200001, "LAT": 35.130578167800003, "LONG": -106.539689753 }, "geometry": { "type": "Point", "coordinates": [ -106.539689753403579, 35.130578167764604 ] } },
{ "type": "Feature", "properties": { "ROUTE": 5.0, "DAY": "WKDY", "DIR": "Inbound", "STOP": 56.0, "STOPNAME": "MONTGOMERY @ EUBANK", "DAY_ON": 2.25974025974, "DAY_OFF": 18.302958153, "DAY_TOT": 20.562698412700001, "LAT": 35.130578480600001, "LONG": -106.535239679 }, "geometry": { "type": "Point", "coordinates": [ -106.535239678900794, 35.130578480613586 ] } },
{ "type": "Feature", "properties": { "ROUTE": 5.0, "DAY": "WKDY", "DIR": "Inbound", "STOP": 57.0, "STOPNAME": "MONTGOMERY @ EUBANK", "DAY_ON": 12.550360750399999, "DAY_OFF": 28.894660894699999, "DAY_TOT": 41.445021644999997, "LAT": 35.130578436299999, "LONG": -106.53293782199999 }, "geometry": { "type": "Point", "coordinates": [ -106.532937821569703, 35.130578436319716 ] } },
{ "type": "Feature", "properties": { "ROUTE": 5.0, "DAY": "WKDY", "DIR": "Inbound", "STOP": 58.0, "STOPNAME": "MONTGOMERY @ PITT", "DAY_ON": 3.8507215007200002, "DAY_OFF": 6.4259740259699996, "DAY_TOT": 10.276695526699999, "LAT": 35.130582379499998, "LONG": -106.52906813600001 }, "geometry": { "type": "Point", "coordinates": [ -106.529068135704875, 35.130582379540748 ] } },
{ "type": "Feature", "properties": { "ROUTE": 5.0, "DAY": "WKDY", "DIR": "Inbound", "STOP": 59.0, "STOPNAME": "MONTGOMERY @ MORRIS", "DAY_ON": 4.9557720057700001, "DAY_OFF": 16.292857142900001, "DAY_TOT": 21.248629148599999, "LAT": 35.130586750600003, "LONG": -106.52407992800001 }, "geometry": { "type": "Point", "coordinates": [ -106.524079927598962, 35.130586750643076 ] } },
{ "type": "Feature", "properties": { "ROUTE": 5.0, "DAY": "WKDY", "DIR": "Inbound", "STOP": 60.0, "STOPNAME": "MONTGOMERY @ TARA", "DAY_ON": 1.5136363636400001, "DAY_OFF": 7.2202020202000003, "DAY_TOT": 8.7338383838400002, "LAT": 35.130592621700004, "LONG": -106.519985702 }, "geometry": { "type": "Point", "coordinates": [ -106.519985702271143, 35.130592621651296 ] } },
{ "type": "Feature", "properties": { "ROUTE": 5.0, "DAY": "WKDY", "DIR": "Inbound", "STOP": 61.0, "STOPNAME": "MONTGOMERY @ JUAN TABO", "DAY_ON": 9.5518759018800008, "DAY_OFF": 55.239826839800003, "DAY_TOT": 64.791702741700007, "LAT": 35.130593882699998, "LONG": -106.51512227000001 }, "geometry": { "type": "Point", "coordinates": [ -106.515122269684412, 35.130593882740449 ] } },
{ "type": "Feature", "properties": { "ROUTE": 5.0, "DAY": "WKDY", "DIR": "Inbound", "STOP": 62.0, "STOPNAME": "MONTGOMERY @ JUAN TABO", "DAY_ON": 3.0417748917699998, "DAY_OFF": 8.8313131313100008, "DAY_TOT": 11.873088023099999, "LAT": 35.130595775000003, "LONG": -106.50877153099999 }, "geometry": { "type": "Point", "coordinates": [ -106.50877153111864, 35.130595775017262 ] } },
{ "type": "Feature", "properties": { "ROUTE": 5.0, "DAY": "WKDY", "DIR": "Inbound", "STOP": 63.0, "STOPNAME": "MONTGOMERY @ BERMUDA", "DAY_ON": 1.2792207792200001, "DAY_OFF": 4.7139249639200003, "DAY_TOT": 5.9931457431500004, "LAT": 35.1305965966, "LONG": -106.505609569 }, "geometry": { "type": "Point", "coordinates": [ -106.505609568699427, 35.130596596649731 ] } },
{ "type": "Feature", "properties": { "ROUTE": 5.0, "DAY": "WKDY", "DIR": "Inbound", "STOP": 64.0, "STOPNAME": "MONTGOMERY @ BALI", "DAY_ON": 0.40800865801000002, "DAY_OFF": 2.8585137085099999, "DAY_TOT": 3.2665223665199998, "LAT": 35.130596100399998, "LONG": -106.502318418 }, "geometry": { "type": "Point", "coordinates": [ -106.502318418062615, 35.130596100414081 ] } },
{ "type": "Feature", "properties": { "ROUTE": 5.0, "DAY": "WKDY", "DIR": "Inbound", "STOP": 65.0, "STOPNAME": "MONTGOMERY @ TRAMWAY", "DAY_ON": 0.09090909091, "DAY_OFF": 7.1471861471900002, "DAY_TOT": 7.2380952380999997, "LAT": 35.130592852, "LONG": -106.499412736 }, "geometry": { "type": "Point", "coordinates": [ -106.499412735836614, 35.130592851966874 ] } },
{ "type": "Feature", "properties": { "ROUTE": 5.0, "DAY": "WKDY", "DIR": "Inbound", "STOP": 66.0, "STOPNAME": "SPANISH BIT @ MONTGOMERY", "DAY_ON": 1.0742424242399999, "DAY_OFF": 70.716017316000006, "DAY_TOT": 71.790259740300002, "LAT": 35.129917199300003, "LONG": -106.496864948 }, "geometry": { "type": "Point", "coordinates": [ -106.496864947926483, 35.12991719929105 ] } },
{ "type": "Feature", "properties": { "ROUTE": 8.0, "DAY": "WKDY", "DIR": "Outbound", "STOP": 1.0, "STOPNAME": "SPANISH BIT @ MONTGOMERY", "DAY_ON": 51.253724053699997, "DAY_OFF": 0.0, "DAY_TOT": 51.253724053699997, "LAT": 35.129935302299998, "LONG": -106.497037545 }, "geometry": { "type": "Point", "coordinates": [ -106.497037544672708, 35.129935302330516 ] } },
{ "type": "Feature", "properties": { "ROUTE": 8.0, "DAY": "WKDY", "DIR": "Outbound", "STOP": 2.0, "STOPNAME": "MENAUL @ TRAMWAY", "DAY_ON": 5.27478632479, "DAY_OFF": 1.9089743589699999, "DAY_TOT": 7.1837606837600001, "LAT": 35.109508700799999, "LONG": -106.49828517 }, "geometry": { "type": "Point", "coordinates": [ -106.498285170143859, 35.109508700828165 ] } },
{ "type": "Feature", "properties": { "ROUTE": 8.0, "DAY": "WKDY", "DIR": "Outbound", "STOP": 3.0, "STOPNAME": "MENAUL @ MARIE PARK DRIVE", "DAY_ON": 2.1243589743600002, "DAY_OFF": 0.25384615384999998, "DAY_TOT": 2.3782051282099999, "LAT": 35.109202199499997, "LONG": -106.50007536 }, "geometry": { "type": "Point", "coordinates": [ -106.500075360248459, 35.109202199500984 ] } },
{ "type": "Feature", "properties": { "ROUTE": 8.0, "DAY": "WKDY", "DIR": "Outbound", "STOP": 4.0, "STOPNAME": "MENAUL @ LANDMAN", "DAY_ON": 2.4518370518400001, "DAY_OFF": 0.23717948718000001, "DAY_TOT": 2.6890165390199998, "LAT": 35.109024808900003, "LONG": -106.503747132 }, "geometry": { "type": "Point", "coordinates": [ -106.503747131979111, 35.109024808947098 ] } },
{ "type": "Feature", "properties": { "ROUTE": 8.0, "DAY": "WKDY", "DIR": "Outbound", "STOP": 5.0, "STOPNAME": "MENAUL @ CHELWOOD", "DAY_ON": 12.3768009768, "DAY_OFF": 0.80769230769, "DAY_TOT": 13.1844932845, "LAT": 35.108914405299998, "LONG": -106.507003082 }, "geometry": { "type": "Point", "coordinates": [ -106.50700308191324, 35.108914405345864 ] } },
{ "type": "Feature", "properties": { "ROUTE": 8.0, "DAY": "WKDY", "DIR": "Outbound", "STOP": 6.0, "STOPNAME": "MENAUL @ FIGUEROA", "DAY_ON": 1.75695970696, "DAY_OFF": 0.32692307692, "DAY_TOT": 2.08388278388, "LAT": 35.108846127100001, "LONG": -106.509198166 }, "geometry": { "type": "Point", "coordinates": [ -106.509198166188895, 35.108846127090303 ] } },
{ "type": "Feature", "properties": { "ROUTE": 8.0, "DAY": "WKDY", "DIR": "Outbound", "STOP": 7.0, "STOPNAME": "MENAUL @ ALGODONES", "DAY_ON": 3.8457264957300001, "DAY_OFF": 0.76025641026000002, "DAY_TOT": 4.6059829059800004, "LAT": 35.108854787200002, "LONG": -106.512419548 }, "geometry": { "type": "Point", "coordinates": [ -106.512419547725216, 35.108854787174188 ] } },
{ "type": "Feature", "properties": { "ROUTE": 8.0, "DAY": "WKDY", "DIR": "Outbound", "STOP": 8.0, "STOPNAME": "MENAUL @ JUAN TABO", "DAY_ON": 17.458424908400001, "DAY_OFF": 2.7120879120899999, "DAY_TOT": 20.170512820500001, "LAT": 35.1089377244, "LONG": -106.515084249 }, "geometry": { "type": "Point", "coordinates": [ -106.515084248579939, 35.108937724398793 ] } },
{ "type": "Feature", "properties": { "ROUTE": 8.0, "DAY": "WKDY", "DIR": "Outbound", "STOP": 9.0, "STOPNAME": "MENAUL @ JUAN TABO", "DAY_ON": 25.800488400500001, "DAY_OFF": 2.65, "DAY_TOT": 28.450488400499999, "LAT": 35.108953955200001, "LONG": -106.516001829 }, "geometry": { "type": "Point", "coordinates": [ -106.516001829325276, 35.108953955168019 ] } },
{ "type": "Feature", "properties": { "ROUTE": 8.0, "DAY": "WKDY", "DIR": "Outbound", "STOP": 10.0, "STOPNAME": "MENAUL @ JANE", "DAY_ON": 27.959035408999998, "DAY_OFF": 2.1598290598299998, "DAY_TOT": 30.1188644689, "LAT": 35.108967045999997, "LONG": -106.51869837 }, "geometry": { "type": "Point", "coordinates": [ -106.518698370042998, 35.108967046026436 ] } },
{ "type": "Feature", "properties": { "ROUTE": 8.0, "DAY": "WKDY", "DIR": "Outbound", "STOP": 11.0, "STOPNAME": "MENAUL @ MORRIS", "DAY_ON": 10.007387057400001, "DAY_OFF": 2.2948107448099999, "DAY_TOT": 12.3021978022, "LAT": 35.108977725199999, "LONG": -106.525122092 }, "geometry": { "type": "Point", "coordinates": [ -106.525122091999805, 35.108977725195089 ] } },
{ "type": "Feature", "properties": { "ROUTE": 8.0, "DAY": "WKDY", "DIR": "Outbound", "STOP": 12.0, "STOPNAME": "MENAUL @ BRITT", "DAY_ON": 4.5323565323599997, "DAY_OFF": 2.6957264957299998, "DAY_TOT": 7.2280830280800004, "LAT": 35.109003569599999, "LONG": -106.529624278 }, "geometry": { "type": "Point", "coordinates": [ -106.529624277671601, 35.10900356962361 ] } },
{ "type": "Feature", "properties": { "ROUTE": 8.0, "DAY": "WKDY", "DIR": "Outbound", "STOP": 13.0, "STOPNAME": "MENAUL @ EUBANK", "DAY_ON": 10.4150793651, "DAY_OFF": 5.0186202686200003, "DAY_TOT": 15.4336996337, "LAT": 35.10903866, "LONG": -106.532758413 }, "geometry": { "type": "Point", "coordinates": [ -106.532758412671868, 35.109038660004245 ] } },
{ "type": "Feature", "properties": { "ROUTE": 8.0, "DAY": "WKDY", "DIR": "Outbound", "STOP": 14.0, "STOPNAME": "MENAUL @ EUBANK", "DAY_ON": 28.9384615385, "DAY_OFF": 2.0653235653199999, "DAY_TOT": 31.003785103799999, "LAT": 35.109053070599998, "LONG": -106.53369924 }, "geometry": { "type": "Point", "coordinates": [ -106.533699239581679, 35.109053070605718 ] } },
{ "type": "Feature", "properties": { "ROUTE": 8.0, "DAY": "WKDY", "DIR": "Outbound", "STOP": 15.0, "STOPNAME": "MENAUL @ SALEM", "DAY_ON": 5.1301587301599998, "DAY_OFF": 0.0, "DAY_TOT": 5.1301587301599998, "LAT": 35.109077384800003, "LONG": -106.535713933 }, "geometry": { "type": "Point", "coordinates": [ -106.53571393289802, 35.109077384774636 ] } },
{ "type": "Feature", "properties": { "ROUTE": 8.0, "DAY": "WKDY", "DIR": "Outbound", "STOP": 16.0, "STOPNAME": "MENAUL @ PARSIFAL", "DAY_ON": 1.9269230769200001, "DAY_OFF": 0.39743589744000002, "DAY_TOT": 2.3243589743599999, "LAT": 35.109114695199999, "LONG": -106.53953674900001 }, "geometry": { "type": "Point", "coordinates": [ -106.539536749110795, 35.109114695174377 ] } },
{ "type": "Feature", "properties": { "ROUTE": 8.0, "DAY": "WKDY", "DIR": "Outbound", "STOP": 17.0, "STOPNAME": "MENAUL @ MOON", "DAY_ON": 9.2371184371199995, "DAY_OFF": 2.08827838828, "DAY_TOT": 11.3253968254, "LAT": 35.109158215699999, "LONG": -106.542410612 }, "geometry": { "type": "Point", "coordinates": [ -106.542410611588878, 35.10915821569251 ] } },
{ "type": "Feature", "properties": { "ROUTE": 8.0, "DAY": "WKDY", "DIR": "Outbound", "STOP": 18.0, "STOPNAME": "MENAUL @ WOODLAND", "DAY_ON": 4.6275335775300004, "DAY_OFF": 0.87106227106, "DAY_TOT": 5.4985958486, "LAT": 35.109187278, "LONG": -106.54441648 }, "geometry": { "type": "Point", "coordinates": [ -106.544416480225095, 35.109187278016663 ] } },
{ "type": "Feature", "properties": { "ROUTE": 8.0, "DAY": "WKDY", "DIR": "Outbound", "STOP": 19.0, "STOPNAME": "MENAUL @ PHOENIX", "DAY_ON": 11.3125152625, "DAY_OFF": 4.4176434676399996, "DAY_TOT": 15.730158730199999, "LAT": 35.109234329300001, "LONG": -106.547398468 }, "geometry": { "type": "Point", "coordinates": [ -106.547398468280534, 35.109234329325268 ] } },
{ "type": "Feature", "properties": { "ROUTE": 8.0, "DAY": "WKDY", "DIR": "Outbound", "STOP": 20.0, "STOPNAME": "MENAUL @ WYOMING", "DAY_ON": 14.3894383394, "DAY_OFF": 10.593040293, "DAY_TOT": 24.982478632500001, "LAT": 35.109306041400004, "LONG": -106.55046997700001 }, "geometry": { "type": "Point", "coordinates": [ -106.550469977066427, 35.10930604135477 ] } },
{ "type": "Feature", "properties": { "ROUTE": 8.0, "DAY": "WKDY", "DIR": "Outbound", "STOP": 21.0, "STOPNAME": "MENAUL @ WYOMING", "DAY_ON": 18.7478632479, "DAY_OFF": 4.7985958485999998, "DAY_TOT": 23.546459096500001, "LAT": 35.109311237599997, "LONG": -106.551226742 }, "geometry": { "type": "Point", "coordinates": [ -106.551226742023658, 35.109311237590902 ] } },
{ "type": "Feature", "properties": { "ROUTE": 8.0, "DAY": "WKDY", "DIR": "Outbound", "STOP": 22.0, "STOPNAME": "MENAUL @ VIRGINIA", "DAY_ON": 4.2862637362599996, "DAY_OFF": 1.5014041514000001, "DAY_TOT": 5.7876678876699996, "LAT": 35.109296287600003, "LONG": -106.55356001 }, "geometry": { "type": "Point", "coordinates": [ -106.553560009874175, 35.109296287625412 ] } },
{ "type": "Feature", "properties": { "ROUTE": 8.0, "DAY": "WKDY", "DIR": "Outbound", "STOP": 23.0, "STOPNAME": "MENAUL @ UTAH", "DAY_ON": 2.38888888889, "DAY_OFF": 0.84358974359000005, "DAY_TOT": 3.2324786324799999, "LAT": 35.109283312000002, "LONG": -106.555680094 }, "geometry": { "type": "Point", "coordinates": [ -106.555680094202884, 35.109283311965804 ] } },
{ "type": "Feature", "properties": { "ROUTE": 8.0, "DAY": "WKDY", "DIR": "Outbound", "STOP": 24.0, "STOPNAME": "MENAUL @ RHODE ISLAND", "DAY_ON": 4.86562881563, "DAY_OFF": 1.93986568987, "DAY_TOT": 6.8054945054899996, "LAT": 35.109271599899998, "LONG": -106.558112009 }, "geometry": { "type": "Point", "coordinates": [ -106.558112009157554, 35.109271599936292 ] } },
{ "type": "Feature", "properties": { "ROUTE": 8.0, "DAY": "WKDY", "DIR": "Outbound", "STOP": 25.0, "STOPNAME": "MENAUL @ DALLAS", "DAY_ON": 8.1428571428600005, "DAY_OFF": 4.47521367521, "DAY_TOT": 12.6180708181, "LAT": 35.109257000100001, "LONG": -106.56093446600001 }, "geometry": { "type": "Point", "coordinates": [ -106.560934465599644, 35.109257000053084 ] } },
{ "type": "Feature", "properties": { "ROUTE": 8.0, "DAY": "WKDY", "DIR": "Outbound", "STOP": 26.0, "STOPNAME": "MENAUL @ ESPANOLA", "DAY_ON": 4.2463369963400002, "DAY_OFF": 6.8113553113599998, "DAY_TOT": 11.0576923077, "LAT": 35.109231822799998, "LONG": -106.56395356900001 }, "geometry": { "type": "Point", "coordinates": [ -106.563953569411254, 35.109231822822096 ] } },
{ "type": "Feature", "properties": { "ROUTE": 8.0, "DAY": "WKDY", "DIR": "Outbound", "STOP": 27.0, "STOPNAME": "LOUISIANA @ CORONADO CENTER", "DAY_ON": 2.4228937728900002, "DAY_OFF": 20.3655067155, "DAY_TOT": 22.788400488400001, "LAT": 35.106890098299999, "LONG": -106.568935951 }, "geometry": { "type": "Point", "coordinates": [ -106.568935951319204, 35.106890098290599 ] } },
{ "type": "Feature", "properties": { "ROUTE": 8.0, "DAY": "WKDY", "DIR": "Outbound", "STOP": 28.0, "STOPNAME": "U.T.C. BAY D", "DAY_ON": 68.118742368699998, "DAY_OFF": 65.403557553599995, "DAY_TOT": 133.522299922, "LAT": 35.1029016994, "LONG": -106.57153832900001 }, "geometry": { "type": "Point", "coordinates": [ -106.571538328859532, 35.102901699409294 ] } },
{ "type": "Feature", "properties": { "ROUTE": 8.0, "DAY": "WKDY", "DIR": "Outbound", "STOP": 29.0, "STOPNAME": "MENAUL @ KENTUCKY", "DAY_ON": 17.778083028099999, "DAY_OFF": 2.6628205128200002, "DAY_TOT": 20.440903540899999, "LAT": 35.109118758299999, "LONG": -106.57011400499999 }, "geometry": { "type": "Point", "coordinates": [ -106.570114005388348, 35.109118758268309 ] } },
{ "type": "Feature", "properties": { "ROUTE": 8.0, "DAY": "WKDY", "DIR": "Outbound", "STOP": 30.0, "STOPNAME": "MENAUL @ GEORGIA", "DAY_ON": 4.6871794871799999, "DAY_OFF": 1.02692307692, "DAY_TOT": 5.7141025641000001, "LAT": 35.1092061907, "LONG": -106.57227476600001 }, "geometry": { "type": "Point", "coordinates": [ -106.572274766072084, 35.109206190661993 ] } },
{ "type": "Feature", "properties": { "ROUTE": 8.0, "DAY": "WKDY", "DIR": "Outbound", "STOP": 31.0, "STOPNAME": "MENAUL @ DAKOTA", "DAY_ON": 1.43760683761, "DAY_OFF": 0.78388278388, "DAY_TOT": 2.22148962149, "LAT": 35.10920434, "LONG": -106.57378895399999 }, "geometry": { "type": "Point", "coordinates": [ -106.573788953734692, 35.109204340022288 ] } },
{ "type": "Feature", "properties": { "ROUTE": 8.0, "DAY": "WKDY", "DIR": "Outbound", "STOP": 32.0, "STOPNAME": "MENAUL @ SAN PEDRO", "DAY_ON": 14.344078144099999, "DAY_OFF": 7.1141636141599998, "DAY_TOT": 21.4582417582, "LAT": 35.109204868100001, "LONG": -106.577154638 }, "geometry": { "type": "Point", "coordinates": [ -106.577154638026215, 35.109204868131869 ] } },
{ "type": "Feature", "properties": { "ROUTE": 8.0, "DAY": "WKDY", "DIR": "Outbound", "STOP": 33.0, "STOPNAME": "MENAUL @ SAN PEDRO", "DAY_ON": 13.274603174599999, "DAY_OFF": 5.4722832722800003, "DAY_TOT": 18.7468864469, "LAT": 35.1092073035, "LONG": -106.578255509 }, "geometry": { "type": "Point", "coordinates": [ -106.578255508573534, 35.109207303524983 ] } },
{ "type": "Feature", "properties": { "ROUTE": 8.0, "DAY": "WKDY", "DIR": "Outbound", "STOP": 34.0, "STOPNAME": "MENAUL @ ALVARADO", "DAY_ON": 2.2924297924300001, "DAY_OFF": 4.6905372405400003, "DAY_TOT": 6.9829670329700004, "LAT": 35.109197073799997, "LONG": -106.582949974 }, "geometry": { "type": "Point", "coordinates": [ -106.58294997427933, 35.109197073764392 ] } },
{ "type": "Feature", "properties": { "ROUTE": 8.0, "DAY": "WKDY", "DIR": "Outbound", "STOP": 35.0, "STOPNAME": "MENAUL @ SAN MATEO", "DAY_ON": 30.374114774100001, "DAY_OFF": 29.457875457899998, "DAY_TOT": 59.831990232000003, "LAT": 35.109233524099999, "LONG": -106.586068924 }, "geometry": { "type": "Point", "coordinates": [ -106.586068923793604, 35.109233524074959 ] } },
{ "type": "Feature", "properties": { "ROUTE": 8.0, "DAY": "WKDY", "DIR": "Outbound", "STOP": 36.0, "STOPNAME": "MENAUL @ SAN MATEO", "DAY_ON": 51.677045176999997, "DAY_OFF": 12.0676434676, "DAY_TOT": 63.744688644699998, "LAT": 35.109240660099999, "LONG": -106.58693587 }, "geometry": { "type": "Point", "coordinates": [ -106.586935870149176, 35.109240660057338 ] } },
{ "type": "Feature", "properties": { "ROUTE": 8.0, "DAY": "WKDY", "DIR": "Outbound", "STOP": 37.0, "STOPNAME": "MENAUL @ MONROE", "DAY_ON": 5.62466422466, "DAY_OFF": 3.55293040293, "DAY_TOT": 9.1775946275900004, "LAT": 35.109253765200002, "LONG": -106.590897532 }, "geometry": { "type": "Point", "coordinates": [ -106.590897531905298, 35.10925376524925 ] } },
{ "type": "Feature", "properties": { "ROUTE": 8.0, "DAY": "WKDY", "DIR": "Outbound", "STOP": 38.0, "STOPNAME": "MENAUL @ WASHINGTON", "DAY_ON": 5.8570207570199999, "DAY_OFF": 8.2409035408999998, "DAY_TOT": 14.097924297900001, "LAT": 35.109268968499997, "LONG": -106.594575627 }, "geometry": { "type": "Point", "coordinates": [ -106.594575627488453, 35.109268968466303 ] } },
{ "type": "Feature", "properties": { "ROUTE": 8.0, "DAY": "WKDY", "DIR": "Outbound", "STOP": 39.0, "STOPNAME": "MENAUL @ MONTCLAIRE DR.", "DAY_ON": 3.59188034188, "DAY_OFF": 6.7394993894999997, "DAY_TOT": 10.3313797314, "LAT": 35.109277934200001, "LONG": -106.59653043 }, "geometry": { "type": "Point", "coordinates": [ -106.596530430482545, 35.10927793417212 ] } },
{ "type": "Feature", "properties": { "ROUTE": 8.0, "DAY": "WKDY", "DIR": "Outbound", "STOP": 40.0, "STOPNAME": "MENAUL @ CARLISLE", "DAY_ON": 12.411538461499999, "DAY_OFF": 17.087301587300001, "DAY_TOT": 29.498840048800002, "LAT": 35.109319565, "LONG": -106.60123281 }, "geometry": { "type": "Point", "coordinates": [ -106.60123281039975, 35.109319565031598 ] } },
{ "type": "Feature", "properties": { "ROUTE": 8.0, "DAY": "WKDY", "DIR": "Outbound", "STOP": 41.0, "STOPNAME": "MENAUL @ CARLISLE", "DAY_ON": 12.302503052500001, "DAY_OFF": 33.304761904800003, "DAY_TOT": 45.607264957300004, "LAT": 35.109346042399999, "LONG": -106.603844104 }, "geometry": { "type": "Point", "coordinates": [ -106.603844104130175, 35.109346042443065 ] } },
{ "type": "Feature", "properties": { "ROUTE": 8.0, "DAY": "WKDY", "DIR": "Outbound", "STOP": 42.0, "STOPNAME": "MENAUL @ CARLISLE", "DAY_ON": 65.281623931599995, "DAY_OFF": 22.5595238095, "DAY_TOT": 87.841147741100002, "LAT": 35.109371575600001, "LONG": -106.605185414 }, "geometry": { "type": "Point", "coordinates": [ -106.605185414450261, 35.109371575648986 ] } },
{ "type": "Feature", "properties": { "ROUTE": 8.0, "DAY": "WKDY", "DIR": "Outbound", "STOP": 43.0, "STOPNAME": "MENAUL @ BRYN MAWR", "DAY_ON": 19.377411477399999, "DAY_OFF": 4.8261904761899999, "DAY_TOT": 24.2036019536, "LAT": 35.109338984399997, "LONG": -106.607926928 }, "geometry": { "type": "Point", "coordinates": [ -106.607926928412184, 35.109338984365877 ] } },
{ "type": "Feature", "properties": { "ROUTE": 8.0, "DAY": "WKDY", "DIR": "Outbound", "STOP": 44.0, "STOPNAME": "MENAUL @ RICHMOND", "DAY_ON": 7.0885836385800003, "DAY_OFF": 1.5117826617800001, "DAY_TOT": 8.6003663003700002, "LAT": 35.109315892799998, "LONG": -106.610524549 }, "geometry": { "type": "Point", "coordinates": [ -106.610524548707318, 35.109315892764236 ] } },
{ "type": "Feature", "properties": { "ROUTE": 8.0, "DAY": "WKDY", "DIR": "Outbound", "STOP": 45.0, "STOPNAME": "MENAUL @ VASSAR", "DAY_ON": 2.6213675213699998, "DAY_OFF": 6.8110500610500004, "DAY_TOT": 9.4324175824199994, "LAT": 35.1093010377, "LONG": -106.614623014 }, "geometry": { "type": "Point", "coordinates": [ -106.614623014386581, 35.109301037665233 ] } },
{ "type": "Feature", "properties": { "ROUTE": 8.0, "DAY": "WKDY", "DIR": "Outbound", "STOP": 46.0, "STOPNAME": "MENAUL @ VASSAR", "DAY_ON": 4.8102564102600001, "DAY_OFF": 11.748778998800001, "DAY_TOT": 16.559035409, "LAT": 35.109291351000003, "LONG": -106.617548398 }, "geometry": { "type": "Point", "coordinates": [ -106.617548398232188, 35.109291351037854 ] } },
{ "type": "Feature", "properties": { "ROUTE": 8.0, "DAY": "WKDY", "DIR": "Outbound", "STOP": 47.0, "STOPNAME": "MENAUL @ PRINCETON", "DAY_ON": 11.268131868099999, "DAY_OFF": 22.478632478600002, "DAY_TOT": 33.746764346799999, "LAT": 35.109283026299998, "LONG": -106.620004791 }, "geometry": { "type": "Point", "coordinates": [ -106.620004791155694, 35.109283026278078 ] } },
{ "type": "Feature", "properties": { "ROUTE": 8.0, "DAY": "WKDY", "DIR": "Outbound", "STOP": 48.0, "STOPNAME": "MENAUL @ UNIVERSITY", "DAY_ON": 12.6006105006, "DAY_OFF": 26.634432234399998, "DAY_TOT": 39.235042735, "LAT": 35.10927166, "LONG": -106.622961793 }, "geometry": { "type": "Point", "coordinates": [ -106.622961792854497, 35.109271660030792 ] } },
{ "type": "Feature", "properties": { "ROUTE": 8.0, "DAY": "WKDY", "DIR": "Outbound", "STOP": 49.0, "STOPNAME": "MENAUL @ UNIVERSITY", "DAY_ON": 30.057753357799999, "DAY_OFF": 10.8441391941, "DAY_TOT": 40.901892551899998, "LAT": 35.109266625700002, "LONG": -106.624284057 }, "geometry": { "type": "Point", "coordinates": [ -106.624284056617313, 35.109266625656957 ] } },
{ "type": "Feature", "properties": { "ROUTE": 8.0, "DAY": "WKDY", "DIR": "Outbound", "STOP": 50.0, "STOPNAME": "MENAUL @ PAN AMERICA FRONTAG", "DAY_ON": 5.4040293040299998, "DAY_OFF": 4.3673992673999997, "DAY_TOT": 9.7714285714300004, "LAT": 35.109279712000003, "LONG": -106.629056363 }, "geometry": { "type": "Point", "coordinates": [ -106.629056363354053, 35.109279712029519 ] } },
{ "type": "Feature", "properties": { "ROUTE": 8.0, "DAY": "WKDY", "DIR": "Outbound", "STOP": 51.0, "STOPNAME": "MENAUL @ BROADBENT", "DAY_ON": 16.6971306471, "DAY_OFF": 15.307753357799999, "DAY_TOT": 32.004884004899999, "LAT": 35.109435324899998, "LONG": -106.632440719 }, "geometry": { "type": "Point", "coordinates": [ -106.63244071938206, 35.109435324945593 ] } },
{ "type": "Feature", "properties": { "ROUTE": 8.0, "DAY": "WKDY", "DIR": "Outbound", "STOP": 52.0, "STOPNAME": "MENAUL @ BROADBENT", "DAY_ON": 1.1498168498200001, "DAY_OFF": 3.67203907204, "DAY_TOT": 4.8218559218600001, "LAT": 35.109721641199997, "LONG": -106.635345942 }, "geometry": { "type": "Point", "coordinates": [ -106.635345941949367, 35.109721641158345 ] } },
{ "type": "Feature", "properties": { "ROUTE": 8.0, "DAY": "WKDY", "DIR": "Outbound", "STOP": 53.0, "STOPNAME": "MENAUL @ BROADWAY", "DAY_ON": 1.2243589743600001, "DAY_OFF": 1.6139194139199999, "DAY_TOT": 2.83827838828, "LAT": 35.109965124200002, "LONG": -106.63779582399999 }, "geometry": { "type": "Point", "coordinates": [ -106.637795824388164, 35.109965124197068 ] } },
{ "type": "Feature", "properties": { "ROUTE": 8.0, "DAY": "WKDY", "DIR": "Outbound", "STOP": 54.0, "STOPNAME": "MENAUL @ BROADWAY", "DAY_ON": 7.6032356532399996, "DAY_OFF": 14.4909035409, "DAY_TOT": 22.094139194099998, "LAT": 35.110339492800001, "LONG": -106.641697909 }, "geometry": { "type": "Point", "coordinates": [ -106.641697909168116, 35.110339492806709 ] } },
{ "type": "Feature", "properties": { "ROUTE": 8.0, "DAY": "WKDY", "DIR": "Outbound", "STOP": 55.0, "STOPNAME": "MENAUL @ 3RD", "DAY_ON": 33.207142857100003, "DAY_OFF": 86.192551892599994, "DAY_TOT": 119.39969475, "LAT": 35.110771399299999, "LONG": -106.645195896 }, "geometry": { "type": "Point", "coordinates": [ -106.645195895737146, 35.11077139934703 ] } },
{ "type": "Feature", "properties": { "ROUTE": 8.0, "DAY": "WKDY", "DIR": "Outbound", "STOP": 56.0, "STOPNAME": "MENAUL @ 4TH", "DAY_ON": 9.0544566544599991, "DAY_OFF": 8.423992674000001, "DAY_TOT": 17.478449328500002, "LAT": 35.111064265800003, "LONG": -106.647043645 }, "geometry": { "type": "Point", "coordinates": [ -106.647043644821395, 35.111064265806654 ] } },
{ "type": "Feature", "properties": { "ROUTE": 8.0, "DAY": "WKDY", "DIR": "Outbound", "STOP": 59.0, "STOPNAME": "MENAUL @ LOS TOMASES", "DAY_ON": 1.00769230769, "DAY_OFF": 1.2858974359, "DAY_TOT": 2.2935897435900001, "LAT": 35.111505705500001, "LONG": -106.650271808 }, "geometry": { "type": "Point", "coordinates": [ -106.650271808223167, 35.111505705499816 ] } },
{ "type": "Feature", "properties": { "ROUTE": 8.0, "DAY": "WKDY", "DIR": "Outbound", "STOP": 60.0, "STOPNAME": "MENAUL @ 8TH", "DAY_ON": 0.98290598290999998, "DAY_OFF": 2.5233211233200001, "DAY_TOT": 3.5062271062299999, "LAT": 35.111874502, "LONG": -106.653766332 }, "geometry": { "type": "Point", "coordinates": [ -106.653766331900002, 35.111874502043847 ] } },
{ "type": "Feature", "properties": { "ROUTE": 8.0, "DAY": "WKDY", "DIR": "Outbound", "STOP": 61.0, "STOPNAME": "12TH @ MENAUL", "DAY_ON": 8.7427960928000008, "DAY_OFF": 10.6032967033, "DAY_TOT": 19.346092796099999, "LAT": 35.111662369599998, "LONG": -106.658102941 }, "geometry": { "type": "Point", "coordinates": [ -106.658102941338811, 35.111662369565217 ] } },
{ "type": "Feature", "properties": { "ROUTE": 8.0, "DAY": "WKDY", "DIR": "Outbound", "STOP": 62.0, "STOPNAME": "12TH @ INDIAN SCHOOL", "DAY_ON": 46.854395604399997, "DAY_OFF": 26.447802197800002, "DAY_TOT": 73.302197802199998, "LAT": 35.108253106900001, "LONG": -106.658728525 }, "geometry": { "type": "Point", "coordinates": [ -106.658728524605863, 35.108253106943771 ] } },
{ "type": "Feature", "properties": { "ROUTE": 8.0, "DAY": "WKDY", "DIR": "Outbound", "STOP": 63.0, "STOPNAME": "6TH @ MCKNIGHT", "DAY_ON": 4.8608058608100002, "DAY_OFF": 11.9860805861, "DAY_TOT": 16.846886446900001, "LAT": 35.104919235099999, "LONG": -106.650697076 }, "geometry": { "type": "Point", "coordinates": [ -106.650697075967514, 35.10491923514892 ] } },
{ "type": "Feature", "properties": { "ROUTE": 8.0, "DAY": "WKDY", "DIR": "Outbound", "STOP": 64.0, "STOPNAME": "6TH @ ASPEN", "DAY_ON": 13.0278388278, "DAY_OFF": 7.69322344322, "DAY_TOT": 20.721062271099999, "LAT": 35.101716410500003, "LONG": -106.650766211 }, "geometry": { "type": "Point", "coordinates": [ -106.650766210702344, 35.101716410495307 ] } },
{ "type": "Feature", "properties": { "ROUTE": 8.0, "DAY": "WKDY", "DIR": "Outbound", "STOP": 65.0, "STOPNAME": "6TH @ KINLEY", "DAY_ON": 2.2448717948699999, "DAY_OFF": 7.8864468864499999, "DAY_TOT": 10.1313186813, "LAT": 35.098075635400001, "LONG": -106.651547666 }, "geometry": { "type": "Point", "coordinates": [ -106.651547666109252, 35.09807563537187 ] } },
{ "type": "Feature", "properties": { "ROUTE": 8.0, "DAY": "WKDY", "DIR": "Outbound", "STOP": 66.0, "STOPNAME": "6TH @ MOUNTAIN", "DAY_ON": 4.3967032967000002, "DAY_OFF": 12.4543956044, "DAY_TOT": 16.851098901099999, "LAT": 35.095557582399998, "LONG": -106.65202042200001 }, "geometry": { "type": "Point", "coordinates": [ -106.65202042204173, 35.095557582417577 ] } },
{ "type": "Feature", "properties": { "ROUTE": 8.0, "DAY": "WKDY", "DIR": "Outbound", "STOP": 67.0, "STOPNAME": "6TH @ MARBLE", "DAY_ON": 1.4782051282099999, "DAY_OFF": 4.4351648351600002, "DAY_TOT": 5.9133699633700001, "LAT": 35.0931031378, "LONG": -106.652459292 }, "geometry": { "type": "Point", "coordinates": [ -106.65245929248286, 35.09310313784043 ] } },
{ "type": "Feature", "properties": { "ROUTE": 8.0, "DAY": "WKDY", "DIR": "Outbound", "STOP": 68.0, "STOPNAME": "6TH @ FRUIT", "DAY_ON": 2.7091575091600002, "DAY_OFF": 8.0915750915799993, "DAY_TOT": 10.8007326007, "LAT": 35.090643074600003, "LONG": -106.652914139 }, "geometry": { "type": "Point", "coordinates": [ -106.652914138557108, 35.090643074613794 ] } },
{ "type": "Feature", "properties": { "ROUTE": 8.0, "DAY": "WKDY", "DIR": "Outbound", "STOP": 69.0, "STOPNAME": "6TH @ TIJERAS", "DAY_ON": 0.44358974358999997, "DAY_OFF": 9.9510989011, "DAY_TOT": 10.3946886447, "LAT": 35.087426444499997, "LONG": -106.653495566 }, "geometry": { "type": "Point", "coordinates": [ -106.653495565934051, 35.087426444497538 ] } },
{ "type": "Feature", "properties": { "ROUTE": 8.0, "DAY": "WKDY", "DIR": "Outbound", "STOP": 70.0, "STOPNAME": "6TH @ COPPER", "DAY_ON": 4.4506993007000002, "DAY_OFF": 38.154478854499999, "DAY_TOT": 42.605178155200001, "LAT": 35.085269547199999, "LONG": -106.653843223 }, "geometry": { "type": "Point", "coordinates": [ -106.653843222675889, 35.085269547235384 ] } },
{ "type": "Feature", "properties": { "ROUTE": 8.0, "DAY": "WKDY", "DIR": "Outbound", "STOP": 71.0, "STOPNAME": "6TH @ GOLD", "DAY_ON": 1.6183816183799999, "DAY_OFF": 14.8118215118, "DAY_TOT": 16.430203130199999, "LAT": 35.083667871599999, "LONG": -106.654029181 }, "geometry": { "type": "Point", "coordinates": [ -106.65402918125352, 35.083667871599417 ] } },
{ "type": "Feature", "properties": { "ROUTE": 8.0, "DAY": "WKDY", "DIR": "Outbound", "STOP": 72.0, "STOPNAME": "SILVER @ 4TH", "DAY_ON": 0.9138028638, "DAY_OFF": 10.858258408299999, "DAY_TOT": 11.7720612721, "LAT": 35.082721725500001, "LONG": -106.652281143 }, "geometry": { "type": "Point", "coordinates": [ -106.652281142849901, 35.082721725535329 ] } },
{ "type": "Feature", "properties": { "ROUTE": 8.0, "DAY": "WKDY", "DIR": "Outbound", "STOP": 73.0, "STOPNAME": "2ND @ SILVER", "DAY_ON": 0.34475524476000002, "DAY_OFF": 14.3567765568, "DAY_TOT": 14.7015318015, "LAT": 35.082637572099998, "LONG": -106.649523613 }, "geometry": { "type": "Point", "coordinates": [ -106.64952361324184, 35.082637572130757 ] } },
{ "type": "Feature", "properties": { "ROUTE": 8.0, "DAY": "WKDY", "DIR": "Outbound", "STOP": 74.0, "STOPNAME": "A.T.C.", "DAY_ON": 0.0, "DAY_OFF": 197.34548784500001, "DAY_TOT": 197.34548784500001, "LAT": 35.083144178399998, "LONG": -106.647582134 }, "geometry": { "type": "Point", "coordinates": [ -106.647582134336673, 35.083144178401319 ] } },
{ "type": "Feature", "properties": { "ROUTE": 8.0, "DAY": "WKDY", "DIR": "Inbound", "STOP": 1.0, "STOPNAME": "A.T.C.", "DAY_ON": 239.625274725, "DAY_OFF": 0.0, "DAY_TOT": 239.625274725, "LAT": 35.082844497400004, "LONG": -106.64770049000001 }, "geometry": { "type": "Point", "coordinates": [ -106.647700489510484, 35.082844497419252 ] } },
{ "type": "Feature", "properties": { "ROUTE": 8.0, "DAY": "WKDY", "DIR": "Inbound", "STOP": 3.0, "STOPNAME": "SILVER @ 5TH", "DAY_ON": 4.8739316239299999, "DAY_OFF": 0.70683760683999997, "DAY_TOT": 5.5807692307699996, "LAT": 35.082868730800001, "LONG": -106.652585695 }, "geometry": { "type": "Point", "coordinates": [ -106.65258569502717, 35.082868730824721 ] } },
{ "type": "Feature", "properties": { "ROUTE": 8.0, "DAY": "WKDY", "DIR": "Inbound", "STOP": 4.0, "STOPNAME": "5TH @ GOLD", "DAY_ON": 6.3985347985300001, "DAY_OFF": 0.38644688645000003, "DAY_TOT": 6.78498168498, "LAT": 35.084157052899997, "LONG": -106.652894918 }, "geometry": { "type": "Point", "coordinates": [ -106.652894918303915, 35.084157052863802 ] } },
{ "type": "Feature", "properties": { "ROUTE": 8.0, "DAY": "WKDY", "DIR": "Inbound", "STOP": 5.0, "STOPNAME": "5TH @ COPPER", "DAY_ON": 38.230586080599998, "DAY_OFF": 5.7937118437099997, "DAY_TOT": 44.024297924300001, "LAT": 35.0859598742, "LONG": -106.652554115 }, "geometry": { "type": "Point", "coordinates": [ -106.652554114746366, 35.085959874209117 ] } },
{ "type": "Feature", "properties": { "ROUTE": 8.0, "DAY": "WKDY", "DIR": "Inbound", "STOP": 6.0, "STOPNAME": "5TH @ MARQUETTE", "DAY_ON": 7.28058608059, "DAY_OFF": 0.88461538462, "DAY_TOT": 8.1652014651999991, "LAT": 35.088124646399997, "LONG": -106.652123847 }, "geometry": { "type": "Point", "coordinates": [ -106.652123846847587, 35.088124646409149 ] } },
{ "type": "Feature", "properties": { "ROUTE": 8.0, "DAY": "WKDY", "DIR": "Inbound", "STOP": 7.0, "STOPNAME": "5TH @ FRUIT", "DAY_ON": 5.7290598290599997, "DAY_OFF": 2.2606837606800001, "DAY_TOT": 7.9897435897399998, "LAT": 35.090516511499999, "LONG": -106.65167999800001 }, "geometry": { "type": "Point", "coordinates": [ -106.651679998418231, 35.090516511488509 ] } },
{ "type": "Feature", "properties": { "ROUTE": 8.0, "DAY": "WKDY", "DIR": "Inbound", "STOP": 8.0, "STOPNAME": "5TH @ SLATE", "DAY_ON": 3.1432844932799999, "DAY_OFF": 1.1995726495700001, "DAY_TOT": 4.3428571428599998, "LAT": 35.0924218838, "LONG": -106.651306539 }, "geometry": { "type": "Point", "coordinates": [ -106.651306538600295, 35.092421883782883 ] } },
{ "type": "Feature", "properties": { "ROUTE": 8.0, "DAY": "WKDY", "DIR": "Inbound", "STOP": 9.0, "STOPNAME": "5TH @ MARBLE", "DAY_ON": 1.64615384615, "DAY_OFF": 1.33846153846, "DAY_TOT": 2.9846153846200001, "LAT": 35.093677890899997, "LONG": -106.651059819 }, "geometry": { "type": "Point", "coordinates": [ -106.651059818792319, 35.093677890886894 ] } },
{ "type": "Feature", "properties": { "ROUTE": 8.0, "DAY": "WKDY", "DIR": "Inbound", "STOP": 10.0, "STOPNAME": "5TH @ MOUNTAIN", "DAY_ON": 21.4643467643, "DAY_OFF": 24.320512820499999, "DAY_TOT": 45.784859584899998, "LAT": 35.095830999100002, "LONG": -106.650635636 }, "geometry": { "type": "Point", "coordinates": [ -106.65063563611389, 35.095830999139757 ] } },
{ "type": "Feature", "properties": { "ROUTE": 8.0, "DAY": "WKDY", "DIR": "Inbound", "STOP": 11.0, "STOPNAME": "5TH @ CONSTITUTION", "DAY_ON": 5.7260683760699997, "DAY_OFF": 3.3128205128200001, "DAY_TOT": 9.0388888888899999, "LAT": 35.099038404200002, "LONG": -106.650031047 }, "geometry": { "type": "Point", "coordinates": [ -106.650031046564536, 35.099038404151401 ] } },
{ "type": "Feature", "properties": { "ROUTE": 8.0, "DAY": "WKDY", "DIR": "Inbound", "STOP": 12.0, "STOPNAME": "5TH @ ASPEN", "DAY_ON": 1.7628205128200001, "DAY_OFF": 1.5717948717900001, "DAY_TOT": 3.3346153846200002, "LAT": 35.101414165999998, "LONG": -106.649572136 }, "geometry": { "type": "Point", "coordinates": [ -106.649572135614378, 35.101414166028412 ] } },
{ "type": "Feature", "properties": { "ROUTE": 8.0, "DAY": "WKDY", "DIR": "Inbound", "STOP": 13.0, "STOPNAME": "5TH @ HAINES", "DAY_ON": 10.1688034188, "DAY_OFF": 24.425030525, "DAY_TOT": 34.5938339438, "LAT": 35.102890054200003, "LONG": -106.649310747 }, "geometry": { "type": "Point", "coordinates": [ -106.649310747197262, 35.102890054168057 ] } },
{ "type": "Feature", "properties": { "ROUTE": 8.0, "DAY": "WKDY", "DIR": "Inbound", "STOP": 15.0, "STOPNAME": "12TH @ INDIAN SCHOOL", "DAY_ON": 27.507326007300001, "DAY_OFF": 41.987423687400003, "DAY_TOT": 69.494749694700005, "LAT": 35.1080134093, "LONG": -106.65855353400001 }, "geometry": { "type": "Point", "coordinates": [ -106.658553533966042, 35.108013409257396 ] } },
{ "type": "Feature", "properties": { "ROUTE": 8.0, "DAY": "WKDY", "DIR": "Inbound", "STOP": 16.0, "STOPNAME": "12TH @ INDIAN SCHOOL", "DAY_ON": 4.9106837606799996, "DAY_OFF": 7.51923076923, "DAY_TOT": 12.4299145299, "LAT": 35.110713016200002, "LONG": -106.658160318 }, "geometry": { "type": "Point", "coordinates": [ -106.658160317793318, 35.11071301615052 ] } },
{ "type": "Feature", "properties": { "ROUTE": 8.0, "DAY": "WKDY", "DIR": "Inbound", "STOP": 17.0, "STOPNAME": "MENAUL @ 12TH", "DAY_ON": 7.0196581196599999, "DAY_OFF": 1.9440170940199999, "DAY_TOT": 8.9636752136800002, "LAT": 35.111893015600003, "LONG": -106.65711676 }, "geometry": { "type": "Point", "coordinates": [ -106.657116759878988, 35.111893015623266 ] } },
{ "type": "Feature", "properties": { "ROUTE": 8.0, "DAY": "WKDY", "DIR": "Inbound", "STOP": 18.0, "STOPNAME": "MENAUL @ 9TH ST.", "DAY_ON": 0.57692307692, "DAY_OFF": 0.3141025641, "DAY_TOT": 0.89102564103000004, "LAT": 35.111691507000003, "LONG": -106.652940461 }, "geometry": { "type": "Point", "coordinates": [ -106.652940460789239, 35.111691506965265 ] } },
{ "type": "Feature", "properties": { "ROUTE": 8.0, "DAY": "WKDY", "DIR": "Inbound", "STOP": 19.0, "STOPNAME": "MENAUL @ 6TH ST.", "DAY_ON": 0.45299145299, "DAY_OFF": 2.03418803419, "DAY_TOT": 2.4871794871800001, "LAT": 35.111349423100002, "LONG": -106.65011433799999 }, "geometry": { "type": "Point", "coordinates": [ -106.650114337856579, 35.111349423132431 ] } },
{ "type": "Feature", "properties": { "ROUTE": 8.0, "DAY": "WKDY", "DIR": "Inbound", "STOP": 20.0, "STOPNAME": "MENAUL @ 4TH", "DAY_ON": 11.867094017099999, "DAY_OFF": 9.8146520146499991, "DAY_TOT": 21.681746031700001, "LAT": 35.110896938300002, "LONG": -106.646952533 }, "geometry": { "type": "Point", "coordinates": [ -106.646952533189037, 35.110896938339444 ] } },
{ "type": "Feature", "properties": { "ROUTE": 8.0, "DAY": "WKDY", "DIR": "Inbound", "STOP": 21.0, "STOPNAME": "MENAUL @ 4TH", "DAY_ON": 48.279487179500002, "DAY_OFF": 16.4822954823, "DAY_TOT": 64.761782661799998, "LAT": 35.110700763200001, "LONG": -106.645929802 }, "geometry": { "type": "Point", "coordinates": [ -106.645929802197813, 35.110700763236764 ] } },
{ "type": "Feature", "properties": { "ROUTE": 8.0, "DAY": "WKDY", "DIR": "Inbound", "STOP": 22.0, "STOPNAME": "MENAUL @ 2ND", "DAY_ON": 47.218559218599999, "DAY_OFF": 39.5474358974, "DAY_TOT": 86.765995116, "LAT": 35.1102046922, "LONG": -106.642516954 }, "geometry": { "type": "Point", "coordinates": [ -106.642516953629695, 35.110204692196696 ] } },
{ "type": "Feature", "properties": { "ROUTE": 8.0, "DAY": "WKDY", "DIR": "Inbound", "STOP": 23.0, "STOPNAME": "MENAUL @ BROADWAY", "DAY_ON": 12.8955433455, "DAY_OFF": 5.4564102564099999, "DAY_TOT": 18.351953601999998, "LAT": 35.109977048200001, "LONG": -106.640287978 }, "geometry": { "type": "Point", "coordinates": [ -106.640287978382716, 35.109977048201785 ] } },
{ "type": "Feature", "properties": { "ROUTE": 8.0, "DAY": "WKDY", "DIR": "Inbound", "STOP": 24.0, "STOPNAME": "MENAUL @ BROADWAY", "DAY_ON": 3.4311965812, "DAY_OFF": 1.1162393162399999, "DAY_TOT": 4.5474358974399998, "LAT": 35.109857017899998, "LONG": -106.63866595099999 }, "geometry": { "type": "Point", "coordinates": [ -106.638665950854687, 35.109857017871008 ] } },
{ "type": "Feature", "properties": { "ROUTE": 8.0, "DAY": "WKDY", "DIR": "Inbound", "STOP": 25.0, "STOPNAME": "MENAUL @ EDITH", "DAY_ON": 3.61666666667, "DAY_OFF": 4.0393162393199997, "DAY_TOT": 7.6559829059800002, "LAT": 35.109571480600003, "LONG": -106.63573644500001 }, "geometry": { "type": "Point", "coordinates": [ -106.635736444666449, 35.109571480574985 ] } },
{ "type": "Feature", "properties": { "ROUTE": 8.0, "DAY": "WKDY", "DIR": "Inbound", "STOP": 26.0, "STOPNAME": "MENAUL @ BROADBENT", "DAY_ON": 13.7679487179, "DAY_OFF": 15.5354700855, "DAY_TOT": 29.3034188034, "LAT": 35.109322641699997, "LONG": -106.63309032 }, "geometry": { "type": "Point", "coordinates": [ -106.63309032015205, 35.109322641719395 ] } },
{ "type": "Feature", "properties": { "ROUTE": 8.0, "DAY": "WKDY", "DIR": "Inbound", "STOP": 27.0, "STOPNAME": "MENAUL @ LOMBARDY DR.", "DAY_ON": 2.4052503052500001, "DAY_OFF": 3.0867521367499999, "DAY_TOT": 5.492002442, "LAT": 35.109142194699999, "LONG": -106.63103789500001 }, "geometry": { "type": "Point", "coordinates": [ -106.631037895188129, 35.109142194721947 ] } },
{ "type": "Feature", "properties": { "ROUTE": 8.0, "DAY": "WKDY", "DIR": "Inbound", "STOP": 28.0, "STOPNAME": "MENAUL @ UNIVERSITY", "DAY_ON": 7.3740537240500004, "DAY_OFF": 17.629731379700001, "DAY_TOT": 25.003785103799999, "LAT": 35.109033090300002, "LONG": -106.624500313 }, "geometry": { "type": "Point", "coordinates": [ -106.624500313131293, 35.109033090326349 ] } },
{ "type": "Feature", "properties": { "ROUTE": 8.0, "DAY": "WKDY", "DIR": "Inbound", "STOP": 29.0, "STOPNAME": "MENAUL @ UNIVERSITY", "DAY_ON": 36.035714285700003, "DAY_OFF": 14.7603174603, "DAY_TOT": 50.796031745999997, "LAT": 35.109041713099998, "LONG": -106.623303445 }, "geometry": { "type": "Point", "coordinates": [ -106.62330344477742, 35.10904171314796 ] } },
{ "type": "Feature", "properties": { "ROUTE": 8.0, "DAY": "WKDY", "DIR": "Inbound", "STOP": 30.0, "STOPNAME": "MENAUL @ PRINCETON", "DAY_ON": 23.661599511599999, "DAY_OFF": 15.6412698413, "DAY_TOT": 39.302869352899997, "LAT": 35.109061929, "LONG": -106.62002652300001 }, "geometry": { "type": "Point", "coordinates": [ -106.620026522893781, 35.109061929043172 ] } },
{ "type": "Feature", "properties": { "ROUTE": 8.0, "DAY": "WKDY", "DIR": "Inbound", "STOP": 31.0, "STOPNAME": "MENAUL @ ENGLE", "DAY_ON": 21.485653235699999, "DAY_OFF": 3.71025641026, "DAY_TOT": 25.195909645899999, "LAT": 35.1090720766, "LONG": -106.617838975 }, "geometry": { "type": "Point", "coordinates": [ -106.61783897463647, 35.109072076617828 ] } },
{ "type": "Feature", "properties": { "ROUTE": 8.0, "DAY": "WKDY", "DIR": "Inbound", "STOP": 32.0, "STOPNAME": "MENAUL @ VASSAR", "DAY_ON": 2.9384615384599999, "DAY_OFF": 2.2242979243000001, "DAY_TOT": 5.1627594627600004, "LAT": 35.1090816866, "LONG": -106.615524834 }, "geometry": { "type": "Point", "coordinates": [ -106.615524834054838, 35.109081686563414 ] } },
{ "type": "Feature", "properties": { "ROUTE": 8.0, "DAY": "WKDY", "DIR": "Inbound", "STOP": 33.0, "STOPNAME": "MENAUL @ BRYN MAWR", "DAY_ON": 2.7689255189300002, "DAY_OFF": 27.1823565324, "DAY_TOT": 29.951282051300002, "LAT": 35.109089500300001, "LONG": -106.608661169 }, "geometry": { "type": "Point", "coordinates": [ -106.608661168831134, 35.109089500305252 ] } },
{ "type": "Feature", "properties": { "ROUTE": 8.0, "DAY": "WKDY", "DIR": "Inbound", "STOP": 34.0, "STOPNAME": "MENAUL @ WELLESLEY", "DAY_ON": 20.918376068400001, "DAY_OFF": 25.5817460317, "DAY_TOT": 46.5001221001, "LAT": 35.109085512500002, "LONG": -106.606832715 }, "geometry": { "type": "Point", "coordinates": [ -106.606832715229217, 35.109085512459764 ] } },
{ "type": "Feature", "properties": { "ROUTE": 8.0, "DAY": "WKDY", "DIR": "Inbound", "STOP": 35.0, "STOPNAME": "MENAUL @ CARLISLE", "DAY_ON": 48.742735042699998, "DAY_OFF": 51.006593406599997, "DAY_TOT": 99.749328449299995, "LAT": 35.109117726800001, "LONG": -106.603510845 }, "geometry": { "type": "Point", "coordinates": [ -106.603510845460093, 35.109117726828721 ] } },
{ "type": "Feature", "properties": { "ROUTE": 8.0, "DAY": "WKDY", "DIR": "Inbound", "STOP": 36.0, "STOPNAME": "MENAUL @ MORNINGSIDE", "DAY_ON": 15.7712454212, "DAY_OFF": 7.2065934065899997, "DAY_TOT": 22.977838827799999, "LAT": 35.109101657499998, "LONG": -106.600254612 }, "geometry": { "type": "Point", "coordinates": [ -106.600254611860393, 35.109101657509157 ] } },
{ "type": "Feature", "properties": { "ROUTE": 8.0, "DAY": "WKDY", "DIR": "Inbound", "STOP": 37.0, "STOPNAME": "MENAUL @ GRACELAND", "DAY_ON": 4.0667887667900002, "DAY_OFF": 5.6435286935300004, "DAY_TOT": 9.7103174603200006, "LAT": 35.1090831729, "LONG": -106.596468651 }, "geometry": { "type": "Point", "coordinates": [ -106.596468650987902, 35.109083172910417 ] } },
{ "type": "Feature", "properties": { "ROUTE": 8.0, "DAY": "WKDY", "DIR": "Inbound", "STOP": 38.0, "STOPNAME": "MENAUL @ JEFFERSON", "DAY_ON": 3.93431013431, "DAY_OFF": 7.2972527472499999, "DAY_TOT": 11.2315628816, "LAT": 35.109066209799998, "LONG": -106.59290375 }, "geometry": { "type": "Point", "coordinates": [ -106.592903750222021, 35.109066209845722 ] } },
{ "type": "Feature", "properties": { "ROUTE": 8.0, "DAY": "WKDY", "DIR": "Inbound", "STOP": 39.0, "STOPNAME": "MENAUL @ MONROE", "DAY_ON": 4.3874236874200001, "DAY_OFF": 4.5421245421199998, "DAY_TOT": 8.9295482295500008, "LAT": 35.1090547218, "LONG": -106.59042003499999 }, "geometry": { "type": "Point", "coordinates": [ -106.590420034743047, 35.109054721833729 ] } },
{ "type": "Feature", "properties": { "ROUTE": 8.0, "DAY": "WKDY", "DIR": "Inbound", "STOP": 40.0, "STOPNAME": "MENAUL @ QUINCY", "DAY_ON": 1.6, "DAY_OFF": 7.7083638583600003, "DAY_TOT": 9.3083638583599999, "LAT": 35.109039778899998, "LONG": -106.588352642 }, "geometry": { "type": "Point", "coordinates": [ -106.588352641774904, 35.109039778860044 ] } },
{ "type": "Feature", "properties": { "ROUTE": 8.0, "DAY": "WKDY", "DIR": "Inbound", "STOP": 41.0, "STOPNAME": "MENAUL @ SAN MATEO", "DAY_ON": 20.127045177, "DAY_OFF": 58.224053724100003, "DAY_TOT": 78.351098901100002, "LAT": 35.109015467900001, "LONG": -106.586740455 }, "geometry": { "type": "Point", "coordinates": [ -106.586740454933945, 35.109015467948716 ] } },
{ "type": "Feature", "properties": { "ROUTE": 8.0, "DAY": "WKDY", "DIR": "Inbound", "STOP": 42.0, "STOPNAME": "MENAUL @ SAN MATEO", "DAY_ON": 23.661538461500001, "DAY_OFF": 18.562759462799999, "DAY_TOT": 42.224297924299997, "LAT": 35.1090112953, "LONG": -106.585940071 }, "geometry": { "type": "Point", "coordinates": [ -106.585940071428567, 35.109011295315796 ] } },
{ "type": "Feature", "properties": { "ROUTE": 8.0, "DAY": "WKDY", "DIR": "Inbound", "STOP": 43.0, "STOPNAME": "MENAUL @ PALOMAS", "DAY_ON": 5.6247863247899996, "DAY_OFF": 2.85879120879, "DAY_TOT": 8.4835775335800001, "LAT": 35.108999656999998, "LONG": -106.583311739 }, "geometry": { "type": "Point", "coordinates": [ -106.583311739121982, 35.108999656954154 ] } },
{ "type": "Feature", "properties": { "ROUTE": 8.0, "DAY": "WKDY", "DIR": "Inbound", "STOP": 44.0, "STOPNAME": "MENAUL @ VALENCIA", "DAY_ON": 1.31807081807, "DAY_OFF": 1.6341880341899999, "DAY_TOT": 2.95225885226, "LAT": 35.108980417399998, "LONG": -106.581324661 }, "geometry": { "type": "Point", "coordinates": [ -106.581324661005652, 35.108980417443668 ] } },
{ "type": "Feature", "properties": { "ROUTE": 8.0, "DAY": "WKDY", "DIR": "Inbound", "STOP": 45.0, "STOPNAME": "MENAUL @ CAGUA", "DAY_ON": 5.7015262515299998, "DAY_OFF": 18.5419413919, "DAY_TOT": 24.243467643500001, "LAT": 35.109002690799997, "LONG": -106.578199738 }, "geometry": { "type": "Point", "coordinates": [ -106.57819973809525, 35.109002690809191 ] } },
{ "type": "Feature", "properties": { "ROUTE": 8.0, "DAY": "WKDY", "DIR": "Inbound", "STOP": 46.0, "STOPNAME": "MENAUL @ SAN PEDRO", "DAY_ON": 7.0593406593400001, "DAY_OFF": 9.8658119658099999, "DAY_TOT": 16.925152625199999, "LAT": 35.108998475500002, "LONG": -106.577043359 }, "geometry": { "type": "Point", "coordinates": [ -106.577043358502621, 35.108998475468972 ] } },
{ "type": "Feature", "properties": { "ROUTE": 8.0, "DAY": "WKDY", "DIR": "Inbound", "STOP": 47.0, "STOPNAME": "MENAUL @ CORONADO LOOP", "DAY_ON": 4.4264957264999998, "DAY_OFF": 7.6572649572599998, "DAY_TOT": 12.0837606838, "LAT": 35.109010378199997, "LONG": -106.574127762 }, "geometry": { "type": "Point", "coordinates": [ -106.574127761599541, 35.109010378177373 ] } },
{ "type": "Feature", "properties": { "ROUTE": 8.0, "DAY": "WKDY", "DIR": "Inbound", "STOP": 48.0, "STOPNAME": "MENAUL @ CORONADO MALL", "DAY_ON": 2.17875457875, "DAY_OFF": 4.5482905982900004, "DAY_TOT": 6.7270451770499999, "LAT": 35.108992997999998, "LONG": -106.571605584 }, "geometry": { "type": "Point", "coordinates": [ -106.571605583694094, 35.108992998029748 ] } },
{ "type": "Feature", "properties": { "ROUTE": 8.0, "DAY": "WKDY", "DIR": "Inbound", "STOP": 49.0, "STOPNAME": "LOUISIANA @ CORONADO CENTER", "DAY_ON": 4.21709401709, "DAY_OFF": 18.635653235700001, "DAY_TOT": 22.852747252699999, "LAT": 35.106887352100003, "LONG": -106.568997633 }, "geometry": { "type": "Point", "coordinates": [ -106.568997633116894, 35.106887352147851 ] } },
{ "type": "Feature", "properties": { "ROUTE": 8.0, "DAY": "WKDY", "DIR": "Inbound", "STOP": 50.0, "STOPNAME": "U.T.C. BAY A", "DAY_ON": 63.384615384600004, "DAY_OFF": 73.023382173399995, "DAY_TOT": 136.40799755800001, "LAT": 35.102915824, "LONG": -106.571020132 }, "geometry": { "type": "Point", "coordinates": [ -106.571020131784877, 35.102915823981569 ] } },
{ "type": "Feature", "properties": { "ROUTE": 8.0, "DAY": "WKDY", "DIR": "Inbound", "STOP": 51.0, "STOPNAME": "LOUISIANA @ PROSPECT", "DAY_ON": 6.4902930402900001, "DAY_OFF": 1.3082417582400001, "DAY_TOT": 7.7985347985300004, "LAT": 35.107100427900001, "LONG": -106.568672806 }, "geometry": { "type": "Point", "coordinates": [ -106.568672806138295, 35.107100427877683 ] } },
{ "type": "Feature", "properties": { "ROUTE": 8.0, "DAY": "WKDY", "DIR": "Inbound", "STOP": 52.0, "STOPNAME": "MENAUL @ LOUISIANA", "DAY_ON": 15.0203907204, "DAY_OFF": 5.2359584859600004, "DAY_TOT": 20.256349206300001, "LAT": 35.1089034138, "LONG": -106.568100382 }, "geometry": { "type": "Point", "coordinates": [ -106.568100382339878, 35.108903413780659 ] } },
{ "type": "Feature", "properties": { "ROUTE": 8.0, "DAY": "WKDY", "DIR": "Inbound", "STOP": 53.0, "STOPNAME": "MENAUL @ MESILLA", "DAY_ON": 3.3551282051300002, "DAY_OFF": 2.57136752137, "DAY_TOT": 5.9264957264999998, "LAT": 35.1090493548, "LONG": -106.564914499 }, "geometry": { "type": "Point", "coordinates": [ -106.56491449875125, 35.109049354811852 ] } },
{ "type": "Feature", "properties": { "ROUTE": 8.0, "DAY": "WKDY", "DIR": "Inbound", "STOP": 54.0, "STOPNAME": "MENAUL @ CHARLESTON", "DAY_ON": 1.2620879120899999, "DAY_OFF": 4.3757631257599998, "DAY_TOT": 5.63785103785, "LAT": 35.109066888000001, "LONG": -106.561753064 }, "geometry": { "type": "Point", "coordinates": [ -106.561753064380042, 35.109066888000882 ] } },
{ "type": "Feature", "properties": { "ROUTE": 8.0, "DAY": "WKDY", "DIR": "Inbound", "STOP": 55.0, "STOPNAME": "MENAUL @ PENNSYLVANIA", "DAY_ON": 4.2429792429799997, "DAY_OFF": 8.7246031746000003, "DAY_TOT": 12.967582417599999, "LAT": 35.109078952700003, "LONG": -106.559457952 }, "geometry": { "type": "Point", "coordinates": [ -106.559457952214458, 35.109078952658443 ] } },
{ "type": "Feature", "properties": { "ROUTE": 8.0, "DAY": "WKDY", "DIR": "Inbound", "STOP": 56.0, "STOPNAME": "MENAUL @ RHODE ISLAND", "DAY_ON": 1.0, "DAY_OFF": 0.96324786325, "DAY_TOT": 1.9632478632499999, "LAT": 35.109091244299997, "LONG": -106.55727200600001 }, "geometry": { "type": "Point", "coordinates": [ -106.557272006077241, 35.109091244311244 ] } },
{ "type": "Feature", "properties": { "ROUTE": 8.0, "DAY": "WKDY", "DIR": "Inbound", "STOP": 57.0, "STOPNAME": "MENAUL @ HOFFMAN", "DAY_ON": 1.13131868132, "DAY_OFF": 4.3801587301599998, "DAY_TOT": 5.5114774114799996, "LAT": 35.109103496800003, "LONG": -106.554738919 }, "geometry": { "type": "Point", "coordinates": [ -106.554738918858902, 35.109103496780996 ] } },
{ "type": "Feature", "properties": { "ROUTE": 8.0, "DAY": "WKDY", "DIR": "Inbound", "STOP": 58.0, "STOPNAME": "MENAUL @ WYOMING", "DAY_ON": 6.6839438339399999, "DAY_OFF": 28.091514041500002, "DAY_TOT": 34.775457875500003, "LAT": 35.109114446100001, "LONG": -106.551240897 }, "geometry": { "type": "Point", "coordinates": [ -106.551240896658896, 35.109114446109452 ] } },
{ "type": "Feature", "properties": { "ROUTE": 8.0, "DAY": "WKDY", "DIR": "Inbound", "STOP": 59.0, "STOPNAME": "MENAUL @ WYOMING", "DAY_ON": 15.0353479853, "DAY_OFF": 24.326495726499999, "DAY_TOT": 39.361843711799999, "LAT": 35.109094663800001, "LONG": -106.549302936 }, "geometry": { "type": "Point", "coordinates": [ -106.549302935786457, 35.10909466375292 ] } },
{ "type": "Feature", "properties": { "ROUTE": 8.0, "DAY": "WKDY", "DIR": "Inbound", "STOP": 60.0, "STOPNAME": "MENAUL @ LESTER", "DAY_ON": 4.6285714285699999, "DAY_OFF": 4.72753357753, "DAY_TOT": 9.3561050061100008, "LAT": 35.109070909499998, "LONG": -106.54755664699999 }, "geometry": { "type": "Point", "coordinates": [ -106.547556647491419, 35.109070909507167 ] } },
{ "type": "Feature", "properties": { "ROUTE": 8.0, "DAY": "WKDY", "DIR": "Inbound", "STOP": 61.0, "STOPNAME": "MENAUL @ AMBASSADOR", "DAY_ON": 2.0995726495699998, "DAY_OFF": 3.4324786324800001, "DAY_TOT": 5.5320512820500003, "LAT": 35.109018385399999, "LONG": -106.544092983 }, "geometry": { "type": "Point", "coordinates": [ -106.544092982794979, 35.109018385420136 ] } },
{ "type": "Feature", "properties": { "ROUTE": 8.0, "DAY": "WKDY", "DIR": "Inbound", "STOP": 62.0, "STOPNAME": "MENAUL @ MOON", "DAY_ON": 2.04285714286, "DAY_OFF": 9.0203907203899991, "DAY_TOT": 11.063247863200001, "LAT": 35.1089816625, "LONG": -106.541662968 }, "geometry": { "type": "Point", "coordinates": [ -106.541662967893231, 35.108981662531917 ] } },
{ "type": "Feature", "properties": { "ROUTE": 8.0, "DAY": "WKDY", "DIR": "Inbound", "STOP": 63.0, "STOPNAME": "MENAUL @ GLORIETA", "DAY_ON": 1.58131868132, "DAY_OFF": 3.3321733821700001, "DAY_TOT": 4.9134920634899997, "LAT": 35.108930766900002, "LONG": -106.538223534 }, "geometry": { "type": "Point", "coordinates": [ -106.538223533744016, 35.108930766927507 ] } },
{ "type": "Feature", "properties": { "ROUTE": 8.0, "DAY": "WKDY", "DIR": "Inbound", "STOP": 64.0, "STOPNAME": "MENAUL @ EUBANK", "DAY_ON": 1.3843101343099999, "DAY_OFF": 29.168070818099999, "DAY_TOT": 30.5523809524, "LAT": 35.108855907900001, "LONG": -106.53340681900001 }, "geometry": { "type": "Point", "coordinates": [ -106.533406818542531, 35.108855907897649 ] } },
{ "type": "Feature", "properties": { "ROUTE": 8.0, "DAY": "WKDY", "DIR": "Inbound", "STOP": 65.0, "STOPNAME": "MENAUL @ EUBANK", "DAY_ON": 8.0346764346799997, "DAY_OFF": 13.799816849799999, "DAY_TOT": 21.834493284499999, "LAT": 35.108846003499998, "LONG": -106.531770486 }, "geometry": { "type": "Point", "coordinates": [ -106.531770485847517, 35.10884600349651 ] } },
{ "type": "Feature", "properties": { "ROUTE": 8.0, "DAY": "WKDY", "DIR": "Inbound", "STOP": 66.0, "STOPNAME": "MENAUL @ ELIZABETH", "DAY_ON": 2.63333333333, "DAY_OFF": 5.2901709401700003, "DAY_TOT": 7.9235042735, "LAT": 35.108831600400002, "LONG": -106.528931364 }, "geometry": { "type": "Point", "coordinates": [ -106.528931364413381, 35.108831600399604 ] } },
{ "type": "Feature", "properties": { "ROUTE": 8.0, "DAY": "WKDY", "DIR": "Inbound", "STOP": 67.0, "STOPNAME": "MENAUL @ MORRIS", "DAY_ON": 2.9049450549500002, "DAY_OFF": 14.352991453, "DAY_TOT": 17.257936507899998, "LAT": 35.108808586099997, "LONG": -106.524061639 }, "geometry": { "type": "Point", "coordinates": [ -106.52406163877788, 35.108808586108353 ] } },
{ "type": "Feature", "properties": { "ROUTE": 8.0, "DAY": "WKDY", "DIR": "Inbound", "STOP": 68.0, "STOPNAME": "MENAUL @ PROSPECT", "DAY_ON": 4.0505494505500002, "DAY_OFF": 19.356349206299999, "DAY_TOT": 23.406898656900001, "LAT": 35.108778975699998, "LONG": -106.518755348 }, "geometry": { "type": "Point", "coordinates": [ -106.518755348262872, 35.10877897569096 ] } },
{ "type": "Feature", "properties": { "ROUTE": 8.0, "DAY": "WKDY", "DIR": "Inbound", "STOP": 69.0, "STOPNAME": "MENAUL @ JUAN TABO", "DAY_ON": 1.3082417582400001, "DAY_OFF": 32.151831501799997, "DAY_TOT": 33.460073260100003, "LAT": 35.108762031300003, "LONG": -106.515859531 }, "geometry": { "type": "Point", "coordinates": [ -106.515859531052286, 35.108762031302028 ] } },
{ "type": "Feature", "properties": { "ROUTE": 8.0, "DAY": "WKDY", "DIR": "Inbound", "STOP": 70.0, "STOPNAME": "MENAUL @ JUAN TABO", "DAY_ON": 6.9744200244199996, "DAY_OFF": 15.530586080599999, "DAY_TOT": 22.505006105, "LAT": 35.108743816400001, "LONG": -106.51508374 }, "geometry": { "type": "Point", "coordinates": [ -106.515083740121, 35.108743816405813 ] } },
{ "type": "Feature", "properties": { "ROUTE": 8.0, "DAY": "WKDY", "DIR": "Inbound", "STOP": 71.0, "STOPNAME": "MENAUL @ ALGODONES", "DAY_ON": 0.71538461538999998, "DAY_OFF": 5.0282051282099998, "DAY_TOT": 5.7435897435900003, "LAT": 35.108640879500001, "LONG": -106.511688384 }, "geometry": { "type": "Point", "coordinates": [ -106.511688383727375, 35.108640879537141 ] } },
{ "type": "Feature", "properties": { "ROUTE": 8.0, "DAY": "WKDY", "DIR": "Inbound", "STOP": 72.0, "STOPNAME": "MENAUL @ DEANNA", "DAY_ON": 0.0, "DAY_OFF": 1.1428571428600001, "DAY_TOT": 1.1428571428600001, "LAT": 35.1086568415, "LONG": -106.50960497200001 }, "geometry": { "type": "Point", "coordinates": [ -106.509604972305453, 35.10865684149185 ] } },
{ "type": "Feature", "properties": { "ROUTE": 8.0, "DAY": "WKDY", "DIR": "Inbound", "STOP": 73.0, "STOPNAME": "MENAUL @ CHELWOOD PARK", "DAY_ON": 1.90268620269, "DAY_OFF": 14.1152014652, "DAY_TOT": 16.017887667899998, "LAT": 35.108766441900002, "LONG": -106.506111252 }, "geometry": { "type": "Point", "coordinates": [ -106.506111252136776, 35.1087664418637 ] } },
{ "type": "Feature", "properties": { "ROUTE": 8.0, "DAY": "WKDY", "DIR": "Inbound", "STOP": 74.0, "STOPNAME": "MENAUL @ LANDMAN", "DAY_ON": 0.57374847375000004, "DAY_OFF": 4.4020757020800003, "DAY_TOT": 4.9758241758199997, "LAT": 35.1088362359, "LONG": -106.503080819 }, "geometry": { "type": "Point", "coordinates": [ -106.503080819347304, 35.108836235875231 ] } },
{ "type": "Feature", "properties": { "ROUTE": 8.0, "DAY": "WKDY", "DIR": "Inbound", "STOP": 75.0, "STOPNAME": "MENAUL @ MARIE PARK", "DAY_ON": 0.23076923077, "DAY_OFF": 9.1252747252699997, "DAY_TOT": 9.3560439560400006, "LAT": 35.109058522200002, "LONG": -106.499783341 }, "geometry": { "type": "Point", "coordinates": [ -106.499783340936844, 35.109058522200023 ] } },
{ "type": "Feature", "properties": { "ROUTE": 8.0, "DAY": "WKDY", "DIR": "Inbound", "STOP": 76.0, "STOPNAME": "SPANISH BIT @ MONTGOMERY", "DAY_ON": 0.0, "DAY_OFF": 55.668620268600002, "DAY_TOT": 55.668620268600002, "LAT": 35.129911096699999, "LONG": -106.49689452 }, "geometry": { "type": "Point", "coordinates": [ -106.496894520424021, 35.129911096736592 ] } },
{ "type": "Feature", "properties": { "ROUTE": 10.0, "DAY": "WKDY", "DIR": "Outbound", "STOP": 1.0, "STOPNAME": "RAYMOND G. SANCHEZ C.C.", "DAY_ON": 22.037229437200001, "DAY_OFF": 0.0, "DAY_TOT": 22.037229437200001, "LAT": 35.193652293500001, "LONG": -106.616308902 }, "geometry": { "type": "Point", "coordinates": [ -106.616308902164491, 35.193652293452388 ] } },
{ "type": "Feature", "properties": { "ROUTE": 10.0, "DAY": "WKDY", "DIR": "Outbound", "STOP": 2.0, "STOPNAME": "4TH @ GOLDEN MEADOWS", "DAY_ON": 0.47272727272999998, "DAY_OFF": 0.0, "DAY_TOT": 0.47272727272999998, "LAT": 35.191413178700003, "LONG": -106.616714124 }, "geometry": { "type": "Point", "coordinates": [ -106.616714124350636, 35.191413178733768 ] } },
{ "type": "Feature", "properties": { "ROUTE": 10.0, "DAY": "WKDY", "DIR": "Outbound", "STOP": 3.0, "STOPNAME": "4TH @ ALAMEDA", "DAY_ON": 4.3997835497800004, "DAY_OFF": 0.1, "DAY_TOT": 4.4997835497800001, "LAT": 35.188759578800003, "LONG": -106.617622692 }, "geometry": { "type": "Point", "coordinates": [ -106.617622692478363, 35.188759578842003 ] } },
{ "type": "Feature", "properties": { "ROUTE": 10.0, "DAY": "WKDY", "DIR": "Outbound", "STOP": 4.0, "STOPNAME": "4TH @ EL DORADO", "DAY_ON": 1.13658008658, "DAY_OFF": 0.0, "DAY_TOT": 1.13658008658, "LAT": 35.186750669399999, "LONG": -106.61937003600001 }, "geometry": { "type": "Point", "coordinates": [ -106.619370035660182, 35.186750669372294 ] } },
{ "type": "Feature", "properties": { "ROUTE": 10.0, "DAY": "WKDY", "DIR": "Outbound", "STOP": 5.0, "STOPNAME": "4TH @ GARCIA", "DAY_ON": 0.86363636363999996, "DAY_OFF": 0.0, "DAY_TOT": 0.86363636363999996, "LAT": 35.184444311900002, "LONG": -106.62184349 }, "geometry": { "type": "Point", "coordinates": [ -106.621843490367951, 35.184444311904755 ] } },
{ "type": "Feature", "properties": { "ROUTE": 10.0, "DAY": "WKDY", "DIR": "Outbound", "STOP": 6.0, "STOPNAME": "4TH @ ORTEGA", "DAY_ON": 4.8166666666699998, "DAY_OFF": 0.0, "DAY_TOT": 4.8166666666699998, "LAT": 35.181473755799999, "LONG": -106.625059373 }, "geometry": { "type": "Point", "coordinates": [ -106.62505937256492, 35.181473755844152 ] } },
{ "type": "Feature", "properties": { "ROUTE": 10.0, "DAY": "WKDY", "DIR": "Outbound", "STOP": 7.0, "STOPNAME": "4TH @ EL PUEBLO", "DAY_ON": 5.5520562770600002, "DAY_OFF": 0.92272727273, "DAY_TOT": 6.4747835497799997, "LAT": 35.177220839699999, "LONG": -106.629652956 }, "geometry": { "type": "Point", "coordinates": [ -106.629652955790078, 35.1772208396645 ] } },
{ "type": "Feature", "properties": { "ROUTE": 10.0, "DAY": "WKDY", "DIR": "Outbound", "STOP": 8.0, "STOPNAME": "4TH @ RAMSEY LN.", "DAY_ON": 5.0870129870099996, "DAY_OFF": 0.0, "DAY_TOT": 5.0870129870099996, "LAT": 35.175225411200003, "LONG": -106.631803542 }, "geometry": { "type": "Point", "coordinates": [ -106.631803541991346, 35.175225411201303 ] } },
{ "type": "Feature", "properties": { "ROUTE": 10.0, "DAY": "WKDY", "DIR": "Outbound", "STOP": 9.0, "STOPNAME": "4TH @ RANCHITO", "DAY_ON": 3.62510822511, "DAY_OFF": 0.90800865800999997, "DAY_TOT": 4.5331168831199999, "LAT": 35.172257002400002, "LONG": -106.63463812099999 }, "geometry": { "type": "Point", "coordinates": [ -106.634638121158019, 35.172257002380967 ] } },
{ "type": "Feature", "properties": { "ROUTE": 10.0, "DAY": "WKDY", "DIR": "Outbound", "STOP": 10.0, "STOPNAME": "4TH @ LOS RANCHOS", "DAY_ON": 1.9545454545500001, "DAY_OFF": 0.62857142857000003, "DAY_TOT": 2.5831168831200002, "LAT": 35.168511827899998, "LONG": -106.635556482 }, "geometry": { "type": "Point", "coordinates": [ -106.635556482305191, 35.168511827922075 ] } },
{ "type": "Feature", "properties": { "ROUTE": 10.0, "DAY": "WKDY", "DIR": "Outbound", "STOP": 11.0, "STOPNAME": "4TH @ ROEHL", "DAY_ON": 1.2568181818199999, "DAY_OFF": 0.0, "DAY_TOT": 1.2568181818199999, "LAT": 35.166137695800003, "LONG": -106.636005274 }, "geometry": { "type": "Point", "coordinates": [ -106.636005273755401, 35.166137695833321 ] } },
{ "type": "Feature", "properties": { "ROUTE": 10.0, "DAY": "WKDY", "DIR": "Outbound", "STOP": 12.0, "STOPNAME": "4TH @ PUEBLO SOLANO", "DAY_ON": 5.2611471861499997, "DAY_OFF": 0.1, "DAY_TOT": 5.3611471861500002, "LAT": 35.162937579199998, "LONG": -106.636604977 }, "geometry": { "type": "Point", "coordinates": [ -106.636604976515173, 35.162937579220774 ] } },
{ "type": "Feature", "properties": { "ROUTE": 10.0, "DAY": "WKDY", "DIR": "Outbound", "STOP": 13.0, "STOPNAME": "4TH @ TYLER", "DAY_ON": 4.6733766233800003, "DAY_OFF": 0.2, "DAY_TOT": 4.8733766233800004, "LAT": 35.1601906438, "LONG": -106.63712874799999 }, "geometry": { "type": "Point", "coordinates": [ -106.637128748484841, 35.160190643831164 ] } },
{ "type": "Feature", "properties": { "ROUTE": 10.0, "DAY": "WKDY", "DIR": "Outbound", "STOP": 14.0, "STOPNAME": "4TH @ GREEN VALLEY", "DAY_ON": 1.46212121212, "DAY_OFF": 0.18181818182000001, "DAY_TOT": 1.64393939394, "LAT": 35.157507968300003, "LONG": -106.637636465 }, "geometry": { "type": "Point", "coordinates": [ -106.637636464718611, 35.157507968344149 ] } },
{ "type": "Feature", "properties": { "ROUTE": 10.0, "DAY": "WKDY", "DIR": "Outbound", "STOP": 15.0, "STOPNAME": "4TH @ SCHULTE", "DAY_ON": 2.0519480519500002, "DAY_OFF": 0.17424242424, "DAY_TOT": 2.2261904761900002, "LAT": 35.155715081499999, "LONG": -106.637991611 }, "geometry": { "type": "Point", "coordinates": [ -106.637991611255416, 35.155715081493511 ] } },
{ "type": "Feature", "properties": { "ROUTE": 10.0, "DAY": "WKDY", "DIR": "Outbound", "STOP": 16.0, "STOPNAME": "4TH @ OSUNA", "DAY_ON": 12.9615800866, "DAY_OFF": 1.8474025974, "DAY_TOT": 14.808982684, "LAT": 35.15387227, "LONG": -106.63836122399999 }, "geometry": { "type": "Point", "coordinates": [ -106.638361223917784, 35.153872270021644 ] } },
{ "type": "Feature", "properties": { "ROUTE": 10.0, "DAY": "WKDY", "DIR": "Outbound", "STOP": 17.0, "STOPNAME": "4TH @ MULLEN", "DAY_ON": 2.4924242424199998, "DAY_OFF": 1.3818181818199999, "DAY_TOT": 3.8742424242400002, "LAT": 35.150579548499998, "LONG": -106.639020038 }, "geometry": { "type": "Point", "coordinates": [ -106.639020038474015, 35.150579548484828 ] } },
{ "type": "Feature", "properties": { "ROUTE": 10.0, "DAY": "WKDY", "DIR": "Outbound", "STOP": 18.0, "STOPNAME": "4TH @ SOLAR", "DAY_ON": 9.4519480519499997, "DAY_OFF": 7.1755411255399997, "DAY_TOT": 16.627489177499999, "LAT": 35.1473657712, "LONG": -106.639631831 }, "geometry": { "type": "Point", "coordinates": [ -106.639631830952368, 35.147365771158007 ] } },
{ "type": "Feature", "properties": { "ROUTE": 10.0, "DAY": "WKDY", "DIR": "Outbound", "STOP": 19.0, "STOPNAME": "4TH @ GUADALUPE", "DAY_ON": 31.1452380952, "DAY_OFF": 3.1967532467500002, "DAY_TOT": 34.341991342, "LAT": 35.145170763300001, "LONG": -106.640073746 }, "geometry": { "type": "Point", "coordinates": [ -106.640073745887463, 35.145170763311683 ] } },
{ "type": "Feature", "properties": { "ROUTE": 10.0, "DAY": "WKDY", "DIR": "Outbound", "STOP": 20.0, "STOPNAME": "4TH @ GAVILAN", "DAY_ON": 0.27272727273000003, "DAY_OFF": 0.0, "DAY_TOT": 0.27272727273000003, "LAT": 35.143122639300003, "LONG": -106.64044278 }, "geometry": { "type": "Point", "coordinates": [ -106.640442780303061, 35.143122639339822 ] } },
{ "type": "Feature", "properties": { "ROUTE": 10.0, "DAY": "WKDY", "DIR": "Outbound", "STOP": 21.0, "STOPNAME": "4TH @ SANDIA", "DAY_ON": 1.9807359307400001, "DAY_OFF": 0.17424242424, "DAY_TOT": 2.1549783549799999, "LAT": 35.1413691351, "LONG": -106.64077509800001 }, "geometry": { "type": "Point", "coordinates": [ -106.640775097997832, 35.141369135064949 ] } },
{ "type": "Feature", "properties": { "ROUTE": 10.0, "DAY": "WKDY", "DIR": "Outbound", "STOP": 22.0, "STOPNAME": "4TH @ MONTANO", "DAY_ON": 28.163095238099999, "DAY_OFF": 12.2961038961, "DAY_TOT": 40.459199134199999, "LAT": 35.138976176500002, "LONG": -106.641237688 }, "geometry": { "type": "Point", "coordinates": [ -106.641237687878785, 35.138976176461028 ] } },
{ "type": "Feature", "properties": { "ROUTE": 10.0, "DAY": "WKDY", "DIR": "Outbound", "STOP": 23.0, "STOPNAME": "4TH @ BERRY", "DAY_ON": 9.4800865800899992, "DAY_OFF": 1.2330086580099999, "DAY_TOT": 10.713095238099999, "LAT": 35.136785064800002, "LONG": -106.641658615 }, "geometry": { "type": "Point", "coordinates": [ -106.641658615205614, 35.136785064772731 ] } },
{ "type": "Feature", "properties": { "ROUTE": 10.0, "DAY": "WKDY", "DIR": "Outbound", "STOP": 24.0, "STOPNAME": "4TH @ DELAMAR", "DAY_ON": 5.4742424242399998, "DAY_OFF": 0.81948051948, "DAY_TOT": 6.2937229437199997, "LAT": 35.1346350078, "LONG": -106.64207317100001 }, "geometry": { "type": "Point", "coordinates": [ -106.642073170725126, 35.13463500779222 ] } },
{ "type": "Feature", "properties": { "ROUTE": 10.0, "DAY": "WKDY", "DIR": "Outbound", "STOP": 25.0, "STOPNAME": "4TH @ GRIEGOS", "DAY_ON": 25.828138528099998, "DAY_OFF": 6.7950216450200003, "DAY_TOT": 32.623160173199999, "LAT": 35.131206457399998, "LONG": -106.642770863 }, "geometry": { "type": "Point", "coordinates": [ -106.642770863224115, 35.13120645743146 ] } },
{ "type": "Feature", "properties": { "ROUTE": 10.0, "DAY": "WKDY", "DIR": "Outbound", "STOP": 26.0, "STOPNAME": "4TH @ BELLROSE", "DAY_ON": 10.306493506500001, "DAY_OFF": 2.9225108225100001, "DAY_TOT": 13.229004329, "LAT": 35.1288351289, "LONG": -106.64317649900001 }, "geometry": { "type": "Point", "coordinates": [ -106.643176498711583, 35.128835128942477 ] } },
{ "type": "Feature", "properties": { "ROUTE": 10.0, "DAY": "WKDY", "DIR": "Outbound", "STOP": 27.0, "STOPNAME": "4TH @ CHEROKEE", "DAY_ON": 5.7237012987, "DAY_OFF": 4.2285714285699996, "DAY_TOT": 9.9522727272699996, "LAT": 35.125149793600002, "LONG": -106.643874946 }, "geometry": { "type": "Point", "coordinates": [ -106.643874945938975, 35.125149793599263 ] } },
{ "type": "Feature", "properties": { "ROUTE": 10.0, "DAY": "WKDY", "DIR": "Outbound", "STOP": 28.0, "STOPNAME": "4TH @ AZTEC", "DAY_ON": 12.1201298701, "DAY_OFF": 5.1110389610400002, "DAY_TOT": 17.231168831200002, "LAT": 35.122157312399999, "LONG": -106.644458552 }, "geometry": { "type": "Point", "coordinates": [ -106.644458552411876, 35.122157312358276 ] } },
{ "type": "Feature", "properties": { "ROUTE": 10.0, "DAY": "WKDY", "DIR": "Outbound", "STOP": 29.0, "STOPNAME": "4TH @ CANDELARIA", "DAY_ON": 15.8018398268, "DAY_OFF": 5.8238095238099996, "DAY_TOT": 21.6256493506, "LAT": 35.120252336199997, "LONG": -106.644814701 }, "geometry": { "type": "Point", "coordinates": [ -106.6448147008864, 35.120252336219323 ] } },
{ "type": "Feature", "properties": { "ROUTE": 10.0, "DAY": "WKDY", "DIR": "Outbound", "STOP": 30.0, "STOPNAME": "4TH @ CANDELARIA", "DAY_ON": 2.0406926406900001, "DAY_OFF": 1.23939393939, "DAY_TOT": 3.2800865800899999, "LAT": 35.119571000199997, "LONG": -106.64494732199999 }, "geometry": { "type": "Point", "coordinates": [ -106.644947322150074, 35.119571000154615 ] } },
{ "type": "Feature", "properties": { "ROUTE": 10.0, "DAY": "WKDY", "DIR": "Outbound", "STOP": 31.0, "STOPNAME": "4TH @ MILDRED", "DAY_ON": 7.4616883116899997, "DAY_OFF": 3.5110389610400001, "DAY_TOT": 10.9727272727, "LAT": 35.117383987399997, "LONG": -106.645373599 }, "geometry": { "type": "Point", "coordinates": [ -106.645373598948694, 35.117383987425264 ] } },
{ "type": "Feature", "properties": { "ROUTE": 10.0, "DAY": "WKDY", "DIR": "Outbound", "STOP": 32.0, "STOPNAME": "4TH @ CLAREMONT", "DAY_ON": 1.7833333333300001, "DAY_OFF": 1.5277056277100001, "DAY_TOT": 3.31103896104, "LAT": 35.115752642499999, "LONG": -106.645680154 }, "geometry": { "type": "Point", "coordinates": [ -106.645680153782706, 35.115752642496382 ] } },
{ "type": "Feature", "properties": { "ROUTE": 10.0, "DAY": "WKDY", "DIR": "Outbound", "STOP": 33.0, "STOPNAME": "4TH @ CORDOVA", "DAY_ON": 0.56363636364000003, "DAY_OFF": 0.72662337661999998, "DAY_TOT": 1.29025974026, "LAT": 35.114475238899999, "LONG": -106.645919324 }, "geometry": { "type": "Point", "coordinates": [ -106.645919323593091, 35.11447523886828 ] } },
{ "type": "Feature", "properties": { "ROUTE": 10.0, "DAY": "WKDY", "DIR": "Outbound", "STOP": 34.0, "STOPNAME": "4TH @ PHOENIX", "DAY_ON": 3.1212121212100001, "DAY_OFF": 1.42359307359, "DAY_TOT": 4.5448051948100003, "LAT": 35.1133039471, "LONG": -106.64614214700001 }, "geometry": { "type": "Point", "coordinates": [ -106.646142146773897, 35.113303947124294 ] } },
{ "type": "Feature", "properties": { "ROUTE": 10.0, "DAY": "WKDY", "DIR": "Outbound", "STOP": 35.0, "STOPNAME": "4TH @ MENAUL", "DAY_ON": 3.90281385281, "DAY_OFF": 18.9340909091, "DAY_TOT": 22.836904761900001, "LAT": 35.111285259200002, "LONG": -106.64653169100001 }, "geometry": { "type": "Point", "coordinates": [ -106.64653169073388, 35.1112852592249 ] } },
{ "type": "Feature", "properties": { "ROUTE": 10.0, "DAY": "WKDY", "DIR": "Outbound", "STOP": 36.0, "STOPNAME": "4TH @ TOWNER", "DAY_ON": 37.4014069264, "DAY_OFF": 16.481926406900001, "DAY_TOT": 53.883333333300001, "LAT": 35.110224078500003, "LONG": -106.646736002 }, "geometry": { "type": "Point", "coordinates": [ -106.646736001958374, 35.110224078540512 ] } },
{ "type": "Feature", "properties": { "ROUTE": 10.0, "DAY": "WKDY", "DIR": "Outbound", "STOP": 37.0, "STOPNAME": "4TH @ CUTLER", "DAY_ON": 60.122943722899997, "DAY_OFF": 20.8023809524, "DAY_TOT": 80.925324675300004, "LAT": 35.107473052700001, "LONG": -106.64731606799999 }, "geometry": { "type": "Point", "coordinates": [ -106.647316067924137, 35.107473052721083 ] } },
{ "type": "Feature", "properties": { "ROUTE": 10.0, "DAY": "WKDY", "DIR": "Outbound", "STOP": 38.0, "STOPNAME": "4TH @ MCKNIGHT", "DAY_ON": 6.7213203463199998, "DAY_OFF": 5.16103896104, "DAY_TOT": 11.8823593074, "LAT": 35.103405122300003, "LONG": -106.64801580699999 }, "geometry": { "type": "Point", "coordinates": [ -106.64801580653473, 35.103405122294383 ] } },
{ "type": "Feature", "properties": { "ROUTE": 10.0, "DAY": "WKDY", "DIR": "Outbound", "STOP": 39.0, "STOPNAME": "4TH @ ASPEN", "DAY_ON": 16.031709956699999, "DAY_OFF": 3.58051948052, "DAY_TOT": 19.6122294372, "LAT": 35.101424426400001, "LONG": -106.648390595 }, "geometry": { "type": "Point", "coordinates": [ -106.648390595289627, 35.101424426406936 ] } },
{ "type": "Feature", "properties": { "ROUTE": 10.0, "DAY": "WKDY", "DIR": "Outbound", "STOP": 40.0, "STOPNAME": "4TH @ BELLAMAH", "DAY_ON": 0.0, "DAY_OFF": 0.2, "DAY_TOT": 0.2, "LAT": 35.099741173399998, "LONG": -106.648711022 }, "geometry": { "type": "Point", "coordinates": [ -106.648711021799642, 35.099741173417854 ] } },
{ "type": "Feature", "properties": { "ROUTE": 10.0, "DAY": "WKDY", "DIR": "Outbound", "STOP": 41.0, "STOPNAME": "4TH @ KINLEY", "DAY_ON": 16.492748917699998, "DAY_OFF": 26.798809523799999, "DAY_TOT": 43.291558441600003, "LAT": 35.097781189800003, "LONG": -106.64909242100001 }, "geometry": { "type": "Point", "coordinates": [ -106.649092420789501, 35.097781189806227 ] } },
{ "type": "Feature", "properties": { "ROUTE": 10.0, "DAY": "WKDY", "DIR": "Outbound", "STOP": 42.0, "STOPNAME": "4TH @ MARBLE", "DAY_ON": 6.0807359307400004, "DAY_OFF": 11.416017316, "DAY_TOT": 17.496753246800001, "LAT": 35.093266484799997, "LONG": -106.649959651 }, "geometry": { "type": "Point", "coordinates": [ -106.649959651463618, 35.093266484848492 ] } },
{ "type": "Feature", "properties": { "ROUTE": 10.0, "DAY": "WKDY", "DIR": "Outbound", "STOP": 43.0, "STOPNAME": "LOMAS @ 4TH", "DAY_ON": 1.57316017316, "DAY_OFF": 9.26998557, "DAY_TOT": 10.843145743199999, "LAT": 35.091124861200001, "LONG": -106.64970934199999 }, "geometry": { "type": "Point", "coordinates": [ -106.649709341802378, 35.091124861162648 ] } },
{ "type": "Feature", "properties": { "ROUTE": 10.0, "DAY": "WKDY", "DIR": "Outbound", "STOP": 44.0, "STOPNAME": "2ND @ LOMAS", "DAY_ON": 8.2005050505099994, "DAY_OFF": 11.293506493500001, "DAY_TOT": 19.494011544, "LAT": 35.089984637400001, "LONG": -106.648211862 }, "geometry": { "type": "Point", "coordinates": [ -106.648211861987207, 35.08998463735999 ] } },
{ "type": "Feature", "properties": { "ROUTE": 10.0, "DAY": "WKDY", "DIR": "Outbound", "STOP": 45.0, "STOPNAME": "2ND @ MARQUETTE", "DAY_ON": 2.5463924963900002, "DAY_OFF": 9.9152958153000004, "DAY_TOT": 12.4616883117, "LAT": 35.087656332599998, "LONG": -106.648592205 }, "geometry": { "type": "Point", "coordinates": [ -106.648592204803123, 35.087656332646205 ] } },
{ "type": "Feature", "properties": { "ROUTE": 10.0, "DAY": "WKDY", "DIR": "Outbound", "STOP": 46.0, "STOPNAME": "2ND @ COPPER", "DAY_ON": 0.94141414141000002, "DAY_OFF": 26.637373737400001, "DAY_TOT": 27.5787878788, "LAT": 35.085450199900002, "LONG": -106.649017363 }, "geometry": { "type": "Point", "coordinates": [ -106.649017363086628, 35.085450199890083 ] } },
{ "type": "Feature", "properties": { "ROUTE": 10.0, "DAY": "WKDY", "DIR": "Outbound", "STOP": 47.0, "STOPNAME": "A.T.C.", "DAY_ON": 0.0, "DAY_OFF": 226.001515152, "DAY_TOT": 226.001515152, "LAT": 35.083191479, "LONG": -106.64761472799999 }, "geometry": { "type": "Point", "coordinates": [ -106.647614727547605, 35.083191478973404 ] } },
{ "type": "Feature", "properties": { "ROUTE": 10.0, "DAY": "WKDY", "DIR": "Inbound", "STOP": 1.0, "STOPNAME": "A.T.C.", "DAY_ON": 260.72099567100003, "DAY_OFF": 0.8, "DAY_TOT": 261.52099567099998, "LAT": 35.083648235699997, "LONG": -106.647755141 }, "geometry": { "type": "Point", "coordinates": [ -106.647755141381325, 35.083648235668377 ] } },
{ "type": "Feature", "properties": { "ROUTE": 10.0, "DAY": "WKDY", "DIR": "Inbound", "STOP": 2.0, "STOPNAME": "2ND @ MARQUETTE", "DAY_ON": 20.929870129899999, "DAY_OFF": 2.3772727272699998, "DAY_TOT": 23.307142857100001, "LAT": 35.087639503799998, "LONG": -106.648601172 }, "geometry": { "type": "Point", "coordinates": [ -106.648601172307508, 35.087639503804269 ] } },
{ "type": "Feature", "properties": { "ROUTE": 10.0, "DAY": "WKDY", "DIR": "Inbound", "STOP": 3.0, "STOPNAME": "2ND @ ROMA", "DAY_ON": 2.1833333333299998, "DAY_OFF": 2.0054112554099999, "DAY_TOT": 4.1887445887399997, "LAT": 35.089256735500001, "LONG": -106.648322257 }, "geometry": { "type": "Point", "coordinates": [ -106.648322257116632, 35.089256735471608 ] } },
{ "type": "Feature", "properties": { "ROUTE": 10.0, "DAY": "WKDY", "DIR": "Inbound", "STOP": 4.0, "STOPNAME": "LOMAS @ 4TH", "DAY_ON": 10.2877344877, "DAY_OFF": 4.5463203463199999, "DAY_TOT": 14.8340548341, "LAT": 35.0913337824, "LONG": -106.649749122 }, "geometry": { "type": "Point", "coordinates": [ -106.649749121835214, 35.091333782434738 ] } },
{ "type": "Feature", "properties": { "ROUTE": 10.0, "DAY": "WKDY", "DIR": "Inbound", "STOP": 5.0, "STOPNAME": "4TH @ MOUNTAIN", "DAY_ON": 37.049062049100002, "DAY_OFF": 47.038455988499997, "DAY_TOT": 84.087518037500004, "LAT": 35.094946547699998, "LONG": -106.64959555599999 }, "geometry": { "type": "Point", "coordinates": [ -106.649595555981918, 35.094946547717434 ] } },
{ "type": "Feature", "properties": { "ROUTE": 10.0, "DAY": "WKDY", "DIR": "Inbound", "STOP": 6.0, "STOPNAME": "4TH @ SUMMER", "DAY_ON": 22.9564213564, "DAY_OFF": 8.5669552669600009, "DAY_TOT": 31.523376623400001, "LAT": 35.096801101399997, "LONG": -106.64925162 }, "geometry": { "type": "Point", "coordinates": [ -106.649251619670764, 35.096801101436448 ] } },
{ "type": "Feature", "properties": { "ROUTE": 10.0, "DAY": "WKDY", "DIR": "Inbound", "STOP": 7.0, "STOPNAME": "4TH @ CONSTITUTION", "DAY_ON": 4.3160173160199999, "DAY_OFF": 2.6176046176000001, "DAY_TOT": 6.9336219336199996, "LAT": 35.098807911599998, "LONG": -106.648873662 }, "geometry": { "type": "Point", "coordinates": [ -106.648873661517783, 35.09880791155058 ] } },
{ "type": "Feature", "properties": { "ROUTE": 10.0, "DAY": "WKDY", "DIR": "Inbound", "STOP": 8.0, "STOPNAME": "4TH @ ASPEN", "DAY_ON": 5.8165223665200001, "DAY_OFF": 3.4416305916300001, "DAY_TOT": 9.2581529581499993, "LAT": 35.100819345799998, "LONG": -106.648490659 }, "geometry": { "type": "Point", "coordinates": [ -106.648490658598973, 35.100819345828405 ] } },
{ "type": "Feature", "properties": { "ROUTE": 10.0, "DAY": "WKDY", "DIR": "Inbound", "STOP": 9.0, "STOPNAME": "4TH @ HAINES", "DAY_ON": 3.20238095238, "DAY_OFF": 14.1122655123, "DAY_TOT": 17.314646464599999, "LAT": 35.102784627799998, "LONG": -106.648112203 }, "geometry": { "type": "Point", "coordinates": [ -106.648112202741714, 35.102784627836805 ] } },
{ "type": "Feature", "properties": { "ROUTE": 10.0, "DAY": "WKDY", "DIR": "Inbound", "STOP": 10.0, "STOPNAME": "4TH @ MCKNIGHT", "DAY_ON": 1.4272727272700001, "DAY_OFF": 8.3766233766199996, "DAY_TOT": 9.8038961038999997, "LAT": 35.104488522399997, "LONG": -106.647746078 }, "geometry": { "type": "Point", "coordinates": [ -106.647746077790899, 35.104488522366523 ] } },
{ "type": "Feature", "properties": { "ROUTE": 10.0, "DAY": "WKDY", "DIR": "Inbound", "STOP": 11.0, "STOPNAME": "4TH @ ARVADA", "DAY_ON": 10.3625541126, "DAY_OFF": 84.902380952399994, "DAY_TOT": 95.264935064900001, "LAT": 35.106932286700001, "LONG": -106.647321327 }, "geometry": { "type": "Point", "coordinates": [ -106.647321326511886, 35.106932286665355 ] } },
{ "type": "Feature", "properties": { "ROUTE": 10.0, "DAY": "WKDY", "DIR": "Inbound", "STOP": 12.0, "STOPNAME": "4TH @ MENAUL", "DAY_ON": 31.6253246753, "DAY_OFF": 40.803968253999997, "DAY_TOT": 72.429292929300004, "LAT": 35.109952508699998, "LONG": -106.646688406 }, "geometry": { "type": "Point", "coordinates": [ -106.646688405909757, 35.109952508723602 ] } },
{ "type": "Feature", "properties": { "ROUTE": 10.0, "DAY": "WKDY", "DIR": "Inbound", "STOP": 13.0, "STOPNAME": "4TH @ LA POBLANA", "DAY_ON": 6.1116161616199998, "DAY_OFF": 5.9670995671, "DAY_TOT": 12.078715728700001, "LAT": 35.112940512000002, "LONG": -106.646135831 }, "geometry": { "type": "Point", "coordinates": [ -106.64613583057853, 35.112940511970365 ] } },
{ "type": "Feature", "properties": { "ROUTE": 10.0, "DAY": "WKDY", "DIR": "Inbound", "STOP": 14.0, "STOPNAME": "4TH @ PHOENIX", "DAY_ON": 1.5230880230899999, "DAY_OFF": 0.90454545455000002, "DAY_TOT": 2.4276334776300001, "LAT": 35.114322165799997, "LONG": -106.645871931 }, "geometry": { "type": "Point", "coordinates": [ -106.645871930571957, 35.114322165846765 ] } },
{ "type": "Feature", "properties": { "ROUTE": 10.0, "DAY": "WKDY", "DIR": "Inbound", "STOP": 15.0, "STOPNAME": "4TH @ CLAREMONT", "DAY_ON": 3.5266955267000002, "DAY_OFF": 2.2328282828299999, "DAY_TOT": 5.7595238095200001, "LAT": 35.115849029499998, "LONG": -106.645572751 }, "geometry": { "type": "Point", "coordinates": [ -106.645572751147839, 35.115849029483144 ] } },
{ "type": "Feature", "properties": { "ROUTE": 10.0, "DAY": "WKDY", "DIR": "Inbound", "STOP": 16.0, "STOPNAME": "4TH @ MILDRED", "DAY_ON": 2.5272727272700002, "DAY_OFF": 3.6312409812399999, "DAY_TOT": 6.1585137085100001, "LAT": 35.117401918900001, "LONG": -106.64527118399999 }, "geometry": { "type": "Point", "coordinates": [ -106.645271183556318, 35.117401918863969 ] } },
{ "type": "Feature", "properties": { "ROUTE": 10.0, "DAY": "WKDY", "DIR": "Inbound", "STOP": 17.0, "STOPNAME": "4TH @ CANDELARIA", "DAY_ON": 12.524963925, "DAY_OFF": 22.229725829700001, "DAY_TOT": 34.754689754700003, "LAT": 35.120403683900001, "LONG": -106.644688042 }, "geometry": { "type": "Point", "coordinates": [ -106.644688041814234, 35.120403683884284 ] } },
{ "type": "Feature", "properties": { "ROUTE": 10.0, "DAY": "WKDY", "DIR": "Inbound", "STOP": 18.0, "STOPNAME": "4TH @ HEADINGLY", "DAY_ON": 4.7678210678199999, "DAY_OFF": 7.5300865800899999, "DAY_TOT": 12.297907647900001, "LAT": 35.123456343599997, "LONG": -106.64411013900001 }, "geometry": { "type": "Point", "coordinates": [ -106.644110139282475, 35.123456343598328 ] } },
{ "type": "Feature", "properties": { "ROUTE": 10.0, "DAY": "WKDY", "DIR": "Inbound", "STOP": 19.0, "STOPNAME": "4TH @ SAN CLEMENTE", "DAY_ON": 1.78787878788, "DAY_OFF": 6.2865800865799999, "DAY_TOT": 8.0744588744599994, "LAT": 35.127552321099998, "LONG": -106.64333557 }, "geometry": { "type": "Point", "coordinates": [ -106.643335569887185, 35.127552321133408 ] } },
{ "type": "Feature", "properties": { "ROUTE": 10.0, "DAY": "WKDY", "DIR": "Inbound", "STOP": 20.0, "STOPNAME": "4TH @ GRIEGOS", "DAY_ON": 4.7725108225100001, "DAY_OFF": 18.3174603175, "DAY_TOT": 23.08997114, "LAT": 35.129921231099999, "LONG": -106.64286139399999 }, "geometry": { "type": "Point", "coordinates": [ -106.642861393972183, 35.129921231076999 ] } },
{ "type": "Feature", "properties": { "ROUTE": 10.0, "DAY": "WKDY", "DIR": "Inbound", "STOP": 21.0, "STOPNAME": "2ND @ PLEASANT", "DAY_ON": 0.0, "DAY_OFF": 0.0, "DAY_TOT": 0.0, "LAT": 35.131612083299999, "LONG": -106.63935875 }, "geometry": { "type": "Point", "coordinates": [ -106.639358750000014, 35.131612083333323 ] } },
{ "type": "Feature", "properties": { "ROUTE": 10.0, "DAY": "WKDY", "DIR": "Inbound", "STOP": 22.0, "STOPNAME": "2ND @ HILTON", "DAY_ON": 0.0, "DAY_OFF": 0.0, "DAY_TOT": 0.0, "LAT": 35.134156666700001, "LONG": -106.6383475 }, "geometry": { "type": "Point", "coordinates": [ -106.6383475, 35.134156666666669 ] } },
{ "type": "Feature", "properties": { "ROUTE": 10.0, "DAY": "WKDY", "DIR": "Inbound", "STOP": 23.0, "STOPNAME": "MONTANO @ 2ND", "DAY_ON": 0.08333333333, "DAY_OFF": 1.5833333333299999, "DAY_TOT": 1.6666666666700001, "LAT": 35.138454166700001, "LONG": -106.63861875000001 }, "geometry": { "type": "Point", "coordinates": [ -106.63861875, 35.138454166666662 ] } },
{ "type": "Feature", "properties": { "ROUTE": 10.0, "DAY": "WKDY", "DIR": "Inbound", "STOP": 24.0, "STOPNAME": "4TH @ BERRY", "DAY_ON": 0.0, "DAY_OFF": 0.16666666667, "DAY_TOT": 0.16666666667, "LAT": 35.1367375, "LONG": -106.641618333 }, "geometry": { "type": "Point", "coordinates": [ -106.641618333333327, 35.1367375 ] } },
{ "type": "Feature", "properties": { "ROUTE": 10.0, "DAY": "WKDY", "DIR": "Inbound", "STOP": 25.0, "STOPNAME": "4TH @ DELAMAR", "DAY_ON": 0.08333333333, "DAY_OFF": 0.0, "DAY_TOT": 0.08333333333, "LAT": 35.134610416699999, "LONG": -106.6420775 }, "geometry": { "type": "Point", "coordinates": [ -106.6420775, 35.134610416666668 ] } },
{ "type": "Feature", "properties": { "ROUTE": 10.0, "DAY": "WKDY", "DIR": "Inbound", "STOP": 26.0, "STOPNAME": "4TH @ GRIEGOS", "DAY_ON": 0.0, "DAY_OFF": 0.83333333333000004, "DAY_TOT": 0.83333333333000004, "LAT": 35.131015416700002, "LONG": -106.642775 }, "geometry": { "type": "Point", "coordinates": [ -106.642775, 35.131015416666663 ] } },
{ "type": "Feature", "properties": { "ROUTE": 10.0, "DAY": "WKDY", "DIR": "Inbound", "STOP": 27.0, "STOPNAME": "4TH @ SHANGRI LA", "DAY_ON": 3.5852092352099998, "DAY_OFF": 8.7058441558399995, "DAY_TOT": 12.2910533911, "LAT": 35.131505534, "LONG": -106.642563915 }, "geometry": { "type": "Point", "coordinates": [ -106.642563915079336, 35.13150553398269 ] } },
{ "type": "Feature", "properties": { "ROUTE": 10.0, "DAY": "WKDY", "DIR": "Inbound", "STOP": 28.0, "STOPNAME": "4TH @ SAN ANDRES", "DAY_ON": 0.43939393939, "DAY_OFF": 1.17272727273, "DAY_TOT": 1.6121212121199999, "LAT": 35.133331546400001, "LONG": -106.642214982 }, "geometry": { "type": "Point", "coordinates": [ -106.64221498246755, 35.133331546356423 ] } },
{ "type": "Feature", "properties": { "ROUTE": 10.0, "DAY": "WKDY", "DIR": "Inbound", "STOP": 29.0, "STOPNAME": "4TH @ DELAMAR", "DAY_ON": 1.5702020202, "DAY_OFF": 5.34220779221, "DAY_TOT": 6.91240981241, "LAT": 35.135217737700003, "LONG": -106.64187118700001 }, "geometry": { "type": "Point", "coordinates": [ -106.641871187157264, 35.135217737734486 ] } },
{ "type": "Feature", "properties": { "ROUTE": 10.0, "DAY": "WKDY", "DIR": "Inbound", "STOP": 30.0, "STOPNAME": "4TH @ HENDRIX", "DAY_ON": 2.956998557, "DAY_OFF": 27.470202020199999, "DAY_TOT": 30.427200577200001, "LAT": 35.137441911499998, "LONG": -106.64144087 }, "geometry": { "type": "Point", "coordinates": [ -106.641440870418464, 35.137441911507935 ] } },
{ "type": "Feature", "properties": { "ROUTE": 10.0, "DAY": "WKDY", "DIR": "Inbound", "STOP": 31.0, "STOPNAME": "4TH @ MONTANO", "DAY_ON": 7.2953823953799999, "DAY_OFF": 17.932034632000001, "DAY_TOT": 25.227417027400001, "LAT": 35.139212652300003, "LONG": -106.64109509 }, "geometry": { "type": "Point", "coordinates": [ -106.641095089502144, 35.139212652308814 ] } },
{ "type": "Feature", "properties": { "ROUTE": 10.0, "DAY": "WKDY", "DIR": "Inbound", "STOP": 32.0, "STOPNAME": "4TH @ PLACITAS", "DAY_ON": 1.8064935064900001, "DAY_OFF": 1.56515151515, "DAY_TOT": 3.37164502165, "LAT": 35.142369510400002, "LONG": -106.640498794 }, "geometry": { "type": "Point", "coordinates": [ -106.640498793686874, 35.142369510425695 ] } },
{ "type": "Feature", "properties": { "ROUTE": 10.0, "DAY": "WKDY", "DIR": "Inbound", "STOP": 33.0, "STOPNAME": "4TH @ LA PLATA", "DAY_ON": 0.1, "DAY_OFF": 0.0, "DAY_TOT": 0.1, "LAT": 35.143936441800001, "LONG": -106.640200306 }, "geometry": { "type": "Point", "coordinates": [ -106.640200306385282, 35.143936441774883 ] } },
{ "type": "Feature", "properties": { "ROUTE": 10.0, "DAY": "WKDY", "DIR": "Inbound", "STOP": 34.0, "STOPNAME": "4TH @ ALAMOSA", "DAY_ON": 2.58318903319, "DAY_OFF": 31.736940836900001, "DAY_TOT": 34.320129870099997, "LAT": 35.145636325200002, "LONG": -106.639876758 }, "geometry": { "type": "Point", "coordinates": [ -106.639876758225114, 35.145636325180384 ] } },
{ "type": "Feature", "properties": { "ROUTE": 10.0, "DAY": "WKDY", "DIR": "Inbound", "STOP": 35.0, "STOPNAME": "4TH @ SOLAR", "DAY_ON": 10.209451659500001, "DAY_OFF": 11.1789321789, "DAY_TOT": 21.388383838399999, "LAT": 35.1474259015, "LONG": -106.639556966 }, "geometry": { "type": "Point", "coordinates": [ -106.6395569656205, 35.147425901479082 ] } },
{ "type": "Feature", "properties": { "ROUTE": 10.0, "DAY": "WKDY", "DIR": "Inbound", "STOP": 36.0, "STOPNAME": "4TH @ WILLOW", "DAY_ON": 0.48333333333, "DAY_OFF": 2.9414141414100001, "DAY_TOT": 3.4247474747500002, "LAT": 35.151005525499997, "LONG": -106.638856465 }, "geometry": { "type": "Point", "coordinates": [ -106.638856465404047, 35.151005525468975 ] } },
{ "type": "Feature", "properties": { "ROUTE": 10.0, "DAY": "WKDY", "DIR": "Inbound", "STOP": 37.0, "STOPNAME": "4TH @ OSUNA", "DAY_ON": 0.0, "DAY_OFF": 5.8236652236699999, "DAY_TOT": 5.8236652236699999, "LAT": 35.153138189700002, "LONG": -106.638400945 }, "geometry": { "type": "Point", "coordinates": [ -106.63840094484128, 35.153138189682537 ] } },
{ "type": "Feature", "properties": { "ROUTE": 10.0, "DAY": "WKDY", "DIR": "Inbound", "STOP": 38.0, "STOPNAME": "4TH @ NARA VISA", "DAY_ON": 1.8928571428600001, "DAY_OFF": 3.43383838384, "DAY_TOT": 5.3266955267, "LAT": 35.1541666058, "LONG": -106.63821859799999 }, "geometry": { "type": "Point", "coordinates": [ -106.638218598268395, 35.154166605808086 ] } },
{ "type": "Feature", "properties": { "ROUTE": 10.0, "DAY": "WKDY", "DIR": "Inbound", "STOP": 39.0, "STOPNAME": "4TH @ SCHULTE", "DAY_ON": 0.88181818182000005, "DAY_OFF": 2.6588744588700002, "DAY_TOT": 3.5406926406900001, "LAT": 35.155701575099997, "LONG": -106.63794993400001 }, "geometry": { "type": "Point", "coordinates": [ -106.637949933658007, 35.155701575144313 ] } },
{ "type": "Feature", "properties": { "ROUTE": 10.0, "DAY": "WKDY", "DIR": "Inbound", "STOP": 40.0, "STOPNAME": "4TH @ TYLER", "DAY_ON": 0.34848484849, "DAY_OFF": 3.4427849927800001, "DAY_TOT": 3.7912698412700001, "LAT": 35.158636706400003, "LONG": -106.63742588700001 }, "geometry": { "type": "Point", "coordinates": [ -106.637425887012995, 35.15863670638528 ] } },
{ "type": "Feature", "properties": { "ROUTE": 10.0, "DAY": "WKDY", "DIR": "Inbound", "STOP": 41.0, "STOPNAME": "4TH @ LA CHAMISAL", "DAY_ON": 0.1, "DAY_OFF": 2.6428571428600001, "DAY_TOT": 2.7428571428600002, "LAT": 35.160946708099999, "LONG": -106.636993504 }, "geometry": { "type": "Point", "coordinates": [ -106.636993504220797, 35.160946708116889 ] } },
{ "type": "Feature", "properties": { "ROUTE": 10.0, "DAY": "WKDY", "DIR": "Inbound", "STOP": 42.0, "STOPNAME": "4TH @ PUEBLO SOLANO", "DAY_ON": 0.18333333333, "DAY_OFF": 4.4720779220800004, "DAY_TOT": 4.6554112554099998, "LAT": 35.162846390200002, "LONG": -106.636620978 }, "geometry": { "type": "Point", "coordinates": [ -106.636620977597389, 35.162846390151522 ] } },
{ "type": "Feature", "properties": { "ROUTE": 10.0, "DAY": "WKDY", "DIR": "Inbound", "STOP": 43.0, "STOPNAME": "4TH @ ROEHL", "DAY_ON": 0.14285714286000001, "DAY_OFF": 3.4922077922099999, "DAY_TOT": 3.6350649350599999, "LAT": 35.165663364399997, "LONG": -106.636065023 }, "geometry": { "type": "Point", "coordinates": [ -106.636065022799414, 35.165663364393929 ] } },
{ "type": "Feature", "properties": { "ROUTE": 10.0, "DAY": "WKDY", "DIR": "Inbound", "STOP": 44.0, "STOPNAME": "4TH ST. @ LOS RANCHOS", "DAY_ON": 0.08333333333, "DAY_OFF": 2.9570707070700002, "DAY_TOT": 3.0404040404, "LAT": 35.168523474399997, "LONG": -106.635518007 }, "geometry": { "type": "Point", "coordinates": [ -106.635518006998566, 35.168523474386717 ] } },
{ "type": "Feature", "properties": { "ROUTE": 10.0, "DAY": "WKDY", "DIR": "Inbound", "STOP": 45.0, "STOPNAME": "4TH @ RANCHITOS", "DAY_ON": 1.2008658008699999, "DAY_OFF": 4.7033910533899999, "DAY_TOT": 5.9042568542599998, "LAT": 35.172797396500002, "LONG": -106.63420860399999 }, "geometry": { "type": "Point", "coordinates": [ -106.634208603787869, 35.172797396536801 ] } },
{ "type": "Feature", "properties": { "ROUTE": 10.0, "DAY": "WKDY", "DIR": "Inbound", "STOP": 46.0, "STOPNAME": "4TH @ WAYNE", "DAY_ON": 0.5, "DAY_OFF": 1.30606060606, "DAY_TOT": 1.80606060606, "LAT": 35.175098185499998, "LONG": -106.63187923 }, "geometry": { "type": "Point", "coordinates": [ -106.631879230086582, 35.175098185533912 ] } },
{ "type": "Feature", "properties": { "ROUTE": 10.0, "DAY": "WKDY", "DIR": "Inbound", "STOP": 47.0, "STOPNAME": "4TH @ EL PUEBLO", "DAY_ON": 0.0, "DAY_OFF": 2.656998557, "DAY_TOT": 2.656998557, "LAT": 35.176676970099997, "LONG": -106.630172241 }, "geometry": { "type": "Point", "coordinates": [ -106.630172240800903, 35.176676970093801 ] } },
{ "type": "Feature", "properties": { "ROUTE": 10.0, "DAY": "WKDY", "DIR": "Inbound", "STOP": 48.0, "STOPNAME": "4TH @ EL PUEBLO", "DAY_ON": 1.2414141414099999, "DAY_OFF": 5.0355699855699996, "DAY_TOT": 6.2769841269800004, "LAT": 35.177880752100002, "LONG": -106.628860008 }, "geometry": { "type": "Point", "coordinates": [ -106.628860007792198, 35.177880752092335 ] } },
{ "type": "Feature", "properties": { "ROUTE": 10.0, "DAY": "WKDY", "DIR": "Inbound", "STOP": 49.0, "STOPNAME": "4TH @ GARDUNO", "DAY_ON": 0.0, "DAY_OFF": 3.1558441558400001, "DAY_TOT": 3.1558441558400001, "LAT": 35.1805418167, "LONG": -106.625991107 }, "geometry": { "type": "Point", "coordinates": [ -106.625991107251096, 35.180541816666661 ] } },
{ "type": "Feature", "properties": { "ROUTE": 10.0, "DAY": "WKDY", "DIR": "Inbound", "STOP": 50.0, "STOPNAME": "4TH @ ORTEGA", "DAY_ON": 0.29090909091, "DAY_OFF": 1.88831168831, "DAY_TOT": 2.17922077922, "LAT": 35.182242066800001, "LONG": -106.624153193 }, "geometry": { "type": "Point", "coordinates": [ -106.624153193344142, 35.182242066829005 ] } },
{ "type": "Feature", "properties": { "ROUTE": 10.0, "DAY": "WKDY", "DIR": "Inbound", "STOP": 51.0, "STOPNAME": "4TH @ GARCIA", "DAY_ON": 0.1, "DAY_OFF": 1.4969696969699999, "DAY_TOT": 1.59696969697, "LAT": 35.184526881300002, "LONG": -106.62168464299999 }, "geometry": { "type": "Point", "coordinates": [ -106.621684643235923, 35.184526881277058 ] } },
{ "type": "Feature", "properties": { "ROUTE": 10.0, "DAY": "WKDY", "DIR": "Inbound", "STOP": 52.0, "STOPNAME": "4TH @ ST FRANCIS", "DAY_ON": 0.1, "DAY_OFF": 2.9955627705599999, "DAY_TOT": 3.09556277056, "LAT": 35.187453015899997, "LONG": -106.618564666 }, "geometry": { "type": "Point", "coordinates": [ -106.618564666287881, 35.187453015909099 ] } },
{ "type": "Feature", "properties": { "ROUTE": 10.0, "DAY": "WKDY", "DIR": "Inbound", "STOP": 53.0, "STOPNAME": "4TH @ ALAMEDA", "DAY_ON": 0.36904761905, "DAY_OFF": 4.8261904761899999, "DAY_TOT": 5.1952380952399997, "LAT": 35.1898641541, "LONG": -106.617051698 }, "geometry": { "type": "Point", "coordinates": [ -106.617051698376642, 35.189864154058441 ] } },
{ "type": "Feature", "properties": { "ROUTE": 10.0, "DAY": "WKDY", "DIR": "Inbound", "STOP": 54.0, "STOPNAME": "RAYMOND G. SANCHEZ C.C.", "DAY_ON": 0.0, "DAY_OFF": 22.4533549784, "DAY_TOT": 22.4533549784, "LAT": 35.193650349400002, "LONG": -106.61604566299999 }, "geometry": { "type": "Point", "coordinates": [ -106.616045662662344, 35.193650349350655 ] } },
{ "type": "Feature", "properties": { "ROUTE": 11.0, "DAY": "WKDY", "DIR": "Outbound", "STOP": 1.0, "STOPNAME": "CHELWOOD PARK @ ROMA", "DAY_ON": 19.1642857143, "DAY_OFF": 0.0, "DAY_TOT": 19.1642857143, "LAT": 35.085819293699998, "LONG": -106.506781034 }, "geometry": { "type": "Point", "coordinates": [ -106.506781033839204, 35.085819293694392 ] } },
{ "type": "Feature", "properties": { "ROUTE": 11.0, "DAY": "WKDY", "DIR": "Outbound", "STOP": 2.0, "STOPNAME": "LOMAS @ CHELWOOD PARK", "DAY_ON": 33.260714285699997, "DAY_OFF": 2.5641025641000001, "DAY_TOT": 35.824816849800001, "LAT": 35.086618793100001, "LONG": -106.50728603100001 }, "geometry": { "type": "Point", "coordinates": [ -106.507286031484384, 35.086618793127506 ] } },
{ "type": "Feature", "properties": { "ROUTE": 11.0, "DAY": "WKDY", "DIR": "Outbound", "STOP": 3.0, "STOPNAME": "LOMAS @ LOYOLA", "DAY_ON": 7.9401098901099996, "DAY_OFF": 1.8069597069600001, "DAY_TOT": 9.7470695970700003, "LAT": 35.086728081899999, "LONG": -106.510302103 }, "geometry": { "type": "Point", "coordinates": [ -106.510302102956558, 35.086728081894293 ] } },
{ "type": "Feature", "properties": { "ROUTE": 11.0, "DAY": "WKDY", "DIR": "Outbound", "STOP": 4.0, "STOPNAME": "LOMAS @ JUAN TABO", "DAY_ON": 18.0625457875, "DAY_OFF": 10.5754578755, "DAY_TOT": 28.638003663, "LAT": 35.086851508099997, "LONG": -106.514645293 }, "geometry": { "type": "Point", "coordinates": [ -106.514645293301967, 35.086851508067333 ] } },
{ "type": "Feature", "properties": { "ROUTE": 11.0, "DAY": "WKDY", "DIR": "Outbound", "STOP": 5.0, "STOPNAME": "LOMAS @ JUAN TABO", "DAY_ON": 34.609981685000001, "DAY_OFF": 7.6806776556800003, "DAY_TOT": 42.290659340700003, "LAT": 35.086875506399998, "LONG": -106.51555805300001 }, "geometry": { "type": "Point", "coordinates": [ -106.515558053418815, 35.086875506366653 ] } },
{ "type": "Feature", "properties": { "ROUTE": 11.0, "DAY": "WKDY", "DIR": "Outbound", "STOP": 6.0, "STOPNAME": "LOMAS @ MURIEL", "DAY_ON": 5.3219780219799997, "DAY_OFF": 0.5054945055, "DAY_TOT": 5.8274725274700003, "LAT": 35.086954854799998, "LONG": -106.51842909200001 }, "geometry": { "type": "Point", "coordinates": [ -106.518429091531488, 35.086954854788083 ] } },
{ "type": "Feature", "properties": { "ROUTE": 11.0, "DAY": "WKDY", "DIR": "Outbound", "STOP": 7.0, "STOPNAME": "LOMAS @ LOMAS CT", "DAY_ON": 1.76135531136, "DAY_OFF": 0.47362637363, "DAY_TOT": 2.2349816849800002, "LAT": 35.087051067499999, "LONG": -106.521748837 }, "geometry": { "type": "Point", "coordinates": [ -106.52174883743244, 35.087051067547527 ] } },
{ "type": "Feature", "properties": { "ROUTE": 11.0, "DAY": "WKDY", "DIR": "Outbound", "STOP": 8.0, "STOPNAME": "LOMAS @ TOMASITA", "DAY_ON": 4.3108974359000003, "DAY_OFF": 2.7344322344299998, "DAY_TOT": 7.0453296703300001, "LAT": 35.087129452200003, "LONG": -106.52443094 }, "geometry": { "type": "Point", "coordinates": [ -106.524430940083704, 35.087129452206533 ] } },
{ "type": "Feature", "properties": { "ROUTE": 11.0, "DAY": "WKDY", "DIR": "Outbound", "STOP": 9.0, "STOPNAME": "LOMAS @ MORRIS", "DAY_ON": 28.664835164799999, "DAY_OFF": 9.6717032967000005, "DAY_TOT": 38.336538461499998, "LAT": 35.087203180300001, "LONG": -106.52694539700001 }, "geometry": { "type": "Point", "coordinates": [ -106.526945397087033, 35.087203180315726 ] } },
{ "type": "Feature", "properties": { "ROUTE": 11.0, "DAY": "WKDY", "DIR": "Outbound", "STOP": 10.0, "STOPNAME": "LOMAS @ BETTS", "DAY_ON": 5.6082417582400002, "DAY_OFF": 2.9181318681300001, "DAY_TOT": 8.5263736263700007, "LAT": 35.087277489100003, "LONG": -106.529583421 }, "geometry": { "type": "Point", "coordinates": [ -106.529583421070996, 35.087277489098199 ] } },
{ "type": "Feature", "properties": { "ROUTE": 11.0, "DAY": "WKDY", "DIR": "Outbound", "STOP": 11.0, "STOPNAME": "LOMAS @ EUBANK", "DAY_ON": 32.434890109900003, "DAY_OFF": 10.1145604396, "DAY_TOT": 42.549450549500001, "LAT": 35.087376855099997, "LONG": -106.533019792 }, "geometry": { "type": "Point", "coordinates": [ -106.533019791514036, 35.087376855136931 ] } },
{ "type": "Feature", "properties": { "ROUTE": 11.0, "DAY": "WKDY", "DIR": "Outbound", "STOP": 12.0, "STOPNAME": "LOMAS @ WALKER", "DAY_ON": 2.1041208791199999, "DAY_OFF": 0.48461538461999998, "DAY_TOT": 2.58873626374, "LAT": 35.0873972423, "LONG": -106.536568078 }, "geometry": { "type": "Point", "coordinates": [ -106.53656807775161, 35.087397242325132 ] } },
{ "type": "Feature", "properties": { "ROUTE": 11.0, "DAY": "WKDY", "DIR": "Outbound", "STOP": 13.0, "STOPNAME": "LOMAS @ EASTERDAY", "DAY_ON": 8.7505494505500003, "DAY_OFF": 3.3554945054899998, "DAY_TOT": 12.106043956000001, "LAT": 35.087687389499997, "LONG": -106.53965303299999 }, "geometry": { "type": "Point", "coordinates": [ -106.539653033185076, 35.087687389499393 ] } },
{ "type": "Feature", "properties": { "ROUTE": 11.0, "DAY": "WKDY", "DIR": "Outbound", "STOP": 14.0, "STOPNAME": "LOMAS @ WYOMING", "DAY_ON": 0.48717948717999998, "DAY_OFF": 4.2018315018300001, "DAY_TOT": 4.6890109890099998, "LAT": 35.087293131499997, "LONG": -106.54772471699999 }, "geometry": { "type": "Point", "coordinates": [ -106.547724716989379, 35.087293131475661 ] } },
{ "type": "Feature", "properties": { "ROUTE": 11.0, "DAY": "WKDY", "DIR": "Outbound", "STOP": 15.0, "STOPNAME": "LOMAS @ WYOMING", "DAY_ON": 16.996062271100001, "DAY_OFF": 13.2006410256, "DAY_TOT": 30.196703296700001, "LAT": 35.087468553299999, "LONG": -106.551284681 }, "geometry": { "type": "Point", "coordinates": [ -106.551284681057055, 35.08746855333159 ] } },
{ "type": "Feature", "properties": { "ROUTE": 11.0, "DAY": "WKDY", "DIR": "Outbound", "STOP": 16.0, "STOPNAME": "LOMAS @ UTAH", "DAY_ON": 7.1791208791200001, "DAY_OFF": 2.7075091575100001, "DAY_TOT": 9.8866300366300006, "LAT": 35.087434221400002, "LONG": -106.55353055800001 }, "geometry": { "type": "Point", "coordinates": [ -106.553530557517874, 35.087434221350073 ] } },
{ "type": "Feature", "properties": { "ROUTE": 11.0, "DAY": "WKDY", "DIR": "Outbound", "STOP": 17.0, "STOPNAME": "LOMAS @ TENNESSEE", "DAY_ON": 16.054029304, "DAY_OFF": 4.8826007326000003, "DAY_TOT": 20.9366300366, "LAT": 35.087397122100001, "LONG": -106.557174651 }, "geometry": { "type": "Point", "coordinates": [ -106.55717465066283, 35.087397122143734 ] } },
{ "type": "Feature", "properties": { "ROUTE": 11.0, "DAY": "WKDY", "DIR": "Outbound", "STOP": 18.0, "STOPNAME": "LOMAS @ PENNSYLVANIA", "DAY_ON": 5.2283882783899998, "DAY_OFF": 4.2827838827800004, "DAY_TOT": 9.5111721611700002, "LAT": 35.0873767657, "LONG": -106.55971812200001 }, "geometry": { "type": "Point", "coordinates": [ -106.559718121533237, 35.087376765698579 ] } },
{ "type": "Feature", "properties": { "ROUTE": 11.0, "DAY": "WKDY", "DIR": "Outbound", "STOP": 19.0, "STOPNAME": "LOMAS @ CHARLESTON", "DAY_ON": 4.7404761904799999, "DAY_OFF": 1.0858058608100001, "DAY_TOT": 5.8262820512799998, "LAT": 35.087371259500003, "LONG": -106.56143402399999 }, "geometry": { "type": "Point", "coordinates": [ -106.561434024158402, 35.087371259506369 ] } },
{ "type": "Feature", "properties": { "ROUTE": 11.0, "DAY": "WKDY", "DIR": "Outbound", "STOP": 20.0, "STOPNAME": "LOMAS @ CHARLESTON", "DAY_ON": 7.9415750915799999, "DAY_OFF": 3.23250915751, "DAY_TOT": 11.1740842491, "LAT": 35.087367122800003, "LONG": -106.56370559200001 }, "geometry": { "type": "Point", "coordinates": [ -106.563705591575115, 35.087367122797843 ] } },
{ "type": "Feature", "properties": { "ROUTE": 11.0, "DAY": "WKDY", "DIR": "Outbound", "STOP": 21.0, "STOPNAME": "LOMAS @ ALCAZAR", "DAY_ON": 2.4551282051299999, "DAY_OFF": 3.2481684981700001, "DAY_TOT": 5.7032967033000004, "LAT": 35.087361159300002, "LONG": -106.566340396 }, "geometry": { "type": "Point", "coordinates": [ -106.566340396214855, 35.087361159340652 ] } },
{ "type": "Feature", "properties": { "ROUTE": 11.0, "DAY": "WKDY", "DIR": "Outbound", "STOP": 22.0, "STOPNAME": "LOMAS @ LOUISIANA", "DAY_ON": 5.6650183150200002, "DAY_OFF": 26.7758241758, "DAY_TOT": 32.440842490800001, "LAT": 35.0873594834, "LONG": -106.568297965 }, "geometry": { "type": "Point", "coordinates": [ -106.568297965157853, 35.087359483429275 ] } },
{ "type": "Feature", "properties": { "ROUTE": 11.0, "DAY": "WKDY", "DIR": "Outbound", "STOP": 23.0, "STOPNAME": "LOMAS @ LOUISIANA", "DAY_ON": 31.766758241800002, "DAY_OFF": 14.9381868132, "DAY_TOT": 46.704945054900001, "LAT": 35.087361962000003, "LONG": -106.569111834 }, "geometry": { "type": "Point", "coordinates": [ -106.56911183403102, 35.08736196201815 ] } },
{ "type": "Feature", "properties": { "ROUTE": 11.0, "DAY": "WKDY", "DIR": "Outbound", "STOP": 24.0, "STOPNAME": "LOMAS @ INDIANA", "DAY_ON": 1.2221611721600001, "DAY_OFF": 0.64102564103000004, "DAY_TOT": 1.86318681319, "LAT": 35.087375579099998, "LONG": -106.57113066 }, "geometry": { "type": "Point", "coordinates": [ -106.571130659951194, 35.087375579147036 ] } },
{ "type": "Feature", "properties": { "ROUTE": 11.0, "DAY": "WKDY", "DIR": "Outbound", "STOP": 25.0, "STOPNAME": "LOMAS @ FLORIDA", "DAY_ON": 1.1338827838800001, "DAY_OFF": 0.40769230768999998, "DAY_TOT": 1.5415750915799999, "LAT": 35.087392118099999, "LONG": -106.57331660299999 }, "geometry": { "type": "Point", "coordinates": [ -106.573316603043779, 35.087392118131874 ] } },
{ "type": "Feature", "properties": { "ROUTE": 11.0, "DAY": "WKDY", "DIR": "Outbound", "STOP": 26.0, "STOPNAME": "LOMAS @ SAN PEDRO", "DAY_ON": 4.9663003662999996, "DAY_OFF": 13.804304029300001, "DAY_TOT": 18.770604395599999, "LAT": 35.087427880299998, "LONG": -106.577169473 }, "geometry": { "type": "Point", "coordinates": [ -106.577169473181613, 35.087427880341885 ] } },
{ "type": "Feature", "properties": { "ROUTE": 11.0, "DAY": "WKDY", "DIR": "Outbound", "STOP": 27.0, "STOPNAME": "LOMAS @ SAN PEDRO", "DAY_ON": 2.26877289377, "DAY_OFF": 17.152747252699999, "DAY_TOT": 19.421520146500001, "LAT": 35.087434074699999, "LONG": -106.577943295 }, "geometry": { "type": "Point", "coordinates": [ -106.577943295133423, 35.087434074742724 ] } },
{ "type": "Feature", "properties": { "ROUTE": 11.0, "DAY": "WKDY", "DIR": "Outbound", "STOP": 28.0, "STOPNAME": "LOMAS @ CARDENAS", "DAY_ON": 21.690384615399999, "DAY_OFF": 6.7824175824199999, "DAY_TOT": 28.4728021978, "LAT": 35.087449205200002, "LONG": -106.579533024 }, "geometry": { "type": "Point", "coordinates": [ -106.579533024332818, 35.087449205171822 ] } },
{ "type": "Feature", "properties": { "ROUTE": 11.0, "DAY": "WKDY", "DIR": "Outbound", "STOP": 29.0, "STOPNAME": "LOMAS @ LA VETA", "DAY_ON": 3.7860805860800002, "DAY_OFF": 3.2857142857100001, "DAY_TOT": 7.0717948717899999, "LAT": 35.087487978799999, "LONG": -106.58302748 }, "geometry": { "type": "Point", "coordinates": [ -106.583027480027908, 35.087487978806905 ] } },
{ "type": "Feature", "properties": { "ROUTE": 11.0, "DAY": "WKDY", "DIR": "Outbound", "STOP": 30.0, "STOPNAME": "LOMAS @ SAN MATEO", "DAY_ON": 6.52976190476, "DAY_OFF": 42.421978021999998, "DAY_TOT": 48.9517399267, "LAT": 35.087536819900002, "LONG": -106.585675115 }, "geometry": { "type": "Point", "coordinates": [ -106.58567511481769, 35.087536819902319 ] } },
{ "type": "Feature", "properties": { "ROUTE": 11.0, "DAY": "WKDY", "DIR": "Outbound", "STOP": 31.0, "STOPNAME": "LOMAS @ TRUMAN", "DAY_ON": 30.953296703300001, "DAY_OFF": 18.650457875499999, "DAY_TOT": 49.6037545788, "LAT": 35.087521693299998, "LONG": -106.58731643500001 }, "geometry": { "type": "Point", "coordinates": [ -106.587316435286951, 35.087521693310642 ] } },
{ "type": "Feature", "properties": { "ROUTE": 11.0, "DAY": "WKDY", "DIR": "Outbound", "STOP": 32.0, "STOPNAME": "LOMAS @ MONROE", "DAY_ON": 9.07252747253, "DAY_OFF": 3.3087912087900002, "DAY_TOT": 12.3813186813, "LAT": 35.087507200499999, "LONG": -106.590661475 }, "geometry": { "type": "Point", "coordinates": [ -106.590661475143904, 35.087507200462234 ] } },
{ "type": "Feature", "properties": { "ROUTE": 11.0, "DAY": "WKDY", "DIR": "Outbound", "STOP": 33.0, "STOPNAME": "LOMAS @ JEFFERSON", "DAY_ON": 1.2967032967000001, "DAY_OFF": 1.0505494505499999, "DAY_TOT": 2.3472527472500002, "LAT": 35.087510979699999, "LONG": -106.593243886 }, "geometry": { "type": "Point", "coordinates": [ -106.593243885705562, 35.087510979679053 ] } },
{ "type": "Feature", "properties": { "ROUTE": 11.0, "DAY": "WKDY", "DIR": "Outbound", "STOP": 34.0, "STOPNAME": "LOMAS @ WASHINGTON", "DAY_ON": 3.8063186813200001, "DAY_OFF": 3.9622710622700001, "DAY_TOT": 7.7685897435899998, "LAT": 35.087527679200001, "LONG": -106.595653134 }, "geometry": { "type": "Point", "coordinates": [ -106.595653134004877, 35.087527679225538 ] } },
{ "type": "Feature", "properties": { "ROUTE": 11.0, "DAY": "WKDY", "DIR": "Outbound", "STOP": 35.0, "STOPNAME": "LOMAS @ MONTCLARE", "DAY_ON": 0.89743589743999996, "DAY_OFF": 1.4633699633699999, "DAY_TOT": 2.3608058608100002, "LAT": 35.087545564700001, "LONG": -106.597990818 }, "geometry": { "type": "Point", "coordinates": [ -106.597990817721978, 35.087545564669462 ] } },
{ "type": "Feature", "properties": { "ROUTE": 11.0, "DAY": "WKDY", "DIR": "Outbound", "STOP": 36.0, "STOPNAME": "LOMAS @ MONTCLARE", "DAY_ON": 0.95054945054999995, "DAY_OFF": 0.61648351648, "DAY_TOT": 1.5670329670300001, "LAT": 35.087560413699997, "LONG": -106.60010613599999 }, "geometry": { "type": "Point", "coordinates": [ -106.600106135574734, 35.087560413657776 ] } },
{ "type": "Feature", "properties": { "ROUTE": 11.0, "DAY": "WKDY", "DIR": "Outbound", "STOP": 37.0, "STOPNAME": "LOMAS @ CARLISLE", "DAY_ON": 0.68315018314999998, "DAY_OFF": 12.5392857143, "DAY_TOT": 13.2224358974, "LAT": 35.087571350600001, "LONG": -106.603680971 }, "geometry": { "type": "Point", "coordinates": [ -106.603680970826801, 35.087571350645391 ] } },
{ "type": "Feature", "properties": { "ROUTE": 11.0, "DAY": "WKDY", "DIR": "Outbound", "STOP": 38.0, "STOPNAME": "LOMAS @ CARLISLE", "DAY_ON": 4.3600732600700001, "DAY_OFF": 4.4951465201499996, "DAY_TOT": 8.8552197802200006, "LAT": 35.087572447500001, "LONG": -106.604757568 }, "geometry": { "type": "Point", "coordinates": [ -106.60475756802721, 35.087572447540566 ] } },
{ "type": "Feature", "properties": { "ROUTE": 11.0, "DAY": "WKDY", "DIR": "Outbound", "STOP": 39.0, "STOPNAME": "LOMAS @ TULANE", "DAY_ON": 1.3479853479899999, "DAY_OFF": 0.99358974358999996, "DAY_TOT": 2.3415750915800002, "LAT": 35.087579166600001, "LONG": -106.606898359 }, "geometry": { "type": "Point", "coordinates": [ -106.606898359017961, 35.087579166623058 ] } },
{ "type": "Feature", "properties": { "ROUTE": 11.0, "DAY": "WKDY", "DIR": "Outbound", "STOP": 40.0, "STOPNAME": "LOMAS @ LOMA VISTA", "DAY_ON": 0.56336996337, "DAY_OFF": 1.0, "DAY_TOT": 1.56336996337, "LAT": 35.087581592, "LONG": -106.609241353 }, "geometry": { "type": "Point", "coordinates": [ -106.60924135317461, 35.087581591967549 ] } },
{ "type": "Feature", "properties": { "ROUTE": 11.0, "DAY": "WKDY", "DIR": "Outbound", "STOP": 41.0, "STOPNAME": "LOMAS @ GIRARD", "DAY_ON": 1.88553113553, "DAY_OFF": 3.6882783882800001, "DAY_TOT": 5.5738095238099996, "LAT": 35.087576164700003, "LONG": -106.612070569 }, "geometry": { "type": "Point", "coordinates": [ -106.612070568637705, 35.087576164747944 ] } },
{ "type": "Feature", "properties": { "ROUTE": 11.0, "DAY": "WKDY", "DIR": "Outbound", "STOP": 42.0, "STOPNAME": "LOMAS @ GIRARD", "DAY_ON": 1.36446886447, "DAY_OFF": 2.8752747252700002, "DAY_TOT": 4.2397435897399998, "LAT": 35.087555300799998, "LONG": -106.613607511 }, "geometry": { "type": "Point", "coordinates": [ -106.613607510727363, 35.087555300802372 ] } },
{ "type": "Feature", "properties": { "ROUTE": 11.0, "DAY": "WKDY", "DIR": "Outbound", "STOP": 43.0, "STOPNAME": "LOMAS @ VASSAR", "DAY_ON": 0.0, "DAY_OFF": 1.6301282051299999, "DAY_TOT": 1.6301282051299999, "LAT": 35.087530367399999, "LONG": -106.61611365100001 }, "geometry": { "type": "Point", "coordinates": [ -106.616113651316937, 35.087530367390549 ] } },
{ "type": "Feature", "properties": { "ROUTE": 11.0, "DAY": "WKDY", "DIR": "Outbound", "STOP": 44.0, "STOPNAME": "LOMAS @ UNM HOSPITAL", "DAY_ON": 27.5684981685, "DAY_OFF": 48.076831501800001, "DAY_TOT": 75.645329670300001, "LAT": 35.087550975699997, "LONG": -106.61787405699999 }, "geometry": { "type": "Point", "coordinates": [ -106.617874056732973, 35.087550975710805 ] } },
{ "type": "Feature", "properties": { "ROUTE": 11.0, "DAY": "WKDY", "DIR": "Outbound", "STOP": 45.0, "STOPNAME": "LOMAS @ YALE", "DAY_ON": 0.0, "DAY_OFF": 0.1, "DAY_TOT": 0.1, "LAT": 35.0886782189, "LONG": -106.621614634 }, "geometry": { "type": "Point", "coordinates": [ -106.621614633699664, 35.088678218908093 ] } },
{ "type": "Feature", "properties": { "ROUTE": 11.0, "DAY": "WKDY", "DIR": "Outbound", "STOP": 46.0, "STOPNAME": "LOMAS @ YALE", "DAY_ON": 12.3125457875, "DAY_OFF": 9.775, "DAY_TOT": 22.087545787500002, "LAT": 35.089560848700003, "LONG": -106.62346034799999 }, "geometry": { "type": "Point", "coordinates": [ -106.623460348116183, 35.08956084872667 ] } },
{ "type": "Feature", "properties": { "ROUTE": 11.0, "DAY": "WKDY", "DIR": "Outbound", "STOP": 47.0, "STOPNAME": "LOMAS @ UNIVERSITY", "DAY_ON": 3.90082417582, "DAY_OFF": 9.4297619047599994, "DAY_TOT": 13.3305860806, "LAT": 35.090680748899999, "LONG": -106.62590271800001 }, "geometry": { "type": "Point", "coordinates": [ -106.625902718166756, 35.090680748866205 ] } },
{ "type": "Feature", "properties": { "ROUTE": 11.0, "DAY": "WKDY", "DIR": "Outbound", "STOP": 48.0, "STOPNAME": "LOMAS @ LEGION", "DAY_ON": 0.0, "DAY_OFF": 0.99267399267, "DAY_TOT": 0.99267399267, "LAT": 35.091790658900003, "LONG": -106.629136128 }, "geometry": { "type": "Point", "coordinates": [ -106.629136128248746, 35.091790658904593 ] } },
{ "type": "Feature", "properties": { "ROUTE": 11.0, "DAY": "WKDY", "DIR": "Outbound", "STOP": 49.0, "STOPNAME": "LOMAS @ OAK", "DAY_ON": 0.2967032967, "DAY_OFF": 5.5948717948700004, "DAY_TOT": 5.89157509158, "LAT": 35.091934070299999, "LONG": -106.63198106500001 }, "geometry": { "type": "Point", "coordinates": [ -106.63198106484387, 35.091934070338397 ] } },
{ "type": "Feature", "properties": { "ROUTE": 11.0, "DAY": "WKDY", "DIR": "Outbound", "STOP": 50.0, "STOPNAME": "LOMAS @ WOODWARD", "DAY_ON": 1.3728937728899999, "DAY_OFF": 6.5841575091599998, "DAY_TOT": 7.9570512820500001, "LAT": 35.090240526000002, "LONG": -106.63790454 }, "geometry": { "type": "Point", "coordinates": [ -106.63790454029305, 35.090240526033483 ] } },
{ "type": "Feature", "properties": { "ROUTE": 11.0, "DAY": "WKDY", "DIR": "Outbound", "STOP": 51.0, "STOPNAME": "LOMAS @ EDITH", "DAY_ON": 1.0415750915799999, "DAY_OFF": 10.227350427399999, "DAY_TOT": 11.2689255189, "LAT": 35.090047806400001, "LONG": -106.640217761 }, "geometry": { "type": "Point", "coordinates": [ -106.640217761439615, 35.090047806413153 ] } },
{ "type": "Feature", "properties": { "ROUTE": 11.0, "DAY": "WKDY", "DIR": "Outbound", "STOP": 52.0, "STOPNAME": "LOMAS @ BROADWAY", "DAY_ON": 1.30769230769, "DAY_OFF": 8.8657509157500005, "DAY_TOT": 10.1734432234, "LAT": 35.090346247500001, "LONG": -106.643040869 }, "geometry": { "type": "Point", "coordinates": [ -106.643040868524338, 35.090346247514397 ] } },
{ "type": "Feature", "properties": { "ROUTE": 11.0, "DAY": "WKDY", "DIR": "Outbound", "STOP": 53.0, "STOPNAME": "LOMAS @ BROADWAY", "DAY_ON": 3.07600732601, "DAY_OFF": 2.11538461538, "DAY_TOT": 5.19139194139, "LAT": 35.090413650400002, "LONG": -106.643596526 }, "geometry": { "type": "Point", "coordinates": [ -106.64359652633874, 35.090413650444788 ] } },
{ "type": "Feature", "properties": { "ROUTE": 11.0, "DAY": "WKDY", "DIR": "Outbound", "STOP": 54.0, "STOPNAME": "LOMAS @ BROADWAY", "DAY_ON": 2.0723443223400002, "DAY_OFF": 5.61886446886, "DAY_TOT": 7.6912087912100002, "LAT": 35.0906663958, "LONG": -106.645788858 }, "geometry": { "type": "Point", "coordinates": [ -106.645788857666133, 35.090666395778833 ] } },
{ "type": "Feature", "properties": { "ROUTE": 11.0, "DAY": "WKDY", "DIR": "Outbound", "STOP": 55.0, "STOPNAME": "2ND @ LOMAS", "DAY_ON": 7.6752747252700004, "DAY_OFF": 27.0712454212, "DAY_TOT": 34.746520146500004, "LAT": 35.090019563799999, "LONG": -106.648159913 }, "geometry": { "type": "Point", "coordinates": [ -106.648159912611177, 35.090019563753707 ] } },
{ "type": "Feature", "properties": { "ROUTE": 11.0, "DAY": "WKDY", "DIR": "Outbound", "STOP": 56.0, "STOPNAME": "2ND @ MARQUETTE", "DAY_ON": 1.3274725274700001, "DAY_OFF": 5.4796703296700002, "DAY_TOT": 6.8071428571399997, "LAT": 35.087651878599999, "LONG": -106.648618922 }, "geometry": { "type": "Point", "coordinates": [ -106.648618922117578, 35.08765187859759 ] } },
{ "type": "Feature", "properties": { "ROUTE": 11.0, "DAY": "WKDY", "DIR": "Outbound", "STOP": 57.0, "STOPNAME": "2ND @ COPPER", "DAY_ON": 0.89487179487000001, "DAY_OFF": 20.7992673993, "DAY_TOT": 21.6941391941, "LAT": 35.085463886699998, "LONG": -106.649038929 }, "geometry": { "type": "Point", "coordinates": [ -106.649038929443577, 35.085463886708524 ] } },
{ "type": "Feature", "properties": { "ROUTE": 11.0, "DAY": "WKDY", "DIR": "Outbound", "STOP": 58.0, "STOPNAME": "A.T.C.", "DAY_ON": 0.0, "DAY_OFF": 136.42179487199999, "DAY_TOT": 136.42179487199999, "LAT": 35.083200461499999, "LONG": -106.64754646900001 }, "geometry": { "type": "Point", "coordinates": [ -106.647546468602826, 35.083200461451241 ] } },
{ "type": "Feature", "properties": { "ROUTE": 11.0, "DAY": "WKDY", "DIR": "Inbound", "STOP": 1.0, "STOPNAME": "A.T.C.", "DAY_ON": 125.986446886, "DAY_OFF": 0.0, "DAY_TOT": 125.986446886, "LAT": 35.083458184400001, "LONG": -106.64754919000001 }, "geometry": { "type": "Point", "coordinates": [ -106.647549190476198, 35.083458184371196 ] } },
{ "type": "Feature", "properties": { "ROUTE": 11.0, "DAY": "WKDY", "DIR": "Inbound", "STOP": 2.0, "STOPNAME": "2ND @ MARQUETTE", "DAY_ON": 9.1730602730600008, "DAY_OFF": 0.58076923076999998, "DAY_TOT": 9.7538295038299996, "LAT": 35.087660824899999, "LONG": -106.648567457 }, "geometry": { "type": "Point", "coordinates": [ -106.648567457494877, 35.087660824944905 ] } },
{ "type": "Feature", "properties": { "ROUTE": 11.0, "DAY": "WKDY", "DIR": "Inbound", "STOP": 3.0, "STOPNAME": "2ND @ ROMA", "DAY_ON": 3.50915750916, "DAY_OFF": 0.8812021312, "DAY_TOT": 4.3903596403599998, "LAT": 35.0892532644, "LONG": -106.648258617 }, "geometry": { "type": "Point", "coordinates": [ -106.648258617406398, 35.089253264402267 ] } },
{ "type": "Feature", "properties": { "ROUTE": 11.0, "DAY": "WKDY", "DIR": "Inbound", "STOP": 4.0, "STOPNAME": "LOMAS @ 1ST", "DAY_ON": 32.881951381999997, "DAY_OFF": 8.00532800533, "DAY_TOT": 40.887279387299998, "LAT": 35.090559995500001, "LONG": -106.646148944 }, "geometry": { "type": "Point", "coordinates": [ -106.646148943604004, 35.090559995472788 ] } },
{ "type": "Feature", "properties": { "ROUTE": 11.0, "DAY": "WKDY", "DIR": "Inbound", "STOP": 5.0, "STOPNAME": "LOMAS @ BROADWAY", "DAY_ON": 6.6289044289000003, "DAY_OFF": 3.1183316683300002, "DAY_TOT": 9.7472360972400001, "LAT": 35.090291354000001, "LONG": -106.644074097 }, "geometry": { "type": "Point", "coordinates": [ -106.644074097355031, 35.090291353971416 ] } },
{ "type": "Feature", "properties": { "ROUTE": 11.0, "DAY": "WKDY", "DIR": "Inbound", "STOP": 6.0, "STOPNAME": "LOMAS @ EDITH", "DAY_ON": 13.783133533099999, "DAY_OFF": 3.1038461538500002, "DAY_TOT": 16.886979687, "LAT": 35.089800325900001, "LONG": -106.640110183 }, "geometry": { "type": "Point", "coordinates": [ -106.640110183411835, 35.08980032588839 ] } },
{ "type": "Feature", "properties": { "ROUTE": 11.0, "DAY": "WKDY", "DIR": "Inbound", "STOP": 7.0, "STOPNAME": "LOMAS @ WOODWARD", "DAY_ON": 7.8498168498199998, "DAY_OFF": 1.57362637363, "DAY_TOT": 9.4234432234399996, "LAT": 35.090309957800002, "LONG": -106.63660315200001 }, "geometry": { "type": "Point", "coordinates": [ -106.636603152363477, 35.090309957788243 ] } },
{ "type": "Feature", "properties": { "ROUTE": 11.0, "DAY": "WKDY", "DIR": "Inbound", "STOP": 8.0, "STOPNAME": "LOMAS @ MEDICAL ARTS", "DAY_ON": 6.673992674, "DAY_OFF": 2.7646520146500002, "DAY_TOT": 9.4386446886499993, "LAT": 35.0917328082, "LONG": -106.63275093 }, "geometry": { "type": "Point", "coordinates": [ -106.632750930228497, 35.091732808215589 ] } },
{ "type": "Feature", "properties": { "ROUTE": 11.0, "DAY": "WKDY", "DIR": "Inbound", "STOP": 9.0, "STOPNAME": "LOMAS @ MEDICAL ARTS", "DAY_ON": 0.09090909091, "DAY_OFF": 0.0, "DAY_TOT": 0.09090909091, "LAT": 35.091574528400002, "LONG": -106.629132055 }, "geometry": { "type": "Point", "coordinates": [ -106.629132055301852, 35.091574528447751 ] } },
{ "type": "Feature", "properties": { "ROUTE": 11.0, "DAY": "WKDY", "DIR": "Inbound", "STOP": 10.0, "STOPNAME": "LOMAS @ UNIVERSITY", "DAY_ON": 6.1578255078300002, "DAY_OFF": 4.9044622044599997, "DAY_TOT": 11.0622877123, "LAT": 35.0904282626, "LONG": -106.625783657 }, "geometry": { "type": "Point", "coordinates": [ -106.625783657461568, 35.090428262610409 ] } },
{ "type": "Feature", "properties": { "ROUTE": 11.0, "DAY": "WKDY", "DIR": "Inbound", "STOP": 11.0, "STOPNAME": "LOMAS @ UNIVERSITY", "DAY_ON": 12.510273060299999, "DAY_OFF": 9.1932900432900002, "DAY_TOT": 21.703563103600001, "LAT": 35.089519074599998, "LONG": -106.62382338499999 }, "geometry": { "type": "Point", "coordinates": [ -106.623823384750153, 35.089519074592076 ] } },
{ "type": "Feature", "properties": { "ROUTE": 11.0, "DAY": "WKDY", "DIR": "Inbound", "STOP": 12.0, "STOPNAME": "LOMAS @ YALE", "DAY_ON": 15.564485514499999, "DAY_OFF": 3.3185314685299998, "DAY_TOT": 18.883016983000001, "LAT": 35.0884158239, "LONG": -106.621401441 }, "geometry": { "type": "Point", "coordinates": [ -106.621401440733862, 35.08841582389833 ] } },
{ "type": "Feature", "properties": { "ROUTE": 11.0, "DAY": "WKDY", "DIR": "Inbound", "STOP": 13.0, "STOPNAME": "LOMAS @ STANFORD", "DAY_ON": 38.105794205800002, "DAY_OFF": 15.2809190809, "DAY_TOT": 53.386713286700001, "LAT": 35.087395372800003, "LONG": -106.61784384400001 }, "geometry": { "type": "Point", "coordinates": [ -106.617843844124138, 35.087395372809723 ] } },
{ "type": "Feature", "properties": { "ROUTE": 11.0, "DAY": "WKDY", "DIR": "Inbound", "STOP": 14.0, "STOPNAME": "LOMAS @ VASSAR", "DAY_ON": 3.3494005994, "DAY_OFF": 2.7028138528099999, "DAY_TOT": 6.0522144522100003, "LAT": 35.087387575500003, "LONG": -106.615520512 }, "geometry": { "type": "Point", "coordinates": [ -106.615520512336914, 35.087387575543502 ] } },
{ "type": "Feature", "properties": { "ROUTE": 11.0, "DAY": "WKDY", "DIR": "Inbound", "STOP": 15.0, "STOPNAME": "LOMAS @ GIRARD", "DAY_ON": 3.1226606726599999, "DAY_OFF": 3.23481518482, "DAY_TOT": 6.3574758574799999, "LAT": 35.087395546099998, "LONG": -106.612627268 }, "geometry": { "type": "Point", "coordinates": [ -106.612627267874984, 35.087395546120547 ] } },
{ "type": "Feature", "properties": { "ROUTE": 11.0, "DAY": "WKDY", "DIR": "Inbound", "STOP": 16.0, "STOPNAME": "LOMAS @ RICHMOND", "DAY_ON": 0.61263736264000002, "DAY_OFF": 0.64743589743999996, "DAY_TOT": 1.26007326007, "LAT": 35.08740837, "LONG": -106.610325734 }, "geometry": { "type": "Point", "coordinates": [ -106.610325734130925, 35.08740836995544 ] } },
{ "type": "Feature", "properties": { "ROUTE": 11.0, "DAY": "WKDY", "DIR": "Inbound", "STOP": 17.0, "STOPNAME": "LOMAS @ WELLESLEY", "DAY_ON": 0.30311355311, "DAY_OFF": 0.3141025641, "DAY_TOT": 0.61721611722000003, "LAT": 35.087407750600001, "LONG": -106.60810277500001 }, "geometry": { "type": "Point", "coordinates": [ -106.608102774891748, 35.087407750558974 ] } },
{ "type": "Feature", "properties": { "ROUTE": 11.0, "DAY": "WKDY", "DIR": "Inbound", "STOP": 18.0, "STOPNAME": "LOMAS @ CARLISLE", "DAY_ON": 16.908141858099999, "DAY_OFF": 9.9552114552099997, "DAY_TOT": 26.863353313400001, "LAT": 35.087387110900004, "LONG": -106.60359689400001 }, "geometry": { "type": "Point", "coordinates": [ -106.603596894169314, 35.087387110944597 ] } },
{ "type": "Feature", "properties": { "ROUTE": 11.0, "DAY": "WKDY", "DIR": "Inbound", "STOP": 19.0, "STOPNAME": "LOMAS @ MORNINGSIDE", "DAY_ON": 0.0, "DAY_OFF": 0.56978021978000004, "DAY_TOT": 0.56978021978000004, "LAT": 35.087379063699998, "LONG": -106.599981099 }, "geometry": { "type": "Point", "coordinates": [ -106.599981098702884, 35.087379063706138 ] } },
{ "type": "Feature", "properties": { "ROUTE": 11.0, "DAY": "WKDY", "DIR": "Inbound", "STOP": 20.0, "STOPNAME": "LOMAS @ MORNINGSIDE", "DAY_ON": 2.90929070929, "DAY_OFF": 0.82600732601000004, "DAY_TOT": 3.7352980353, "LAT": 35.087372136500001, "LONG": -106.598732013 }, "geometry": { "type": "Point", "coordinates": [ -106.598732012939422, 35.087372136530135 ] } },
{ "type": "Feature", "properties": { "ROUTE": 11.0, "DAY": "WKDY", "DIR": "Inbound", "STOP": 21.0, "STOPNAME": "LOMAS @ WASHINGTON", "DAY_ON": 1.1861471861499999, "DAY_OFF": 2.13578088578, "DAY_TOT": 3.3219280719299999, "LAT": 35.087363565899999, "LONG": -106.596508078 }, "geometry": { "type": "Point", "coordinates": [ -106.596508077644557, 35.087363565926147 ] } },
{ "type": "Feature", "properties": { "ROUTE": 11.0, "DAY": "WKDY", "DIR": "Inbound", "STOP": 22.0, "STOPNAME": "LOMAS @ ADAMS", "DAY_ON": 4.2667332667300002, "DAY_OFF": 2.5520812520799998, "DAY_TOT": 6.81881451881, "LAT": 35.087369242599998, "LONG": -106.594345088 }, "geometry": { "type": "Point", "coordinates": [ -106.594345088467094, 35.08736924263831 ] } },
{ "type": "Feature", "properties": { "ROUTE": 11.0, "DAY": "WKDY", "DIR": "Inbound", "STOP": 23.0, "STOPNAME": "LOMAS @ JEFFERSON", "DAY_ON": 0.57051282050999996, "DAY_OFF": 3.2295371295400002, "DAY_TOT": 3.80004995005, "LAT": 35.087373092599996, "LONG": -106.592707143 }, "geometry": { "type": "Point", "coordinates": [ -106.592707142952278, 35.087373092582027 ] } },
{ "type": "Feature", "properties": { "ROUTE": 11.0, "DAY": "WKDY", "DIR": "Inbound", "STOP": 24.0, "STOPNAME": "LOMAS @ MONROE", "DAY_ON": 3.464002664, "DAY_OFF": 8.3428071928099996, "DAY_TOT": 11.806809856799999, "LAT": 35.087368798599996, "LONG": -106.590328707 }, "geometry": { "type": "Point", "coordinates": [ -106.590328707118289, 35.087368798606164 ] } },
{ "type": "Feature", "properties": { "ROUTE": 11.0, "DAY": "WKDY", "DIR": "Inbound", "STOP": 25.0, "STOPNAME": "LOMAS @ SAN MATEO", "DAY_ON": 21.2127206127, "DAY_OFF": 22.7222610723, "DAY_TOT": 43.934981684999997, "LAT": 35.08731236, "LONG": -106.587211626 }, "geometry": { "type": "Point", "coordinates": [ -106.587211626286418, 35.087312359965438 ] } },
{ "type": "Feature", "properties": { "ROUTE": 11.0, "DAY": "WKDY", "DIR": "Inbound", "STOP": 26.0, "STOPNAME": "LOMAS @ SAN MATEO", "DAY_ON": 29.168531468499999, "DAY_OFF": 13.9727272727, "DAY_TOT": 43.1412587413, "LAT": 35.087323296299999, "LONG": -106.58560178899999 }, "geometry": { "type": "Point", "coordinates": [ -106.585601788687498, 35.087323296338575 ] } },
{ "type": "Feature", "properties": { "ROUTE": 11.0, "DAY": "WKDY", "DIR": "Inbound", "STOP": 27.0, "STOPNAME": "LOMAS @ LA VETA", "DAY_ON": 3.3991008991, "DAY_OFF": 2.1811355311399998, "DAY_TOT": 5.5802364302400003, "LAT": 35.087306069500002, "LONG": -106.583287939 }, "geometry": { "type": "Point", "coordinates": [ -106.583287939037163, 35.08730606952571 ] } },
{ "type": "Feature", "properties": { "ROUTE": 11.0, "DAY": "WKDY", "DIR": "Inbound", "STOP": 28.0, "STOPNAME": "LOMAS @ VALENCIA", "DAY_ON": 2.8301032301000002, "DAY_OFF": 7.4906759906799998, "DAY_TOT": 10.3207792208, "LAT": 35.087279141499998, "LONG": -106.580586735 }, "geometry": { "type": "Point", "coordinates": [ -106.580586735066504, 35.08727914148551 ] } },
{ "type": "Feature", "properties": { "ROUTE": 11.0, "DAY": "WKDY", "DIR": "Inbound", "STOP": 29.0, "STOPNAME": "LOMAS @ SAN PEDRO", "DAY_ON": 12.439343989299999, "DAY_OFF": 22.384598734600001, "DAY_TOT": 34.823942723899997, "LAT": 35.087249133, "LONG": -106.577736672 }, "geometry": { "type": "Point", "coordinates": [ -106.577736672137391, 35.087249133025708 ] } },
{ "type": "Feature", "properties": { "ROUTE": 11.0, "DAY": "WKDY", "DIR": "Inbound", "STOP": 30.0, "STOPNAME": "LOMAS @ SAN PEDRO", "DAY_ON": 20.349450549499998, "DAY_OFF": 1.36648351648, "DAY_TOT": 21.715934065900001, "LAT": 35.087244290800001, "LONG": -106.57677014399999 }, "geometry": { "type": "Point", "coordinates": [ -106.576770143554882, 35.087244290772723 ] } },
{ "type": "Feature", "properties": { "ROUTE": 11.0, "DAY": "WKDY", "DIR": "Inbound", "STOP": 31.0, "STOPNAME": "LOMAS @ LOUISIANA", "DAY_ON": 1.08461538462, "DAY_OFF": 1.66391941392, "DAY_TOT": 2.7485347985300002, "LAT": 35.087215034300002, "LONG": -106.573103377 }, "geometry": { "type": "Point", "coordinates": [ -106.573103377289371, 35.087215034275253 ] } },
{ "type": "Feature", "properties": { "ROUTE": 11.0, "DAY": "WKDY", "DIR": "Inbound", "STOP": 32.0, "STOPNAME": "LOMAS @ LOUISIANA", "DAY_ON": 4.0362637362599996, "DAY_OFF": 24.602014652000001, "DAY_TOT": 28.638278388300002, "LAT": 35.087182825600003, "LONG": -106.569319276 }, "geometry": { "type": "Point", "coordinates": [ -106.569319275946285, 35.087182825571254 ] } },
{ "type": "Feature", "properties": { "ROUTE": 11.0, "DAY": "WKDY", "DIR": "Inbound", "STOP": 33.0, "STOPNAME": "LOMAS @ LOUISIANA", "DAY_ON": 38.445421245399999, "DAY_OFF": 12.455677655700001, "DAY_TOT": 50.901098901099999, "LAT": 35.087180043700002, "LONG": -106.568139238 }, "geometry": { "type": "Point", "coordinates": [ -106.56813923800803, 35.08718004369441 ] } },
{ "type": "Feature", "properties": { "ROUTE": 11.0, "DAY": "WKDY", "DIR": "Inbound", "STOP": 34.0, "STOPNAME": "LOMAS @ CHAMA", "DAY_ON": 4.1038461538500002, "DAY_OFF": 1.2472527472499999, "DAY_TOT": 5.3510989011000003, "LAT": 35.087186046500001, "LONG": -106.565545152 }, "geometry": { "type": "Point", "coordinates": [ -106.565545152450724, 35.087186046485265 ] } },
{ "type": "Feature", "properties": { "ROUTE": 11.0, "DAY": "WKDY", "DIR": "Inbound", "STOP": 35.0, "STOPNAME": "LOMAS @ GROVE", "DAY_ON": 5.7432234432199998, "DAY_OFF": 6.9018315018300003, "DAY_TOT": 12.6450549451, "LAT": 35.0871903707, "LONG": -106.5632952 }, "geometry": { "type": "Point", "coordinates": [ -106.563295199982548, 35.087190370748303 ] } },
{ "type": "Feature", "properties": { "ROUTE": 11.0, "DAY": "WKDY", "DIR": "Inbound", "STOP": 36.0, "STOPNAME": "LOMAS @ CHARLESTON", "DAY_ON": 1.2390109890100001, "DAY_OFF": 3.6695970696, "DAY_TOT": 4.9086080586099996, "LAT": 35.087236874600002, "LONG": -106.561080369 }, "geometry": { "type": "Point", "coordinates": [ -106.561080369265667, 35.087236874585741 ] } },
{ "type": "Feature", "properties": { "ROUTE": 11.0, "DAY": "WKDY", "DIR": "Inbound", "STOP": 37.0, "STOPNAME": "LOMAS @ DALLAS", "DAY_ON": 2.2527472527499999, "DAY_OFF": 9.5811355311399993, "DAY_TOT": 11.8338827839, "LAT": 35.087241870299998, "LONG": -106.5588187 }, "geometry": { "type": "Point", "coordinates": [ -106.558818699982567, 35.087241870312212 ] } },
{ "type": "Feature", "properties": { "ROUTE": 11.0, "DAY": "WKDY", "DIR": "Inbound", "STOP": 38.0, "STOPNAME": "LOMAS @ TENNESSEE", "DAY_ON": 3.11758241758, "DAY_OFF": 12.467582417599999, "DAY_TOT": 15.585164835200001, "LAT": 35.087259150900003, "LONG": -106.55627401300001 }, "geometry": { "type": "Point", "coordinates": [ -106.556274012646099, 35.087259150880854 ] } },
{ "type": "Feature", "properties": { "ROUTE": 11.0, "DAY": "WKDY", "DIR": "Inbound", "STOP": 39.0, "STOPNAME": "LOMAS @ UTAH", "DAY_ON": 4.3820512820499999, "DAY_OFF": 3.2659340659299998, "DAY_TOT": 7.6479853479899997, "LAT": 35.087274167499999, "LONG": -106.554262489 }, "geometry": { "type": "Point", "coordinates": [ -106.554262489185419, 35.087274167538816 ] } },
{ "type": "Feature", "properties": { "ROUTE": 11.0, "DAY": "WKDY", "DIR": "Inbound", "STOP": 40.0, "STOPNAME": "LOMAS @ WYOMING", "DAY_ON": 13.9175824176, "DAY_OFF": 17.779120879099999, "DAY_TOT": 31.696703296700001, "LAT": 35.087291171899999, "LONG": -106.551012413 }, "geometry": { "type": "Point", "coordinates": [ -106.551012412523988, 35.087291171899523 ] } },
{ "type": "Feature", "properties": { "ROUTE": 11.0, "DAY": "WKDY", "DIR": "Inbound", "STOP": 41.0, "STOPNAME": "LOMAS @ WYOMING", "DAY_ON": 4.4516483516500003, "DAY_OFF": 4.6886446886400002, "DAY_TOT": 9.1402930402900004, "LAT": 35.087185259199998, "LONG": -106.549634604 }, "geometry": { "type": "Point", "coordinates": [ -106.549634603697882, 35.087185259201114 ] } },
{ "type": "Feature", "properties": { "ROUTE": 11.0, "DAY": "WKDY", "DIR": "Inbound", "STOP": 42.0, "STOPNAME": "LOMAS @ HERNDON", "DAY_ON": 1.2833333333300001, "DAY_OFF": 1.6467032967, "DAY_TOT": 2.93003663004, "LAT": 35.086899777600003, "LONG": -106.54686311899999 }, "geometry": { "type": "Point", "coordinates": [ -106.546863118524314, 35.08689977760335 ] } },
{ "type": "Feature", "properties": { "ROUTE": 11.0, "DAY": "WKDY", "DIR": "Inbound", "STOP": 43.0, "STOPNAME": "LOMAS @ EASTERDAY", "DAY_ON": 4.2032967033000004, "DAY_OFF": 7.6798534798500002, "DAY_TOT": 11.8831501832, "LAT": 35.087529486299999, "LONG": -106.53953722200001 }, "geometry": { "type": "Point", "coordinates": [ -106.539537222222236, 35.087529486307332 ] } },
{ "type": "Feature", "properties": { "ROUTE": 11.0, "DAY": "WKDY", "DIR": "Inbound", "STOP": 44.0, "STOPNAME": null, "DAY_ON": 0.67032967033000002, "DAY_OFF": 1.6036630036599999, "DAY_TOT": 2.27399267399, "LAT": 35.0873055542, "LONG": -106.53698873800001 }, "geometry": { "type": "Point", "coordinates": [ -106.536988737920808, 35.08730555424733 ] } },
{ "type": "Feature", "properties": { "ROUTE": 11.0, "DAY": "WKDY", "DIR": "Inbound", "STOP": 45.0, "STOPNAME": "LOMAS @ EUBANK", "DAY_ON": 4.0027472527499999, "DAY_OFF": 18.544139194100001, "DAY_TOT": 22.5468864469, "LAT": 35.087138291300001, "LONG": -106.532927868 }, "geometry": { "type": "Point", "coordinates": [ -106.532927867870214, 35.087138291296014 ] } },
{ "type": "Feature", "properties": { "ROUTE": 11.0, "DAY": "WKDY", "DIR": "Inbound", "STOP": 46.0, "STOPNAME": "LOMAS @ EUBANK", "DAY_ON": 7.9261904761900004, "DAY_OFF": 18.815934065899999, "DAY_TOT": 26.742124542100001, "LAT": 35.0871098772, "LONG": -106.532022361 }, "geometry": { "type": "Point", "coordinates": [ -106.532022360718656, 35.08710987720216 ] } },
{ "type": "Feature", "properties": { "ROUTE": 11.0, "DAY": "WKDY", "DIR": "Inbound", "STOP": 47.0, "STOPNAME": "LOMAS @ HOTEL CIR.", "DAY_ON": 9.1813186813200005, "DAY_OFF": 13.798168498200001, "DAY_TOT": 22.979487179500001, "LAT": 35.0870280042, "LONG": -106.529385979 }, "geometry": { "type": "Point", "coordinates": [ -106.529385978981324, 35.087028004186294 ] } },
{ "type": "Feature", "properties": { "ROUTE": 11.0, "DAY": "WKDY", "DIR": "Inbound", "STOP": 48.0, "STOPNAME": "LOMAS @ TOMASITA", "DAY_ON": 8.2717948717900001, "DAY_OFF": 16.166117216100002, "DAY_TOT": 24.437912087899999, "LAT": 35.08692583, "LONG": -106.525444218 }, "geometry": { "type": "Point", "coordinates": [ -106.525444218210353, 35.08692583001919 ] } },
{ "type": "Feature", "properties": { "ROUTE": 11.0, "DAY": "WKDY", "DIR": "Inbound", "STOP": 49.0, "STOPNAME": "LOMAS @ MARCELLA", "DAY_ON": 0.91263736263999995, "DAY_OFF": 3.53754578755, "DAY_TOT": 4.45018315018, "LAT": 35.086868616300002, "LONG": -106.521798769 }, "geometry": { "type": "Point", "coordinates": [ -106.521798769143558, 35.08686861634397 ] } },
{ "type": "Feature", "properties": { "ROUTE": 11.0, "DAY": "WKDY", "DIR": "Inbound", "STOP": 50.0, "STOPNAME": "LOMAS @ GRACE", "DAY_ON": 0.2967032967, "DAY_OFF": 1.06794871795, "DAY_TOT": 1.3646520146500001, "LAT": 35.0868183694, "LONG": -106.520108072 }, "geometry": { "type": "Point", "coordinates": [ -106.520108071951853, 35.086818369352862 ] } },
{ "type": "Feature", "properties": { "ROUTE": 11.0, "DAY": "WKDY", "DIR": "Inbound", "STOP": 51.0, "STOPNAME": "LOMAS @ SHIRLEY", "DAY_ON": 2.0322344322300001, "DAY_OFF": 7.7481684981700001, "DAY_TOT": 9.7804029303999993, "LAT": 35.086766563899999, "LONG": -106.518338519 }, "geometry": { "type": "Point", "coordinates": [ -106.518338518751108, 35.086766563928144 ] } },
{ "type": "Feature", "properties": { "ROUTE": 11.0, "DAY": "WKDY", "DIR": "Inbound", "STOP": 52.0, "STOPNAME": "LOMAS @ JUAN TABO", "DAY_ON": 7.72289377289, "DAY_OFF": 25.415018315000001, "DAY_TOT": 33.137912087899998, "LAT": 35.086680233700001, "LONG": -106.515444161 }, "geometry": { "type": "Point", "coordinates": [ -106.515444161259353, 35.086680233734519 ] } },
{ "type": "Feature", "properties": { "ROUTE": 11.0, "DAY": "WKDY", "DIR": "Inbound", "STOP": 53.0, "STOPNAME": "LOMAS @ JUAN TABO", "DAY_ON": 11.906227106199999, "DAY_OFF": 24.395787545800001, "DAY_TOT": 36.302014651999997, "LAT": 35.086651280700003, "LONG": -106.514473589 }, "geometry": { "type": "Point", "coordinates": [ -106.514473588784227, 35.086651280743084 ] } },
{ "type": "Feature", "properties": { "ROUTE": 11.0, "DAY": "WKDY", "DIR": "Inbound", "STOP": 54.0, "STOPNAME": "LOMAS @ JUAN TABO", "DAY_ON": 2.7234432234399999, "DAY_OFF": 9.0087912087900008, "DAY_TOT": 11.7322344322, "LAT": 35.086576141499997, "LONG": -106.511780328 }, "geometry": { "type": "Point", "coordinates": [ -106.511780328013259, 35.086576141548932 ] } },
{ "type": "Feature", "properties": { "ROUTE": 11.0, "DAY": "WKDY", "DIR": "Inbound", "STOP": 55.0, "STOPNAME": "LOMAS @ CHELWOOD PARK", "DAY_ON": 1.7564102564099999, "DAY_OFF": 4.0190476190500002, "DAY_TOT": 5.7754578754599999, "LAT": 35.086465205700001, "LONG": -106.50775734600001 }, "geometry": { "type": "Point", "coordinates": [ -106.507757345979414, 35.086465205738705 ] } },
{ "type": "Feature", "properties": { "ROUTE": 11.0, "DAY": "WKDY", "DIR": "Inbound", "STOP": 56.0, "STOPNAME": "LOMAS @ CHELWOOD PARK", "DAY_ON": 2.1320512820499999, "DAY_OFF": 18.548351648400001, "DAY_TOT": 20.6804029304, "LAT": 35.086419457600002, "LONG": -106.50582258 }, "geometry": { "type": "Point", "coordinates": [ -106.505822579801162, 35.086419457613815 ] } },
{ "type": "Feature", "properties": { "ROUTE": 11.0, "DAY": "WKDY", "DIR": "Inbound", "STOP": 58.0, "STOPNAME": "LOMAS @ NAKOMAS", "DAY_ON": 2.1663003662999998, "DAY_OFF": 13.6327838828, "DAY_TOT": 15.7990842491, "LAT": 35.086341031300002, "LONG": -106.502759383 }, "geometry": { "type": "Point", "coordinates": [ -106.502759382522243, 35.086341031309978 ] } },
{ "type": "Feature", "properties": { "ROUTE": 11.0, "DAY": "WKDY", "DIR": "Inbound", "STOP": 59.0, "STOPNAME": "LOMAS @ PAWNEE", "DAY_ON": 3.5604395604399999, "DAY_OFF": 17.4042124542, "DAY_TOT": 20.9646520147, "LAT": 35.086256257499997, "LONG": -106.499229488 }, "geometry": { "type": "Point", "coordinates": [ -106.499229488400516, 35.086256257544051 ] } },
{ "type": "Feature", "properties": { "ROUTE": 11.0, "DAY": "WKDY", "DIR": "Inbound", "STOP": 60.0, "STOPNAME": "LOMAS @ HUPMOBILE", "DAY_ON": 7.4426739926699996, "DAY_OFF": 11.770146520100001, "DAY_TOT": 19.2128205128, "LAT": 35.086166299699997, "LONG": -106.495545221 }, "geometry": { "type": "Point", "coordinates": [ -106.495545221028948, 35.086166299741926 ] } },
{ "type": "Feature", "properties": { "ROUTE": 11.0, "DAY": "WKDY", "DIR": "Inbound", "STOP": 61.0, "STOPNAME": "LOMAS @ HUPMOBILE", "DAY_ON": 0.125, "DAY_OFF": 0.78315018314999996, "DAY_TOT": 0.90815018314999996, "LAT": 35.086272423700002, "LONG": -106.49392525099999 }, "geometry": { "type": "Point", "coordinates": [ -106.493925250624386, 35.086272423742926 ] } },
{ "type": "Feature", "properties": { "ROUTE": 11.0, "DAY": "WKDY", "DIR": "Inbound", "STOP": 62.0, "STOPNAME": "TURNER @ LOMAS", "DAY_ON": 1.4935897435900001, "DAY_OFF": 2.4377289377300002, "DAY_TOT": 3.9313186813200001, "LAT": 35.086625157900002, "LONG": -106.490903464 }, "geometry": { "type": "Point", "coordinates": [ -106.49090346449384, 35.086625157925418 ] } },
{ "type": "Feature", "properties": { "ROUTE": 11.0, "DAY": "WKDY", "DIR": "Inbound", "STOP": 63.0, "STOPNAME": "TURNER @ LAWRENCE", "DAY_ON": 0.23076923077, "DAY_OFF": 0.40769230768999998, "DAY_TOT": 0.63846153845999998, "LAT": 35.086097607799999, "LONG": -106.48994301800001 }, "geometry": { "type": "Point", "coordinates": [ -106.489943017898753, 35.086097607808853 ] } },
{ "type": "Feature", "properties": { "ROUTE": 11.0, "DAY": "WKDY", "DIR": "Inbound", "STOP": 64.0, "STOPNAME": "TURNER @ TURNER CT", "DAY_ON": 0.07692307692, "DAY_OFF": 0.40769230768999998, "DAY_TOT": 0.48461538461999998, "LAT": 35.084012447699997, "LONG": -106.489197006 }, "geometry": { "type": "Point", "coordinates": [ -106.48919700586913, 35.08401244767731 ] } },
{ "type": "Feature", "properties": { "ROUTE": 11.0, "DAY": "WKDY", "DIR": "Inbound", "STOP": 65.0, "STOPNAME": "TURNER @ GRAND", "DAY_ON": 0.07692307692, "DAY_OFF": 0.41025641025999998, "DAY_TOT": 0.48717948717999998, "LAT": 35.082105440299998, "LONG": -106.489162689 }, "geometry": { "type": "Point", "coordinates": [ -106.489162688936062, 35.082105440268059 ] } },
{ "type": "Feature", "properties": { "ROUTE": 11.0, "DAY": "WKDY", "DIR": "Inbound", "STOP": 66.0, "STOPNAME": "TURNER @ MOCHO", "DAY_ON": 0.81336996337, "DAY_OFF": 0.53846153846, "DAY_TOT": 1.35183150183, "LAT": 35.080183408899998, "LONG": -106.489177966 }, "geometry": { "type": "Point", "coordinates": [ -106.489177966450242, 35.080183408882796 ] } },
{ "type": "Feature", "properties": { "ROUTE": 11.0, "DAY": "WKDY", "DIR": "Inbound", "STOP": 67.0, "STOPNAME": "COPPER @ TURNER", "DAY_ON": 2.0648351648399998, "DAY_OFF": 5.2432234432199998, "DAY_TOT": 7.3080586080599996, "LAT": 35.0792369702, "LONG": -106.489568084 }, "geometry": { "type": "Point", "coordinates": [ -106.489568083749589, 35.0792369702381 ] } },
{ "type": "Feature", "properties": { "ROUTE": 11.0, "DAY": "WKDY", "DIR": "Inbound", "STOP": 68.0, "STOPNAME": "COPPER @ JEWEL", "DAY_ON": 7.7880952381000004, "DAY_OFF": 6.7043956044000002, "DAY_TOT": 14.492490842500001, "LAT": 35.0791783823, "LONG": -106.492507546 }, "geometry": { "type": "Point", "coordinates": [ -106.492507545621052, 35.079178382325999 ] } },
{ "type": "Feature", "properties": { "ROUTE": 11.0, "DAY": "WKDY", "DIR": "Inbound", "STOP": 69.0, "STOPNAME": "COPPER @ TRAMWAY", "DAY_ON": 2.9088827838800002, "DAY_OFF": 2.4754578754600001, "DAY_TOT": 5.3843406593400003, "LAT": 35.079137048200003, "LONG": -106.49608350600001 }, "geometry": { "type": "Point", "coordinates": [ -106.496083506493491, 35.07913704816017 ] } },
{ "type": "Feature", "properties": { "ROUTE": 11.0, "DAY": "WKDY", "DIR": "Inbound", "STOP": 70.0, "STOPNAME": "COPPER @ TRAMWAY", "DAY_ON": 24.3584249084, "DAY_OFF": 19.7465201465, "DAY_TOT": 44.1049450549, "LAT": 35.079160524700001, "LONG": -106.498203981 }, "geometry": { "type": "Point", "coordinates": [ -106.49820398085248, 35.079160524725275 ] } },
{ "type": "Feature", "properties": { "ROUTE": 11.0, "DAY": "WKDY", "DIR": "Inbound", "STOP": 71.0, "STOPNAME": "COPPER @ CAMINO DEL NORTE", "DAY_ON": 2.8765567765600002, "DAY_OFF": 4.2027472527500001, "DAY_TOT": 7.0793040293000002, "LAT": 35.079250097699997, "LONG": -106.503011884 }, "geometry": { "type": "Point", "coordinates": [ -106.503011883699628, 35.079250097735596 ] } },
{ "type": "Feature", "properties": { "ROUTE": 11.0, "DAY": "WKDY", "DIR": "Inbound", "STOP": 72.0, "STOPNAME": "COPPER @ CHELWOOD PARK", "DAY_ON": 6.4911172161200001, "DAY_OFF": 5.5957875457900004, "DAY_TOT": 12.0869047619, "LAT": 35.079323039599998, "LONG": -106.505672394 }, "geometry": { "type": "Point", "coordinates": [ -106.505672394355628, 35.079323039627042 ] } },
{ "type": "Feature", "properties": { "ROUTE": 11.0, "DAY": "WKDY", "DIR": "Inbound", "STOP": 73.0, "STOPNAME": "CHELWOOD @ COPPER", "DAY_ON": 6.3241758241800001, "DAY_OFF": 2.31776556777, "DAY_TOT": 8.6419413919399997, "LAT": 35.0811466834, "LONG": -106.50620059800001 }, "geometry": { "type": "Point", "coordinates": [ -106.506200598401577, 35.081146683441567 ] } },
{ "type": "Feature", "properties": { "ROUTE": 11.0, "DAY": "WKDY", "DIR": "Inbound", "STOP": 74.0, "STOPNAME": "CHELWOOD PARK @ MARQUETTE", "DAY_ON": 2.1947802197800002, "DAY_OFF": 0.40384615385, "DAY_TOT": 2.5986263736300002, "LAT": 35.0831970877, "LONG": -106.506212831 }, "geometry": { "type": "Point", "coordinates": [ -106.506212830877487, 35.083197087662349 ] } },
{ "type": "Feature", "properties": { "ROUTE": 11.0, "DAY": "WKDY", "DIR": "Inbound", "STOP": 75.0, "STOPNAME": "CHELWOOD PARK @ ROMA", "DAY_ON": 0.0, "DAY_OFF": 10.4445054945, "DAY_TOT": 10.4445054945, "LAT": 35.085787918500003, "LONG": -106.506289286 }, "geometry": { "type": "Point", "coordinates": [ -106.50628928579755, 35.085787918539793 ] } },
{ "type": "Feature", "properties": { "ROUTE": 16.0, "DAY": "WKDY", "DIR": "Outbound", "STOP": 1.0, "STOPNAME": "KENTUCKY @ GIBSON", "DAY_ON": 9.7223497304100004, "DAY_OFF": 0.0, "DAY_TOT": 9.7223497304100004, "LAT": 35.058523670299998, "LONG": -106.570492387 }, "geometry": { "type": "Point", "coordinates": [ -106.57049238691998, 35.058523670270105 ] } },
{ "type": "Feature", "properties": { "ROUTE": 16.0, "DAY": "WKDY", "DIR": "Outbound", "STOP": 2.0, "STOPNAME": "EASTERN @ LOUISIANA", "DAY_ON": 3.9659090909099999, "DAY_OFF": 0.1, "DAY_TOT": 4.06590909091, "LAT": 35.0599067116, "LONG": -106.569111392 }, "geometry": { "type": "Point", "coordinates": [ -106.569111392424233, 35.059906711616158 ] } },
{ "type": "Feature", "properties": { "ROUTE": 16.0, "DAY": "WKDY", "DIR": "Outbound", "STOP": 3.0, "STOPNAME": "GIBSON @ LOUISIANA", "DAY_ON": 1.36994949495, "DAY_OFF": 0.0, "DAY_TOT": 1.36994949495, "LAT": 35.058375775499997, "LONG": -106.569304557 }, "geometry": { "type": "Point", "coordinates": [ -106.56930455738339, 35.058375775493033 ] } },
{ "type": "Feature", "properties": { "ROUTE": 16.0, "DAY": "WKDY", "DIR": "Outbound", "STOP": 4.0, "STOPNAME": "GIBSON @ DAKOTA", "DAY_ON": 8.0075757575799997, "DAY_OFF": 0.0, "DAY_TOT": 8.0075757575799997, "LAT": 35.058351356899998, "LONG": -106.573877774 }, "geometry": { "type": "Point", "coordinates": [ -106.573877773569009, 35.058351356902364 ] } },
{ "type": "Feature", "properties": { "ROUTE": 16.0, "DAY": "WKDY", "DIR": "Outbound", "STOP": 5.0, "STOPNAME": "GIBSON @ SAN PEDRO", "DAY_ON": 14.705808080800001, "DAY_OFF": 0.75, "DAY_TOT": 15.455808080800001, "LAT": 35.058386190199997, "LONG": -106.577116382 }, "geometry": { "type": "Point", "coordinates": [ -106.577116382154898, 35.058386190235694 ] } },
{ "type": "Feature", "properties": { "ROUTE": 16.0, "DAY": "WKDY", "DIR": "Outbound", "STOP": 6.0, "STOPNAME": "GIBSON @ CARDENAS", "DAY_ON": 14.7095959596, "DAY_OFF": 1.6338383838399999, "DAY_TOT": 16.343434343399998, "LAT": 35.0584155, "LONG": -106.580199127 }, "geometry": { "type": "Point", "coordinates": [ -106.580199127104379, 35.0584155 ] } },
{ "type": "Feature", "properties": { "ROUTE": 16.0, "DAY": "WKDY", "DIR": "Outbound", "STOP": 7.0, "STOPNAME": "GIBSON @ VALENCIA", "DAY_ON": 1.17424242424, "DAY_OFF": 0.4595959596, "DAY_TOT": 1.6338383838399999, "LAT": 35.058433186000002, "LONG": -106.582144636 }, "geometry": { "type": "Point", "coordinates": [ -106.582144636363623, 35.058433186026932 ] } },
{ "type": "Feature", "properties": { "ROUTE": 16.0, "DAY": "WKDY", "DIR": "Outbound", "STOP": 8.0, "STOPNAME": "GIBSON @ MADEIRA", "DAY_ON": 15.873737373699999, "DAY_OFF": 1.61111111111, "DAY_TOT": 17.484848484800001, "LAT": 35.058449412500003, "LONG": -106.584011588 }, "geometry": { "type": "Point", "coordinates": [ -106.584011587542108, 35.058449412457904 ] } },
{ "type": "Feature", "properties": { "ROUTE": 16.0, "DAY": "WKDY", "DIR": "Outbound", "STOP": 9.0, "STOPNAME": "GIBSON @ SAN MATEO", "DAY_ON": 5.9659090909100003, "DAY_OFF": 7.3699494949500002, "DAY_TOT": 13.335858585900001, "LAT": 35.0584449949, "LONG": -106.585618397 }, "geometry": { "type": "Point", "coordinates": [ -106.585618397306405, 35.058444994949497 ] } },
{ "type": "Feature", "properties": { "ROUTE": 16.0, "DAY": "WKDY", "DIR": "Outbound", "STOP": 10.0, "STOPNAME": "GIBSON @ TRUMAN", "DAY_ON": 2.1944444444400002, "DAY_OFF": 0.63888888888999995, "DAY_TOT": 2.8333333333300001, "LAT": 35.058326801299998, "LONG": -106.58906586800001 }, "geometry": { "type": "Point", "coordinates": [ -106.58906586784515, 35.058326801346787 ] } },
{ "type": "Feature", "properties": { "ROUTE": 16.0, "DAY": "WKDY", "DIR": "Outbound", "STOP": 11.0, "STOPNAME": "GIBSON @ JACKSON", "DAY_ON": 0.64646464647000002, "DAY_OFF": 0.0, "DAY_TOT": 0.64646464647000002, "LAT": 35.058314862000003, "LONG": -106.591333418 }, "geometry": { "type": "Point", "coordinates": [ -106.591333417508423, 35.058314861952873 ] } },
{ "type": "Feature", "properties": { "ROUTE": 16.0, "DAY": "WKDY", "DIR": "Outbound", "STOP": 12.0, "STOPNAME": "GIBSON @ WASHINGTON", "DAY_ON": 0.53535353534999996, "DAY_OFF": 0.08333333333, "DAY_TOT": 0.61868686869, "LAT": 35.058319744099997, "LONG": -106.595571836 }, "geometry": { "type": "Point", "coordinates": [ -106.595571835858593, 35.058319744107742 ] } },
{ "type": "Feature", "properties": { "ROUTE": 16.0, "DAY": "WKDY", "DIR": "Outbound", "STOP": 13.0, "STOPNAME": "GIBSON @ MAXWELL", "DAY_ON": 0.09090909091, "DAY_OFF": 0.44444444443999997, "DAY_TOT": 0.53535353534999996, "LAT": 35.058336218000001, "LONG": -106.600688428 }, "geometry": { "type": "Point", "coordinates": [ -106.600688427609413, 35.058336218013466 ] } },
{ "type": "Feature", "properties": { "ROUTE": 16.0, "DAY": "WKDY", "DIR": "Outbound", "STOP": 14.0, "STOPNAME": "GIBSON @ CARLISLE", "DAY_ON": 1.1666666666700001, "DAY_OFF": 1.0277777777799999, "DAY_TOT": 2.1944444444400002, "LAT": 35.0584340471, "LONG": -106.603004743 }, "geometry": { "type": "Point", "coordinates": [ -106.603004743265998, 35.058434047138057 ] } },
{ "type": "Feature", "properties": { "ROUTE": 16.0, "DAY": "WKDY", "DIR": "Outbound", "STOP": 15.0, "STOPNAME": "CARLISLE @ GIBSON", "DAY_ON": 14.477272727300001, "DAY_OFF": 7.32449494949, "DAY_TOT": 21.801767676800001, "LAT": 35.058918603499997, "LONG": -106.604181908 }, "geometry": { "type": "Point", "coordinates": [ -106.604181908249146, 35.058918603535353 ] } },
{ "type": "Feature", "properties": { "ROUTE": 16.0, "DAY": "WKDY", "DIR": "Outbound", "STOP": 16.0, "STOPNAME": "CARLISLE @ VAIL", "DAY_ON": 4.1881313131300004, "DAY_OFF": 1.5227272727300001, "DAY_TOT": 5.7108585858599996, "LAT": 35.061317379599998, "LONG": -106.604285907 }, "geometry": { "type": "Point", "coordinates": [ -106.604285906565664, 35.061317379629635 ] } },
{ "type": "Feature", "properties": { "ROUTE": 16.0, "DAY": "WKDY", "DIR": "Outbound", "STOP": 17.0, "STOPNAME": "CARLISLE @ SIMMS", "DAY_ON": 8.8825757575799997, "DAY_OFF": 2.42424242424, "DAY_TOT": 11.306818181800001, "LAT": 35.063459035400001, "LONG": -106.604279964 }, "geometry": { "type": "Point", "coordinates": [ -106.6042799638047, 35.063459035353532 ] } },
{ "type": "Feature", "properties": { "ROUTE": 16.0, "DAY": "WKDY", "DIR": "Outbound", "STOP": 18.0, "STOPNAME": "CARLISLE @ CARLISLE PL.", "DAY_ON": 3.6540404040399999, "DAY_OFF": 1.2777777777799999, "DAY_TOT": 4.9318181818199998, "LAT": 35.065858688600002, "LONG": -106.604338263 }, "geometry": { "type": "Point", "coordinates": [ -106.604338263468037, 35.06585868855219 ] } },
{ "type": "Feature", "properties": { "ROUTE": 16.0, "DAY": "WKDY", "DIR": "Outbound", "STOP": 19.0, "STOPNAME": "CARLISLE @ PERSHING", "DAY_ON": 0.73737373737, "DAY_OFF": 0.56313131312999998, "DAY_TOT": 1.30050505051, "LAT": 35.070157240699999, "LONG": -106.60441018900001 }, "geometry": { "type": "Point", "coordinates": [ -106.60441018855218, 35.070157240740734 ] } },
{ "type": "Feature", "properties": { "ROUTE": 16.0, "DAY": "WKDY", "DIR": "Outbound", "STOP": 20.0, "STOPNAME": "CARLISLE @ GARFIELD", "DAY_ON": 0.125, "DAY_OFF": 0.30555555556000003, "DAY_TOT": 0.43055555556000003, "LAT": 35.073830029500002, "LONG": -106.60447882299999 }, "geometry": { "type": "Point", "coordinates": [ -106.604478823232313, 35.073830029461277 ] } },
{ "type": "Feature", "properties": { "ROUTE": 16.0, "DAY": "WKDY", "DIR": "Outbound", "STOP": 21.0, "STOPNAME": "CARLISLE @ LEAD", "DAY_ON": 0.44444444443999997, "DAY_OFF": 0.85606060606000001, "DAY_TOT": 1.30050505051, "LAT": 35.076760270199998, "LONG": -106.60453137499999 }, "geometry": { "type": "Point", "coordinates": [ -106.604531374579139, 35.076760270202023 ] } },
{ "type": "Feature", "properties": { "ROUTE": 16.0, "DAY": "WKDY", "DIR": "Outbound", "STOP": 22.0, "STOPNAME": "CARLISLE @ CENTRAL", "DAY_ON": 0.98737373737, "DAY_OFF": 16.777777777800001, "DAY_TOT": 17.765151515199999, "LAT": 35.079088955400003, "LONG": -106.604527127 }, "geometry": { "type": "Point", "coordinates": [ -106.604527127104348, 35.079088955387206 ] } },
{ "type": "Feature", "properties": { "ROUTE": 16.0, "DAY": "WKDY", "DIR": "Outbound", "STOP": 23.0, "STOPNAME": "CENTRAL @ TULANE", "DAY_ON": 0.25, "DAY_OFF": 2.13888888889, "DAY_TOT": 2.38888888889, "LAT": 35.080204142299998, "LONG": -106.60730271200001 }, "geometry": { "type": "Point", "coordinates": [ -106.607302712121211, 35.080204142255901 ] } },
{ "type": "Feature", "properties": { "ROUTE": 16.0, "DAY": "WKDY", "DIR": "Outbound", "STOP": 24.0, "STOPNAME": "CENTRAL @ BRYN MAWR", "DAY_ON": 5.1906565656600003, "DAY_OFF": 9.1957070707100002, "DAY_TOT": 14.3863636364, "LAT": 35.080582252500001, "LONG": -106.609805444 }, "geometry": { "type": "Point", "coordinates": [ -106.609805444444447, 35.080582252525254 ] } },
{ "type": "Feature", "properties": { "ROUTE": 16.0, "DAY": "WKDY", "DIR": "Outbound", "STOP": 25.0, "STOPNAME": "GIRARD @ CENTRAL", "DAY_ON": 10.1464646465, "DAY_OFF": 10.3964646465, "DAY_TOT": 20.542929292899998, "LAT": 35.080288471400003, "LONG": -106.613317163 }, "geometry": { "type": "Point", "coordinates": [ -106.613317163299641, 35.080288471380463 ] } },
{ "type": "Feature", "properties": { "ROUTE": 16.0, "DAY": "WKDY", "DIR": "Outbound", "STOP": 26.0, "STOPNAME": "GIRARD @ MONTEREY", "DAY_ON": 2.61111111111, "DAY_OFF": 1.80050505051, "DAY_TOT": 4.4116161616199996, "LAT": 35.071047499199999, "LONG": -106.61336833199999 }, "geometry": { "type": "Point", "coordinates": [ -106.613368331649824, 35.071047499158247 ] } },
{ "type": "Feature", "properties": { "ROUTE": 16.0, "DAY": "WKDY", "DIR": "Outbound", "STOP": 27.0, "STOPNAME": "GIRARD @ SAN RAFAEL", "DAY_ON": 0.42424242424000003, "DAY_OFF": 1.7171717171700001, "DAY_TOT": 2.1414141414099999, "LAT": 35.068165177600001, "LONG": -106.613360904 }, "geometry": { "type": "Point", "coordinates": [ -106.613360904040377, 35.068165177609423 ] } },
{ "type": "Feature", "properties": { "ROUTE": 16.0, "DAY": "WKDY", "DIR": "Outbound", "STOP": 28.0, "STOPNAME": "KATHRYN @ CROMWELL", "DAY_ON": 3.23611111111, "DAY_OFF": 4.1830808080799997, "DAY_TOT": 7.4191919191900002, "LAT": 35.065645225600001, "LONG": -106.61870705699999 }, "geometry": { "type": "Point", "coordinates": [ -106.618707057239092, 35.065645225589222 ] } },
{ "type": "Feature", "properties": { "ROUTE": 16.0, "DAY": "WKDY", "DIR": "Outbound", "STOP": 29.0, "STOPNAME": "KATHRYN @ YALE", "DAY_ON": 5.976010101, "DAY_OFF": 1.625, "DAY_TOT": 7.601010101, "LAT": 35.0657225295, "LONG": -106.6213246 }, "geometry": { "type": "Point", "coordinates": [ -106.621324600168336, 35.065722529461276 ] } },
{ "type": "Feature", "properties": { "ROUTE": 16.0, "DAY": "WKDY", "DIR": "Outbound", "STOP": 30.0, "STOPNAME": "YALE @ ANDERSON", "DAY_ON": 1.4457070707099999, "DAY_OFF": 0.75, "DAY_TOT": 2.1957070707100002, "LAT": 35.064395702900001, "LONG": -106.62199777399999 }, "geometry": { "type": "Point", "coordinates": [ -106.621997773569063, 35.064395702861958 ] } },
{ "type": "Feature", "properties": { "ROUTE": 16.0, "DAY": "WKDY", "DIR": "Outbound", "STOP": 31.0, "STOPNAME": "YALE @ ROSS", "DAY_ON": 3.8333333333300001, "DAY_OFF": 2.6464646464600001, "DAY_TOT": 6.4797979797999998, "LAT": 35.062093687699999, "LONG": -106.62208336400001 }, "geometry": { "type": "Point", "coordinates": [ -106.622083363636364, 35.06209368771043 ] } },
{ "type": "Feature", "properties": { "ROUTE": 16.0, "DAY": "WKDY", "DIR": "Outbound", "STOP": 32.0, "STOPNAME": "YALE @ GIBSON", "DAY_ON": 1.25757575758, "DAY_OFF": 3.6060606060599998, "DAY_TOT": 4.8636363636400004, "LAT": 35.058969478100003, "LONG": -106.622190295 }, "geometry": { "type": "Point", "coordinates": [ -106.622190295454573, 35.058969478114477 ] } },
{ "type": "Feature", "properties": { "ROUTE": 16.0, "DAY": "WKDY", "DIR": "Outbound", "STOP": 33.0, "STOPNAME": "GIBSON @ YALE", "DAY_ON": 1.6464646464599999, "DAY_OFF": 0.36868686869, "DAY_TOT": 2.0151515151499999, "LAT": 35.058736388900002, "LONG": -106.622600226 }, "geometry": { "type": "Point", "coordinates": [ -106.622600226430976, 35.058736388888889 ] } },
{ "type": "Feature", "properties": { "ROUTE": 16.0, "DAY": "WKDY", "DIR": "Outbound", "STOP": 34.0, "STOPNAME": "GIBSON @ BUENA VISTA", "DAY_ON": 0.25, "DAY_OFF": 2.2196969697000002, "DAY_TOT": 2.4696969697000002, "LAT": 35.0585648729, "LONG": -106.62546029400001 }, "geometry": { "type": "Point", "coordinates": [ -106.625460293771042, 35.05856487289563 ] } },
{ "type": "Feature", "properties": { "ROUTE": 16.0, "DAY": "WKDY", "DIR": "Outbound", "STOP": 35.0, "STOPNAME": "UNIVERSITY @ EASTERN", "DAY_ON": 31.446969697, "DAY_OFF": 11.950757575800001, "DAY_TOT": 43.397727272700003, "LAT": 35.060030991600001, "LONG": -106.631004588 }, "geometry": { "type": "Point", "coordinates": [ -106.631004587542094, 35.060030991582487 ] } },
{ "type": "Feature", "properties": { "ROUTE": 16.0, "DAY": "WKDY", "DIR": "Outbound", "STOP": 36.0, "STOPNAME": "UNIVERSITY @ EASTERN", "DAY_ON": 9.5580808080799997, "DAY_OFF": 1.6047979798000001, "DAY_TOT": 11.1628787879, "LAT": 35.061489595099999, "LONG": -106.631412508 }, "geometry": { "type": "Point", "coordinates": [ -106.631412507575774, 35.061489595117841 ] } },
{ "type": "Feature", "properties": { "ROUTE": 16.0, "DAY": "WKDY", "DIR": "Outbound", "STOP": 37.0, "STOPNAME": "UNIVERSITY @ SUNSHINE TERRAC", "DAY_ON": 2.9520202020199999, "DAY_OFF": 4.25, "DAY_TOT": 7.2020202020199999, "LAT": 35.064158353499998, "LONG": -106.631204837 }, "geometry": { "type": "Point", "coordinates": [ -106.631204836700334, 35.064158353535362 ] } },
{ "type": "Feature", "properties": { "ROUTE": 16.0, "DAY": "WKDY", "DIR": "Outbound", "STOP": 38.0, "STOPNAME": "UNIVERSITY @ AVENIDA CESAR C", "DAY_ON": 0.09090909091, "DAY_OFF": 0.71590909091, "DAY_TOT": 0.80681818181999998, "LAT": 35.066635403200003, "LONG": -106.630855815 }, "geometry": { "type": "Point", "coordinates": [ -106.630855814814822, 35.066635403198667 ] } },
{ "type": "Feature", "properties": { "ROUTE": 16.0, "DAY": "WKDY", "DIR": "Outbound", "STOP": 39.0, "STOPNAME": "UNIVERSITY @ ISOTOPES STADIU", "DAY_ON": 1.8472222222200001, "DAY_OFF": 0.77777777778000001, "DAY_TOT": 2.625, "LAT": 35.070098425899999, "LONG": -106.630764093 }, "geometry": { "type": "Point", "coordinates": [ -106.630764093434323, 35.070098425925927 ] } },
{ "type": "Feature", "properties": { "ROUTE": 16.0, "DAY": "WKDY", "DIR": "Outbound", "STOP": 40.0, "STOPNAME": "UNIVERSITY @ BASEHART", "DAY_ON": 9.6565656565700007, "DAY_OFF": 2.7916666666699999, "DAY_TOT": 12.448232323199999, "LAT": 35.073302802199997, "LONG": -106.62953988 }, "geometry": { "type": "Point", "coordinates": [ -106.629539880471384, 35.073302802188564 ] } },
{ "type": "Feature", "properties": { "ROUTE": 16.0, "DAY": "WKDY", "DIR": "Outbound", "STOP": 41.0, "STOPNAME": "UNIVERSITY @ COAL", "DAY_ON": 2.7651515151499999, "DAY_OFF": 1.5, "DAY_TOT": 4.2651515151500003, "LAT": 35.075889075799999, "LONG": -106.627782744 }, "geometry": { "type": "Point", "coordinates": [ -106.627782744107719, 35.075889075757573 ] } },
{ "type": "Feature", "properties": { "ROUTE": 16.0, "DAY": "WKDY", "DIR": "Outbound", "STOP": 42.0, "STOPNAME": "UNIVERSITY @ COAL PLACE", "DAY_ON": 2.9444444444400002, "DAY_OFF": 0.43055555556000003, "DAY_TOT": 3.375, "LAT": 35.077307324099998, "LONG": -106.62746355 }, "geometry": { "type": "Point", "coordinates": [ -106.627463549663304, 35.077307324074077 ] } },
{ "type": "Feature", "properties": { "ROUTE": 16.0, "DAY": "WKDY", "DIR": "Outbound", "STOP": 43.0, "STOPNAME": "UNIVERSITY @ SILVER", "DAY_ON": 1.0, "DAY_OFF": 1.5858585858600001, "DAY_TOT": 2.5858585858600001, "LAT": 35.079592765999998, "LONG": -106.627050775 }, "geometry": { "type": "Point", "coordinates": [ -106.627050775252513, 35.079592765993283 ] } },
{ "type": "Feature", "properties": { "ROUTE": 16.0, "DAY": "WKDY", "DIR": "Outbound", "STOP": 44.0, "STOPNAME": "UNIVERSITY @ CENTRAL", "DAY_ON": 1.625, "DAY_OFF": 25.726010101, "DAY_TOT": 27.351010101, "LAT": 35.081037907400002, "LONG": -106.626772387 }, "geometry": { "type": "Point", "coordinates": [ -106.626772387205364, 35.081037907407413 ] } },
{ "type": "Feature", "properties": { "ROUTE": 16.0, "DAY": "WKDY", "DIR": "Outbound", "STOP": 45.0, "STOPNAME": "UNIVERSITY @ CENTRAL", "DAY_ON": 11.3244949495, "DAY_OFF": 3.54924242424, "DAY_TOT": 14.873737373699999, "LAT": 35.081744711299997, "LONG": -106.62663665700001 }, "geometry": { "type": "Point", "coordinates": [ -106.626636657407388, 35.08174471127947 ] } },
{ "type": "Feature", "properties": { "ROUTE": 16.0, "DAY": "WKDY", "DIR": "Outbound", "STOP": 46.0, "STOPNAME": "UNIVERSITY @ MARTIN LUTHER K", "DAY_ON": 7.0101010100999996, "DAY_OFF": 3.18813131313, "DAY_TOT": 10.198232323199999, "LAT": 35.084522740700002, "LONG": -106.625925747 }, "geometry": { "type": "Point", "coordinates": [ -106.625925746632987, 35.084522740740745 ] } },
{ "type": "Feature", "properties": { "ROUTE": 16.0, "DAY": "WKDY", "DIR": "Outbound", "STOP": 47.0, "STOPNAME": "UNIVERSITY @ LAS LOMAS", "DAY_ON": 1.7159090909100001, "DAY_OFF": 1.5833333333299999, "DAY_TOT": 3.29924242424, "LAT": 35.086731544599999, "LONG": -106.625471538 }, "geometry": { "type": "Point", "coordinates": [ -106.625471537878795, 35.086731544612796 ] } },
{ "type": "Feature", "properties": { "ROUTE": 16.0, "DAY": "WKDY", "DIR": "Outbound", "STOP": 48.0, "STOPNAME": "UNIVERSITY @ MESA VISTA", "DAY_ON": 0.27777777778000001, "DAY_OFF": 8.5277777777800008, "DAY_TOT": 8.8055555555599998, "LAT": 35.088514843399999, "LONG": -106.625293555 }, "geometry": { "type": "Point", "coordinates": [ -106.625293554713792, 35.088514843434346 ] } },
{ "type": "Feature", "properties": { "ROUTE": 16.0, "DAY": "WKDY", "DIR": "Outbound", "STOP": 49.0, "STOPNAME": "UNIVERSITY @ LOMAS", "DAY_ON": 3.2222222222200001, "DAY_OFF": 6.7209595959600001, "DAY_TOT": 9.9431818181799994, "LAT": 35.090955639699999, "LONG": -106.625277876 }, "geometry": { "type": "Point", "coordinates": [ -106.625277876262629, 35.090955639730637 ] } },
{ "type": "Feature", "properties": { "ROUTE": 16.0, "DAY": "WKDY", "DIR": "Outbound", "STOP": 50.0, "STOPNAME": "UNIVERSITY @ CAMINO DE SALUD", "DAY_ON": 1.7171717171700001, "DAY_OFF": 2.86237373737, "DAY_TOT": 4.5795454545499998, "LAT": 35.095530162499998, "LONG": -106.62648538099999 }, "geometry": { "type": "Point", "coordinates": [ -106.626485381313145, 35.095530162457912 ] } },
{ "type": "Feature", "properties": { "ROUTE": 16.0, "DAY": "WKDY", "DIR": "Outbound", "STOP": 51.0, "STOPNAME": "INDIAN SCHOOL @ UNIVERSITY", "DAY_ON": 7.2171717171700003, "DAY_OFF": 12.6654040404, "DAY_TOT": 19.882575757600002, "LAT": 35.098734122099998, "LONG": -106.627805231 }, "geometry": { "type": "Point", "coordinates": [ -106.627805230639737, 35.09873412205387 ] } },
{ "type": "Feature", "properties": { "ROUTE": 16.0, "DAY": "WKDY", "DIR": "Outbound", "STOP": 52.0, "STOPNAME": "INDIAN SCHOOL @ LOCUST", "DAY_ON": 10.914141414099999, "DAY_OFF": 14.710858585900001, "DAY_TOT": 25.625, "LAT": 35.098626570699999, "LONG": -106.635069558 }, "geometry": { "type": "Point", "coordinates": [ -106.635069558080815, 35.098626570707083 ] } },
{ "type": "Feature", "properties": { "ROUTE": 16.0, "DAY": "WKDY", "DIR": "Outbound", "STOP": 53.0, "STOPNAME": "ODELIA @ EDITH", "DAY_ON": 2.0227272727300001, "DAY_OFF": 3.28661616162, "DAY_TOT": 5.3093434343399997, "LAT": 35.099139180999998, "LONG": -106.63891483899999 }, "geometry": { "type": "Point", "coordinates": [ -106.638914839225606, 35.099139180976429 ] } },
{ "type": "Feature", "properties": { "ROUTE": 16.0, "DAY": "WKDY", "DIR": "Outbound", "STOP": 54.0, "STOPNAME": "BROADWAY @ ODELIA", "DAY_ON": 2.5, "DAY_OFF": 3.7310606060599998, "DAY_TOT": 6.2310606060599998, "LAT": 35.098271437699999, "LONG": -106.64177748900001 }, "geometry": { "type": "Point", "coordinates": [ -106.641777489057219, 35.098271437710437 ] } },
{ "type": "Feature", "properties": { "ROUTE": 16.0, "DAY": "WKDY", "DIR": "Outbound", "STOP": 55.0, "STOPNAME": "BROADWAY @ ROSEMONT", "DAY_ON": 1.2853535353500001, "DAY_OFF": 4.648989899, "DAY_TOT": 5.9343434343499997, "LAT": 35.0954294175, "LONG": -106.642419843 }, "geometry": { "type": "Point", "coordinates": [ -106.64241984343434, 35.095429417508413 ] } },
{ "type": "Feature", "properties": { "ROUTE": 16.0, "DAY": "WKDY", "DIR": "Outbound", "STOP": 56.0, "STOPNAME": "BROADWAY @ MOUNTAIN", "DAY_ON": 2.5656565656599999, "DAY_OFF": 2.5429292929299998, "DAY_TOT": 5.1085858585899997, "LAT": 35.093150827400002, "LONG": -106.64284419000001 }, "geometry": { "type": "Point", "coordinates": [ -106.642844190235706, 35.093150827441079 ] } },
{ "type": "Feature", "properties": { "ROUTE": 16.0, "DAY": "WKDY", "DIR": "Outbound", "STOP": 57.0, "STOPNAME": "BROADWAY @ LOMAS", "DAY_ON": 3.0328282828300002, "DAY_OFF": 3.3573232323200002, "DAY_TOT": 6.3901515151500003, "LAT": 35.089785591800002, "LONG": -106.643489256 }, "geometry": { "type": "Point", "coordinates": [ -106.643489255892248, 35.089785591750832 ] } },
{ "type": "Feature", "properties": { "ROUTE": 16.0, "DAY": "WKDY", "DIR": "Outbound", "STOP": 58.0, "STOPNAME": "BROADWAY @ MARTIN LUTHER KIN", "DAY_ON": 0.50757575757999995, "DAY_OFF": 1.17424242424, "DAY_TOT": 1.68181818182, "LAT": 35.086903124599999, "LONG": -106.64420431400001 }, "geometry": { "type": "Point", "coordinates": [ -106.644204313973077, 35.086903124579131 ] } },
{ "type": "Feature", "properties": { "ROUTE": 16.0, "DAY": "WKDY", "DIR": "Outbound", "STOP": 59.0, "STOPNAME": "2ND @ MARQUETTE", "DAY_ON": 2.5934343434299998, "DAY_OFF": 6.62373737374, "DAY_TOT": 9.2171717171700003, "LAT": 35.087501267699999, "LONG": -106.648558601 }, "geometry": { "type": "Point", "coordinates": [ -106.648558601010109, 35.087501267676757 ] } },
{ "type": "Feature", "properties": { "ROUTE": 16.0, "DAY": "WKDY", "DIR": "Outbound", "STOP": 60.0, "STOPNAME": "2ND @ COPPER", "DAY_ON": 0.9595959596, "DAY_OFF": 4.8585858585899997, "DAY_TOT": 5.8181818181800002, "LAT": 35.085461308100001, "LONG": -106.649043529 }, "geometry": { "type": "Point", "coordinates": [ -106.649043528619515, 35.085461308080802 ] } },
{ "type": "Feature", "properties": { "ROUTE": 16.0, "DAY": "WKDY", "DIR": "Outbound", "STOP": 61.0, "STOPNAME": "A.T.C.", "DAY_ON": 36.739898989899999, "DAY_OFF": 42.547979798, "DAY_TOT": 79.287878787899999, "LAT": 35.083137769399997, "LONG": -106.647752572 }, "geometry": { "type": "Point", "coordinates": [ -106.647752572390573, 35.08313776936027 ] } },
{ "type": "Feature", "properties": { "ROUTE": 16.0, "DAY": "WKDY", "DIR": "Outbound", "STOP": 62.0, "STOPNAME": "BROADWAY @ CENTRAL", "DAY_ON": 3.5454545454500002, "DAY_OFF": 1.9671717171700001, "DAY_TOT": 5.5126262626300004, "LAT": 35.0831243485, "LONG": -106.645033731 }, "geometry": { "type": "Point", "coordinates": [ -106.645033730639724, 35.083124348484844 ] } },
{ "type": "Feature", "properties": { "ROUTE": 16.0, "DAY": "WKDY", "DIR": "Outbound", "STOP": 63.0, "STOPNAME": "BROADWAY @ SILVER", "DAY_ON": 0.34090909091, "DAY_OFF": 0.0, "DAY_TOT": 0.34090909091, "LAT": 35.081831252500002, "LONG": -106.645104174 }, "geometry": { "type": "Point", "coordinates": [ -106.645104174242462, 35.081831252525248 ] } },
{ "type": "Feature", "properties": { "ROUTE": 16.0, "DAY": "WKDY", "DIR": "Outbound", "STOP": 64.0, "STOPNAME": "BROADWAY @ COAL", "DAY_ON": 1.99025974026, "DAY_OFF": 1.68217893218, "DAY_TOT": 3.6724386724400002, "LAT": 35.079249378100002, "LONG": -106.645573856 }, "geometry": { "type": "Point", "coordinates": [ -106.64557385618086, 35.079249378066379 ] } },
{ "type": "Feature", "properties": { "ROUTE": 16.0, "DAY": "WKDY", "DIR": "Outbound", "STOP": 65.0, "STOPNAME": "BROADWAY @ HAZELDINE", "DAY_ON": 0.83333333333000004, "DAY_OFF": 0.84090909091, "DAY_TOT": 1.67424242424, "LAT": 35.077162768199997, "LONG": -106.645789228 }, "geometry": { "type": "Point", "coordinates": [ -106.645789227753738, 35.077162768157763 ] } },
{ "type": "Feature", "properties": { "ROUTE": 16.0, "DAY": "WKDY", "DIR": "Outbound", "STOP": 66.0, "STOPNAME": "BROADWAY @ PACIFIC", "DAY_ON": 0.98015873016, "DAY_OFF": 3.5353535353500001, "DAY_TOT": 4.51551226551, "LAT": 35.074710688800003, "LONG": -106.645795615 }, "geometry": { "type": "Point", "coordinates": [ -106.645795615440122, 35.074710688792692 ] } },
{ "type": "Feature", "properties": { "ROUTE": 16.0, "DAY": "WKDY", "DIR": "Outbound", "STOP": 67.0, "STOPNAME": "BROADWAY @ CROMWELL", "DAY_ON": 0.64646464647000002, "DAY_OFF": 3.2398989899, "DAY_TOT": 3.88636363636, "LAT": 35.072625873299998, "LONG": -106.64572540899999 }, "geometry": { "type": "Point", "coordinates": [ -106.645725409331419, 35.072625873256378 ] } },
{ "type": "Feature", "properties": { "ROUTE": 16.0, "DAY": "WKDY", "DIR": "Outbound", "STOP": 68.0, "STOPNAME": "BROADWAY @ BELL", "DAY_ON": 0.69841269840999998, "DAY_OFF": 2.2020202020199999, "DAY_TOT": 2.9004329004299998, "LAT": 35.070763537799998, "LONG": -106.645675102 }, "geometry": { "type": "Point", "coordinates": [ -106.645675101731598, 35.070763537758531 ] } },
{ "type": "Feature", "properties": { "ROUTE": 16.0, "DAY": "WKDY", "DIR": "Outbound", "STOP": 69.0, "STOPNAME": "BROADWAY @ TRUMBULL", "DAY_ON": 1.0580808080799999, "DAY_OFF": 7.4246031745999996, "DAY_TOT": 8.4826839826799993, "LAT": 35.069184739299999, "LONG": -106.64584980399999 }, "geometry": { "type": "Point", "coordinates": [ -106.645849803511311, 35.069184739297746 ] } },
{ "type": "Feature", "properties": { "ROUTE": 16.0, "DAY": "WKDY", "DIR": "Outbound", "STOP": 70.0, "STOPNAME": "TRUMBULL @ JESUS", "DAY_ON": 0.0, "DAY_OFF": 0.89538239537999997, "DAY_TOT": 0.89538239537999997, "LAT": 35.068586030799999, "LONG": -106.64780268600001 }, "geometry": { "type": "Point", "coordinates": [ -106.647802686147159, 35.068586030784033 ] } },
{ "type": "Feature", "properties": { "ROUTE": 16.0, "DAY": "WKDY", "DIR": "Outbound", "STOP": 71.0, "STOPNAME": "WILLIAMS @ LILY", "DAY_ON": 1.2178932178899999, "DAY_OFF": 1.1767676767699999, "DAY_TOT": 2.3946608946599999, "LAT": 35.066492174399997, "LONG": -106.64893012899999 }, "geometry": { "type": "Point", "coordinates": [ -106.648930129148638, 35.066492174362679 ] } },
{ "type": "Feature", "properties": { "ROUTE": 16.0, "DAY": "WKDY", "DIR": "Outbound", "STOP": 72.0, "STOPNAME": "WILLIAMS @ OGLE", "DAY_ON": 1.0984848484800001, "DAY_OFF": 1.7727272727300001, "DAY_TOT": 2.8712121212100001, "LAT": 35.064684855000003, "LONG": -106.64927250700001 }, "geometry": { "type": "Point", "coordinates": [ -106.649272507455507, 35.06468485497836 ] } },
{ "type": "Feature", "properties": { "ROUTE": 16.0, "DAY": "WKDY", "DIR": "Outbound", "STOP": 73.0, "STOPNAME": "WILLIAMS @ THAXTON", "DAY_ON": 2.9246031746000001, "DAY_OFF": 3.85101010101, "DAY_TOT": 6.7756132756099996, "LAT": 35.061892864599997, "LONG": -106.649810442 }, "geometry": { "type": "Point", "coordinates": [ -106.649810441798962, 35.061892864598363 ] } },
{ "type": "Feature", "properties": { "ROUTE": 16.0, "DAY": "WKDY", "DIR": "Outbound", "STOP": 74.0, "STOPNAME": "WILLIAMS @ HOSHER", "DAY_ON": 0.97619047619, "DAY_OFF": 1.2601010101000001, "DAY_TOT": 2.2362914862899999, "LAT": 35.059986332599998, "LONG": -106.650179349 }, "geometry": { "type": "Point", "coordinates": [ -106.650179348725331, 35.059986332611828 ] } },
{ "type": "Feature", "properties": { "ROUTE": 16.0, "DAY": "WKDY", "DIR": "Outbound", "STOP": 75.0, "STOPNAME": "WILLIAMS @ ROMANA", "DAY_ON": 0.95238095237999998, "DAY_OFF": 1.58838383838, "DAY_TOT": 2.5407647907599999, "LAT": 35.057779009400001, "LONG": -106.651152526 }, "geometry": { "type": "Point", "coordinates": [ -106.651152526214517, 35.057779009379509 ] } },
{ "type": "Feature", "properties": { "ROUTE": 16.0, "DAY": "WKDY", "DIR": "Outbound", "STOP": 76.0, "STOPNAME": "WILLIAM @ WHEELER", "DAY_ON": 5.56349206349, "DAY_OFF": 6.2301587301600003, "DAY_TOT": 11.793650793699999, "LAT": 35.056835550700001, "LONG": -106.65183286200001 }, "geometry": { "type": "Point", "coordinates": [ -106.651832862433864, 35.056835550745539 ] } },
{ "type": "Feature", "properties": { "ROUTE": 16.0, "DAY": "WKDY", "DIR": "Outbound", "STOP": 77.0, "STOPNAME": "SAN JOSE @ WILLIAMS", "DAY_ON": 1.63888888889, "DAY_OFF": 2.6850649350600002, "DAY_TOT": 4.3239538239500002, "LAT": 35.054911755399999, "LONG": -106.650884449 }, "geometry": { "type": "Point", "coordinates": [ -106.650884449494939, 35.054911755411254 ] } },
{ "type": "Feature", "properties": { "ROUTE": 16.0, "DAY": "WKDY", "DIR": "Outbound", "STOP": 78.0, "STOPNAME": "SAN JOSE @ BROADWAY", "DAY_ON": 0.11111111111, "DAY_OFF": 7.2904040404000003, "DAY_TOT": 7.4015151515199999, "LAT": 35.054856279699997, "LONG": -106.646775463 }, "geometry": { "type": "Point", "coordinates": [ -106.646775462722474, 35.054856279701788 ] } },
{ "type": "Feature", "properties": { "ROUTE": 16.0, "DAY": "WKDY", "DIR": "Inbound", "STOP": 1.0, "STOPNAME": "SAN JOSE @ BROADWAY", "DAY_ON": 6.1446608946600003, "DAY_OFF": 0.0, "DAY_TOT": 6.1446608946600003, "LAT": 35.054915981900002, "LONG": -106.645920687 }, "geometry": { "type": "Point", "coordinates": [ -106.645920687003965, 35.054915981917375 ] } },
{ "type": "Feature", "properties": { "ROUTE": 16.0, "DAY": "WKDY", "DIR": "Inbound", "STOP": 2.0, "STOPNAME": "BROADWAY @ SAN JOSE", "DAY_ON": 4.0707070707100002, "DAY_OFF": 0.39285714286000001, "DAY_TOT": 4.4635642135599998, "LAT": 35.056235876599999, "LONG": -106.645217398 }, "geometry": { "type": "Point", "coordinates": [ -106.645217398313491, 35.056235876623376 ] } },
{ "type": "Feature", "properties": { "ROUTE": 16.0, "DAY": "WKDY", "DIR": "Inbound", "STOP": 3.0, "STOPNAME": "BROADWAY @ WHEELER", "DAY_ON": 3.3838383838400001, "DAY_OFF": 1.90800865801, "DAY_TOT": 5.2918470418499997, "LAT": 35.059099914299999, "LONG": -106.645132547 }, "geometry": { "type": "Point", "coordinates": [ -106.645132547348467, 35.059099914321784 ] } },
{ "type": "Feature", "properties": { "ROUTE": 16.0, "DAY": "WKDY", "DIR": "Inbound", "STOP": 4.0, "STOPNAME": "BROADWAY @ GIBSON", "DAY_ON": 6.8373015872999998, "DAY_OFF": 3.8250360750399999, "DAY_TOT": 10.662337662300001, "LAT": 35.061628424399998, "LONG": -106.645215818 }, "geometry": { "type": "Point", "coordinates": [ -106.64521581822693, 35.061628424422807 ] } },
{ "type": "Feature", "properties": { "ROUTE": 16.0, "DAY": "WKDY", "DIR": "Inbound", "STOP": 5.0, "STOPNAME": "BROADWAY @ ANDERSON", "DAY_ON": 0.0, "DAY_OFF": 0.0, "DAY_TOT": 0.0, "LAT": 35.062979732400002, "LONG": -106.645268225 }, "geometry": { "type": "Point", "coordinates": [ -106.645268225333709, 35.062979732368333 ] } },
{ "type": "Feature", "properties": { "ROUTE": 16.0, "DAY": "WKDY", "DIR": "Inbound", "STOP": 6.0, "STOPNAME": "BROADWAY @ KATHRYN", "DAY_ON": 5.8041125541099996, "DAY_OFF": 0.90404040403999997, "DAY_TOT": 6.7081529581500003, "LAT": 35.065524367999998, "LONG": -106.645351533 }, "geometry": { "type": "Point", "coordinates": [ -106.645351532963574, 35.065524368010465 ] } },
{ "type": "Feature", "properties": { "ROUTE": 16.0, "DAY": "WKDY", "DIR": "Inbound", "STOP": 7.0, "STOPNAME": "BROADWAY @ DAN", "DAY_ON": 1.1464646464599999, "DAY_OFF": 0.26515151515000002, "DAY_TOT": 1.41161616162, "LAT": 35.067807334699999, "LONG": -106.64543482800001 }, "geometry": { "type": "Point", "coordinates": [ -106.645434827967193, 35.067807334731228 ] } },
{ "type": "Feature", "properties": { "ROUTE": 16.0, "DAY": "WKDY", "DIR": "Inbound", "STOP": 8.0, "STOPNAME": "BROADWAY @ AVENIDA CESAR CHA", "DAY_ON": 8.2009379509400002, "DAY_OFF": 0.7297979798000001, "DAY_TOT": 8.9307359307399992, "LAT": 35.070049871899997, "LONG": -106.64550631 }, "geometry": { "type": "Point", "coordinates": [ -106.645506310200204, 35.070049871933627 ] } },
{ "type": "Feature", "properties": { "ROUTE": 16.0, "DAY": "WKDY", "DIR": "Inbound", "STOP": 9.0, "STOPNAME": "BROADWAY @ GARFIELD", "DAY_ON": 1.53932178932, "DAY_OFF": 0.61868686869, "DAY_TOT": 2.15800865801, "LAT": 35.072257770100002, "LONG": -106.645605508 }, "geometry": { "type": "Point", "coordinates": [ -106.645605507530661, 35.07225777011184 ] } },
{ "type": "Feature", "properties": { "ROUTE": 16.0, "DAY": "WKDY", "DIR": "Inbound", "STOP": 10.0, "STOPNAME": "BROADWAY @ SANTA FE", "DAY_ON": 3.0468975469, "DAY_OFF": 0.33333333332999998, "DAY_TOT": 3.3802308802300001, "LAT": 35.075444353400002, "LONG": -106.645707489 }, "geometry": { "type": "Point", "coordinates": [ -106.645707488952013, 35.075444353354975 ] } },
{ "type": "Feature", "properties": { "ROUTE": 16.0, "DAY": "WKDY", "DIR": "Inbound", "STOP": 11.0, "STOPNAME": "BROADWAY @ HAZELDINE", "DAY_ON": 0.66666666666999996, "DAY_OFF": 0.95202020202000004, "DAY_TOT": 1.61868686869, "LAT": 35.077311294399998, "LONG": -106.645681971 }, "geometry": { "type": "Point", "coordinates": [ -106.645681971049783, 35.077311294417385 ] } },
{ "type": "Feature", "properties": { "ROUTE": 16.0, "DAY": "WKDY", "DIR": "Inbound", "STOP": 12.0, "STOPNAME": "BROADWAY @ IRON", "DAY_ON": 1.64682539683, "DAY_OFF": 1.9545454545500001, "DAY_TOT": 3.60137085137, "LAT": 35.079000174999997, "LONG": -106.645495387 }, "geometry": { "type": "Point", "coordinates": [ -106.64549538690477, 35.079000174963923 ] } },
{ "type": "Feature", "properties": { "ROUTE": 16.0, "DAY": "WKDY", "DIR": "Inbound", "STOP": 13.0, "STOPNAME": "A.T.C.", "DAY_ON": 34.069805194799997, "DAY_OFF": 38.5335497835, "DAY_TOT": 72.603354978400006, "LAT": 35.082769275300002, "LONG": -106.647908867 }, "geometry": { "type": "Point", "coordinates": [ -106.647908866792932, 35.082769275342713 ] } },
{ "type": "Feature", "properties": { "ROUTE": 16.0, "DAY": "WKDY", "DIR": "Inbound", "STOP": 14.0, "STOPNAME": "TIJERAS @ 2ND", "DAY_ON": 3.6603535353500001, "DAY_OFF": 0.83333333333000004, "DAY_TOT": 4.4936868686900002, "LAT": 35.086070210700001, "LONG": -106.6482457 }, "geometry": { "type": "Point", "coordinates": [ -106.648245699968456, 35.086070210700747 ] } },
{ "type": "Feature", "properties": { "ROUTE": 16.0, "DAY": "WKDY", "DIR": "Inbound", "STOP": 15.0, "STOPNAME": "BROADWAY @ MARTIN LUTHER KIN", "DAY_ON": 2.5, "DAY_OFF": 0.52777777778000001, "DAY_TOT": 3.0277777777799999, "LAT": 35.087016117399997, "LONG": -106.644095398 }, "geometry": { "type": "Point", "coordinates": [ -106.644095397727241, 35.087016117424234 ] } },
{ "type": "Feature", "properties": { "ROUTE": 16.0, "DAY": "WKDY", "DIR": "Inbound", "STOP": 16.0, "STOPNAME": "BROADWAY @ LOMAS", "DAY_ON": 3.72474747475, "DAY_OFF": 1.7664141414100001, "DAY_TOT": 5.4911616161600003, "LAT": 35.090761530899997, "LONG": -106.643182356 }, "geometry": { "type": "Point", "coordinates": [ -106.643182356376272, 35.090761530934344 ] } },
{ "type": "Feature", "properties": { "ROUTE": 16.0, "DAY": "WKDY", "DIR": "Inbound", "STOP": 17.0, "STOPNAME": "BROADWAY @ MOUNTAIN", "DAY_ON": 3.5290404040399999, "DAY_OFF": 1.3333333333299999, "DAY_TOT": 4.8623737373699996, "LAT": 35.093829146099999, "LONG": -106.642651606 }, "geometry": { "type": "Point", "coordinates": [ -106.64265160590277, 35.093829146148984 ] } },
{ "type": "Feature", "properties": { "ROUTE": 16.0, "DAY": "WKDY", "DIR": "Inbound", "STOP": 18.0, "STOPNAME": "BROADWAY @ ROSEMONT", "DAY_ON": 3.11111111111, "DAY_OFF": 1.5088383838399999, "DAY_TOT": 4.6199494949500002, "LAT": 35.095604499700002, "LONG": -106.642315606 }, "geometry": { "type": "Point", "coordinates": [ -106.642315606060592, 35.095604499684342 ] } },
{ "type": "Feature", "properties": { "ROUTE": 16.0, "DAY": "WKDY", "DIR": "Inbound", "STOP": 19.0, "STOPNAME": "BROADWAY @ ODELIA", "DAY_ON": 0.62121212121000002, "DAY_OFF": 1.56944444444, "DAY_TOT": 2.1906565656599999, "LAT": 35.098504427899996, "LONG": -106.641593474 }, "geometry": { "type": "Point", "coordinates": [ -106.641593473800484, 35.098504427872484 ] } },
{ "type": "Feature", "properties": { "ROUTE": 16.0, "DAY": "WKDY", "DIR": "Inbound", "STOP": 20.0, "STOPNAME": "ODELIA @ EDITH", "DAY_ON": 1.5, "DAY_OFF": 2.5707070707100002, "DAY_TOT": 4.0707070707100002, "LAT": 35.099055331400002, "LONG": -106.638774173 }, "geometry": { "type": "Point", "coordinates": [ -106.638774172979794, 35.099055331439388 ] } },
{ "type": "Feature", "properties": { "ROUTE": 16.0, "DAY": "WKDY", "DIR": "Inbound", "STOP": 21.0, "STOPNAME": "ODELIA @ I 25 FRONTAGE RD.", "DAY_ON": 15.2525252525, "DAY_OFF": 7.9949494949500002, "DAY_TOT": 23.2474747475, "LAT": 35.098453355399997, "LONG": -106.634923114 }, "geometry": { "type": "Point", "coordinates": [ -106.634923113952013, 35.098453355429299 ] } },
{ "type": "Feature", "properties": { "ROUTE": 16.0, "DAY": "WKDY", "DIR": "Inbound", "STOP": 22.0, "STOPNAME": "UNIVERSITY @ INDIAN SCHOOL", "DAY_ON": 19.685606060600001, "DAY_OFF": 2.2853535353500001, "DAY_TOT": 21.970959596, "LAT": 35.098463285999998, "LONG": -106.62733723300001 }, "geometry": { "type": "Point", "coordinates": [ -106.627337233270197, 35.098463285984842 ] } },
{ "type": "Feature", "properties": { "ROUTE": 16.0, "DAY": "WKDY", "DIR": "Inbound", "STOP": 23.0, "STOPNAME": "UNIVERSITY @ CAMINO DE SALUD", "DAY_ON": 4.5580808080799997, "DAY_OFF": 2.3409090909099999, "DAY_TOT": 6.89898989899, "LAT": 35.094942220599997, "LONG": -106.626520836 }, "geometry": { "type": "Point", "coordinates": [ -106.626520835700745, 35.094942220643944 ] } },
{ "type": "Feature", "properties": { "ROUTE": 16.0, "DAY": "WKDY", "DIR": "Inbound", "STOP": 24.0, "STOPNAME": "UNIVERSITY @ CARRIE TINGLEY", "DAY_ON": 0.44444444443999997, "DAY_OFF": 0.0, "DAY_TOT": 0.44444444443999997, "LAT": 35.093646047999997, "LONG": -106.626102773 }, "geometry": { "type": "Point", "coordinates": [ -106.626102773042959, 35.093646047979796 ] } },
{ "type": "Feature", "properties": { "ROUTE": 16.0, "DAY": "WKDY", "DIR": "Inbound", "STOP": 25.0, "STOPNAME": "UNIVERSITY @ LOMAS", "DAY_ON": 0.16666666667, "DAY_OFF": 0.16666666667, "DAY_TOT": 0.33333333332999998, "LAT": 35.090733734200001, "LONG": -106.625425429 }, "geometry": { "type": "Point", "coordinates": [ -106.625425428503789, 35.090733734217167 ] } },
{ "type": "Feature", "properties": { "ROUTE": 16.0, "DAY": "WKDY", "DIR": "Inbound", "STOP": 26.0, "STOPNAME": "UNIVERSITY @ LOMAS", "DAY_ON": 19.959595959600001, "DAY_OFF": 4.8863636363599996, "DAY_TOT": 24.845959596, "LAT": 35.089903323900003, "LONG": -106.625438065 }, "geometry": { "type": "Point", "coordinates": [ -106.62543806502525, 35.089903323863645 ] } },
{ "type": "Feature", "properties": { "ROUTE": 16.0, "DAY": "WKDY", "DIR": "Inbound", "STOP": 27.0, "STOPNAME": "UNIVERSITY @ LAS LOMAS", "DAY_ON": 3.0101010101000001, "DAY_OFF": 2.92424242424, "DAY_TOT": 5.9343434343399997, "LAT": 35.0870702462, "LONG": -106.625625676 }, "geometry": { "type": "Point", "coordinates": [ -106.625625675505063, 35.087070246212114 ] } },
{ "type": "Feature", "properties": { "ROUTE": 16.0, "DAY": "WKDY", "DIR": "Inbound", "STOP": 28.0, "STOPNAME": "UNIVERSITY @ MARTIN LUTHER K", "DAY_ON": 3.5820707070700002, "DAY_OFF": 7.8939393939400002, "DAY_TOT": 11.476010101, "LAT": 35.083656085900003, "LONG": -106.626412879 }, "geometry": { "type": "Point", "coordinates": [ -106.626412878787889, 35.0836560858586 ] } },
{ "type": "Feature", "properties": { "ROUTE": 16.0, "DAY": "WKDY", "DIR": "Inbound", "STOP": 29.0, "STOPNAME": "UNIVERSITY @ CENTRAL", "DAY_ON": 17.1035353535, "DAY_OFF": 18.618686868699999, "DAY_TOT": 35.722222222200003, "LAT": 35.081656285500003, "LONG": -106.626882192 }, "geometry": { "type": "Point", "coordinates": [ -106.626882192234831, 35.081656285511365 ] } },
{ "type": "Feature", "properties": { "ROUTE": 16.0, "DAY": "WKDY", "DIR": "Inbound", "STOP": 30.0, "STOPNAME": "UNIVERSITY @ SILVER", "DAY_ON": 1.61111111111, "DAY_OFF": 1.05555555556, "DAY_TOT": 2.6666666666699999, "LAT": 35.079021335999997, "LONG": -106.62738182 }, "geometry": { "type": "Point", "coordinates": [ -106.627381819760103, 35.079021336016417 ] } },
{ "type": "Feature", "properties": { "ROUTE": 16.0, "DAY": "WKDY", "DIR": "Inbound", "STOP": 31.0, "STOPNAME": "UNIVERSITY @ COAL PL.", "DAY_ON": 0.69444444443999997, "DAY_OFF": 0.44444444443999997, "DAY_TOT": 1.13888888889, "LAT": 35.077530929600002, "LONG": -106.627584044 }, "geometry": { "type": "Point", "coordinates": [ -106.62758404434976, 35.077530929608592 ] } },
{ "type": "Feature", "properties": { "ROUTE": 16.0, "DAY": "WKDY", "DIR": "Inbound", "STOP": 32.0, "STOPNAME": "UNIVERSITY @ COAL", "DAY_ON": 2.7651515151499999, "DAY_OFF": 6.1818181818199998, "DAY_TOT": 8.9469696969699992, "LAT": 35.075550172, "LONG": -106.628073431 }, "geometry": { "type": "Point", "coordinates": [ -106.628073431186877, 35.075550172032834 ] } },
{ "type": "Feature", "properties": { "ROUTE": 16.0, "DAY": "WKDY", "DIR": "Inbound", "STOP": 33.0, "STOPNAME": "UNIVERSITY @ BASEHART", "DAY_ON": 3.1691919191900002, "DAY_OFF": 7.3712121212100001, "DAY_TOT": 10.5404040404, "LAT": 35.073385606800002, "LONG": -106.629774841 }, "geometry": { "type": "Point", "coordinates": [ -106.629774841382599, 35.073385606849754 ] } },
{ "type": "Feature", "properties": { "ROUTE": 16.0, "DAY": "WKDY", "DIR": "Inbound", "STOP": 34.0, "STOPNAME": "UNIVERSITY @ SHIELDS-RESEARC", "DAY_ON": 0.16666666667, "DAY_OFF": 0.64646464647000002, "DAY_TOT": 0.81313131312999998, "LAT": 35.070589547799997, "LONG": -106.63087979300001 }, "geometry": { "type": "Point", "coordinates": [ -106.630879793244958, 35.070589547821974 ] } },
{ "type": "Feature", "properties": { "ROUTE": 16.0, "DAY": "WKDY", "DIR": "Inbound", "STOP": 35.0, "STOPNAME": null, "DAY_ON": 0.81313131312999998, "DAY_OFF": 1.60101010101, "DAY_TOT": 2.4141414141399999, "LAT": 35.068103342800001, "LONG": -106.630980345 }, "geometry": { "type": "Point", "coordinates": [ -106.630980344854791, 35.068103342803042 ] } },
{ "type": "Feature", "properties": { "ROUTE": 16.0, "DAY": "WKDY", "DIR": "Inbound", "STOP": 36.0, "STOPNAME": "UNIVERSITY @ UNM PIT / LOBO", "DAY_ON": 0.0, "DAY_OFF": 0.61868686869, "DAY_TOT": 0.61868686869, "LAT": 35.065385217, "LONG": -106.63109790599999 }, "geometry": { "type": "Point", "coordinates": [ -106.631097906407845, 35.06538521701389 ] } },
{ "type": "Feature", "properties": { "ROUTE": 16.0, "DAY": "WKDY", "DIR": "Inbound", "STOP": 37.0, "STOPNAME": "UNIVERSITY @ SUNSHINE TERRAC", "DAY_ON": 0.28535353535000002, "DAY_OFF": 4.2297979797999998, "DAY_TOT": 4.5151515151500003, "LAT": 35.063922974299999, "LONG": -106.63138197799999 }, "geometry": { "type": "Point", "coordinates": [ -106.63138197758839, 35.063922974273993 ] } },
{ "type": "Feature", "properties": { "ROUTE": 16.0, "DAY": "WKDY", "DIR": "Inbound", "STOP": 38.0, "STOPNAME": "UNIVERSITY @ GIBSON", "DAY_ON": 16.970959596, "DAY_OFF": 26.946969697, "DAY_TOT": 43.917929292899998, "LAT": 35.0605067061, "LONG": -106.631560075 }, "geometry": { "type": "Point", "coordinates": [ -106.631560074968448, 35.060506706123732 ] } },
{ "type": "Feature", "properties": { "ROUTE": 16.0, "DAY": "WKDY", "DIR": "Inbound", "STOP": 39.0, "STOPNAME": "GIBSON @ UNIVERSITY", "DAY_ON": 8.1351010100999996, "DAY_OFF": 5.5101010100999996, "DAY_TOT": 13.645202020199999, "LAT": 35.058493995399999, "LONG": -106.630011952 }, "geometry": { "type": "Point", "coordinates": [ -106.630011952335877, 35.058493995422978 ] } },
{ "type": "Feature", "properties": { "ROUTE": 16.0, "DAY": "WKDY", "DIR": "Inbound", "STOP": 40.0, "STOPNAME": "YALE @ GIBSON", "DAY_ON": 4.6691919191900002, "DAY_OFF": 4.4191919191900002, "DAY_TOT": 9.0883838383800004, "LAT": 35.059440162599998, "LONG": -106.62205764399999 }, "geometry": { "type": "Point", "coordinates": [ -106.622057643623734, 35.059440162563142 ] } },
{ "type": "Feature", "properties": { "ROUTE": 16.0, "DAY": "WKDY", "DIR": "Inbound", "STOP": 41.0, "STOPNAME": "YALE @ ROSS", "DAY_ON": 5.4848484848499997, "DAY_OFF": 2.2095959596000001, "DAY_TOT": 7.6944444444400002, "LAT": 35.062061048799997, "LONG": -106.62192309300001 }, "geometry": { "type": "Point", "coordinates": [ -106.621923092645218, 35.062061048768946 ] } },
{ "type": "Feature", "properties": { "ROUTE": 16.0, "DAY": "WKDY", "DIR": "Inbound", "STOP": 42.0, "STOPNAME": "YALE @ KATHRYN", "DAY_ON": 2.5101010101000001, "DAY_OFF": 1.05555555556, "DAY_TOT": 3.5656565656599999, "LAT": 35.064081912100001, "LONG": -106.621921087 }, "geometry": { "type": "Point", "coordinates": [ -106.621921086647717, 35.064081912089648 ] } },
{ "type": "Feature", "properties": { "ROUTE": 16.0, "DAY": "WKDY", "DIR": "Inbound", "STOP": 43.0, "STOPNAME": "KATHRYN @ YALE", "DAY_ON": 5.0227272727300001, "DAY_OFF": 3.8851010101000001, "DAY_TOT": 8.9078282828299997, "LAT": 35.065570906700003, "LONG": -106.621339582 }, "geometry": { "type": "Point", "coordinates": [ -106.621339581755066, 35.065570906723472 ] } },
{ "type": "Feature", "properties": { "ROUTE": 16.0, "DAY": "WKDY", "DIR": "Inbound", "STOP": 44.0, "STOPNAME": "KATHRYN @ CORNELL", "DAY_ON": 5.2777777777799999, "DAY_OFF": 5.3371212121199996, "DAY_TOT": 10.6148989899, "LAT": 35.065652834600002, "LONG": -106.618795272 }, "geometry": { "type": "Point", "coordinates": [ -106.618795272253806, 35.065652834595973 ] } },
{ "type": "Feature", "properties": { "ROUTE": 16.0, "DAY": "WKDY", "DIR": "Inbound", "STOP": 45.0, "STOPNAME": "GIRARD @ KATHRYN", "DAY_ON": 2.13888888889, "DAY_OFF": 1.64898989899, "DAY_TOT": 3.78787878788, "LAT": 35.065747672800001, "LONG": -106.613268949 }, "geometry": { "type": "Point", "coordinates": [ -106.613268948863634, 35.065747672821978 ] } },
{ "type": "Feature", "properties": { "ROUTE": 16.0, "DAY": "WKDY", "DIR": "Inbound", "STOP": 46.0, "STOPNAME": "GIRARD @ HYDER", "DAY_ON": 1.13888888889, "DAY_OFF": 1.11111111111, "DAY_TOT": 2.25, "LAT": 35.068048219700003, "LONG": -106.613342049 }, "geometry": { "type": "Point", "coordinates": [ -106.613342048611102, 35.068048219696969 ] } },
{ "type": "Feature", "properties": { "ROUTE": 16.0, "DAY": "WKDY", "DIR": "Inbound", "STOP": 47.0, "STOPNAME": "GIRARD @ SANTA MONICA", "DAY_ON": 0.36111111111, "DAY_OFF": 0.33333333332999998, "DAY_TOT": 0.69444444443999997, "LAT": 35.070641582199997, "LONG": -106.613346378 }, "geometry": { "type": "Point", "coordinates": [ -106.613346377840912, 35.070641582228532 ] } },
{ "type": "Feature", "properties": { "ROUTE": 16.0, "DAY": "WKDY", "DIR": "Inbound", "STOP": 48.0, "STOPNAME": "GIRARD @ BURTON", "DAY_ON": 2.0833333333300001, "DAY_OFF": 1.0151515151499999, "DAY_TOT": 3.0984848484800001, "LAT": 35.072245905099997, "LONG": -106.6133385 }, "geometry": { "type": "Point", "coordinates": [ -106.613338499842158, 35.072245905145202 ] } },
{ "type": "Feature", "properties": { "ROUTE": 16.0, "DAY": "WKDY", "DIR": "Inbound", "STOP": 49.0, "STOPNAME": "GIRARD @ CENTRAL", "DAY_ON": 4.2121212121199996, "DAY_OFF": 9.5744949494899991, "DAY_TOT": 13.7866161616, "LAT": 35.080159670900002, "LONG": -106.61329193900001 }, "geometry": { "type": "Point", "coordinates": [ -106.613291938920455, 35.080159670928033 ] } },
{ "type": "Feature", "properties": { "ROUTE": 16.0, "DAY": "WKDY", "DIR": "Inbound", "STOP": 50.0, "STOPNAME": "CENTRAL @ DARTMOUTH", "DAY_ON": 5.0050505050499998, "DAY_OFF": 9.8068181818200006, "DAY_TOT": 14.8118686869, "LAT": 35.080665509799999, "LONG": -106.611758939 }, "geometry": { "type": "Point", "coordinates": [ -106.611758939393937, 35.080665509785341 ] } },
{ "type": "Feature", "properties": { "ROUTE": 16.0, "DAY": "WKDY", "DIR": "Inbound", "STOP": 51.0, "STOPNAME": "CENTRAL @ TULANE", "DAY_ON": 5.1287878787899999, "DAY_OFF": 3.7714646464600001, "DAY_TOT": 8.90025252525, "LAT": 35.080115171199999, "LONG": -106.60744035499999 }, "geometry": { "type": "Point", "coordinates": [ -106.607440355113653, 35.080115171243698 ] } },
{ "type": "Feature", "properties": { "ROUTE": 16.0, "DAY": "WKDY", "DIR": "Inbound", "STOP": 52.0, "STOPNAME": "CARLISLE @ SILVER", "DAY_ON": 10.318181818199999, "DAY_OFF": 3.98737373737, "DAY_TOT": 14.3055555556, "LAT": 35.078837567100003, "LONG": -106.604619595 }, "geometry": { "type": "Point", "coordinates": [ -106.604619595170448, 35.078837567077017 ] } },
{ "type": "Feature", "properties": { "ROUTE": 16.0, "DAY": "WKDY", "DIR": "Inbound", "STOP": 53.0, "STOPNAME": "CARLISLE @ COAL", "DAY_ON": 0.27777777778000001, "DAY_OFF": 0.61111111111000005, "DAY_TOT": 0.88888888888999995, "LAT": 35.075969686699999, "LONG": -106.604592199 }, "geometry": { "type": "Point", "coordinates": [ -106.604592198547991, 35.075969686710849 ] } },
{ "type": "Feature", "properties": { "ROUTE": 16.0, "DAY": "WKDY", "DIR": "Inbound", "STOP": 54.0, "STOPNAME": "CARLISLE @ GARFIELD", "DAY_ON": 0.27777777778000001, "DAY_OFF": 0.0, "DAY_TOT": 0.27777777778000001, "LAT": 35.073832320100003, "LONG": -106.604590581 }, "geometry": { "type": "Point", "coordinates": [ -106.604590580808079, 35.073832320075745 ] } },
{ "type": "Feature", "properties": { "ROUTE": 16.0, "DAY": "WKDY", "DIR": "Inbound", "STOP": 55.0, "STOPNAME": "CARLISLE @ PERSHING", "DAY_ON": 0.0, "DAY_OFF": 0.61111111111000005, "DAY_TOT": 0.61111111111000005, "LAT": 35.0701656771, "LONG": -106.604592217 }, "geometry": { "type": "Point", "coordinates": [ -106.604592216698222, 35.070165677083324 ] } },
{ "type": "Feature", "properties": { "ROUTE": 16.0, "DAY": "WKDY", "DIR": "Inbound", "STOP": 56.0, "STOPNAME": "CARLISLE @ SAN RAFAEL", "DAY_ON": 0.33333333332999998, "DAY_OFF": 5.398989899, "DAY_TOT": 5.7323232323299997, "LAT": 35.0663675829, "LONG": -106.604527363 }, "geometry": { "type": "Point", "coordinates": [ -106.604527363478525, 35.066367582859847 ] } },
{ "type": "Feature", "properties": { "ROUTE": 16.0, "DAY": "WKDY", "DIR": "Inbound", "STOP": 57.0, "STOPNAME": "CARLISLE @ ANDERSON", "DAY_ON": 2.7777777777799999, "DAY_OFF": 5.3712121212100001, "DAY_TOT": 8.1489898989899991, "LAT": 35.063555989599998, "LONG": -106.60433435100001 }, "geometry": { "type": "Point", "coordinates": [ -106.604334351325761, 35.063555989583335 ] } },
{ "type": "Feature", "properties": { "ROUTE": 16.0, "DAY": "WKDY", "DIR": "Inbound", "STOP": 58.0, "STOPNAME": "CARLISLE @ ROSS", "DAY_ON": 1.1666666666700001, "DAY_OFF": 3.7095959596000001, "DAY_TOT": 4.87626262626, "LAT": 35.062119091699998, "LONG": -106.604335654 }, "geometry": { "type": "Point", "coordinates": [ -106.604335654198223, 35.062119091698243 ] } },
{ "type": "Feature", "properties": { "ROUTE": 16.0, "DAY": "WKDY", "DIR": "Inbound", "STOP": 59.0, "STOPNAME": "CARLISLE @ EASTERN", "DAY_ON": 2.7436868686899998, "DAY_OFF": 11.0050505051, "DAY_TOT": 13.748737373699999, "LAT": 35.059988896, "LONG": -106.604346783 }, "geometry": { "type": "Point", "coordinates": [ -106.604346783459604, 35.059988895991161 ] } },
{ "type": "Feature", "properties": { "ROUTE": 16.0, "DAY": "WKDY", "DIR": "Inbound", "STOP": 60.0, "STOPNAME": "GIBSON @ CARLISLE", "DAY_ON": 6.2853535353499996, "DAY_OFF": 2.23611111111, "DAY_TOT": 8.5214646464600001, "LAT": 35.058315827800001, "LONG": -106.603602149 }, "geometry": { "type": "Point", "coordinates": [ -106.603602148832053, 35.058315827809345 ] } },
{ "type": "Feature", "properties": { "ROUTE": 16.0, "DAY": "WKDY", "DIR": "Inbound", "STOP": 61.0, "STOPNAME": "GIBSON @ MAXWELL", "DAY_ON": 0.09090909091, "DAY_OFF": 0.0, "DAY_TOT": 0.09090909091, "LAT": 35.0581642669, "LONG": -106.601644722 }, "geometry": { "type": "Point", "coordinates": [ -106.601644722222247, 35.058164266887637 ] } },
{ "type": "Feature", "properties": { "ROUTE": 16.0, "DAY": "WKDY", "DIR": "Inbound", "STOP": 62.0, "STOPNAME": "GIBSON @ WASHINGTON", "DAY_ON": 0.0, "DAY_OFF": 0.22222222222, "DAY_TOT": 0.22222222222, "LAT": 35.058124060099999, "LONG": -106.594993167 }, "geometry": { "type": "Point", "coordinates": [ -106.594993166824494, 35.058124060132577 ] } },
{ "type": "Feature", "properties": { "ROUTE": 16.0, "DAY": "WKDY", "DIR": "Inbound", "STOP": 63.0, "STOPNAME": "GIBSON @ TRUMAN", "DAY_ON": 0.0, "DAY_OFF": 0.16666666667, "DAY_TOT": 0.16666666667, "LAT": 35.058123212600002, "LONG": -106.59066704 }, "geometry": { "type": "Point", "coordinates": [ -106.590667039930565, 35.058123212594694 ] } },
{ "type": "Feature", "properties": { "ROUTE": 16.0, "DAY": "WKDY", "DIR": "Inbound", "STOP": 64.0, "STOPNAME": "GIBSON @ TRUMAN", "DAY_ON": 0.0, "DAY_OFF": 2.13888888889, "DAY_TOT": 2.13888888889, "LAT": 35.058126669000004, "LONG": -106.588982341 }, "geometry": { "type": "Point", "coordinates": [ -106.588982340593461, 35.058126669034095 ] } },
{ "type": "Feature", "properties": { "ROUTE": 16.0, "DAY": "WKDY", "DIR": "Inbound", "STOP": 65.0, "STOPNAME": "GIBSON @ SAN MATEO", "DAY_ON": 0.0, "DAY_OFF": 12.529040404, "DAY_TOT": 12.529040404, "LAT": 35.058205718099998, "LONG": -106.586661132 }, "geometry": { "type": "Point", "coordinates": [ -106.586661132417902, 35.058205718118685 ] } },
{ "type": "Feature", "properties": { "ROUTE": 16.0, "DAY": "WKDY", "DIR": "Inbound", "STOP": 66.0, "STOPNAME": "GIBSON @ SAN MATEO", "DAY_ON": 7.5277777777799999, "DAY_OFF": 15.904040404, "DAY_TOT": 23.431818181800001, "LAT": 35.058244569099998, "LONG": -106.584809048 }, "geometry": { "type": "Point", "coordinates": [ -106.584809048295469, 35.058244569128782 ] } },
{ "type": "Feature", "properties": { "ROUTE": 16.0, "DAY": "WKDY", "DIR": "Inbound", "STOP": 67.0, "STOPNAME": "GIBSON @ VALENCIA", "DAY_ON": 0.08333333333, "DAY_OFF": 6.5517676767699999, "DAY_TOT": 6.6351010100999996, "LAT": 35.058238508499997, "LONG": -106.581835254 }, "geometry": { "type": "Point", "coordinates": [ -106.581835254103524, 35.058238508522727 ] } },
{ "type": "Feature", "properties": { "ROUTE": 16.0, "DAY": "WKDY", "DIR": "Inbound", "STOP": 68.0, "STOPNAME": "GIBSON @ VALENCIA", "DAY_ON": 2.48737373737, "DAY_OFF": 8.2171717171700003, "DAY_TOT": 10.7045454545, "LAT": 35.058213858899997, "LONG": -106.580239875 }, "geometry": { "type": "Point", "coordinates": [ -106.580239874526526, 35.058213858901517 ] } },
{ "type": "Feature", "properties": { "ROUTE": 16.0, "DAY": "WKDY", "DIR": "Inbound", "STOP": 69.0, "STOPNAME": "GIBSON @ SAN PEDRO", "DAY_ON": 0.27777777778000001, "DAY_OFF": 4.2045454545499998, "DAY_TOT": 4.4823232323199997, "LAT": 35.058201437800001, "LONG": -106.577835534 }, "geometry": { "type": "Point", "coordinates": [ -106.577835534248749, 35.058201437815661 ] } },
{ "type": "Feature", "properties": { "ROUTE": 16.0, "DAY": "WKDY", "DIR": "Inbound", "STOP": 70.0, "STOPNAME": "GIBSON @ SAN PEDRO", "DAY_ON": 0.64646464647000002, "DAY_OFF": 5.1944444444400002, "DAY_TOT": 5.8409090909100003, "LAT": 35.058189205300003, "LONG": -106.575789732 }, "geometry": { "type": "Point", "coordinates": [ -106.575789731691927, 35.058189205334592 ] } },
{ "type": "Feature", "properties": { "ROUTE": 16.0, "DAY": "WKDY", "DIR": "Inbound", "STOP": 71.0, "STOPNAME": "GIBSON @ DAKOTA", "DAY_ON": 0.66666666666999996, "DAY_OFF": 4.3434343434300002, "DAY_TOT": 5.0101010100999996, "LAT": 35.058180055999998, "LONG": -106.573853 }, "geometry": { "type": "Point", "coordinates": [ -106.573852999526522, 35.058180056029052 ] } },
{ "type": "Feature", "properties": { "ROUTE": 16.0, "DAY": "WKDY", "DIR": "Inbound", "STOP": 72.0, "STOPNAME": "KENTUCKY @ GIBSON", "DAY_ON": 0.0, "DAY_OFF": 21.063131313100001, "DAY_TOT": 21.063131313100001, "LAT": 35.058622763599999, "LONG": -106.569872577 }, "geometry": { "type": "Point", "coordinates": [ -106.569872576546729, 35.05862276357324 ] } },
{ "type": "Feature", "properties": { "ROUTE": 31.0, "DAY": "WKDY", "DIR": "Outbound", "STOP": 1.0, "STOPNAME": "WILSHIRE @ LA CUEVA HS", "DAY_ON": 10.1409340659, "DAY_OFF": 0.28571428571000002, "DAY_TOT": 10.426648351600001, "LAT": 35.1814700567, "LONG": -106.558746945 }, "geometry": { "type": "Point", "coordinates": [ -106.558746944505472, 35.181470056684987 ] } },
{ "type": "Feature", "properties": { "ROUTE": 31.0, "DAY": "WKDY", "DIR": "Outbound", "STOP": 2.0, "STOPNAME": "WYOMING @ WILSHIRE", "DAY_ON": 3.9012820512799999, "DAY_OFF": 0.07142857143, "DAY_TOT": 3.9727106227100002, "LAT": 35.180029989700003, "LONG": -106.559897408 }, "geometry": { "type": "Point", "coordinates": [ -106.559897407600744, 35.180029989652006 ] } },
{ "type": "Feature", "properties": { "ROUTE": 31.0, "DAY": "WKDY", "DIR": "Outbound", "STOP": 3.0, "STOPNAME": "WYOMING @ CARMEL", "DAY_ON": 8.6930402930399993, "DAY_OFF": 0.06666666667, "DAY_TOT": 8.7597069597099999, "LAT": 35.178733307800002, "LONG": -106.559971856 }, "geometry": { "type": "Point", "coordinates": [ -106.559971856089746, 35.178733307829681 ] } },
{ "type": "Feature", "properties": { "ROUTE": 31.0, "DAY": "WKDY", "DIR": "Outbound", "STOP": 4.0, "STOPNAME": "WYOMING @ HOLLY", "DAY_ON": 22.816575091600001, "DAY_OFF": 0.27142857143, "DAY_TOT": 23.088003663, "LAT": 35.176039912, "LONG": -106.55999065100001 }, "geometry": { "type": "Point", "coordinates": [ -106.559990650641041, 35.176039912042135 ] } },
{ "type": "Feature", "properties": { "ROUTE": 31.0, "DAY": "WKDY", "DIR": "Outbound", "STOP": 5.0, "STOPNAME": "WYOMING @ PASEO DEL NORTE", "DAY_ON": 4.9723443223399997, "DAY_OFF": 0.14835164835, "DAY_TOT": 5.1206959707, "LAT": 35.172147117199998, "LONG": -106.560048033 }, "geometry": { "type": "Point", "coordinates": [ -106.56004803264652, 35.17214711721612 ] } },
{ "type": "Feature", "properties": { "ROUTE": 31.0, "DAY": "WKDY", "DIR": "Outbound", "STOP": 6.0, "STOPNAME": "WYOMING @ KRIM P-N-R", "DAY_ON": 3.5149267399299999, "DAY_OFF": 0.34478021978000001, "DAY_TOT": 3.85970695971, "LAT": 35.169342414, "LONG": -106.560041533 }, "geometry": { "type": "Point", "coordinates": [ -106.5600415328297, 35.169342414010984 ] } },
{ "type": "Feature", "properties": { "ROUTE": 31.0, "DAY": "WKDY", "DIR": "Outbound", "STOP": 7.0, "STOPNAME": "WYOMING @ SAN FRANCISCO", "DAY_ON": 3.726007326, "DAY_OFF": 0.325, "DAY_TOT": 4.051007326, "LAT": 35.165419017600001, "LONG": -106.56003963800001 }, "geometry": { "type": "Point", "coordinates": [ -106.560039638186822, 35.165419017628203 ] } },
{ "type": "Feature", "properties": { "ROUTE": 31.0, "DAY": "WKDY", "DIR": "Outbound", "STOP": 8.0, "STOPNAME": "WYOMING @ CURRY", "DAY_ON": 0.34001831502000002, "DAY_OFF": 0.06666666667, "DAY_TOT": 0.40668498169, "LAT": 35.162740224499998, "LONG": -106.56004169000001 }, "geometry": { "type": "Point", "coordinates": [ -106.560041689972536, 35.162740224542127 ] } },
{ "type": "Feature", "properties": { "ROUTE": 31.0, "DAY": "WKDY", "DIR": "Outbound", "STOP": 9.0, "STOPNAME": "WYOMING @ SAN ANTONIO", "DAY_ON": 18.911080586099999, "DAY_OFF": 3.9550366300399999, "DAY_TOT": 22.866117216100001, "LAT": 35.15944711, "LONG": -106.560065067 }, "geometry": { "type": "Point", "coordinates": [ -106.560065066620865, 35.159447109981684 ] } },
{ "type": "Feature", "properties": { "ROUTE": 31.0, "DAY": "WKDY", "DIR": "Outbound", "STOP": 10.0, "STOPNAME": "WYOMING @ SAN ANTONIO", "DAY_ON": 3.1332417582400001, "DAY_OFF": 0.13333333333, "DAY_TOT": 3.26657509158, "LAT": 35.158042085600002, "LONG": -106.560248653 }, "geometry": { "type": "Point", "coordinates": [ -106.560248652838823, 35.158042085622704 ] } },
{ "type": "Feature", "properties": { "ROUTE": 31.0, "DAY": "WKDY", "DIR": "Outbound", "STOP": 11.0, "STOPNAME": "WYOMING @ BURLISON", "DAY_ON": 3.8371794871799998, "DAY_OFF": 0.74478021977999997, "DAY_TOT": 4.5819597069600002, "LAT": 35.152668116100003, "LONG": -106.5606992 }, "geometry": { "type": "Point", "coordinates": [ -106.560699199587901, 35.152668116117219 ] } },
{ "type": "Feature", "properties": { "ROUTE": 31.0, "DAY": "WKDY", "DIR": "Outbound", "STOP": 13.0, "STOPNAME": "WYOMING @ CUBERO", "DAY_ON": 0.82646520147000002, "DAY_OFF": 1.00412087912, "DAY_TOT": 1.8305860805900001, "LAT": 35.148249748799998, "LONG": -106.556119088 }, "geometry": { "type": "Point", "coordinates": [ -106.556119088415741, 35.148249748809526 ] } },
{ "type": "Feature", "properties": { "ROUTE": 31.0, "DAY": "WKDY", "DIR": "Outbound", "STOP": 14.0, "STOPNAME": "WYOMING @ ACADEMY", "DAY_ON": 4.051007326, "DAY_OFF": 3.75347985348, "DAY_TOT": 7.8044871794799997, "LAT": 35.1455197879, "LONG": -106.553573665 }, "geometry": { "type": "Point", "coordinates": [ -106.553573664514644, 35.145519787866299 ] } },
{ "type": "Feature", "properties": { "ROUTE": 31.0, "DAY": "WKDY", "DIR": "Outbound", "STOP": 15.0, "STOPNAME": "WYOMING @ ACADEMY", "DAY_ON": 18.373901098899999, "DAY_OFF": 1.1288461538500001, "DAY_TOT": 19.502747252700001, "LAT": 35.143645227599997, "LONG": -106.55239644700001 }, "geometry": { "type": "Point", "coordinates": [ -106.552396446657525, 35.143645227609895 ] } },
{ "type": "Feature", "properties": { "ROUTE": 31.0, "DAY": "WKDY", "DIR": "Outbound", "STOP": 16.0, "STOPNAME": "WYOMING @ SPAIN", "DAY_ON": 2.3326923076899999, "DAY_OFF": 0.41501831501999997, "DAY_TOT": 2.7477106227100001, "LAT": 35.141941561199999, "LONG": -106.55166588599999 }, "geometry": { "type": "Point", "coordinates": [ -106.551665885988996, 35.141941561217948 ] } },
{ "type": "Feature", "properties": { "ROUTE": 31.0, "DAY": "WKDY", "DIR": "Outbound", "STOP": 17.0, "STOPNAME": "WYOMING @ SPAIN", "DAY_ON": 14.1702380952, "DAY_OFF": 3.5022893772899999, "DAY_TOT": 17.672527472500001, "LAT": 35.139629251300001, "LONG": -106.55118226899999 }, "geometry": { "type": "Point", "coordinates": [ -106.551182268864451, 35.13962925132784 ] } },
{ "type": "Feature", "properties": { "ROUTE": 31.0, "DAY": "WKDY", "DIR": "Outbound", "STOP": 18.0, "STOPNAME": "WYOMING @ OSUNA", "DAY_ON": 0.06666666667, "DAY_OFF": 0.5597985348, "DAY_TOT": 0.62646520145999995, "LAT": 35.137012993299997, "LONG": -106.551157062 }, "geometry": { "type": "Point", "coordinates": [ -106.551157062271045, 35.137012993269224 ] } },
{ "type": "Feature", "properties": { "ROUTE": 31.0, "DAY": "WKDY", "DIR": "Outbound", "STOP": 19.0, "STOPNAME": "WYOMING @ NORTHRIDGE", "DAY_ON": 1.5750915750900001, "DAY_OFF": 1.1321428571400001, "DAY_TOT": 2.7072344322299999, "LAT": 35.134411289699997, "LONG": -106.551152759 }, "geometry": { "type": "Point", "coordinates": [ -106.551152758928566, 35.134411289743582 ] } },
{ "type": "Feature", "properties": { "ROUTE": 31.0, "DAY": "WKDY", "DIR": "Outbound", "STOP": 20.0, "STOPNAME": "WYOMING @ MONTGOMERY", "DAY_ON": 2.4945970696000002, "DAY_OFF": 17.3698717949, "DAY_TOT": 19.864468864500001, "LAT": 35.131409831100001, "LONG": -106.55116213700001 }, "geometry": { "type": "Point", "coordinates": [ -106.551162137362596, 35.131409831135535 ] } },
{ "type": "Feature", "properties": { "ROUTE": 31.0, "DAY": "WKDY", "DIR": "Outbound", "STOP": 21.0, "STOPNAME": "WYOMING @ MONTGOMERY", "DAY_ON": 26.122985348, "DAY_OFF": 6.2082417582399998, "DAY_TOT": 32.331227106199997, "LAT": 35.130018464400003, "LONG": -106.55115505800001 }, "geometry": { "type": "Point", "coordinates": [ -106.551155058104385, 35.130018464377279 ] } },
{ "type": "Feature", "properties": { "ROUTE": 31.0, "DAY": "WKDY", "DIR": "Outbound", "STOP": 22.0, "STOPNAME": "WYOMING @ LA MIRADA", "DAY_ON": 1.89047619048, "DAY_OFF": 1.4083333333300001, "DAY_TOT": 3.2988095238100001, "LAT": 35.127886687100002, "LONG": -106.551128863 }, "geometry": { "type": "Point", "coordinates": [ -106.551128863003669, 35.12788668713371 ] } },
{ "type": "Feature", "properties": { "ROUTE": 31.0, "DAY": "WKDY", "DIR": "Outbound", "STOP": 23.0, "STOPNAME": "WYOMING @ JAMES", "DAY_ON": 1.5252747252700001, "DAY_OFF": 0.64285714285999995, "DAY_TOT": 2.1681318681300001, "LAT": 35.126528303599997, "LONG": -106.55111342 }, "geometry": { "type": "Point", "coordinates": [ -106.551113419826038, 35.126528303617214 ] } },
{ "type": "Feature", "properties": { "ROUTE": 31.0, "DAY": "WKDY", "DIR": "Outbound", "STOP": 24.0, "STOPNAME": "WYOMING @ COMANCHE", "DAY_ON": 9.9335164835200001, "DAY_OFF": 2.5578754578799998, "DAY_TOT": 12.4913919414, "LAT": 35.123847562500004, "LONG": -106.55109330800001 }, "geometry": { "type": "Point", "coordinates": [ -106.551093307646511, 35.123847562500004 ] } },
{ "type": "Feature", "properties": { "ROUTE": 31.0, "DAY": "WKDY", "DIR": "Outbound", "STOP": 25.0, "STOPNAME": "WYOMING @ DELLWOOD", "DAY_ON": 3.4267399267399998, "DAY_OFF": 1.48644688645, "DAY_TOT": 4.9131868131900003, "LAT": 35.1212769686, "LONG": -106.551069712 }, "geometry": { "type": "Point", "coordinates": [ -106.551069712271058, 35.121276968589747 ] } },
{ "type": "Feature", "properties": { "ROUTE": 31.0, "DAY": "WKDY", "DIR": "Outbound", "STOP": 26.0, "STOPNAME": "WYOMING @ LA CAMILA", "DAY_ON": 0.46785714286000002, "DAY_OFF": 0.13809523809, "DAY_TOT": 0.60595238095000004, "LAT": 35.119388082900002, "LONG": -106.551053364 }, "geometry": { "type": "Point", "coordinates": [ -106.551053363690471, 35.11938808292124 ] } },
{ "type": "Feature", "properties": { "ROUTE": 31.0, "DAY": "WKDY", "DIR": "Outbound", "STOP": 27.0, "STOPNAME": "WYOMING @ CANDELARIA", "DAY_ON": 7.1732600732599998, "DAY_OFF": 3.27445054945, "DAY_TOT": 10.447710622700001, "LAT": 35.116110212199999, "LONG": -106.55103054200001 }, "geometry": { "type": "Point", "coordinates": [ -106.551030542307714, 35.1161102121795 ] } },
{ "type": "Feature", "properties": { "ROUTE": 31.0, "DAY": "WKDY", "DIR": "Outbound", "STOP": 28.0, "STOPNAME": "WYOMING @ CANDELARIA", "DAY_ON": 0.33928571428999998, "DAY_OFF": 0.21978021978000001, "DAY_TOT": 0.55906593407000005, "LAT": 35.1140154474, "LONG": -106.55101250600001 }, "geometry": { "type": "Point", "coordinates": [ -106.551012506043975, 35.114015447435889 ] } },
{ "type": "Feature", "properties": { "ROUTE": 31.0, "DAY": "WKDY", "DIR": "Outbound", "STOP": 29.0, "STOPNAME": "WYOMING @ CLAREMONT", "DAY_ON": 1.4478937728900001, "DAY_OFF": 2.0627289377300002, "DAY_TOT": 3.5106227106199999, "LAT": 35.111794231700003, "LONG": -106.55099445499999 }, "geometry": { "type": "Point", "coordinates": [ -106.550994455357142, 35.111794231730769 ] } },
{ "type": "Feature", "properties": { "ROUTE": 31.0, "DAY": "WKDY", "DIR": "Outbound", "STOP": 30.0, "STOPNAME": "WYOMING @ MENAUL", "DAY_ON": 11.961813186800001, "DAY_OFF": 16.909249084199999, "DAY_TOT": 28.871062271100001, "LAT": 35.108575232699998, "LONG": -106.550966305 }, "geometry": { "type": "Point", "coordinates": [ -106.550966304807687, 35.108575232692303 ] } },
{ "type": "Feature", "properties": { "ROUTE": 31.0, "DAY": "WKDY", "DIR": "Outbound", "STOP": 31.0, "STOPNAME": "WYOMING @ APACHE", "DAY_ON": 25.627564102600001, "DAY_OFF": 6.6122710622699996, "DAY_TOT": 32.239835164799999, "LAT": 35.1066441858, "LONG": -106.550950297 }, "geometry": { "type": "Point", "coordinates": [ -106.550950296794866, 35.106644185760075 ] } },
{ "type": "Feature", "properties": { "ROUTE": 31.0, "DAY": "WKDY", "DIR": "Outbound", "STOP": 32.0, "STOPNAME": "WYOMING @ NORTHEASTERN", "DAY_ON": 13.4865384615, "DAY_OFF": 3.0317765567800001, "DAY_TOT": 16.518315018300001, "LAT": 35.104561526399998, "LONG": -106.550932034 }, "geometry": { "type": "Point", "coordinates": [ -106.550932033653879, 35.104561526419424 ] } },
{ "type": "Feature", "properties": { "ROUTE": 31.0, "DAY": "WKDY", "DIR": "Outbound", "STOP": 33.0, "STOPNAME": "WYOMING @ INDIAN SCHOOL", "DAY_ON": 16.163369963400001, "DAY_OFF": 3.9979853479899998, "DAY_TOT": 20.161355311400001, "LAT": 35.102541037999998, "LONG": -106.55091211600001 }, "geometry": { "type": "Point", "coordinates": [ -106.550912115842465, 35.102541038049452 ] } },
{ "type": "Feature", "properties": { "ROUTE": 31.0, "DAY": "WKDY", "DIR": "Outbound", "STOP": 34.0, "STOPNAME": "WYOMING @ ASPEN", "DAY_ON": 4.70457875458, "DAY_OFF": 6.2688644688600004, "DAY_TOT": 10.9734432234, "LAT": 35.096577542799999, "LONG": -106.550868662 }, "geometry": { "type": "Point", "coordinates": [ -106.550868661538473, 35.096577542811353 ] } },
{ "type": "Feature", "properties": { "ROUTE": 31.0, "DAY": "WKDY", "DIR": "Outbound", "STOP": 35.0, "STOPNAME": "WYOMING @ CONSTITUTION", "DAY_ON": 22.7072344322, "DAY_OFF": 14.238003663000001, "DAY_TOT": 36.945238095199997, "LAT": 35.093644838899998, "LONG": -106.55084833700001 }, "geometry": { "type": "Point", "coordinates": [ -106.550848337087928, 35.093644838873615 ] } },
{ "type": "Feature", "properties": { "ROUTE": 31.0, "DAY": "WKDY", "DIR": "Outbound", "STOP": 36.0, "STOPNAME": "WYOMING @ LOMAS", "DAY_ON": 2.6791208791200001, "DAY_OFF": 14.160897435900001, "DAY_TOT": 16.840018314999998, "LAT": 35.087837246600003, "LONG": -106.550754051 }, "geometry": { "type": "Point", "coordinates": [ -106.550754050869998, 35.08783724656594 ] } },
{ "type": "Feature", "properties": { "ROUTE": 31.0, "DAY": "WKDY", "DIR": "Outbound", "STOP": 37.0, "STOPNAME": "WYOMING @ LOMAS", "DAY_ON": 3.4093406593400002, "DAY_OFF": 3.8086996337, "DAY_TOT": 7.2180402930399996, "LAT": 35.086764422199998, "LONG": -106.550701225 }, "geometry": { "type": "Point", "coordinates": [ -106.550701225045785, 35.086764422161188 ] } },
{ "type": "Feature", "properties": { "ROUTE": 31.0, "DAY": "WKDY", "DIR": "Outbound", "STOP": 38.0, "STOPNAME": "WYOMING @ MARQUETTE", "DAY_ON": 2.0023809523799998, "DAY_OFF": 7.85402930403, "DAY_TOT": 9.8564102564099993, "LAT": 35.083417167999997, "LONG": -106.55052253300001 }, "geometry": { "type": "Point", "coordinates": [ -106.550522532600723, 35.083417168040299 ] } },
{ "type": "Feature", "properties": { "ROUTE": 31.0, "DAY": "WKDY", "DIR": "Outbound", "STOP": 39.0, "STOPNAME": "WYOMING @ GRAND", "DAY_ON": 0.8793040293, "DAY_OFF": 2.6974358974400001, "DAY_TOT": 3.5767399267400002, "LAT": 35.0820134481, "LONG": -106.55048083200001 }, "geometry": { "type": "Point", "coordinates": [ -106.550480832463393, 35.082013448122709 ] } },
{ "type": "Feature", "properties": { "ROUTE": 31.0, "DAY": "WKDY", "DIR": "Outbound", "STOP": 40.0, "STOPNAME": "WYOMING @ COPPER", "DAY_ON": 0.58461538460999996, "DAY_OFF": 4.5612637362599999, "DAY_TOT": 5.1458791208800001, "LAT": 35.079061688099998, "LONG": -106.550466626 }, "geometry": { "type": "Point", "coordinates": [ -106.550466626282031, 35.079061688141017 ] } },
{ "type": "Feature", "properties": { "ROUTE": 31.0, "DAY": "WKDY", "DIR": "Outbound", "STOP": 41.0, "STOPNAME": "WYOMING @ CHICO", "DAY_ON": 0.06666666667, "DAY_OFF": 8.1681318681300006, "DAY_TOT": 8.2347985347999995, "LAT": 35.0764060614, "LONG": -106.550519631 }, "geometry": { "type": "Point", "coordinates": [ -106.550519630631854, 35.076406061355314 ] } },
{ "type": "Feature", "properties": { "ROUTE": 31.0, "DAY": "WKDY", "DIR": "Outbound", "STOP": 42.0, "STOPNAME": "WYOMING @ CENTRAL", "DAY_ON": 1.0840659340700001, "DAY_OFF": 112.72554945100001, "DAY_TOT": 113.809615385, "LAT": 35.074189398400001, "LONG": -106.550541294 }, "geometry": { "type": "Point", "coordinates": [ -106.550541293772881, 35.074189398397429 ] } },
{ "type": "Feature", "properties": { "ROUTE": 31.0, "DAY": "WKDY", "DIR": "Outbound", "STOP": 43.0, "STOPNAME": "WYOMING @ CENTRAL", "DAY_ON": 0.13333333333, "DAY_OFF": 7.5737179487199997, "DAY_TOT": 7.7070512820500001, "LAT": 35.073237622100002, "LONG": -106.550531398 }, "geometry": { "type": "Point", "coordinates": [ -106.550531398443212, 35.073237622069598 ] } },
{ "type": "Feature", "properties": { "ROUTE": 31.0, "DAY": "WKDY", "DIR": "Outbound", "STOP": 44.0, "STOPNAME": "WYOMING @ ZUNI", "DAY_ON": 0.28571428571000002, "DAY_OFF": 1.62408424908, "DAY_TOT": 1.9097985348, "LAT": 35.072084805099998, "LONG": -106.550549731 }, "geometry": { "type": "Point", "coordinates": [ -106.550549730723418, 35.072084805082405 ] } },
{ "type": "Feature", "properties": { "ROUTE": 31.0, "DAY": "WKDY", "DIR": "Outbound", "STOP": 45.0, "STOPNAME": "WYOMING @ TRUMBULL", "DAY_ON": 0.0, "DAY_OFF": 5.060989011, "DAY_TOT": 5.060989011, "LAT": 35.069555239400003, "LONG": -106.550816001 }, "geometry": { "type": "Point", "coordinates": [ -106.550816001098909, 35.069555239377287 ] } },
{ "type": "Feature", "properties": { "ROUTE": 31.0, "DAY": "WKDY", "DIR": "Outbound", "STOP": 46.0, "STOPNAME": "WYOMING @ SUSAN", "DAY_ON": 0.54285714285999997, "DAY_OFF": 28.2635531136, "DAY_TOT": 28.8064102564, "LAT": 35.067266213400003, "LONG": -106.55070584400001 }, "geometry": { "type": "Point", "coordinates": [ -106.55070584372713, 35.067266213415749 ] } },
{ "type": "Feature", "properties": { "ROUTE": 31.0, "DAY": "WKDY", "DIR": "Inbound", "STOP": 9.0, "STOPNAME": "WYOMING @ SUSAN", "DAY_ON": 27.330250305300002, "DAY_OFF": 0.125, "DAY_TOT": 27.455250305300002, "LAT": 35.067359216100002, "LONG": -106.550569663 }, "geometry": { "type": "Point", "coordinates": [ -106.550569663141033, 35.067359216101941 ] } },
{ "type": "Feature", "properties": { "ROUTE": 31.0, "DAY": "WKDY", "DIR": "Inbound", "STOP": 10.0, "STOPNAME": "WYOMING @ TRUMBULL", "DAY_ON": 5.5997557997599996, "DAY_OFF": 0.0, "DAY_TOT": 5.5997557997599996, "LAT": 35.069692705599998, "LONG": -106.550387792 }, "geometry": { "type": "Point", "coordinates": [ -106.550387792307703, 35.069692705647135 ] } },
{ "type": "Feature", "properties": { "ROUTE": 31.0, "DAY": "WKDY", "DIR": "Inbound", "STOP": 11.0, "STOPNAME": "WYOMING @ ZUNI", "DAY_ON": 0.45952380952, "DAY_OFF": 0.125, "DAY_TOT": 0.58452380952000005, "LAT": 35.071920145699998, "LONG": -106.55033286299999 }, "geometry": { "type": "Point", "coordinates": [ -106.550332863415775, 35.071920145741757 ] } },
{ "type": "Feature", "properties": { "ROUTE": 31.0, "DAY": "WKDY", "DIR": "Inbound", "STOP": 12.0, "STOPNAME": "WYOMING @ CENTRAL", "DAY_ON": 47.719597069599999, "DAY_OFF": 0.80595238095, "DAY_TOT": 48.525549450500002, "LAT": 35.073346369900001, "LONG": -106.550313444 }, "geometry": { "type": "Point", "coordinates": [ -106.550313443910269, 35.073346369917587 ] } },
{ "type": "Feature", "properties": { "ROUTE": 31.0, "DAY": "WKDY", "DIR": "Inbound", "STOP": 13.0, "STOPNAME": "WYOMING @ CENTRAL", "DAY_ON": 68.985347985299995, "DAY_OFF": 0.94047619047999997, "DAY_TOT": 69.925824175800003, "LAT": 35.074358236499997, "LONG": -106.55030183 }, "geometry": { "type": "Point", "coordinates": [ -106.550301830494476, 35.074358236492678 ] } },
{ "type": "Feature", "properties": { "ROUTE": 31.0, "DAY": "WKDY", "DIR": "Inbound", "STOP": 14.0, "STOPNAME": "WYOMING @ CHICO", "DAY_ON": 8.9174908424900003, "DAY_OFF": 0.28095238095000002, "DAY_TOT": 9.19844322344, "LAT": 35.076504643500002, "LONG": -106.550278918 }, "geometry": { "type": "Point", "coordinates": [ -106.550278917765539, 35.076504643543963 ] } },
{ "type": "Feature", "properties": { "ROUTE": 31.0, "DAY": "WKDY", "DIR": "Inbound", "STOP": 15.0, "STOPNAME": "WYOMING @ DOMINGO", "DAY_ON": 2.2395604395599999, "DAY_OFF": 0.60384615384999996, "DAY_TOT": 2.8434065934100001, "LAT": 35.078058312899998, "LONG": -106.550255599 }, "geometry": { "type": "Point", "coordinates": [ -106.550255599175856, 35.078058312866297 ] } },
{ "type": "Feature", "properties": { "ROUTE": 31.0, "DAY": "WKDY", "DIR": "Inbound", "STOP": 16.0, "STOPNAME": "WYOMING @ COPPER", "DAY_ON": 10.490109890099999, "DAY_OFF": 1.7809523809500001, "DAY_TOT": 12.2710622711, "LAT": 35.080870815799997, "LONG": -106.550220518 }, "geometry": { "type": "Point", "coordinates": [ -106.550220518315015, 35.080870815750913 ] } },
{ "type": "Feature", "properties": { "ROUTE": 31.0, "DAY": "WKDY", "DIR": "Inbound", "STOP": 17.0, "STOPNAME": "WYOMING @ MARQUETTE", "DAY_ON": 7.0951465201500001, "DAY_OFF": 1.4502747252699999, "DAY_TOT": 8.54542124542, "LAT": 35.083895155, "LONG": -106.550310784 }, "geometry": { "type": "Point", "coordinates": [ -106.55031078420329, 35.083895154990842 ] } },
{ "type": "Feature", "properties": { "ROUTE": 31.0, "DAY": "WKDY", "DIR": "Inbound", "STOP": 18.0, "STOPNAME": "WYOMING @ LOMAS", "DAY_ON": 13.4260989011, "DAY_OFF": 7.1891025640999997, "DAY_TOT": 20.615201465199998, "LAT": 35.087743431500002, "LONG": -106.550486385 }, "geometry": { "type": "Point", "coordinates": [ -106.550486384844319, 35.08774343145604 ] } },
{ "type": "Feature", "properties": { "ROUTE": 31.0, "DAY": "WKDY", "DIR": "Inbound", "STOP": 19.0, "STOPNAME": "WYOMING @ MOUNTAIN", "DAY_ON": 2.9845238095200002, "DAY_OFF": 3.8283882783899998, "DAY_TOT": 6.81291208791, "LAT": 35.091883691, "LONG": -106.550563737 }, "geometry": { "type": "Point", "coordinates": [ -106.550563737179488, 35.091883691025643 ] } },
{ "type": "Feature", "properties": { "ROUTE": 31.0, "DAY": "WKDY", "DIR": "Inbound", "STOP": 20.0, "STOPNAME": "WYOMING @ CONSTITUTION", "DAY_ON": 18.569230769200001, "DAY_OFF": 7.8085164835200001, "DAY_TOT": 26.377747252700001, "LAT": 35.094320375000002, "LONG": -106.55069214 }, "geometry": { "type": "Point", "coordinates": [ -106.550692140293066, 35.094320374954215 ] } },
{ "type": "Feature", "properties": { "ROUTE": 31.0, "DAY": "WKDY", "DIR": "Inbound", "STOP": 21.0, "STOPNAME": "WYOMING @ CONSTITUTION", "DAY_ON": 3.3752747252700002, "DAY_OFF": 1.90320512821, "DAY_TOT": 5.2784798534800004, "LAT": 35.096272920300002, "LONG": -106.55063533000001 }, "geometry": { "type": "Point", "coordinates": [ -106.550635330402912, 35.096272920329667 ] } },
{ "type": "Feature", "properties": { "ROUTE": 31.0, "DAY": "WKDY", "DIR": "Inbound", "STOP": 22.0, "STOPNAME": "WYOMING @ ASPEN", "DAY_ON": 0.13333333333, "DAY_OFF": 0.80860805860999996, "DAY_TOT": 0.94194139194000004, "LAT": 35.097582066199998, "LONG": -106.550647535 }, "geometry": { "type": "Point", "coordinates": [ -106.550647535119012, 35.097582066162992 ] } },
{ "type": "Feature", "properties": { "ROUTE": 31.0, "DAY": "WKDY", "DIR": "Inbound", "STOP": 23.0, "STOPNAME": "WYOMING @ HANNETT", "DAY_ON": 0.825, "DAY_OFF": 1.54679487179, "DAY_TOT": 2.3717948717900001, "LAT": 35.099091676100002, "LONG": -106.550657511 }, "geometry": { "type": "Point", "coordinates": [ -106.550657511446872, 35.099091676053106 ] } },
{ "type": "Feature", "properties": { "ROUTE": 31.0, "DAY": "WKDY", "DIR": "Inbound", "STOP": 24.0, "STOPNAME": "WYOMING @ INDIAN SCHOOL", "DAY_ON": 1.1467032967, "DAY_OFF": 7.7389194139199997, "DAY_TOT": 8.8856227106199999, "LAT": 35.1016833013, "LONG": -106.550675274 }, "geometry": { "type": "Point", "coordinates": [ -106.550675273946879, 35.101683301327839 ] } },
{ "type": "Feature", "properties": { "ROUTE": 31.0, "DAY": "WKDY", "DIR": "Inbound", "STOP": 25.0, "STOPNAME": "WYOMING @ NORTHEASTERN", "DAY_ON": 2.5695970696, "DAY_OFF": 13.345879120899999, "DAY_TOT": 15.9154761905, "LAT": 35.103518345099999, "LONG": -106.550689401 }, "geometry": { "type": "Point", "coordinates": [ -106.550689400915758, 35.103518345054951 ] } },
{ "type": "Feature", "properties": { "ROUTE": 31.0, "DAY": "WKDY", "DIR": "Inbound", "STOP": 26.0, "STOPNAME": "WYOMING @ APACHE", "DAY_ON": 9.4676739926700009, "DAY_OFF": 33.430677655700002, "DAY_TOT": 42.898351648400002, "LAT": 35.106210146499997, "LONG": -106.55071326300001 }, "geometry": { "type": "Point", "coordinates": [ -106.550713263003644, 35.106210146474361 ] } },
{ "type": "Feature", "properties": { "ROUTE": 31.0, "DAY": "WKDY", "DIR": "Inbound", "STOP": 27.0, "STOPNAME": "WYOMING @ MENAUL", "DAY_ON": 10.517124542099999, "DAY_OFF": 15.8081501832, "DAY_TOT": 26.325274725300002, "LAT": 35.108869433499997, "LONG": -106.55072443100001 }, "geometry": { "type": "Point", "coordinates": [ -106.550724431410259, 35.108869433516489 ] } },
{ "type": "Feature", "properties": { "ROUTE": 31.0, "DAY": "WKDY", "DIR": "Inbound", "STOP": 28.0, "STOPNAME": "WYOMING @ CLAREMONT", "DAY_ON": 1.06071428571, "DAY_OFF": 2.2673992674000001, "DAY_TOT": 3.3281135531100001, "LAT": 35.112737242100003, "LONG": -106.550783787 }, "geometry": { "type": "Point", "coordinates": [ -106.550783787362661, 35.112737242124531 ] } },
{ "type": "Feature", "properties": { "ROUTE": 31.0, "DAY": "WKDY", "DIR": "Inbound", "STOP": 29.0, "STOPNAME": "WYOMING @ CANDELARIA", "DAY_ON": 5.5041208791200003, "DAY_OFF": 5.99212454212, "DAY_TOT": 11.496245421199999, "LAT": 35.116758695100003, "LONG": -106.550810705 }, "geometry": { "type": "Point", "coordinates": [ -106.550810705448725, 35.116758695146522 ] } },
{ "type": "Feature", "properties": { "ROUTE": 31.0, "DAY": "WKDY", "DIR": "Inbound", "STOP": 30.0, "STOPNAME": "WYOMING @ LA CAMILA", "DAY_ON": 0.38333333333000003, "DAY_OFF": 0.23076923077, "DAY_TOT": 0.6141025641, "LAT": 35.118701357, "LONG": -106.55082322600001 }, "geometry": { "type": "Point", "coordinates": [ -106.5508232257326, 35.118701356959704 ] } },
{ "type": "Feature", "properties": { "ROUTE": 31.0, "DAY": "WKDY", "DIR": "Inbound", "STOP": 31.0, "STOPNAME": "WYOMING @ DELLWOOD", "DAY_ON": 3.5557692307700002, "DAY_OFF": 3.4155677655700001, "DAY_TOT": 6.9713369963399998, "LAT": 35.121837104800001, "LONG": -106.55084713700001 }, "geometry": { "type": "Point", "coordinates": [ -106.550847137042098, 35.121837104761902 ] } },
{ "type": "Feature", "properties": { "ROUTE": 31.0, "DAY": "WKDY", "DIR": "Inbound", "STOP": 32.0, "STOPNAME": "WYOMING @ COMANCHE", "DAY_ON": 5.3670329670300001, "DAY_OFF": 7.2554029303999998, "DAY_TOT": 12.622435897400001, "LAT": 35.1239337445, "LONG": -106.55086466900001 }, "geometry": { "type": "Point", "coordinates": [ -106.550864669322365, 35.123933744459698 ] } },
{ "type": "Feature", "properties": { "ROUTE": 31.0, "DAY": "WKDY", "DIR": "Inbound", "STOP": 33.0, "STOPNAME": "WYOMING @ MONTGOMERY", "DAY_ON": 1.39294871795, "DAY_OFF": 17.356501831500001, "DAY_TOT": 18.749450549500001, "LAT": 35.128881221500002, "LONG": -106.55090042400001 }, "geometry": { "type": "Point", "coordinates": [ -106.550900424084261, 35.128881221520153 ] } },
{ "type": "Feature", "properties": { "ROUTE": 31.0, "DAY": "WKDY", "DIR": "Inbound", "STOP": 34.0, "STOPNAME": "WYOMING @ MONTGOMERY", "DAY_ON": 16.525549450500002, "DAY_OFF": 19.128388278399999, "DAY_TOT": 35.653937728899997, "LAT": 35.131518899699998, "LONG": -106.550907138 }, "geometry": { "type": "Point", "coordinates": [ -106.550907137912077, 35.131518899679484 ] } },
{ "type": "Feature", "properties": { "ROUTE": 31.0, "DAY": "WKDY", "DIR": "Inbound", "STOP": 35.0, "STOPNAME": "WYOMING @ GUTIERREZ", "DAY_ON": 0.45, "DAY_OFF": 0.66025641026000004, "DAY_TOT": 1.1102564102600001, "LAT": 35.133395498900001, "LONG": -106.550916517 }, "geometry": { "type": "Point", "coordinates": [ -106.550916516575086, 35.133395498946882 ] } },
{ "type": "Feature", "properties": { "ROUTE": 31.0, "DAY": "WKDY", "DIR": "Inbound", "STOP": 36.0, "STOPNAME": "WYOMING @ NORTHRIDGE", "DAY_ON": 1.19358974359, "DAY_OFF": 2.4967948717900001, "DAY_TOT": 3.6903846153800002, "LAT": 35.135257616399997, "LONG": -106.550921174 }, "geometry": { "type": "Point", "coordinates": [ -106.550921174450536, 35.135257616391947 ] } },
{ "type": "Feature", "properties": { "ROUTE": 31.0, "DAY": "WKDY", "DIR": "Inbound", "STOP": 37.0, "STOPNAME": "WYOMING @ OSUNA", "DAY_ON": 0.59166666667000001, "DAY_OFF": 2.7033882783899998, "DAY_TOT": 3.29505494505, "LAT": 35.137697111500003, "LONG": -106.550928903 }, "geometry": { "type": "Point", "coordinates": [ -106.55092890265567, 35.137697111492677 ] } },
{ "type": "Feature", "properties": { "ROUTE": 31.0, "DAY": "WKDY", "DIR": "Inbound", "STOP": 38.0, "STOPNAME": "WYOMING @ SPAIN", "DAY_ON": 2.7977106227099999, "DAY_OFF": 5.3349816849799998, "DAY_TOT": 8.1326923076900002, "LAT": 35.140298316600003, "LONG": -106.551010835 }, "geometry": { "type": "Point", "coordinates": [ -106.551010835119015, 35.140298316620871 ] } },
{ "type": "Feature", "properties": { "ROUTE": 31.0, "DAY": "WKDY", "DIR": "Inbound", "STOP": 39.0, "STOPNAME": "WYOMING @ SPAIN", "DAY_ON": 0.89642857143, "DAY_OFF": 0.8630952381, "DAY_TOT": 1.7595238095200001, "LAT": 35.141650204000001, "LONG": -106.551343965 }, "geometry": { "type": "Point", "coordinates": [ -106.551343965201482, 35.141650204029304 ] } },
{ "type": "Feature", "properties": { "ROUTE": 31.0, "DAY": "WKDY", "DIR": "Inbound", "STOP": 40.0, "STOPNAME": "WYOMING @ ACADEMY", "DAY_ON": 3.5098901098900002, "DAY_OFF": 21.822252747299999, "DAY_TOT": 25.332142857099999, "LAT": 35.144757312800003, "LONG": -106.55277394700001 }, "geometry": { "type": "Point", "coordinates": [ -106.552773946749127, 35.144757312820524 ] } },
{ "type": "Feature", "properties": { "ROUTE": 31.0, "DAY": "WKDY", "DIR": "Inbound", "STOP": 44.0, "STOPNAME": "WYOMING @ ACADEMY", "DAY_ON": 1.5533882783899999, "DAY_OFF": 3.7881868131899998, "DAY_TOT": 5.3415750915800002, "LAT": 35.146538449399998, "LONG": -106.55406449 }, "geometry": { "type": "Point", "coordinates": [ -106.554064489697822, 35.146538449404744 ] } },
{ "type": "Feature", "properties": { "ROUTE": 31.0, "DAY": "WKDY", "DIR": "Inbound", "STOP": 45.0, "STOPNAME": "WYOMING @ CUBERO", "DAY_ON": 0.0, "DAY_OFF": 0.14358974359000001, "DAY_TOT": 0.14358974359000001, "LAT": 35.149226097700002, "LONG": -106.557041412 }, "geometry": { "type": "Point", "coordinates": [ -106.557041411675826, 35.149226097710624 ] } },
{ "type": "Feature", "properties": { "ROUTE": 31.0, "DAY": "WKDY", "DIR": "Inbound", "STOP": 46.0, "STOPNAME": "WYOMING @ BURLISON", "DAY_ON": 0.53717948717999997, "DAY_OFF": 3.91172161172, "DAY_TOT": 4.4489010989000004, "LAT": 35.153037773699999, "LONG": -106.56050288599999 }, "geometry": { "type": "Point", "coordinates": [ -106.56050288608057, 35.15303777367216 ] } },
{ "type": "Feature", "properties": { "ROUTE": 31.0, "DAY": "WKDY", "DIR": "Inbound", "STOP": 47.0, "STOPNAME": "WYOMING @ HARPER", "DAY_ON": 0.45, "DAY_OFF": 8.4822344322299994, "DAY_TOT": 8.9322344322300005, "LAT": 35.158010286299998, "LONG": -106.559891315 }, "geometry": { "type": "Point", "coordinates": [ -106.559891314606233, 35.158010286309519 ] } },
{ "type": "Feature", "properties": { "ROUTE": 31.0, "DAY": "WKDY", "DIR": "Inbound", "STOP": 48.0, "STOPNAME": "WYOMING @ HARPER", "DAY_ON": 3.7461538461499999, "DAY_OFF": 12.0087912088, "DAY_TOT": 15.7549450549, "LAT": 35.160665893000001, "LONG": -106.55979110600001 }, "geometry": { "type": "Point", "coordinates": [ -106.559791105769264, 35.160665893040296 ] } },
{ "type": "Feature", "properties": { "ROUTE": 31.0, "DAY": "WKDY", "DIR": "Inbound", "STOP": 49.0, "STOPNAME": "WYOMING @ CURRY", "DAY_ON": 0.06666666667, "DAY_OFF": 0.52692307691999996, "DAY_TOT": 0.59358974359000005, "LAT": 35.162758313600001, "LONG": -106.559810157 }, "geometry": { "type": "Point", "coordinates": [ -106.559810156913926, 35.1627583135989 ] } },
{ "type": "Feature", "properties": { "ROUTE": 31.0, "DAY": "WKDY", "DIR": "Inbound", "STOP": 50.0, "STOPNAME": "WYOMING @ LOMA DEL NORTE", "DAY_ON": 0.07692307692, "DAY_OFF": 1.6096153846200001, "DAY_TOT": 1.6865384615400001, "LAT": 35.164402453000001, "LONG": -106.559820336 }, "geometry": { "type": "Point", "coordinates": [ -106.55982033644689, 35.164402452976191 ] } },
{ "type": "Feature", "properties": { "ROUTE": 31.0, "DAY": "WKDY", "DIR": "Inbound", "STOP": 51.0, "STOPNAME": "WYOMING @ SAN FRANCISCO", "DAY_ON": 0.19166666667000001, "DAY_OFF": 3.00961538462, "DAY_TOT": 3.2012820512800002, "LAT": 35.167700675299997, "LONG": -106.559825815 }, "geometry": { "type": "Point", "coordinates": [ -106.559825815476188, 35.16770067527473 ] } },
{ "type": "Feature", "properties": { "ROUTE": 31.0, "DAY": "WKDY", "DIR": "Inbound", "STOP": 52.0, "STOPNAME": "WYOMING @ KRIM", "DAY_ON": 0.26666666667, "DAY_OFF": 1.8217948717900001, "DAY_TOT": 2.0884615384599998, "LAT": 35.1693079717, "LONG": -106.559829622 }, "geometry": { "type": "Point", "coordinates": [ -106.559829622206934, 35.169307971657517 ] } },
{ "type": "Feature", "properties": { "ROUTE": 31.0, "DAY": "WKDY", "DIR": "Inbound", "STOP": 53.0, "STOPNAME": "WYOMING @ PASEO DEL NORTE", "DAY_ON": 0.14285714286000001, "DAY_OFF": 10.540567765600001, "DAY_TOT": 10.683424908399999, "LAT": 35.173231587899998, "LONG": -106.559826276 }, "geometry": { "type": "Point", "coordinates": [ -106.559826275915754, 35.173231587912092 ] } },
{ "type": "Feature", "properties": { "ROUTE": 31.0, "DAY": "WKDY", "DIR": "Inbound", "STOP": 54.0, "STOPNAME": "WYOMING @ HOLLY", "DAY_ON": 0.21025641026, "DAY_OFF": 18.3098901099, "DAY_TOT": 18.520146520099999, "LAT": 35.1753160596, "LONG": -106.559793461 }, "geometry": { "type": "Point", "coordinates": [ -106.559793460897438, 35.175316059615383 ] } },
{ "type": "Feature", "properties": { "ROUTE": 31.0, "DAY": "WKDY", "DIR": "Inbound", "STOP": 55.0, "STOPNAME": "WYOMING @ CARMEL", "DAY_ON": 0.07692307692, "DAY_OFF": 5.6550366300399997, "DAY_TOT": 5.7319597069599997, "LAT": 35.177653523099998, "LONG": -106.55979841200001 }, "geometry": { "type": "Point", "coordinates": [ -106.559798411950553, 35.17765352307692 ] } },
{ "type": "Feature", "properties": { "ROUTE": 31.0, "DAY": "WKDY", "DIR": "Inbound", "STOP": 56.0, "STOPNAME": "WYOMING @ CORONA", "DAY_ON": 0.0, "DAY_OFF": 0.85457875458, "DAY_TOT": 0.85457875458, "LAT": 35.180400839400001, "LONG": -106.559816004 }, "geometry": { "type": "Point", "coordinates": [ -106.559816003891939, 35.180400839377292 ] } },
{ "type": "Feature", "properties": { "ROUTE": 31.0, "DAY": "WKDY", "DIR": "Inbound", "STOP": 57.0, "STOPNAME": "WYOMING @ WILSHIRE", "DAY_ON": 4.5585164835200001, "DAY_OFF": 8.5347985348000002, "DAY_TOT": 13.0933150183, "LAT": 35.182175062200002, "LONG": -106.55980212199999 }, "geometry": { "type": "Point", "coordinates": [ -106.559802122298535, 35.182175062225269 ] } },
{ "type": "Feature", "properties": { "ROUTE": 31.0, "DAY": "WKDY", "DIR": "Inbound", "STOP": 58.0, "STOPNAME": "ALAMEDA @ WYOMING", "DAY_ON": 0.0, "DAY_OFF": 4.1030219780200001, "DAY_TOT": 4.1030219780200001, "LAT": 35.184238904399997, "LONG": -106.559105879 }, "geometry": { "type": "Point", "coordinates": [ -106.559105878937729, 35.184238904441393 ] } },
{ "type": "Feature", "properties": { "ROUTE": 31.0, "DAY": "WKDY", "DIR": "Inbound", "STOP": 59.0, "STOPNAME": "ALAMEDA @ GEORGIA OKEEFE", "DAY_ON": 0.07142857143, "DAY_OFF": 1.31666666667, "DAY_TOT": 1.3880952381, "LAT": 35.184328589499998, "LONG": -106.556156797 }, "geometry": { "type": "Point", "coordinates": [ -106.556156796520128, 35.184328589468869 ] } },
{ "type": "Feature", "properties": { "ROUTE": 31.0, "DAY": "WKDY", "DIR": "Inbound", "STOP": 60.0, "STOPNAME": "ALAMEDA @ TIERRA ALEGRE", "DAY_ON": 0.39166666667, "DAY_OFF": 0.82142857143000003, "DAY_TOT": 1.2130952381, "LAT": 35.184317163300001, "LONG": -106.55333926199999 }, "geometry": { "type": "Point", "coordinates": [ -106.553339262179492, 35.184317163278379 ] } },
{ "type": "Feature", "properties": { "ROUTE": 31.0, "DAY": "WKDY", "DIR": "Inbound", "STOP": 61.0, "STOPNAME": "BARSTOW @ WILSHIRE", "DAY_ON": 1.5166666666699999, "DAY_OFF": 2.30027472527, "DAY_TOT": 3.8169413919399999, "LAT": 35.181784823800001, "LONG": -106.55129820499999 }, "geometry": { "type": "Point", "coordinates": [ -106.551298205311369, 35.181784823809522 ] } },
{ "type": "Feature", "properties": { "ROUTE": 31.0, "DAY": "WKDY", "DIR": "Inbound", "STOP": 62.0, "STOPNAME": "WILSHIRE @ LA CUEVA HS", "DAY_ON": 0.36263736264000002, "DAY_OFF": 9.2265567765600007, "DAY_TOT": 9.5891941391900009, "LAT": 35.181509005599999, "LONG": -106.55744011100001 }, "geometry": { "type": "Point", "coordinates": [ -106.557440111355305, 35.181509005586079 ] } },
{ "type": "Feature", "properties": { "ROUTE": 36.0, "DAY": "WKDY", "DIR": "Outbound", "STOP": 3.0, "STOPNAME": "SILVER @ 5TH", "DAY_ON": 1.77955377955, "DAY_OFF": 0.2967032967, "DAY_TOT": 2.0762570762600001, "LAT": 35.0827777501, "LONG": -106.652705748 }, "geometry": { "type": "Point", "coordinates": [ -106.652705747502495, 35.082777750110999 ] } },
{ "type": "Feature", "properties": { "ROUTE": 36.0, "DAY": "WKDY", "DIR": "Outbound", "STOP": 4.0, "STOPNAME": "5TH @ GOLD", "DAY_ON": 1.4963369963399999, "DAY_OFF": 0.0, "DAY_TOT": 1.4963369963399999, "LAT": 35.084115003299999, "LONG": -106.652897243 }, "geometry": { "type": "Point", "coordinates": [ -106.65289724342324, 35.084115003343882 ] } },
{ "type": "Feature", "properties": { "ROUTE": 36.0, "DAY": "WKDY", "DIR": "Outbound", "STOP": 5.0, "STOPNAME": "5TH @ COPPER", "DAY_ON": 5.4514985014999997, "DAY_OFF": 0.67332667332999996, "DAY_TOT": 6.1248251748299998, "LAT": 35.085986713600001, "LONG": -106.652546767 }, "geometry": { "type": "Point", "coordinates": [ -106.652546766650019, 35.085986713647472 ] } },
{ "type": "Feature", "properties": { "ROUTE": 36.0, "DAY": "WKDY", "DIR": "Outbound", "STOP": 6.0, "STOPNAME": "5TH @ MARQUETTE", "DAY_ON": 1.5109890109899999, "DAY_OFF": 0.69230769231, "DAY_TOT": 2.2032967033, "LAT": 35.088126332900003, "LONG": -106.652153267 }, "geometry": { "type": "Point", "coordinates": [ -106.65215326662225, 35.088126332889331 ] } },
{ "type": "Feature", "properties": { "ROUTE": 36.0, "DAY": "WKDY", "DIR": "Outbound", "STOP": 7.0, "STOPNAME": "5TH @ FRUIT", "DAY_ON": 1.4697802197800001, "DAY_OFF": 2.91148851149, "DAY_TOT": 4.3812687312699996, "LAT": 35.090508271499999, "LONG": -106.65177559599999 }, "geometry": { "type": "Point", "coordinates": [ -106.651775596126086, 35.090508271478519 ] } },
{ "type": "Feature", "properties": { "ROUTE": 36.0, "DAY": "WKDY", "DIR": "Outbound", "STOP": 8.0, "STOPNAME": "LOMAS @ 7TH", "DAY_ON": 1.24825174825, "DAY_OFF": 1.0228937728900001, "DAY_TOT": 2.2711455211499998, "LAT": 35.0916111194, "LONG": -106.65435241199999 }, "geometry": { "type": "Point", "coordinates": [ -106.654352411532898, 35.091611119449986 ] } },
{ "type": "Feature", "properties": { "ROUTE": 36.0, "DAY": "WKDY", "DIR": "Outbound", "STOP": 9.0, "STOPNAME": "LOMAS @ 11TH", "DAY_ON": 1.3293706293700001, "DAY_OFF": 1.1366966367, "DAY_TOT": 2.46606726607, "LAT": 35.092078314399998, "LONG": -106.658383004 }, "geometry": { "type": "Point", "coordinates": [ -106.658383003940514, 35.092078314380061 ] } },
{ "type": "Feature", "properties": { "ROUTE": 36.0, "DAY": "WKDY", "DIR": "Outbound", "STOP": 10.0, "STOPNAME": "12TH @ GRANITE", "DAY_ON": 0.7989010989000001, "DAY_OFF": 1.7676490176499999, "DAY_TOT": 2.5665501165500002, "LAT": 35.095238887999997, "LONG": -106.659026614 }, "geometry": { "type": "Point", "coordinates": [ -106.659026614385652, 35.095238888000893 ] } },
{ "type": "Feature", "properties": { "ROUTE": 36.0, "DAY": "WKDY", "DIR": "Outbound", "STOP": 11.0, "STOPNAME": "12TH @ ROSEMONT", "DAY_ON": 0.15384615385, "DAY_OFF": 0.0, "DAY_TOT": 0.15384615385, "LAT": 35.097126644299998, "LONG": -106.658797108 }, "geometry": { "type": "Point", "coordinates": [ -106.658797108294479, 35.097126644286284 ] } },
{ "type": "Feature", "properties": { "ROUTE": 36.0, "DAY": "WKDY", "DIR": "Outbound", "STOP": 12.0, "STOPNAME": "12TH @ ARIAS", "DAY_ON": 0.36813186812999998, "DAY_OFF": 0.49475524476, "DAY_TOT": 0.86288711288999997, "LAT": 35.098636782200003, "LONG": -106.658647406 }, "geometry": { "type": "Point", "coordinates": [ -106.658647406260414, 35.098636782162288 ] } },
{ "type": "Feature", "properties": { "ROUTE": 36.0, "DAY": "WKDY", "DIR": "Outbound", "STOP": 13.0, "STOPNAME": "12TH @ BELLAMAH", "DAY_ON": 0.08333333333, "DAY_OFF": 1.3435897435899999, "DAY_TOT": 1.4269230769200001, "LAT": 35.1001152232, "LONG": -106.658383524 }, "geometry": { "type": "Point", "coordinates": [ -106.65838352436451, 35.100115223235093 ] } },
{ "type": "Feature", "properties": { "ROUTE": 36.0, "DAY": "WKDY", "DIR": "Outbound", "STOP": 14.0, "STOPNAME": "12TH @ BELLAMAH", "DAY_ON": 0.0, "DAY_OFF": 0.3986013986, "DAY_TOT": 0.3986013986, "LAT": 35.1025748729, "LONG": -106.657776637 }, "geometry": { "type": "Point", "coordinates": [ -106.657776637182238, 35.10257487289099 ] } },
{ "type": "Feature", "properties": { "ROUTE": 36.0, "DAY": "WKDY", "DIR": "Outbound", "STOP": 15.0, "STOPNAME": "12TH @ I-40", "DAY_ON": 0.16666666667, "DAY_OFF": 0.15384615385, "DAY_TOT": 0.32051282051000002, "LAT": 35.103936298500003, "LONG": -106.657628862 }, "geometry": { "type": "Point", "coordinates": [ -106.65762886156898, 35.10393629846542 ] } },
{ "type": "Feature", "properties": { "ROUTE": 36.0, "DAY": "WKDY", "DIR": "Outbound", "STOP": 16.0, "STOPNAME": "12TH @ INDIAN SCHOOL", "DAY_ON": 4.8075258075300003, "DAY_OFF": 8.7925407925400005, "DAY_TOT": 13.6000666001, "LAT": 35.108001964300001, "LONG": -106.658531516 }, "geometry": { "type": "Point", "coordinates": [ -106.658531516317012, 35.108001964257966 ] } },
{ "type": "Feature", "properties": { "ROUTE": 36.0, "DAY": "WKDY", "DIR": "Outbound", "STOP": 17.0, "STOPNAME": "12TH @ INDIAN SCHOOL", "DAY_ON": 0.53937728937999996, "DAY_OFF": 2.1945720945699998, "DAY_TOT": 2.7339493839500002, "LAT": 35.110691491899999, "LONG": -106.658171164 }, "geometry": { "type": "Point", "coordinates": [ -106.658171163766795, 35.11069149191087 ] } },
{ "type": "Feature", "properties": { "ROUTE": 36.0, "DAY": "WKDY", "DIR": "Outbound", "STOP": 18.0, "STOPNAME": "12TH @ MENAUL", "DAY_ON": 0.0, "DAY_OFF": 0.0, "DAY_TOT": 0.0, "LAT": 35.112584910899997, "LONG": -106.657844125 }, "geometry": { "type": "Point", "coordinates": [ -106.657844125374638, 35.112584910880777 ] } },
{ "type": "Feature", "properties": { "ROUTE": 36.0, "DAY": "WKDY", "DIR": "Outbound", "STOP": 19.0, "STOPNAME": "12TH @ PHOENIX", "DAY_ON": 0.97712287712000001, "DAY_OFF": 0.92057942057999997, "DAY_TOT": 1.8977022977, "LAT": 35.115095536399998, "LONG": -106.65731003499999 }, "geometry": { "type": "Point", "coordinates": [ -106.657310034701425, 35.115095536352541 ] } },
{ "type": "Feature", "properties": { "ROUTE": 36.0, "DAY": "WKDY", "DIR": "Outbound", "STOP": 20.0, "STOPNAME": "12TH @ LOS ARBOLES", "DAY_ON": 0.07692307692, "DAY_OFF": 0.5989010989, "DAY_TOT": 0.67582417581999998, "LAT": 35.117048440799998, "LONG": -106.65674649499999 }, "geometry": { "type": "Point", "coordinates": [ -106.656746494658123, 35.117048440781431 ] } },
{ "type": "Feature", "properties": { "ROUTE": 36.0, "DAY": "WKDY", "DIR": "Outbound", "STOP": 21.0, "STOPNAME": "12TH @ MCMULLEN", "DAY_ON": 0.0, "DAY_OFF": 0.07692307692, "DAY_TOT": 0.07692307692, "LAT": 35.119657262899999, "LONG": -106.655970955 }, "geometry": { "type": "Point", "coordinates": [ -106.655970955488939, 35.119657262862141 ] } },
{ "type": "Feature", "properties": { "ROUTE": 36.0, "DAY": "WKDY", "DIR": "Outbound", "STOP": 22.0, "STOPNAME": "12TH @ CANDELARIA", "DAY_ON": 2.513003663, "DAY_OFF": 4.1205128205100001, "DAY_TOT": 6.6335164835100002, "LAT": 35.122144736700001, "LONG": -106.655209153 }, "geometry": { "type": "Point", "coordinates": [ -106.655209153388284, 35.122144736721616 ] } },
{ "type": "Feature", "properties": { "ROUTE": 36.0, "DAY": "WKDY", "DIR": "Outbound", "STOP": 23.0, "STOPNAME": "CANDELARIA @ 12TH", "DAY_ON": 4.4494505494499998, "DAY_OFF": 2.9135531135499999, "DAY_TOT": 7.363003663, "LAT": 35.1228606966, "LONG": -106.65634170200001 }, "geometry": { "type": "Point", "coordinates": [ -106.656341702228346, 35.122860696581206 ] } },
{ "type": "Feature", "properties": { "ROUTE": 36.0, "DAY": "WKDY", "DIR": "Outbound", "STOP": 24.0, "STOPNAME": "CANDELARIA @ VALLEY HS", "DAY_ON": 3.69230769231, "DAY_OFF": 1.5478021978000001, "DAY_TOT": 5.2401098901100003, "LAT": 35.1234647952, "LONG": -106.66040395100001 }, "geometry": { "type": "Point", "coordinates": [ -106.660403951159978, 35.123464795177043 ] } },
{ "type": "Feature", "properties": { "ROUTE": 36.0, "DAY": "WKDY", "DIR": "Outbound", "STOP": 25.0, "STOPNAME": "CANDELARIA @ SAN ISIDRO", "DAY_ON": 0.0, "DAY_OFF": 0.0, "DAY_TOT": 0.0, "LAT": 35.1236888623, "LONG": -106.664229095 }, "geometry": { "type": "Point", "coordinates": [ -106.66422909493285, 35.123688862332109 ] } },
{ "type": "Feature", "properties": { "ROUTE": 36.0, "DAY": "WKDY", "DIR": "Outbound", "STOP": 26.0, "STOPNAME": "SAN ISIDRO @ CANDELARIA", "DAY_ON": 0.0, "DAY_OFF": 0.39743589744000002, "DAY_TOT": 0.39743589744000002, "LAT": 35.124282425499999, "LONG": -106.665672296 }, "geometry": { "type": "Point", "coordinates": [ -106.665672296245432, 35.124282425518935 ] } },
{ "type": "Feature", "properties": { "ROUTE": 36.0, "DAY": "WKDY", "DIR": "Outbound", "STOP": 27.0, "STOPNAME": "SAN ISIDRO @ PARAGON CT.", "DAY_ON": 0.14835164835, "DAY_OFF": 0.0, "DAY_TOT": 0.14835164835, "LAT": 35.126124842000003, "LONG": -106.665649801 }, "geometry": { "type": "Point", "coordinates": [ -106.665649801282044, 35.126124842032972 ] } },
{ "type": "Feature", "properties": { "ROUTE": 36.0, "DAY": "WKDY", "DIR": "Outbound", "STOP": 28.0, "STOPNAME": "SAN ISIDRO @ VALLEY POOL", "DAY_ON": 1.4271062271099999, "DAY_OFF": 1.5604395604400001, "DAY_TOT": 2.9875457875500002, "LAT": 35.127727495599999, "LONG": -106.665359955 }, "geometry": { "type": "Point", "coordinates": [ -106.665359955280834, 35.127727495573865 ] } },
{ "type": "Feature", "properties": { "ROUTE": 36.0, "DAY": "WKDY", "DIR": "Outbound", "STOP": 29.0, "STOPNAME": "SAN ISIDRO @ VAN CLEAVE", "DAY_ON": 1.3996336996300001, "DAY_OFF": 1.2371794871799999, "DAY_TOT": 2.63681318681, "LAT": 35.129330167900001, "LONG": -106.664787484 }, "geometry": { "type": "Point", "coordinates": [ -106.664787483516477, 35.129330167887666 ] } },
{ "type": "Feature", "properties": { "ROUTE": 36.0, "DAY": "WKDY", "DIR": "Outbound", "STOP": 30.0, "STOPNAME": "SAN ISIDRO @ ARCADIAN", "DAY_ON": 0.77106227106000003, "DAY_OFF": 0.14835164835, "DAY_TOT": 0.91941391940999995, "LAT": 35.131967142699999, "LONG": -106.66402025 }, "geometry": { "type": "Point", "coordinates": [ -106.664020250305256, 35.131967142704511 ] } },
{ "type": "Feature", "properties": { "ROUTE": 36.0, "DAY": "WKDY", "DIR": "Outbound", "STOP": 31.0, "STOPNAME": "SAN ISIDRO @ GRIEGOS", "DAY_ON": 0.15384615385, "DAY_OFF": 0.3021978022, "DAY_TOT": 0.45604395603999998, "LAT": 35.134333259199998, "LONG": -106.66288399699999 }, "geometry": { "type": "Point", "coordinates": [ -106.662883997252735, 35.134333259157522 ] } },
{ "type": "Feature", "properties": { "ROUTE": 36.0, "DAY": "WKDY", "DIR": "Outbound", "STOP": 32.0, "STOPNAME": "GRIEGOS @ SAN MARTIN", "DAY_ON": 0.07142857143, "DAY_OFF": 0.17142857143000001, "DAY_TOT": 0.24285714286000001, "LAT": 35.135692867499998, "LONG": -106.666162332 }, "geometry": { "type": "Point", "coordinates": [ -106.666162331959711, 35.135692867521371 ] } },
{ "type": "Feature", "properties": { "ROUTE": 36.0, "DAY": "WKDY", "DIR": "Outbound", "STOP": 33.0, "STOPNAME": "GRIEGOS @ RIO GRANDE", "DAY_ON": 0.23076923077, "DAY_OFF": 0.0, "DAY_TOT": 0.23076923077, "LAT": 35.136504830299998, "LONG": -106.668415365 }, "geometry": { "type": "Point", "coordinates": [ -106.668415364621481, 35.136504830280835 ] } },
{ "type": "Feature", "properties": { "ROUTE": 36.0, "DAY": "WKDY", "DIR": "Outbound", "STOP": 34.0, "STOPNAME": "RIO GRANDE @ ELFEGO", "DAY_ON": 0.23168498169000001, "DAY_OFF": 0.3021978022, "DAY_TOT": 0.53388278388, "LAT": 35.135046029000002, "LONG": -106.66990112000001 }, "geometry": { "type": "Point", "coordinates": [ -106.669901119810731, 35.135046028998779 ] } },
{ "type": "Feature", "properties": { "ROUTE": 36.0, "DAY": "WKDY", "DIR": "Outbound", "STOP": 35.0, "STOPNAME": "RIO GRANDE @ DON ONOFRE", "DAY_ON": 0.33076923076999998, "DAY_OFF": 0.0, "DAY_TOT": 0.33076923076999998, "LAT": 35.132313374100001, "LONG": -106.67147124100001 }, "geometry": { "type": "Point", "coordinates": [ -106.671471240842493, 35.132313374084255 ] } },
{ "type": "Feature", "properties": { "ROUTE": 36.0, "DAY": "WKDY", "DIR": "Outbound", "STOP": 36.0, "STOPNAME": "RIO GRANDE @ ARBOR", "DAY_ON": 0.0, "DAY_OFF": 0.0, "DAY_TOT": 0.0, "LAT": 35.130767048199999, "LONG": -106.672260874 }, "geometry": { "type": "Point", "coordinates": [ -106.672260873931634, 35.130767048229544 ] } },
{ "type": "Feature", "properties": { "ROUTE": 36.0, "DAY": "WKDY", "DIR": "Outbound", "STOP": 37.0, "STOPNAME": "RIO GRANDE @ CHEROKEE", "DAY_ON": 0.1, "DAY_OFF": 0.0, "DAY_TOT": 0.1, "LAT": 35.128541577699998, "LONG": -106.67307031199999 }, "geometry": { "type": "Point", "coordinates": [ -106.673070312423704, 35.1285415776862 ] } },
{ "type": "Feature", "properties": { "ROUTE": 36.0, "DAY": "WKDY", "DIR": "Outbound", "STOP": 38.0, "STOPNAME": "RIO GRANDE @ CANDELARIA", "DAY_ON": 0.39102564102999998, "DAY_OFF": 1.0822344322299999, "DAY_TOT": 1.4732600732600001, "LAT": 35.126228235799999, "LONG": -106.673681769 }, "geometry": { "type": "Point", "coordinates": [ -106.673681768925519, 35.126228235805861 ] } },
{ "type": "Feature", "properties": { "ROUTE": 36.0, "DAY": "WKDY", "DIR": "Outbound", "STOP": 39.0, "STOPNAME": "RIO GRANDE @ ORO VISTA", "DAY_ON": 0.64102564103000004, "DAY_OFF": 0.77014652014999996, "DAY_TOT": 1.4111721611700001, "LAT": 35.123389613400001, "LONG": -106.674433162 }, "geometry": { "type": "Point", "coordinates": [ -106.674433161935283, 35.123389613400491 ] } },
{ "type": "Feature", "properties": { "ROUTE": 36.0, "DAY": "WKDY", "DIR": "Outbound", "STOP": 40.0, "STOPNAME": "RIO GRANDE @ CAMPBELL", "DAY_ON": 0.23076923077, "DAY_OFF": 0.07692307692, "DAY_TOT": 0.30769230769, "LAT": 35.121733263099998, "LONG": -106.674926587 }, "geometry": { "type": "Point", "coordinates": [ -106.674926586996378, 35.121733263125776 ] } },
{ "type": "Feature", "properties": { "ROUTE": 36.0, "DAY": "WKDY", "DIR": "Outbound", "STOP": 41.0, "STOPNAME": "RIO GRANDE @ VICIC", "DAY_ON": 0.25384615384999998, "DAY_OFF": 0.07142857143, "DAY_TOT": 0.32527472528000001, "LAT": 35.119906390399997, "LONG": -106.67536305599999 }, "geometry": { "type": "Point", "coordinates": [ -106.675363056318659, 35.119906390415146 ] } },
{ "type": "Feature", "properties": { "ROUTE": 36.0, "DAY": "WKDY", "DIR": "Outbound", "STOP": 42.0, "STOPNAME": "RIO GRANDE @ DON QUIXOTE", "DAY_ON": 1.70952380952, "DAY_OFF": 1.17765567766, "DAY_TOT": 2.8871794871800001, "LAT": 35.118103747100001, "LONG": -106.67542692799999 }, "geometry": { "type": "Point", "coordinates": [ -106.675426927503068, 35.118103747100115 ] } },
{ "type": "Feature", "properties": { "ROUTE": 36.0, "DAY": "WKDY", "DIR": "Outbound", "STOP": 43.0, "STOPNAME": "RIO GRANDE @ DON FERNANDO", "DAY_ON": 0.5054945055, "DAY_OFF": 0.2, "DAY_TOT": 0.7054945055, "LAT": 35.115852969800002, "LONG": -106.67491140200001 }, "geometry": { "type": "Point", "coordinates": [ -106.674911402167297, 35.115852969780214 ] } },
{ "type": "Feature", "properties": { "ROUTE": 36.0, "DAY": "WKDY", "DIR": "Outbound", "STOP": 44.0, "STOPNAME": "RIO GRANDE @ ZICKERT", "DAY_ON": 1.71483516484, "DAY_OFF": 1.6080586080599999, "DAY_TOT": 3.3228937728900001, "LAT": 35.111610276599997, "LONG": -106.673402138 }, "geometry": { "type": "Point", "coordinates": [ -106.673402137973142, 35.111610276556775 ] } },
{ "type": "Feature", "properties": { "ROUTE": 36.0, "DAY": "WKDY", "DIR": "Outbound", "STOP": 45.0, "STOPNAME": "RIO GRANDE @ RICE", "DAY_ON": 1.03058608059, "DAY_OFF": 1.5521978022, "DAY_TOT": 2.5827838827799998, "LAT": 35.109863614600002, "LONG": -106.672472892 }, "geometry": { "type": "Point", "coordinates": [ -106.672472891636133, 35.109863614621489 ] } },
{ "type": "Feature", "properties": { "ROUTE": 36.0, "DAY": "WKDY", "DIR": "Outbound", "STOP": 46.0, "STOPNAME": "RIO GRANDE @ LILAC", "DAY_ON": 1.22527472527, "DAY_OFF": 1.6181318681300001, "DAY_TOT": 2.8434065934100001, "LAT": 35.1080681774, "LONG": -106.671590522 }, "geometry": { "type": "Point", "coordinates": [ -106.671590522324891, 35.108068177447549 ] } },
{ "type": "Feature", "properties": { "ROUTE": 36.0, "DAY": "WKDY", "DIR": "Outbound", "STOP": 47.0, "STOPNAME": "RIO GRANDE @ FLORAL", "DAY_ON": 1.0243090243099999, "DAY_OFF": 1.45146520147, "DAY_TOT": 2.4757742257699999, "LAT": 35.107059378000002, "LONG": -106.671201049 }, "geometry": { "type": "Point", "coordinates": [ -106.671201049020411, 35.107059377983127 ] } },
{ "type": "Feature", "properties": { "ROUTE": 36.0, "DAY": "WKDY", "DIR": "Outbound", "STOP": 48.0, "STOPNAME": "RIO GRANDE @ ZEARING", "DAY_ON": 1.85073260073, "DAY_OFF": 0.53296703297000003, "DAY_TOT": 2.3836996337, "LAT": 35.102563080499998, "LONG": -106.670783304 }, "geometry": { "type": "Point", "coordinates": [ -106.670783304126417, 35.102563080461209 ] } },
{ "type": "Feature", "properties": { "ROUTE": 36.0, "DAY": "WKDY", "DIR": "Outbound", "STOP": 49.0, "STOPNAME": "RIO GRANDE @ PUEBLO BONITO", "DAY_ON": 0.62387612388000002, "DAY_OFF": 0.75666000666, "DAY_TOT": 1.3805361305399999, "LAT": 35.100218806999997, "LONG": -106.670708781 }, "geometry": { "type": "Point", "coordinates": [ -106.670708781357533, 35.100218807026309 ] } },
{ "type": "Feature", "properties": { "ROUTE": 36.0, "DAY": "WKDY", "DIR": "Outbound", "STOP": 50.0, "STOPNAME": "RIO GRANDE @ MOUNTAIN", "DAY_ON": 0.79786879786999998, "DAY_OFF": 2.9229104229099998, "DAY_TOT": 3.7207792207799999, "LAT": 35.098206114699998, "LONG": -106.670906817 }, "geometry": { "type": "Point", "coordinates": [ -106.670906816655545, 35.098206114718607 ] } },
{ "type": "Feature", "properties": { "ROUTE": 36.0, "DAY": "WKDY", "DIR": "Outbound", "STOP": 51.0, "STOPNAME": "CENTRAL @ RIO GRANDE", "DAY_ON": 2.2731435231399999, "DAY_OFF": 5.81718281718, "DAY_TOT": 8.0903263403299999, "LAT": 35.094784498800003, "LONG": -106.67072109 }, "geometry": { "type": "Point", "coordinates": [ -106.670721089951726, 35.094784498834493 ] } },
{ "type": "Feature", "properties": { "ROUTE": 36.0, "DAY": "WKDY", "DIR": "Outbound", "STOP": 52.0, "STOPNAME": "LOMAS @ RANCHO SECO", "DAY_ON": 0.14835164835, "DAY_OFF": 0.53296703297000003, "DAY_TOT": 0.68131868131999995, "LAT": 35.093454713600003, "LONG": -106.667876194 }, "geometry": { "type": "Point", "coordinates": [ -106.667876193944949, 35.093454713619714 ] } },
{ "type": "Feature", "properties": { "ROUTE": 36.0, "DAY": "WKDY", "DIR": "Outbound", "STOP": 53.0, "STOPNAME": "LOMAS @ 16TH", "DAY_ON": 0.22527472528, "DAY_OFF": 0.22527472528, "DAY_TOT": 0.45054945055000001, "LAT": 35.093037859399999, "LONG": -106.66568448300001 }, "geometry": { "type": "Point", "coordinates": [ -106.665684482808857, 35.093037859362859 ] } },
{ "type": "Feature", "properties": { "ROUTE": 36.0, "DAY": "WKDY", "DIR": "Outbound", "STOP": 54.0, "STOPNAME": "LOMAS @ 14TH", "DAY_ON": 0.60531135531000002, "DAY_OFF": 0.45146520147000002, "DAY_TOT": 1.05677655678, "LAT": 35.092412253600003, "LONG": -106.661576756 }, "geometry": { "type": "Point", "coordinates": [ -106.661576756021745, 35.092412253649115 ] } },
{ "type": "Feature", "properties": { "ROUTE": 36.0, "DAY": "WKDY", "DIR": "Outbound", "STOP": 55.0, "STOPNAME": "LOMAS @ 11TH", "DAY_ON": 1.62412587413, "DAY_OFF": 0.23168498169000001, "DAY_TOT": 1.8558108558099999, "LAT": 35.091970078700001, "LONG": -106.658736303 }, "geometry": { "type": "Point", "coordinates": [ -106.658736302725032, 35.091970078671338 ] } },
{ "type": "Feature", "properties": { "ROUTE": 36.0, "DAY": "WKDY", "DIR": "Outbound", "STOP": 56.0, "STOPNAME": "LOMAS @ LUNA", "DAY_ON": 0.13809523809, "DAY_OFF": 0.0, "DAY_TOT": 0.13809523809, "LAT": 35.091722001599997, "LONG": -106.656965235 }, "geometry": { "type": "Point", "coordinates": [ -106.656965235306359, 35.091722001637237 ] } },
{ "type": "Feature", "properties": { "ROUTE": 36.0, "DAY": "WKDY", "DIR": "Outbound", "STOP": 57.0, "STOPNAME": "LOMAS @ 8TH", "DAY_ON": 0.61288711288999997, "DAY_OFF": 0.36263736264000002, "DAY_TOT": 0.97552447552, "LAT": 35.091507975900001, "LONG": -106.655020347 }, "geometry": { "type": "Point", "coordinates": [ -106.655020346875361, 35.091507975912975 ] } },
{ "type": "Feature", "properties": { "ROUTE": 36.0, "DAY": "WKDY", "DIR": "Outbound", "STOP": 58.0, "STOPNAME": "6TH @ FRUIT", "DAY_ON": 1.34465534466, "DAY_OFF": 1.43548118548, "DAY_TOT": 2.7801365301400001, "LAT": 35.090640733500003, "LONG": -106.653020901 }, "geometry": { "type": "Point", "coordinates": [ -106.653020900557763, 35.09064073350261 ] } },
{ "type": "Feature", "properties": { "ROUTE": 36.0, "DAY": "WKDY", "DIR": "Outbound", "STOP": 59.0, "STOPNAME": "6TH @ TIJERAS", "DAY_ON": 0.82967032966999998, "DAY_OFF": 1.8344988345, "DAY_TOT": 2.66416916417, "LAT": 35.087426109799999, "LONG": -106.65349839 }, "geometry": { "type": "Point", "coordinates": [ -106.653498389874017, 35.087426109792979 ] } },
{ "type": "Feature", "properties": { "ROUTE": 36.0, "DAY": "WKDY", "DIR": "Outbound", "STOP": 60.0, "STOPNAME": "6TH @ COPPER", "DAY_ON": 1.2481684981700001, "DAY_OFF": 2.0164835164800001, "DAY_TOT": 3.2646520146500002, "LAT": 35.085293895, "LONG": -106.653937908 }, "geometry": { "type": "Point", "coordinates": [ -106.65393790750916, 35.085293894993896 ] } },
{ "type": "Feature", "properties": { "ROUTE": 36.0, "DAY": "WKDY", "DIR": "Outbound", "STOP": 61.0, "STOPNAME": "6TH @ GOLD", "DAY_ON": 0.21978021978000001, "DAY_OFF": 1.1456043956, "DAY_TOT": 1.36538461538, "LAT": 35.083669868999998, "LONG": -106.654148018 }, "geometry": { "type": "Point", "coordinates": [ -106.654148017954256, 35.083669868950494 ] } },
{ "type": "Feature", "properties": { "ROUTE": 36.0, "DAY": "WKDY", "DIR": "Outbound", "STOP": 62.0, "STOPNAME": "SILVER @ 4TH", "DAY_ON": 0.74816849816999997, "DAY_OFF": 2.6252913752899998, "DAY_TOT": 3.3734598734599999, "LAT": 35.0826540909, "LONG": -106.6523575 }, "geometry": { "type": "Point", "coordinates": [ -106.652357500485621, 35.082654090909095 ] } },
{ "type": "Feature", "properties": { "ROUTE": 36.0, "DAY": "WKDY", "DIR": "Outbound", "STOP": 63.0, "STOPNAME": "2ND @ SILVER", "DAY_ON": 0.41991341990999997, "DAY_OFF": 2.9495504495499998, "DAY_TOT": 3.3694638694600001, "LAT": 35.082584639099998, "LONG": -106.649561788 }, "geometry": { "type": "Point", "coordinates": [ -106.649561788211813, 35.082584639110891 ] } },
{ "type": "Feature", "properties": { "ROUTE": 36.0, "DAY": "WKDY", "DIR": "Outbound", "STOP": 64.0, "STOPNAME": "A.T.C.", "DAY_ON": 34.5125541126, "DAY_OFF": 33.9675324675, "DAY_TOT": 68.480086580099993, "LAT": 35.083483775300003, "LONG": -106.647846418 }, "geometry": { "type": "Point", "coordinates": [ -106.64784641842185, 35.083483775294148 ] } },
{ "type": "Feature", "properties": { "ROUTE": 50.0, "DAY": "WKDY", "DIR": "Outbound", "STOP": 1.0, "STOPNAME": "SUNPORT @ ARRIVALS LEVEL", "DAY_ON": 46.191724941700002, "DAY_OFF": 0.15384615385, "DAY_TOT": 46.3455710956, "LAT": 35.049810729000001, "LONG": -106.618269603 }, "geometry": { "type": "Point", "coordinates": [ -106.618269603467056, 35.04981072903378 ] } },
{ "type": "Feature", "properties": { "ROUTE": 50.0, "DAY": "WKDY", "DIR": "Outbound", "STOP": 2.0, "STOPNAME": "YALE @ SUNPORT CT.", "DAY_ON": 3.2002830502799999, "DAY_OFF": 0.35324675325, "DAY_TOT": 3.55352980353, "LAT": 35.051599578400001, "LONG": -106.621669728 }, "geometry": { "type": "Point", "coordinates": [ -106.62166972838061, 35.051599578389549 ] } },
{ "type": "Feature", "properties": { "ROUTE": 50.0, "DAY": "WKDY", "DIR": "Outbound", "STOP": 3.0, "STOPNAME": "YALE @ RANDOLPH", "DAY_ON": 16.111488511499999, "DAY_OFF": 0.95054945054999995, "DAY_TOT": 17.062037962000002, "LAT": 35.05362699, "LONG": -106.62188186900001 }, "geometry": { "type": "Point", "coordinates": [ -106.621881869316539, 35.053626989971562 ] } },
{ "type": "Feature", "properties": { "ROUTE": 50.0, "DAY": "WKDY", "DIR": "Outbound", "STOP": 4.0, "STOPNAME": "YALE @ ALAMO", "DAY_ON": 6.649000999, "DAY_OFF": 0.23076923077, "DAY_TOT": 6.8797702297700001, "LAT": 35.054759928499998, "LONG": -106.62188781499999 }, "geometry": { "type": "Point", "coordinates": [ -106.621887815293675, 35.05475992847537 ] } },
{ "type": "Feature", "properties": { "ROUTE": 50.0, "DAY": "WKDY", "DIR": "Outbound", "STOP": 5.0, "STOPNAME": "YALE @ RENARD", "DAY_ON": 12.756543456499999, "DAY_OFF": 0.84275724275999997, "DAY_TOT": 13.599300699300001, "LAT": 35.056797959900003, "LONG": -106.62190712500001 }, "geometry": { "type": "Point", "coordinates": [ -106.621907125361787, 35.0567979599439 ] } },
{ "type": "Feature", "properties": { "ROUTE": 50.0, "DAY": "WKDY", "DIR": "Outbound", "STOP": 6.0, "STOPNAME": "YALE @ GIBSON", "DAY_ON": 10.2795204795, "DAY_OFF": 1.26743256743, "DAY_TOT": 11.546953047000001, "LAT": 35.059402744899998, "LONG": -106.62192664 }, "geometry": { "type": "Point", "coordinates": [ -106.62192663970005, 35.059402744851312 ] } },
{ "type": "Feature", "properties": { "ROUTE": 50.0, "DAY": "WKDY", "DIR": "Outbound", "STOP": 7.0, "STOPNAME": "YALE @ ROSS", "DAY_ON": 17.9930735931, "DAY_OFF": 2.5952713952700002, "DAY_TOT": 20.588344988300001, "LAT": 35.062072287200003, "LONG": -106.62192559 }, "geometry": { "type": "Point", "coordinates": [ -106.621925589692381, 35.062072287206384 ] } },
{ "type": "Feature", "properties": { "ROUTE": 50.0, "DAY": "WKDY", "DIR": "Outbound", "STOP": 8.0, "STOPNAME": "YALE @ KATHRYN", "DAY_ON": 4.6418914418900004, "DAY_OFF": 0.43658008658000003, "DAY_TOT": 5.0784715284699997, "LAT": 35.064125041200001, "LONG": -106.621940862 }, "geometry": { "type": "Point", "coordinates": [ -106.621940861952154, 35.064125041195993 ] } },
{ "type": "Feature", "properties": { "ROUTE": 50.0, "DAY": "WKDY", "DIR": "Outbound", "STOP": 9.0, "STOPNAME": "YALE @ KATHRYN", "DAY_ON": 12.9128871129, "DAY_OFF": 0.9015984016, "DAY_TOT": 13.814485514499999, "LAT": 35.066861450600001, "LONG": -106.621962822 }, "geometry": { "type": "Point", "coordinates": [ -106.62196282158223, 35.066861450575068 ] } },
{ "type": "Feature", "properties": { "ROUTE": 50.0, "DAY": "WKDY", "DIR": "Outbound", "STOP": 10.0, "STOPNAME": "YALE @ AVENIDA CESAR CHAVEZ", "DAY_ON": 23.3413086913, "DAY_OFF": 5.7908757908800004, "DAY_TOT": 29.1321844822, "LAT": 35.0698803226, "LONG": -106.622016063 }, "geometry": { "type": "Point", "coordinates": [ -106.622016062732129, 35.069880322587679 ] } },
{ "type": "Feature", "properties": { "ROUTE": 50.0, "DAY": "WKDY", "DIR": "Outbound", "STOP": 11.0, "STOPNAME": "YALE @ ST. CYR", "DAY_ON": 6.7527139527099997, "DAY_OFF": 1.85021645022, "DAY_TOT": 8.6029304029299993, "LAT": 35.072836007200003, "LONG": -106.622067595 }, "geometry": { "type": "Point", "coordinates": [ -106.622067595231698, 35.072836007217141 ] } },
{ "type": "Feature", "properties": { "ROUTE": 50.0, "DAY": "WKDY", "DIR": "Outbound", "STOP": 12.0, "STOPNAME": "YALE @ OXFORD", "DAY_ON": 20.921511821500001, "DAY_OFF": 21.801015651, "DAY_TOT": 42.722527472499998, "LAT": 35.076224908199997, "LONG": -106.622107867 }, "geometry": { "type": "Point", "coordinates": [ -106.62210786655649, 35.076224908213575 ] } },
{ "type": "Feature", "properties": { "ROUTE": 50.0, "DAY": "WKDY", "DIR": "Outbound", "STOP": 13.0, "STOPNAME": "YALE @ LEAD", "DAY_ON": 1.6028971029000001, "DAY_OFF": 2.6694472194499999, "DAY_TOT": 4.2723443223400004, "LAT": 35.0784293902, "LONG": -106.622069235 }, "geometry": { "type": "Point", "coordinates": [ -106.622069234606315, 35.0784293901553 ] } },
{ "type": "Feature", "properties": { "ROUTE": 50.0, "DAY": "WKDY", "DIR": "Outbound", "STOP": 14.0, "STOPNAME": "YALE @ CENTRAL", "DAY_ON": 3.8472027972, "DAY_OFF": 53.177189477200002, "DAY_TOT": 57.0243922744, "LAT": 35.080772344700001, "LONG": -106.622033563 }, "geometry": { "type": "Point", "coordinates": [ -106.622033563088422, 35.080772344700769 ] } },
{ "type": "Feature", "properties": { "ROUTE": 50.0, "DAY": "WKDY", "DIR": "Outbound", "STOP": 15.0, "STOPNAME": "YALE @ CENTRAL", "DAY_ON": 0.41666666667000002, "DAY_OFF": 6.8545454545500002, "DAY_TOT": 7.2712121212099996, "LAT": 35.0804910795, "LONG": -106.624469928 }, "geometry": { "type": "Point", "coordinates": [ -106.624469928030308, 35.08049107954546 ] } },
{ "type": "Feature", "properties": { "ROUTE": 50.0, "DAY": "WKDY", "DIR": "Outbound", "STOP": 16.0, "STOPNAME": "REDONDO @ YALE", "DAY_ON": 3.3745754245800001, "DAY_OFF": 9.8731601731600005, "DAY_TOT": 13.2477355977, "LAT": 35.081708524, "LONG": -106.62284278600001 }, "geometry": { "type": "Point", "coordinates": [ -106.622842785820239, 35.081708523953324 ] } },
{ "type": "Feature", "properties": { "ROUTE": 50.0, "DAY": "WKDY", "DIR": "Outbound", "STOP": 17.0, "STOPNAME": "REDONDO @ UNM ENGINEERING BL", "DAY_ON": 2.5044289044300001, "DAY_OFF": 4.3736263736299996, "DAY_TOT": 6.8780552780599997, "LAT": 35.083431941000001, "LONG": -106.625986025 }, "geometry": { "type": "Point", "coordinates": [ -106.625986025118834, 35.083431940998395 ] } },
{ "type": "Feature", "properties": { "ROUTE": 50.0, "DAY": "WKDY", "DIR": "Outbound", "STOP": 18.0, "STOPNAME": "MARTIN LUTHER KING @ UNIVERS", "DAY_ON": 1.2135864135900001, "DAY_OFF": 1.7702464202499999, "DAY_TOT": 2.9838328338300002, "LAT": 35.084144438000003, "LONG": -106.62693352399999 }, "geometry": { "type": "Point", "coordinates": [ -106.62693352446037, 35.084144438046799 ] } },
{ "type": "Feature", "properties": { "ROUTE": 50.0, "DAY": "WKDY", "DIR": "Outbound", "STOP": 19.0, "STOPNAME": "MARTIN LUTHER KING @ MAPLE", "DAY_ON": 1.2392607392599999, "DAY_OFF": 1.79373959374, "DAY_TOT": 3.033000333, "LAT": 35.084322902300002, "LONG": -106.628976352 }, "geometry": { "type": "Point", "coordinates": [ -106.628976352405161, 35.084322902340098 ] } },
{ "type": "Feature", "properties": { "ROUTE": 50.0, "DAY": "WKDY", "DIR": "Outbound", "STOP": 20.0, "STOPNAME": "MARTIN LUTHER KING @ SPRUCE", "DAY_ON": 0.42467532468000002, "DAY_OFF": 2.3596736596699999, "DAY_TOT": 2.7843489843499998, "LAT": 35.084614798399997, "LONG": -106.63134735 }, "geometry": { "type": "Point", "coordinates": [ -106.631347349884976, 35.084614798413703 ] } },
{ "type": "Feature", "properties": { "ROUTE": 50.0, "DAY": "WKDY", "DIR": "Outbound", "STOP": 21.0, "STOPNAME": "MARTIN LUTHER KING @ CEDAR", "DAY_ON": 0.25384615384999998, "DAY_OFF": 1.7234931734900001, "DAY_TOT": 1.97733932734, "LAT": 35.0849215191, "LONG": -106.633588741 }, "geometry": { "type": "Point", "coordinates": [ -106.633588741084665, 35.084921519117245 ] } },
{ "type": "Feature", "properties": { "ROUTE": 50.0, "DAY": "WKDY", "DIR": "Outbound", "STOP": 22.0, "STOPNAME": "ENCINO @ OAK", "DAY_ON": 2.0329170829200001, "DAY_OFF": 2.1227106227100001, "DAY_TOT": 4.1556277056299997, "LAT": 35.086852647100002, "LONG": -106.634419107 }, "geometry": { "type": "Point", "coordinates": [ -106.634419106968792, 35.086852647095306 ] } },
{ "type": "Feature", "properties": { "ROUTE": 50.0, "DAY": "WKDY", "DIR": "Outbound", "STOP": 23.0, "STOPNAME": "MULBERRY @ MARTIN LUTHER KIN", "DAY_ON": 0.52497502498000004, "DAY_OFF": 0.31068931069, "DAY_TOT": 0.83566433565999998, "LAT": 35.085420797600001, "LONG": -106.63479106200001 }, "geometry": { "type": "Point", "coordinates": [ -106.634791062482975, 35.085420797641746 ] } },
{ "type": "Feature", "properties": { "ROUTE": 50.0, "DAY": "WKDY", "DIR": "Outbound", "STOP": 24.0, "STOPNAME": "MARTIN LUTHER KING @ ELM", "DAY_ON": 1.9609390609399999, "DAY_OFF": 1.83727938728, "DAY_TOT": 3.7982184482200001, "LAT": 35.085463366, "LONG": -106.637920089 }, "geometry": { "type": "Point", "coordinates": [ -106.637920089380302, 35.08546336599764 ] } },
{ "type": "Feature", "properties": { "ROUTE": 50.0, "DAY": "WKDY", "DIR": "Outbound", "STOP": 25.0, "STOPNAME": "MARTIN LUTHER KING @ WALTER", "DAY_ON": 2.5688311688300001, "DAY_OFF": 1.78682983683, "DAY_TOT": 4.35566100566, "LAT": 35.085655244599998, "LONG": -106.63973653 }, "geometry": { "type": "Point", "coordinates": [ -106.63973653015168, 35.085655244550907 ] } },
{ "type": "Feature", "properties": { "ROUTE": 50.0, "DAY": "WKDY", "DIR": "Outbound", "STOP": 26.0, "STOPNAME": "MARTIN LUTHER KING @ BROADWA", "DAY_ON": 0.53298368297999998, "DAY_OFF": 1.4666500166500001, "DAY_TOT": 1.9996336996299999, "LAT": 35.086308800799998, "LONG": -106.643840213 }, "geometry": { "type": "Point", "coordinates": [ -106.643840212930996, 35.086308800797681 ] } },
{ "type": "Feature", "properties": { "ROUTE": 50.0, "DAY": "WKDY", "DIR": "Outbound", "STOP": 27.0, "STOPNAME": "2ND @ MARQUETTE", "DAY_ON": 1.8619380619400001, "DAY_OFF": 11.6965034965, "DAY_TOT": 13.5584415584, "LAT": 35.087485769099999, "LONG": -106.648549938 }, "geometry": { "type": "Point", "coordinates": [ -106.648549938349532, 35.087485769079407 ] } },
{ "type": "Feature", "properties": { "ROUTE": 50.0, "DAY": "WKDY", "DIR": "Outbound", "STOP": 28.0, "STOPNAME": "2ND @ COPPER", "DAY_ON": 0.16233766234, "DAY_OFF": 5.09685314685, "DAY_TOT": 5.2591908091899997, "LAT": 35.085388250900003, "LONG": -106.649078378 }, "geometry": { "type": "Point", "coordinates": [ -106.649078378031064, 35.085388250930883 ] } },
{ "type": "Feature", "properties": { "ROUTE": 50.0, "DAY": "WKDY", "DIR": "Outbound", "STOP": 29.0, "STOPNAME": "A.T.C.", "DAY_ON": 0.0, "DAY_OFF": 79.698501498499994, "DAY_TOT": 79.698501498499994, "LAT": 35.083360860500001, "LONG": -106.647801015 }, "geometry": { "type": "Point", "coordinates": [ -106.647801015446703, 35.083360860503134 ] } },
{ "type": "Feature", "properties": { "ROUTE": 50.0, "DAY": "WKDY", "DIR": "Inbound", "STOP": 1.0, "STOPNAME": "A.T.C.", "DAY_ON": 80.611571761600004, "DAY_OFF": 0.22424242424, "DAY_TOT": 80.835814185800004, "LAT": 35.083419036800002, "LONG": -106.647653959 }, "geometry": { "type": "Point", "coordinates": [ -106.647653959164018, 35.083419036789294 ] } },
{ "type": "Feature", "properties": { "ROUTE": 50.0, "DAY": "WKDY", "DIR": "Inbound", "STOP": 2.0, "STOPNAME": "TIJERAS @ 2ND", "DAY_ON": 6.2270313020300003, "DAY_OFF": 0.07142857143, "DAY_TOT": 6.2984598734599997, "LAT": 35.085942953299998, "LONG": -106.648187416 }, "geometry": { "type": "Point", "coordinates": [ -106.648187416031419, 35.085942953282235 ] } },
{ "type": "Feature", "properties": { "ROUTE": 50.0, "DAY": "WKDY", "DIR": "Inbound", "STOP": 3.0, "STOPNAME": "MARTIN LUTHER KING @ BROADWA", "DAY_ON": 1.0293872793900001, "DAY_OFF": 0.08333333333, "DAY_TOT": 1.11272061272, "LAT": 35.085921759599998, "LONG": -106.64493168200001 }, "geometry": { "type": "Point", "coordinates": [ -106.644931682455223, 35.085921759559284 ] } },
{ "type": "Feature", "properties": { "ROUTE": 50.0, "DAY": "WKDY", "DIR": "Inbound", "STOP": 4.0, "STOPNAME": "MARTIN LUTHER KING @ BROADWA", "DAY_ON": 0.35116550117000001, "DAY_OFF": 0.2967032967, "DAY_TOT": 0.64786879786999996, "LAT": 35.086021443100002, "LONG": -106.64374936199999 }, "geometry": { "type": "Point", "coordinates": [ -106.64374936226092, 35.086021443107612 ] } },
{ "type": "Feature", "properties": { "ROUTE": 50.0, "DAY": "WKDY", "DIR": "Inbound", "STOP": 5.0, "STOPNAME": "MARTIN LUTHER KING @ EDITH", "DAY_ON": 2.2367798867799999, "DAY_OFF": 2.2579587079599999, "DAY_TOT": 4.4947385947400003, "LAT": 35.085696761599998, "LONG": -106.641265476 }, "geometry": { "type": "Point", "coordinates": [ -106.641265475698219, 35.085696761550047 ] } },
{ "type": "Feature", "properties": { "ROUTE": 50.0, "DAY": "WKDY", "DIR": "Inbound", "STOP": 6.0, "STOPNAME": "MARTIN LUTHER KING @ ELM", "DAY_ON": 3.52327672328, "DAY_OFF": 1.7361804861800001, "DAY_TOT": 5.2594572094599998, "LAT": 35.085371491300002, "LONG": -106.63828308399999 }, "geometry": { "type": "Point", "coordinates": [ -106.638283083655452, 35.085371491298567 ] } },
{ "type": "Feature", "properties": { "ROUTE": 50.0, "DAY": "WKDY", "DIR": "Inbound", "STOP": 7.0, "STOPNAME": "ENCINO @ OAK", "DAY_ON": 4.0090909090900002, "DAY_OFF": 2.9, "DAY_TOT": 6.9090909090899997, "LAT": 35.086948810599999, "LONG": -106.63403539399999 }, "geometry": { "type": "Point", "coordinates": [ -106.634035393939385, 35.086948810606067 ] } },
{ "type": "Feature", "properties": { "ROUTE": 50.0, "DAY": "WKDY", "DIR": "Inbound", "STOP": 8.0, "STOPNAME": "MULBERRY @ MARTIN LUTHER KIN", "DAY_ON": 0.95454545454999995, "DAY_OFF": 0.56363636364000003, "DAY_TOT": 1.51818181818, "LAT": 35.085309878799997, "LONG": -106.634320659 }, "geometry": { "type": "Point", "coordinates": [ -106.634320659090918, 35.085309878787875 ] } },
{ "type": "Feature", "properties": { "ROUTE": 50.0, "DAY": "WKDY", "DIR": "Inbound", "STOP": 9.0, "STOPNAME": "MARTIN LUTHER KING @ CEDAR", "DAY_ON": 0.65544455545000002, "DAY_OFF": 1.1939726939699999, "DAY_TOT": 1.8494172494200001, "LAT": 35.084937892600003, "LONG": -106.633729514 }, "geometry": { "type": "Point", "coordinates": [ -106.633729514174235, 35.08493789262188 ] } },
{ "type": "Feature", "properties": { "ROUTE": 50.0, "DAY": "WKDY", "DIR": "Inbound", "STOP": 10.0, "STOPNAME": "MARTIN LUTHER KING @ SPRUCE", "DAY_ON": 2.40639360639, "DAY_OFF": 0.07692307692, "DAY_TOT": 2.48331668332, "LAT": 35.084617611, "LONG": -106.63153575299999 }, "geometry": { "type": "Point", "coordinates": [ -106.631535752841359, 35.084617611019411 ] } },
{ "type": "Feature", "properties": { "ROUTE": 50.0, "DAY": "WKDY", "DIR": "Inbound", "STOP": 11.0, "STOPNAME": "MARTIN LUTHER KING @ MAPLE", "DAY_ON": 1.0537962038, "DAY_OFF": 0.38852813853000001, "DAY_TOT": 1.4423243423200001, "LAT": 35.084305330799999, "LONG": -106.62895649799999 }, "geometry": { "type": "Point", "coordinates": [ -106.628956497640061, 35.084305330814111 ] } },
{ "type": "Feature", "properties": { "ROUTE": 50.0, "DAY": "WKDY", "DIR": "Inbound", "STOP": 12.0, "STOPNAME": "MARTIN LUTHER KING @ UNIVERS", "DAY_ON": 1.0576590076600001, "DAY_OFF": 0.8205960706, "DAY_TOT": 1.87825507826, "LAT": 35.084107346300001, "LONG": -106.626574254 }, "geometry": { "type": "Point", "coordinates": [ -106.626574253862088, 35.08410734629863 ] } },
{ "type": "Feature", "properties": { "ROUTE": 50.0, "DAY": "WKDY", "DIR": "Inbound", "STOP": 13.0, "STOPNAME": "REDONDO @ UNM ENGINEERING BL", "DAY_ON": 1.0781718281699999, "DAY_OFF": 2.16683316683, "DAY_TOT": 3.245004995, "LAT": 35.083343596200002, "LONG": -106.626070807 }, "geometry": { "type": "Point", "coordinates": [ -106.626070807409974, 35.083343596164696 ] } },
{ "type": "Feature", "properties": { "ROUTE": 50.0, "DAY": "WKDY", "DIR": "Inbound", "STOP": 14.0, "STOPNAME": "REDONDO SOUTH @ YALE", "DAY_ON": 8.7647019647000004, "DAY_OFF": 4.1079420579399999, "DAY_TOT": 12.872644022599999, "LAT": 35.081567397500002, "LONG": -106.622253714 }, "geometry": { "type": "Point", "coordinates": [ -106.622253714235043, 35.081567397479326 ] } },
{ "type": "Feature", "properties": { "ROUTE": 50.0, "DAY": "WKDY", "DIR": "Inbound", "STOP": 15.0, "STOPNAME": "YALE @ CENTRAL", "DAY_ON": 50.4337662338, "DAY_OFF": 3.6655011654999998, "DAY_TOT": 54.099267399299997, "LAT": 35.080575860499998, "LONG": -106.622141971 }, "geometry": { "type": "Point", "coordinates": [ -106.62214197147722, 35.080575860466453 ] } },
{ "type": "Feature", "properties": { "ROUTE": 50.0, "DAY": "WKDY", "DIR": "Inbound", "STOP": 16.0, "STOPNAME": "YALE @ SILVER", "DAY_ON": 3.34755244755, "DAY_OFF": 1.83398268398, "DAY_TOT": 5.1815351315399996, "LAT": 35.0791147005, "LONG": -106.622113317 }, "geometry": { "type": "Point", "coordinates": [ -106.622113317464581, 35.079114700453403 ] } },
{ "type": "Feature", "properties": { "ROUTE": 50.0, "DAY": "WKDY", "DIR": "Inbound", "STOP": 17.0, "STOPNAME": "YALE @ COAL", "DAY_ON": 21.579487179499999, "DAY_OFF": 18.231984682, "DAY_TOT": 39.811471861500003, "LAT": 35.075734732900003, "LONG": -106.62212581199999 }, "geometry": { "type": "Point", "coordinates": [ -106.62212581168194, 35.075734732850485 ] } },
{ "type": "Feature", "properties": { "ROUTE": 50.0, "DAY": "WKDY", "DIR": "Inbound", "STOP": 18.0, "STOPNAME": "YALE @ ETON", "DAY_ON": 0.91608391607999995, "DAY_OFF": 3.0316849816799998, "DAY_TOT": 3.9477688977700001, "LAT": 35.074170154100003, "LONG": -106.622121498 }, "geometry": { "type": "Point", "coordinates": [ -106.622121498200514, 35.074170154076683 ] } },
{ "type": "Feature", "properties": { "ROUTE": 50.0, "DAY": "WKDY", "DIR": "Inbound", "STOP": 19.0, "STOPNAME": "YALE @ ST CYR", "DAY_ON": 3.2198967699000001, "DAY_OFF": 3.72867132867, "DAY_TOT": 6.94856809857, "LAT": 35.072669832800003, "LONG": -106.622121912 }, "geometry": { "type": "Point", "coordinates": [ -106.62212191240171, 35.072669832795405 ] } },
{ "type": "Feature", "properties": { "ROUTE": 50.0, "DAY": "WKDY", "DIR": "Inbound", "STOP": 20.0, "STOPNAME": "YALE @ AVENIDA CESAR CHAVEZ", "DAY_ON": 4.8282883782899999, "DAY_OFF": 23.842440892399999, "DAY_TOT": 28.670729270700001, "LAT": 35.069140095599998, "LONG": -106.622125262 }, "geometry": { "type": "Point", "coordinates": [ -106.622125262442694, 35.06914009560311 ] } },
{ "type": "Feature", "properties": { "ROUTE": 50.0, "DAY": "WKDY", "DIR": "Inbound", "STOP": 21.0, "STOPNAME": "YALE @ KATHRYN", "DAY_ON": 0.49683649683999997, "DAY_OFF": 11.774625374599999, "DAY_TOT": 12.2714618715, "LAT": 35.066292592499998, "LONG": -106.62209603700001 }, "geometry": { "type": "Point", "coordinates": [ -106.622096037174359, 35.066292592535675 ] } },
{ "type": "Feature", "properties": { "ROUTE": 50.0, "DAY": "WKDY", "DIR": "Inbound", "STOP": 22.0, "STOPNAME": "YALE @ ANDERSON", "DAY_ON": 1.7944055944099999, "DAY_OFF": 6.0299034299000001, "DAY_TOT": 7.8243090243099997, "LAT": 35.064371868800002, "LONG": -106.62208376 }, "geometry": { "type": "Point", "coordinates": [ -106.622083759893954, 35.064371868810689 ] } },
{ "type": "Feature", "properties": { "ROUTE": 50.0, "DAY": "WKDY", "DIR": "Inbound", "STOP": 23.0, "STOPNAME": "YALE @ ROSS", "DAY_ON": 2.0118881118899998, "DAY_OFF": 12.5357309357, "DAY_TOT": 14.5476190476, "LAT": 35.062073578099998, "LONG": -106.622074095 }, "geometry": { "type": "Point", "coordinates": [ -106.62207409486669, 35.062073578094981 ] } },
{ "type": "Feature", "properties": { "ROUTE": 50.0, "DAY": "WKDY", "DIR": "Inbound", "STOP": 24.0, "STOPNAME": "YALE @ GIBSON", "DAY_ON": 1.0004995005, "DAY_OFF": 10.847718947700001, "DAY_TOT": 11.848218448200001, "LAT": 35.058915335499997, "LONG": -106.622123405 }, "geometry": { "type": "Point", "coordinates": [ -106.62212340455693, 35.058915335549074 ] } },
{ "type": "Feature", "properties": { "ROUTE": 50.0, "DAY": "WKDY", "DIR": "Inbound", "STOP": 25.0, "STOPNAME": "YALE @ MILES", "DAY_ON": 0.33376623376999998, "DAY_OFF": 9.51999667, "DAY_TOT": 9.8537629037700007, "LAT": 35.057081520300002, "LONG": -106.622119 }, "geometry": { "type": "Point", "coordinates": [ -106.622119000012788, 35.05708152028101 ] } },
{ "type": "Feature", "properties": { "ROUTE": 50.0, "DAY": "WKDY", "DIR": "Inbound", "STOP": 26.0, "STOPNAME": "YALE @ RANDOLPH", "DAY_ON": 0.24835164835000001, "DAY_OFF": 8.30351315351, "DAY_TOT": 8.5518648018600008, "LAT": 35.054633316999997, "LONG": -106.622085732 }, "geometry": { "type": "Point", "coordinates": [ -106.622085732197291, 35.054633316997112 ] } },
{ "type": "Feature", "properties": { "ROUTE": 50.0, "DAY": "WKDY", "DIR": "Inbound", "STOP": 27.0, "STOPNAME": "YALE @ RANDOLPH", "DAY_ON": 1.1402597402600001, "DAY_OFF": 15.092041292, "DAY_TOT": 16.232301032300001, "LAT": 35.053337427199999, "LONG": -106.622069098 }, "geometry": { "type": "Point", "coordinates": [ -106.622069098094215, 35.053337427168977 ] } },
{ "type": "Feature", "properties": { "ROUTE": 50.0, "DAY": "WKDY", "DIR": "Inbound", "STOP": 28.0, "STOPNAME": "YALE @ RANDOLPH", "DAY_ON": 0.17692307692000001, "DAY_OFF": 1.57384282384, "DAY_TOT": 1.75076590077, "LAT": 35.0514413828, "LONG": -106.621990678 }, "geometry": { "type": "Point", "coordinates": [ -106.621990677623643, 35.051441382790301 ] } },
{ "type": "Feature", "properties": { "ROUTE": 50.0, "DAY": "WKDY", "DIR": "Inbound", "STOP": 29.0, "STOPNAME": "SUNPORT @ ARRIVALS LEVEL", "DAY_ON": 0.0, "DAY_OFF": 39.686696636699999, "DAY_TOT": 39.686696636699999, "LAT": 35.049726455799998, "LONG": -106.618260683 }, "geometry": { "type": "Point", "coordinates": [ -106.618260683335905, 35.04972645584543 ] } },
{ "type": "Feature", "properties": { "ROUTE": 51.0, "DAY": "WKDY", "DIR": "Outbound", "STOP": 1.0, "STOPNAME": "PROSPERITY @ WILLIAMS", "DAY_ON": 13.974358974399999, "DAY_OFF": 0.0, "DAY_TOT": 13.974358974399999, "LAT": 35.015137330999998, "LONG": -106.657164889 }, "geometry": { "type": "Point", "coordinates": [ -106.657164889277382, 35.015137331002329 ] } },
{ "type": "Feature", "properties": { "ROUTE": 51.0, "DAY": "WKDY", "DIR": "Outbound", "STOP": 2.0, "STOPNAME": "PRINCE @ PROSPERITY", "DAY_ON": 1.9487179487199999, "DAY_OFF": 1.7756410256399999, "DAY_TOT": 3.7243589743599999, "LAT": 35.016443618899999, "LONG": -106.65490477900001 }, "geometry": { "type": "Point", "coordinates": [ -106.65490477855478, 35.016443618881134 ] } },
{ "type": "Feature", "properties": { "ROUTE": 51.0, "DAY": "WKDY", "DIR": "Outbound", "STOP": 3.0, "STOPNAME": "PRINCE @ GRAPE", "DAY_ON": 4.8141025640999997, "DAY_OFF": 3.61538461538, "DAY_TOT": 8.4294871794899997, "LAT": 35.019737704000001, "LONG": -106.654836923 }, "geometry": { "type": "Point", "coordinates": [ -106.654836923076928, 35.019737703962697 ] } },
{ "type": "Feature", "properties": { "ROUTE": 51.0, "DAY": "WKDY", "DIR": "Outbound", "STOP": 4.0, "STOPNAME": "PRINCE @ GORE", "DAY_ON": 0.0, "DAY_OFF": 0.0, "DAY_TOT": 0.0, "LAT": 35.022813706299999, "LONG": -106.654576818 }, "geometry": { "type": "Point", "coordinates": [ -106.654576818181809, 35.022813706293704 ] } },
{ "type": "Feature", "properties": { "ROUTE": 51.0, "DAY": "WKDY", "DIR": "Outbound", "STOP": 5.0, "STOPNAME": "PRINCE @ RIO BRAVO", "DAY_ON": 1.4743589743600001, "DAY_OFF": 0.47435897436000002, "DAY_TOT": 1.9487179487199999, "LAT": 35.025765303, "LONG": -106.653075793 }, "geometry": { "type": "Point", "coordinates": [ -106.653075792540776, 35.025765303030305 ] } },
{ "type": "Feature", "properties": { "ROUTE": 51.0, "DAY": "WKDY", "DIR": "Outbound", "STOP": 6.0, "STOPNAME": "RIO BRAVO @ 2ND", "DAY_ON": 8.5064102564099997, "DAY_OFF": 3.34615384615, "DAY_TOT": 11.852564102600001, "LAT": 35.027277010500001, "LONG": -106.659029819 }, "geometry": { "type": "Point", "coordinates": [ -106.659029819347339, 35.027277010489506 ] } },
{ "type": "Feature", "properties": { "ROUTE": 51.0, "DAY": "WKDY", "DIR": "Outbound", "STOP": 7.0, "STOPNAME": "ISLETA @ KELSEY", "DAY_ON": 7.0448717948699997, "DAY_OFF": 21.237179487199999, "DAY_TOT": 28.282051282099999, "LAT": 35.0286296154, "LONG": -106.679952751 }, "geometry": { "type": "Point", "coordinates": [ -106.679952750582757, 35.028629615384602 ] } },
{ "type": "Feature", "properties": { "ROUTE": 51.0, "DAY": "WKDY", "DIR": "Outbound", "STOP": 8.0, "STOPNAME": "ISLETA @ BARCELONA", "DAY_ON": 1.0064102564099999, "DAY_OFF": 0.73717948718000004, "DAY_TOT": 1.7435897435900001, "LAT": 35.031503088599997, "LONG": -106.679545326 }, "geometry": { "type": "Point", "coordinates": [ -106.679545326340318, 35.031503088578098 ] } },
{ "type": "Feature", "properties": { "ROUTE": 51.0, "DAY": "WKDY", "DIR": "Outbound", "STOP": 9.0, "STOPNAME": "ISLETA @ SAUNDERS RD.", "DAY_ON": 0.0, "DAY_OFF": 0.0, "DAY_TOT": 0.0, "LAT": 35.033036153799998, "LONG": -106.679491859 }, "geometry": { "type": "Point", "coordinates": [ -106.679491858974373, 35.033036153846169 ] } },
{ "type": "Feature", "properties": { "ROUTE": 51.0, "DAY": "WKDY", "DIR": "Outbound", "STOP": 10.0, "STOPNAME": "ISLETA @ BEALL", "DAY_ON": 1.01923076923, "DAY_OFF": 0.77564102564000004, "DAY_TOT": 1.7948717948699999, "LAT": 35.034854900900001, "LONG": -106.679474883 }, "geometry": { "type": "Point", "coordinates": [ -106.679474883449885, 35.034854900932416 ] } },
{ "type": "Feature", "properties": { "ROUTE": 51.0, "DAY": "WKDY", "DIR": "Outbound", "STOP": 11.0, "STOPNAME": "BLAKE @ ISLETA", "DAY_ON": 2.40384615385, "DAY_OFF": 4.0, "DAY_TOT": 6.40384615385, "LAT": 35.0380893998, "LONG": -106.679926439 }, "geometry": { "type": "Point", "coordinates": [ -106.679926439393952, 35.038089399766911 ] } },
{ "type": "Feature", "properties": { "ROUTE": 51.0, "DAY": "WKDY", "DIR": "Outbound", "STOP": 12.0, "STOPNAME": "BLAKE @ MERVOSH", "DAY_ON": 0.3141025641, "DAY_OFF": 0.0, "DAY_TOT": 0.3141025641, "LAT": 35.0369443648, "LONG": -106.68328968500001 }, "geometry": { "type": "Point", "coordinates": [ -106.683289685314691, 35.036944364801862 ] } },
{ "type": "Feature", "properties": { "ROUTE": 51.0, "DAY": "WKDY", "DIR": "Outbound", "STOP": 13.0, "STOPNAME": "BLAKE @ VIOLA", "DAY_ON": 0.16666666667, "DAY_OFF": 0.07692307692, "DAY_TOT": 0.24358974359, "LAT": 35.036404096699997, "LONG": -106.687887768 }, "geometry": { "type": "Point", "coordinates": [ -106.687887768065295, 35.03640409673659 ] } },
{ "type": "Feature", "properties": { "ROUTE": 51.0, "DAY": "WKDY", "DIR": "Outbound", "STOP": 14.0, "STOPNAME": "TAPIA @ BLAKE", "DAY_ON": 0.16666666667, "DAY_OFF": 0.33333333332999998, "DAY_TOT": 0.5, "LAT": 35.037088566400001, "LONG": -106.69057954500001 }, "geometry": { "type": "Point", "coordinates": [ -106.690579545454554, 35.037088566433546 ] } },
{ "type": "Feature", "properties": { "ROUTE": 51.0, "DAY": "WKDY", "DIR": "Outbound", "STOP": 15.0, "STOPNAME": "TAPIA @ VALLEY", "DAY_ON": 1.32692307692, "DAY_OFF": 0.85256410256000004, "DAY_TOT": 2.1794871794900001, "LAT": 35.040986148000002, "LONG": -106.691661311 }, "geometry": { "type": "Point", "coordinates": [ -106.691661311188781, 35.040986148018646 ] } },
{ "type": "Feature", "properties": { "ROUTE": 51.0, "DAY": "WKDY", "DIR": "Outbound", "STOP": 16.0, "STOPNAME": "TAPIA @ DON ANDRES", "DAY_ON": 0.0, "DAY_OFF": 0.23076923077, "DAY_TOT": 0.23076923077, "LAT": 35.045205512800003, "LONG": -106.690361014 }, "geometry": { "type": "Point", "coordinates": [ -106.690361013986021, 35.045205512820509 ] } },
{ "type": "Feature", "properties": { "ROUTE": 51.0, "DAY": "WKDY", "DIR": "Outbound", "STOP": 17.0, "STOPNAME": "TAPIA @ SANFORD", "DAY_ON": 0.87820512820999996, "DAY_OFF": 0.08333333333, "DAY_TOT": 0.96153846154, "LAT": 35.047556917199998, "LONG": -106.689321218 }, "geometry": { "type": "Point", "coordinates": [ -106.689321217948731, 35.047556917249409 ] } },
{ "type": "Feature", "properties": { "ROUTE": 51.0, "DAY": "WKDY", "DIR": "Outbound", "STOP": 18.0, "STOPNAME": "TAPIA @ ARENAL", "DAY_ON": 0.23076923077, "DAY_OFF": 0.76923076923, "DAY_TOT": 1.0, "LAT": 35.050845157300003, "LONG": -106.68855491799999 }, "geometry": { "type": "Point", "coordinates": [ -106.688554918414923, 35.050845157342664 ] } },
{ "type": "Feature", "properties": { "ROUTE": 51.0, "DAY": "WKDY", "DIR": "Outbound", "STOP": 19.0, "STOPNAME": "ARENAL @ RIO GRANDE HS", "DAY_ON": 1.71153846154, "DAY_OFF": 2.11538461538, "DAY_TOT": 3.82692307692, "LAT": 35.051019495699997, "LONG": -106.69496558199999 }, "geometry": { "type": "Point", "coordinates": [ -106.694965581691037, 35.051019495655858 ] } },
{ "type": "Feature", "properties": { "ROUTE": 51.0, "DAY": "WKDY", "DIR": "Outbound", "STOP": 20.0, "STOPNAME": "ATRISCO @ ARENAL", "DAY_ON": 0.23076923077, "DAY_OFF": 0.9358974359, "DAY_TOT": 1.1666666666700001, "LAT": 35.051564405100002, "LONG": -106.699088219 }, "geometry": { "type": "Point", "coordinates": [ -106.699088218902304, 35.051564405064646 ] } },
{ "type": "Feature", "properties": { "ROUTE": 51.0, "DAY": "WKDY", "DIR": "Outbound", "STOP": 21.0, "STOPNAME": "ATRISCO @ MARES", "DAY_ON": 0.46153846154, "DAY_OFF": 0.32692307692, "DAY_TOT": 0.78846153846, "LAT": 35.054303736000001, "LONG": -106.698080249 }, "geometry": { "type": "Point", "coordinates": [ -106.698080248993406, 35.054303735961007 ] } },
{ "type": "Feature", "properties": { "ROUTE": 51.0, "DAY": "WKDY", "DIR": "Outbound", "STOP": 22.0, "STOPNAME": "ATRISCO @ AMALIA", "DAY_ON": 0.0, "DAY_OFF": 0.45454545455000001, "DAY_TOT": 0.45454545455000001, "LAT": 35.056119292200002, "LONG": -106.696478236 }, "geometry": { "type": "Point", "coordinates": [ -106.696478236384834, 35.056119292222924 ] } },
{ "type": "Feature", "properties": { "ROUTE": 51.0, "DAY": "WKDY", "DIR": "Outbound", "STOP": 23.0, "STOPNAME": "ATRISCO @ WILBER", "DAY_ON": 0.23717948718000001, "DAY_OFF": 0.0, "DAY_TOT": 0.23717948718000001, "LAT": 35.058071738700001, "LONG": -106.69491756399999 }, "geometry": { "type": "Point", "coordinates": [ -106.694917564102568, 35.058071738715832 ] } },
{ "type": "Feature", "properties": { "ROUTE": 51.0, "DAY": "WKDY", "DIR": "Outbound", "STOP": 24.0, "STOPNAME": "ATRISCO @ SAN YGNACIO", "DAY_ON": 0.30769230769, "DAY_OFF": 0.07692307692, "DAY_TOT": 0.38461538462, "LAT": 35.062323886900003, "LONG": -106.693158246 }, "geometry": { "type": "Point", "coordinates": [ -106.693158245920728, 35.06232388694638 ] } },
{ "type": "Feature", "properties": { "ROUTE": 51.0, "DAY": "WKDY", "DIR": "Outbound", "STOP": 25.0, "STOPNAME": "ATRISCO @ BRIDGE", "DAY_ON": 1.0, "DAY_OFF": 1.4871794871799999, "DAY_TOT": 2.4871794871800001, "LAT": 35.065947173700003, "LONG": -106.69187777400001 }, "geometry": { "type": "Point", "coordinates": [ -106.691877773892784, 35.065947173659666 ] } },
{ "type": "Feature", "properties": { "ROUTE": 51.0, "DAY": "WKDY", "DIR": "Outbound", "STOP": 26.0, "STOPNAME": "ATRISCO @ BRIDGE", "DAY_ON": 0.15384615385, "DAY_OFF": 0.15384615385, "DAY_TOT": 0.30769230769, "LAT": 35.066651439399998, "LONG": -106.69167518099999 }, "geometry": { "type": "Point", "coordinates": [ -106.69167518065268, 35.066651439393944 ] } },
{ "type": "Feature", "properties": { "ROUTE": 51.0, "DAY": "WKDY", "DIR": "Outbound", "STOP": 27.0, "STOPNAME": "ATRISCO @ LARRAZOLO", "DAY_ON": 0.79487179487000004, "DAY_OFF": 0.69871794872000004, "DAY_TOT": 1.4935897435900001, "LAT": 35.070383100199997, "LONG": -106.689635886 }, "geometry": { "type": "Point", "coordinates": [ -106.689635885780888, 35.070383100233094 ] } },
{ "type": "Feature", "properties": { "ROUTE": 51.0, "DAY": "WKDY", "DIR": "Outbound", "STOP": 28.0, "STOPNAME": "ATRISCO @ FIVE POINTS", "DAY_ON": 0.3141025641, "DAY_OFF": 0.0, "DAY_TOT": 0.3141025641, "LAT": 35.073281287900002, "LONG": -106.687655699 }, "geometry": { "type": "Point", "coordinates": [ -106.687655699300691, 35.073281287878785 ] } },
{ "type": "Feature", "properties": { "ROUTE": 51.0, "DAY": "WKDY", "DIR": "Outbound", "STOP": 29.0, "STOPNAME": "ATRISCO @ FIVE POINTS", "DAY_ON": 1.0256410256399999, "DAY_OFF": 0.08333333333, "DAY_TOT": 1.1089743589700001, "LAT": 35.075303216800002, "LONG": -106.687255583 }, "geometry": { "type": "Point", "coordinates": [ -106.687255582750595, 35.075303216783226 ] } },
{ "type": "Feature", "properties": { "ROUTE": 51.0, "DAY": "WKDY", "DIR": "Outbound", "STOP": 30.0, "STOPNAME": "ATRISCO @ GONZALES", "DAY_ON": 0.46153846154, "DAY_OFF": 0.16025641026000001, "DAY_TOT": 0.6217948718, "LAT": 35.079127325199998, "LONG": -106.68555870599999 }, "geometry": { "type": "Point", "coordinates": [ -106.685558706293705, 35.079127325174817 ] } },
{ "type": "Feature", "properties": { "ROUTE": 51.0, "DAY": "WKDY", "DIR": "Outbound", "STOP": 31.0, "STOPNAME": "ATRISCO @ OSAGE", "DAY_ON": 0.23076923077, "DAY_OFF": 0.23076923077, "DAY_TOT": 0.46153846154, "LAT": 35.081818653799999, "LONG": -106.684008666 }, "geometry": { "type": "Point", "coordinates": [ -106.684008665501153, 35.081818653846149 ] } },
{ "type": "Feature", "properties": { "ROUTE": 51.0, "DAY": "WKDY", "DIR": "Outbound", "STOP": 33.0, "STOPNAME": "ATRISCO LN. @ CENTRAL", "DAY_ON": 0.0, "DAY_OFF": 54.891025641, "DAY_TOT": 54.891025641, "LAT": 35.0847878963, "LONG": -106.683886754 }, "geometry": { "type": "Point", "coordinates": [ -106.683886754079239, 35.084787896270406 ] } },
{ "type": "Feature", "properties": { "ROUTE": 51.0, "DAY": "WKDY", "DIR": "Inbound", "STOP": 1.0, "STOPNAME": "ATRISCO LN. @ CENTRAL", "DAY_ON": 9.3589743589700003, "DAY_OFF": 0.0, "DAY_TOT": 9.3589743589700003, "LAT": 35.085212699899998, "LONG": -106.68376582800001 }, "geometry": { "type": "Point", "coordinates": [ -106.683765827991451, 35.08521269993895 ] } },
{ "type": "Feature", "properties": { "ROUTE": 51.0, "DAY": "WKDY", "DIR": "Inbound", "STOP": 2.0, "STOPNAME": "ARTISCO @ DRAXTON", "DAY_ON": 36.2793040293, "DAY_OFF": 0.23076923077, "DAY_TOT": 36.5100732601, "LAT": 35.083713176899998, "LONG": -106.68377745700001 }, "geometry": { "type": "Point", "coordinates": [ -106.683777457264952, 35.083713176892559 ] } },
{ "type": "Feature", "properties": { "ROUTE": 51.0, "DAY": "WKDY", "DIR": "Inbound", "STOP": 3.0, "STOPNAME": "ATRISCO @ CYPRESS", "DAY_ON": 2.1666666666699999, "DAY_OFF": 0.0, "DAY_TOT": 2.1666666666699999, "LAT": 35.081624588700002, "LONG": -106.68398387800001 }, "geometry": { "type": "Point", "coordinates": [ -106.683983878205098, 35.081624588675204 ] } },
{ "type": "Feature", "properties": { "ROUTE": 51.0, "DAY": "WKDY", "DIR": "Inbound", "STOP": 4.0, "STOPNAME": "ATRISCO @ GONZALES", "DAY_ON": 0.46794871794999998, "DAY_OFF": 1.0, "DAY_TOT": 1.4679487179499999, "LAT": 35.079013744699999, "LONG": -106.68567015000001 }, "geometry": { "type": "Point", "coordinates": [ -106.685670149572672, 35.079013744658113 ] } },
{ "type": "Feature", "properties": { "ROUTE": 51.0, "DAY": "WKDY", "DIR": "Inbound", "STOP": 5.0, "STOPNAME": "ATRISCO @ FOOTHILL", "DAY_ON": 0.23717948718000001, "DAY_OFF": 2.2564102564100001, "DAY_TOT": 2.4935897435899999, "LAT": 35.075133488200002, "LONG": -106.687318787 }, "geometry": { "type": "Point", "coordinates": [ -106.687318787393167, 35.075133488247864 ] } },
{ "type": "Feature", "properties": { "ROUTE": 51.0, "DAY": "WKDY", "DIR": "Inbound", "STOP": 6.0, "STOPNAME": "ATRISCO @ HOOPER", "DAY_ON": 0.0, "DAY_OFF": 0.15384615385, "DAY_TOT": 0.15384615385, "LAT": 35.0730307372, "LONG": -106.687804915 }, "geometry": { "type": "Point", "coordinates": [ -106.687804914529906, 35.073030737179486 ] } },
{ "type": "Feature", "properties": { "ROUTE": 51.0, "DAY": "WKDY", "DIR": "Inbound", "STOP": 7.0, "STOPNAME": "ATRISCO @ LARRAZOLO", "DAY_ON": 0.78846153846, "DAY_OFF": 0.53846153846, "DAY_TOT": 1.32692307692, "LAT": 35.070404065200002, "LONG": -106.689649551 }, "geometry": { "type": "Point", "coordinates": [ -106.689649551282059, 35.070404065170941 ] } },
{ "type": "Feature", "properties": { "ROUTE": 51.0, "DAY": "WKDY", "DIR": "Inbound", "STOP": 8.0, "STOPNAME": "ATRISCO @ BRIDGE", "DAY_ON": 1.40384615385, "DAY_OFF": 1.8589743589700001, "DAY_TOT": 3.2628205128199999, "LAT": 35.065898669900001, "LONG": -106.691930246 }, "geometry": { "type": "Point", "coordinates": [ -106.69193024572651, 35.065898669871807 ] } },
{ "type": "Feature", "properties": { "ROUTE": 51.0, "DAY": "WKDY", "DIR": "Inbound", "STOP": 9.0, "STOPNAME": "ATRISCO @ SAN YGNACIO", "DAY_ON": 0.23717948718000001, "DAY_OFF": 0.47435897436000002, "DAY_TOT": 0.71153846154, "LAT": 35.062237687, "LONG": -106.693186982 }, "geometry": { "type": "Point", "coordinates": [ -106.693186981837627, 35.062237686965815 ] } },
{ "type": "Feature", "properties": { "ROUTE": 51.0, "DAY": "WKDY", "DIR": "Inbound", "STOP": 10.0, "STOPNAME": "ATRISCO @ WILBUR", "DAY_ON": 0.0, "DAY_OFF": 0.39102564102999998, "DAY_TOT": 0.39102564102999998, "LAT": 35.057984129300003, "LONG": -106.69492344 }, "geometry": { "type": "Point", "coordinates": [ -106.694923440170939, 35.057984129273514 ] } },
{ "type": "Feature", "properties": { "ROUTE": 51.0, "DAY": "WKDY", "DIR": "Inbound", "STOP": 11.0, "STOPNAME": "ATRISCO @ AMALIA", "DAY_ON": 0.0, "DAY_OFF": 0.39743589744000002, "DAY_TOT": 0.39743589744000002, "LAT": 35.056190598299999, "LONG": -106.696483462 }, "geometry": { "type": "Point", "coordinates": [ -106.696483461538477, 35.056190598290591 ] } },
{ "type": "Feature", "properties": { "ROUTE": 51.0, "DAY": "WKDY", "DIR": "Inbound", "STOP": 12.0, "STOPNAME": "ATRISCO @ MARES", "DAY_ON": 0.0, "DAY_OFF": 0.46794871794999998, "DAY_TOT": 0.46794871794999998, "LAT": 35.053224850399999, "LONG": -106.698494407 }, "geometry": { "type": "Point", "coordinates": [ -106.698494407051314, 35.053224850427348 ] } },
{ "type": "Feature", "properties": { "ROUTE": 51.0, "DAY": "WKDY", "DIR": "Inbound", "STOP": 13.0, "STOPNAME": "ATRISCO @ ARENAL", "DAY_ON": 0.55769230769, "DAY_OFF": 0.39743589744000002, "DAY_TOT": 0.95512820512999996, "LAT": 35.0513474786, "LONG": -106.69932224900001 }, "geometry": { "type": "Point", "coordinates": [ -106.699322248931637, 35.051347478632479 ] } },
{ "type": "Feature", "properties": { "ROUTE": 51.0, "DAY": "WKDY", "DIR": "Inbound", "STOP": 14.0, "STOPNAME": "ARENAL @ RIO GRANDE HS", "DAY_ON": 2.9679487179500001, "DAY_OFF": 0.89743589743999996, "DAY_TOT": 3.86538461538, "LAT": 35.050896559800002, "LONG": -106.695662879 }, "geometry": { "type": "Point", "coordinates": [ -106.695662879273513, 35.050896559829063 ] } },
{ "type": "Feature", "properties": { "ROUTE": 51.0, "DAY": "WKDY", "DIR": "Inbound", "STOP": 15.0, "STOPNAME": "TAPIA @ ARENAL", "DAY_ON": 0.38461538462, "DAY_OFF": 1.1025641025599999, "DAY_TOT": 1.4871794871799999, "LAT": 35.050804594, "LONG": -106.688632869 }, "geometry": { "type": "Point", "coordinates": [ -106.68863286858975, 35.050804594017094 ] } },
{ "type": "Feature", "properties": { "ROUTE": 51.0, "DAY": "WKDY", "DIR": "Inbound", "STOP": 16.0, "STOPNAME": "TAPIA @ RAVEN", "DAY_ON": 0.47435897436000002, "DAY_OFF": 0.38461538462, "DAY_TOT": 0.85897435896999996, "LAT": 35.0476775, "LONG": -106.689312329 }, "geometry": { "type": "Point", "coordinates": [ -106.68931232905986, 35.0476775 ] } },
{ "type": "Feature", "properties": { "ROUTE": 51.0, "DAY": "WKDY", "DIR": "Inbound", "STOP": 17.0, "STOPNAME": "TAPIA @ DON ANDRES", "DAY_ON": 0.0, "DAY_OFF": 0.0, "DAY_TOT": 0.0, "LAT": 35.0452375801, "LONG": -106.69033791699999 }, "geometry": { "type": "Point", "coordinates": [ -106.690337916666678, 35.045237580128202 ] } },
{ "type": "Feature", "properties": { "ROUTE": 51.0, "DAY": "WKDY", "DIR": "Inbound", "STOP": 18.0, "STOPNAME": "TAPIA @ CRISS", "DAY_ON": 0.46794871794999998, "DAY_OFF": 0.3141025641, "DAY_TOT": 0.78205128204999996, "LAT": 35.041029049099997, "LONG": -106.69166452499999 }, "geometry": { "type": "Point", "coordinates": [ -106.691664524572658, 35.041029049145294 ] } },
{ "type": "Feature", "properties": { "ROUTE": 51.0, "DAY": "WKDY", "DIR": "Inbound", "STOP": 19.0, "STOPNAME": "TAPIA @ BLAKE", "DAY_ON": 0.25, "DAY_OFF": 0.9358974359, "DAY_TOT": 1.1858974359000001, "LAT": 35.037006901700003, "LONG": -106.690772415 }, "geometry": { "type": "Point", "coordinates": [ -106.690772414529931, 35.03700690170939 ] } },
{ "type": "Feature", "properties": { "ROUTE": 51.0, "DAY": "WKDY", "DIR": "Inbound", "STOP": 20.0, "STOPNAME": "BLAKE @ VIOLA", "DAY_ON": 0.23076923077, "DAY_OFF": 0.15384615385, "DAY_TOT": 0.38461538462, "LAT": 35.036364535300002, "LONG": -106.687559327 }, "geometry": { "type": "Point", "coordinates": [ -106.687559326923065, 35.036364535256411 ] } },
{ "type": "Feature", "properties": { "ROUTE": 51.0, "DAY": "WKDY", "DIR": "Inbound", "STOP": 21.0, "STOPNAME": "BLAKE @ MERVOSH", "DAY_ON": 0.07692307692, "DAY_OFF": 1.01923076923, "DAY_TOT": 1.09615384615, "LAT": 35.037026239299998, "LONG": -106.683240134 }, "geometry": { "type": "Point", "coordinates": [ -106.683240133546988, 35.037026239316234 ] } },
{ "type": "Feature", "properties": { "ROUTE": 51.0, "DAY": "WKDY", "DIR": "Inbound", "STOP": 22.0, "STOPNAME": "ISLETA @ BLAKE", "DAY_ON": 3.4166666666699999, "DAY_OFF": 4.96153846154, "DAY_TOT": 8.3782051282100003, "LAT": 35.037848055600001, "LONG": -106.67966573699999 }, "geometry": { "type": "Point", "coordinates": [ -106.679665737179491, 35.03784805555555 ] } },
{ "type": "Feature", "properties": { "ROUTE": 51.0, "DAY": "WKDY", "DIR": "Inbound", "STOP": 23.0, "STOPNAME": "ISLETA @ VAL VERDE", "DAY_ON": 0.53846153846, "DAY_OFF": 1.0128205128200001, "DAY_TOT": 1.5512820512800001, "LAT": 35.035212740399999, "LONG": -106.67954737700001 }, "geometry": { "type": "Point", "coordinates": [ -106.679547377136771, 35.035212740384615 ] } },
{ "type": "Feature", "properties": { "ROUTE": 51.0, "DAY": "WKDY", "DIR": "Inbound", "STOP": 24.0, "STOPNAME": "ISLETA @ SHADYSIDE", "DAY_ON": 0.23717948718000001, "DAY_OFF": 0.0, "DAY_TOT": 0.23717948718000001, "LAT": 35.0327135844, "LONG": -106.679603606 }, "geometry": { "type": "Point", "coordinates": [ -106.679603605769231, 35.032713584401712 ] } },
{ "type": "Feature", "properties": { "ROUTE": 51.0, "DAY": "WKDY", "DIR": "Inbound", "STOP": 25.0, "STOPNAME": "ISLETA @ BARCELONA", "DAY_ON": 1.9294871794899999, "DAY_OFF": 1.40384615385, "DAY_TOT": 3.3333333333300001, "LAT": 35.030332580100001, "LONG": -106.67982614899999 }, "geometry": { "type": "Point", "coordinates": [ -106.679826148504262, 35.03033258012821 ] } },
{ "type": "Feature", "properties": { "ROUTE": 51.0, "DAY": "WKDY", "DIR": "Inbound", "STOP": 26.0, "STOPNAME": "ISLETA @ RIO BRAVO", "DAY_ON": 21.141025641, "DAY_OFF": 6.7435897435900003, "DAY_TOT": 27.8846153846, "LAT": 35.028697419899999, "LONG": -106.68009753699999 }, "geometry": { "type": "Point", "coordinates": [ -106.680097537393138, 35.028697419871797 ] } },
{ "type": "Feature", "properties": { "ROUTE": 51.0, "DAY": "WKDY", "DIR": "Inbound", "STOP": 27.0, "STOPNAME": "2ND @ RIO BRAVO", "DAY_ON": 1.15384615385, "DAY_OFF": 3.8782051282099999, "DAY_TOT": 5.0320512820500003, "LAT": 35.026060795900001, "LONG": -106.65895463699999 }, "geometry": { "type": "Point", "coordinates": [ -106.658954636752128, 35.026060795940175 ] } },
{ "type": "Feature", "properties": { "ROUTE": 51.0, "DAY": "WKDY", "DIR": "Inbound", "STOP": 28.0, "STOPNAME": "2ND @ SOUTHSIDE WATER RECLAM", "DAY_ON": 0.48076923077, "DAY_OFF": 0.47435897436000002, "DAY_TOT": 0.95512820512999996, "LAT": 35.019229444399997, "LONG": -106.659766891 }, "geometry": { "type": "Point", "coordinates": [ -106.659766891025626, 35.019229444444441 ] } },
{ "type": "Feature", "properties": { "ROUTE": 51.0, "DAY": "WKDY", "DIR": "Inbound", "STOP": 29.0, "STOPNAME": "2ND @ PROSPERITY", "DAY_ON": 37.179487179500001, "DAY_OFF": 38.679487179500001, "DAY_TOT": 75.858974359000001, "LAT": 35.015628872900002, "LONG": -106.66036513900001 }, "geometry": { "type": "Point", "coordinates": [ -106.660365138888906, 35.015628872863253 ] } },
{ "type": "Feature", "properties": { "ROUTE": 51.0, "DAY": "WKDY", "DIR": "Inbound", "STOP": 30.0, "STOPNAME": "PROSPERITY @ WILLIAMS", "DAY_ON": 0.0, "DAY_OFF": 6.0897435897400003, "DAY_TOT": 6.0897435897400003, "LAT": 35.0150929701, "LONG": -106.657870491 }, "geometry": { "type": "Point", "coordinates": [ -106.657870491452968, 35.015092970085476 ] } },
{ "type": "Feature", "properties": { "ROUTE": 53.0, "DAY": "WKDY", "DIR": "Outbound", "STOP": 1.0, "STOPNAME": "ISLETA @ MALPAIS", "DAY_ON": 16.326495726499999, "DAY_OFF": 0.0, "DAY_TOT": 16.326495726499999, "LAT": 34.951545578500003, "LONG": -106.694636037 }, "geometry": { "type": "Point", "coordinates": [ -106.694636036993884, 34.951545578498667 ] } },
{ "type": "Feature", "properties": { "ROUTE": 53.0, "DAY": "WKDY", "DIR": "Outbound", "STOP": 2.0, "STOPNAME": "ISLETA @ MARCELINO", "DAY_ON": 1.3902097902099999, "DAY_OFF": 0.36025641026, "DAY_TOT": 1.75046620047, "LAT": 34.9536626334, "LONG": -106.695086906 }, "geometry": { "type": "Point", "coordinates": [ -106.695086906026077, 34.953662633428316 ] } },
{ "type": "Feature", "properties": { "ROUTE": 53.0, "DAY": "WKDY", "DIR": "Outbound", "STOP": 3.0, "STOPNAME": "ISLETA @ DESIDERIO", "DAY_ON": 2.1737373737399999, "DAY_OFF": 0.17424242424, "DAY_TOT": 2.3479797979799999, "LAT": 34.9573534313, "LONG": -106.69576254499999 }, "geometry": { "type": "Point", "coordinates": [ -106.695762545454556, 34.957353431257012 ] } },
{ "type": "Feature", "properties": { "ROUTE": 53.0, "DAY": "WKDY", "DIR": "Outbound", "STOP": 4.0, "STOPNAME": "ISLETA @ EL RANCHITO", "DAY_ON": 0.64292929293000001, "DAY_OFF": 0.0, "DAY_TOT": 0.64292929293000001, "LAT": 34.9595194905, "LONG": -106.695847785 }, "geometry": { "type": "Point", "coordinates": [ -106.69584778451177, 34.95951949046016 ] } },
{ "type": "Feature", "properties": { "ROUTE": 53.0, "DAY": "WKDY", "DIR": "Outbound", "STOP": 5.0, "STOPNAME": "ISLETA @ ILFIELD", "DAY_ON": 3.7792929292899999, "DAY_OFF": 0.86515151515, "DAY_TOT": 4.6444444444400004, "LAT": 34.9628711748, "LONG": -106.695620111 }, "geometry": { "type": "Point", "coordinates": [ -106.695620110549939, 34.962871174803595 ] } },
{ "type": "Feature", "properties": { "ROUTE": 53.0, "DAY": "WKDY", "DIR": "Outbound", "STOP": 6.0, "STOPNAME": "ISLETA @ ILFIELD", "DAY_ON": 1.2979797979800001, "DAY_OFF": 0.0, "DAY_TOT": 1.2979797979800001, "LAT": 34.964463461000001, "LONG": -106.69554243 }, "geometry": { "type": "Point", "coordinates": [ -106.695542430134708, 34.964463460998886 ] } },
{ "type": "Feature", "properties": { "ROUTE": 53.0, "DAY": "WKDY", "DIR": "Outbound", "STOP": 7.0, "STOPNAME": "ISLETA @ TURRIETTA", "DAY_ON": 0.44090909091000002, "DAY_OFF": 0.0, "DAY_TOT": 0.44090909091000002, "LAT": 34.969758982899997, "LONG": -106.69590433 }, "geometry": { "type": "Point", "coordinates": [ -106.695904329966325, 34.969758982884393 ] } },
{ "type": "Feature", "properties": { "ROUTE": 53.0, "DAY": "WKDY", "DIR": "Outbound", "STOP": 8.0, "STOPNAME": "ISLETA @ PEPPER LANE", "DAY_ON": 0.0, "DAY_OFF": 0.18181818182000001, "DAY_TOT": 0.18181818182000001, "LAT": 34.972179891400003, "LONG": -106.69624797100001 }, "geometry": { "type": "Point", "coordinates": [ -106.696247971380473, 34.972179891414129 ] } },
{ "type": "Feature", "properties": { "ROUTE": 53.0, "DAY": "WKDY", "DIR": "Outbound", "STOP": 9.0, "STOPNAME": "ISLETA @ PEPPER LN.", "DAY_ON": 2.02525252525, "DAY_OFF": 0.0, "DAY_TOT": 2.02525252525, "LAT": 34.973709250799999, "LONG": -106.696476866 }, "geometry": { "type": "Point", "coordinates": [ -106.696476865881039, 34.97370925084175 ] } },
{ "type": "Feature", "properties": { "ROUTE": 53.0, "DAY": "WKDY", "DIR": "Outbound", "STOP": 10.0, "STOPNAME": "ISLETA @ RAYMAC", "DAY_ON": 3.4222222222199998, "DAY_OFF": 0.08333333333, "DAY_TOT": 3.50555555556, "LAT": 34.977681805000003, "LONG": -106.696698118 }, "geometry": { "type": "Point", "coordinates": [ -106.696698117564537, 34.977681804994383 ] } },
{ "type": "Feature", "properties": { "ROUTE": 53.0, "DAY": "WKDY", "DIR": "Outbound", "STOP": 11.0, "STOPNAME": "ISLETA @ RAYMAC", "DAY_ON": 0.0, "DAY_OFF": 0.09090909091, "DAY_TOT": 0.09090909091, "LAT": 34.9795003909, "LONG": -106.696836451 }, "geometry": { "type": "Point", "coordinates": [ -106.696836451178427, 34.979500390852984 ] } },
{ "type": "Feature", "properties": { "ROUTE": 53.0, "DAY": "WKDY", "DIR": "Outbound", "STOP": 12.0, "STOPNAME": "ISLETA @ LE AVE", "DAY_ON": 1.20151515152, "DAY_OFF": 0.39646464647000002, "DAY_TOT": 1.5979797979799999, "LAT": 34.982528890600001, "LONG": -106.696995766 }, "geometry": { "type": "Point", "coordinates": [ -106.696995766273844, 34.982528890572389 ] } },
{ "type": "Feature", "properties": { "ROUTE": 53.0, "DAY": "WKDY", "DIR": "Outbound", "STOP": 13.0, "STOPNAME": "ISLETA @ APPLETON", "DAY_ON": 3.6181818181800001, "DAY_OFF": 0.17424242424, "DAY_TOT": 3.7924242424200001, "LAT": 34.987141997199998, "LONG": -106.696396032 }, "geometry": { "type": "Point", "coordinates": [ -106.69639603170593, 34.987141997194165 ] } },
{ "type": "Feature", "properties": { "ROUTE": 53.0, "DAY": "WKDY", "DIR": "Outbound", "STOP": 14.0, "STOPNAME": "ISLETA @ DON FELIPE", "DAY_ON": 0.82727272727000001, "DAY_OFF": 0.17424242424, "DAY_TOT": 1.00151515152, "LAT": 34.990322088699997, "LONG": -106.695366811 }, "geometry": { "type": "Point", "coordinates": [ -106.69536681060606, 34.990322088664428 ] } },
{ "type": "Feature", "properties": { "ROUTE": 53.0, "DAY": "WKDY", "DIR": "Outbound", "STOP": 15.0, "STOPNAME": "ISLETA @ MAYFLOWER", "DAY_ON": 1.7909090909100001, "DAY_OFF": 0.80454545455000004, "DAY_TOT": 2.59545454545, "LAT": 34.993449894500003, "LONG": -106.694353327 }, "geometry": { "type": "Point", "coordinates": [ -106.694353326599327, 34.993449894500564 ] } },
{ "type": "Feature", "properties": { "ROUTE": 53.0, "DAY": "WKDY", "DIR": "Outbound", "STOP": 16.0, "STOPNAME": "ISLETA @ TORRES", "DAY_ON": 4.2141414141400002, "DAY_OFF": 0.29292929292999997, "DAY_TOT": 4.5070707070699996, "LAT": 34.996061389700003, "LONG": -106.693438872 }, "geometry": { "type": "Point", "coordinates": [ -106.693438872334454, 34.996061389730642 ] } },
{ "type": "Feature", "properties": { "ROUTE": 53.0, "DAY": "WKDY", "DIR": "Outbound", "STOP": 17.0, "STOPNAME": "ISLETA @ ISABELLA CT.", "DAY_ON": 0.83232323232000005, "DAY_OFF": 0.0, "DAY_TOT": 0.83232323232000005, "LAT": 35.001347340899997, "LONG": -106.69122396500001 }, "geometry": { "type": "Point", "coordinates": [ -106.691223965488234, 35.001347340909099 ] } },
{ "type": "Feature", "properties": { "ROUTE": 53.0, "DAY": "WKDY", "DIR": "Outbound", "STOP": 18.0, "STOPNAME": "ISLETA @ METZGAR", "DAY_ON": 1.5530303030299999, "DAY_OFF": 0.08333333333, "DAY_TOT": 1.63636363636, "LAT": 35.006223933199998, "LONG": -106.68928909900001 }, "geometry": { "type": "Point", "coordinates": [ -106.689289099326601, 35.006223933221094 ] } },
{ "type": "Feature", "properties": { "ROUTE": 53.0, "DAY": "WKDY", "DIR": "Outbound", "STOP": 19.0, "STOPNAME": "ISLETA @ GUNCLUB", "DAY_ON": 0.43181818181999998, "DAY_OFF": 0.27272727273000003, "DAY_TOT": 0.70454545454999995, "LAT": 35.011609004199997, "LONG": -106.687132111 }, "geometry": { "type": "Point", "coordinates": [ -106.687132111111111, 35.011609004208758 ] } },
{ "type": "Feature", "properties": { "ROUTE": 53.0, "DAY": "WKDY", "DIR": "Outbound", "STOP": 20.0, "STOPNAME": "ISLETA @ LAKEVIEW", "DAY_ON": 0.71363636364000005, "DAY_OFF": 0.0, "DAY_TOT": 0.71363636364000005, "LAT": 35.014291551100001, "LONG": -106.68577506299999 }, "geometry": { "type": "Point", "coordinates": [ -106.685775062570158, 35.014291551066215 ] } },
{ "type": "Feature", "properties": { "ROUTE": 53.0, "DAY": "WKDY", "DIR": "Outbound", "STOP": 21.0, "STOPNAME": "ISLETA @ LAKEVIEW RD", "DAY_ON": 0.1, "DAY_OFF": 0.37626262626000001, "DAY_TOT": 0.47626262626, "LAT": 35.016492555, "LONG": -106.68466353 }, "geometry": { "type": "Point", "coordinates": [ -106.684663530303027, 35.0164925549944 ] } },
{ "type": "Feature", "properties": { "ROUTE": 53.0, "DAY": "WKDY", "DIR": "Outbound", "STOP": 22.0, "STOPNAME": "ISLETA @ CAMINO DEL VALLE", "DAY_ON": 4.8237373737400002, "DAY_OFF": 1.38636363636, "DAY_TOT": 6.2101010100999998, "LAT": 35.018289016600001, "LONG": -106.68380838 }, "geometry": { "type": "Point", "coordinates": [ -106.683808380471362, 35.018289016554441 ] } },
{ "type": "Feature", "properties": { "ROUTE": 53.0, "DAY": "WKDY", "DIR": "Outbound", "STOP": 23.0, "STOPNAME": "ISLETA @ SANTA ROSA", "DAY_ON": 4.4181818181799999, "DAY_OFF": 2.0939393939399999, "DAY_TOT": 6.5121212121200003, "LAT": 35.022336113100003, "LONG": -106.681993793 }, "geometry": { "type": "Point", "coordinates": [ -106.68199379320987, 35.022336113075205 ] } },
{ "type": "Feature", "properties": { "ROUTE": 53.0, "DAY": "WKDY", "DIR": "Outbound", "STOP": 24.0, "STOPNAME": "ISLETA @ LA MORA LN", "DAY_ON": 14.3252525253, "DAY_OFF": 6.1914141414100001, "DAY_TOT": 20.516666666700001, "LAT": 35.025470911900001, "LONG": -106.680711672 }, "geometry": { "type": "Point", "coordinates": [ -106.680711671717177, 35.025470911896754 ] } },
{ "type": "Feature", "properties": { "ROUTE": 53.0, "DAY": "WKDY", "DIR": "Outbound", "STOP": 25.0, "STOPNAME": "ISLETA @ KELSEY", "DAY_ON": 24.083333333300001, "DAY_OFF": 3.7338383838400002, "DAY_TOT": 27.817171717200001, "LAT": 35.028628494700001, "LONG": -106.67998846099999 }, "geometry": { "type": "Point", "coordinates": [ -106.679988460718278, 35.028628494668908 ] } },
{ "type": "Feature", "properties": { "ROUTE": 53.0, "DAY": "WKDY", "DIR": "Outbound", "STOP": 26.0, "STOPNAME": "ISLETA @ BARCELONA", "DAY_ON": 3.4656565656599998, "DAY_OFF": 1.14545454545, "DAY_TOT": 4.6111111111099996, "LAT": 35.031467860799999, "LONG": -106.67957102699999 }, "geometry": { "type": "Point", "coordinates": [ -106.679571027497175, 35.031467860830531 ] } },
{ "type": "Feature", "properties": { "ROUTE": 53.0, "DAY": "WKDY", "DIR": "Outbound", "STOP": 27.0, "STOPNAME": "ISLETA @ SAUNDERS RD.", "DAY_ON": 0.11111111111, "DAY_OFF": 0.0, "DAY_TOT": 0.11111111111, "LAT": 35.033037688, "LONG": -106.67951771 }, "geometry": { "type": "Point", "coordinates": [ -106.679517710437736, 35.033037687991019 ] } },
{ "type": "Feature", "properties": { "ROUTE": 53.0, "DAY": "WKDY", "DIR": "Outbound", "STOP": 28.0, "STOPNAME": "ISLETA @ BEALL", "DAY_ON": 5.0863636363599998, "DAY_OFF": 0.97121212121, "DAY_TOT": 6.0575757575800004, "LAT": 35.034861509499997, "LONG": -106.67948758 }, "geometry": { "type": "Point", "coordinates": [ -106.679487580246956, 35.034861509539859 ] } },
{ "type": "Feature", "properties": { "ROUTE": 53.0, "DAY": "WKDY", "DIR": "Outbound", "STOP": 29.0, "STOPNAME": "ISLETA @ BLAKE", "DAY_ON": 8.6979797979800004, "DAY_OFF": 5.0459595959600003, "DAY_TOT": 13.7439393939, "LAT": 35.038909818500002, "LONG": -106.679408185 }, "geometry": { "type": "Point", "coordinates": [ -106.679408185465789, 35.0389098184624 ] } },
{ "type": "Feature", "properties": { "ROUTE": 53.0, "DAY": "WKDY", "DIR": "Outbound", "STOP": 30.0, "STOPNAME": "ISLETA @ VALLEY", "DAY_ON": 2.7686868686900001, "DAY_OFF": 1.5747474747500001, "DAY_TOT": 4.3434343434300002, "LAT": 35.040576186899997, "LONG": -106.679463094 }, "geometry": { "type": "Point", "coordinates": [ -106.679463093714929, 35.040576186868684 ] } },
{ "type": "Feature", "properties": { "ROUTE": 53.0, "DAY": "WKDY", "DIR": "Outbound", "STOP": 31.0, "STOPNAME": "ISLETA @ RINCONADO LN", "DAY_ON": 7.5621212121200001, "DAY_OFF": 2.2777777777799999, "DAY_TOT": 9.8398989899, "LAT": 35.0435648196, "LONG": -106.679339485 }, "geometry": { "type": "Point", "coordinates": [ -106.679339485409656, 35.043564819584731 ] } },
{ "type": "Feature", "properties": { "ROUTE": 53.0, "DAY": "WKDY", "DIR": "Outbound", "STOP": 32.0, "STOPNAME": "ISLETA @ PERRY ROAD", "DAY_ON": 7.4005050505099996, "DAY_OFF": 2.0368686868700001, "DAY_TOT": 9.4373737373700006, "LAT": 35.046153788700003, "LONG": -106.678815079 }, "geometry": { "type": "Point", "coordinates": [ -106.67881507912459, 35.046153788720538 ] } },
{ "type": "Feature", "properties": { "ROUTE": 53.0, "DAY": "WKDY", "DIR": "Outbound", "STOP": 33.0, "STOPNAME": "ISLETA @ VALDORA", "DAY_ON": 2.6560606060600001, "DAY_OFF": 2.0075757575800002, "DAY_TOT": 4.6636363636400002, "LAT": 35.049642673999998, "LONG": -106.678125627 }, "geometry": { "type": "Point", "coordinates": [ -106.6781256268238, 35.049642673961841 ] } },
{ "type": "Feature", "properties": { "ROUTE": 53.0, "DAY": "WKDY", "DIR": "Outbound", "STOP": 34.0, "STOPNAME": "ISLETA @ VALDORA", "DAY_ON": 5.148989899, "DAY_OFF": 1.41212121212, "DAY_TOT": 6.5611111111199998, "LAT": 35.051172645100003, "LONG": -106.677847593 }, "geometry": { "type": "Point", "coordinates": [ -106.677847592873178, 35.051172645061726 ] } },
{ "type": "Feature", "properties": { "ROUTE": 53.0, "DAY": "WKDY", "DIR": "Outbound", "STOP": 35.0, "STOPNAME": "ISLETA @ ARENAL", "DAY_ON": 13.6838383838, "DAY_OFF": 6.9843434343400004, "DAY_TOT": 20.668181818200001, "LAT": 35.053652311699999, "LONG": -106.676184799 }, "geometry": { "type": "Point", "coordinates": [ -106.676184799102131, 35.053652311728392 ] } },
{ "type": "Feature", "properties": { "ROUTE": 53.0, "DAY": "WKDY", "DIR": "Outbound", "STOP": 36.0, "STOPNAME": "ISLETA @ MONTROSE PL", "DAY_ON": 0.44848484848999998, "DAY_OFF": 2.3797979798000002, "DAY_TOT": 2.8282828282799999, "LAT": 35.054427028100001, "LONG": -106.674105552 }, "geometry": { "type": "Point", "coordinates": [ -106.674105551627392, 35.054427028058356 ] } },
{ "type": "Feature", "properties": { "ROUTE": 53.0, "DAY": "WKDY", "DIR": "Outbound", "STOP": 37.0, "STOPNAME": "ISLETA @ LOPEZ", "DAY_ON": 5.0691919191899997, "DAY_OFF": 1.7621212121200001, "DAY_TOT": 6.83131313131, "LAT": 35.056147555800003, "LONG": -106.669204784 }, "geometry": { "type": "Point", "coordinates": [ -106.66920478367004, 35.056147555836155 ] } },
{ "type": "Feature", "properties": { "ROUTE": 53.0, "DAY": "WKDY", "DIR": "Outbound", "STOP": 38.0, "STOPNAME": "ISLETA @ HARDY", "DAY_ON": 3.5, "DAY_OFF": 1.08080808081, "DAY_TOT": 4.5808080808099998, "LAT": 35.061406493500002, "LONG": -106.667666013 }, "geometry": { "type": "Point", "coordinates": [ -106.667666012906835, 35.061406493546585 ] } },
{ "type": "Feature", "properties": { "ROUTE": 53.0, "DAY": "WKDY", "DIR": "Outbound", "STOP": 39.0, "STOPNAME": "ISLETA @ SUNBEAM", "DAY_ON": 0.57424242424000005, "DAY_OFF": 1.26060606061, "DAY_TOT": 1.83484848485, "LAT": 35.065489897299997, "LONG": -106.66732568 }, "geometry": { "type": "Point", "coordinates": [ -106.667325680134681, 35.065489897306406 ] } },
{ "type": "Feature", "properties": { "ROUTE": 53.0, "DAY": "WKDY", "DIR": "Outbound", "STOP": 40.0, "STOPNAME": "ISLETA @ BRIDGE", "DAY_ON": 0.82121212120999998, "DAY_OFF": 1.89242424242, "DAY_TOT": 2.71363636364, "LAT": 35.0666063591, "LONG": -106.667036065 }, "geometry": { "type": "Point", "coordinates": [ -106.667036065095388, 35.066606359147023 ] } },
{ "type": "Feature", "properties": { "ROUTE": 53.0, "DAY": "WKDY", "DIR": "Outbound", "STOP": 41.0, "STOPNAME": "BRIDGE @ ISLETA", "DAY_ON": 0.09090909091, "DAY_OFF": 0.17424242424, "DAY_TOT": 0.26515151515000002, "LAT": 35.068406402100003, "LONG": -106.666051057 }, "geometry": { "type": "Point", "coordinates": [ -106.666051056677887, 35.06840640207632 ] } },
{ "type": "Feature", "properties": { "ROUTE": 53.0, "DAY": "WKDY", "DIR": "Outbound", "STOP": 42.0, "STOPNAME": "BRIDGE @ LA VEGA", "DAY_ON": 4.551010101, "DAY_OFF": 2.7939393939400001, "DAY_TOT": 7.3449494949399998, "LAT": 35.069320824400002, "LONG": -106.663188209 }, "geometry": { "type": "Point", "coordinates": [ -106.663188209315365, 35.069320824354662 ] } },
{ "type": "Feature", "properties": { "ROUTE": 53.0, "DAY": "WKDY", "DIR": "Outbound", "STOP": 43.0, "STOPNAME": "8TH @ SUMPIER LN", "DAY_ON": 6.9095959595999998, "DAY_OFF": 6.1747474747500002, "DAY_TOT": 13.084343434299999, "LAT": 35.070790066800001, "LONG": -106.65634144400001 }, "geometry": { "type": "Point", "coordinates": [ -106.656341444163843, 35.070790066778898 ] } },
{ "type": "Feature", "properties": { "ROUTE": 53.0, "DAY": "WKDY", "DIR": "Outbound", "STOP": 44.0, "STOPNAME": "8TH @ CROMWELL", "DAY_ON": 0.43939393939, "DAY_OFF": 0.08333333333, "DAY_TOT": 0.52272727272999997, "LAT": 35.073821479800003, "LONG": -106.657127336 }, "geometry": { "type": "Point", "coordinates": [ -106.657127336139169, 35.073821479797985 ] } },
{ "type": "Feature", "properties": { "ROUTE": 53.0, "DAY": "WKDY", "DIR": "Outbound", "STOP": 45.0, "STOPNAME": "8TH @ SANTA FE", "DAY_ON": 0.94696969697, "DAY_OFF": 0.41666666667000002, "DAY_TOT": 1.36363636364, "LAT": 35.075880915, "LONG": -106.65735415499999 }, "geometry": { "type": "Point", "coordinates": [ -106.657354154882157, 35.075880914983173 ] } },
{ "type": "Feature", "properties": { "ROUTE": 53.0, "DAY": "WKDY", "DIR": "Outbound", "STOP": 46.0, "STOPNAME": "8TH @ ATLANTIC", "DAY_ON": 1.17121212121, "DAY_OFF": 1.1984848484799999, "DAY_TOT": 2.3696969697000001, "LAT": 35.077836927, "LONG": -106.657436641 }, "geometry": { "type": "Point", "coordinates": [ -106.657436641414122, 35.077836927048253 ] } },
{ "type": "Feature", "properties": { "ROUTE": 53.0, "DAY": "WKDY", "DIR": "Outbound", "STOP": 47.0, "STOPNAME": "8TH @ STOVER", "DAY_ON": 0.26515151515000002, "DAY_OFF": 1.11363636364, "DAY_TOT": 1.3787878787900001, "LAT": 35.0791255062, "LONG": -106.657419989 }, "geometry": { "type": "Point", "coordinates": [ -106.657419988776667, 35.079125506172844 ] } },
{ "type": "Feature", "properties": { "ROUTE": 53.0, "DAY": "WKDY", "DIR": "Outbound", "STOP": 48.0, "STOPNAME": "8TH @ COAL", "DAY_ON": 3.5777777777800002, "DAY_OFF": 5.7681818181800004, "DAY_TOT": 9.3459595959600001, "LAT": 35.080934769099997, "LONG": -106.657137507 }, "geometry": { "type": "Point", "coordinates": [ -106.657137507295161, 35.080934769079683 ] } },
{ "type": "Feature", "properties": { "ROUTE": 53.0, "DAY": "WKDY", "DIR": "Outbound", "STOP": 49.0, "STOPNAME": "6TH @ SILVER", "DAY_ON": 0.35606060606000001, "DAY_OFF": 3.4090909090900001, "DAY_TOT": 3.7651515151499999, "LAT": 35.082669685699997, "LONG": -106.65438205 }, "geometry": { "type": "Point", "coordinates": [ -106.654382049663297, 35.082669685746339 ] } },
{ "type": "Feature", "properties": { "ROUTE": 53.0, "DAY": "WKDY", "DIR": "Outbound", "STOP": 50.0, "STOPNAME": "GOLD @ 5TH", "DAY_ON": 0.92323232323000004, "DAY_OFF": 12.500505050499999, "DAY_TOT": 13.4237373737, "LAT": 35.083730216900001, "LONG": -106.653798451 }, "geometry": { "type": "Point", "coordinates": [ -106.653798451178474, 35.083730216891148 ] } },
{ "type": "Feature", "properties": { "ROUTE": 53.0, "DAY": "WKDY", "DIR": "Outbound", "STOP": 51.0, "STOPNAME": "A.T.C.", "DAY_ON": 0.0, "DAY_OFF": 118.496969697, "DAY_TOT": 118.496969697, "LAT": 35.083167662699999, "LONG": -106.64755265 }, "geometry": { "type": "Point", "coordinates": [ -106.647552649831653, 35.083167662738511 ] } },
{ "type": "Feature", "properties": { "ROUTE": 53.0, "DAY": "WKDY", "DIR": "Inbound", "STOP": 1.0, "STOPNAME": "A.T.C.", "DAY_ON": 119.063636364, "DAY_OFF": 0.08333333333, "DAY_TOT": 119.146969697, "LAT": 35.083167881500003, "LONG": -106.647592776 }, "geometry": { "type": "Point", "coordinates": [ -106.647592776292328, 35.083167881461684 ] } },
{ "type": "Feature", "properties": { "ROUTE": 53.0, "DAY": "WKDY", "DIR": "Inbound", "STOP": 2.0, "STOPNAME": "LEAD @ 5TH", "DAY_ON": 4.9757575757600003, "DAY_OFF": 1.4363636363600001, "DAY_TOT": 6.4121212121199997, "LAT": 35.081668631, "LONG": -106.652723478 }, "geometry": { "type": "Point", "coordinates": [ -106.652723477718382, 35.081668631016043 ] } },
{ "type": "Feature", "properties": { "ROUTE": 53.0, "DAY": "WKDY", "DIR": "Inbound", "STOP": 3.0, "STOPNAME": "8TH @ IRON", "DAY_ON": 5.2954545454500002, "DAY_OFF": 1.99242424242, "DAY_TOT": 7.2878787878800004, "LAT": 35.080203279899997, "LONG": -106.657259505 }, "geometry": { "type": "Point", "coordinates": [ -106.657259505347568, 35.0802032798574 ] } },
{ "type": "Feature", "properties": { "ROUTE": 53.0, "DAY": "WKDY", "DIR": "Inbound", "STOP": 4.0, "STOPNAME": "8TH @ ATLANTIC", "DAY_ON": 1.78636363636, "DAY_OFF": 1.4863636363599999, "DAY_TOT": 3.2727272727300001, "LAT": 35.077112045500002, "LONG": -106.657402854 }, "geometry": { "type": "Point", "coordinates": [ -106.657402853832423, 35.077112045454541 ] } },
{ "type": "Feature", "properties": { "ROUTE": 53.0, "DAY": "WKDY", "DIR": "Inbound", "STOP": 5.0, "STOPNAME": "8TH @ NUANES", "DAY_ON": 0.27424242424, "DAY_OFF": 2.13333333333, "DAY_TOT": 2.4075757575800001, "LAT": 35.0726912736, "LONG": -106.65678716399999 }, "geometry": { "type": "Point", "coordinates": [ -106.656787163992874, 35.072691273618538 ] } },
{ "type": "Feature", "properties": { "ROUTE": 53.0, "DAY": "WKDY", "DIR": "Inbound", "STOP": 6.0, "STOPNAME": "8TH @ BRIDGE", "DAY_ON": 0.82727272727000001, "DAY_OFF": 6.3424242424199999, "DAY_TOT": 7.1696969697000004, "LAT": 35.070684832399998, "LONG": -106.656327397 }, "geometry": { "type": "Point", "coordinates": [ -106.656327396613221, 35.070684832442062 ] } },
{ "type": "Feature", "properties": { "ROUTE": 53.0, "DAY": "WKDY", "DIR": "Inbound", "STOP": 7.0, "STOPNAME": "BRIDGE @ 8TH", "DAY_ON": 7.6590909090899997, "DAY_OFF": 1.9287878787899999, "DAY_TOT": 9.5878787878799994, "LAT": 35.070074235299998, "LONG": -106.65720944 }, "geometry": { "type": "Point", "coordinates": [ -106.6572094402852, 35.070074235294129 ] } },
{ "type": "Feature", "properties": { "ROUTE": 53.0, "DAY": "WKDY", "DIR": "Inbound", "STOP": 8.0, "STOPNAME": "BRIDGE @ LA VEGA", "DAY_ON": 1.4560606060600001, "DAY_OFF": 3.1303030303, "DAY_TOT": 4.5863636363599998, "LAT": 35.069493841400003, "LONG": -106.663112852 }, "geometry": { "type": "Point", "coordinates": [ -106.66311285204992, 35.069493841354721 ] } },
{ "type": "Feature", "properties": { "ROUTE": 53.0, "DAY": "WKDY", "DIR": "Inbound", "STOP": 9.0, "STOPNAME": "ISLETA @ BRIDGE", "DAY_ON": 2.7909090909100001, "DAY_OFF": 5.80606060606, "DAY_TOT": 8.5969696969699996, "LAT": 35.067372485699998, "LONG": -106.666773561 }, "geometry": { "type": "Point", "coordinates": [ -106.66677356060606, 35.067372485739746 ] } },
{ "type": "Feature", "properties": { "ROUTE": 53.0, "DAY": "WKDY", "DIR": "Inbound", "STOP": 10.0, "STOPNAME": "ISLETA @ SUNBEAM", "DAY_ON": 0.62121212121000002, "DAY_OFF": 0.09090909091, "DAY_TOT": 0.71212121212000001, "LAT": 35.065430858299997, "LONG": -106.667318898 }, "geometry": { "type": "Point", "coordinates": [ -106.667318897504472, 35.065430858288764 ] } },
{ "type": "Feature", "properties": { "ROUTE": 53.0, "DAY": "WKDY", "DIR": "Inbound", "STOP": 11.0, "STOPNAME": "ISLETA @ BLETCHER", "DAY_ON": 0.33333333332999998, "DAY_OFF": 5.2272727272699999, "DAY_TOT": 5.5606060606099996, "LAT": 35.061722183599997, "LONG": -106.66767930499999 }, "geometry": { "type": "Point", "coordinates": [ -106.66767930481285, 35.061722183600722 ] } },
{ "type": "Feature", "properties": { "ROUTE": 53.0, "DAY": "WKDY", "DIR": "Inbound", "STOP": 12.0, "STOPNAME": "ISLETA @ NASHVILLE", "DAY_ON": 0.37424242423999998, "DAY_OFF": 0.80303030303, "DAY_TOT": 1.1772727272700001, "LAT": 35.059434402900003, "LONG": -106.66784199200001 }, "geometry": { "type": "Point", "coordinates": [ -106.667841991978619, 35.059434402852048 ] } },
{ "type": "Feature", "properties": { "ROUTE": 53.0, "DAY": "WKDY", "DIR": "Inbound", "STOP": 13.0, "STOPNAME": "ISLETA @ LOPEZ", "DAY_ON": 0.52272727272999997, "DAY_OFF": 3.33434343434, "DAY_TOT": 3.8570707070700001, "LAT": 35.05583403, "LONG": -106.669975029 }, "geometry": { "type": "Point", "coordinates": [ -106.669975029114667, 35.05583403000594 ] } },
{ "type": "Feature", "properties": { "ROUTE": 53.0, "DAY": "WKDY", "DIR": "Inbound", "STOP": 14.0, "STOPNAME": "ISLETA @ GATEWOOD", "DAY_ON": 2.1969696969700001, "DAY_OFF": 1.65, "DAY_TOT": 3.84696969697, "LAT": 35.055461959900001, "LONG": -106.671557202 }, "geometry": { "type": "Point", "coordinates": [ -106.671557201723132, 35.055461959893066 ] } },
{ "type": "Feature", "properties": { "ROUTE": 53.0, "DAY": "WKDY", "DIR": "Inbound", "STOP": 15.0, "STOPNAME": "ISLETA @ SOLIZ COURT", "DAY_ON": 0.18181818182000001, "DAY_OFF": 5.2737373737400004, "DAY_TOT": 5.4555555555600002, "LAT": 35.054112719000003, "LONG": -106.675217975 }, "geometry": { "type": "Point", "coordinates": [ -106.675217975044575, 35.054112718954251 ] } },
{ "type": "Feature", "properties": { "ROUTE": 53.0, "DAY": "WKDY", "DIR": "Inbound", "STOP": 16.0, "STOPNAME": "ISLETA @ ARENAL", "DAY_ON": 11.293939393900001, "DAY_OFF": 12.0914141414, "DAY_TOT": 23.3853535354, "LAT": 35.052988854699997, "LONG": -106.677635337 }, "geometry": { "type": "Point", "coordinates": [ -106.677635336898391, 35.052988854723715 ] } },
{ "type": "Feature", "properties": { "ROUTE": 53.0, "DAY": "WKDY", "DIR": "Inbound", "STOP": 17.0, "STOPNAME": "ISLETA @ VALDORA", "DAY_ON": 1.93383838384, "DAY_OFF": 4.7065656565699996, "DAY_TOT": 6.6404040404, "LAT": 35.049507488099998, "LONG": -106.67822844 }, "geometry": { "type": "Point", "coordinates": [ -106.678228439988104, 35.049507488116468 ] } },
{ "type": "Feature", "properties": { "ROUTE": 53.0, "DAY": "WKDY", "DIR": "Inbound", "STOP": 18.0, "STOPNAME": "ISLETA @ STARUSTKA", "DAY_ON": 1.7621212121200001, "DAY_OFF": 3.60808080808, "DAY_TOT": 5.3702020201999998, "LAT": 35.046056219800001, "LONG": -106.678867981 }, "geometry": { "type": "Point", "coordinates": [ -106.678867980689233, 35.046056219845525 ] } },
{ "type": "Feature", "properties": { "ROUTE": 53.0, "DAY": "WKDY", "DIR": "Inbound", "STOP": 19.0, "STOPNAME": "ISLETA @ CENTRO FAMILIAR", "DAY_ON": 3.6828282828300001, "DAY_OFF": 6.7040404040399997, "DAY_TOT": 10.3868686869, "LAT": 35.044798717799999, "LONG": -106.67914023100001 }, "geometry": { "type": "Point", "coordinates": [ -106.679140231431958, 35.044798717765893 ] } },
{ "type": "Feature", "properties": { "ROUTE": 53.0, "DAY": "WKDY", "DIR": "Inbound", "STOP": 20.0, "STOPNAME": "ISLETA @ VALLEY", "DAY_ON": 0.82121212120999998, "DAY_OFF": 4.4257575757599996, "DAY_TOT": 5.2469696969699999, "LAT": 35.041015217800002, "LONG": -106.679503306 }, "geometry": { "type": "Point", "coordinates": [ -106.67950330600118, 35.041015217765896 ] } },
{ "type": "Feature", "properties": { "ROUTE": 53.0, "DAY": "WKDY", "DIR": "Inbound", "STOP": 21.0, "STOPNAME": "ISLETA @ BLAKE", "DAY_ON": 5.46919191919, "DAY_OFF": 5.4641414141400002, "DAY_TOT": 10.9333333333, "LAT": 35.037890673200003, "LONG": -106.67950861600001 }, "geometry": { "type": "Point", "coordinates": [ -106.679508616458676, 35.037890673202618 ] } },
{ "type": "Feature", "properties": { "ROUTE": 53.0, "DAY": "WKDY", "DIR": "Inbound", "STOP": 22.0, "STOPNAME": "ISLETA @ VAL VERDE", "DAY_ON": 1.1515151515199999, "DAY_OFF": 1.73232323232, "DAY_TOT": 2.8838383838400001, "LAT": 35.035211081699998, "LONG": -106.679513179 }, "geometry": { "type": "Point", "coordinates": [ -106.679513179144408, 35.035211081699352 ] } },
{ "type": "Feature", "properties": { "ROUTE": 53.0, "DAY": "WKDY", "DIR": "Inbound", "STOP": 23.0, "STOPNAME": "ISLETA @ SHADYSIDE", "DAY_ON": 0.9398989899, "DAY_OFF": 1.3838383838399999, "DAY_TOT": 2.3237373737399998, "LAT": 35.032712126299998, "LONG": -106.679559443 }, "geometry": { "type": "Point", "coordinates": [ -106.679559442959018, 35.032712126262624 ] } },
{ "type": "Feature", "properties": { "ROUTE": 53.0, "DAY": "WKDY", "DIR": "Inbound", "STOP": 24.0, "STOPNAME": "ISLETA @ BARCELONA", "DAY_ON": 0.36868686869, "DAY_OFF": 4.2449494949500002, "DAY_TOT": 4.6136363636400004, "LAT": 35.0303464076, "LONG": -106.679804856 }, "geometry": { "type": "Point", "coordinates": [ -106.679804856209159, 35.030346407605471 ] } },
{ "type": "Feature", "properties": { "ROUTE": 53.0, "DAY": "WKDY", "DIR": "Inbound", "STOP": 25.0, "STOPNAME": "ISLETA @ RIO BRAVO", "DAY_ON": 4.62070707071, "DAY_OFF": 27.4186868687, "DAY_TOT": 32.0393939394, "LAT": 35.028160194000002, "LONG": -106.680199316 }, "geometry": { "type": "Point", "coordinates": [ -106.680199315805112, 35.028160193998815 ] } },
{ "type": "Feature", "properties": { "ROUTE": 53.0, "DAY": "WKDY", "DIR": "Inbound", "STOP": 26.0, "STOPNAME": "ISLETA @ DEL SUR", "DAY_ON": 3.7015151515200002, "DAY_OFF": 10.9681818182, "DAY_TOT": 14.6696969697, "LAT": 35.025526195200001, "LONG": -106.68081507700001 }, "geometry": { "type": "Point", "coordinates": [ -106.680815076648855, 35.025526195187162 ] } },
{ "type": "Feature", "properties": { "ROUTE": 53.0, "DAY": "WKDY", "DIR": "Inbound", "STOP": 27.0, "STOPNAME": "ISLETA @ CLINTON", "DAY_ON": 3.6479797979800002, "DAY_OFF": 8.5126262626300004, "DAY_TOT": 12.160606060599999, "LAT": 35.022396370800003, "LONG": -106.68201029700001 }, "geometry": { "type": "Point", "coordinates": [ -106.68201029708851, 35.022396370766479 ] } },
{ "type": "Feature", "properties": { "ROUTE": 53.0, "DAY": "WKDY", "DIR": "Inbound", "STOP": 28.0, "STOPNAME": "ISLETA @ CAMINO DEL VALLE", "DAY_ON": 0.85252525253, "DAY_OFF": 3.7676767676799998, "DAY_TOT": 4.6202020201999998, "LAT": 35.018130767099997, "LONG": -106.683914702 }, "geometry": { "type": "Point", "coordinates": [ -106.683914701723097, 35.018130767082596 ] } },
{ "type": "Feature", "properties": { "ROUTE": 53.0, "DAY": "WKDY", "DIR": "Inbound", "STOP": 29.0, "STOPNAME": "ISLETA @ COTTRELL LANE", "DAY_ON": 0.18181818182000001, "DAY_OFF": 0.27424242424, "DAY_TOT": 0.45606060605999998, "LAT": 35.016362003600001, "LONG": -106.684753258 }, "geometry": { "type": "Point", "coordinates": [ -106.684753258169934, 35.016362003565057 ] } },
{ "type": "Feature", "properties": { "ROUTE": 53.0, "DAY": "WKDY", "DIR": "Inbound", "STOP": 30.0, "STOPNAME": "ISLETA @ LAKEVIEW", "DAY_ON": 0.08333333333, "DAY_OFF": 0.19090909091, "DAY_TOT": 0.27424242424, "LAT": 35.0146380642, "LONG": -106.685624653 }, "geometry": { "type": "Point", "coordinates": [ -106.68562465270351, 35.014638064171123 ] } },
{ "type": "Feature", "properties": { "ROUTE": 53.0, "DAY": "WKDY", "DIR": "Inbound", "STOP": 31.0, "STOPNAME": "ISLETA @ GUNCLUB", "DAY_ON": 0.0, "DAY_OFF": 1.3121212121200001, "DAY_TOT": 1.3121212121200001, "LAT": 35.011552683300003, "LONG": -106.68717180500001 }, "geometry": { "type": "Point", "coordinates": [ -106.687171805407019, 35.011552683303627 ] } },
{ "type": "Feature", "properties": { "ROUTE": 53.0, "DAY": "WKDY", "DIR": "Inbound", "STOP": 32.0, "STOPNAME": "ISLETA @ SUNSHINE", "DAY_ON": 0.28181818182000001, "DAY_OFF": 2.2666666666699999, "DAY_TOT": 2.5484848484799998, "LAT": 35.007290831299997, "LONG": -106.68884442 }, "geometry": { "type": "Point", "coordinates": [ -106.688844419786093, 35.007290831253719 ] } },
{ "type": "Feature", "properties": { "ROUTE": 53.0, "DAY": "WKDY", "DIR": "Inbound", "STOP": 33.0, "STOPNAME": "ISLETA @ MUNIZ", "DAY_ON": 0.0, "DAY_OFF": 2.6636363636399998, "DAY_TOT": 2.6636363636399998, "LAT": 35.000685601900003, "LONG": -106.691431537 }, "geometry": { "type": "Point", "coordinates": [ -106.691431536838991, 35.000685601901374 ] } },
{ "type": "Feature", "properties": { "ROUTE": 53.0, "DAY": "WKDY", "DIR": "Inbound", "STOP": 34.0, "STOPNAME": "ISLETA @ TORRES", "DAY_ON": 0.98636363636000002, "DAY_OFF": 1.57525252525, "DAY_TOT": 2.5616161616199999, "LAT": 34.996180512199999, "LONG": -106.69334582 }, "geometry": { "type": "Point", "coordinates": [ -106.693345819667258, 34.996180512180629 ] } },
{ "type": "Feature", "properties": { "ROUTE": 53.0, "DAY": "WKDY", "DIR": "Inbound", "STOP": 35.0, "STOPNAME": "ISLETA @ MAYFLOWER", "DAY_ON": 0.33333333332999998, "DAY_OFF": 3.3106060606100001, "DAY_TOT": 3.6439393939400002, "LAT": 34.994344430200002, "LONG": -106.69405795 }, "geometry": { "type": "Point", "coordinates": [ -106.694057950386224, 34.994344430184199 ] } },
{ "type": "Feature", "properties": { "ROUTE": 53.0, "DAY": "WKDY", "DIR": "Inbound", "STOP": 36.0, "STOPNAME": "ISLETA @ DON FELIPE", "DAY_ON": 0.25757575758000001, "DAY_OFF": 2.89898989899, "DAY_TOT": 3.1565656565700002, "LAT": 34.990297547200001, "LONG": -106.69536643799999 }, "geometry": { "type": "Point", "coordinates": [ -106.695366437908504, 34.990297547237098 ] } },
{ "type": "Feature", "properties": { "ROUTE": 53.0, "DAY": "WKDY", "DIR": "Inbound", "STOP": 37.0, "STOPNAME": "ISLETA @ PAJARITO", "DAY_ON": 0.37272727273, "DAY_OFF": 1.6984848484799999, "DAY_TOT": 2.0712121212099999, "LAT": 34.987023445299997, "LONG": -106.696411621 }, "geometry": { "type": "Point", "coordinates": [ -106.696411621212107, 34.987023445335701 ] } },
{ "type": "Feature", "properties": { "ROUTE": 53.0, "DAY": "WKDY", "DIR": "Inbound", "STOP": 38.0, "STOPNAME": "ISLETA @ MARGO", "DAY_ON": 0.0, "DAY_OFF": 1.14393939394, "DAY_TOT": 1.14393939394, "LAT": 34.983412768599997, "LONG": -106.696931988 }, "geometry": { "type": "Point", "coordinates": [ -106.696931988413553, 34.98341276856803 ] } },
{ "type": "Feature", "properties": { "ROUTE": 53.0, "DAY": "WKDY", "DIR": "Inbound", "STOP": 39.0, "STOPNAME": "ISLETA @ RAYMAC", "DAY_ON": 0.48535353534999998, "DAY_OFF": 2.6070707070700001, "DAY_TOT": 3.0924242424199999, "LAT": 34.977147216299997, "LONG": -106.696705357 }, "geometry": { "type": "Point", "coordinates": [ -106.696705357100413, 34.977147216280443 ] } },
{ "type": "Feature", "properties": { "ROUTE": 53.0, "DAY": "WKDY", "DIR": "Inbound", "STOP": 40.0, "STOPNAME": "ISLETA @ MARKHAM", "DAY_ON": 0.46363636364, "DAY_OFF": 2.3388888888900001, "DAY_TOT": 2.8025252525300002, "LAT": 34.973763170799998, "LONG": -106.696499909 }, "geometry": { "type": "Point", "coordinates": [ -106.696499909090903, 34.973763170825897 ] } },
{ "type": "Feature", "properties": { "ROUTE": 53.0, "DAY": "WKDY", "DIR": "Inbound", "STOP": 41.0, "STOPNAME": "ISLETA @ TAYLOR", "DAY_ON": 0.0, "DAY_OFF": 0.11111111111, "DAY_TOT": 0.11111111111, "LAT": 34.972342852899999, "LONG": -106.69628146 }, "geometry": { "type": "Point", "coordinates": [ -106.696281459893072, 34.972342852941175 ] } },
{ "type": "Feature", "properties": { "ROUTE": 53.0, "DAY": "WKDY", "DIR": "Inbound", "STOP": 42.0, "STOPNAME": "ISLETA @ CHERRY TREE", "DAY_ON": 0.0, "DAY_OFF": 0.09090909091, "DAY_TOT": 0.09090909091, "LAT": 34.969880939699998, "LONG": -106.69591327099999 }, "geometry": { "type": "Point", "coordinates": [ -106.695913270944743, 34.969880939691024 ] } },
{ "type": "Feature", "properties": { "ROUTE": 53.0, "DAY": "WKDY", "DIR": "Inbound", "STOP": 43.0, "STOPNAME": "ISLETA @ PAUL", "DAY_ON": 0.77424242424, "DAY_OFF": 3.4383838383800001, "DAY_TOT": 4.2126262626299997, "LAT": 34.964349098900001, "LONG": -106.69554350200001 }, "geometry": { "type": "Point", "coordinates": [ -106.695543501782538, 34.964349098930484 ] } },
{ "type": "Feature", "properties": { "ROUTE": 53.0, "DAY": "WKDY", "DIR": "Inbound", "STOP": 44.0, "STOPNAME": "ISLETA @ LUCHETTI", "DAY_ON": 0.55454545455000004, "DAY_OFF": 2.3535353535399999, "DAY_TOT": 2.9080808080799998, "LAT": 34.961757819100001, "LONG": -106.69571885000001 }, "geometry": { "type": "Point", "coordinates": [ -106.695718850267369, 34.961757819073064 ] } },
{ "type": "Feature", "properties": { "ROUTE": 53.0, "DAY": "WKDY", "DIR": "Inbound", "STOP": 45.0, "STOPNAME": "ISLETA @ CELESTE", "DAY_ON": 0.09090909091, "DAY_OFF": 1.5383838383799999, "DAY_TOT": 1.62929292929, "LAT": 34.959409528499997, "LONG": -106.695827933 }, "geometry": { "type": "Point", "coordinates": [ -106.695827932857981, 34.959409528520496 ] } },
{ "type": "Feature", "properties": { "ROUTE": 53.0, "DAY": "WKDY", "DIR": "Inbound", "STOP": 46.0, "STOPNAME": "ISLETA @ LOS PADILLAS", "DAY_ON": 0.0, "DAY_OFF": 2.3626262626300001, "DAY_TOT": 2.3626262626300001, "LAT": 34.957165228199997, "LONG": -106.69574121300001 }, "geometry": { "type": "Point", "coordinates": [ -106.695741213309589, 34.957165228164001 ] } },
{ "type": "Feature", "properties": { "ROUTE": 53.0, "DAY": "WKDY", "DIR": "Inbound", "STOP": 47.0, "STOPNAME": "ISLETA @ RAYS CT", "DAY_ON": 0.18181818182000001, "DAY_OFF": 2.8459595959600001, "DAY_TOT": 3.0277777777799999, "LAT": 34.953456053499998, "LONG": -106.695043833 }, "geometry": { "type": "Point", "coordinates": [ -106.695043833036252, 34.953456053475925 ] } },
{ "type": "Feature", "properties": { "ROUTE": 53.0, "DAY": "WKDY", "DIR": "Inbound", "STOP": 48.0, "STOPNAME": "ISLETA @ MALPAIS", "DAY_ON": 0.09090909091, "DAY_OFF": 14.601515151499999, "DAY_TOT": 14.6924242424, "LAT": 34.951484213599997, "LONG": -106.694382967 }, "geometry": { "type": "Point", "coordinates": [ -106.694382967023174, 34.951484213606662 ] } },
{ "type": "Feature", "properties": { "ROUTE": 54.0, "DAY": "WKDY", "DIR": "Outbound", "STOP": 1.0, "STOPNAME": "CUTC BAY F", "DAY_ON": 44.319191919200001, "DAY_OFF": 0.0, "DAY_TOT": 44.319191919200001, "LAT": 35.078495206200003, "LONG": -106.724708419 }, "geometry": { "type": "Point", "coordinates": [ -106.724708419489033, 35.078495206179447 ] } },
{ "type": "Feature", "properties": { "ROUTE": 54.0, "DAY": "WKDY", "DIR": "Outbound", "STOP": 2.0, "STOPNAME": "UNSER @ BRIDGE", "DAY_ON": 0.35, "DAY_OFF": 0.21111111111, "DAY_TOT": 0.56111111111, "LAT": 35.071107298999998, "LONG": -106.723410444 }, "geometry": { "type": "Point", "coordinates": [ -106.723410444444454, 35.071107299019602 ] } },
{ "type": "Feature", "properties": { "ROUTE": 54.0, "DAY": "WKDY", "DIR": "Outbound", "STOP": 3.0, "STOPNAME": "UNSER @ EUCARIZ", "DAY_ON": 0.08333333333, "DAY_OFF": 0.44444444443999997, "DAY_TOT": 0.52777777778000001, "LAT": 35.0671133791, "LONG": -106.72370463199999 }, "geometry": { "type": "Point", "coordinates": [ -106.723704632352934, 35.067113379084958 ] } },
{ "type": "Feature", "properties": { "ROUTE": 54.0, "DAY": "WKDY", "DIR": "Outbound", "STOP": 4.0, "STOPNAME": "TOWER @ 82ND", "DAY_ON": 0.38333333333000003, "DAY_OFF": 0.70555555556000005, "DAY_TOT": 1.0888888888899999, "LAT": 35.064143227099997, "LONG": -106.72650524300001 }, "geometry": { "type": "Point", "coordinates": [ -106.726505243464075, 35.064143227124191 ] } },
{ "type": "Feature", "properties": { "ROUTE": 54.0, "DAY": "WKDY", "DIR": "Outbound", "STOP": 5.0, "STOPNAME": "TOWER @ 86TH", "DAY_ON": 0.1, "DAY_OFF": 0.0, "DAY_TOT": 0.1, "LAT": 35.063690369299998, "LONG": -106.731264392 }, "geometry": { "type": "Point", "coordinates": [ -106.731264392156888, 35.063690369281055 ] } },
{ "type": "Feature", "properties": { "ROUTE": 54.0, "DAY": "WKDY", "DIR": "Outbound", "STOP": 6.0, "STOPNAME": "TOWER @ 90TH", "DAY_ON": 0.31111111111, "DAY_OFF": 2.15, "DAY_TOT": 2.4611111111100001, "LAT": 35.063405508199999, "LONG": -106.73449376000001 }, "geometry": { "type": "Point", "coordinates": [ -106.734493759803925, 35.063405508169929 ] } },
{ "type": "Feature", "properties": { "ROUTE": 54.0, "DAY": "WKDY", "DIR": "Outbound", "STOP": 7.0, "STOPNAME": "TOWER @ 94TH", "DAY_ON": 1.37777777778, "DAY_OFF": 1.1666666666700001, "DAY_TOT": 2.5444444444399998, "LAT": 35.0633045768, "LONG": -106.737994366 }, "geometry": { "type": "Point", "coordinates": [ -106.737994366013083, 35.063304576797385 ] } },
{ "type": "Feature", "properties": { "ROUTE": 54.0, "DAY": "WKDY", "DIR": "Outbound", "STOP": 8.0, "STOPNAME": "98TH @ TOWER", "DAY_ON": 1.9560606060600001, "DAY_OFF": 2.29646464646, "DAY_TOT": 4.2525252525299999, "LAT": 35.062890941799999, "LONG": -106.741628863 }, "geometry": { "type": "Point", "coordinates": [ -106.741628863339287, 35.062890941770654 ] } },
{ "type": "Feature", "properties": { "ROUTE": 54.0, "DAY": "WKDY", "DIR": "Outbound", "STOP": 9.0, "STOPNAME": "98TH @ WESTGATE PARK PLAZA", "DAY_ON": 2.0888888888900001, "DAY_OFF": 3.5742424242399999, "DAY_TOT": 5.6631313131300001, "LAT": 35.057393920099997, "LONG": -106.74125097300001 }, "geometry": { "type": "Point", "coordinates": [ -106.741250972964949, 35.057393920083186 ] } },
{ "type": "Feature", "properties": { "ROUTE": 54.0, "DAY": "WKDY", "DIR": "Outbound", "STOP": 10.0, "STOPNAME": "WESTGATE CC", "DAY_ON": 0.55202020202000002, "DAY_OFF": 2.28232323232, "DAY_TOT": 2.83434343434, "LAT": 35.055467278800002, "LONG": -106.74229431000001 }, "geometry": { "type": "Point", "coordinates": [ -106.742294310437714, 35.05546727878788 ] } },
{ "type": "Feature", "properties": { "ROUTE": 54.0, "DAY": "WKDY", "DIR": "Outbound", "STOP": 11.0, "STOPNAME": "98TH @ DE VARGAS", "DAY_ON": 2.4671717171699998, "DAY_OFF": 1.98888888889, "DAY_TOT": 4.4560606060600003, "LAT": 35.054962894500001, "LONG": -106.74074183 }, "geometry": { "type": "Point", "coordinates": [ -106.740741829768282, 35.054962894533581 ] } },
{ "type": "Feature", "properties": { "ROUTE": 54.0, "DAY": "WKDY", "DIR": "Outbound", "STOP": 12.0, "STOPNAME": "BENAVIDES @ 98TH", "DAY_ON": 3.6202020201999998, "DAY_OFF": 1.9055555555599999, "DAY_TOT": 5.5257575757600002, "LAT": 35.052273886800002, "LONG": -106.738583756 }, "geometry": { "type": "Point", "coordinates": [ -106.738583756090321, 35.052273886809274 ] } },
{ "type": "Feature", "properties": { "ROUTE": 54.0, "DAY": "WKDY", "DIR": "Outbound", "STOP": 13.0, "STOPNAME": "BENAVIDES @ 94TH", "DAY_ON": 0.3, "DAY_OFF": 0.4, "DAY_TOT": 0.7, "LAT": 35.052484537700003, "LONG": -106.73562459 }, "geometry": { "type": "Point", "coordinates": [ -106.735624590314913, 35.052484537730237 ] } },
{ "type": "Feature", "properties": { "ROUTE": 54.0, "DAY": "WKDY", "DIR": "Outbound", "STOP": 14.0, "STOPNAME": "86TH @ BENAVIDES", "DAY_ON": 2.6171717171700002, "DAY_OFF": 1.6666666666700001, "DAY_TOT": 4.28383838384, "LAT": 35.051652568900003, "LONG": -106.732481928 }, "geometry": { "type": "Point", "coordinates": [ -106.732481927510406, 35.051652568924546 ] } },
{ "type": "Feature", "properties": { "ROUTE": 54.0, "DAY": "WKDY", "DIR": "Outbound", "STOP": 15.0, "STOPNAME": "86TH ST. @ SAPPHIRE", "DAY_ON": 1.68181818182, "DAY_OFF": 0.54848484849000001, "DAY_TOT": 2.2303030303, "LAT": 35.0534039343, "LONG": -106.730137157 }, "geometry": { "type": "Point", "coordinates": [ -106.730137156565675, 35.053403934343429 ] } },
{ "type": "Feature", "properties": { "ROUTE": 54.0, "DAY": "WKDY", "DIR": "Outbound", "STOP": 16.0, "STOPNAME": "SAPPHIRE @ CORRIZ", "DAY_ON": 1.7186868686900001, "DAY_OFF": 0.71111111111000003, "DAY_TOT": 2.4297979798, "LAT": 35.053523096900001, "LONG": -106.727276305 }, "geometry": { "type": "Point", "coordinates": [ -106.727276305109925, 35.053523096850874 ] } },
{ "type": "Feature", "properties": { "ROUTE": 54.0, "DAY": "WKDY", "DIR": "Outbound", "STOP": 17.0, "STOPNAME": "SAPPHIRE @ 82ND STREET", "DAY_ON": 1.62777777778, "DAY_OFF": 0.2, "DAY_TOT": 1.8277777777799999, "LAT": 35.053453296500003, "LONG": -106.724871646 }, "geometry": { "type": "Point", "coordinates": [ -106.724871646464678, 35.053453296494354 ] } },
{ "type": "Feature", "properties": { "ROUTE": 54.0, "DAY": "WKDY", "DIR": "Outbound", "STOP": 18.0, "STOPNAME": "ARENAL @ UNSER", "DAY_ON": 2.9222222222199998, "DAY_OFF": 1.3277777777799999, "DAY_TOT": 4.25, "LAT": 35.052912625700003, "LONG": -106.720752941 }, "geometry": { "type": "Point", "coordinates": [ -106.720752941473563, 35.052912625668448 ] } },
{ "type": "Feature", "properties": { "ROUTE": 54.0, "DAY": "WKDY", "DIR": "Outbound", "STOP": 19.0, "STOPNAME": "ARENAL @ SECRET VALLEY", "DAY_ON": 4.3969696969700003, "DAY_OFF": 0.96161616161999997, "DAY_TOT": 5.3585858585899997, "LAT": 35.052457600700002, "LONG": -106.716946798 }, "geometry": { "type": "Point", "coordinates": [ -106.716946797979816, 35.052457600713012 ] } },
{ "type": "Feature", "properties": { "ROUTE": 54.0, "DAY": "WKDY", "DIR": "Outbound", "STOP": 20.0, "STOPNAME": "ARENAL @ TOM TENARIO PARK", "DAY_ON": 0.7, "DAY_OFF": 0.6595959596, "DAY_TOT": 1.3595959596, "LAT": 35.0518685125, "LONG": -106.71158892699999 }, "geometry": { "type": "Point", "coordinates": [ -106.711588927213313, 35.051868512477711 ] } },
{ "type": "Feature", "properties": { "ROUTE": 54.0, "DAY": "WKDY", "DIR": "Outbound", "STOP": 21.0, "STOPNAME": "COORS @ ARENAL", "DAY_ON": 4.9828282828299999, "DAY_OFF": 3.1297979798000002, "DAY_TOT": 8.1126262626300001, "LAT": 35.052145557899998, "LONG": -106.70707557 }, "geometry": { "type": "Point", "coordinates": [ -106.707075570409998, 35.052145557932263 ] } },
{ "type": "Feature", "properties": { "ROUTE": 54.0, "DAY": "WKDY", "DIR": "Outbound", "STOP": 22.0, "STOPNAME": "COORS @ OLD COORS", "DAY_ON": 3.1358585858599999, "DAY_OFF": 0.27424242424, "DAY_TOT": 3.4101010101, "LAT": 35.055423665500001, "LONG": -106.705735279 }, "geometry": { "type": "Point", "coordinates": [ -106.705735278966145, 35.055423665478322 ] } },
{ "type": "Feature", "properties": { "ROUTE": 54.0, "DAY": "WKDY", "DIR": "Outbound", "STOP": 23.0, "STOPNAME": "OLD COORS @ AMALIA", "DAY_ON": 0.65, "DAY_OFF": 0.28181818182000001, "DAY_TOT": 0.93181818181999998, "LAT": 35.058322768899998, "LONG": -106.704632601 }, "geometry": { "type": "Point", "coordinates": [ -106.70463260130721, 35.058322768865118 ] } },
{ "type": "Feature", "properties": { "ROUTE": 54.0, "DAY": "WKDY", "DIR": "Outbound", "STOP": 24.0, "STOPNAME": "OLD COORS @ SAN YGNACIO", "DAY_ON": 1.01262626263, "DAY_OFF": 0.11111111111, "DAY_TOT": 1.12373737374, "LAT": 35.063090629199998, "LONG": -106.70276232099999 }, "geometry": { "type": "Point", "coordinates": [ -106.702762320855626, 35.063090629233507 ] } },
{ "type": "Feature", "properties": { "ROUTE": 54.0, "DAY": "WKDY", "DIR": "Outbound", "STOP": 25.0, "STOPNAME": "BRIDGE @ OLD COORS", "DAY_ON": 8.2560606060600001, "DAY_OFF": 1.65, "DAY_TOT": 9.9060606060600005, "LAT": 35.067661838100001, "LONG": -106.70059713099999 }, "geometry": { "type": "Point", "coordinates": [ -106.700597131016025, 35.067661838086742 ] } },
{ "type": "Feature", "properties": { "ROUTE": 54.0, "DAY": "WKDY", "DIR": "Outbound", "STOP": 26.0, "STOPNAME": "BRIDGE @ ABO", "DAY_ON": 0.95, "DAY_OFF": 0.08333333333, "DAY_TOT": 1.0333333333300001, "LAT": 35.066936123600001, "LONG": -106.695873189 }, "geometry": { "type": "Point", "coordinates": [ -106.69587318924539, 35.066936123588832 ] } },
{ "type": "Feature", "properties": { "ROUTE": 54.0, "DAY": "WKDY", "DIR": "Outbound", "STOP": 27.0, "STOPNAME": "BRIDGE @ ATRISCO", "DAY_ON": 2.36515151515, "DAY_OFF": 1.15, "DAY_TOT": 3.5151515151499999, "LAT": 35.066109011599998, "LONG": -106.691274429 }, "geometry": { "type": "Point", "coordinates": [ -106.691274428698748, 35.066109011586455 ] } },
{ "type": "Feature", "properties": { "ROUTE": 54.0, "DAY": "WKDY", "DIR": "Outbound", "STOP": 28.0, "STOPNAME": "BRIDGE @ ANTHONY", "DAY_ON": 0.98939393938999998, "DAY_OFF": 0.39444444444, "DAY_TOT": 1.3838383838399999, "LAT": 35.065552845200003, "LONG": -106.68809061899999 }, "geometry": { "type": "Point", "coordinates": [ -106.688090619429587, 35.065552845216878 ] } },
{ "type": "Feature", "properties": { "ROUTE": 54.0, "DAY": "WKDY", "DIR": "Outbound", "STOP": 29.0, "STOPNAME": "BRIDGE @ PEAR", "DAY_ON": 1.0005050505099999, "DAY_OFF": 0.3, "DAY_TOT": 1.30050505051, "LAT": 35.065266245700002, "LONG": -106.685742276 }, "geometry": { "type": "Point", "coordinates": [ -106.685742275698146, 35.065266245692214 ] } },
{ "type": "Feature", "properties": { "ROUTE": 54.0, "DAY": "WKDY", "DIR": "Outbound", "STOP": 30.0, "STOPNAME": "BRIDGE @ GOFF", "DAY_ON": 5.3207070707100002, "DAY_OFF": 2.29646464646, "DAY_TOT": 7.6171717171699997, "LAT": 35.065010556700003, "LONG": -106.682379638 }, "geometry": { "type": "Point", "coordinates": [ -106.682379637551975, 35.065010556743907 ] } },
{ "type": "Feature", "properties": { "ROUTE": 54.0, "DAY": "WKDY", "DIR": "Outbound", "STOP": 31.0, "STOPNAME": "BRIDGE @ GOFF", "DAY_ON": 2.63333333333, "DAY_OFF": 0.29444444444000001, "DAY_TOT": 2.9277777777799998, "LAT": 35.065229131899997, "LONG": -106.680402405 }, "geometry": { "type": "Point", "coordinates": [ -106.680402404931669, 35.065229131907309 ] } },
{ "type": "Feature", "properties": { "ROUTE": 54.0, "DAY": "WKDY", "DIR": "Outbound", "STOP": 32.0, "STOPNAME": "BRIDGE @ GATEWOOD", "DAY_ON": 0.52222222222000003, "DAY_OFF": 3.22878787879, "DAY_TOT": 3.7510101010099999, "LAT": 35.065716756400001, "LONG": -106.67781541700001 }, "geometry": { "type": "Point", "coordinates": [ -106.677815417409406, 35.06571675638741 ] } },
{ "type": "Feature", "properties": { "ROUTE": 54.0, "DAY": "WKDY", "DIR": "Outbound", "STOP": 33.0, "STOPNAME": "BRIDGE @ SUNSET", "DAY_ON": 17.1353535354, "DAY_OFF": 7.8434343434300002, "DAY_TOT": 24.978787878799999, "LAT": 35.066575617600002, "LONG": -106.67394836299999 }, "geometry": { "type": "Point", "coordinates": [ -106.6739483630422, 35.066575617647061 ] } },
{ "type": "Feature", "properties": { "ROUTE": 54.0, "DAY": "WKDY", "DIR": "Outbound", "STOP": 34.0, "STOPNAME": "BRIDGE @ SAAVEDRA", "DAY_ON": 0.0, "DAY_OFF": 0.63888888888999995, "DAY_TOT": 0.63888888888999995, "LAT": 35.067353294999997, "LONG": -106.670563481 }, "geometry": { "type": "Point", "coordinates": [ -106.670563480689239, 35.067353295008907 ] } },
{ "type": "Feature", "properties": { "ROUTE": 54.0, "DAY": "WKDY", "DIR": "Outbound", "STOP": 35.0, "STOPNAME": "BRIDGE @ ISLETA", "DAY_ON": 0.0, "DAY_OFF": 0.87222222222000001, "DAY_TOT": 0.87222222222000001, "LAT": 35.068482082899997, "LONG": -106.666157239 }, "geometry": { "type": "Point", "coordinates": [ -106.666157239453355, 35.068482082887712 ] } },
{ "type": "Feature", "properties": { "ROUTE": 54.0, "DAY": "WKDY", "DIR": "Outbound", "STOP": 36.0, "STOPNAME": "BRIDGE @ LA VEGA", "DAY_ON": 5.9318181818199998, "DAY_OFF": 4.1287878787899999, "DAY_TOT": 10.0606060606, "LAT": 35.069322385, "LONG": -106.663162791 }, "geometry": { "type": "Point", "coordinates": [ -106.663162791146775, 35.069322385026737 ] } },
{ "type": "Feature", "properties": { "ROUTE": 54.0, "DAY": "WKDY", "DIR": "Outbound", "STOP": 37.0, "STOPNAME": "4TH @ BRIDGE", "DAY_ON": 3.0171717171700001, "DAY_OFF": 8.7282828282799994, "DAY_TOT": 11.745454545499999, "LAT": 35.070669055000003, "LONG": -106.654382228 }, "geometry": { "type": "Point", "coordinates": [ -106.654382227569812, 35.070669054961371 ] } },
{ "type": "Feature", "properties": { "ROUTE": 54.0, "DAY": "WKDY", "DIR": "Outbound", "STOP": 38.0, "STOPNAME": "4TH @ BARELAS", "DAY_ON": 2.8444444444400001, "DAY_OFF": 0.81666666667, "DAY_TOT": 3.6611111111099999, "LAT": 35.072465725800001, "LONG": -106.653966103 }, "geometry": { "type": "Point", "coordinates": [ -106.653966103089729, 35.072465725787275 ] } },
{ "type": "Feature", "properties": { "ROUTE": 54.0, "DAY": "WKDY", "DIR": "Outbound", "STOP": 39.0, "STOPNAME": "4TH @ SANTA FE", "DAY_ON": 3.7813131313100001, "DAY_OFF": 0.51313131313000004, "DAY_TOT": 4.2944444444399998, "LAT": 35.075996077799999, "LONG": -106.653265344 }, "geometry": { "type": "Point", "coordinates": [ -106.653265343731448, 35.07599607783721 ] } },
{ "type": "Feature", "properties": { "ROUTE": 54.0, "DAY": "WKDY", "DIR": "Outbound", "STOP": 40.0, "STOPNAME": "4TH @ STOVER", "DAY_ON": 1.6666666666700001, "DAY_OFF": 1.7909090909100001, "DAY_TOT": 3.4575757575799999, "LAT": 35.078555670500002, "LONG": -106.6527854 }, "geometry": { "type": "Point", "coordinates": [ -106.652785400475324, 35.078555670528822 ] } },
{ "type": "Feature", "properties": { "ROUTE": 54.0, "DAY": "WKDY", "DIR": "Outbound", "STOP": 41.0, "STOPNAME": "4TH @ IRON", "DAY_ON": 0.0, "DAY_OFF": 0.8095959596, "DAY_TOT": 0.8095959596, "LAT": 35.079949679099997, "LONG": -106.65252462 }, "geometry": { "type": "Point", "coordinates": [ -106.652524620023755, 35.079949679144391 ] } },
{ "type": "Feature", "properties": { "ROUTE": 54.0, "DAY": "WKDY", "DIR": "Outbound", "STOP": 42.0, "STOPNAME": "LEAD @ 5TH", "DAY_ON": 0.1, "DAY_OFF": 3.9287878787900001, "DAY_TOT": 4.0287878787900002, "LAT": 35.081638834800003, "LONG": -106.65285497399999 }, "geometry": { "type": "Point", "coordinates": [ -106.652854974153286, 35.081638834818776 ] } },
{ "type": "Feature", "properties": { "ROUTE": 54.0, "DAY": "WKDY", "DIR": "Outbound", "STOP": 43.0, "STOPNAME": "6TH @ SILVER", "DAY_ON": 0.93333333333000001, "DAY_OFF": 0.69494949495000002, "DAY_TOT": 1.6282828282799999, "LAT": 35.082668472400002, "LONG": -106.654371168 }, "geometry": { "type": "Point", "coordinates": [ -106.654371168449231, 35.082668472370763 ] } },
{ "type": "Feature", "properties": { "ROUTE": 54.0, "DAY": "WKDY", "DIR": "Outbound", "STOP": 44.0, "STOPNAME": "GOLD @ 5TH", "DAY_ON": 1.2075757575799999, "DAY_OFF": 4.8101010101000004, "DAY_TOT": 6.0176767676800003, "LAT": 35.083681892199998, "LONG": -106.653707459 }, "geometry": { "type": "Point", "coordinates": [ -106.653707459298886, 35.083681892156861 ] } },
{ "type": "Feature", "properties": { "ROUTE": 54.0, "DAY": "WKDY", "DIR": "Outbound", "STOP": 45.0, "STOPNAME": "A.T.C.", "DAY_ON": 0.0, "DAY_OFF": 81.15, "DAY_TOT": 81.15, "LAT": 35.082982313700001, "LONG": -106.64775549300001 }, "geometry": { "type": "Point", "coordinates": [ -106.647755493464061, 35.082982313725488 ] } },
{ "type": "Feature", "properties": { "ROUTE": 54.0, "DAY": "WKDY", "DIR": "Inbound", "STOP": 1.0, "STOPNAME": "A.T.C.", "DAY_ON": 81.438888888899996, "DAY_OFF": 0.0, "DAY_TOT": 81.438888888899996, "LAT": 35.082998765399999, "LONG": -106.64781613 }, "geometry": { "type": "Point", "coordinates": [ -106.647816129629632, 35.082998765432102 ] } },
{ "type": "Feature", "properties": { "ROUTE": 54.0, "DAY": "WKDY", "DIR": "Inbound", "STOP": 2.0, "STOPNAME": "4TH @ STOVER", "DAY_ON": 4.4777777777800001, "DAY_OFF": 4.48888888889, "DAY_TOT": 8.9666666666699992, "LAT": 35.078426743800001, "LONG": -106.652803151 }, "geometry": { "type": "Point", "coordinates": [ -106.652803151234579, 35.078426743827173 ] } },
{ "type": "Feature", "properties": { "ROUTE": 54.0, "DAY": "WKDY", "DIR": "Inbound", "STOP": 3.0, "STOPNAME": "4TH @ SANTA FE", "DAY_ON": 0.1, "DAY_OFF": 3.8388888888900001, "DAY_TOT": 3.9388888888900002, "LAT": 35.075633756199998, "LONG": -106.65333283 }, "geometry": { "type": "Point", "coordinates": [ -106.65333283024691, 35.075633756172834 ] } },
{ "type": "Feature", "properties": { "ROUTE": 54.0, "DAY": "WKDY", "DIR": "Inbound", "STOP": 4.0, "STOPNAME": "4TH @ CROMWELL", "DAY_ON": 0.41111111110999998, "DAY_OFF": 1.11666666667, "DAY_TOT": 1.5277777777799999, "LAT": 35.0737632222, "LONG": -106.653688321 }, "geometry": { "type": "Point", "coordinates": [ -106.653688320987669, 35.073763222222226 ] } },
{ "type": "Feature", "properties": { "ROUTE": 54.0, "DAY": "WKDY", "DIR": "Inbound", "STOP": 5.0, "STOPNAME": "4TH STREET @ BARELAS", "DAY_ON": 2.2166666666700001, "DAY_OFF": 4.0166666666699999, "DAY_TOT": 6.2333333333300001, "LAT": 35.071969842599998, "LONG": -106.65404249700001 }, "geometry": { "type": "Point", "coordinates": [ -106.65404249691359, 35.071969842592594 ] } },
{ "type": "Feature", "properties": { "ROUTE": 54.0, "DAY": "WKDY", "DIR": "Inbound", "STOP": 6.0, "STOPNAME": "BRIDGE @ 8TH", "DAY_ON": 10.0888888889, "DAY_OFF": 3.9444444444400002, "DAY_TOT": 14.0333333333, "LAT": 35.070046351899997, "LONG": -106.65719160499999 }, "geometry": { "type": "Point", "coordinates": [ -106.657191604938262, 35.070046351851857 ] } },
{ "type": "Feature", "properties": { "ROUTE": 54.0, "DAY": "WKDY", "DIR": "Inbound", "STOP": 7.0, "STOPNAME": "BRIDGE @ LA VEGA", "DAY_ON": 1.8944444444399999, "DAY_OFF": 3.65, "DAY_TOT": 5.5444444444399998, "LAT": 35.069497753100002, "LONG": -106.66310882099999 }, "geometry": { "type": "Point", "coordinates": [ -106.663108820987645, 35.069497753086424 ] } },
{ "type": "Feature", "properties": { "ROUTE": 54.0, "DAY": "WKDY", "DIR": "Inbound", "STOP": 8.0, "STOPNAME": "BRIDGE @ HARTLINE", "DAY_ON": 0.0, "DAY_OFF": 0.2, "DAY_TOT": 0.2, "LAT": 35.0678768549, "LONG": -106.66846107400001 }, "geometry": { "type": "Point", "coordinates": [ -106.66846107407406, 35.06787685493827 ] } },
{ "type": "Feature", "properties": { "ROUTE": 54.0, "DAY": "WKDY", "DIR": "Inbound", "STOP": 9.0, "STOPNAME": "BRIDGE @ YOUNG AVENUE", "DAY_ON": 0.69444444443999997, "DAY_OFF": 1.8444444444400001, "DAY_TOT": 2.5388888888899999, "LAT": 35.067363453699997, "LONG": -106.670803463 }, "geometry": { "type": "Point", "coordinates": [ -106.670803462962965, 35.067363453703706 ] } },
{ "type": "Feature", "properties": { "ROUTE": 54.0, "DAY": "WKDY", "DIR": "Inbound", "STOP": 10.0, "STOPNAME": "BRIDGE @ SUNSET RD", "DAY_ON": 8.8333333333299997, "DAY_OFF": 17.916666666699999, "DAY_TOT": 26.75, "LAT": 35.0663261543, "LONG": -106.675670907 }, "geometry": { "type": "Point", "coordinates": [ -106.675670907407394, 35.066326154320983 ] } },
{ "type": "Feature", "properties": { "ROUTE": 54.0, "DAY": "WKDY", "DIR": "Inbound", "STOP": 11.0, "STOPNAME": "BRIDGE @ GATEWOOD", "DAY_ON": 0.18333333333, "DAY_OFF": 0.2, "DAY_TOT": 0.38333333333000003, "LAT": 35.065768867300001, "LONG": -106.678096219 }, "geometry": { "type": "Point", "coordinates": [ -106.678096219135796, 35.065768867283943 ] } },
{ "type": "Feature", "properties": { "ROUTE": 54.0, "DAY": "WKDY", "DIR": "Inbound", "STOP": 12.0, "STOPNAME": "BRIDGE @ GOFF", "DAY_ON": 4.76111111111, "DAY_OFF": 6.4222222222200003, "DAY_TOT": 11.1833333333, "LAT": 35.065247925900003, "LONG": -106.68093559899999 }, "geometry": { "type": "Point", "coordinates": [ -106.68093559876543, 35.065247925925945 ] } },
{ "type": "Feature", "properties": { "ROUTE": 54.0, "DAY": "WKDY", "DIR": "Inbound", "STOP": 13.0, "STOPNAME": "BRIDGE @ GOFF", "DAY_ON": 0.86111111111000005, "DAY_OFF": 1.7666666666699999, "DAY_TOT": 2.62777777778, "LAT": 35.065199536999998, "LONG": -106.682707386 }, "geometry": { "type": "Point", "coordinates": [ -106.682707385802473, 35.065199537037032 ] } },
{ "type": "Feature", "properties": { "ROUTE": 54.0, "DAY": "WKDY", "DIR": "Inbound", "STOP": 14.0, "STOPNAME": "BRIDGE @ PEAR", "DAY_ON": 0.28333333333, "DAY_OFF": 0.69444444443999997, "DAY_TOT": 0.97777777777999997, "LAT": 35.065378351900002, "LONG": -106.685914481 }, "geometry": { "type": "Point", "coordinates": [ -106.68591448148149, 35.065378351851855 ] } },
{ "type": "Feature", "properties": { "ROUTE": 54.0, "DAY": "WKDY", "DIR": "Inbound", "STOP": 15.0, "STOPNAME": "BRIDGE @ ANTHONY", "DAY_ON": 0.16666666667, "DAY_OFF": 1.15, "DAY_TOT": 1.31666666667, "LAT": 35.065676021599998, "LONG": -106.688085488 }, "geometry": { "type": "Point", "coordinates": [ -106.688085487654305, 35.065676021604951 ] } },
{ "type": "Feature", "properties": { "ROUTE": 54.0, "DAY": "WKDY", "DIR": "Inbound", "STOP": 16.0, "STOPNAME": "BRIDGE @ ATRISCO", "DAY_ON": 0.95, "DAY_OFF": 0.91666666666999996, "DAY_TOT": 1.86666666667, "LAT": 35.066433484599997, "LONG": -106.692515972 }, "geometry": { "type": "Point", "coordinates": [ -106.692515972222239, 35.066433484567902 ] } },
{ "type": "Feature", "properties": { "ROUTE": 54.0, "DAY": "WKDY", "DIR": "Inbound", "STOP": 17.0, "STOPNAME": "BRIDGE @ ABO", "DAY_ON": 0.0, "DAY_OFF": 1.18333333333, "DAY_TOT": 1.18333333333, "LAT": 35.067041910500002, "LONG": -106.695948358 }, "geometry": { "type": "Point", "coordinates": [ -106.69594835802468, 35.067041910493828 ] } },
{ "type": "Feature", "properties": { "ROUTE": 54.0, "DAY": "WKDY", "DIR": "Inbound", "STOP": 18.0, "STOPNAME": "BRIDGE @ FOOTHILL", "DAY_ON": 0.1, "DAY_OFF": 0.95, "DAY_TOT": 1.05, "LAT": 35.067502077199997, "LONG": -106.69875448499999 }, "geometry": { "type": "Point", "coordinates": [ -106.698754484567914, 35.067502077160491 ] } },
{ "type": "Feature", "properties": { "ROUTE": 54.0, "DAY": "WKDY", "DIR": "Inbound", "STOP": 19.0, "STOPNAME": "OLD COORS @ BRIDGE", "DAY_ON": 1.61111111111, "DAY_OFF": 5.0444444444399998, "DAY_TOT": 6.6555555555600003, "LAT": 35.067370410499997, "LONG": -106.701002358 }, "geometry": { "type": "Point", "coordinates": [ -106.701002358024709, 35.067370410493815 ] } },
{ "type": "Feature", "properties": { "ROUTE": 54.0, "DAY": "WKDY", "DIR": "Inbound", "STOP": 20.0, "STOPNAME": "OLD COORS @ SAN YGNACIO", "DAY_ON": 0.28333333333, "DAY_OFF": 1.3277777777799999, "DAY_TOT": 1.61111111111, "LAT": 35.062926583299998, "LONG": -106.702991336 }, "geometry": { "type": "Point", "coordinates": [ -106.702991336419757, 35.062926583333336 ] } },
{ "type": "Feature", "properties": { "ROUTE": 54.0, "DAY": "WKDY", "DIR": "Inbound", "STOP": 21.0, "STOPNAME": "OLD COORS @ AMALIA", "DAY_ON": 0.39444444444, "DAY_OFF": 2.5166666666699999, "DAY_TOT": 2.9111111111099999, "LAT": 35.058233780899997, "LONG": -106.704801065 }, "geometry": { "type": "Point", "coordinates": [ -106.704801064814816, 35.058233780864192 ] } },
{ "type": "Feature", "properties": { "ROUTE": 54.0, "DAY": "WKDY", "DIR": "Inbound", "STOP": 22.0, "STOPNAME": "COORS @ EDUARDO", "DAY_ON": 1.0222222222199999, "DAY_OFF": 3.2111111111100001, "DAY_TOT": 4.2333333333300001, "LAT": 35.055681425899998, "LONG": -106.70586912 }, "geometry": { "type": "Point", "coordinates": [ -106.70586912037038, 35.05568142592594 ] } },
{ "type": "Feature", "properties": { "ROUTE": 54.0, "DAY": "WKDY", "DIR": "Inbound", "STOP": 23.0, "STOPNAME": "COORS @ ARENAL", "DAY_ON": 2.23888888889, "DAY_OFF": 4.0833333333299997, "DAY_TOT": 6.3222222222199997, "LAT": 35.052685537000002, "LONG": -106.706928815 }, "geometry": { "type": "Point", "coordinates": [ -106.706928814814816, 35.052685537037036 ] } },
{ "type": "Feature", "properties": { "ROUTE": 54.0, "DAY": "WKDY", "DIR": "Inbound", "STOP": 24.0, "STOPNAME": "ARENAL @ COORS", "DAY_ON": 1.4833333333300001, "DAY_OFF": 1.36666666667, "DAY_TOT": 2.85, "LAT": 35.051734021599998, "LONG": -106.709555818 }, "geometry": { "type": "Point", "coordinates": [ -106.709555817901233, 35.051734021604915 ] } },
{ "type": "Feature", "properties": { "ROUTE": 54.0, "DAY": "WKDY", "DIR": "Inbound", "STOP": 25.0, "STOPNAME": "ARENAL @ SECRET VALLEY", "DAY_ON": 0.87777777778, "DAY_OFF": 2.74444444444, "DAY_TOT": 3.62222222222, "LAT": 35.052749104900002, "LONG": -106.717660657 }, "geometry": { "type": "Point", "coordinates": [ -106.717660657407421, 35.052749104938272 ] } },
{ "type": "Feature", "properties": { "ROUTE": 54.0, "DAY": "WKDY", "DIR": "Inbound", "STOP": 26.0, "STOPNAME": "ARENAL @ FOX HILL", "DAY_ON": 1.4555555555599999, "DAY_OFF": 3.2777777777799999, "DAY_TOT": 4.7333333333300001, "LAT": 35.053061407400001, "LONG": -106.72035365399999 }, "geometry": { "type": "Point", "coordinates": [ -106.720353654320988, 35.053061407407419 ] } },
{ "type": "Feature", "properties": { "ROUTE": 54.0, "DAY": "WKDY", "DIR": "Inbound", "STOP": 27.0, "STOPNAME": "SAPPHIRE @ ZIRCON", "DAY_ON": 1.0944444444400001, "DAY_OFF": 1.3277777777799999, "DAY_TOT": 2.4222222222199998, "LAT": 35.053467280900001, "LONG": -106.724321812 }, "geometry": { "type": "Point", "coordinates": [ -106.724321811728416, 35.05346728086419 ] } },
{ "type": "Feature", "properties": { "ROUTE": 54.0, "DAY": "WKDY", "DIR": "Inbound", "STOP": 28.0, "STOPNAME": "SAPPHIRE @ LUCRETIA", "DAY_ON": 0.78888888888999997, "DAY_OFF": 1.7111111111099999, "DAY_TOT": 2.5, "LAT": 35.053568984599998, "LONG": -106.727734269 }, "geometry": { "type": "Point", "coordinates": [ -106.727734268518518, 35.053568984567896 ] } },
{ "type": "Feature", "properties": { "ROUTE": 54.0, "DAY": "WKDY", "DIR": "Inbound", "STOP": 29.0, "STOPNAME": "86TH ST. @ SAPPHIRE", "DAY_ON": 0.50555555555999998, "DAY_OFF": 1.2944444444400001, "DAY_TOT": 1.8, "LAT": 35.053522395100003, "LONG": -106.729922262 }, "geometry": { "type": "Point", "coordinates": [ -106.729922262345667, 35.053522395061734 ] } },
{ "type": "Feature", "properties": { "ROUTE": 54.0, "DAY": "WKDY", "DIR": "Inbound", "STOP": 30.0, "STOPNAME": "86TH @ BENAVIDES", "DAY_ON": 1.5166666666699999, "DAY_OFF": 2.6555555555599999, "DAY_TOT": 4.1722222222200003, "LAT": 35.051507015399999, "LONG": -106.73266412300001 }, "geometry": { "type": "Point", "coordinates": [ -106.7326641234568, 35.051507015432101 ] } },
{ "type": "Feature", "properties": { "ROUTE": 54.0, "DAY": "WKDY", "DIR": "Inbound", "STOP": 31.0, "STOPNAME": "BENAVIDES @ 94TH", "DAY_ON": 1.15, "DAY_OFF": 6.1666666666700003, "DAY_TOT": 7.3166666666699998, "LAT": 35.052464716000003, "LONG": -106.735977136 }, "geometry": { "type": "Point", "coordinates": [ -106.735977135802443, 35.052464716049386 ] } },
{ "type": "Feature", "properties": { "ROUTE": 54.0, "DAY": "WKDY", "DIR": "Inbound", "STOP": 32.0, "STOPNAME": "BENAVIDES @ JENARO", "DAY_ON": 1.49444444444, "DAY_OFF": 4.7429292929300004, "DAY_TOT": 6.2373737373699996, "LAT": 35.052265113600001, "LONG": -106.741938701 }, "geometry": { "type": "Point", "coordinates": [ -106.741938700897876, 35.052265113636373 ] } },
{ "type": "Feature", "properties": { "ROUTE": 54.0, "DAY": "WKDY", "DIR": "Inbound", "STOP": 33.0, "STOPNAME": "BENAVIDES @ DEL MASTRO", "DAY_ON": 3.11515151515, "DAY_OFF": 1.6631313131300001, "DAY_TOT": 4.7782828282800001, "LAT": 35.052249687100002, "LONG": -106.74517748300001 }, "geometry": { "type": "Point", "coordinates": [ -106.745177482884415, 35.052249687149271 ] } },
{ "type": "Feature", "properties": { "ROUTE": 54.0, "DAY": "WKDY", "DIR": "Inbound", "STOP": 34.0, "STOPNAME": "BENAVIDES @ DEL REY", "DAY_ON": 0.0, "DAY_OFF": 0.44444444443999997, "DAY_TOT": 0.44444444443999997, "LAT": 35.050173146699997, "LONG": -106.749032675 }, "geometry": { "type": "Point", "coordinates": [ -106.749032675084152, 35.05017314674523 ] } },
{ "type": "Feature", "properties": { "ROUTE": 54.0, "DAY": "WKDY", "DIR": "Inbound", "STOP": 35.0, "STOPNAME": "BENAVIDES @ DELGADO", "DAY_ON": 3.08434343434, "DAY_OFF": 3.6676767676800002, "DAY_TOT": 6.7520202020199998, "LAT": 35.049879829399998, "LONG": -106.751592344 }, "geometry": { "type": "Point", "coordinates": [ -106.751592343995497, 35.049879829405164 ] } },
{ "type": "Feature", "properties": { "ROUTE": 54.0, "DAY": "WKDY", "DIR": "Inbound", "STOP": 36.0, "STOPNAME": "DELGADO @ CANYON TR", "DAY_ON": 0.21111111111, "DAY_OFF": 0.76666666667000005, "DAY_TOT": 0.97777777777999997, "LAT": 35.048038310599999, "LONG": -106.75207714299999 }, "geometry": { "type": "Point", "coordinates": [ -106.752077143097637, 35.04803831060606 ] } },
{ "type": "Feature", "properties": { "ROUTE": 54.0, "DAY": "WKDY", "DIR": "Inbound", "STOP": 37.0, "STOPNAME": "RIO PUERCO @ DELGADO", "DAY_ON": 1.3727272727299999, "DAY_OFF": 2.7722222222199999, "DAY_TOT": 4.1449494949499996, "LAT": 35.046322939699998, "LONG": -106.751340941 }, "geometry": { "type": "Point", "coordinates": [ -106.751340940796879, 35.046322939674525 ] } },
{ "type": "Feature", "properties": { "ROUTE": 54.0, "DAY": "WKDY", "DIR": "Inbound", "STOP": 38.0, "STOPNAME": "RIO PUERCO @ CATALINA", "DAY_ON": 0.3, "DAY_OFF": 0.0, "DAY_TOT": 0.3, "LAT": 35.046994600700003, "LONG": -106.749622238 }, "geometry": { "type": "Point", "coordinates": [ -106.749622237934901, 35.046994600729519 ] } },
{ "type": "Feature", "properties": { "ROUTE": 54.0, "DAY": "WKDY", "DIR": "Inbound", "STOP": 39.0, "STOPNAME": "RIO PUERCO @ TOVAR PL", "DAY_ON": 0.70555555556000005, "DAY_OFF": 0.3, "DAY_TOT": 1.00555555556, "LAT": 35.0477833948, "LONG": -106.748062753 }, "geometry": { "type": "Point", "coordinates": [ -106.748062753086415, 35.047783394781142 ] } },
{ "type": "Feature", "properties": { "ROUTE": 54.0, "DAY": "WKDY", "DIR": "Inbound", "STOP": 40.0, "STOPNAME": "RIO PUERCO @ DEL REY", "DAY_ON": 0.58535353535000001, "DAY_OFF": 0.64444444444000004, "DAY_TOT": 1.2297979798000001, "LAT": 35.048960087300003, "LONG": -106.74689262 }, "geometry": { "type": "Point", "coordinates": [ -106.746892619528623, 35.048960087261506 ] } },
{ "type": "Feature", "properties": { "ROUTE": 54.0, "DAY": "WKDY", "DIR": "Inbound", "STOP": 41.0, "STOPNAME": "DEL MASTRO @ DEL REY", "DAY_ON": 0.67222222222000005, "DAY_OFF": 0.21111111111, "DAY_TOT": 0.88333333332999997, "LAT": 35.049433258699999, "LONG": -106.746183484 }, "geometry": { "type": "Point", "coordinates": [ -106.746183484006707, 35.049433258698102 ] } },
{ "type": "Feature", "properties": { "ROUTE": 54.0, "DAY": "WKDY", "DIR": "Inbound", "STOP": 42.0, "STOPNAME": "DEL MASTRO @ BENAVIDES", "DAY_ON": 1.43181818182, "DAY_OFF": 0.36666666666999997, "DAY_TOT": 1.79848484848, "LAT": 35.051572762299998, "LONG": -106.745610442 }, "geometry": { "type": "Point", "coordinates": [ -106.745610441919197, 35.051572762345678 ] } },
{ "type": "Feature", "properties": { "ROUTE": 54.0, "DAY": "WKDY", "DIR": "Inbound", "STOP": 43.0, "STOPNAME": "BENEVIDAS @ VALLEY VIEW", "DAY_ON": 3.2017676767699998, "DAY_OFF": 1.1381313131299999, "DAY_TOT": 4.3398989899, "LAT": 35.052219012499997, "LONG": -106.741214254 }, "geometry": { "type": "Point", "coordinates": [ -106.741214253507295, 35.052219012485949 ] } },
{ "type": "Feature", "properties": { "ROUTE": 54.0, "DAY": "WKDY", "DIR": "Inbound", "STOP": 44.0, "STOPNAME": "98TH @ SAGE", "DAY_ON": 7.9146464646499997, "DAY_OFF": 3.99444444444, "DAY_TOT": 11.9090909091, "LAT": 35.055228008100002, "LONG": -106.740424921 }, "geometry": { "type": "Point", "coordinates": [ -106.740424921436571, 35.055228008136915 ] } },
{ "type": "Feature", "properties": { "ROUTE": 54.0, "DAY": "WKDY", "DIR": "Inbound", "STOP": 45.0, "STOPNAME": "98TH ST. @ WESTGATE PARK", "DAY_ON": 3.2651515151499999, "DAY_OFF": 0.38333333333000003, "DAY_TOT": 3.6484848484799999, "LAT": 35.057675740699999, "LONG": -106.741074877 }, "geometry": { "type": "Point", "coordinates": [ -106.741074877104381, 35.057675740740748 ] } },
{ "type": "Feature", "properties": { "ROUTE": 54.0, "DAY": "WKDY", "DIR": "Inbound", "STOP": 46.0, "STOPNAME": "98TH @ DEMI RD", "DAY_ON": 1.94090909091, "DAY_OFF": 1.0777777777799999, "DAY_TOT": 3.0186868686900001, "LAT": 35.064415434300003, "LONG": -106.741606033 }, "geometry": { "type": "Point", "coordinates": [ -106.741606033108894, 35.064415434343438 ] } },
{ "type": "Feature", "properties": { "ROUTE": 54.0, "DAY": "WKDY", "DIR": "Inbound", "STOP": 47.0, "STOPNAME": "98TH @ EUCARIZ", "DAY_ON": 0.84090909091, "DAY_OFF": 0.40555555556, "DAY_TOT": 1.24646464646, "LAT": 35.067679148099998, "LONG": -106.741783352 }, "geometry": { "type": "Point", "coordinates": [ -106.741783351571257, 35.067679148148137 ] } },
{ "type": "Feature", "properties": { "ROUTE": 54.0, "DAY": "WKDY", "DIR": "Inbound", "STOP": 48.0, "STOPNAME": "98TH @ CENTRAL", "DAY_ON": 2.95656565657, "DAY_OFF": 7.0080808080799999, "DAY_TOT": 9.9646464646500004, "LAT": 35.0711474557, "LONG": -106.74225548 }, "geometry": { "type": "Point", "coordinates": [ -106.742255479517382, 35.071147455667777 ] } },
{ "type": "Feature", "properties": { "ROUTE": 54.0, "DAY": "WKDY", "DIR": "Inbound", "STOP": 49.0, "STOPNAME": "CENTRAL @ 94TH", "DAY_ON": 5.7777777777799999, "DAY_OFF": 0.93535353535, "DAY_TOT": 6.7131313131299999, "LAT": 35.073373181800001, "LONG": -106.73884338800001 }, "geometry": { "type": "Point", "coordinates": [ -106.738843388047144, 35.073373181818191 ] } },
{ "type": "Feature", "properties": { "ROUTE": 54.0, "DAY": "WKDY", "DIR": "Inbound", "STOP": 50.0, "STOPNAME": "CENTRAL @ 86TH", "DAY_ON": 0.59444444444, "DAY_OFF": 0.51666666667000005, "DAY_TOT": 1.11111111111, "LAT": 35.075560911099998, "LONG": -106.729419679 }, "geometry": { "type": "Point", "coordinates": [ -106.729419678731773, 35.075560911054993 ] } },
{ "type": "Feature", "properties": { "ROUTE": 54.0, "DAY": "WKDY", "DIR": "Inbound", "STOP": 51.0, "STOPNAME": "CUTC BAY F", "DAY_ON": 0.0, "DAY_OFF": 52.944444444399998, "DAY_TOT": 52.944444444399998, "LAT": 35.078528410499999, "LONG": -106.724975086 }, "geometry": { "type": "Point", "coordinates": [ -106.724975086419761, 35.078528410493838 ] } },
{ "type": "Feature", "properties": { "ROUTE": 66.0, "DAY": "WKDY", "DIR": "Outbound", "STOP": 1.0, "STOPNAME": "WENONAH @ TRAMWAY", "DAY_ON": 207.77150072200001, "DAY_OFF": 0.08333333333, "DAY_TOT": 207.854834055, "LAT": 35.0659541311, "LONG": -106.49970795900001 }, "geometry": { "type": "Point", "coordinates": [ -106.499707958590491, 35.065954131075195 ] } },
{ "type": "Feature", "properties": { "ROUTE": 66.0, "DAY": "WKDY", "DIR": "Outbound", "STOP": 2.0, "STOPNAME": "WENONAH @ DORADO", "DAY_ON": 13.697019647, "DAY_OFF": 1.27965367965, "DAY_TOT": 14.9766733267, "LAT": 35.066154983200001, "LONG": -106.502276649 }, "geometry": { "type": "Point", "coordinates": [ -106.502276648856466, 35.066154983234846 ] } },
{ "type": "Feature", "properties": { "ROUTE": 66.0, "DAY": "WKDY", "DIR": "Outbound", "STOP": 3.0, "STOPNAME": "DORADO @ COCHITI", "DAY_ON": 22.732756132799999, "DAY_OFF": 1.0054112554100001, "DAY_TOT": 23.738167388200001, "LAT": 35.067249890299998, "LONG": -106.503173155 }, "geometry": { "type": "Point", "coordinates": [ -106.503173154930721, 35.067249890301177 ] } },
{ "type": "Feature", "properties": { "ROUTE": 66.0, "DAY": "WKDY", "DIR": "Outbound", "STOP": 4.0, "STOPNAME": "CENTRAL @ DORADO", "DAY_ON": 93.341236541200004, "DAY_OFF": 8.2430680430700001, "DAY_TOT": 101.58430458399999, "LAT": 35.069148921699998, "LONG": -106.50551028300001 }, "geometry": { "type": "Point", "coordinates": [ -106.505510283181934, 35.069148921687059 ] } },
{ "type": "Feature", "properties": { "ROUTE": 66.0, "DAY": "WKDY", "DIR": "Outbound", "STOP": 5.0, "STOPNAME": "CENTRAL @ FIGUEROA", "DAY_ON": 17.2384004884, "DAY_OFF": 3.0174603174599999, "DAY_TOT": 20.255860805899999, "LAT": 35.0693680312, "LONG": -106.507406262 }, "geometry": { "type": "Point", "coordinates": [ -106.50740626213144, 35.069368031178634 ] } },
{ "type": "Feature", "properties": { "ROUTE": 66.0, "DAY": "WKDY", "DIR": "Outbound", "STOP": 6.0, "STOPNAME": "CENTRAL @ BURMA", "DAY_ON": 45.502769452800003, "DAY_OFF": 6.2328921078899997, "DAY_TOT": 51.735661560700002, "LAT": 35.069752585800003, "LONG": -106.510864652 }, "geometry": { "type": "Point", "coordinates": [ -106.510864652031216, 35.069752585839105 ] } },
{ "type": "Feature", "properties": { "ROUTE": 66.0, "DAY": "WKDY", "DIR": "Outbound", "STOP": 7.0, "STOPNAME": "CENTRAL @ GLENRIDGE PARK", "DAY_ON": 3.2655844155799998, "DAY_OFF": 2.7169413919399998, "DAY_TOT": 5.9825258075300001, "LAT": 35.070008417899999, "LONG": -106.51314164199999 }, "geometry": { "type": "Point", "coordinates": [ -106.51314164189715, 35.070008417855782 ] } },
{ "type": "Feature", "properties": { "ROUTE": 66.0, "DAY": "WKDY", "DIR": "Outbound", "STOP": 8.0, "STOPNAME": "CENTRAL @ JUAN TABO", "DAY_ON": 92.886274836300004, "DAY_OFF": 11.9014735265, "DAY_TOT": 104.78774836300001, "LAT": 35.0703197618, "LONG": -106.51585037700001 }, "geometry": { "type": "Point", "coordinates": [ -106.515850376757413, 35.070319761786671 ] } },
{ "type": "Feature", "properties": { "ROUTE": 66.0, "DAY": "WKDY", "DIR": "Outbound", "STOP": 9.0, "STOPNAME": "CENTRAL @ SHIRLEY", "DAY_ON": 11.064427239400001, "DAY_OFF": 1.5656676656699999, "DAY_TOT": 12.6300949051, "LAT": 35.070571694900003, "LONG": -106.518701108 }, "geometry": { "type": "Point", "coordinates": [ -106.518701108150708, 35.070571694909113 ] } },
{ "type": "Feature", "properties": { "ROUTE": 66.0, "DAY": "WKDY", "DIR": "Outbound", "STOP": 10.0, "STOPNAME": "CENTRAL @ DOROTHY", "DAY_ON": 5.5018398268400004, "DAY_OFF": 1.53787878788, "DAY_TOT": 7.0397186147199999, "LAT": 35.0709098743, "LONG": -106.521914318 }, "geometry": { "type": "Point", "coordinates": [ -106.521914318327674, 35.070909874251633 ] } },
{ "type": "Feature", "properties": { "ROUTE": 66.0, "DAY": "WKDY", "DIR": "Outbound", "STOP": 11.0, "STOPNAME": "CENTRAL @ ELIZABETH", "DAY_ON": 26.981637806599998, "DAY_OFF": 6.9672799422800002, "DAY_TOT": 33.948917748900001, "LAT": 35.071185738300002, "LONG": -106.524441086 }, "geometry": { "type": "Point", "coordinates": [ -106.524441085682056, 35.07118573827178 ] } },
{ "type": "Feature", "properties": { "ROUTE": 66.0, "DAY": "WKDY", "DIR": "Outbound", "STOP": 12.0, "STOPNAME": "CENTRAL @ EUBANK", "DAY_ON": 12.1630952381, "DAY_OFF": 3.181998557, "DAY_TOT": 15.3450937951, "LAT": 35.071565701700003, "LONG": -106.527948779 }, "geometry": { "type": "Point", "coordinates": [ -106.527948779113316, 35.071565701697835 ] } },
{ "type": "Feature", "properties": { "ROUTE": 66.0, "DAY": "WKDY", "DIR": "Outbound", "STOP": 13.0, "STOPNAME": "CENTRAL @ EUBANK", "DAY_ON": 36.658838383800003, "DAY_OFF": 44.347835497799998, "DAY_TOT": 81.006673881699996, "LAT": 35.071929292699998, "LONG": -106.531274289 }, "geometry": { "type": "Point", "coordinates": [ -106.53127428926804, 35.071929292691365 ] } },
{ "type": "Feature", "properties": { "ROUTE": 66.0, "DAY": "WKDY", "DIR": "Outbound", "STOP": 14.0, "STOPNAME": "CENTRAL @ GLORIETA", "DAY_ON": 176.33867243899999, "DAY_OFF": 27.159632034600001, "DAY_TOT": 203.49830447299999, "LAT": 35.072218129100001, "LONG": -106.533853416 }, "geometry": { "type": "Point", "coordinates": [ -106.533853416067942, 35.072218129148624 ] } },
{ "type": "Feature", "properties": { "ROUTE": 66.0, "DAY": "WKDY", "DIR": "Outbound", "STOP": 15.0, "STOPNAME": "CENTRAL @ CONCHAS", "DAY_ON": 31.970379620399999, "DAY_OFF": 4.0352314352300001, "DAY_TOT": 36.005611055599999, "LAT": 35.072397436599999, "LONG": -106.53552129000001 }, "geometry": { "type": "Point", "coordinates": [ -106.535521290159039, 35.072397436584097 ] } },
{ "type": "Feature", "properties": { "ROUTE": 66.0, "DAY": "WKDY", "DIR": "Outbound", "STOP": 16.0, "STOPNAME": "CENTRAL @ GARCIA", "DAY_ON": 23.811219336200001, "DAY_OFF": 4.9430735930700003, "DAY_TOT": 28.7542929293, "LAT": 35.072722950299998, "LONG": -106.538554959 }, "geometry": { "type": "Point", "coordinates": [ -106.538554958943536, 35.072722950293212 ] } },
{ "type": "Feature", "properties": { "ROUTE": 66.0, "DAY": "WKDY", "DIR": "Outbound", "STOP": 17.0, "STOPNAME": "CENTRAL @ ERBBE", "DAY_ON": 10.50995671, "DAY_OFF": 5.0846681096699999, "DAY_TOT": 15.5946248196, "LAT": 35.072932989100003, "LONG": -106.540547519 }, "geometry": { "type": "Point", "coordinates": [ -106.540547519419107, 35.072932989062373 ] } },
{ "type": "Feature", "properties": { "ROUTE": 66.0, "DAY": "WKDY", "DIR": "Outbound", "STOP": 18.0, "STOPNAME": "CENTRAL @ GENERAL CHENNAULT", "DAY_ON": 0.57467532468000004, "DAY_OFF": 0.57702020202000004, "DAY_TOT": 1.1516955267, "LAT": 35.073313207799998, "LONG": -106.544052106 }, "geometry": { "type": "Point", "coordinates": [ -106.544052106336935, 35.073313207784523 ] } },
{ "type": "Feature", "properties": { "ROUTE": 66.0, "DAY": "WKDY", "DIR": "Outbound", "STOP": 19.0, "STOPNAME": "CENTRAL @ GEN STILWELL", "DAY_ON": 30.036507936500001, "DAY_OFF": 17.621933621899998, "DAY_TOT": 47.6584415584, "LAT": 35.073544835100002, "LONG": -106.54617470700001 }, "geometry": { "type": "Point", "coordinates": [ -106.546174707101386, 35.073544835129425 ] } },
{ "type": "Feature", "properties": { "ROUTE": 66.0, "DAY": "WKDY", "DIR": "Outbound", "STOP": 20.0, "STOPNAME": "CENTRAL @ GEN BRADLEY", "DAY_ON": 12.2403318903, "DAY_OFF": 7.2382756132799999, "DAY_TOT": 19.478607503599999, "LAT": 35.073755454, "LONG": -106.548122682 }, "geometry": { "type": "Point", "coordinates": [ -106.548122682271043, 35.073755454031193 ] } },
{ "type": "Feature", "properties": { "ROUTE": 66.0, "DAY": "WKDY", "DIR": "Outbound", "STOP": 21.0, "STOPNAME": "CENTRAL @ WYOMING", "DAY_ON": 7.3696248196200003, "DAY_OFF": 22.365404040400001, "DAY_TOT": 29.73502886, "LAT": 35.0739669867, "LONG": -106.55013380699999 }, "geometry": { "type": "Point", "coordinates": [ -106.55013380734394, 35.073966986698302 ] } },
{ "type": "Feature", "properties": { "ROUTE": 66.0, "DAY": "WKDY", "DIR": "Outbound", "STOP": 22.0, "STOPNAME": "CENTRAL @ WYOMING", "DAY_ON": 168.97106782099999, "DAY_OFF": 79.009271284299999, "DAY_TOT": 247.98033910500001, "LAT": 35.074063835099999, "LONG": -106.551085903 }, "geometry": { "type": "Point", "coordinates": [ -106.551085902804658, 35.074063835075684 ] } },
{ "type": "Feature", "properties": { "ROUTE": 66.0, "DAY": "WKDY", "DIR": "Outbound", "STOP": 23.0, "STOPNAME": "CENTRAL @ TEXAS", "DAY_ON": 130.43621933599999, "DAY_OFF": 69.979076479100002, "DAY_TOT": 200.41529581500001, "LAT": 35.074577635399997, "LONG": -106.556206992 }, "geometry": { "type": "Point", "coordinates": [ -106.556206991886938, 35.074577635388849 ] } },
{ "type": "Feature", "properties": { "ROUTE": 66.0, "DAY": "WKDY", "DIR": "Outbound", "STOP": 24.0, "STOPNAME": "CENTRAL @ PENNSYLVANIA", "DAY_ON": 60.433946608900001, "DAY_OFF": 46.097727272699998, "DAY_TOT": 106.53167388200001, "LAT": 35.074846374300002, "LONG": -106.55886062800001 }, "geometry": { "type": "Point", "coordinates": [ -106.558860628158484, 35.074846374305366 ] } },
{ "type": "Feature", "properties": { "ROUTE": 66.0, "DAY": "WKDY", "DIR": "Outbound", "STOP": 25.0, "STOPNAME": "CENTRAL @ GROVE", "DAY_ON": 130.81587301600001, "DAY_OFF": 81.627741702700007, "DAY_TOT": 212.44361471900001, "LAT": 35.075136055199998, "LONG": -106.56167564099999 }, "geometry": { "type": "Point", "coordinates": [ -106.561675641038036, 35.075136055248535 ] } },
{ "type": "Feature", "properties": { "ROUTE": 66.0, "DAY": "WKDY", "DIR": "Outbound", "STOP": 26.0, "STOPNAME": "CENTRAL @ MESILLA", "DAY_ON": 60.041305916299997, "DAY_OFF": 41.584451659499997, "DAY_TOT": 101.625757576, "LAT": 35.075546427200003, "LONG": -106.565557123 }, "geometry": { "type": "Point", "coordinates": [ -106.565557122678143, 35.075546427166792 ] } },
{ "type": "Feature", "properties": { "ROUTE": 66.0, "DAY": "WKDY", "DIR": "Outbound", "STOP": 27.0, "STOPNAME": "CENTRAL @ LOUISIANA", "DAY_ON": 15.461435786399999, "DAY_OFF": 86.251875901899993, "DAY_TOT": 101.713311688, "LAT": 35.075906252700001, "LONG": -106.56827415799999 }, "geometry": { "type": "Point", "coordinates": [ -106.568274157555805, 35.075906252740175 ] } },
{ "type": "Feature", "properties": { "ROUTE": 66.0, "DAY": "WKDY", "DIR": "Outbound", "STOP": 28.0, "STOPNAME": "CENTRAL @ LOUISIANA", "DAY_ON": 98.8184343434, "DAY_OFF": 91.078896103899993, "DAY_TOT": 189.897330447, "LAT": 35.076062460899998, "LONG": -106.56940462199999 }, "geometry": { "type": "Point", "coordinates": [ -106.569404622317421, 35.07606246089312 ] } },
{ "type": "Feature", "properties": { "ROUTE": 66.0, "DAY": "WKDY", "DIR": "Outbound", "STOP": 29.0, "STOPNAME": "CENTRAL @ EXPONM ENTRANCE", "DAY_ON": 11.0521284271, "DAY_OFF": 15.3866883117, "DAY_TOT": 26.4388167388, "LAT": 35.076418595900002, "LONG": -106.572721223 }, "geometry": { "type": "Point", "coordinates": [ -106.572721223005132, 35.076418595944247 ] } },
{ "type": "Feature", "properties": { "ROUTE": 66.0, "DAY": "WKDY", "DIR": "Outbound", "STOP": 30.0, "STOPNAME": "CENTRAL @ CALIFORNIA", "DAY_ON": 28.4600649351, "DAY_OFF": 79.078066378100004, "DAY_TOT": 107.53813131299999, "LAT": 35.076666333600002, "LONG": -106.574996713 }, "geometry": { "type": "Point", "coordinates": [ -106.574996712888762, 35.076666333640354 ] } },
{ "type": "Feature", "properties": { "ROUTE": 66.0, "DAY": "WKDY", "DIR": "Outbound", "STOP": 31.0, "STOPNAME": "CENTRAL @ SAN PEDRO", "DAY_ON": 64.034307359300001, "DAY_OFF": 107.61839826800001, "DAY_TOT": 171.65270562800001, "LAT": 35.0769808234, "LONG": -106.577888309 }, "geometry": { "type": "Point", "coordinates": [ -106.577888308856004, 35.07698082343957 ] } },
{ "type": "Feature", "properties": { "ROUTE": 66.0, "DAY": "WKDY", "DIR": "Outbound", "STOP": 32.0, "STOPNAME": "CENTRAL @ VALENCIA", "DAY_ON": 15.7245670996, "DAY_OFF": 48.86010101, "DAY_TOT": 64.584668109600003, "LAT": 35.077339939600002, "LONG": -106.58123073500001 }, "geometry": { "type": "Point", "coordinates": [ -106.581230734925271, 35.077339939647239 ] } },
{ "type": "Feature", "properties": { "ROUTE": 66.0, "DAY": "WKDY", "DIR": "Outbound", "STOP": 33.0, "STOPNAME": "CENTRAL @ SAN MATEO", "DAY_ON": 9.5641053391100002, "DAY_OFF": 148.63924963900001, "DAY_TOT": 158.20335497799999, "LAT": 35.077820187, "LONG": -106.585587936 }, "geometry": { "type": "Point", "coordinates": [ -106.58558793575574, 35.077820187014524 ] } },
{ "type": "Feature", "properties": { "ROUTE": 66.0, "DAY": "WKDY", "DIR": "Outbound", "STOP": 34.0, "STOPNAME": "CENTRAL @ SAN MATEO", "DAY_ON": 92.89498557, "DAY_OFF": 48.072438672399997, "DAY_TOT": 140.96742424199999, "LAT": 35.077964637699999, "LONG": -106.586819639 }, "geometry": { "type": "Point", "coordinates": [ -106.586819638666285, 35.077964637691501 ] } },
{ "type": "Feature", "properties": { "ROUTE": 66.0, "DAY": "WKDY", "DIR": "Outbound", "STOP": 35.0, "STOPNAME": "CENTRAL @ MONROE", "DAY_ON": 30.810317460299999, "DAY_OFF": 44.311255411300003, "DAY_TOT": 75.121572871599994, "LAT": 35.078455713399997, "LONG": -106.591636966 }, "geometry": { "type": "Point", "coordinates": [ -106.591636965851535, 35.07845571338769 ] } },
{ "type": "Feature", "properties": { "ROUTE": 66.0, "DAY": "WKDY", "DIR": "Outbound", "STOP": 36.0, "STOPNAME": "CENTRAL @ WASHINGTON", "DAY_ON": 12.6868686869, "DAY_OFF": 10.319588744600001, "DAY_TOT": 23.006457431499999, "LAT": 35.078782911099999, "LONG": -106.594668046 }, "geometry": { "type": "Point", "coordinates": [ -106.594668045554343, 35.078782911101897 ] } },
{ "type": "Feature", "properties": { "ROUTE": 66.0, "DAY": "WKDY", "DIR": "Outbound", "STOP": 37.0, "STOPNAME": "CENTRAL @ MORNINGSIDE", "DAY_ON": 3.22323232323, "DAY_OFF": 11.8801948052, "DAY_TOT": 15.1034271284, "LAT": 35.079246529199999, "LONG": -106.599104094 }, "geometry": { "type": "Point", "coordinates": [ -106.599104093557202, 35.07924652919008 ] } },
{ "type": "Feature", "properties": { "ROUTE": 66.0, "DAY": "WKDY", "DIR": "Outbound", "STOP": 38.0, "STOPNAME": "CENTRAL @ ALISO", "DAY_ON": 11.7182178932, "DAY_OFF": 15.375974026, "DAY_TOT": 27.0941919192, "LAT": 35.079490155400002, "LONG": -106.60131949399999 }, "geometry": { "type": "Point", "coordinates": [ -106.601319493521842, 35.079490155360602 ] } },
{ "type": "Feature", "properties": { "ROUTE": 66.0, "DAY": "WKDY", "DIR": "Outbound", "STOP": 39.0, "STOPNAME": "CENTRAL @ CARLISLE", "DAY_ON": 4.3470418470399999, "DAY_OFF": 12.7863275613, "DAY_TOT": 17.1333694084, "LAT": 35.0797840396, "LONG": -106.604012759 }, "geometry": { "type": "Point", "coordinates": [ -106.60401275880389, 35.0797840395674 ] } },
{ "type": "Feature", "properties": { "ROUTE": 66.0, "DAY": "WKDY", "DIR": "Outbound", "STOP": 40.0, "STOPNAME": "CENTRAL @ TULANE", "DAY_ON": 3.5018398268399999, "DAY_OFF": 9.4946969696999997, "DAY_TOT": 12.996536796499999, "LAT": 35.080208065800001, "LONG": -106.607273686 }, "geometry": { "type": "Point", "coordinates": [ -106.607273685801786, 35.080208065840765 ] } },
{ "type": "Feature", "properties": { "ROUTE": 66.0, "DAY": "WKDY", "DIR": "Outbound", "STOP": 41.0, "STOPNAME": "CENTRAL @ BRYN MAWR", "DAY_ON": 13.1281746032, "DAY_OFF": 10.858441558399999, "DAY_TOT": 23.986616161600001, "LAT": 35.080575677100001, "LONG": -106.609802763 }, "geometry": { "type": "Point", "coordinates": [ -106.60980276271836, 35.08057567705935 ] } },
{ "type": "Feature", "properties": { "ROUTE": 66.0, "DAY": "WKDY", "DIR": "Outbound", "STOP": 42.0, "STOPNAME": "CENTRAL @ GIRARD", "DAY_ON": 18.1223665224, "DAY_OFF": 28.5267316017, "DAY_TOT": 46.6490981241, "LAT": 35.0809847656, "LONG": -106.612682181 }, "geometry": { "type": "Point", "coordinates": [ -106.612682181380677, 35.080984765581356 ] } },
{ "type": "Feature", "properties": { "ROUTE": 66.0, "DAY": "WKDY", "DIR": "Outbound", "STOP": 43.0, "STOPNAME": "CENTRAL @ GIRARD", "DAY_ON": 5.0731240981200001, "DAY_OFF": 10.6871933622, "DAY_TOT": 15.7603174603, "LAT": 35.081055283700003, "LONG": -106.613926175 }, "geometry": { "type": "Point", "coordinates": [ -106.613926175317019, 35.081055283718662 ] } },
{ "type": "Feature", "properties": { "ROUTE": 66.0, "DAY": "WKDY", "DIR": "Outbound", "STOP": 44.0, "STOPNAME": "CENTRAL @ PRINCETON", "DAY_ON": 12.6166305916, "DAY_OFF": 12.0032106782, "DAY_TOT": 24.619841269799998, "LAT": 35.081088798099998, "LONG": -106.61600488800001 }, "geometry": { "type": "Point", "coordinates": [ -106.616004887891066, 35.081088798102591 ] } },
{ "type": "Feature", "properties": { "ROUTE": 66.0, "DAY": "WKDY", "DIR": "Outbound", "STOP": 45.0, "STOPNAME": "CENTRAL @ CORNELL", "DAY_ON": 37.072707847700002, "DAY_OFF": 52.134262959300003, "DAY_TOT": 89.206970807000005, "LAT": 35.081121006700002, "LONG": -106.62010343599999 }, "geometry": { "type": "Point", "coordinates": [ -106.620103436264685, 35.081121006709601 ] } },
{ "type": "Feature", "properties": { "ROUTE": 66.0, "DAY": "WKDY", "DIR": "Outbound", "STOP": 46.0, "STOPNAME": "CENTRAL @ YALE", "DAY_ON": 35.473290598299997, "DAY_OFF": 36.909379509399997, "DAY_TOT": 72.382670107699994, "LAT": 35.0811196278, "LONG": -106.622573434 }, "geometry": { "type": "Point", "coordinates": [ -106.622573433692793, 35.081119627783579 ] } },
{ "type": "Feature", "properties": { "ROUTE": 66.0, "DAY": "WKDY", "DIR": "Outbound", "STOP": 47.0, "STOPNAME": "CENTRAL @ UNIVERSITY", "DAY_ON": 2.9875541125499998, "DAY_OFF": 14.8148823399, "DAY_TOT": 17.802436452399999, "LAT": 35.081329824999997, "LONG": -106.625440536 }, "geometry": { "type": "Point", "coordinates": [ -106.625440535668815, 35.081329824964641 ] } },
{ "type": "Feature", "properties": { "ROUTE": 66.0, "DAY": "WKDY", "DIR": "Outbound", "STOP": 48.0, "STOPNAME": "CENTRAL @ UNIVERSITY", "DAY_ON": 15.9056221556, "DAY_OFF": 15.368611943599999, "DAY_TOT": 31.274234099200001, "LAT": 35.081521990699997, "LONG": -106.627296297 }, "geometry": { "type": "Point", "coordinates": [ -106.627296297446051, 35.081521990749202 ] } },
{ "type": "Feature", "properties": { "ROUTE": 66.0, "DAY": "WKDY", "DIR": "Outbound", "STOP": 49.0, "STOPNAME": "CENTRAL @ SYCAMORE", "DAY_ON": 1.7080197580200001, "DAY_OFF": 11.4834165834, "DAY_TOT": 13.191436341399999, "LAT": 35.081966699399999, "LONG": -106.631006719 }, "geometry": { "type": "Point", "coordinates": [ -106.63100671895775, 35.081966699395757 ] } },
{ "type": "Feature", "properties": { "ROUTE": 66.0, "DAY": "WKDY", "DIR": "Outbound", "STOP": 50.0, "STOPNAME": "CENTRAL @ SPRUCE", "DAY_ON": 17.364374514400001, "DAY_OFF": 19.908233433199999, "DAY_TOT": 37.272607947600001, "LAT": 35.082297720299998, "LONG": -106.63323350500001 }, "geometry": { "type": "Point", "coordinates": [ -106.633233505113679, 35.082297720299209 ] } },
{ "type": "Feature", "properties": { "ROUTE": 66.0, "DAY": "WKDY", "DIR": "Outbound", "STOP": 51.0, "STOPNAME": "CENTRAL @ HIGH", "DAY_ON": 7.7447829947800004, "DAY_OFF": 27.767601842600001, "DAY_TOT": 35.512384837399999, "LAT": 35.083209119400003, "LONG": -106.640318849 }, "geometry": { "type": "Point", "coordinates": [ -106.640318849346315, 35.083209119373528 ] } },
{ "type": "Feature", "properties": { "ROUTE": 66.0, "DAY": "WKDY", "DIR": "Outbound", "STOP": 52.0, "STOPNAME": "CENTRAL @ EDITH", "DAY_ON": 8.19347319347, "DAY_OFF": 33.7821400821, "DAY_TOT": 41.975613275599997, "LAT": 35.083497079799997, "LONG": -106.64266298 }, "geometry": { "type": "Point", "coordinates": [ -106.642662979861186, 35.083497079829755 ] } },
{ "type": "Feature", "properties": { "ROUTE": 66.0, "DAY": "WKDY", "DIR": "Outbound", "STOP": 53.0, "STOPNAME": "CENTRAL @ 1ST", "DAY_ON": 78.607511932500003, "DAY_OFF": 224.78325563300001, "DAY_TOT": 303.39076756600002, "LAT": 35.0841981226, "LONG": -106.648450951 }, "geometry": { "type": "Point", "coordinates": [ -106.648450951266241, 35.084198122569504 ] } },
{ "type": "Feature", "properties": { "ROUTE": 66.0, "DAY": "WKDY", "DIR": "Outbound", "STOP": 54.0, "STOPNAME": "COPPER @ 5TH", "DAY_ON": 43.761158286200001, "DAY_OFF": 64.829664779699996, "DAY_TOT": 108.590823066, "LAT": 35.085801603599997, "LONG": -106.653045304 }, "geometry": { "type": "Point", "coordinates": [ -106.653045303574658, 35.085801603583768 ] } },
{ "type": "Feature", "properties": { "ROUTE": 66.0, "DAY": "WKDY", "DIR": "Outbound", "STOP": 55.0, "STOPNAME": "COPPER @ 8TH", "DAY_ON": 2.4856865356900002, "DAY_OFF": 14.3327089577, "DAY_TOT": 16.818395493400001, "LAT": 35.086162010599999, "LONG": -106.656026029 }, "geometry": { "type": "Point", "coordinates": [ -106.656026029332949, 35.086162010557999 ] } },
{ "type": "Feature", "properties": { "ROUTE": 66.0, "DAY": "WKDY", "DIR": "Outbound", "STOP": 56.0, "STOPNAME": "CENTRAL @ 10TH", "DAY_ON": 16.7295676546, "DAY_OFF": 18.9092879343, "DAY_TOT": 35.6388555889, "LAT": 35.086717331300001, "LONG": -106.65877075100001 }, "geometry": { "type": "Point", "coordinates": [ -106.658770751060416, 35.086717331297535 ] } },
{ "type": "Feature", "properties": { "ROUTE": 66.0, "DAY": "WKDY", "DIR": "Outbound", "STOP": 57.0, "STOPNAME": "CENTRAL @ 14TH", "DAY_ON": 5.9328837828800003, "DAY_OFF": 11.601698301700001, "DAY_TOT": 17.5345820846, "LAT": 35.088491588399997, "LONG": -106.6623753 }, "geometry": { "type": "Point", "coordinates": [ -106.662375299845522, 35.088491588369656 ] } },
{ "type": "Feature", "properties": { "ROUTE": 66.0, "DAY": "WKDY", "DIR": "Outbound", "STOP": 58.0, "STOPNAME": "CENTRAL @ LAGUNA", "DAY_ON": 2.2588356088400001, "DAY_OFF": 2.7299894549900001, "DAY_TOT": 4.9888250638300002, "LAT": 35.090647137700003, "LONG": -106.665362456 }, "geometry": { "type": "Point", "coordinates": [ -106.665362455873264, 35.09064713773283 ] } },
{ "type": "Feature", "properties": { "ROUTE": 66.0, "DAY": "WKDY", "DIR": "Outbound", "STOP": 59.0, "STOPNAME": "CENTRAL @ SAN PASQUALE", "DAY_ON": 0.7186979687, "DAY_OFF": 5.3323482073499999, "DAY_TOT": 6.0510461760499998, "LAT": 35.0928981729, "LONG": -106.66814921300001 }, "geometry": { "type": "Point", "coordinates": [ -106.668149212518543, 35.092898172885029 ] } },
{ "type": "Feature", "properties": { "ROUTE": 66.0, "DAY": "WKDY", "DIR": "Outbound", "STOP": 60.0, "STOPNAME": "CENTRAL @ RIO GRANDE", "DAY_ON": 12.4642940393, "DAY_OFF": 29.139693639699999, "DAY_TOT": 41.603987679, "LAT": 35.0947676356, "LONG": -106.67055710299999 }, "geometry": { "type": "Point", "coordinates": [ -106.670557102852229, 35.094767635626191 ] } },
{ "type": "Feature", "properties": { "ROUTE": 66.0, "DAY": "WKDY", "DIR": "Outbound", "STOP": 61.0, "STOPNAME": "CENTRAL @ CLAYTON", "DAY_ON": 10.314699189700001, "DAY_OFF": 16.741558441599999, "DAY_TOT": 27.056257631299999, "LAT": 35.095430478300003, "LONG": -106.674137767 }, "geometry": { "type": "Point", "coordinates": [ -106.674137767057971, 35.095430478268774 ] } },
{ "type": "Feature", "properties": { "ROUTE": 66.0, "DAY": "WKDY", "DIR": "Outbound", "STOP": 62.0, "STOPNAME": "CENTRAL @ NEW YORK", "DAY_ON": 5.2170385170399998, "DAY_OFF": 10.7543678544, "DAY_TOT": 15.971406371400001, "LAT": 35.093858408199999, "LONG": -106.677859652 }, "geometry": { "type": "Point", "coordinates": [ -106.677859652481644, 35.093858408200546 ] } },
{ "type": "Feature", "properties": { "ROUTE": 66.0, "DAY": "WKDY", "DIR": "Outbound", "STOP": 63.0, "STOPNAME": "CENTRAL @ TINGLEY", "DAY_ON": 0.35874125874000001, "DAY_OFF": 2.5604478854499999, "DAY_TOT": 2.9191891441900002, "LAT": 35.092301305699998, "LONG": -106.67870504699999 }, "geometry": { "type": "Point", "coordinates": [ -106.678705046579339, 35.092301305681914 ] } },
{ "type": "Feature", "properties": { "ROUTE": 66.0, "DAY": "WKDY", "DIR": "Outbound", "STOP": 64.0, "STOPNAME": "CENTRAL @ SUNSET", "DAY_ON": 2.4606365856400001, "DAY_OFF": 10.5942224442, "DAY_TOT": 13.054859029899999, "LAT": 35.087463286899997, "LONG": -106.682738708 }, "geometry": { "type": "Point", "coordinates": [ -106.682738708166553, 35.087463286891598 ] } },
{ "type": "Feature", "properties": { "ROUTE": 66.0, "DAY": "WKDY", "DIR": "Outbound", "STOP": 65.0, "STOPNAME": "CENTRAL @ ATRISCO", "DAY_ON": 28.961976912000001, "DAY_OFF": 47.485209235200003, "DAY_TOT": 76.4471861472, "LAT": 35.0857291911, "LONG": -106.68550394 }, "geometry": { "type": "Point", "coordinates": [ -106.685503939799574, 35.085729191089072 ] } },
{ "type": "Feature", "properties": { "ROUTE": 66.0, "DAY": "WKDY", "DIR": "Outbound", "STOP": 66.0, "STOPNAME": "CENTRAL @ ATRISCO", "DAY_ON": 10.8186729937, "DAY_OFF": 8.336990787, "DAY_TOT": 19.155663780699999, "LAT": 35.085097408800003, "LONG": -106.68802143000001 }, "geometry": { "type": "Point", "coordinates": [ -106.68802143044131, 35.085097408824048 ] } },
{ "type": "Feature", "properties": { "ROUTE": 66.0, "DAY": "WKDY", "DIR": "Outbound", "STOP": 67.0, "STOPNAME": "CENTRAL @ 47TH", "DAY_ON": 8.4382700632700001, "DAY_OFF": 9.8900405150400008, "DAY_TOT": 18.328310578300002, "LAT": 35.084382828199999, "LONG": -106.691177564 }, "geometry": { "type": "Point", "coordinates": [ -106.691177563672724, 35.084382828233814 ] } },
{ "type": "Feature", "properties": { "ROUTE": 66.0, "DAY": "WKDY", "DIR": "Outbound", "STOP": 68.0, "STOPNAME": "CENTRAL @ 50TH", "DAY_ON": 3.51136363636, "DAY_OFF": 5.2375513375500002, "DAY_TOT": 8.7489149739100007, "LAT": 35.083761152000001, "LONG": -106.693923912 }, "geometry": { "type": "Point", "coordinates": [ -106.693923911512243, 35.083761152018788 ] } },
{ "type": "Feature", "properties": { "ROUTE": 66.0, "DAY": "WKDY", "DIR": "Outbound", "STOP": 69.0, "STOPNAME": "CENTRAL @ OLD COORS", "DAY_ON": 4.4060828060799997, "DAY_OFF": 18.4931679432, "DAY_TOT": 22.899250749299998, "LAT": 35.0829188859, "LONG": -106.697748043 }, "geometry": { "type": "Point", "coordinates": [ -106.69774804328415, 35.082918885910779 ] } },
{ "type": "Feature", "properties": { "ROUTE": 66.0, "DAY": "WKDY", "DIR": "Outbound", "STOP": 70.0, "STOPNAME": "CENTRAL @ 57TH", "DAY_ON": 5.3390637140599999, "DAY_OFF": 13.834537684500001, "DAY_TOT": 19.173601398599999, "LAT": 35.082110835000002, "LONG": -106.70120933699999 }, "geometry": { "type": "Point", "coordinates": [ -106.70120933711442, 35.08211083497234 ] } },
{ "type": "Feature", "properties": { "ROUTE": 66.0, "DAY": "WKDY", "DIR": "Outbound", "STOP": 71.0, "STOPNAME": "CENTRAL @ 60TH", "DAY_ON": 7.3976356976400002, "DAY_OFF": 18.9524558775, "DAY_TOT": 26.350091575099999, "LAT": 35.081435785499998, "LONG": -106.704261575 }, "geometry": { "type": "Point", "coordinates": [ -106.704261575161212, 35.081435785502329 ] } },
{ "type": "Feature", "properties": { "ROUTE": 66.0, "DAY": "WKDY", "DIR": "Outbound", "STOP": 72.0, "STOPNAME": "CENTRAL @ 63RD", "DAY_ON": 2.0033300033299999, "DAY_OFF": 11.2824148074, "DAY_TOT": 13.285744810700001, "LAT": 35.080807907000001, "LONG": -106.707206677 }, "geometry": { "type": "Point", "coordinates": [ -106.707206676662565, 35.080807907000207 ] } },
{ "type": "Feature", "properties": { "ROUTE": 66.0, "DAY": "WKDY", "DIR": "Outbound", "STOP": 73.0, "STOPNAME": "CENTRAL @ 65TH", "DAY_ON": 2.3585248085199999, "DAY_OFF": 41.403019203, "DAY_TOT": 43.7615440115, "LAT": 35.080341524200001, "LONG": -106.709362054 }, "geometry": { "type": "Point", "coordinates": [ -106.709362054132043, 35.080341524246442 ] } },
{ "type": "Feature", "properties": { "ROUTE": 66.0, "DAY": "WKDY", "DIR": "Outbound", "STOP": 74.0, "STOPNAME": "CENTRAL @ COORS", "DAY_ON": 22.988525363499999, "DAY_OFF": 57.1750111, "DAY_TOT": 80.163536463499995, "LAT": 35.079891801300001, "LONG": -106.711452425 }, "geometry": { "type": "Point", "coordinates": [ -106.711452424729529, 35.079891801325736 ] } },
{ "type": "Feature", "properties": { "ROUTE": 66.0, "DAY": "WKDY", "DIR": "Outbound", "STOP": 75.0, "STOPNAME": "CENTRAL @ AIRPORT", "DAY_ON": 2.0251914751900002, "DAY_OFF": 3.04703907204, "DAY_TOT": 5.0722305472300002, "LAT": 35.078793128999997, "LONG": -106.71619630799999 }, "geometry": { "type": "Point", "coordinates": [ -106.716196308354185, 35.078793128982724 ] } },
{ "type": "Feature", "properties": { "ROUTE": 66.0, "DAY": "WKDY", "DIR": "Outbound", "STOP": 76.0, "STOPNAME": "CENTRAL @ UNSER", "DAY_ON": 0.14285714286000001, "DAY_OFF": 6.9987678987699997, "DAY_TOT": 7.1416250416300002, "LAT": 35.077975241799997, "LONG": -106.71957170100001 }, "geometry": { "type": "Point", "coordinates": [ -106.719571701004085, 35.077975241751155 ] } },
{ "type": "Feature", "properties": { "ROUTE": 66.0, "DAY": "WKDY", "DIR": "Outbound", "STOP": 77.0, "STOPNAME": "CENTRAL @ UNSER", "DAY_ON": 0.30952380952000003, "DAY_OFF": 2.85795870796, "DAY_TOT": 3.1674825174799999, "LAT": 35.077465253100002, "LONG": -106.721723924 }, "geometry": { "type": "Point", "coordinates": [ -106.721723923709263, 35.077465253123947 ] } },
{ "type": "Feature", "properties": { "ROUTE": 66.0, "DAY": "WKDY", "DIR": "Outbound", "STOP": 78.0, "STOPNAME": "CUTC BAY C", "DAY_ON": 0.0, "DAY_OFF": 262.49238539200002, "DAY_TOT": 262.49238539200002, "LAT": 35.078941293500002, "LONG": -106.725322146 }, "geometry": { "type": "Point", "coordinates": [ -106.725322145801002, 35.078941293527983 ] } },
{ "type": "Feature", "properties": { "ROUTE": 66.0, "DAY": "WKDY", "DIR": "Inbound", "STOP": 1.0, "STOPNAME": "CUTC BAY C", "DAY_ON": 190.6752997, "DAY_OFF": 0.5054945055, "DAY_TOT": 191.18079420500001, "LAT": 35.079004037600001, "LONG": -106.72505988100001 }, "geometry": { "type": "Point", "coordinates": [ -106.725059880610544, 35.07900403756409 ] } },
{ "type": "Feature", "properties": { "ROUTE": 66.0, "DAY": "WKDY", "DIR": "Inbound", "STOP": 2.0, "STOPNAME": "CENTRAL @ UNSER", "DAY_ON": 3.2451603951600001, "DAY_OFF": 0.25, "DAY_TOT": 3.4951603951600001, "LAT": 35.07745068, "LONG": -106.721775956 }, "geometry": { "type": "Point", "coordinates": [ -106.721775955852067, 35.077450680013833 ] } },
{ "type": "Feature", "properties": { "ROUTE": 66.0, "DAY": "WKDY", "DIR": "Inbound", "STOP": 3.0, "STOPNAME": "CENTRAL @ 75TH", "DAY_ON": 9.1982128982100004, "DAY_OFF": 1.4502747252699999, "DAY_TOT": 10.648487623499999, "LAT": 35.078016332700003, "LONG": -106.718445374 }, "geometry": { "type": "Point", "coordinates": [ -106.718445374299449, 35.078016332735821 ] } },
{ "type": "Feature", "properties": { "ROUTE": 66.0, "DAY": "WKDY", "DIR": "Inbound", "STOP": 4.0, "STOPNAME": "CENTRAL @ AMANDA", "DAY_ON": 4.7018592518600002, "DAY_OFF": 0.25757575758000001, "DAY_TOT": 4.9594350094399999, "LAT": 35.078768830999998, "LONG": -106.71540696300001 }, "geometry": { "type": "Point", "coordinates": [ -106.715406962657937, 35.078768830959227 ] } },
{ "type": "Feature", "properties": { "ROUTE": 66.0, "DAY": "WKDY", "DIR": "Inbound", "STOP": 5.0, "STOPNAME": "CENTRAL @ COORS", "DAY_ON": 45.043070818099999, "DAY_OFF": 16.672508047499999, "DAY_TOT": 61.715578865600001, "LAT": 35.079621856199999, "LONG": -106.711647501 }, "geometry": { "type": "Point", "coordinates": [ -106.711647500566826, 35.079621856228286 ] } },
{ "type": "Feature", "properties": { "ROUTE": 66.0, "DAY": "WKDY", "DIR": "Inbound", "STOP": 6.0, "STOPNAME": "CENTRAL @ 65TH", "DAY_ON": 52.621631146600002, "DAY_OFF": 9.5093240093200002, "DAY_TOT": 62.130955156, "LAT": 35.0802787991, "LONG": -106.708721944 }, "geometry": { "type": "Point", "coordinates": [ -106.708721944205337, 35.080278799076815 ] } },
{ "type": "Feature", "properties": { "ROUTE": 66.0, "DAY": "WKDY", "DIR": "Inbound", "STOP": 7.0, "STOPNAME": "CENTRAL @ 61ST", "DAY_ON": 17.1098540349, "DAY_OFF": 10.142002442000001, "DAY_TOT": 27.251856476899999, "LAT": 35.081397932800002, "LONG": -106.70371391899999 }, "geometry": { "type": "Point", "coordinates": [ -106.703713918899624, 35.081397932849669 ] } },
{ "type": "Feature", "properties": { "ROUTE": 66.0, "DAY": "WKDY", "DIR": "Inbound", "STOP": 8.0, "STOPNAME": "CENTRAL @ 57TH", "DAY_ON": 10.890562215599999, "DAY_OFF": 8.7873099123100005, "DAY_TOT": 19.677872127899999, "LAT": 35.082017645999997, "LONG": -106.700929335 }, "geometry": { "type": "Point", "coordinates": [ -106.700929335413406, 35.082017645991712 ] } },
{ "type": "Feature", "properties": { "ROUTE": 66.0, "DAY": "WKDY", "DIR": "Inbound", "STOP": 9.0, "STOPNAME": "CENTRAL @ 53RD", "DAY_ON": 17.742429792399999, "DAY_OFF": 7.1641358641400004, "DAY_TOT": 24.906565656600002, "LAT": 35.082919264799997, "LONG": -106.696849423 }, "geometry": { "type": "Point", "coordinates": [ -106.69684942301609, 35.08291926477483 ] } },
{ "type": "Feature", "properties": { "ROUTE": 66.0, "DAY": "WKDY", "DIR": "Inbound", "STOP": 10.0, "STOPNAME": "CENTRAL @ 50TH - CYPRESS", "DAY_ON": 3.0096792096799998, "DAY_OFF": 3.4505744255700002, "DAY_TOT": 6.46025363525, "LAT": 35.0837079438, "LONG": -106.69337287499999 }, "geometry": { "type": "Point", "coordinates": [ -106.693372875318516, 35.083707943833367 ] } },
{ "type": "Feature", "properties": { "ROUTE": 66.0, "DAY": "WKDY", "DIR": "Inbound", "STOP": 11.0, "STOPNAME": "CENTRAL @ 48TH", "DAY_ON": 7.5599372849400002, "DAY_OFF": 5.7016927516899996, "DAY_TOT": 13.2616300366, "LAT": 35.084196783800003, "LONG": -106.691187472 }, "geometry": { "type": "Point", "coordinates": [ -106.691187472299035, 35.084196783813702 ] } },
{ "type": "Feature", "properties": { "ROUTE": 66.0, "DAY": "WKDY", "DIR": "Inbound", "STOP": 12.0, "STOPNAME": "CENTRAL @ 46TH", "DAY_ON": 8.1386668886700004, "DAY_OFF": 11.5271978022, "DAY_TOT": 19.665864690900001, "LAT": 35.084810171299999, "LONG": -106.688446035 }, "geometry": { "type": "Point", "coordinates": [ -106.688446035282681, 35.084810171292659 ] } },
{ "type": "Feature", "properties": { "ROUTE": 66.0, "DAY": "WKDY", "DIR": "Inbound", "STOP": 13.0, "STOPNAME": "CENTRAL @ ATRISCO", "DAY_ON": 59.657228882200002, "DAY_OFF": 25.076126651100001, "DAY_TOT": 84.733355533400001, "LAT": 35.085571590699999, "LONG": -106.68520194200001 }, "geometry": { "type": "Point", "coordinates": [ -106.685201942451187, 35.085571590678832 ] } },
{ "type": "Feature", "properties": { "ROUTE": 66.0, "DAY": "WKDY", "DIR": "Inbound", "STOP": 14.0, "STOPNAME": "CENTRAL @ SUNSET", "DAY_ON": 13.016622266600001, "DAY_OFF": 3.7975108225100001, "DAY_TOT": 16.8141330891, "LAT": 35.087405451099997, "LONG": -106.682472645 }, "geometry": { "type": "Point", "coordinates": [ -106.682472645323912, 35.087405451074339 ] } },
{ "type": "Feature", "properties": { "ROUTE": 66.0, "DAY": "WKDY", "DIR": "Inbound", "STOP": 15.0, "STOPNAME": "CENTRAL @ TINGLEY", "DAY_ON": 5.9601481851500004, "DAY_OFF": 1.91438006438, "DAY_TOT": 7.87452824953, "LAT": 35.091450520599999, "LONG": -106.679015032 }, "geometry": { "type": "Point", "coordinates": [ -106.679015032124511, 35.091450520627127 ] } },
{ "type": "Feature", "properties": { "ROUTE": 66.0, "DAY": "WKDY", "DIR": "Inbound", "STOP": 16.0, "STOPNAME": "CENTRAL @ NEW YORK", "DAY_ON": 5.7023532023500003, "DAY_OFF": 3.9253413253399998, "DAY_TOT": 9.6276945276900001, "LAT": 35.093888407599998, "LONG": -106.67750218 }, "geometry": { "type": "Point", "coordinates": [ -106.677502180338564, 35.09388840758001 ] } },
{ "type": "Feature", "properties": { "ROUTE": 66.0, "DAY": "WKDY", "DIR": "Inbound", "STOP": 17.0, "STOPNAME": "CENTRAL @ RIO GRANDE", "DAY_ON": 20.235414585400001, "DAY_OFF": 14.391341991299999, "DAY_TOT": 34.626756576799998, "LAT": 35.094670200400003, "LONG": -106.67083938 }, "geometry": { "type": "Point", "coordinates": [ -106.670839380110436, 35.094670200440817 ] } },
{ "type": "Feature", "properties": { "ROUTE": 66.0, "DAY": "WKDY", "DIR": "Inbound", "STOP": 18.0, "STOPNAME": "CENTRAL @ SAN PASQUALE", "DAY_ON": 4.5752608502600003, "DAY_OFF": 1.9756576756599999, "DAY_TOT": 6.5509185259200002, "LAT": 35.092753241799997, "LONG": -106.668083998 }, "geometry": { "type": "Point", "coordinates": [ -106.668083998362746, 35.09275324182142 ] } },
{ "type": "Feature", "properties": { "ROUTE": 66.0, "DAY": "WKDY", "DIR": "Inbound", "STOP": 19.0, "STOPNAME": "CENTRAL @ LAGUNA", "DAY_ON": 2.44625374625, "DAY_OFF": 1.53926073926, "DAY_TOT": 3.98551448551, "LAT": 35.090669460599997, "LONG": -106.665487189 }, "geometry": { "type": "Point", "coordinates": [ -106.665487188835982, 35.090669460575484 ] } },
{ "type": "Feature", "properties": { "ROUTE": 66.0, "DAY": "WKDY", "DIR": "Inbound", "STOP": 20.0, "STOPNAME": "CENTRAL @ 14TH", "DAY_ON": 8.8050477300499992, "DAY_OFF": 4.5391358641400004, "DAY_TOT": 13.3441835942, "LAT": 35.088705239299998, "LONG": -106.662971046 }, "geometry": { "type": "Point", "coordinates": [ -106.662971045538399, 35.088705239319189 ] } },
{ "type": "Feature", "properties": { "ROUTE": 66.0, "DAY": "WKDY", "DIR": "Inbound", "STOP": 21.0, "STOPNAME": "CENTRAL @ 12TH", "DAY_ON": 3.9487567987599999, "DAY_OFF": 5.4491841491799997, "DAY_TOT": 9.3979409479400005, "LAT": 35.087388970200003, "LONG": -106.660342343 }, "geometry": { "type": "Point", "coordinates": [ -106.660342342954905, 35.087388970188208 ] } },
{ "type": "Feature", "properties": { "ROUTE": 66.0, "DAY": "WKDY", "DIR": "Inbound", "STOP": 22.0, "STOPNAME": "CENTRAL @ 10TH", "DAY_ON": 23.315589965600001, "DAY_OFF": 9.9396520146499991, "DAY_TOT": 33.255241980199997, "LAT": 35.086111859299997, "LONG": -106.658064682 }, "geometry": { "type": "Point", "coordinates": [ -106.658064681664072, 35.086111859286106 ] } },
{ "type": "Feature", "properties": { "ROUTE": 66.0, "DAY": "WKDY", "DIR": "Inbound", "STOP": 23.0, "STOPNAME": "GOLD @ 5TH", "DAY_ON": 29.490381840400001, "DAY_OFF": 18.1228132978, "DAY_TOT": 47.613195138199998, "LAT": 35.0837956572, "LONG": -106.65384120100001 }, "geometry": { "type": "Point", "coordinates": [ -106.653841201201843, 35.083795657231057 ] } },
{ "type": "Feature", "properties": { "ROUTE": 66.0, "DAY": "WKDY", "DIR": "Inbound", "STOP": 24.0, "STOPNAME": "1ST @ CENTRAL", "DAY_ON": 289.94766344800001, "DAY_OFF": 96.170776445800001, "DAY_TOT": 386.11843989300002, "LAT": 35.083797308100003, "LONG": -106.64808087 }, "geometry": { "type": "Point", "coordinates": [ -106.648080869776777, 35.083797308097346 ] } },
{ "type": "Feature", "properties": { "ROUTE": 66.0, "DAY": "WKDY", "DIR": "Inbound", "STOP": 25.0, "STOPNAME": "CENTRAL @ BROADWAY", "DAY_ON": 19.24996115, "DAY_OFF": 8.9832389832399997, "DAY_TOT": 28.2332001332, "LAT": 35.083692045399999, "LONG": -106.645170838 }, "geometry": { "type": "Point", "coordinates": [ -106.645170838235046, 35.083692045363613 ] } },
{ "type": "Feature", "properties": { "ROUTE": 66.0, "DAY": "WKDY", "DIR": "Inbound", "STOP": 26.0, "STOPNAME": "CENTRAL @ EDITH", "DAY_ON": 38.563578088600003, "DAY_OFF": 14.1546786547, "DAY_TOT": 52.718256743300003, "LAT": 35.083218104700002, "LONG": -106.641456076 }, "geometry": { "type": "Point", "coordinates": [ -106.641456076070483, 35.083218104736879 ] } },
{ "type": "Feature", "properties": { "ROUTE": 66.0, "DAY": "WKDY", "DIR": "Inbound", "STOP": 27.0, "STOPNAME": "CENTRAL @ SPRUCE", "DAY_ON": 32.733596958600003, "DAY_OFF": 19.2593989344, "DAY_TOT": 51.992995893, "LAT": 35.082159639499999, "LONG": -106.633573906 }, "geometry": { "type": "Point", "coordinates": [ -106.63357390616828, 35.082159639458062 ] } },
{ "type": "Feature", "properties": { "ROUTE": 66.0, "DAY": "WKDY", "DIR": "Inbound", "STOP": 28.0, "STOPNAME": "CENTRAL @ ASH", "DAY_ON": 8.3525974026000007, "DAY_OFF": 10.6405649906, "DAY_TOT": 18.993162393199999, "LAT": 35.081578419899998, "LONG": -106.628858146 }, "geometry": { "type": "Point", "coordinates": [ -106.628858146005911, 35.081578419896879 ] } },
{ "type": "Feature", "properties": { "ROUTE": 66.0, "DAY": "WKDY", "DIR": "Inbound", "STOP": 29.0, "STOPNAME": "CENTRAL @ MESA", "DAY_ON": 26.3123126873, "DAY_OFF": 22.708627483600001, "DAY_TOT": 49.020940170899998, "LAT": 35.0811768461, "LONG": -106.625699552 }, "geometry": { "type": "Point", "coordinates": [ -106.625699551720146, 35.0811768460824 ] } },
{ "type": "Feature", "properties": { "ROUTE": 66.0, "DAY": "WKDY", "DIR": "Inbound", "STOP": 30.0, "STOPNAME": "CENTRAL @ YALE", "DAY_ON": 52.701612276600002, "DAY_OFF": 66.67989233, "DAY_TOT": 119.381504607, "LAT": 35.080939689700003, "LONG": -106.621520117 }, "geometry": { "type": "Point", "coordinates": [ -106.621520117378452, 35.080939689700955 ] } },
{ "type": "Feature", "properties": { "ROUTE": 66.0, "DAY": "WKDY", "DIR": "Inbound", "STOP": 31.0, "STOPNAME": "CENTRAL @ COLUMBIA", "DAY_ON": 16.205683205700002, "DAY_OFF": 17.2766455766, "DAY_TOT": 33.482328782300002, "LAT": 35.080933642200002, "LONG": -106.616827907 }, "geometry": { "type": "Point", "coordinates": [ -106.616827907379843, 35.080933642168702 ] } },
{ "type": "Feature", "properties": { "ROUTE": 66.0, "DAY": "WKDY", "DIR": "Inbound", "STOP": 32.0, "STOPNAME": "CENTRAL @ VASSAR", "DAY_ON": 17.856299256300002, "DAY_OFF": 15.276476301500001, "DAY_TOT": 33.132775557800002, "LAT": 35.0809181698, "LONG": -106.614222754 }, "geometry": { "type": "Point", "coordinates": [ -106.61422275388972, 35.080918169820713 ] } },
{ "type": "Feature", "properties": { "ROUTE": 66.0, "DAY": "WKDY", "DIR": "Inbound", "STOP": 33.0, "STOPNAME": "CENTRAL @ DARTMOUTH", "DAY_ON": 24.663028638, "DAY_OFF": 21.117721167700001, "DAY_TOT": 45.780749805699998, "LAT": 35.080702431299997, "LONG": -106.611788237 }, "geometry": { "type": "Point", "coordinates": [ -106.611788236588481, 35.080702431267916 ] } },
{ "type": "Feature", "properties": { "ROUTE": 66.0, "DAY": "WKDY", "DIR": "Inbound", "STOP": 34.0, "STOPNAME": "CENTRAL @ TULANE", "DAY_ON": 16.077200577199999, "DAY_OFF": 10.158793983800001, "DAY_TOT": 26.235994560999998, "LAT": 35.080119984, "LONG": -106.60744851600001 }, "geometry": { "type": "Point", "coordinates": [ -106.607448515532326, 35.080119983997093 ] } },
{ "type": "Feature", "properties": { "ROUTE": 66.0, "DAY": "WKDY", "DIR": "Inbound", "STOP": 35.0, "STOPNAME": "CENTRAL @ CARLISLE", "DAY_ON": 10.6250666001, "DAY_OFF": 9.8339299589299998, "DAY_TOT": 20.458996559, "LAT": 35.0796791394, "LONG": -106.6041581 }, "geometry": { "type": "Point", "coordinates": [ -106.604158100433821, 35.079679139357097 ] } },
{ "type": "Feature", "properties": { "ROUTE": 66.0, "DAY": "WKDY", "DIR": "Inbound", "STOP": 36.0, "STOPNAME": "CENTRAL @ MORNINGSIDE", "DAY_ON": 11.671958597, "DAY_OFF": 7.8567765567799999, "DAY_TOT": 19.528735153700001, "LAT": 35.079289916900002, "LONG": -106.60065976200001 }, "geometry": { "type": "Point", "coordinates": [ -106.600659761575912, 35.079289916938258 ] } },
{ "type": "Feature", "properties": { "ROUTE": 66.0, "DAY": "WKDY", "DIR": "Inbound", "STOP": 37.0, "STOPNAME": "CENTRAL @ SIERRA", "DAY_ON": 2.7710539460499999, "DAY_OFF": 4.9799284049299999, "DAY_TOT": 7.7509823509800002, "LAT": 35.079034582399998, "LONG": -106.598206358 }, "geometry": { "type": "Point", "coordinates": [ -106.598206357968238, 35.079034582407559 ] } },
{ "type": "Feature", "properties": { "ROUTE": 66.0, "DAY": "WKDY", "DIR": "Inbound", "STOP": 38.0, "STOPNAME": "CENTRAL @ WASHINGTON", "DAY_ON": 10.571647796600001, "DAY_OFF": 12.4727272727, "DAY_TOT": 23.044375069400001, "LAT": 35.078639219099998, "LONG": -106.594644949 }, "geometry": { "type": "Point", "coordinates": [ -106.594644948831302, 35.078639219123652 ] } },
{ "type": "Feature", "properties": { "ROUTE": 66.0, "DAY": "WKDY", "DIR": "Inbound", "STOP": 39.0, "STOPNAME": "CENTRAL @ QUINCY", "DAY_ON": 44.041847041799997, "DAY_OFF": 26.961688311700001, "DAY_TOT": 71.003535353499998, "LAT": 35.078205366399999, "LONG": -106.590799202 }, "geometry": { "type": "Point", "coordinates": [ -106.590799202096377, 35.078205366356471 ] } },
{ "type": "Feature", "properties": { "ROUTE": 66.0, "DAY": "WKDY", "DIR": "Inbound", "STOP": 40.0, "STOPNAME": "CENTRAL @ SAN MATEO", "DAY_ON": 51.8162476412, "DAY_OFF": 51.794827394800002, "DAY_TOT": 103.611075036, "LAT": 35.077832795, "LONG": -106.587448005 }, "geometry": { "type": "Point", "coordinates": [ -106.587448005371101, 35.07783279504892 ] } },
{ "type": "Feature", "properties": { "ROUTE": 66.0, "DAY": "WKDY", "DIR": "Inbound", "STOP": 41.0, "STOPNAME": "CENTRAL @ SAN MATEO", "DAY_ON": 125.874819625, "DAY_OFF": 43.795904095899999, "DAY_TOT": 169.670723721, "LAT": 35.077611472800001, "LONG": -106.585345815 }, "geometry": { "type": "Point", "coordinates": [ -106.585345815027765, 35.077611472751244 ] } },
{ "type": "Feature", "properties": { "ROUTE": 66.0, "DAY": "WKDY", "DIR": "Inbound", "STOP": 42.0, "STOPNAME": "CENTRAL @ VALENCIA", "DAY_ON": 58.809113109099997, "DAY_OFF": 33.576540126499999, "DAY_TOT": 92.385653235700005, "LAT": 35.077155196299998, "LONG": -106.58113444200001 }, "geometry": { "type": "Point", "coordinates": [ -106.581134442308269, 35.07715519631433 ] } },
{ "type": "Feature", "properties": { "ROUTE": 66.0, "DAY": "WKDY", "DIR": "Inbound", "STOP": 43.0, "STOPNAME": "CENTRAL @ SAN PEDRO", "DAY_ON": 147.72348762300001, "DAY_OFF": 84.68482351, "DAY_TOT": 232.40831113300001, "LAT": 35.076795278399999, "LONG": -106.577847549 }, "geometry": { "type": "Point", "coordinates": [ -106.577847548593809, 35.076795278388296 ] } },
{ "type": "Feature", "properties": { "ROUTE": 66.0, "DAY": "WKDY", "DIR": "Inbound", "STOP": 44.0, "STOPNAME": "CENTRAL @ FLORIDA", "DAY_ON": 40.918475968499997, "DAY_OFF": 24.9541680542, "DAY_TOT": 65.872644022599999, "LAT": 35.076282509800002, "LONG": -106.573090992 }, "geometry": { "type": "Point", "coordinates": [ -106.573090992421882, 35.07628250976564 ] } },
{ "type": "Feature", "properties": { "ROUTE": 66.0, "DAY": "WKDY", "DIR": "Inbound", "STOP": 45.0, "STOPNAME": "CENTRAL @ INDIANA", "DAY_ON": 56.9797147297, "DAY_OFF": 43.873593073599999, "DAY_TOT": 100.85330780300001, "LAT": 35.0760551001, "LONG": -106.57101653700001 }, "geometry": { "type": "Point", "coordinates": [ -106.57101653665309, 35.076055100069553 ] } },
{ "type": "Feature", "properties": { "ROUTE": 66.0, "DAY": "WKDY", "DIR": "Inbound", "STOP": 46.0, "STOPNAME": "CENTRAL @ LOUISIANA", "DAY_ON": 162.970892996, "DAY_OFF": 67.576162726199996, "DAY_TOT": 230.54705572200001, "LAT": 35.075716252699998, "LONG": -106.5677759 }, "geometry": { "type": "Point", "coordinates": [ -106.567775900255754, 35.075716252670489 ] } },
{ "type": "Feature", "properties": { "ROUTE": 66.0, "DAY": "WKDY", "DIR": "Inbound", "STOP": 47.0, "STOPNAME": "CENTRAL @ ALCAZAR", "DAY_ON": 34.552688977700001, "DAY_OFF": 29.744141969099999, "DAY_TOT": 64.2968309468, "LAT": 35.075460118599999, "LONG": -106.56585618299999 }, "geometry": { "type": "Point", "coordinates": [ -106.565856182621729, 35.075460118624868 ] } },
{ "type": "Feature", "properties": { "ROUTE": 66.0, "DAY": "WKDY", "DIR": "Inbound", "STOP": 48.0, "STOPNAME": "CENTRAL @ SAN PABLO", "DAY_ON": 41.721944721900002, "DAY_OFF": 82.864502164499996, "DAY_TOT": 124.586446886, "LAT": 35.075191781500003, "LONG": -106.56338054299999 }, "geometry": { "type": "Point", "coordinates": [ -106.563380542972979, 35.075191781451402 ] } },
{ "type": "Feature", "properties": { "ROUTE": 66.0, "DAY": "WKDY", "DIR": "Inbound", "STOP": 49.0, "STOPNAME": "CENTRAL @ CHARLESTON", "DAY_ON": 86.163328338300005, "DAY_OFF": 109.260037185, "DAY_TOT": 195.423365523, "LAT": 35.074907843600002, "LONG": -106.560951749 }, "geometry": { "type": "Point", "coordinates": [ -106.560951748565245, 35.074907843584889 ] } },
{ "type": "Feature", "properties": { "ROUTE": 66.0, "DAY": "WKDY", "DIR": "Inbound", "STOP": 50.0, "STOPNAME": "CENTRAL @ UTAH", "DAY_ON": 76.398667998700006, "DAY_OFF": 149.07816350300001, "DAY_TOT": 225.47683150200001, "LAT": 35.074330141899999, "LONG": -106.555353384 }, "geometry": { "type": "Point", "coordinates": [ -106.555353384101124, 35.074330141854588 ] } },
{ "type": "Feature", "properties": { "ROUTE": 66.0, "DAY": "WKDY", "DIR": "Inbound", "STOP": 51.0, "STOPNAME": "CENTRAL @ VIRGINIA", "DAY_ON": 15.8454711955, "DAY_OFF": 39.751198801199997, "DAY_TOT": 55.596669996700001, "LAT": 35.074068463700002, "LONG": -106.552869168 }, "geometry": { "type": "Point", "coordinates": [ -106.552869167560587, 35.074068463711242 ] } },
{ "type": "Feature", "properties": { "ROUTE": 66.0, "DAY": "WKDY", "DIR": "Inbound", "STOP": 52.0, "STOPNAME": "CENTRAL @ WYOMING", "DAY_ON": 26.220399045400001, "DAY_OFF": 91.643251193300003, "DAY_TOT": 117.86365023899999, "LAT": 35.073845347400002, "LONG": -106.55066739599999 }, "geometry": { "type": "Point", "coordinates": [ -106.550667396182433, 35.073845347412039 ] } },
{ "type": "Feature", "properties": { "ROUTE": 66.0, "DAY": "WKDY", "DIR": "Inbound", "STOP": 53.0, "STOPNAME": "CENTRAL @ WYOMING", "DAY_ON": 61.635908535900001, "DAY_OFF": 42.906285381300002, "DAY_TOT": 104.54219391700001, "LAT": 35.073774262699999, "LONG": -106.550041501 }, "geometry": { "type": "Point", "coordinates": [ -106.550041501394006, 35.073774262718949 ] } },
{ "type": "Feature", "properties": { "ROUTE": 66.0, "DAY": "WKDY", "DIR": "Inbound", "STOP": 54.0, "STOPNAME": "CENTRAL @ ZUNI", "DAY_ON": 15.4759046509, "DAY_OFF": 34.890209790199997, "DAY_TOT": 50.366114441100002, "LAT": 35.073353248700002, "LONG": -106.546120227 }, "geometry": { "type": "Point", "coordinates": [ -106.546120226616154, 35.073353248650875 ] } },
{ "type": "Feature", "properties": { "ROUTE": 66.0, "DAY": "WKDY", "DIR": "Inbound", "STOP": 55.0, "STOPNAME": "CENTRAL @ MOON", "DAY_ON": 6.05235320235, "DAY_OFF": 13.286405261400001, "DAY_TOT": 19.338758463800001, "LAT": 35.072976656199998, "LONG": -106.542632352 }, "geometry": { "type": "Point", "coordinates": [ -106.542632352033891, 35.072976656200197 ] } },
{ "type": "Feature", "properties": { "ROUTE": 66.0, "DAY": "WKDY", "DIR": "Inbound", "STOP": 56.0, "STOPNAME": "CENTRAL @ ALTEZ", "DAY_ON": 3.1196470196499999, "DAY_OFF": 11.706598956600001, "DAY_TOT": 14.826245976199999, "LAT": 35.072585871599998, "LONG": -106.53903096499999 }, "geometry": { "type": "Point", "coordinates": [ -106.539030965214508, 35.072585871550437 ] } },
{ "type": "Feature", "properties": { "ROUTE": 66.0, "DAY": "WKDY", "DIR": "Inbound", "STOP": 57.0, "STOPNAME": "CENTRAL @ CONCHAS", "DAY_ON": 4.566991342, "DAY_OFF": 39.084684759699996, "DAY_TOT": 43.651676101699998, "LAT": 35.072239155699997, "LONG": -106.535848448 }, "geometry": { "type": "Point", "coordinates": [ -106.535848447836443, 35.072239155737869 ] } },
{ "type": "Feature", "properties": { "ROUTE": 66.0, "DAY": "WKDY", "DIR": "Inbound", "STOP": 58.0, "STOPNAME": "CENTRAL @ EUBANK", "DAY_ON": 5.8870351870400004, "DAY_OFF": 53.357387057399997, "DAY_TOT": 59.244422244399999, "LAT": 35.072059659700002, "LONG": -106.534208978 }, "geometry": { "type": "Point", "coordinates": [ -106.534208977510104, 35.072059659664802 ] } },
{ "type": "Feature", "properties": { "ROUTE": 66.0, "DAY": "WKDY", "DIR": "Inbound", "STOP": 59.0, "STOPNAME": "CENTRAL @ EUBANK", "DAY_ON": 56.4337468087, "DAY_OFF": 167.19172216699999, "DAY_TOT": 223.62546897499999, "LAT": 35.071812786899997, "LONG": -106.53198184599999 }, "geometry": { "type": "Point", "coordinates": [ -106.531981845583474, 35.071812786853798 ] } },
{ "type": "Feature", "properties": { "ROUTE": 66.0, "DAY": "WKDY", "DIR": "Inbound", "STOP": 60.0, "STOPNAME": "CENTRAL @ BRITT", "DAY_ON": 4.07473359973, "DAY_OFF": 9.37916805417, "DAY_TOT": 13.453901653899999, "LAT": 35.071433941000002, "LONG": -106.528468868 }, "geometry": { "type": "Point", "coordinates": [ -106.52846886839518, 35.071433940958563 ] } },
{ "type": "Feature", "properties": { "ROUTE": 66.0, "DAY": "WKDY", "DIR": "Inbound", "STOP": 61.0, "STOPNAME": "CENTRAL @ ELIZABETH", "DAY_ON": 10.0222471972, "DAY_OFF": 23.0721861472, "DAY_TOT": 33.094433344400002, "LAT": 35.071006738000001, "LONG": -106.524537205 }, "geometry": { "type": "Point", "coordinates": [ -106.524537205242765, 35.071006738043273 ] } },
{ "type": "Feature", "properties": { "ROUTE": 66.0, "DAY": "WKDY", "DIR": "Inbound", "STOP": 62.0, "STOPNAME": "CENTRAL @ DOROTHY", "DAY_ON": 2.4963536463499998, "DAY_OFF": 8.3731906981899993, "DAY_TOT": 10.8695443445, "LAT": 35.070663785500003, "LONG": -106.52137836199999 }, "geometry": { "type": "Point", "coordinates": [ -106.521378362167383, 35.070663785511165 ] } },
{ "type": "Feature", "properties": { "ROUTE": 66.0, "DAY": "WKDY", "DIR": "Inbound", "STOP": 63.0, "STOPNAME": "CENTRAL @ SHIRLEY", "DAY_ON": 0.73493173492999997, "DAY_OFF": 11.5964452214, "DAY_TOT": 12.3313769564, "LAT": 35.070346675499998, "LONG": -106.518229895 }, "geometry": { "type": "Point", "coordinates": [ -106.518229894856319, 35.070346675537834 ] } },
{ "type": "Feature", "properties": { "ROUTE": 66.0, "DAY": "WKDY", "DIR": "Inbound", "STOP": 64.0, "STOPNAME": "CENTRAL @ JUAN TABO", "DAY_ON": 18.929220779200001, "DAY_OFF": 72.739479964500006, "DAY_TOT": 91.668700743700001, "LAT": 35.069937461099997, "LONG": -106.514529278 }, "geometry": { "type": "Point", "coordinates": [ -106.514529277758868, 35.069937461091506 ] } },
{ "type": "Feature", "properties": { "ROUTE": 66.0, "DAY": "WKDY", "DIR": "Inbound", "STOP": 65.0, "STOPNAME": "CENTRAL @ WESTERN SKIES", "DAY_ON": 11.5013320013, "DAY_OFF": 54.402111777099996, "DAY_TOT": 65.903443778400003, "LAT": 35.069351730299999, "LONG": -106.509121248 }, "geometry": { "type": "Point", "coordinates": [ -106.509121247894541, 35.06935173029099 ] } },
{ "type": "Feature", "properties": { "ROUTE": 66.0, "DAY": "WKDY", "DIR": "Inbound", "STOP": 66.0, "STOPNAME": "CENTRAL @ WESTERN SKIES", "DAY_ON": 0.0, "DAY_OFF": 0.0, "DAY_TOT": 0.0, "LAT": 35.069172359, "LONG": -106.50745948799999 }, "geometry": { "type": "Point", "coordinates": [ -106.507459487800602, 35.069172358976132 ] } },
{ "type": "Feature", "properties": { "ROUTE": 66.0, "DAY": "WKDY", "DIR": "Inbound", "STOP": 67.0, "STOPNAME": "CENTRAL @ DORADO", "DAY_ON": 5.4096986346999998, "DAY_OFF": 35.932248307199998, "DAY_TOT": 41.341946941899998, "LAT": 35.068955215300001, "LONG": -106.50549431500001 }, "geometry": { "type": "Point", "coordinates": [ -106.505494315263334, 35.068955215318958 ] } },
{ "type": "Feature", "properties": { "ROUTE": 66.0, "DAY": "WKDY", "DIR": "Inbound", "STOP": 68.0, "STOPNAME": "CENTRAL @ DORADO", "DAY_ON": 4.5342074592100001, "DAY_OFF": 80.954295704299994, "DAY_TOT": 85.488503163499999, "LAT": 35.068681395, "LONG": -106.503054315 }, "geometry": { "type": "Point", "coordinates": [ -106.50305431489906, 35.068681394981503 ] } },
{ "type": "Feature", "properties": { "ROUTE": 66.0, "DAY": "WKDY", "DIR": "Inbound", "STOP": 69.0, "STOPNAME": "WENONAH @ TRAMWAY", "DAY_ON": 1.0909090909100001, "DAY_OFF": 217.581085581, "DAY_TOT": 218.67199467200001, "LAT": 35.066036684399997, "LONG": -106.499547331 }, "geometry": { "type": "Point", "coordinates": [ -106.499547330602041, 35.066036684356419 ] } },
{ "type": "Feature", "properties": { "ROUTE": 97.0, "DAY": "WKDY", "DIR": "Outbound", "STOP": 1.0, "STOPNAME": "A.T.C.", "DAY_ON": 49.952380952399999, "DAY_OFF": 0.0, "DAY_TOT": 49.952380952399999, "LAT": 35.082674981700002, "LONG": -106.647622027 }, "geometry": { "type": "Point", "coordinates": [ -106.647622026862024, 35.082674981684981 ] } },
{ "type": "Feature", "properties": { "ROUTE": 97.0, "DAY": "WKDY", "DIR": "Outbound", "STOP": 2.0, "STOPNAME": "COAL @ BROADWAY", "DAY_ON": 2.96825396825, "DAY_OFF": 2.09523809524, "DAY_TOT": 5.06349206349, "LAT": 35.079680097699999, "LONG": -106.644927094 }, "geometry": { "type": "Point", "coordinates": [ -106.644927094017092, 35.079680097680104 ] } },
{ "type": "Feature", "properties": { "ROUTE": 97.0, "DAY": "WKDY", "DIR": "Outbound", "STOP": 3.0, "STOPNAME": "COAL @ HIGH", "DAY_ON": 4.3650793650799997, "DAY_OFF": 1.1587301587300001, "DAY_TOT": 5.5238095238099998, "LAT": 35.079146764299999, "LONG": -106.64082888900001 }, "geometry": { "type": "Point", "coordinates": [ -106.64082888888889, 35.079146764346767 ] } },
{ "type": "Feature", "properties": { "ROUTE": 97.0, "DAY": "WKDY", "DIR": "Outbound", "STOP": 4.0, "STOPNAME": "COAL @ MULBERRY", "DAY_ON": 0.50793650794, "DAY_OFF": 0.0, "DAY_TOT": 0.50793650794, "LAT": 35.078563101299999, "LONG": -106.636317631 }, "geometry": { "type": "Point", "coordinates": [ -106.63631763125764, 35.0785631013431 ] } },
{ "type": "Feature", "properties": { "ROUTE": 97.0, "DAY": "WKDY", "DIR": "Outbound", "STOP": 5.0, "STOPNAME": "COAL @ SPRUCE", "DAY_ON": 2.3333333333300001, "DAY_OFF": 1.2063492063500001, "DAY_TOT": 3.5396825396799998, "LAT": 35.078214957299998, "LONG": -106.633570232 }, "geometry": { "type": "Point", "coordinates": [ -106.633570231990234, 35.078214957264962 ] } },
{ "type": "Feature", "properties": { "ROUTE": 97.0, "DAY": "WKDY", "DIR": "Outbound", "STOP": 6.0, "STOPNAME": "COAL @ HAZELDINE", "DAY_ON": 4.1269841269800001, "DAY_OFF": 1.98412698413, "DAY_TOT": 6.1111111111099996, "LAT": 35.076358302800003, "LONG": -106.62810417599999 }, "geometry": { "type": "Point", "coordinates": [ -106.628104175824163, 35.076358302808295 ] } },
{ "type": "Feature", "properties": { "ROUTE": 97.0, "DAY": "WKDY", "DIR": "Outbound", "STOP": 7.0, "STOPNAME": "COAL @ UNIVERSITY", "DAY_ON": 3.2380952381000001, "DAY_OFF": 1.2857142857099999, "DAY_TOT": 4.5238095238099998, "LAT": 35.075128046400003, "LONG": -106.62568591 }, "geometry": { "type": "Point", "coordinates": [ -106.62568590964591, 35.075128046398042 ] } },
{ "type": "Feature", "properties": { "ROUTE": 97.0, "DAY": "WKDY", "DIR": "Outbound", "STOP": 8.0, "STOPNAME": "COAL @ YALE", "DAY_ON": 10.714285714300001, "DAY_OFF": 5.6190476190499998, "DAY_TOT": 16.333333333300001, "LAT": 35.0753503663, "LONG": -106.62156802200001 }, "geometry": { "type": "Point", "coordinates": [ -106.621568021978035, 35.075350366300363 ] } },
{ "type": "Feature", "properties": { "ROUTE": 97.0, "DAY": "WKDY", "DIR": "Outbound", "STOP": 9.0, "STOPNAME": "COAL @ GIRARD", "DAY_ON": 1.5873015873, "DAY_OFF": 1.60317460317, "DAY_TOT": 3.1904761904800001, "LAT": 35.0754976435, "LONG": -106.613650134 }, "geometry": { "type": "Point", "coordinates": [ -106.61365013431012, 35.075497643467649 ] } },
{ "type": "Feature", "properties": { "ROUTE": 97.0, "DAY": "WKDY", "DIR": "Outbound", "STOP": 10.0, "STOPNAME": "COAL @ CARLISLE", "DAY_ON": 1.3333333333299999, "DAY_OFF": 2.2698412698400001, "DAY_TOT": 3.6031746031699998, "LAT": 35.075467997600001, "LONG": -106.604836178 }, "geometry": { "type": "Point", "coordinates": [ -106.604836178266169, 35.075467997558 ] } },
{ "type": "Feature", "properties": { "ROUTE": 97.0, "DAY": "WKDY", "DIR": "Outbound", "STOP": 11.0, "STOPNAME": "ZUNI @ ADAMS", "DAY_ON": 1.53968253968, "DAY_OFF": 1.55555555556, "DAY_TOT": 3.09523809524, "LAT": 35.074331965799999, "LONG": -106.59447753400001 }, "geometry": { "type": "Point", "coordinates": [ -106.59447753357756, 35.074331965811972 ] } },
{ "type": "Feature", "properties": { "ROUTE": 97.0, "DAY": "WKDY", "DIR": "Outbound", "STOP": 12.0, "STOPNAME": "ZUNI @ SAN MATEO", "DAY_ON": 7.6190476190499998, "DAY_OFF": 13.5714285714, "DAY_TOT": 21.1904761905, "LAT": 35.072857411500003, "LONG": -106.585630745 }, "geometry": { "type": "Point", "coordinates": [ -106.585630744810771, 35.072857411477415 ] } },
{ "type": "Feature", "properties": { "ROUTE": 97.0, "DAY": "WKDY", "DIR": "Outbound", "STOP": 13.0, "STOPNAME": "ZUNI @ ALVARADO", "DAY_ON": 7.8253968254000004, "DAY_OFF": 10.7619047619, "DAY_TOT": 18.587301587300001, "LAT": 35.072805836400001, "LONG": -106.58147011 }, "geometry": { "type": "Point", "coordinates": [ -106.581470109890105, 35.072805836385832 ] } },
{ "type": "Feature", "properties": { "ROUTE": 97.0, "DAY": "WKDY", "DIR": "Outbound", "STOP": 14.0, "STOPNAME": "ZUNI @ SAN PEDRO", "DAY_ON": 4.0, "DAY_OFF": 9.7142857142899999, "DAY_TOT": 13.714285714300001, "LAT": 35.072760170899997, "LONG": -106.57707947500001 }, "geometry": { "type": "Point", "coordinates": [ -106.577079474969452, 35.072760170940178 ] } },
{ "type": "Feature", "properties": { "ROUTE": 97.0, "DAY": "WKDY", "DIR": "Outbound", "STOP": 15.0, "STOPNAME": "ZUNI @ FLORIDA", "DAY_ON": 1.11111111111, "DAY_OFF": 3.6507936507899998, "DAY_TOT": 4.7619047619000003, "LAT": 35.072710989000001, "LONG": -106.572752576 }, "geometry": { "type": "Point", "coordinates": [ -106.572752576312567, 35.072710989010993 ] } },
{ "type": "Feature", "properties": { "ROUTE": 97.0, "DAY": "WKDY", "DIR": "Outbound", "STOP": 16.0, "STOPNAME": "ZUNI @ ALCAZAR", "DAY_ON": 5.5873015872999998, "DAY_OFF": 8.0634920634899991, "DAY_TOT": 13.650793650800001, "LAT": 35.072677912099998, "LONG": -106.567852711 }, "geometry": { "type": "Point", "coordinates": [ -106.567852710622702, 35.072677912087912 ] } },
{ "type": "Feature", "properties": { "ROUTE": 97.0, "DAY": "WKDY", "DIR": "Outbound", "STOP": 17.0, "STOPNAME": "ZUNI @ SAN PABLO", "DAY_ON": 5.1269841269800001, "DAY_OFF": 9.9365079365100009, "DAY_TOT": 15.0634920635, "LAT": 35.072736214899997, "LONG": -106.56297486 }, "geometry": { "type": "Point", "coordinates": [ -106.562974859584855, 35.072736214896224 ] } },
{ "type": "Feature", "properties": { "ROUTE": 97.0, "DAY": "WKDY", "DIR": "Outbound", "STOP": 18.0, "STOPNAME": "ZUNI @ PENNSYLVANIA", "DAY_ON": 1.3650793650799999, "DAY_OFF": 4.5238095238099998, "DAY_TOT": 5.8888888888900004, "LAT": 35.072797619, "LONG": -106.55898433500001 }, "geometry": { "type": "Point", "coordinates": [ -106.558984334554324, 35.072797619047627 ] } },
{ "type": "Feature", "properties": { "ROUTE": 97.0, "DAY": "WKDY", "DIR": "Outbound", "STOP": 19.0, "STOPNAME": "ZUNI @ UTAH", "DAY_ON": 1.2222222222200001, "DAY_OFF": 7.7936507936500004, "DAY_TOT": 9.0158730158699996, "LAT": 35.072787252700003, "LONG": -106.555305702 }, "geometry": { "type": "Point", "coordinates": [ -106.555305702075714, 35.072787252747254 ] } },
{ "type": "Feature", "properties": { "ROUTE": 97.0, "DAY": "WKDY", "DIR": "Outbound", "STOP": 20.0, "STOPNAME": "WYOMING @ CENTRAL", "DAY_ON": 3.96825396825, "DAY_OFF": 12.6984126984, "DAY_TOT": 16.666666666699999, "LAT": 35.073350341900003, "LONG": -106.550337582 }, "geometry": { "type": "Point", "coordinates": [ -106.550337582417583, 35.073350341880349 ] } },
{ "type": "Feature", "properties": { "ROUTE": 97.0, "DAY": "WKDY", "DIR": "Outbound", "STOP": 21.0, "STOPNAME": "CENTRAL @ ZUNI", "DAY_ON": 0.88888888888999995, "DAY_OFF": 2.88888888889, "DAY_TOT": 3.7777777777799999, "LAT": 35.073323772899997, "LONG": -106.546149621 }, "geometry": { "type": "Point", "coordinates": [ -106.546149621489633, 35.073323772893772 ] } },
{ "type": "Feature", "properties": { "ROUTE": 97.0, "DAY": "WKDY", "DIR": "Outbound", "STOP": 22.0, "STOPNAME": "ZUNI @ WYOMING", "DAY_ON": 0.0, "DAY_OFF": 1.8730158730199999, "DAY_TOT": 1.8730158730199999, "LAT": 35.072808730200002, "LONG": -106.549522552 }, "geometry": { "type": "Point", "coordinates": [ -106.549522551892551, 35.072808730158727 ] } },
{ "type": "Feature", "properties": { "ROUTE": 97.0, "DAY": "WKDY", "DIR": "Inbound", "STOP": 1.0, "STOPNAME": "ZUNI @ WYOMING", "DAY_ON": 4.2063492063499996, "DAY_OFF": 0.0, "DAY_TOT": 4.2063492063499996, "LAT": 35.072800634899998, "LONG": -106.55211436499999 }, "geometry": { "type": "Point", "coordinates": [ -106.552114365079362, 35.07280063492064 ] } },
{ "type": "Feature", "properties": { "ROUTE": 97.0, "DAY": "WKDY", "DIR": "Inbound", "STOP": 2.0, "STOPNAME": "ZUNI @ TEXAS", "DAY_ON": 7.2222222222200001, "DAY_OFF": 0.66666666666999996, "DAY_TOT": 7.8888888888900004, "LAT": 35.072806058200001, "LONG": -106.555341852 }, "geometry": { "type": "Point", "coordinates": [ -106.55534185185185, 35.072806058201053 ] } },
{ "type": "Feature", "properties": { "ROUTE": 97.0, "DAY": "WKDY", "DIR": "Inbound", "STOP": 3.0, "STOPNAME": "ZUNI @ PENNSYLVANIA", "DAY_ON": 5.2698412698399997, "DAY_OFF": 0.92063492063999997, "DAY_TOT": 6.1904761904800001, "LAT": 35.072808148100002, "LONG": -106.559557037 }, "geometry": { "type": "Point", "coordinates": [ -106.559557037037038, 35.072808148148148 ] } },
{ "type": "Feature", "properties": { "ROUTE": 97.0, "DAY": "WKDY", "DIR": "Inbound", "STOP": 4.0, "STOPNAME": "ZUNI @ SAN PABLO", "DAY_ON": 13.650793650800001, "DAY_OFF": 0.80952380952000003, "DAY_TOT": 14.460317460300001, "LAT": 35.072753888900003, "LONG": -106.56362138900001 }, "geometry": { "type": "Point", "coordinates": [ -106.563621388888876, 35.07275388888889 ] } },
{ "type": "Feature", "properties": { "ROUTE": 97.0, "DAY": "WKDY", "DIR": "Inbound", "STOP": 5.0, "STOPNAME": "ZUNI @ LOUISIANA", "DAY_ON": 8.1746031745999996, "DAY_OFF": 1.92063492063, "DAY_TOT": 10.095238095199999, "LAT": 35.0727047751, "LONG": -106.56788411399999 }, "geometry": { "type": "Point", "coordinates": [ -106.56788411375662, 35.07270477513228 ] } },
{ "type": "Feature", "properties": { "ROUTE": 97.0, "DAY": "WKDY", "DIR": "Inbound", "STOP": 6.0, "STOPNAME": "ZUNI @ FLORIDA", "DAY_ON": 1.3333333333299999, "DAY_OFF": 2.3968253968300002, "DAY_TOT": 3.7301587301599999, "LAT": 35.072738121699999, "LONG": -106.573346019 }, "geometry": { "type": "Point", "coordinates": [ -106.573346018518521, 35.072738121693121 ] } },
{ "type": "Feature", "properties": { "ROUTE": 97.0, "DAY": "WKDY", "DIR": "Inbound", "STOP": 7.0, "STOPNAME": "ZUNI @ SAN PEDRO", "DAY_ON": 6.3968253968299997, "DAY_OFF": 3.95238095238, "DAY_TOT": 10.349206349199999, "LAT": 35.072806534400002, "LONG": -106.57805787 }, "geometry": { "type": "Point", "coordinates": [ -106.578057870370387, 35.072806534391532 ] } },
{ "type": "Feature", "properties": { "ROUTE": 97.0, "DAY": "WKDY", "DIR": "Inbound", "STOP": 8.0, "STOPNAME": "ZUNI @ ALVARADO", "DAY_ON": 9.0634920634899991, "DAY_OFF": 5.5714285714300003, "DAY_TOT": 14.6349206349, "LAT": 35.072836970899999, "LONG": -106.581688082 }, "geometry": { "type": "Point", "coordinates": [ -106.581688082010601, 35.07283697089948 ] } },
{ "type": "Feature", "properties": { "ROUTE": 97.0, "DAY": "WKDY", "DIR": "Inbound", "STOP": 9.0, "STOPNAME": "ZUNI @ SAN MATEO", "DAY_ON": 3.3333333333300001, "DAY_OFF": 10.1111111111, "DAY_TOT": 13.4444444444, "LAT": 35.073011600500003, "LONG": -106.586830066 }, "geometry": { "type": "Point", "coordinates": [ -106.586830066137551, 35.073011600529114 ] } },
{ "type": "Feature", "properties": { "ROUTE": 97.0, "DAY": "WKDY", "DIR": "Inbound", "STOP": 10.0, "STOPNAME": "ZUNI @ ADAMS", "DAY_ON": 3.18849206349, "DAY_OFF": 1.4583333333299999, "DAY_TOT": 4.6468253968299997, "LAT": 35.074427141199997, "LONG": -106.59419848500001 }, "geometry": { "type": "Point", "coordinates": [ -106.594198485449724, 35.074427141203707 ] } },
{ "type": "Feature", "properties": { "ROUTE": 97.0, "DAY": "WKDY", "DIR": "Inbound", "STOP": 11.0, "STOPNAME": "LEAD @ CARLISLE", "DAY_ON": 1.3174603174599999, "DAY_OFF": 1.4424603174599999, "DAY_TOT": 2.7599206349199998, "LAT": 35.077266082999998, "LONG": -106.60437129100001 }, "geometry": { "type": "Point", "coordinates": [ -106.604371291335966, 35.077266083002648 ] } },
{ "type": "Feature", "properties": { "ROUTE": 97.0, "DAY": "WKDY", "DIR": "Inbound", "STOP": 12.0, "STOPNAME": "LEAD @ GIRARD", "DAY_ON": 1.18849206349, "DAY_OFF": 1.64682539683, "DAY_TOT": 2.8353174603200002, "LAT": 35.077299158400002, "LONG": -106.612956346 }, "geometry": { "type": "Point", "coordinates": [ -106.612956345899477, 35.077299158399477 ] } },
{ "type": "Feature", "properties": { "ROUTE": 97.0, "DAY": "WKDY", "DIR": "Inbound", "STOP": 13.0, "STOPNAME": "LEAD @ YALE", "DAY_ON": 3.93650793651, "DAY_OFF": 10.3650793651, "DAY_TOT": 14.3015873016, "LAT": 35.077458240699997, "LONG": -106.621853849 }, "geometry": { "type": "Point", "coordinates": [ -106.621853849206346, 35.077458240740746 ] } },
{ "type": "Feature", "properties": { "ROUTE": 97.0, "DAY": "WKDY", "DIR": "Inbound", "STOP": 14.0, "STOPNAME": "LEAD @ MESA", "DAY_ON": 1.09523809524, "DAY_OFF": 1.7142857142900001, "DAY_TOT": 2.8095238095199999, "LAT": 35.078277076699997, "LONG": -106.62636128299999 }, "geometry": { "type": "Point", "coordinates": [ -106.626361283068761, 35.078277076719566 ] } },
{ "type": "Feature", "properties": { "ROUTE": 97.0, "DAY": "WKDY", "DIR": "Inbound", "STOP": 15.0, "STOPNAME": "LEAD @ CEDAR", "DAY_ON": 0.88888888888999995, "DAY_OFF": 1.57142857143, "DAY_TOT": 2.4603174603200002, "LAT": 35.079410119000002, "LONG": -106.634723373 }, "geometry": { "type": "Point", "coordinates": [ -106.634723373015873, 35.079410119047608 ] } },
{ "type": "Feature", "properties": { "ROUTE": 97.0, "DAY": "WKDY", "DIR": "Inbound", "STOP": 16.0, "STOPNAME": "LEAD @ ELM", "DAY_ON": 1.0, "DAY_OFF": 2.96825396825, "DAY_TOT": 3.96825396825, "LAT": 35.080040899499998, "LONG": -106.639557143 }, "geometry": { "type": "Point", "coordinates": [ -106.639557142857143, 35.080040899470902 ] } },
{ "type": "Feature", "properties": { "ROUTE": 97.0, "DAY": "WKDY", "DIR": "Inbound", "STOP": 17.0, "STOPNAME": "LEAD @ BROADWAY", "DAY_ON": 0.88888888888999995, "DAY_OFF": 2.6984126984099999, "DAY_TOT": 3.5873015872999998, "LAT": 35.080695290999998, "LONG": -106.644845688 }, "geometry": { "type": "Point", "coordinates": [ -106.644845687830681, 35.080695291005284 ] } },
{ "type": "Feature", "properties": { "ROUTE": 97.0, "DAY": "WKDY", "DIR": "Inbound", "STOP": 18.0, "STOPNAME": "2ND @ SILVER", "DAY_ON": 0.0, "DAY_OFF": 5.7380952380999997, "DAY_TOT": 5.7380952380999997, "LAT": 35.0825373363, "LONG": -106.649536625 }, "geometry": { "type": "Point", "coordinates": [ -106.649536625330668, 35.082537336309514 ] } },
{ "type": "Feature", "properties": { "ROUTE": 97.0, "DAY": "WKDY", "DIR": "Inbound", "STOP": 19.0, "STOPNAME": "A.T.C.", "DAY_ON": 0.0, "DAY_OFF": 42.206349206299997, "DAY_TOT": 42.206349206299997, "LAT": 35.0826863757, "LONG": -106.64761404799999 }, "geometry": { "type": "Point", "coordinates": [ -106.647614047619058, 35.082686375661389 ] } },
{ "type": "Feature", "properties": { "ROUTE": 140.0, "DAY": "WKDY", "DIR": "Outbound", "STOP": 1.0, "STOPNAME": "EAGLE ROCK @ CNM TRAINING CT", "DAY_ON": 7.0385780885799996, "DAY_OFF": 0.78717948717999997, "DAY_TOT": 7.82575757576, "LAT": 35.187536756599997, "LONG": -106.584577791 }, "geometry": { "type": "Point", "coordinates": [ -106.584577791083916, 35.18753675655595 ] } },
{ "type": "Feature", "properties": { "ROUTE": 140.0, "DAY": "WKDY", "DIR": "Outbound", "STOP": 2.0, "STOPNAME": "SAN MATEO @ SAN DIEGO", "DAY_ON": 0.0, "DAY_OFF": 0.0, "DAY_TOT": 0.0, "LAT": 35.191134457099999, "LONG": -106.586386553 }, "geometry": { "type": "Point", "coordinates": [ -106.586386553030309, 35.19113445707071 ] } },
{ "type": "Feature", "properties": { "ROUTE": 140.0, "DAY": "WKDY", "DIR": "Outbound", "STOP": 3.0, "STOPNAME": "SAN DIEGO @ SAN MATEO", "DAY_ON": 1.62373737374, "DAY_OFF": 0.08333333333, "DAY_TOT": 1.70707070707, "LAT": 35.193156922299998, "LONG": -106.587307131 }, "geometry": { "type": "Point", "coordinates": [ -106.587307130681822, 35.193156922348493 ] } },
{ "type": "Feature", "properties": { "ROUTE": 140.0, "DAY": "WKDY", "DIR": "Outbound", "STOP": 4.0, "STOPNAME": "JEFFERSON @ SAN DIEGO", "DAY_ON": 0.0, "DAY_OFF": 0.0, "DAY_TOT": 0.0, "LAT": 35.190060536499999, "LONG": -106.592842198 }, "geometry": { "type": "Point", "coordinates": [ -106.592842198051954, 35.190060536525984 ] } },
{ "type": "Feature", "properties": { "ROUTE": 140.0, "DAY": "WKDY", "DIR": "Outbound", "STOP": 5.0, "STOPNAME": "JEFFERSON @ WATERCRESS", "DAY_ON": 0.0, "DAY_OFF": 0.0, "DAY_TOT": 0.0, "LAT": 35.187932925299997, "LONG": -106.592107759 }, "geometry": { "type": "Point", "coordinates": [ -106.592107759334425, 35.187932925324681 ] } },
{ "type": "Feature", "properties": { "ROUTE": 140.0, "DAY": "WKDY", "DIR": "Outbound", "STOP": 6.0, "STOPNAME": "JEFFERSON @ GOLDENTHREAD", "DAY_ON": 5.4032467532500004, "DAY_OFF": 0.0, "DAY_TOT": 5.4032467532500004, "LAT": 35.185568267500003, "LONG": -106.59175115399999 }, "geometry": { "type": "Point", "coordinates": [ -106.591751154220788, 35.185568267451302 ] } },
{ "type": "Feature", "properties": { "ROUTE": 140.0, "DAY": "WKDY", "DIR": "Outbound", "STOP": 7.0, "STOPNAME": "JEFFERSON @ ALAMEDA", "DAY_ON": 3.7398989899, "DAY_OFF": 0.0, "DAY_TOT": 3.7398989899, "LAT": 35.183819458599999, "LONG": -106.59168996699999 }, "geometry": { "type": "Point", "coordinates": [ -106.591689966856052, 35.183819458648991 ] } },
{ "type": "Feature", "properties": { "ROUTE": 140.0, "DAY": "WKDY", "DIR": "Outbound", "STOP": 8.0, "STOPNAME": "JEFFERSON @ WILSHIRE", "DAY_ON": 1.6085858585899999, "DAY_OFF": 0.09090909091, "DAY_TOT": 1.69949494949, "LAT": 35.181244775899998, "LONG": -106.591844931 }, "geometry": { "type": "Point", "coordinates": [ -106.591844930555553, 35.181244775883833 ] } },
{ "type": "Feature", "properties": { "ROUTE": 140.0, "DAY": "WKDY", "DIR": "Outbound", "STOP": 9.0, "STOPNAME": "JEFFERSON @ DOMINGO BACA", "DAY_ON": 0.27272727273000003, "DAY_OFF": 0.0, "DAY_TOT": 0.27272727273000003, "LAT": 35.178436062199999, "LONG": -106.592627249 }, "geometry": { "type": "Point", "coordinates": [ -106.592627249053024, 35.178436062184339 ] } },
{ "type": "Feature", "properties": { "ROUTE": 140.0, "DAY": "WKDY", "DIR": "Outbound", "STOP": 10.0, "STOPNAME": "JEFFERSON @ DOMINGO BACA", "DAY_ON": 1.47601010101, "DAY_OFF": 0.0, "DAY_TOT": 1.47601010101, "LAT": 35.175997512599999, "LONG": -106.593427418 }, "geometry": { "type": "Point", "coordinates": [ -106.593427417929277, 35.175997512626267 ] } },
{ "type": "Feature", "properties": { "ROUTE": 140.0, "DAY": "WKDY", "DIR": "Outbound", "STOP": 11.0, "STOPNAME": "JEFFERSON @ TIBURON", "DAY_ON": 1.5542929292900001, "DAY_OFF": 0.78787878788, "DAY_TOT": 2.3421717171699998, "LAT": 35.172043756299999, "LONG": -106.592167704 }, "geometry": { "type": "Point", "coordinates": [ -106.592167703598477, 35.17204375631313 ] } },
{ "type": "Feature", "properties": { "ROUTE": 140.0, "DAY": "WKDY", "DIR": "Outbound", "STOP": 12.0, "STOPNAME": "JEFFERSON @ SAN FRANCISCO", "DAY_ON": 1.81313131313, "DAY_OFF": 0.09090909091, "DAY_TOT": 1.9040404040400001, "LAT": 35.167542051799998, "LONG": -106.590096981 }, "geometry": { "type": "Point", "coordinates": [ -106.59009698074496, 35.167542051767683 ] } },
{ "type": "Feature", "properties": { "ROUTE": 140.0, "DAY": "WKDY", "DIR": "Outbound", "STOP": 13.0, "STOPNAME": "JEFFERSON @ MASTHEAD", "DAY_ON": 2.1085858585900001, "DAY_OFF": 0.125, "DAY_TOT": 2.2335858585900001, "LAT": 35.164616587799998, "LONG": -106.59293461199999 }, "geometry": { "type": "Point", "coordinates": [ -106.592934611742436, 35.164616587752526 ] } },
{ "type": "Feature", "properties": { "ROUTE": 140.0, "DAY": "WKDY", "DIR": "Outbound", "STOP": 14.0, "STOPNAME": "JEFFERSON @ ELLISON", "DAY_ON": 5.5681818181800002, "DAY_OFF": 0.09090909091, "DAY_TOT": 5.6590909090899997, "LAT": 35.160511784999997, "LONG": -106.593385497 }, "geometry": { "type": "Point", "coordinates": [ -106.59338549715909, 35.160511785037883 ] } },
{ "type": "Feature", "properties": { "ROUTE": 140.0, "DAY": "WKDY", "DIR": "Outbound", "STOP": 15.0, "STOPNAME": "SOUTHBOUND JEFFERSON @ OSUNA", "DAY_ON": 4.7790404040399999, "DAY_OFF": 0.73106060606000001, "DAY_TOT": 5.5101010100999996, "LAT": 35.158380017399999, "LONG": -106.593376668 }, "geometry": { "type": "Point", "coordinates": [ -106.593376668244943, 35.158380017361118 ] } },
{ "type": "Feature", "properties": { "ROUTE": 140.0, "DAY": "WKDY", "DIR": "Outbound", "STOP": 16.0, "STOPNAME": "SAN MATEO @ PAN AMERICAN", "DAY_ON": 7.2828282828299997, "DAY_OFF": 0.44696969697, "DAY_TOT": 7.7297979797999998, "LAT": 35.150297645199998, "LONG": -106.586722726 }, "geometry": { "type": "Point", "coordinates": [ -106.586722725694457, 35.150297645202016 ] } },
{ "type": "Feature", "properties": { "ROUTE": 140.0, "DAY": "WKDY", "DIR": "Outbound", "STOP": 17.0, "STOPNAME": "SAN MATEO @ ACADEMY", "DAY_ON": 5.74873737374, "DAY_OFF": 0.20202020202000001, "DAY_TOT": 5.95075757576, "LAT": 35.148488282800002, "LONG": -106.586593889 }, "geometry": { "type": "Point", "coordinates": [ -106.586593888888899, 35.148488282828289 ] } },
{ "type": "Feature", "properties": { "ROUTE": 140.0, "DAY": "WKDY", "DIR": "Outbound", "STOP": 18.0, "STOPNAME": "SAN MATEO @ OSUNA", "DAY_ON": 9.4835858585900006, "DAY_OFF": 0.63636363636000004, "DAY_TOT": 10.1199494949, "LAT": 35.144571466199999, "LONG": -106.586572434 }, "geometry": { "type": "Point", "coordinates": [ -106.586572433712135, 35.144571466224747 ] } },
{ "type": "Feature", "properties": { "ROUTE": 140.0, "DAY": "WKDY", "DIR": "Outbound", "STOP": 19.0, "STOPNAME": "SAN MATEO @ LINCOLN", "DAY_ON": 2.2803030302999998, "DAY_OFF": 0.18181818182000001, "DAY_TOT": 2.46212121212, "LAT": 35.142919389200003, "LONG": -106.58657963100001 }, "geometry": { "type": "Point", "coordinates": [ -106.586579630681811, 35.14291938920455 ] } },
{ "type": "Feature", "properties": { "ROUTE": 140.0, "DAY": "WKDY", "DIR": "Outbound", "STOP": 20.0, "STOPNAME": "SAN MATEO @ LINCOLN", "DAY_ON": 0.92171717172000001, "DAY_OFF": 0.20202020202000001, "DAY_TOT": 1.12373737374, "LAT": 35.141654212399999, "LONG": -106.586571656 }, "geometry": { "type": "Point", "coordinates": [ -106.586571655618698, 35.141654212436869 ] } },
{ "type": "Feature", "properties": { "ROUTE": 140.0, "DAY": "WKDY", "DIR": "Outbound", "STOP": 21.0, "STOPNAME": "SAN MATEO @ MCLEOD", "DAY_ON": 4.5265151515199999, "DAY_OFF": 0.5303030303, "DAY_TOT": 5.0568181818199998, "LAT": 35.140341542000002, "LONG": -106.58657406099999 }, "geometry": { "type": "Point", "coordinates": [ -106.586574060921706, 35.140341541982323 ] } },
{ "type": "Feature", "properties": { "ROUTE": 140.0, "DAY": "WKDY", "DIR": "Outbound", "STOP": 22.0, "STOPNAME": "SAN MATEO @ MCLEOD", "DAY_ON": 6.2676767676800003, "DAY_OFF": 2.0391414141399999, "DAY_TOT": 8.3068181818200006, "LAT": 35.138280926500002, "LONG": -106.586593419 }, "geometry": { "type": "Point", "coordinates": [ -106.586593418560625, 35.138280926452012 ] } },
{ "type": "Feature", "properties": { "ROUTE": 140.0, "DAY": "WKDY", "DIR": "Outbound", "STOP": 23.0, "STOPNAME": "SAN MATEO @ LUMBER AVE.", "DAY_ON": 5.9053030302999998, "DAY_OFF": 1.01767676768, "DAY_TOT": 6.9229797979800001, "LAT": 35.136478699500003, "LONG": -106.586579075 }, "geometry": { "type": "Point", "coordinates": [ -106.586579075126252, 35.136478699494944 ] } },
{ "type": "Feature", "properties": { "ROUTE": 140.0, "DAY": "WKDY", "DIR": "Outbound", "STOP": 24.0, "STOPNAME": "SAN MATEO @ LUMBER AVE.", "DAY_ON": 0.0, "DAY_OFF": 0.0, "DAY_TOT": 0.0, "LAT": 35.1349238289, "LONG": -106.586570333 }, "geometry": { "type": "Point", "coordinates": [ -106.586570333017647, 35.13492382891414 ] } },
{ "type": "Feature", "properties": { "ROUTE": 140.0, "DAY": "WKDY", "DIR": "Outbound", "STOP": 25.0, "STOPNAME": "SAN MATEO @ MONTGOMERY", "DAY_ON": 2.7941919191900002, "DAY_OFF": 9.0770202020199999, "DAY_TOT": 11.871212121199999, "LAT": 35.1324023122, "LONG": -106.58659538800001 }, "geometry": { "type": "Point", "coordinates": [ -106.586595388257564, 35.13240231218434 ] } },
{ "type": "Feature", "properties": { "ROUTE": 140.0, "DAY": "WKDY", "DIR": "Outbound", "STOP": 26.0, "STOPNAME": "SAN MATEO @ MONTGOMERY", "DAY_ON": 26.064393939399999, "DAY_OFF": 7.7121212121199996, "DAY_TOT": 33.7765151515, "LAT": 35.1305868687, "LONG": -106.58657759499999 }, "geometry": { "type": "Point", "coordinates": [ -106.586577594696976, 35.130586868686862 ] } },
{ "type": "Feature", "properties": { "ROUTE": 140.0, "DAY": "WKDY", "DIR": "Outbound", "STOP": 27.0, "STOPNAME": "SAN MATEO @ MONTGOMERY", "DAY_ON": 5.1931818181800002, "DAY_OFF": 0.63257575757999995, "DAY_TOT": 5.82575757576, "LAT": 35.1287760401, "LONG": -106.58657365800001 }, "geometry": { "type": "Point", "coordinates": [ -106.586573658459599, 35.128776040088376 ] } },
{ "type": "Feature", "properties": { "ROUTE": 140.0, "DAY": "WKDY", "DIR": "Outbound", "STOP": 28.0, "STOPNAME": "SAN MATEO @ GOODRICH", "DAY_ON": 3.0808080808099998, "DAY_OFF": 1.6464646464599999, "DAY_TOT": 4.7272727272699999, "LAT": 35.126323508500001, "LONG": -106.58657533900001 }, "geometry": { "type": "Point", "coordinates": [ -106.586575339330821, 35.126323508522731 ] } },
{ "type": "Feature", "properties": { "ROUTE": 140.0, "DAY": "WKDY", "DIR": "Outbound", "STOP": 29.0, "STOPNAME": "SAN MATEO @ COMANCHE", "DAY_ON": 2.31313131313, "DAY_OFF": 2.3674242424199998, "DAY_TOT": 4.6805555555599998, "LAT": 35.123548009799997, "LONG": -106.586579796 }, "geometry": { "type": "Point", "coordinates": [ -106.586579796401523, 35.123548009785353 ] } },
{ "type": "Feature", "properties": { "ROUTE": 140.0, "DAY": "WKDY", "DIR": "Outbound", "STOP": 30.0, "STOPNAME": "SAN MATEO @ MESCALERO", "DAY_ON": 3.6666666666699999, "DAY_OFF": 2.0719696969700001, "DAY_TOT": 5.7386363636400004, "LAT": 35.1222285622, "LONG": -106.586572221 }, "geometry": { "type": "Point", "coordinates": [ -106.58657222064393, 35.122228562184347 ] } },
{ "type": "Feature", "properties": { "ROUTE": 140.0, "DAY": "WKDY", "DIR": "Outbound", "STOP": 31.0, "STOPNAME": "SAN MATEO @ AZTEC", "DAY_ON": 1.36363636364, "DAY_OFF": 3.2184343434299998, "DAY_TOT": 4.5820707070699997, "LAT": 35.119598120299997, "LONG": -106.58654995099999 }, "geometry": { "type": "Point", "coordinates": [ -106.586549951073223, 35.119598120265152 ] } },
{ "type": "Feature", "properties": { "ROUTE": 140.0, "DAY": "WKDY", "DIR": "Outbound", "STOP": 32.0, "STOPNAME": "SAN MATEO @ CANDELARIA", "DAY_ON": 0.43813131312999998, "DAY_OFF": 0.51515151515000002, "DAY_TOT": 0.95328282828, "LAT": 35.118041261000002, "LONG": -106.586520163 }, "geometry": { "type": "Point", "coordinates": [ -106.586520162563147, 35.118041261047985 ] } },
{ "type": "Feature", "properties": { "ROUTE": 140.0, "DAY": "WKDY", "DIR": "Outbound", "STOP": 33.0, "STOPNAME": "SAN MATEO @ CANDELARIA", "DAY_ON": 5.4141414141400004, "DAY_OFF": 2.74873737374, "DAY_TOT": 8.1628787878800004, "LAT": 35.115884469699999, "LONG": -106.58646686900001 }, "geometry": { "type": "Point", "coordinates": [ -106.58646686868687, 35.115884469696972 ] } },
{ "type": "Feature", "properties": { "ROUTE": 140.0, "DAY": "WKDY", "DIR": "Outbound", "STOP": 34.0, "STOPNAME": "SAN MATEO @ CLAREMONT", "DAY_ON": 1.9785353535400001, "DAY_OFF": 1.6477272727300001, "DAY_TOT": 3.62626262626, "LAT": 35.112975386700001, "LONG": -106.586442494 }, "geometry": { "type": "Point", "coordinates": [ -106.58644249368686, 35.112975386679288 ] } },
{ "type": "Feature", "properties": { "ROUTE": 140.0, "DAY": "WKDY", "DIR": "Outbound", "STOP": 35.0, "STOPNAME": "SAN MATEO @ MENAUL", "DAY_ON": 9.8194444444400002, "DAY_OFF": 9.5012626262600008, "DAY_TOT": 19.320707070699999, "LAT": 35.1095476705, "LONG": -106.586496324 }, "geometry": { "type": "Point", "coordinates": [ -106.586496324179308, 35.109547670454546 ] } },
{ "type": "Feature", "properties": { "ROUTE": 140.0, "DAY": "WKDY", "DIR": "Outbound", "STOP": 36.0, "STOPNAME": "SAN MATEO @ MENAUL", "DAY_ON": 10.616161616199999, "DAY_OFF": 3.17550505051, "DAY_TOT": 13.791666666699999, "LAT": 35.108628215000003, "LONG": -106.586636867 }, "geometry": { "type": "Point", "coordinates": [ -106.586636867108581, 35.108628214962124 ] } },
{ "type": "Feature", "properties": { "ROUTE": 140.0, "DAY": "WKDY", "DIR": "Outbound", "STOP": 37.0, "STOPNAME": "SAN MATEO @ PROSPECT", "DAY_ON": 22.229797979800001, "DAY_OFF": 4.4381313131300004, "DAY_TOT": 26.667929292899998, "LAT": 35.106627217499998, "LONG": -106.58757928199999 }, "geometry": { "type": "Point", "coordinates": [ -106.587579281881318, 35.106627217487365 ] } },
{ "type": "Feature", "properties": { "ROUTE": 140.0, "DAY": "WKDY", "DIR": "Outbound", "STOP": 38.0, "STOPNAME": "SAN MATEO @ INDIAN SCHOOL", "DAY_ON": 5.1969696969700001, "DAY_OFF": 3.11111111111, "DAY_TOT": 8.3080808080799997, "LAT": 35.101055536600001, "LONG": -106.586585035 }, "geometry": { "type": "Point", "coordinates": [ -106.586585034722248, 35.101055536616158 ] } },
{ "type": "Feature", "properties": { "ROUTE": 140.0, "DAY": "WKDY", "DIR": "Outbound", "STOP": 39.0, "STOPNAME": "SAN MATEO @ HAINES", "DAY_ON": 0.80050505050999998, "DAY_OFF": 0.27272727273000003, "DAY_TOT": 1.0732323232300001, "LAT": 35.099422462100001, "LONG": -106.5864756 }, "geometry": { "type": "Point", "coordinates": [ -106.586475599747487, 35.099422462121218 ] } },
{ "type": "Feature", "properties": { "ROUTE": 140.0, "DAY": "WKDY", "DIR": "Outbound", "STOP": 40.0, "STOPNAME": "SAN MATEO @ HANNETT", "DAY_ON": 0.46717171717, "DAY_OFF": 0.38257575758000001, "DAY_TOT": 0.84974747475000001, "LAT": 35.097854157199997, "LONG": -106.586436678 }, "geometry": { "type": "Point", "coordinates": [ -106.586436677714659, 35.09785415719697 ] } },
{ "type": "Feature", "properties": { "ROUTE": 140.0, "DAY": "WKDY", "DIR": "Outbound", "STOP": 41.0, "STOPNAME": "SAN MATEO @ CONSTITUTION", "DAY_ON": 0.41666666667000002, "DAY_OFF": 0.79924242424000003, "DAY_TOT": 1.2159090909100001, "LAT": 35.094895206799997, "LONG": -106.58639498300001 }, "geometry": { "type": "Point", "coordinates": [ -106.586394982638893, 35.094895206755055 ] } },
{ "type": "Feature", "properties": { "ROUTE": 140.0, "DAY": "WKDY", "DIR": "Outbound", "STOP": 42.0, "STOPNAME": "SAN MATEO @ CONSTITUTION", "DAY_ON": 1.1856060606100001, "DAY_OFF": 0.51515151515000002, "DAY_TOT": 1.70075757576, "LAT": 35.093832252200002, "LONG": -106.586387221 }, "geometry": { "type": "Point", "coordinates": [ -106.586387220643928, 35.093832252209594 ] } },
{ "type": "Feature", "properties": { "ROUTE": 140.0, "DAY": "WKDY", "DIR": "Outbound", "STOP": 43.0, "STOPNAME": "SAN MATEO @ SUMMER", "DAY_ON": 2.8535353535399999, "DAY_OFF": 1.29292929293, "DAY_TOT": 4.1464646464600001, "LAT": 35.092502432099998, "LONG": -106.58636837100001 }, "geometry": { "type": "Point", "coordinates": [ -106.586368371212117, 35.092502432133841 ] } },
{ "type": "Feature", "properties": { "ROUTE": 140.0, "DAY": "WKDY", "DIR": "Outbound", "STOP": 44.0, "STOPNAME": "SAN MATEO @ MOUNTAIN", "DAY_ON": 0.38257575758000001, "DAY_OFF": 0.88888888888999995, "DAY_TOT": 1.2714646464599999, "LAT": 35.090710740200002, "LONG": -106.586353299 }, "geometry": { "type": "Point", "coordinates": [ -106.586353298611101, 35.090710740214639 ] } },
{ "type": "Feature", "properties": { "ROUTE": 140.0, "DAY": "WKDY", "DIR": "Outbound", "STOP": 45.0, "STOPNAME": "SAN MATEO @ LOMAS", "DAY_ON": 7.1477272727300001, "DAY_OFF": 9.6969696969699992, "DAY_TOT": 16.844696969699999, "LAT": 35.0877053062, "LONG": -106.586338966 }, "geometry": { "type": "Point", "coordinates": [ -106.586338966224744, 35.087705306186862 ] } },
{ "type": "Feature", "properties": { "ROUTE": 140.0, "DAY": "WKDY", "DIR": "Outbound", "STOP": 46.0, "STOPNAME": "SAN MATEO @ LOMAS", "DAY_ON": 9.84974747475, "DAY_OFF": 6.2815656565699998, "DAY_TOT": 16.131313131300001, "LAT": 35.086641548300001, "LONG": -106.586360947 }, "geometry": { "type": "Point", "coordinates": [ -106.586360946969691, 35.086641548295454 ] } },
{ "type": "Feature", "properties": { "ROUTE": 140.0, "DAY": "WKDY", "DIR": "Outbound", "STOP": 47.0, "STOPNAME": "SAN MATEO @ MARQUETTE", "DAY_ON": 1.4545454545500001, "DAY_OFF": 0.39772727273000003, "DAY_TOT": 1.8522727272699999, "LAT": 35.083963311200002, "LONG": -106.586333123 }, "geometry": { "type": "Point", "coordinates": [ -106.586333123421738, 35.083963311237369 ] } },
{ "type": "Feature", "properties": { "ROUTE": 140.0, "DAY": "WKDY", "DIR": "Outbound", "STOP": 48.0, "STOPNAME": "SAN MATEO @ GRAND", "DAY_ON": 0.43181818181999998, "DAY_OFF": 3.00126262626, "DAY_TOT": 3.4330808080800002, "LAT": 35.081378489599999, "LONG": -106.586333955 }, "geometry": { "type": "Point", "coordinates": [ -106.586333955176769, 35.081378489583336 ] } },
{ "type": "Feature", "properties": { "ROUTE": 140.0, "DAY": "WKDY", "DIR": "Outbound", "STOP": 49.0, "STOPNAME": "SAN MATEO @ COPPER", "DAY_ON": 0.44444444443999997, "DAY_OFF": 2.6931818181799998, "DAY_TOT": 3.13762626263, "LAT": 35.080078543200003, "LONG": -106.58633708000001 }, "geometry": { "type": "Point", "coordinates": [ -106.586337080176776, 35.080078543244944 ] } },
{ "type": "Feature", "properties": { "ROUTE": 140.0, "DAY": "WKDY", "DIR": "Outbound", "STOP": 50.0, "STOPNAME": "SAN MATEO @ CENTRAL", "DAY_ON": 5.4040404040399999, "DAY_OFF": 59.683080808100001, "DAY_TOT": 65.087121212100001, "LAT": 35.07820622, "LONG": -106.58634914300001 }, "geometry": { "type": "Point", "coordinates": [ -106.586349142992404, 35.078206220012632 ] } },
{ "type": "Feature", "properties": { "ROUTE": 140.0, "DAY": "WKDY", "DIR": "Outbound", "STOP": 51.0, "STOPNAME": "SAN MATEO @ CENTRAL", "DAY_ON": 21.6464646465, "DAY_OFF": 8.3939393939400002, "DAY_TOT": 30.040404040399999, "LAT": 35.077324304000001, "LONG": -106.586387481 }, "geometry": { "type": "Point", "coordinates": [ -106.586387481060612, 35.077324303977278 ] } },
{ "type": "Feature", "properties": { "ROUTE": 140.0, "DAY": "WKDY", "DIR": "Outbound", "STOP": 52.0, "STOPNAME": "SAN MATEO @ HIGHLAND", "DAY_ON": 9.8005050505100009, "DAY_OFF": 6.9343434343399997, "DAY_TOT": 16.734848484800001, "LAT": 35.074893920500003, "LONG": -106.586381941 }, "geometry": { "type": "Point", "coordinates": [ -106.586381941287883, 35.074893920454556 ] } },
{ "type": "Feature", "properties": { "ROUTE": 140.0, "DAY": "WKDY", "DIR": "Outbound", "STOP": 53.0, "STOPNAME": "SAN MATEO @ ZUNI", "DAY_ON": 4.6199494949500002, "DAY_OFF": 8.7285353535399999, "DAY_TOT": 13.3484848485, "LAT": 35.071873570100003, "LONG": -106.58637124800001 }, "geometry": { "type": "Point", "coordinates": [ -106.586371248421713, 35.071873570075759 ] } },
{ "type": "Feature", "properties": { "ROUTE": 140.0, "DAY": "WKDY", "DIR": "Outbound", "STOP": 54.0, "STOPNAME": "SAN MATEO @ TRUMBULL", "DAY_ON": 0.08333333333, "DAY_OFF": 7.5681818181800002, "DAY_TOT": 7.6515151515199999, "LAT": 35.0695098769, "LONG": -106.58643437000001 }, "geometry": { "type": "Point", "coordinates": [ -106.586434370265152, 35.069509876893939 ] } },
{ "type": "Feature", "properties": { "ROUTE": 140.0, "DAY": "WKDY", "DIR": "Outbound", "STOP": 55.0, "STOPNAME": "SAN MATEO @ KATHRYN", "DAY_ON": 0.64772727272999997, "DAY_OFF": 29.588383838399999, "DAY_TOT": 30.236111111100001, "LAT": 35.066962313799998, "LONG": -106.586463403 }, "geometry": { "type": "Point", "coordinates": [ -106.586463402777781, 35.06696231376263 ] } },
{ "type": "Feature", "properties": { "ROUTE": 140.0, "DAY": "WKDY", "DIR": "Outbound", "STOP": 56.0, "STOPNAME": "SAN MATEO @ ANDERSON", "DAY_ON": 0.0, "DAY_OFF": 1.56818181818, "DAY_TOT": 1.56818181818, "LAT": 35.064602214300002, "LONG": -106.586381334 }, "geometry": { "type": "Point", "coordinates": [ -106.586381333648987, 35.064602214330797 ] } },
{ "type": "Feature", "properties": { "ROUTE": 140.0, "DAY": "WKDY", "DIR": "Outbound", "STOP": 57.0, "STOPNAME": "SAN MATEO @ ROSS", "DAY_ON": 0.26515151515000002, "DAY_OFF": 3.9027777777799999, "DAY_TOT": 4.1679292929300003, "LAT": 35.062161259500002, "LONG": -106.586420739 }, "geometry": { "type": "Point", "coordinates": [ -106.586420738636349, 35.062161259469697 ] } },
{ "type": "Feature", "properties": { "ROUTE": 140.0, "DAY": "WKDY", "DIR": "Outbound", "STOP": 58.0, "STOPNAME": "SAN MATEO @ EASTERN", "DAY_ON": 0.09090909091, "DAY_OFF": 4.3308080808099998, "DAY_TOT": 4.4217171717200001, "LAT": 35.059595593399997, "LONG": -106.586544675 }, "geometry": { "type": "Point", "coordinates": [ -106.586544674873721, 35.059595593434345 ] } },
{ "type": "Feature", "properties": { "ROUTE": 140.0, "DAY": "WKDY", "DIR": "Outbound", "STOP": 59.0, "STOPNAME": "VA LOOP @ RIDGECREST", "DAY_ON": 0.41666666667000002, "DAY_OFF": 15.7525252525, "DAY_TOT": 16.169191919199999, "LAT": 35.057242522099997, "LONG": -106.585458542 }, "geometry": { "type": "Point", "coordinates": [ -106.585458541666668, 35.057242522095954 ] } },
{ "type": "Feature", "properties": { "ROUTE": 140.0, "DAY": "WKDY", "DIR": "Outbound", "STOP": 60.0, "STOPNAME": "V.A. HOSPITAL @ MAIN ENTRANC", "DAY_ON": 0.0, "DAY_OFF": 17.378787878800001, "DAY_TOT": 17.378787878800001, "LAT": 35.055448481699997, "LONG": -106.58329196 }, "geometry": { "type": "Point", "coordinates": [ -106.583291960227285, 35.055448481691919 ] } },
{ "type": "Feature", "properties": { "ROUTE": 140.0, "DAY": "WKDY", "DIR": "Inbound", "STOP": 1.0, "STOPNAME": "V.A. HOSPITAL @ MAIN ENTRANC", "DAY_ON": 15.4393939394, "DAY_OFF": 0.0, "DAY_TOT": 15.4393939394, "LAT": 35.055517225099997, "LONG": -106.583855188 }, "geometry": { "type": "Point", "coordinates": [ -106.583855188311716, 35.055517225108225 ] } },
{ "type": "Feature", "properties": { "ROUTE": 140.0, "DAY": "WKDY", "DIR": "Inbound", "STOP": 2.0, "STOPNAME": "SAN MATEO @ GIBSON", "DAY_ON": 17.8005050505, "DAY_OFF": 1.63888888889, "DAY_TOT": 19.439393939399999, "LAT": 35.059092734499998, "LONG": -106.586406396 }, "geometry": { "type": "Point", "coordinates": [ -106.586406396103868, 35.059092734487734 ] } },
{ "type": "Feature", "properties": { "ROUTE": 140.0, "DAY": "WKDY", "DIR": "Inbound", "STOP": 3.0, "STOPNAME": "SAN MATEO @ ROSS", "DAY_ON": 11.196969697, "DAY_OFF": 0.66161616162000003, "DAY_TOT": 11.8585858586, "LAT": 35.062416536800001, "LONG": -106.586259888 }, "geometry": { "type": "Point", "coordinates": [ -106.58625988816739, 35.06241653679654 ] } },
{ "type": "Feature", "properties": { "ROUTE": 140.0, "DAY": "WKDY", "DIR": "Inbound", "STOP": 4.0, "STOPNAME": "SAN MATEO @ KATHRYN", "DAY_ON": 16.018181818199999, "DAY_OFF": 0.52424242424, "DAY_TOT": 16.542424242399999, "LAT": 35.065290448100001, "LONG": -106.586239413 }, "geometry": { "type": "Point", "coordinates": [ -106.586239413419904, 35.065290448051954 ] } },
{ "type": "Feature", "properties": { "ROUTE": 140.0, "DAY": "WKDY", "DIR": "Inbound", "STOP": 5.0, "STOPNAME": "SAN MATEO @ TRUMBULL", "DAY_ON": 2.9969696969699999, "DAY_OFF": 0.66515151515000004, "DAY_TOT": 3.6621212121200002, "LAT": 35.068701794399999, "LONG": -106.586280078 }, "geometry": { "type": "Point", "coordinates": [ -106.586280077922098, 35.068701794372302 ] } },
{ "type": "Feature", "properties": { "ROUTE": 140.0, "DAY": "WKDY", "DIR": "Inbound", "STOP": 6.0, "STOPNAME": "SAN MATEO @ BELL", "DAY_ON": 2.5409090909100001, "DAY_OFF": 2.01818181818, "DAY_TOT": 4.55909090909, "LAT": 35.071595859299997, "LONG": -106.586170751 }, "geometry": { "type": "Point", "coordinates": [ -106.586170751082264, 35.071595859307358 ] } },
{ "type": "Feature", "properties": { "ROUTE": 140.0, "DAY": "WKDY", "DIR": "Inbound", "STOP": 7.0, "STOPNAME": "SAN MATEO @ ZUNI", "DAY_ON": 6.86515151515, "DAY_OFF": 4.6030303030299997, "DAY_TOT": 11.4681818182, "LAT": 35.073890601700001, "LONG": -106.58609321199999 }, "geometry": { "type": "Point", "coordinates": [ -106.586093212121213, 35.073890601731591 ] } },
{ "type": "Feature", "properties": { "ROUTE": 140.0, "DAY": "WKDY", "DIR": "Inbound", "STOP": 8.0, "STOPNAME": "SAN MATEO @ CENTRAL", "DAY_ON": 7.7045454545499998, "DAY_OFF": 19.65, "DAY_TOT": 27.354545454499998, "LAT": 35.076930227299997, "LONG": -106.586100199 }, "geometry": { "type": "Point", "coordinates": [ -106.586100199134222, 35.076930227272726 ] } },
{ "type": "Feature", "properties": { "ROUTE": 140.0, "DAY": "WKDY", "DIR": "Inbound", "STOP": 9.0, "STOPNAME": "SAN MATEO @ CENTRAL", "DAY_ON": 52.706060606100003, "DAY_OFF": 2.2939393939400001, "DAY_TOT": 55.0, "LAT": 35.0785635, "LONG": -106.586096195 }, "geometry": { "type": "Point", "coordinates": [ -106.586096194805194, 35.0785635 ] } },
{ "type": "Feature", "properties": { "ROUTE": 140.0, "DAY": "WKDY", "DIR": "Inbound", "STOP": 10.0, "STOPNAME": "SAN MATEO @ GRAND", "DAY_ON": 2.9484848484800001, "DAY_OFF": 0.27424242424, "DAY_TOT": 3.2227272727299998, "LAT": 35.081458528100001, "LONG": -106.586083833 }, "geometry": { "type": "Point", "coordinates": [ -106.586083833333348, 35.081458528138533 ] } },
{ "type": "Feature", "properties": { "ROUTE": 140.0, "DAY": "WKDY", "DIR": "Inbound", "STOP": 11.0, "STOPNAME": "SAN MATEO @ NAMBE CT.", "DAY_ON": 0.82727272727000001, "DAY_OFF": 0.17424242424, "DAY_TOT": 1.00151515152, "LAT": 35.0827118853, "LONG": -106.586082351 }, "geometry": { "type": "Point", "coordinates": [ -106.586082350649377, 35.082711885281398 ] } },
{ "type": "Feature", "properties": { "ROUTE": 140.0, "DAY": "WKDY", "DIR": "Inbound", "STOP": 12.0, "STOPNAME": "SAN MATEO @ SAN JUAN", "DAY_ON": 0.43939393939, "DAY_OFF": 0.6, "DAY_TOT": 1.03939393939, "LAT": 35.084831848500002, "LONG": -106.586079639 }, "geometry": { "type": "Point", "coordinates": [ -106.586079638528162, 35.084831848484846 ] } },
{ "type": "Feature", "properties": { "ROUTE": 140.0, "DAY": "WKDY", "DIR": "Inbound", "STOP": 13.0, "STOPNAME": "SAN MATEO @ LOMAS", "DAY_ON": 2.5196969697, "DAY_OFF": 7.7878787878800004, "DAY_TOT": 10.3075757576, "LAT": 35.087079073600002, "LONG": -106.58607331 }, "geometry": { "type": "Point", "coordinates": [ -106.586073309523812, 35.087079073593088 ] } },
{ "type": "Feature", "properties": { "ROUTE": 140.0, "DAY": "WKDY", "DIR": "Inbound", "STOP": 14.0, "STOPNAME": "SAN MATEO @ MARBLE", "DAY_ON": 16.007575757600002, "DAY_OFF": 1.46060606061, "DAY_TOT": 17.468181818200001, "LAT": 35.088640082300003, "LONG": -106.586058299 }, "geometry": { "type": "Point", "coordinates": [ -106.586058298701303, 35.088640082251089 ] } },
{ "type": "Feature", "properties": { "ROUTE": 140.0, "DAY": "WKDY", "DIR": "Inbound", "STOP": 15.0, "STOPNAME": "SAN MATEO @ MOUNTAIN", "DAY_ON": 0.63181818182000005, "DAY_OFF": 0.61363636363999996, "DAY_TOT": 1.2454545454499999, "LAT": 35.090818199099999, "LONG": -106.586090154 }, "geometry": { "type": "Point", "coordinates": [ -106.586090153679677, 35.090818199134191 ] } },
{ "type": "Feature", "properties": { "ROUTE": 140.0, "DAY": "WKDY", "DIR": "Inbound", "STOP": 16.0, "STOPNAME": "SAN MATEO @ SUMMER", "DAY_ON": 0.98636363636000002, "DAY_OFF": 2.5545454545499999, "DAY_TOT": 3.5409090909100001, "LAT": 35.092651413399999, "LONG": -106.586111887 }, "geometry": { "type": "Point", "coordinates": [ -106.586111887445895, 35.092651413419915 ] } },
{ "type": "Feature", "properties": { "ROUTE": 140.0, "DAY": "WKDY", "DIR": "Inbound", "STOP": 17.0, "STOPNAME": "SAN MATEO @ CONSTITUTION", "DAY_ON": 0.53939393939000002, "DAY_OFF": 0.37424242423999998, "DAY_TOT": 0.91363636364, "LAT": 35.094333536800001, "LONG": -106.586130801 }, "geometry": { "type": "Point", "coordinates": [ -106.586130800865803, 35.094333536796533 ] } },
{ "type": "Feature", "properties": { "ROUTE": 140.0, "DAY": "WKDY", "DIR": "Inbound", "STOP": 18.0, "STOPNAME": "SAN MATEO @ CONSTITUTION", "DAY_ON": 1.2757575757599999, "DAY_OFF": 0.17424242424, "DAY_TOT": 1.45, "LAT": 35.095385335499998, "LONG": -106.58614003 }, "geometry": { "type": "Point", "coordinates": [ -106.586140030303028, 35.095385335497838 ] } },
{ "type": "Feature", "properties": { "ROUTE": 140.0, "DAY": "WKDY", "DIR": "Inbound", "STOP": 19.0, "STOPNAME": "SAN MATEO @ HAINES", "DAY_ON": 0.36515151515, "DAY_OFF": 1.0227272727300001, "DAY_TOT": 1.3878787878800001, "LAT": 35.099165305200003, "LONG": -106.586216247 }, "geometry": { "type": "Point", "coordinates": [ -106.586216246753239, 35.099165305194809 ] } },
{ "type": "Feature", "properties": { "ROUTE": 140.0, "DAY": "WKDY", "DIR": "Inbound", "STOP": 20.0, "STOPNAME": "SAN MATEO @ INDIAN SCHOOL", "DAY_ON": 2.7075757575799999, "DAY_OFF": 2.3984848484799999, "DAY_TOT": 5.1060606060599998, "LAT": 35.101449054100001, "LONG": -106.58634728600001 }, "geometry": { "type": "Point", "coordinates": [ -106.586347285714268, 35.101449054112557 ] } },
{ "type": "Feature", "properties": { "ROUTE": 140.0, "DAY": "WKDY", "DIR": "Inbound", "STOP": 21.0, "STOPNAME": "SAN MATEO @ CUTLER", "DAY_ON": 2.8196969696999998, "DAY_OFF": 16.280303030300001, "DAY_TOT": 19.1, "LAT": 35.105921805199998, "LONG": -106.587604645 }, "geometry": { "type": "Point", "coordinates": [ -106.587604645021642, 35.105921805194804 ] } },
{ "type": "Feature", "properties": { "ROUTE": 140.0, "DAY": "WKDY", "DIR": "Inbound", "STOP": 22.0, "STOPNAME": "SAN MATEO @ PROSPECT", "DAY_ON": 1.3661616161600001, "DAY_OFF": 2.1641414141399999, "DAY_TOT": 3.5303030302999998, "LAT": 35.107625974000001, "LONG": -106.586696144 }, "geometry": { "type": "Point", "coordinates": [ -106.586696143578635, 35.107625974025972 ] } },
{ "type": "Feature", "properties": { "ROUTE": 140.0, "DAY": "WKDY", "DIR": "Inbound", "STOP": 23.0, "STOPNAME": "SAN MATEO @ MENAUL", "DAY_ON": 7.7727272727300001, "DAY_OFF": 9.3308080808099998, "DAY_TOT": 17.1035353535, "LAT": 35.109896150799997, "LONG": -106.586244307 }, "geometry": { "type": "Point", "coordinates": [ -106.586244307359294, 35.109896150793652 ] } },
{ "type": "Feature", "properties": { "ROUTE": 140.0, "DAY": "WKDY", "DIR": "Inbound", "STOP": 24.0, "STOPNAME": "SAN MATEO @ PHOENIX", "DAY_ON": 1.14898989899, "DAY_OFF": 0.69696969697, "DAY_TOT": 1.8459595959599999, "LAT": 35.111263279200003, "LONG": -106.586261999 }, "geometry": { "type": "Point", "coordinates": [ -106.586261998556992, 35.111263279220779 ] } },
{ "type": "Feature", "properties": { "ROUTE": 140.0, "DAY": "WKDY", "DIR": "Inbound", "STOP": 25.0, "STOPNAME": "SAN MATEO @ CLAREMONT", "DAY_ON": 0.43939393939, "DAY_OFF": 1.5151515151499999, "DAY_TOT": 1.9545454545500001, "LAT": 35.113130930700002, "LONG": -106.586280819 }, "geometry": { "type": "Point", "coordinates": [ -106.586280818903333, 35.11313093073592 ] } },
{ "type": "Feature", "properties": { "ROUTE": 140.0, "DAY": "WKDY", "DIR": "Inbound", "STOP": 26.0, "STOPNAME": "SAN MATEO @ LOS ARBOLES", "DAY_ON": 0.62121212121000002, "DAY_OFF": 0.88636363636000004, "DAY_TOT": 1.50757575758, "LAT": 35.114519076500002, "LONG": -106.586288618 }, "geometry": { "type": "Point", "coordinates": [ -106.586288618326108, 35.114519076479077 ] } },
{ "type": "Feature", "properties": { "ROUTE": 140.0, "DAY": "WKDY", "DIR": "Inbound", "STOP": 27.0, "STOPNAME": "SAN MATEO @ ARVILLA", "DAY_ON": 2.72474747475, "DAY_OFF": 7.6136363636400004, "DAY_TOT": 10.3383838384, "LAT": 35.117049278499998, "LONG": -106.586304755 }, "geometry": { "type": "Point", "coordinates": [ -106.586304754689735, 35.11704927849928 ] } },
{ "type": "Feature", "properties": { "ROUTE": 140.0, "DAY": "WKDY", "DIR": "Inbound", "STOP": 28.0, "STOPNAME": "SAN MATEO @ ARVILLA", "DAY_ON": 0.19090909091, "DAY_OFF": 0.46363636364, "DAY_TOT": 0.65454545455000002, "LAT": 35.118712121199998, "LONG": -106.586321322 }, "geometry": { "type": "Point", "coordinates": [ -106.586321321789327, 35.11871212121212 ] } },
{ "type": "Feature", "properties": { "ROUTE": 140.0, "DAY": "WKDY", "DIR": "Inbound", "STOP": 29.0, "STOPNAME": "SAN MATEO @ AZTEC", "DAY_ON": 1.4883838383800001, "DAY_OFF": 2.1212121212100001, "DAY_TOT": 3.6095959596, "LAT": 35.120590452400002, "LONG": -106.586336141 }, "geometry": { "type": "Point", "coordinates": [ -106.586336140692623, 35.120590452380959 ] } },
{ "type": "Feature", "properties": { "ROUTE": 140.0, "DAY": "WKDY", "DIR": "Inbound", "STOP": 30.0, "STOPNAME": "SAN MATEO @ CHEROKEE", "DAY_ON": 0.08333333333, "DAY_OFF": 0.68181818181999998, "DAY_TOT": 0.76515151515000002, "LAT": 35.121696104599998, "LONG": -106.58634285399999 }, "geometry": { "type": "Point", "coordinates": [ -106.586342854256856, 35.121696104617612 ] } },
{ "type": "Feature", "properties": { "ROUTE": 140.0, "DAY": "WKDY", "DIR": "Inbound", "STOP": 31.0, "STOPNAME": "SAN MATEO @ PALO DURO", "DAY_ON": 2.3055555555599998, "DAY_OFF": 5.2095959595999997, "DAY_TOT": 7.5151515151500003, "LAT": 35.124402954499999, "LONG": -106.586349297 }, "geometry": { "type": "Point", "coordinates": [ -106.586349296536795, 35.124402954545459 ] } },
{ "type": "Feature", "properties": { "ROUTE": 140.0, "DAY": "WKDY", "DIR": "Inbound", "STOP": 32.0, "STOPNAME": "SAN MATEO @ GOODRICH", "DAY_ON": 0.61111111111000005, "DAY_OFF": 0.94696969697, "DAY_TOT": 1.5580808080799999, "LAT": 35.126319228, "LONG": -106.586347648 }, "geometry": { "type": "Point", "coordinates": [ -106.586347647907672, 35.126319227994216 ] } },
{ "type": "Feature", "properties": { "ROUTE": 140.0, "DAY": "WKDY", "DIR": "Inbound", "STOP": 33.0, "STOPNAME": "SAN MATEO @ HOMESTEAD", "DAY_ON": 2.32575757576, "DAY_OFF": 6.8813131313099998, "DAY_TOT": 9.2070707070700006, "LAT": 35.128804664500002, "LONG": -106.58634467500001 }, "geometry": { "type": "Point", "coordinates": [ -106.586344675324668, 35.128804664502169 ] } },
{ "type": "Feature", "properties": { "ROUTE": 140.0, "DAY": "WKDY", "DIR": "Inbound", "STOP": 34.0, "STOPNAME": "SAN MATEO @ MONTGOMERY", "DAY_ON": 15.219696969699999, "DAY_OFF": 19.982323232300001, "DAY_TOT": 35.202020202, "LAT": 35.131565299400002, "LONG": -106.58628233 }, "geometry": { "type": "Point", "coordinates": [ -106.586282330447332, 35.13156529942281 ] } },
{ "type": "Feature", "properties": { "ROUTE": 140.0, "DAY": "WKDY", "DIR": "Inbound", "STOP": 35.0, "STOPNAME": "SAN MATEO @ MONTGOMERY", "DAY_ON": 0.60606060606000001, "DAY_OFF": 1.52525252525, "DAY_TOT": 2.1313131313100002, "LAT": 35.133213311699997, "LONG": -106.58632564200001 }, "geometry": { "type": "Point", "coordinates": [ -106.586325642135634, 35.133213311688309 ] } },
{ "type": "Feature", "properties": { "ROUTE": 140.0, "DAY": "WKDY", "DIR": "Inbound", "STOP": 36.0, "STOPNAME": "SAN MATEO @ SAN MATEO LN.", "DAY_ON": 1.31818181818, "DAY_OFF": 1.7474747474700001, "DAY_TOT": 3.0656565656599999, "LAT": 35.134838813099996, "LONG": -106.58633532499999 }, "geometry": { "type": "Point", "coordinates": [ -106.586335324675332, 35.134838813131317 ] } },
{ "type": "Feature", "properties": { "ROUTE": 140.0, "DAY": "WKDY", "DIR": "Inbound", "STOP": 37.0, "STOPNAME": "SAN MATEO @ MCLEOD RD", "DAY_ON": 0.28535353535000002, "DAY_OFF": 2.1792929292899998, "DAY_TOT": 2.4646464646499999, "LAT": 35.137190855, "LONG": -106.586329975 }, "geometry": { "type": "Point", "coordinates": [ -106.5863299747475, 35.137190854978364 ] } },
{ "type": "Feature", "properties": { "ROUTE": 140.0, "DAY": "WKDY", "DIR": "Inbound", "STOP": 38.0, "STOPNAME": "SAN MATEO @ MCLEOD", "DAY_ON": 2.8055555555599998, "DAY_OFF": 3.8686868686899998, "DAY_TOT": 6.67424242424, "LAT": 35.138968084399998, "LONG": -106.58632245699999 }, "geometry": { "type": "Point", "coordinates": [ -106.586322456709951, 35.138968084415588 ] } },
{ "type": "Feature", "properties": { "ROUTE": 140.0, "DAY": "WKDY", "DIR": "Inbound", "STOP": 39.0, "STOPNAME": "SAN MATEO @ LINCOLN", "DAY_ON": 0.78787878788, "DAY_OFF": 3.4898989899, "DAY_TOT": 4.2777777777799999, "LAT": 35.141197669599997, "LONG": -106.586320642 }, "geometry": { "type": "Point", "coordinates": [ -106.586320642135632, 35.141197669552682 ] } },
{ "type": "Feature", "properties": { "ROUTE": 140.0, "DAY": "WKDY", "DIR": "Inbound", "STOP": 40.0, "STOPNAME": "SAN MATEO @ OSUNA", "DAY_ON": 1.7020202020199999, "DAY_OFF": 9.0353535353499996, "DAY_TOT": 10.7373737374, "LAT": 35.144564678899997, "LONG": -106.586317139 }, "geometry": { "type": "Point", "coordinates": [ -106.586317139249644, 35.144564678932177 ] } },
{ "type": "Feature", "properties": { "ROUTE": 140.0, "DAY": "WKDY", "DIR": "Inbound", "STOP": 41.0, "STOPNAME": "SAN MATEO @ ACADEMY", "DAY_ON": 0.38383838384000002, "DAY_OFF": 2.9722222222200001, "DAY_TOT": 3.3560606060599998, "LAT": 35.146724906199999, "LONG": -106.586315934 }, "geometry": { "type": "Point", "coordinates": [ -106.586315934343446, 35.146724906204909 ] } },
{ "type": "Feature", "properties": { "ROUTE": 140.0, "DAY": "WKDY", "DIR": "Inbound", "STOP": 42.0, "STOPNAME": "SAN MATEO @ ACADEMY", "DAY_ON": 1.5303030303, "DAY_OFF": 8.0, "DAY_TOT": 9.5303030303000007, "LAT": 35.148395396799998, "LONG": -106.586315216 }, "geometry": { "type": "Point", "coordinates": [ -106.586315216450203, 35.1483953968254 ] } },
{ "type": "Feature", "properties": { "ROUTE": 140.0, "DAY": "WKDY", "DIR": "Inbound", "STOP": 43.0, "STOPNAME": "SAN MATEO @ ACADEMY", "DAY_ON": 0.34848484849, "DAY_OFF": 5.62626262626, "DAY_TOT": 5.97474747475, "LAT": 35.1501211183, "LONG": -106.58639706699999 }, "geometry": { "type": "Point", "coordinates": [ -106.586397067099568, 35.150121118326119 ] } },
{ "type": "Feature", "properties": { "ROUTE": 140.0, "DAY": "WKDY", "DIR": "Inbound", "STOP": 44.0, "STOPNAME": "OSUNA @ PAN AMERICAN", "DAY_ON": 3.5959595959600001, "DAY_OFF": 7.2676767676800003, "DAY_TOT": 10.8636363636, "LAT": 35.155090490600003, "LONG": -106.591017392 }, "geometry": { "type": "Point", "coordinates": [ -106.591017391774898, 35.155090490620495 ] } },
{ "type": "Feature", "properties": { "ROUTE": 140.0, "DAY": "WKDY", "DIR": "Inbound", "STOP": 45.0, "STOPNAME": "NORTHBOUND JEFFERSON @ OSUNA", "DAY_ON": 1.26262626263, "DAY_OFF": 4.0303030302999998, "DAY_TOT": 5.2929292929300003, "LAT": 35.157019635600001, "LONG": -106.593324794 }, "geometry": { "type": "Point", "coordinates": [ -106.593324794372307, 35.157019635642136 ] } },
{ "type": "Feature", "properties": { "ROUTE": 140.0, "DAY": "WKDY", "DIR": "Inbound", "STOP": 46.0, "STOPNAME": "JEFFERSON @ ELLISON", "DAY_ON": 1.47474747475, "DAY_OFF": 5.0378787878800004, "DAY_TOT": 6.5126262626300004, "LAT": 35.160166374500001, "LONG": -106.593218214 }, "geometry": { "type": "Point", "coordinates": [ -106.593218214285713, 35.160166374458868 ] } },
{ "type": "Feature", "properties": { "ROUTE": 140.0, "DAY": "WKDY", "DIR": "Inbound", "STOP": 47.0, "STOPNAME": "JEFFERSON @ MASTHEAD", "DAY_ON": 0.17424242424, "DAY_OFF": 5.8863636363599996, "DAY_TOT": 6.0606060606099996, "LAT": 35.164326168800002, "LONG": -106.592991259 }, "geometry": { "type": "Point", "coordinates": [ -106.592991259018746, 35.164326168831153 ] } },
{ "type": "Feature", "properties": { "ROUTE": 140.0, "DAY": "WKDY", "DIR": "Inbound", "STOP": 48.0, "STOPNAME": "JEFFERSON @ SAN FRANCISCO", "DAY_ON": 0.27272727273000003, "DAY_OFF": 2.1212121212100001, "DAY_TOT": 2.3939393939400002, "LAT": 35.168256435799996, "LONG": -106.58935281 }, "geometry": { "type": "Point", "coordinates": [ -106.589352810245302, 35.168256435786446 ] } },
{ "type": "Feature", "properties": { "ROUTE": 140.0, "DAY": "WKDY", "DIR": "Inbound", "STOP": 49.0, "STOPNAME": "JEFFERSON @ HEADLINE", "DAY_ON": 0.56565656566, "DAY_OFF": 2.7702020202000002, "DAY_TOT": 3.3358585858600001, "LAT": 35.171499527400002, "LONG": -106.590507745 }, "geometry": { "type": "Point", "coordinates": [ -106.590507745310219, 35.171499527417019 ] } },
{ "type": "Feature", "properties": { "ROUTE": 140.0, "DAY": "WKDY", "DIR": "Inbound", "STOP": 50.0, "STOPNAME": "JEFFERSON @ DOMINGO BACA", "DAY_ON": 0.0, "DAY_OFF": 4.2020202020199999, "DAY_TOT": 4.2020202020199999, "LAT": 35.176281717199998, "LONG": -106.593209278 }, "geometry": { "type": "Point", "coordinates": [ -106.593209278499288, 35.176281717171719 ] } },
{ "type": "Feature", "properties": { "ROUTE": 140.0, "DAY": "WKDY", "DIR": "Inbound", "STOP": 51.0, "STOPNAME": "JEFFERSON @ DOMINGO BACA", "DAY_ON": 0.0, "DAY_OFF": 0.7196969697, "DAY_TOT": 0.7196969697, "LAT": 35.178545566399997, "LONG": -106.592392792 }, "geometry": { "type": "Point", "coordinates": [ -106.592392792207789, 35.178545566378062 ] } },
{ "type": "Feature", "properties": { "ROUTE": 140.0, "DAY": "WKDY", "DIR": "Inbound", "STOP": 52.0, "STOPNAME": "JEFFERSON @ WILSHIRE", "DAY_ON": 0.0, "DAY_OFF": 4.6969696969700001, "DAY_TOT": 4.6969696969700001, "LAT": 35.181956367200002, "LONG": -106.591656234 }, "geometry": { "type": "Point", "coordinates": [ -106.59165623376623, 35.181956367243863 ] } },
{ "type": "Feature", "properties": { "ROUTE": 140.0, "DAY": "WKDY", "DIR": "Inbound", "STOP": 53.0, "STOPNAME": "JEFFERSON @ ALAMEDA", "DAY_ON": 0.0, "DAY_OFF": 0.90656565657, "DAY_TOT": 0.90656565657, "LAT": 35.184113625499997, "LONG": -106.591531245 }, "geometry": { "type": "Point", "coordinates": [ -106.591531244588722, 35.18411362554113 ] } },
{ "type": "Feature", "properties": { "ROUTE": 140.0, "DAY": "WKDY", "DIR": "Inbound", "STOP": 54.0, "STOPNAME": "JEFFERSON @ GOLDENTHREAD", "DAY_ON": 0.0, "DAY_OFF": 1.0202020202, "DAY_TOT": 1.0202020202, "LAT": 35.1853070238, "LONG": -106.59141257900001 }, "geometry": { "type": "Point", "coordinates": [ -106.591412579365098, 35.185307023809521 ] } },
{ "type": "Feature", "properties": { "ROUTE": 140.0, "DAY": "WKDY", "DIR": "Inbound", "STOP": 55.0, "STOPNAME": "JEFFERSON @ COLUMBINE", "DAY_ON": 0.0, "DAY_OFF": 2.3333333333300001, "DAY_TOT": 2.3333333333300001, "LAT": 35.186455645700001, "LONG": -106.591435996 }, "geometry": { "type": "Point", "coordinates": [ -106.591435995670963, 35.186455645743145 ] } },
{ "type": "Feature", "properties": { "ROUTE": 140.0, "DAY": "WKDY", "DIR": "Inbound", "STOP": 56.0, "STOPNAME": "JEFFERSON @ WATERCRESS", "DAY_ON": 0.08333333333, "DAY_OFF": 0.36515151515, "DAY_TOT": 0.44848484848999998, "LAT": 35.188124090899997, "LONG": -106.592010356 }, "geometry": { "type": "Point", "coordinates": [ -106.592010356060612, 35.188124090909092 ] } },
{ "type": "Feature", "properties": { "ROUTE": 140.0, "DAY": "WKDY", "DIR": "Inbound", "STOP": 57.0, "STOPNAME": "JEFFERSON @ SAN DIEGO", "DAY_ON": 0.2, "DAY_OFF": 0.2, "DAY_TOT": 0.4, "LAT": 35.191042064900003, "LONG": -106.593013734 }, "geometry": { "type": "Point", "coordinates": [ -106.593013733766242, 35.191042064935068 ] } },
{ "type": "Feature", "properties": { "ROUTE": 140.0, "DAY": "WKDY", "DIR": "Inbound", "STOP": 58.0, "STOPNAME": "SAN DIEGO @ SAN MATEO", "DAY_ON": 0.225, "DAY_OFF": 0.74545454546000001, "DAY_TOT": 0.97045454545999998, "LAT": 35.193179814899999, "LONG": -106.58836529200001 }, "geometry": { "type": "Point", "coordinates": [ -106.588365292207797, 35.193179814935057 ] } },
{ "type": "Feature", "properties": { "ROUTE": 140.0, "DAY": "WKDY", "DIR": "Inbound", "STOP": 59.0, "STOPNAME": "SAN MATEO @ PASADENA", "DAY_ON": 0.0, "DAY_OFF": 0.44722222222000002, "DAY_TOT": 0.44722222222000002, "LAT": 35.196719922900002, "LONG": -106.58571825 }, "geometry": { "type": "Point", "coordinates": [ -106.585718250309228, 35.196719922850946 ] } },
{ "type": "Feature", "properties": { "ROUTE": 140.0, "DAY": "WKDY", "DIR": "Inbound", "STOP": 60.0, "STOPNAME": "BALLOON FIESTA PARK @ SAN MA", "DAY_ON": 0.09090909091, "DAY_OFF": 0.88888888888999995, "DAY_TOT": 0.9797979798000001, "LAT": 35.198907752499998, "LONG": -106.583961999 }, "geometry": { "type": "Point", "coordinates": [ -106.583961998557001, 35.198907752525244 ] } },
{ "type": "Feature", "properties": { "ROUTE": 140.0, "DAY": "WKDY", "DIR": "Inbound", "STOP": 61.0, "STOPNAME": "BALLOON FIESTA PARK @ PAN AM", "DAY_ON": 0.18181818182000001, "DAY_OFF": 1.5517676767699999, "DAY_TOT": 1.7335858585899999, "LAT": 35.198812409799999, "LONG": -106.579074275 }, "geometry": { "type": "Point", "coordinates": [ -106.579074274891781, 35.198812409812412 ] } },
{ "type": "Feature", "properties": { "ROUTE": 140.0, "DAY": "WKDY", "DIR": "Inbound", "STOP": 62.0, "STOPNAME": "EAGLE ROCK @ CNM TRAININ", "DAY_ON": 0.0, "DAY_OFF": 7.7651515151500003, "DAY_TOT": 7.7651515151500003, "LAT": 35.187488394699997, "LONG": -106.58370687599999 }, "geometry": { "type": "Point", "coordinates": [ -106.583706875901868, 35.187488394660896 ] } },
{ "type": "Feature", "properties": { "ROUTE": 141.0, "DAY": "WKDY", "DIR": "Outbound", "STOP": 1.0, "STOPNAME": "OSUNA @ PAN AMERICAN", "DAY_ON": 17.6393576231, "DAY_OFF": 0.0, "DAY_TOT": 17.6393576231, "LAT": 35.154857356000001, "LONG": -106.590284802 }, "geometry": { "type": "Point", "coordinates": [ -106.59028480170096, 35.154857356001372 ] } },
{ "type": "Feature", "properties": { "ROUTE": 141.0, "DAY": "WKDY", "DIR": "Outbound", "STOP": 2.0, "STOPNAME": "NORTHBOUND JEFFERSON @ OSUNA", "DAY_ON": 14.590229215200001, "DAY_OFF": 7.3946969697, "DAY_TOT": 21.984926184900001, "LAT": 35.157090482000001, "LONG": -106.593330068 }, "geometry": { "type": "Point", "coordinates": [ -106.593330067532449, 35.157090481962491 ] } },
{ "type": "Feature", "properties": { "ROUTE": 141.0, "DAY": "WKDY", "DIR": "Outbound", "STOP": 3.0, "STOPNAME": "JEFFERSON @ ELLISON", "DAY_ON": 13.754526029499999, "DAY_OFF": 11.897183372200001, "DAY_TOT": 25.6517094017, "LAT": 35.160124461099997, "LONG": -106.593136543 }, "geometry": { "type": "Point", "coordinates": [ -106.593136542513037, 35.160124461116659 ] } },
{ "type": "Feature", "properties": { "ROUTE": 141.0, "DAY": "WKDY", "DIR": "Outbound", "STOP": 4.0, "STOPNAME": "ELLISON @ S. FRONTAGE ROAD", "DAY_ON": 41.836655011700003, "DAY_OFF": 31.145182595200001, "DAY_TOT": 72.981837606799999, "LAT": 35.160599500799997, "LONG": -106.58951981 }, "geometry": { "type": "Point", "coordinates": [ -106.589519809756922, 35.160599500793651 ] } },
{ "type": "Feature", "properties": { "ROUTE": 141.0, "DAY": "WKDY", "DIR": "Outbound", "STOP": 5.0, "STOPNAME": "SAN MATEO @ PAN AMERICAN", "DAY_ON": 36.7590520591, "DAY_OFF": 2.78174048174, "DAY_TOT": 39.540792540799998, "LAT": 35.150305381899997, "LONG": -106.586689522 }, "geometry": { "type": "Point", "coordinates": [ -106.586689521761585, 35.150305381934736 ] } },
{ "type": "Feature", "properties": { "ROUTE": 141.0, "DAY": "WKDY", "DIR": "Outbound", "STOP": 6.0, "STOPNAME": "SAN MATEO @ ACADEMY", "DAY_ON": 26.4435120435, "DAY_OFF": 3.4151126651100001, "DAY_TOT": 29.858624708600001, "LAT": 35.148500551700003, "LONG": -106.586587853 }, "geometry": { "type": "Point", "coordinates": [ -106.586587853005085, 35.148500551712573 ] } },
{ "type": "Feature", "properties": { "ROUTE": 141.0, "DAY": "WKDY", "DIR": "Outbound", "STOP": 7.0, "STOPNAME": "SAN MATEO @ OSUNA", "DAY_ON": 43.093220668199997, "DAY_OFF": 6.5424630924600002, "DAY_TOT": 49.635683760699997, "LAT": 35.144575129800003, "LONG": -106.586567284 }, "geometry": { "type": "Point", "coordinates": [ -106.586567283636811, 35.144575129801133 ] } },
{ "type": "Feature", "properties": { "ROUTE": 141.0, "DAY": "WKDY", "DIR": "Outbound", "STOP": 8.0, "STOPNAME": "SAN MATEO @ LINCOLN", "DAY_ON": 7.2814296814299997, "DAY_OFF": 0.69560994561, "DAY_TOT": 7.9770396270399999, "LAT": 35.142926709400001, "LONG": -106.586573413 }, "geometry": { "type": "Point", "coordinates": [ -106.586573413075655, 35.142926709448965 ] } },
{ "type": "Feature", "properties": { "ROUTE": 141.0, "DAY": "WKDY", "DIR": "Outbound", "STOP": 9.0, "STOPNAME": "SAN MATEO @ LINCOLN", "DAY_ON": 5.5014763014800003, "DAY_OFF": 1.4769813519799999, "DAY_TOT": 6.9784576534599996, "LAT": 35.141660688899997, "LONG": -106.586569365 }, "geometry": { "type": "Point", "coordinates": [ -106.586569364822893, 35.141660688853179 ] } },
{ "type": "Feature", "properties": { "ROUTE": 141.0, "DAY": "WKDY", "DIR": "Outbound", "STOP": 10.0, "STOPNAME": "SAN MATEO @ MCLEOD", "DAY_ON": 18.5851398601, "DAY_OFF": 1.7375291375299999, "DAY_TOT": 20.322668997699999, "LAT": 35.140348246000002, "LONG": -106.586571366 }, "geometry": { "type": "Point", "coordinates": [ -106.586571365710128, 35.140348246025752 ] } },
{ "type": "Feature", "properties": { "ROUTE": 141.0, "DAY": "WKDY", "DIR": "Outbound", "STOP": 11.0, "STOPNAME": "SAN MATEO @ MCLEOD", "DAY_ON": 25.300757575799999, "DAY_OFF": 4.6004856254900002, "DAY_TOT": 29.9012432012, "LAT": 35.138355840899997, "LONG": -106.58658909499999 }, "geometry": { "type": "Point", "coordinates": [ -106.586589095471339, 35.138355840909092 ] } },
{ "type": "Feature", "properties": { "ROUTE": 141.0, "DAY": "WKDY", "DIR": "Outbound", "STOP": 12.0, "STOPNAME": "SAN MATEO @ LUMBER AVE.", "DAY_ON": 21.0464840715, "DAY_OFF": 4.3463286713300002, "DAY_TOT": 25.3928127428, "LAT": 35.136473044600002, "LONG": -106.58657506 }, "geometry": { "type": "Point", "coordinates": [ -106.5865750599813, 35.136473044646046 ] } },
{ "type": "Feature", "properties": { "ROUTE": 141.0, "DAY": "WKDY", "DIR": "Outbound", "STOP": 13.0, "STOPNAME": "SAN MATEO @ MONTGOMERY", "DAY_ON": 18.503729603699998, "DAY_OFF": 36.792618492599999, "DAY_TOT": 55.296348096300001, "LAT": 35.132412421700003, "LONG": -106.586589733 }, "geometry": { "type": "Point", "coordinates": [ -106.586589732517453, 35.132412421659417 ] } },
{ "type": "Feature", "properties": { "ROUTE": 141.0, "DAY": "WKDY", "DIR": "Outbound", "STOP": 14.0, "STOPNAME": "SAN MATEO @ MONTGOMERY", "DAY_ON": 104.906196581, "DAY_OFF": 41.833818958800002, "DAY_TOT": 146.74001554, "LAT": 35.130592161400003, "LONG": -106.58657173899999 }, "geometry": { "type": "Point", "coordinates": [ -106.586571738565496, 35.130592161406163 ] } },
{ "type": "Feature", "properties": { "ROUTE": 141.0, "DAY": "WKDY", "DIR": "Outbound", "STOP": 15.0, "STOPNAME": "SAN MATEO @ MONTGOMERY", "DAY_ON": 29.146167721200001, "DAY_OFF": 1.5531968032000001, "DAY_TOT": 30.6993645244, "LAT": 35.128776029299999, "LONG": -106.586570296 }, "geometry": { "type": "Point", "coordinates": [ -106.586570296083082, 35.128776029321266 ] } },
{ "type": "Feature", "properties": { "ROUTE": 141.0, "DAY": "WKDY", "DIR": "Outbound", "STOP": 16.0, "STOPNAME": "SAN MATEO @ GOODRICH", "DAY_ON": 13.506129981100001, "DAY_OFF": 6.80052170052, "DAY_TOT": 20.3066516817, "LAT": 35.1263291319, "LONG": -106.586571863 }, "geometry": { "type": "Point", "coordinates": [ -106.586571862586382, 35.126329131877135 ] } },
{ "type": "Feature", "properties": { "ROUTE": 141.0, "DAY": "WKDY", "DIR": "Outbound", "STOP": 17.0, "STOPNAME": "SAN MATEO @ COMANCHE", "DAY_ON": 8.2099511599500001, "DAY_OFF": 9.32624042624, "DAY_TOT": 17.536191586200001, "LAT": 35.123535137099999, "LONG": -106.586575424 }, "geometry": { "type": "Point", "coordinates": [ -106.586575423748187, 35.123535137130126 ] } },
{ "type": "Feature", "properties": { "ROUTE": 141.0, "DAY": "WKDY", "DIR": "Outbound", "STOP": 18.0, "STOPNAME": "SAN MATEO @ MESCALERO", "DAY_ON": 15.194136419099999, "DAY_OFF": 6.4561355311400002, "DAY_TOT": 21.650271950299999, "LAT": 35.1222253778, "LONG": -106.58656875299999 }, "geometry": { "type": "Point", "coordinates": [ -106.586568752856749, 35.122225377804625 ] } },
{ "type": "Feature", "properties": { "ROUTE": 141.0, "DAY": "WKDY", "DIR": "Outbound", "STOP": 19.0, "STOPNAME": "SAN MATEO @ AZTEC", "DAY_ON": 11.5854756355, "DAY_OFF": 7.9207764457799996, "DAY_TOT": 19.506252081300001, "LAT": 35.119599923300001, "LONG": -106.586545425 }, "geometry": { "type": "Point", "coordinates": [ -106.586545425170158, 35.11959992332293 ] } },
{ "type": "Feature", "properties": { "ROUTE": 141.0, "DAY": "WKDY", "DIR": "Outbound", "STOP": 20.0, "STOPNAME": "SAN MATEO @ CANDELARIA", "DAY_ON": 1.44944222444, "DAY_OFF": 1.82438394938, "DAY_TOT": 3.2738261738299999, "LAT": 35.118037075300002, "LONG": -106.586514893 }, "geometry": { "type": "Point", "coordinates": [ -106.586514892719848, 35.118037075257334 ] } },
{ "type": "Feature", "properties": { "ROUTE": 141.0, "DAY": "WKDY", "DIR": "Outbound", "STOP": 21.0, "STOPNAME": "SAN MATEO @ CANDELARIA", "DAY_ON": 13.525535575499999, "DAY_OFF": 5.8710234210200003, "DAY_TOT": 19.3965589966, "LAT": 35.115889282600001, "LONG": -106.586462723 }, "geometry": { "type": "Point", "coordinates": [ -106.58646272264825, 35.115889282648283 ] } },
{ "type": "Feature", "properties": { "ROUTE": 141.0, "DAY": "WKDY", "DIR": "Outbound", "STOP": 22.0, "STOPNAME": "SAN MATEO @ CLAREMONT", "DAY_ON": 5.9438006438000004, "DAY_OFF": 4.7820734820700004, "DAY_TOT": 10.725874125900001, "LAT": 35.112987738599998, "LONG": -106.586436023 }, "geometry": { "type": "Point", "coordinates": [ -106.586436023005533, 35.11298773855949 ] } },
{ "type": "Feature", "properties": { "ROUTE": 141.0, "DAY": "WKDY", "DIR": "Outbound", "STOP": 23.0, "STOPNAME": "SAN MATEO @ MENAUL", "DAY_ON": 27.324100899099999, "DAY_OFF": 37.963233988200002, "DAY_TOT": 65.287334887300005, "LAT": 35.109548295700002, "LONG": -106.586495638 }, "geometry": { "type": "Point", "coordinates": [ -106.586495638288156, 35.109548295720039 ] } },
{ "type": "Feature", "properties": { "ROUTE": 141.0, "DAY": "WKDY", "DIR": "Outbound", "STOP": 24.0, "STOPNAME": "SAN MATEO @ MENAUL", "DAY_ON": 43.119302919299997, "DAY_OFF": 13.3348151848, "DAY_TOT": 56.454118104099997, "LAT": 35.108628091500002, "LONG": -106.58664496599999 }, "geometry": { "type": "Point", "coordinates": [ -106.586644966186199, 35.108628091538343 ] } },
{ "type": "Feature", "properties": { "ROUTE": 141.0, "DAY": "WKDY", "DIR": "Outbound", "STOP": 25.0, "STOPNAME": "SAN MATEO @ PROSPECT", "DAY_ON": 97.016283716299995, "DAY_OFF": 18.037204462199998, "DAY_TOT": 115.05348817799999, "LAT": 35.106674170700003, "LONG": -106.58761919299999 }, "geometry": { "type": "Point", "coordinates": [ -106.587619193243711, 35.106674170721917 ] } },
{ "type": "Feature", "properties": { "ROUTE": 141.0, "DAY": "WKDY", "DIR": "Outbound", "STOP": 26.0, "STOPNAME": "SAN MATEO @ INDIAN SCHOOL", "DAY_ON": 19.059310134299999, "DAY_OFF": 7.83724331224, "DAY_TOT": 26.896553446599999, "LAT": 35.1010476465, "LONG": -106.58661755200001 }, "geometry": { "type": "Point", "coordinates": [ -106.586617551613543, 35.101047646523895 ] } },
{ "type": "Feature", "properties": { "ROUTE": 141.0, "DAY": "WKDY", "DIR": "Outbound", "STOP": 27.0, "STOPNAME": "SAN MATEO @ HAINES", "DAY_ON": 4.0181041181000001, "DAY_OFF": 2.4947552447599999, "DAY_TOT": 6.5128593628599996, "LAT": 35.099424154499999, "LONG": -106.586484908 }, "geometry": { "type": "Point", "coordinates": [ -106.586484907518908, 35.099424154527163 ] } },
{ "type": "Feature", "properties": { "ROUTE": 141.0, "DAY": "WKDY", "DIR": "Outbound", "STOP": 28.0, "STOPNAME": "SAN MATEO @ HANNETT", "DAY_ON": 1.7353979354, "DAY_OFF": 0.39292929293000001, "DAY_TOT": 2.1283272283299999, "LAT": 35.0978628704, "LONG": -106.586433946 }, "geometry": { "type": "Point", "coordinates": [ -106.586433946334438, 35.09786287039536 ] } },
{ "type": "Feature", "properties": { "ROUTE": 141.0, "DAY": "WKDY", "DIR": "Outbound", "STOP": 29.0, "STOPNAME": "SAN MATEO @ CONSTITUTION", "DAY_ON": 4.1385975135999997, "DAY_OFF": 3.45181207681, "DAY_TOT": 7.5904095904100002, "LAT": 35.0949017955, "LONG": -106.586392094 }, "geometry": { "type": "Point", "coordinates": [ -106.586392094284847, 35.094901795503297 ] } },
{ "type": "Feature", "properties": { "ROUTE": 141.0, "DAY": "WKDY", "DIR": "Outbound", "STOP": 30.0, "STOPNAME": "SAN MATEO @ CONSTITUTION", "DAY_ON": 5.0313908313900004, "DAY_OFF": 1.5969308469300001, "DAY_TOT": 6.6283216783199999, "LAT": 35.093836723199999, "LONG": -106.586383688 }, "geometry": { "type": "Point", "coordinates": [ -106.586383687933704, 35.093836723195729 ] } },
{ "type": "Feature", "properties": { "ROUTE": 141.0, "DAY": "WKDY", "DIR": "Outbound", "STOP": 31.0, "STOPNAME": "SAN MATEO @ SUMMER", "DAY_ON": 5.5668220668200004, "DAY_OFF": 6.2794927294900003, "DAY_TOT": 11.8463147963, "LAT": 35.092485489799998, "LONG": -106.586366467 }, "geometry": { "type": "Point", "coordinates": [ -106.586366467274416, 35.092485489757976 ] } },
{ "type": "Feature", "properties": { "ROUTE": 141.0, "DAY": "WKDY", "DIR": "Outbound", "STOP": 32.0, "STOPNAME": "SAN MATEO @ MOUNTAIN", "DAY_ON": 4.01204351204, "DAY_OFF": 4.2064879564900002, "DAY_TOT": 8.2185314685299993, "LAT": 35.0907011981, "LONG": -106.586353057 }, "geometry": { "type": "Point", "coordinates": [ -106.586353057393055, 35.090701198093207 ] } },
{ "type": "Feature", "properties": { "ROUTE": 141.0, "DAY": "WKDY", "DIR": "Outbound", "STOP": 33.0, "STOPNAME": "SAN MATEO @ LOMAS", "DAY_ON": 32.4345376845, "DAY_OFF": 39.243220668200003, "DAY_TOT": 71.677758352799998, "LAT": 35.087713974700002, "LONG": -106.58633233099999 }, "geometry": { "type": "Point", "coordinates": [ -106.586332331422327, 35.087713974658215 ] } },
{ "type": "Feature", "properties": { "ROUTE": 141.0, "DAY": "WKDY", "DIR": "Outbound", "STOP": 34.0, "STOPNAME": "SAN MATEO @ LOMAS", "DAY_ON": 40.647940947899997, "DAY_OFF": 17.891530691500002, "DAY_TOT": 58.5394716395, "LAT": 35.086635940400001, "LONG": -106.586351454 }, "geometry": { "type": "Point", "coordinates": [ -106.586351453610945, 35.086635940449192 ] } },
{ "type": "Feature", "properties": { "ROUTE": 141.0, "DAY": "WKDY", "DIR": "Outbound", "STOP": 35.0, "STOPNAME": "SAN MATEO @ MARQUETTE", "DAY_ON": 3.1371989122000001, "DAY_OFF": 3.3956876456899998, "DAY_TOT": 6.5328865578900004, "LAT": 35.083967049599998, "LONG": -106.586326379 }, "geometry": { "type": "Point", "coordinates": [ -106.586326378756397, 35.083967049596801 ] } },
{ "type": "Feature", "properties": { "ROUTE": 141.0, "DAY": "WKDY", "DIR": "Outbound", "STOP": 36.0, "STOPNAME": "SAN MATEO @ GRAND", "DAY_ON": 2.8937062937100002, "DAY_OFF": 12.232575757599999, "DAY_TOT": 15.1262820513, "LAT": 35.081370243199999, "LONG": -106.586330941 }, "geometry": { "type": "Point", "coordinates": [ -106.586330941367933, 35.081370243248493 ] } },
{ "type": "Feature", "properties": { "ROUTE": 141.0, "DAY": "WKDY", "DIR": "Outbound", "STOP": 37.0, "STOPNAME": "SAN MATEO @ COPPER", "DAY_ON": 2.7154234654199998, "DAY_OFF": 5.8859168609200001, "DAY_TOT": 8.6013403263400008, "LAT": 35.080075201500001, "LONG": -106.58633473099999 }, "geometry": { "type": "Point", "coordinates": [ -106.586334730517237, 35.080075201521453 ] } },
{ "type": "Feature", "properties": { "ROUTE": 141.0, "DAY": "WKDY", "DIR": "Outbound", "STOP": 38.0, "STOPNAME": "SAN MATEO @ CENTRAL", "DAY_ON": 18.673154623199999, "DAY_OFF": 260.825990676, "DAY_TOT": 279.49914529900002, "LAT": 35.078192756599996, "LONG": -106.586343867 }, "geometry": { "type": "Point", "coordinates": [ -106.586343867085603, 35.078192756620247 ] } },
{ "type": "Feature", "properties": { "ROUTE": 141.0, "DAY": "WKDY", "DIR": "Outbound", "STOP": 39.0, "STOPNAME": "SAN MATEO @ CENTRAL", "DAY_ON": 112.497299922, "DAY_OFF": 39.078010878000001, "DAY_TOT": 151.5753108, "LAT": 35.0773210758, "LONG": -106.5863783 }, "geometry": { "type": "Point", "coordinates": [ -106.586378299927574, 35.077321075778571 ] } },
{ "type": "Feature", "properties": { "ROUTE": 141.0, "DAY": "WKDY", "DIR": "Outbound", "STOP": 40.0, "STOPNAME": "SAN MATEO @ HIGHLAND", "DAY_ON": 29.5378982129, "DAY_OFF": 23.109304584299998, "DAY_TOT": 52.647202797200002, "LAT": 35.074909119399997, "LONG": -106.586373556 }, "geometry": { "type": "Point", "coordinates": [ -106.586373556400801, 35.07490911943237 ] } },
{ "type": "Feature", "properties": { "ROUTE": 141.0, "DAY": "WKDY", "DIR": "Outbound", "STOP": 41.0, "STOPNAME": "SAN MATEO @ ZUNI", "DAY_ON": 19.2993978244, "DAY_OFF": 42.114996114999997, "DAY_TOT": 61.4143939394, "LAT": 35.071869864999996, "LONG": -106.58636243 }, "geometry": { "type": "Point", "coordinates": [ -106.586362430353418, 35.07186986499611 ] } },
{ "type": "Feature", "properties": { "ROUTE": 141.0, "DAY": "WKDY", "DIR": "Outbound", "STOP": 42.0, "STOPNAME": "SAN MATEO @ TRUMBULL", "DAY_ON": 3.21548174048, "DAY_OFF": 24.537801087799998, "DAY_TOT": 27.753282828300001, "LAT": 35.069532502400001, "LONG": -106.586424615 }, "geometry": { "type": "Point", "coordinates": [ -106.586424614681121, 35.069532502425481 ] } },
{ "type": "Feature", "properties": { "ROUTE": 141.0, "DAY": "WKDY", "DIR": "Outbound", "STOP": 43.0, "STOPNAME": "SAN MATEO @ KATHRYN", "DAY_ON": 3.0122960373000001, "DAY_OFF": 100.657789433, "DAY_TOT": 103.67008547, "LAT": 35.066700627800003, "LONG": -106.586432265 }, "geometry": { "type": "Point", "coordinates": [ -106.586432265156787, 35.066700627806128 ] } },
{ "type": "Feature", "properties": { "ROUTE": 141.0, "DAY": "WKDY", "DIR": "Outbound", "STOP": 44.0, "STOPNAME": "SAN MATEO @ ANDERSON", "DAY_ON": 0.07692307692, "DAY_OFF": 4.6453768453800004, "DAY_TOT": 4.7222999223000004, "LAT": 35.06460978, "LONG": -106.58637432 }, "geometry": { "type": "Point", "coordinates": [ -106.586374319583598, 35.064609779961778 ] } },
{ "type": "Feature", "properties": { "ROUTE": 141.0, "DAY": "WKDY", "DIR": "Outbound", "STOP": 45.0, "STOPNAME": "SAN MATEO @ ROSS", "DAY_ON": 0.64131701632000004, "DAY_OFF": 23.988655788700001, "DAY_TOT": 24.629972805000001, "LAT": 35.062172282500001, "LONG": -106.586412907 }, "geometry": { "type": "Point", "coordinates": [ -106.586412906801883, 35.062172282492284 ] } },
{ "type": "Feature", "properties": { "ROUTE": 141.0, "DAY": "WKDY", "DIR": "Outbound", "STOP": 46.0, "STOPNAME": "SAN MATEO @ EASTERN", "DAY_ON": 0.94055944055999996, "DAY_OFF": 33.696406371400002, "DAY_TOT": 34.636965812, "LAT": 35.059596521499998, "LONG": -106.58652383899999 }, "geometry": { "type": "Point", "coordinates": [ -106.586523838740831, 35.059596521519765 ] } },
{ "type": "Feature", "properties": { "ROUTE": 141.0, "DAY": "WKDY", "DIR": "Outbound", "STOP": 47.0, "STOPNAME": "VA LOOP @ RIDGECREST", "DAY_ON": 1.93836996337, "DAY_OFF": 55.718020868000004, "DAY_TOT": 57.656390831400003, "LAT": 35.057234642600001, "LONG": -106.58545990099999 }, "geometry": { "type": "Point", "coordinates": [ -106.585459900582151, 35.057234642584888 ] } },
{ "type": "Feature", "properties": { "ROUTE": 141.0, "DAY": "WKDY", "DIR": "Outbound", "STOP": 48.0, "STOPNAME": "V.A. HOSPITAL @ MAIN ENTRANC", "DAY_ON": 0.0, "DAY_OFF": 87.031751581799995, "DAY_TOT": 87.031751581799995, "LAT": 35.055452173200003, "LONG": -106.583338728 }, "geometry": { "type": "Point", "coordinates": [ -106.583338727573519, 35.05545217320666 ] } },
{ "type": "Feature", "properties": { "ROUTE": 141.0, "DAY": "WKDY", "DIR": "Inbound", "STOP": 1.0, "STOPNAME": "V.A. HOSPITAL @ MAIN ENTRANC", "DAY_ON": 87.868278943299998, "DAY_OFF": 0.0, "DAY_TOT": 87.868278943299998, "LAT": 35.0555610097, "LONG": -106.583539894 }, "geometry": { "type": "Point", "coordinates": [ -106.58353989363782, 35.055561009671614 ] } },
{ "type": "Feature", "properties": { "ROUTE": 141.0, "DAY": "WKDY", "DIR": "Inbound", "STOP": 2.0, "STOPNAME": "SAN MATEO @ GIBSON", "DAY_ON": 79.2688422688, "DAY_OFF": 3.7105283605300001, "DAY_TOT": 82.979370629399995, "LAT": 35.0590783671, "LONG": -106.586405884 }, "geometry": { "type": "Point", "coordinates": [ -106.586405884211544, 35.059078367102202 ] } },
{ "type": "Feature", "properties": { "ROUTE": 141.0, "DAY": "WKDY", "DIR": "Inbound", "STOP": 3.0, "STOPNAME": "SAN MATEO @ ROSS", "DAY_ON": 76.2306915307, "DAY_OFF": 3.28972416472, "DAY_TOT": 79.520415695400004, "LAT": 35.062416014, "LONG": -106.58627325 }, "geometry": { "type": "Point", "coordinates": [ -106.586273249821062, 35.062416014032031 ] } },
{ "type": "Feature", "properties": { "ROUTE": 141.0, "DAY": "WKDY", "DIR": "Inbound", "STOP": 4.0, "STOPNAME": "SAN MATEO @ KATHRYN", "DAY_ON": 93.058663558700005, "DAY_OFF": 4.2147435897400003, "DAY_TOT": 97.273407148399997, "LAT": 35.065238276199999, "LONG": -106.586253279 }, "geometry": { "type": "Point", "coordinates": [ -106.586253279474903, 35.065238276182868 ] } },
{ "type": "Feature", "properties": { "ROUTE": 141.0, "DAY": "WKDY", "DIR": "Inbound", "STOP": 5.0, "STOPNAME": "SAN MATEO @ TRUMBULL", "DAY_ON": 17.181041181000001, "DAY_OFF": 2.18152680653, "DAY_TOT": 19.362567987599999, "LAT": 35.068673373199999, "LONG": -106.586294592 }, "geometry": { "type": "Point", "coordinates": [ -106.586294591721867, 35.068673373210842 ] } },
{ "type": "Feature", "properties": { "ROUTE": 141.0, "DAY": "WKDY", "DIR": "Inbound", "STOP": 6.0, "STOPNAME": "SAN MATEO @ BELL", "DAY_ON": 19.1714840715, "DAY_OFF": 15.1943861694, "DAY_TOT": 34.365870240900001, "LAT": 35.071581449100002, "LONG": -106.586189371 }, "geometry": { "type": "Point", "coordinates": [ -106.586189370930967, 35.07158144910133 ] } },
{ "type": "Feature", "properties": { "ROUTE": 141.0, "DAY": "WKDY", "DIR": "Inbound", "STOP": 7.0, "STOPNAME": "SAN MATEO @ ZUNI", "DAY_ON": 47.573717948700001, "DAY_OFF": 24.505283605300001, "DAY_TOT": 72.079001554000001, "LAT": 35.073904561500001, "LONG": -106.586104124 }, "geometry": { "type": "Point", "coordinates": [ -106.586104123594239, 35.073904561510851 ] } },
{ "type": "Feature", "properties": { "ROUTE": 141.0, "DAY": "WKDY", "DIR": "Inbound", "STOP": 8.0, "STOPNAME": "SAN MATEO @ CENTRAL", "DAY_ON": 57.379254079299997, "DAY_OFF": 120.57457265, "DAY_TOT": 177.95382672900001, "LAT": 35.076955214199998, "LONG": -106.58611438699999 }, "geometry": { "type": "Point", "coordinates": [ -106.586114387258206, 35.07695521421708 ] } },
{ "type": "Feature", "properties": { "ROUTE": 141.0, "DAY": "WKDY", "DIR": "Inbound", "STOP": 9.0, "STOPNAME": "SAN MATEO @ CENTRAL", "DAY_ON": 258.56678321700002, "DAY_OFF": 18.222649572600002, "DAY_TOT": 276.78943278899999, "LAT": 35.078570075000002, "LONG": -106.586112536 }, "geometry": { "type": "Point", "coordinates": [ -106.586112536120353, 35.078570075047026 ] } },
{ "type": "Feature", "properties": { "ROUTE": 141.0, "DAY": "WKDY", "DIR": "Inbound", "STOP": 10.0, "STOPNAME": "SAN MATEO @ GRAND", "DAY_ON": 18.593512043499999, "DAY_OFF": 9.71013986014, "DAY_TOT": 28.303651903700001, "LAT": 35.081455829799999, "LONG": -106.586098647 }, "geometry": { "type": "Point", "coordinates": [ -106.586098646786667, 35.081455829755043 ] } },
{ "type": "Feature", "properties": { "ROUTE": 141.0, "DAY": "WKDY", "DIR": "Inbound", "STOP": 11.0, "STOPNAME": "SAN MATEO @ NAMBE CT.", "DAY_ON": 6.1878982129000004, "DAY_OFF": 2.3054584304599999, "DAY_TOT": 8.4933566433600003, "LAT": 35.0827425246, "LONG": -106.586096107 }, "geometry": { "type": "Point", "coordinates": [ -106.586096106577628, 35.082742524556586 ] } },
{ "type": "Feature", "properties": { "ROUTE": 141.0, "DAY": "WKDY", "DIR": "Inbound", "STOP": 12.0, "STOPNAME": "SAN MATEO @ SAN JUAN", "DAY_ON": 2.4485236985199998, "DAY_OFF": 3.9688228438199999, "DAY_TOT": 6.4173465423499998, "LAT": 35.084865142200002, "LONG": -106.586091619 }, "geometry": { "type": "Point", "coordinates": [ -106.586091618746011, 35.084865142185308 ] } },
{ "type": "Feature", "properties": { "ROUTE": 141.0, "DAY": "WKDY", "DIR": "Inbound", "STOP": 13.0, "STOPNAME": "SAN MATEO @ LOMAS", "DAY_ON": 25.134304584300001, "DAY_OFF": 56.109831834799998, "DAY_TOT": 81.244136419100002, "LAT": 35.087097264800001, "LONG": -106.586083647 }, "geometry": { "type": "Point", "coordinates": [ -106.586083646783777, 35.087097264752806 ] } },
{ "type": "Feature", "properties": { "ROUTE": 141.0, "DAY": "WKDY", "DIR": "Inbound", "STOP": 14.0, "STOPNAME": "SAN MATEO @ MARBLE", "DAY_ON": 39.156457431500002, "DAY_OFF": 12.8342324342, "DAY_TOT": 51.990689865699999, "LAT": 35.088647394100001, "LONG": -106.58607504 }, "geometry": { "type": "Point", "coordinates": [ -106.586075040469012, 35.088647394116855 ] } },
{ "type": "Feature", "properties": { "ROUTE": 141.0, "DAY": "WKDY", "DIR": "Inbound", "STOP": 15.0, "STOPNAME": "SAN MATEO @ MOUNTAIN", "DAY_ON": 3.4197358197400001, "DAY_OFF": 3.7643939393900001, "DAY_TOT": 7.1841297591300002, "LAT": 35.0908264117, "LONG": -106.58610716 }, "geometry": { "type": "Point", "coordinates": [ -106.586107159762776, 35.090826411678229 ] } },
{ "type": "Feature", "properties": { "ROUTE": 141.0, "DAY": "WKDY", "DIR": "Inbound", "STOP": 16.0, "STOPNAME": "SAN MATEO @ SUMMER", "DAY_ON": 5.5065073815099996, "DAY_OFF": 8.451015651000001, "DAY_TOT": 13.957523032499999, "LAT": 35.092665860499999, "LONG": -106.586126346 }, "geometry": { "type": "Point", "coordinates": [ -106.586126346154558, 35.092665860502073 ] } },
{ "type": "Feature", "properties": { "ROUTE": 141.0, "DAY": "WKDY", "DIR": "Inbound", "STOP": 17.0, "STOPNAME": "SAN MATEO @ CONSTITUTION", "DAY_ON": 1.4073426573400001, "DAY_OFF": 3.8694250194299999, "DAY_TOT": 5.2767676767699996, "LAT": 35.094329420199998, "LONG": -106.58614549000001 }, "geometry": { "type": "Point", "coordinates": [ -106.586145489870475, 35.094329420197511 ] } },
{ "type": "Feature", "properties": { "ROUTE": 141.0, "DAY": "WKDY", "DIR": "Inbound", "STOP": 18.0, "STOPNAME": "SAN MATEO @ CONSTITUTION", "DAY_ON": 3.6332750582800002, "DAY_OFF": 2.4104118104099999, "DAY_TOT": 6.04368686869, "LAT": 35.095374044400003, "LONG": -106.58615613800001 }, "geometry": { "type": "Point", "coordinates": [ -106.586156137889887, 35.095374044423416 ] } },
{ "type": "Feature", "properties": { "ROUTE": 141.0, "DAY": "WKDY", "DIR": "Inbound", "STOP": 19.0, "STOPNAME": "SAN MATEO @ HAINES", "DAY_ON": 1.3749611499600001, "DAY_OFF": 4.6295510045499997, "DAY_TOT": 6.0045121545100004, "LAT": 35.099153610999998, "LONG": -106.58623029499999 }, "geometry": { "type": "Point", "coordinates": [ -106.586230294700911, 35.099153611033692 ] } },
{ "type": "Feature", "properties": { "ROUTE": 141.0, "DAY": "WKDY", "DIR": "Inbound", "STOP": 20.0, "STOPNAME": "SAN MATEO @ INDIAN SCHOOL", "DAY_ON": 5.7305944055899998, "DAY_OFF": 15.1022921523, "DAY_TOT": 20.8328865579, "LAT": 35.101443659099999, "LONG": -106.586375633 }, "geometry": { "type": "Point", "coordinates": [ -106.586375632655376, 35.101443659110622 ] } },
{ "type": "Feature", "properties": { "ROUTE": 141.0, "DAY": "WKDY", "DIR": "Inbound", "STOP": 21.0, "STOPNAME": "SAN MATEO @ CUTLER", "DAY_ON": 14.351243201200001, "DAY_OFF": 95.862218337200005, "DAY_TOT": 110.213461538, "LAT": 35.105982832199999, "LONG": -106.587608172 }, "geometry": { "type": "Point", "coordinates": [ -106.58760817221301, 35.105982832188303 ] } },
{ "type": "Feature", "properties": { "ROUTE": 141.0, "DAY": "WKDY", "DIR": "Inbound", "STOP": 22.0, "STOPNAME": "SAN MATEO @ PROSPECT", "DAY_ON": 7.0361888111899997, "DAY_OFF": 18.642268842299998, "DAY_TOT": 25.678457653500001, "LAT": 35.107654238000002, "LONG": -106.586679516 }, "geometry": { "type": "Point", "coordinates": [ -106.586679515836522, 35.107654237976938 ] } },
{ "type": "Feature", "properties": { "ROUTE": 141.0, "DAY": "WKDY", "DIR": "Inbound", "STOP": 23.0, "STOPNAME": "SAN MATEO @ MENAUL", "DAY_ON": 39.232711732699997, "DAY_OFF": 67.369988344999996, "DAY_TOT": 106.602700078, "LAT": 35.1098877895, "LONG": -106.586256627 }, "geometry": { "type": "Point", "coordinates": [ -106.586256627106096, 35.109887789540124 ] } },
{ "type": "Feature", "properties": { "ROUTE": 141.0, "DAY": "WKDY", "DIR": "Inbound", "STOP": 24.0, "STOPNAME": "SAN MATEO @ PHOENIX", "DAY_ON": 5.2676184926199996, "DAY_OFF": 4.2976884226900003, "DAY_TOT": 9.5653069153099999, "LAT": 35.111263748699997, "LONG": -106.586273848 }, "geometry": { "type": "Point", "coordinates": [ -106.586273847810119, 35.111263748727154 ] } },
{ "type": "Feature", "properties": { "ROUTE": 141.0, "DAY": "WKDY", "DIR": "Inbound", "STOP": 25.0, "STOPNAME": "SAN MATEO @ CLAREMONT", "DAY_ON": 4.4948135198100001, "DAY_OFF": 3.7078088578099999, "DAY_TOT": 8.2026223776199991, "LAT": 35.113126899699999, "LONG": -106.586292476 }, "geometry": { "type": "Point", "coordinates": [ -106.586292476189016, 35.113126899710643 ] } },
{ "type": "Feature", "properties": { "ROUTE": 141.0, "DAY": "WKDY", "DIR": "Inbound", "STOP": 26.0, "STOPNAME": "SAN MATEO @ LOS ARBOLES", "DAY_ON": 3.70376845377, "DAY_OFF": 7.092987568, "DAY_TOT": 10.7967560218, "LAT": 35.114510471899997, "LONG": -106.586299579 }, "geometry": { "type": "Point", "coordinates": [ -106.586299578962695, 35.114510471905284 ] } },
{ "type": "Feature", "properties": { "ROUTE": 141.0, "DAY": "WKDY", "DIR": "Inbound", "STOP": 27.0, "STOPNAME": "SAN MATEO @ ARVILLA", "DAY_ON": 11.217987568, "DAY_OFF": 17.104623154599999, "DAY_TOT": 28.3226107226, "LAT": 35.117063524499997, "LONG": -106.58629581300001 }, "geometry": { "type": "Point", "coordinates": [ -106.586295812650803, 35.117063524531758 ] } },
{ "type": "Feature", "properties": { "ROUTE": 141.0, "DAY": "WKDY", "DIR": "Inbound", "STOP": 28.0, "STOPNAME": "SAN MATEO @ ARVILLA", "DAY_ON": 1.8885003885, "DAY_OFF": 2.6456876456899998, "DAY_TOT": 4.5341880341899996, "LAT": 35.118717856499998, "LONG": -106.58632596299999 }, "geometry": { "type": "Point", "coordinates": [ -106.586325963230479, 35.118717856479783 ] } },
{ "type": "Feature", "properties": { "ROUTE": 141.0, "DAY": "WKDY", "DIR": "Inbound", "STOP": 29.0, "STOPNAME": "SAN MATEO @ AZTEC", "DAY_ON": 8.2683372183399992, "DAY_OFF": 10.573038073, "DAY_TOT": 18.841375291399999, "LAT": 35.120579513000003, "LONG": -106.586347559 }, "geometry": { "type": "Point", "coordinates": [ -106.586347559006029, 35.120579513030108 ] } },
{ "type": "Feature", "properties": { "ROUTE": 141.0, "DAY": "WKDY", "DIR": "Inbound", "STOP": 30.0, "STOPNAME": "SAN MATEO @ CHEROKEE", "DAY_ON": 1.69648407148, "DAY_OFF": 4.8433954934000001, "DAY_TOT": 6.5398795648799997, "LAT": 35.121699172, "LONG": -106.58635533099999 }, "geometry": { "type": "Point", "coordinates": [ -106.586355331319254, 35.121699171967641 ] } },
{ "type": "Feature", "properties": { "ROUTE": 141.0, "DAY": "WKDY", "DIR": "Inbound", "STOP": 31.0, "STOPNAME": "SAN MATEO @ PALO DURO", "DAY_ON": 11.313073038100001, "DAY_OFF": 28.615967366, "DAY_TOT": 39.929040403999998, "LAT": 35.124394419600002, "LONG": -106.58636195 }, "geometry": { "type": "Point", "coordinates": [ -106.58636194982212, 35.124394419580412 ] } },
{ "type": "Feature", "properties": { "ROUTE": 141.0, "DAY": "WKDY", "DIR": "Inbound", "STOP": 32.0, "STOPNAME": "SAN MATEO @ GOODRICH", "DAY_ON": 3.4275446775399998, "DAY_OFF": 7.6372571872600004, "DAY_TOT": 11.0648018648, "LAT": 35.1263264384, "LONG": -106.586361422 }, "geometry": { "type": "Point", "coordinates": [ -106.586361422151711, 35.126326438371571 ] } },
{ "type": "Feature", "properties": { "ROUTE": 141.0, "DAY": "WKDY", "DIR": "Inbound", "STOP": 33.0, "STOPNAME": "SAN MATEO @ HOMESTEAD", "DAY_ON": 9.3501554001600002, "DAY_OFF": 51.281254856300002, "DAY_TOT": 60.631410256400002, "LAT": 35.128809088300002, "LONG": -106.586355333 }, "geometry": { "type": "Point", "coordinates": [ -106.586355333272024, 35.128809088322505 ] } },
{ "type": "Feature", "properties": { "ROUTE": 141.0, "DAY": "WKDY", "DIR": "Inbound", "STOP": 34.0, "STOPNAME": "SAN MATEO @ MONTGOMERY", "DAY_ON": 54.586266511300003, "DAY_OFF": 93.667637917600004, "DAY_TOT": 148.25390442899999, "LAT": 35.131563269200001, "LONG": -106.58629823699999 }, "geometry": { "type": "Point", "coordinates": [ -106.586298236525167, 35.1315632691541 ] } },
{ "type": "Feature", "properties": { "ROUTE": 141.0, "DAY": "WKDY", "DIR": "Inbound", "STOP": 35.0, "STOPNAME": "SAN MATEO @ MONTGOMERY", "DAY_ON": 2.43581973582, "DAY_OFF": 10.263850038899999, "DAY_TOT": 12.6996697747, "LAT": 35.133213890699999, "LONG": -106.586338592 }, "geometry": { "type": "Point", "coordinates": [ -106.586338591910987, 35.133213890749609 ] } },
{ "type": "Feature", "properties": { "ROUTE": 141.0, "DAY": "WKDY", "DIR": "Inbound", "STOP": 36.0, "STOPNAME": "SAN MATEO @ SAN MATEO LN.", "DAY_ON": 9.28313908314, "DAY_OFF": 13.147902097899999, "DAY_TOT": 22.431041181000001, "LAT": 35.134851144599999, "LONG": -106.586347729 }, "geometry": { "type": "Point", "coordinates": [ -106.586347729164089, 35.134851144624385 ] } },
{ "type": "Feature", "properties": { "ROUTE": 141.0, "DAY": "WKDY", "DIR": "Inbound", "STOP": 37.0, "STOPNAME": "SAN MATEO @ MCLEOD RD", "DAY_ON": 2.1435120435099999, "DAY_OFF": 16.094250194299999, "DAY_TOT": 18.237762237799998, "LAT": 35.137187304400001, "LONG": -106.58634296699999 }, "geometry": { "type": "Point", "coordinates": [ -106.586342967161499, 35.13718730444117 ] } },
{ "type": "Feature", "properties": { "ROUTE": 141.0, "DAY": "WKDY", "DIR": "Inbound", "STOP": 38.0, "STOPNAME": "SAN MATEO @ MCLEOD", "DAY_ON": 6.0576728826700004, "DAY_OFF": 23.342132867099998, "DAY_TOT": 29.399805749799999, "LAT": 35.138981236299998, "LONG": -106.586338016 }, "geometry": { "type": "Point", "coordinates": [ -106.586338016460118, 35.138981236300239 ] } },
{ "type": "Feature", "properties": { "ROUTE": 141.0, "DAY": "WKDY", "DIR": "Inbound", "STOP": 39.0, "STOPNAME": "SAN MATEO @ LINCOLN", "DAY_ON": 2.9263986014, "DAY_OFF": 18.389801864799999, "DAY_TOT": 21.316200466200002, "LAT": 35.141215829799997, "LONG": -106.5863342 }, "geometry": { "type": "Point", "coordinates": [ -106.586334200389516, 35.141215829836838 ] } },
{ "type": "Feature", "properties": { "ROUTE": 141.0, "DAY": "WKDY", "DIR": "Inbound", "STOP": 40.0, "STOPNAME": "SAN MATEO @ OSUNA", "DAY_ON": 2.9091103341100002, "DAY_OFF": 36.621484071499999, "DAY_TOT": 39.530594405599999, "LAT": 35.144567708399997, "LONG": -106.58632962199999 }, "geometry": { "type": "Point", "coordinates": [ -106.586329622495185, 35.144567708394682 ] } },
{ "type": "Feature", "properties": { "ROUTE": 141.0, "DAY": "WKDY", "DIR": "Inbound", "STOP": 41.0, "STOPNAME": "SAN MATEO @ ACADEMY", "DAY_ON": 1.68106060606, "DAY_OFF": 18.274339549299999, "DAY_TOT": 19.9554001554, "LAT": 35.146736757200003, "LONG": -106.586326634 }, "geometry": { "type": "Point", "coordinates": [ -106.586326633639004, 35.146736757161705 ] } },
{ "type": "Feature", "properties": { "ROUTE": 141.0, "DAY": "WKDY", "DIR": "Inbound", "STOP": 42.0, "STOPNAME": "SAN MATEO @ ACADEMY", "DAY_ON": 7.9790986790999998, "DAY_OFF": 33.061052836099996, "DAY_TOT": 41.040151515200002, "LAT": 35.148386184099998, "LONG": -106.58633035699999 }, "geometry": { "type": "Point", "coordinates": [ -106.586330356689402, 35.148386184057159 ] } },
{ "type": "Feature", "properties": { "ROUTE": 141.0, "DAY": "WKDY", "DIR": "Inbound", "STOP": 43.0, "STOPNAME": "SAN MATEO @ ACADEMY", "DAY_ON": 5.2480963480999998, "DAY_OFF": 23.704972805000001, "DAY_TOT": 28.9530691531, "LAT": 35.1501120446, "LONG": -106.58642724800001 }, "geometry": { "type": "Point", "coordinates": [ -106.586427247868386, 35.150112044554845 ] } },
{ "type": "Feature", "properties": { "ROUTE": 141.0, "DAY": "WKDY", "DIR": "Inbound", "STOP": 44.0, "STOPNAME": "OSUNA @ PAN AMERICAN", "DAY_ON": 0.475, "DAY_OFF": 58.6391802642, "DAY_TOT": 59.114180264200002, "LAT": 35.155129863600003, "LONG": -106.591050393 }, "geometry": { "type": "Point", "coordinates": [ -106.591050393341305, 35.155129863580115 ] } },
{ "type": "Feature", "properties": { "ROUTE": 155.0, "DAY": "WKDY", "DIR": "Outbound", "STOP": 12.0, "STOPNAME": "NW TRANSIT CENTER", "DAY_ON": 55.265170940200001, "DAY_OFF": 0.0, "DAY_TOT": 55.265170940200001, "LAT": 35.206404902499997, "LONG": -106.6597152 }, "geometry": { "type": "Point", "coordinates": [ -106.659715199810606, 35.206404902478319 ] } },
{ "type": "Feature", "properties": { "ROUTE": 155.0, "DAY": "WKDY", "DIR": "Outbound", "STOP": 13.0, "STOPNAME": "ELLISON @ COORS BYPASS", "DAY_ON": 24.151728826700001, "DAY_OFF": 0.44055944056000002, "DAY_TOT": 24.592288267299999, "LAT": 35.205478957099999, "LONG": -106.65780372 }, "geometry": { "type": "Point", "coordinates": [ -106.657803720150184, 35.205478957070703 ] } },
{ "type": "Feature", "properties": { "ROUTE": 155.0, "DAY": "WKDY", "DIR": "Outbound", "STOP": 14.0, "STOPNAME": "COTTONWOOD @ OLD AIRPORT", "DAY_ON": 8.9354700854699995, "DAY_OFF": 0.70769230769000002, "DAY_TOT": 9.6431623931600008, "LAT": 35.203900515299999, "LONG": -106.655503689 }, "geometry": { "type": "Point", "coordinates": [ -106.655503689070201, 35.203900515345772 ] } },
{ "type": "Feature", "properties": { "ROUTE": 155.0, "DAY": "WKDY", "DIR": "Outbound", "STOP": 15.0, "STOPNAME": "7 BAR @ COTTONWOOD DR", "DAY_ON": 10.0186480186, "DAY_OFF": 0.9034965035, "DAY_TOT": 10.9221445221, "LAT": 35.200363283900003, "LONG": -106.655700577 }, "geometry": { "type": "Point", "coordinates": [ -106.65570057734395, 35.200363283937136 ] } },
{ "type": "Feature", "properties": { "ROUTE": 155.0, "DAY": "WKDY", "DIR": "Outbound", "STOP": 16.0, "STOPNAME": "7-BAR @ COTTONWOOD LOOP", "DAY_ON": 14.166860916899999, "DAY_OFF": 1.11748251748, "DAY_TOT": 15.2843434343, "LAT": 35.198849766199999, "LONG": -106.65294886 }, "geometry": { "type": "Point", "coordinates": [ -106.652948860390737, 35.198849766187521 ] } },
{ "type": "Feature", "properties": { "ROUTE": 155.0, "DAY": "WKDY", "DIR": "Outbound", "STOP": 17.0, "STOPNAME": "COORS @ COTTONWOOD LOOP", "DAY_ON": 5.1244949494899998, "DAY_OFF": 0.51111111110999996, "DAY_TOT": 5.6356060606099998, "LAT": 35.194761512500001, "LONG": -106.65420282 }, "geometry": { "type": "Point", "coordinates": [ -106.65420282040759, 35.194761512529141 ] } },
{ "type": "Feature", "properties": { "ROUTE": 155.0, "DAY": "WKDY", "DIR": "Outbound", "STOP": 18.0, "STOPNAME": "COORS @ CORRALES", "DAY_ON": 0.69153069153000002, "DAY_OFF": 1.55555555556, "DAY_TOT": 2.2470862470899999, "LAT": 35.190243993400003, "LONG": -106.65853936400001 }, "geometry": { "type": "Point", "coordinates": [ -106.658539363701138, 35.190243993363119 ] } },
{ "type": "Feature", "properties": { "ROUTE": 155.0, "DAY": "WKDY", "DIR": "Outbound", "STOP": 19.0, "STOPNAME": "COORS @ IRVING", "DAY_ON": 4.6145299145300003, "DAY_OFF": 2.4186480186499999, "DAY_TOT": 7.0331779331800002, "LAT": 35.187310429699998, "LONG": -106.661560917 }, "geometry": { "type": "Point", "coordinates": [ -106.661560917378907, 35.187310429681425 ] } },
{ "type": "Feature", "properties": { "ROUTE": 155.0, "DAY": "WKDY", "DIR": "Outbound", "STOP": 20.0, "STOPNAME": "COORS @ IRVING", "DAY_ON": 14.822843822799999, "DAY_OFF": 2.2696969697, "DAY_TOT": 17.092540792499999, "LAT": 35.184341191599998, "LONG": -106.66473014899999 }, "geometry": { "type": "Point", "coordinates": [ -106.664730149022304, 35.184341191563057 ] } },
{ "type": "Feature", "properties": { "ROUTE": 155.0, "DAY": "WKDY", "DIR": "Outbound", "STOP": 21.0, "STOPNAME": "COORS @ FRONTAGE ROAD", "DAY_ON": 2.7237762237799998, "DAY_OFF": 2.3523698523699998, "DAY_TOT": 5.0761460761499997, "LAT": 35.177884262299997, "LONG": -106.67133327400001 }, "geometry": { "type": "Point", "coordinates": [ -106.671333273763295, 35.177884262334906 ] } },
{ "type": "Feature", "properties": { "ROUTE": 155.0, "DAY": "WKDY", "DIR": "Outbound", "STOP": 22.0, "STOPNAME": "COORS @ EAGLE RANCH", "DAY_ON": 3.4593628593600001, "DAY_OFF": 1.43628593629, "DAY_TOT": 4.8956487956499997, "LAT": 35.173946327099998, "LONG": -106.673955625 }, "geometry": { "type": "Point", "coordinates": [ -106.673955625388487, 35.173946327084955 ] } },
{ "type": "Feature", "properties": { "ROUTE": 155.0, "DAY": "WKDY", "DIR": "Outbound", "STOP": 23.0, "STOPNAME": "COORS @ BOSQUE MEADOWS", "DAY_ON": 0.0, "DAY_OFF": 0.0, "DAY_TOT": 0.0, "LAT": 35.168364591900001, "LONG": -106.67578309300001 }, "geometry": { "type": "Point", "coordinates": [ -106.675783093207727, 35.168364591945092 ] } },
{ "type": "Feature", "properties": { "ROUTE": 155.0, "DAY": "WKDY", "DIR": "Outbound", "STOP": 24.0, "STOPNAME": "COORS @ LA ORILLA", "DAY_ON": 3.55944055944, "DAY_OFF": 1.30264180264, "DAY_TOT": 4.8620823620799998, "LAT": 35.158126195999998, "LONG": -106.68053014199999 }, "geometry": { "type": "Point", "coordinates": [ -106.680530141511269, 35.158126195966062 ] } },
{ "type": "Feature", "properties": { "ROUTE": 155.0, "DAY": "WKDY", "DIR": "Outbound", "STOP": 25.0, "STOPNAME": "COORS @ MONTANO PLAZA", "DAY_ON": 9.3758352758400001, "DAY_OFF": 3.1691530691500001, "DAY_TOT": 12.544988345, "LAT": 35.153657994200003, "LONG": -106.683334855 }, "geometry": { "type": "Point", "coordinates": [ -106.683334854700846, 35.153657994172484 ] } },
{ "type": "Feature", "properties": { "ROUTE": 155.0, "DAY": "WKDY", "DIR": "Outbound", "STOP": 26.0, "STOPNAME": "COORS @ MONTANO", "DAY_ON": 19.6033411033, "DAY_OFF": 7.4970473970500002, "DAY_TOT": 27.100388500400001, "LAT": 35.1483662881, "LONG": -106.688046668 }, "geometry": { "type": "Point", "coordinates": [ -106.688046668350196, 35.148366288137787 ] } },
{ "type": "Feature", "properties": { "ROUTE": 155.0, "DAY": "WKDY", "DIR": "Outbound", "STOP": 27.0, "STOPNAME": "COORS @ DELLYNE", "DAY_ON": 5.291996892, "DAY_OFF": 1.73558663559, "DAY_TOT": 7.02758352759, "LAT": 35.144865720699997, "LONG": -106.693309501 }, "geometry": { "type": "Point", "coordinates": [ -106.693309501489296, 35.144865720732959 ] } },
{ "type": "Feature", "properties": { "ROUTE": 155.0, "DAY": "WKDY", "DIR": "Outbound", "STOP": 28.0, "STOPNAME": "COORS @ MIRADOR", "DAY_ON": 0.27272727273000003, "DAY_OFF": 0.09090909091, "DAY_TOT": 0.36363636364000002, "LAT": 35.143382379899997, "LONG": -106.695552316 }, "geometry": { "type": "Point", "coordinates": [ -106.695552316271701, 35.143382379888635 ] } },
{ "type": "Feature", "properties": { "ROUTE": 155.0, "DAY": "WKDY", "DIR": "Outbound", "STOP": 29.0, "STOPNAME": "COORS @ SEVILLA", "DAY_ON": 1.9181818181800001, "DAY_OFF": 0.0, "DAY_TOT": 1.9181818181800001, "LAT": 35.140090175399997, "LONG": -106.699390158 }, "geometry": { "type": "Point", "coordinates": [ -106.69939015811967, 35.140090175407927 ] } },
{ "type": "Feature", "properties": { "ROUTE": 155.0, "DAY": "WKDY", "DIR": "Outbound", "STOP": 30.0, "STOPNAME": "COORS @ WESTERN TRAILS", "DAY_ON": 2.1794871794900001, "DAY_OFF": 0.93916083916000004, "DAY_TOT": 3.1186480186500001, "LAT": 35.134161174799999, "LONG": -106.701737185 }, "geometry": { "type": "Point", "coordinates": [ -106.701737184570092, 35.134161174760422 ] } },
{ "type": "Feature", "properties": { "ROUTE": 155.0, "DAY": "WKDY", "DIR": "Outbound", "STOP": 31.0, "STOPNAME": "COORS @ ST JOSEPHS", "DAY_ON": 2.3108780108800002, "DAY_OFF": 2.8187257187300001, "DAY_TOT": 5.1296037296000003, "LAT": 35.127491186599997, "LONG": -106.701780684 }, "geometry": { "type": "Point", "coordinates": [ -106.701780683631213, 35.127491186609696 ] } },
{ "type": "Feature", "properties": { "ROUTE": 155.0, "DAY": "WKDY", "DIR": "Outbound", "STOP": 32.0, "STOPNAME": "COORS @ CALLE PENASCO", "DAY_ON": 1.1580419580400001, "DAY_OFF": 1.21188811189, "DAY_TOT": 2.3699300699300001, "LAT": 35.124246774200003, "LONG": -106.70176850599999 }, "geometry": { "type": "Point", "coordinates": [ -106.701768505762757, 35.124246774151779 ] } },
{ "type": "Feature", "properties": { "ROUTE": 155.0, "DAY": "WKDY", "DIR": "Outbound", "STOP": 33.0, "STOPNAME": "COORS @ SEQUOIA", "DAY_ON": 14.803341103299999, "DAY_OFF": 11.9411810412, "DAY_TOT": 26.744522144499999, "LAT": 35.120771411900002, "LONG": -106.70179571 }, "geometry": { "type": "Point", "coordinates": [ -106.701795709790233, 35.120771411875154 ] } },
{ "type": "Feature", "properties": { "ROUTE": 155.0, "DAY": "WKDY", "DIR": "Outbound", "STOP": 34.0, "STOPNAME": "COORS @ PHEASANT", "DAY_ON": 37.632944832900002, "DAY_OFF": 9.5860916860900005, "DAY_TOT": 47.219036519, "LAT": 35.117197377799997, "LONG": -106.701813418 }, "geometry": { "type": "Point", "coordinates": [ -106.701813417896915, 35.117197377848996 ] } },
{ "type": "Feature", "properties": { "ROUTE": 155.0, "DAY": "WKDY", "DIR": "Outbound", "STOP": 35.0, "STOPNAME": "COORS @ HANOVER", "DAY_ON": 52.143512043500003, "DAY_OFF": 33.442035742000002, "DAY_TOT": 85.585547785499998, "LAT": 35.100040041100002, "LONG": -106.707344495 }, "geometry": { "type": "Point", "coordinates": [ -106.707344494981854, 35.100040041083922 ] } },
{ "type": "Feature", "properties": { "ROUTE": 155.0, "DAY": "WKDY", "DIR": "Outbound", "STOP": 36.0, "STOPNAME": "COORS @ GLENRIO", "DAY_ON": 4.8988344988300003, "DAY_OFF": 2.8975135975100001, "DAY_TOT": 7.79634809635, "LAT": 35.096962119700002, "LONG": -106.70860811199999 }, "geometry": { "type": "Point", "coordinates": [ -106.708608112211877, 35.096962119690495 ] } },
{ "type": "Feature", "properties": { "ROUTE": 155.0, "DAY": "WKDY", "DIR": "Outbound", "STOP": 37.0, "STOPNAME": "COORS @ FORTUNA", "DAY_ON": 12.4, "DAY_OFF": 5.4417249417200004, "DAY_TOT": 17.841724941700001, "LAT": 35.094994794100003, "LONG": -106.70940227 }, "geometry": { "type": "Point", "coordinates": [ -106.709402270299165, 35.09499479406243 ] } },
{ "type": "Feature", "properties": { "ROUTE": 155.0, "DAY": "WKDY", "DIR": "Outbound", "STOP": 38.0, "STOPNAME": "COORS @ LOS VOLCANES", "DAY_ON": 5.4848484848499997, "DAY_OFF": 5.6985236985199998, "DAY_TOT": 11.183372183399999, "LAT": 35.0907510065, "LONG": -106.710646449 }, "geometry": { "type": "Point", "coordinates": [ -106.710646449430214, 35.090751006539747 ] } },
{ "type": "Feature", "properties": { "ROUTE": 155.0, "DAY": "WKDY", "DIR": "Outbound", "STOP": 39.0, "STOPNAME": "COORS @ CLOUDCROFT", "DAY_ON": 1.82517482517, "DAY_OFF": 1.4195804195799999, "DAY_TOT": 3.2447552447599999, "LAT": 35.089022725699998, "LONG": -106.710768238 }, "geometry": { "type": "Point", "coordinates": [ -106.710768238150749, 35.089022725653976 ] } },
{ "type": "Feature", "properties": { "ROUTE": 155.0, "DAY": "WKDY", "DIR": "Outbound", "STOP": 40.0, "STOPNAME": "COORS @ BLUEWATER", "DAY_ON": 1.3337218337200001, "DAY_OFF": 3.8348873348899999, "DAY_TOT": 5.1686091686099997, "LAT": 35.0867451166, "LONG": -106.710840881 }, "geometry": { "type": "Point", "coordinates": [ -106.710840881410249, 35.086745116550119 ] } },
{ "type": "Feature", "properties": { "ROUTE": 155.0, "DAY": "WKDY", "DIR": "Outbound", "STOP": 41.0, "STOPNAME": "COORS @ AVALON", "DAY_ON": 3.1313131313100002, "DAY_OFF": 9.2043512043500009, "DAY_TOT": 12.335664335700001, "LAT": 35.083944893499996, "LONG": -106.710880464 }, "geometry": { "type": "Point", "coordinates": [ -106.710880463934203, 35.083944893486148 ] } },
{ "type": "Feature", "properties": { "ROUTE": 155.0, "DAY": "WKDY", "DIR": "Outbound", "STOP": 42.0, "STOPNAME": "COORS @ CENTRAL", "DAY_ON": 6.5407925407900001, "DAY_OFF": 125.292929293, "DAY_TOT": 131.83372183399999, "LAT": 35.081037618499998, "LONG": -106.71087454400001 }, "geometry": { "type": "Point", "coordinates": [ -106.710874544159566, 35.081037618492623 ] } },
{ "type": "Feature", "properties": { "ROUTE": 155.0, "DAY": "WKDY", "DIR": "Outbound", "STOP": 43.0, "STOPNAME": "COORS @ CENTRAL", "DAY_ON": 47.424242424200003, "DAY_OFF": 14.909867909900001, "DAY_TOT": 62.334110334099996, "LAT": 35.079201575399999, "LONG": -106.71072901 }, "geometry": { "type": "Point", "coordinates": [ -106.710729009647778, 35.079201575369069 ] } },
{ "type": "Feature", "properties": { "ROUTE": 155.0, "DAY": "WKDY", "DIR": "Outbound", "STOP": 45.0, "STOPNAME": "COORS @ BRIDGE", "DAY_ON": 5.6507381507399996, "DAY_OFF": 16.855477855499998, "DAY_TOT": 22.506216006199999, "LAT": 35.069632518399999, "LONG": -106.711878426 }, "geometry": { "type": "Point", "coordinates": [ -106.711878425861187, 35.069632518421393 ] } },
{ "type": "Feature", "properties": { "ROUTE": 155.0, "DAY": "WKDY", "DIR": "Outbound", "STOP": 46.0, "STOPNAME": "COORS @ TOWER", "DAY_ON": 0.15384615385, "DAY_OFF": 2.3880341880299998, "DAY_TOT": 2.5418803418799998, "LAT": 35.0657695019, "LONG": -106.710287979 }, "geometry": { "type": "Point", "coordinates": [ -106.710287978988617, 35.065769501877746 ] } },
{ "type": "Feature", "properties": { "ROUTE": 155.0, "DAY": "WKDY", "DIR": "Outbound", "STOP": 47.0, "STOPNAME": "COORS @ SAGE", "DAY_ON": 0.27272727273000003, "DAY_OFF": 2.58515928516, "DAY_TOT": 2.8578865578900001, "LAT": 35.060057862100003, "LONG": -106.70781282900001 }, "geometry": { "type": "Point", "coordinates": [ -106.707812828606563, 35.060057862082367 ] } },
{ "type": "Feature", "properties": { "ROUTE": 155.0, "DAY": "WKDY", "DIR": "Outbound", "STOP": 48.0, "STOPNAME": "COORS @ EDUARDO", "DAY_ON": 1.42167832168, "DAY_OFF": 2.34615384615, "DAY_TOT": 3.76783216783, "LAT": 35.055705253900001, "LONG": -106.70616962299999 }, "geometry": { "type": "Point", "coordinates": [ -106.706169623316498, 35.055705253917381 ] } },
{ "type": "Feature", "properties": { "ROUTE": 155.0, "DAY": "WKDY", "DIR": "Outbound", "STOP": 49.0, "STOPNAME": "COORS @ ARENAL", "DAY_ON": 5.6275058275100003, "DAY_OFF": 12.6159285159, "DAY_TOT": 18.243434343400001, "LAT": 35.052671273000001, "LONG": -106.706874501 }, "geometry": { "type": "Point", "coordinates": [ -106.706874501424508, 35.052671272986274 ] } },
{ "type": "Feature", "properties": { "ROUTE": 155.0, "DAY": "WKDY", "DIR": "Outbound", "STOP": 50.0, "STOPNAME": "COORS @ HUSEMAN", "DAY_ON": 0.15384615385, "DAY_OFF": 1.1020979021, "DAY_TOT": 1.2559440559399999, "LAT": 35.0465464619, "LONG": -106.709199267 }, "geometry": { "type": "Point", "coordinates": [ -106.709199267029263, 35.046546461926958 ] } },
{ "type": "Feature", "properties": { "ROUTE": 155.0, "DAY": "WKDY", "DIR": "Outbound", "STOP": 51.0, "STOPNAME": "COORS @ ERVIEN", "DAY_ON": 0.27272727273000003, "DAY_OFF": 3.2790209790199998, "DAY_TOT": 3.5517482517499999, "LAT": 35.0426524847, "LONG": -106.710610234 }, "geometry": { "type": "Point", "coordinates": [ -106.710610233780116, 35.042652484718978 ] } },
{ "type": "Feature", "properties": { "ROUTE": 155.0, "DAY": "WKDY", "DIR": "Outbound", "STOP": 52.0, "STOPNAME": "COORS @ BLAKE", "DAY_ON": 1.27334887335, "DAY_OFF": 11.952447552400001, "DAY_TOT": 13.2257964258, "LAT": 35.037338327299999, "LONG": -106.71220136300001 }, "geometry": { "type": "Point", "coordinates": [ -106.712201363247857, 35.037338327311581 ] } },
{ "type": "Feature", "properties": { "ROUTE": 155.0, "DAY": "WKDY", "DIR": "Outbound", "STOP": 53.0, "STOPNAME": "COORS @ BARCELONA", "DAY_ON": 0.15384615385, "DAY_OFF": 5.6353535353500002, "DAY_TOT": 5.7891996892000002, "LAT": 35.0309702984, "LONG": -106.713535095 }, "geometry": { "type": "Point", "coordinates": [ -106.713535094664579, 35.030970298433054 ] } },
{ "type": "Feature", "properties": { "ROUTE": 155.0, "DAY": "WKDY", "DIR": "Outbound", "STOP": 54.0, "STOPNAME": "COORS @ RIO BRAVO", "DAY_ON": 0.72991452992000005, "DAY_OFF": 9.4455322455299999, "DAY_TOT": 10.175446775399999, "LAT": 35.027821003100001, "LONG": -106.714032088 }, "geometry": { "type": "Point", "coordinates": [ -106.714032088027736, 35.027821003140367 ] } },
{ "type": "Feature", "properties": { "ROUTE": 155.0, "DAY": "WKDY", "DIR": "Outbound", "STOP": 55.0, "STOPNAME": "COORS @ RIO BRAVO", "DAY_ON": 1.5328671328700001, "DAY_OFF": 14.8480963481, "DAY_TOT": 16.380963480999998, "LAT": 35.026397129700001, "LONG": -106.714232423 }, "geometry": { "type": "Point", "coordinates": [ -106.714232422947404, 35.026397129694381 ] } },
{ "type": "Feature", "properties": { "ROUTE": 155.0, "DAY": "WKDY", "DIR": "Outbound", "STOP": 56.0, "STOPNAME": "COORS @ GUN CLUB", "DAY_ON": 0.44677544677999997, "DAY_OFF": 9.3983682983700003, "DAY_TOT": 9.8451437451399997, "LAT": 35.014708120900004, "LONG": -106.715825534 }, "geometry": { "type": "Point", "coordinates": [ -106.715825533831904, 35.014708120874495 ] } },
{ "type": "Feature", "properties": { "ROUTE": 155.0, "DAY": "WKDY", "DIR": "Outbound", "STOP": 57.0, "STOPNAME": "GUN CLUB @ COORS", "DAY_ON": 5.7985236985200004, "DAY_OFF": 10.1464646465, "DAY_TOT": 15.944988345000001, "LAT": 35.011854376800002, "LONG": -106.71431091700001 }, "geometry": { "type": "Point", "coordinates": [ -106.714310916904083, 35.01185437684537 ] } },
{ "type": "Feature", "properties": { "ROUTE": 155.0, "DAY": "WKDY", "DIR": "Outbound", "STOP": 58.0, "STOPNAME": "VALLEY GARDENS @ DESERT GARD", "DAY_ON": 1.5349650349699999, "DAY_OFF": 3.1763986014, "DAY_TOT": 4.7113636363599998, "LAT": 35.011319231400002, "LONG": -106.708956144 }, "geometry": { "type": "Point", "coordinates": [ -106.708956143648024, 35.011319231449107 ] } },
{ "type": "Feature", "properties": { "ROUTE": 155.0, "DAY": "WKDY", "DIR": "Outbound", "STOP": 60.0, "STOPNAME": "GUN CLUB @ ISLETA DRAIN", "DAY_ON": 0.42657342657000002, "DAY_OFF": 7.6073426573400003, "DAY_TOT": 8.0339160839199995, "LAT": 35.012261454399997, "LONG": -106.713924198 }, "geometry": { "type": "Point", "coordinates": [ -106.713924197940941, 35.012261454448335 ] } },
{ "type": "Feature", "properties": { "ROUTE": 155.0, "DAY": "WKDY", "DIR": "Outbound", "STOP": 62.0, "STOPNAME": "COORS @ LAS ESTANCIAS", "DAY_ON": 2.40235042735, "DAY_OFF": 3.6732905982899999, "DAY_TOT": 6.0756410256400004, "LAT": 35.017415773899998, "LONG": -106.71540620499999 }, "geometry": { "type": "Point", "coordinates": [ -106.715406205128204, 35.017415773860399 ] } },
{ "type": "Feature", "properties": { "ROUTE": 155.0, "DAY": "WKDY", "DIR": "Outbound", "STOP": 63.0, "STOPNAME": "COORS @ RIO BRAVO", "DAY_ON": 0.0, "DAY_OFF": 3.5714285714299998, "DAY_TOT": 3.5714285714299998, "LAT": 35.025770857099999, "LONG": -106.714075095 }, "geometry": { "type": "Point", "coordinates": [ -106.714075095238101, 35.025770857142859 ] } },
{ "type": "Feature", "properties": { "ROUTE": 155.0, "DAY": "WKDY", "DIR": "Inbound", "STOP": 1.0, "STOPNAME": "GUN CLUB @ ISLETA DRAIN", "DAY_ON": 9.9200466200499999, "DAY_OFF": 0.0, "DAY_TOT": 9.9200466200499999, "LAT": 35.012361110900002, "LONG": -106.714677545 }, "geometry": { "type": "Point", "coordinates": [ -106.714677545225982, 35.012361110928282 ] } },
{ "type": "Feature", "properties": { "ROUTE": 155.0, "DAY": "WKDY", "DIR": "Inbound", "STOP": 2.0, "STOPNAME": "COORS @ GUN CLUB", "DAY_ON": 14.424630924600001, "DAY_OFF": 0.0, "DAY_TOT": 14.424630924600001, "LAT": 35.013984959799998, "LONG": -106.71579175799999 }, "geometry": { "type": "Point", "coordinates": [ -106.715791757849999, 35.013984959824498 ] } },
{ "type": "Feature", "properties": { "ROUTE": 155.0, "DAY": "WKDY", "DIR": "Inbound", "STOP": 3.0, "STOPNAME": "COORS @ LAS ESTANCIAS", "DAY_ON": 1.5613830613799999, "DAY_OFF": 0.66643356642999996, "DAY_TOT": 2.2278166278199998, "LAT": 35.0193701189, "LONG": -106.715035943 }, "geometry": { "type": "Point", "coordinates": [ -106.715035943187559, 35.019370118881113 ] } },
{ "type": "Feature", "properties": { "ROUTE": 155.0, "DAY": "WKDY", "DIR": "Inbound", "STOP": 4.0, "STOPNAME": "COORS @ RIO BRAVO", "DAY_ON": 24.182217490100001, "DAY_OFF": 2.1981893106900001, "DAY_TOT": 26.380406800799999, "LAT": 35.025814453700001, "LONG": -106.71410360100001 }, "geometry": { "type": "Point", "coordinates": [ -106.71410360106421, 35.025814453702601 ] } },
{ "type": "Feature", "properties": { "ROUTE": 155.0, "DAY": "WKDY", "DIR": "Inbound", "STOP": 5.0, "STOPNAME": "COORS @ BARCELONA", "DAY_ON": 7.1461538461499998, "DAY_OFF": 0.76153846154000004, "DAY_TOT": 7.9076923076899996, "LAT": 35.029761175899999, "LONG": -106.713571264 }, "geometry": { "type": "Point", "coordinates": [ -106.713571264427486, 35.029761175884715 ] } },
{ "type": "Feature", "properties": { "ROUTE": 155.0, "DAY": "WKDY", "DIR": "Inbound", "STOP": 6.0, "STOPNAME": "COORS @ BLAKE", "DAY_ON": 13.430691530700001, "DAY_OFF": 1.67816627817, "DAY_TOT": 15.1088578089, "LAT": 35.0370490504, "LONG": -106.712103829 }, "geometry": { "type": "Point", "coordinates": [ -106.712103829095142, 35.037049050363777 ] } },
{ "type": "Feature", "properties": { "ROUTE": 155.0, "DAY": "WKDY", "DIR": "Inbound", "STOP": 7.0, "STOPNAME": "COORS @ ERVIEN", "DAY_ON": 1.9557886557899999, "DAY_OFF": 0.6986013986, "DAY_TOT": 2.6543900543899999, "LAT": 35.042627811400003, "LONG": -106.710467141 }, "geometry": { "type": "Point", "coordinates": [ -106.710467141131588, 35.042627811365406 ] } },
{ "type": "Feature", "properties": { "ROUTE": 155.0, "DAY": "WKDY", "DIR": "Inbound", "STOP": 8.0, "STOPNAME": "COORS @ HUSEMAN", "DAY_ON": 0.07692307692, "DAY_OFF": 0.0, "DAY_TOT": 0.07692307692, "LAT": 35.046615263500001, "LONG": -106.709026736 }, "geometry": { "type": "Point", "coordinates": [ -106.709026736137602, 35.046615263509217 ] } },
{ "type": "Feature", "properties": { "ROUTE": 155.0, "DAY": "WKDY", "DIR": "Inbound", "STOP": 9.0, "STOPNAME": "COORS @ ARENAL", "DAY_ON": 12.863092463099999, "DAY_OFF": 7.1887334887299996, "DAY_TOT": 20.051825951800001, "LAT": 35.052048346799999, "LONG": -106.706870546 }, "geometry": { "type": "Point", "coordinates": [ -106.706870545525177, 35.052048346824897 ] } },
{ "type": "Feature", "properties": { "ROUTE": 155.0, "DAY": "WKDY", "DIR": "Inbound", "STOP": 10.0, "STOPNAME": "COORS @ OLD COORS", "DAY_ON": 4.2677544677499997, "DAY_OFF": 1.17482517483, "DAY_TOT": 5.4425796425800002, "LAT": 35.055417849900003, "LONG": -106.705821478 }, "geometry": { "type": "Point", "coordinates": [ -106.705821478243976, 35.05541784989758 ] } },
{ "type": "Feature", "properties": { "ROUTE": 155.0, "DAY": "WKDY", "DIR": "Inbound", "STOP": 11.0, "STOPNAME": "COORS @ OLD COORS", "DAY_ON": 1.8195027195, "DAY_OFF": 0.09090909091, "DAY_TOT": 1.9104118104100001, "LAT": 35.05732915, "LONG": -106.70618556300001 }, "geometry": { "type": "Point", "coordinates": [ -106.706185562548569, 35.057329149961156 ] } },
{ "type": "Feature", "properties": { "ROUTE": 155.0, "DAY": "WKDY", "DIR": "Inbound", "STOP": 12.0, "STOPNAME": "COORS @ SAGE", "DAY_ON": 0.44965034965, "DAY_OFF": 0.42167832168000002, "DAY_TOT": 0.87132867133000003, "LAT": 35.060675973400002, "LONG": -106.707858172 }, "geometry": { "type": "Point", "coordinates": [ -106.707858171999746, 35.06067597337006 ] } },
{ "type": "Feature", "properties": { "ROUTE": 155.0, "DAY": "WKDY", "DIR": "Inbound", "STOP": 13.0, "STOPNAME": "COORS @ TOWER", "DAY_ON": 1.37482517483, "DAY_OFF": 0.25874125873999998, "DAY_TOT": 1.63356643357, "LAT": 35.0665685731, "LONG": -106.710308922 }, "geometry": { "type": "Point", "coordinates": [ -106.710308921628851, 35.066568573073397 ] } },
{ "type": "Feature", "properties": { "ROUTE": 155.0, "DAY": "WKDY", "DIR": "Inbound", "STOP": 14.0, "STOPNAME": "COORS @ BRIDGE", "DAY_ON": 15.0871794872, "DAY_OFF": 4.7783216783200002, "DAY_TOT": 19.8655011655, "LAT": 35.070265402799997, "LONG": -106.71181103399999 }, "geometry": { "type": "Point", "coordinates": [ -106.711811033693579, 35.070265402839581 ] } },
{ "type": "Feature", "properties": { "ROUTE": 155.0, "DAY": "WKDY", "DIR": "Inbound", "STOP": 16.0, "STOPNAME": "COORS @ GONZALES", "DAY_ON": 7.47614607615, "DAY_OFF": 1.94537684538, "DAY_TOT": 9.4215229215199994, "LAT": 35.0733656938, "LONG": -106.713007472 }, "geometry": { "type": "Point", "coordinates": [ -106.713007471816056, 35.073365693755733 ] } },
{ "type": "Feature", "properties": { "ROUTE": 155.0, "DAY": "WKDY", "DIR": "Inbound", "STOP": 17.0, "STOPNAME": "COORS @ CENTRAL", "DAY_ON": 121.98432400900001, "DAY_OFF": 53.595512820499998, "DAY_TOT": 175.57983683, "LAT": 35.080829884499998, "LONG": -106.710576109 }, "geometry": { "type": "Point", "coordinates": [ -106.710576109424679, 35.080829884482945 ] } },
{ "type": "Feature", "properties": { "ROUTE": 155.0, "DAY": "WKDY", "DIR": "Inbound", "STOP": 18.0, "STOPNAME": "COORS @ AVALON", "DAY_ON": 22.379331779299999, "DAY_OFF": 1.71048951049, "DAY_TOT": 24.0898212898, "LAT": 35.0839241754, "LONG": -106.71062532400001 }, "geometry": { "type": "Point", "coordinates": [ -106.710625324185912, 35.083924175425594 ] } },
{ "type": "Feature", "properties": { "ROUTE": 155.0, "DAY": "WKDY", "DIR": "Inbound", "STOP": 19.0, "STOPNAME": "COORS @ BLUEWATER", "DAY_ON": 8.7875679875700001, "DAY_OFF": 1.14405594406, "DAY_TOT": 9.9316239316200008, "LAT": 35.086606758000002, "LONG": -106.710597509 }, "geometry": { "type": "Point", "coordinates": [ -106.710597509147405, 35.086606757999569 ] } },
{ "type": "Feature", "properties": { "ROUTE": 155.0, "DAY": "WKDY", "DIR": "Inbound", "STOP": 20.0, "STOPNAME": "COORS @ CLOUDCROFT", "DAY_ON": 1.11328671329, "DAY_OFF": 1.9682983683, "DAY_TOT": 3.0815850815900001, "LAT": 35.0892661086, "LONG": -106.71053326099999 }, "geometry": { "type": "Point", "coordinates": [ -106.710533261319497, 35.089266108638839 ] } },
{ "type": "Feature", "properties": { "ROUTE": 155.0, "DAY": "WKDY", "DIR": "Inbound", "STOP": 21.0, "STOPNAME": "COORS @ LOS VOLCANES", "DAY_ON": 8.3182595182599997, "DAY_OFF": 5.1655011655000003, "DAY_TOT": 13.4837606838, "LAT": 35.091660323399999, "LONG": -106.710229551 }, "geometry": { "type": "Point", "coordinates": [ -106.710229551211398, 35.091660323444238 ] } },
{ "type": "Feature", "properties": { "ROUTE": 155.0, "DAY": "WKDY", "DIR": "Inbound", "STOP": 22.0, "STOPNAME": "COORS @ FORTUNA", "DAY_ON": 7.2864024864000001, "DAY_OFF": 14.509401709400001, "DAY_TOT": 21.795804195799999, "LAT": 35.094963223699999, "LONG": -106.709160369 }, "geometry": { "type": "Point", "coordinates": [ -106.709160368934093, 35.09496322367027 ] } },
{ "type": "Feature", "properties": { "ROUTE": 155.0, "DAY": "WKDY", "DIR": "Inbound", "STOP": 23.0, "STOPNAME": "COORS @ GLENRIO", "DAY_ON": 4.7845376845400001, "DAY_OFF": 7.7876456876500004, "DAY_TOT": 12.5721833722, "LAT": 35.097668298899997, "LONG": -106.708055402 }, "geometry": { "type": "Point", "coordinates": [ -106.708055402168526, 35.097668298933392 ] } },
{ "type": "Feature", "properties": { "ROUTE": 155.0, "DAY": "WKDY", "DIR": "Inbound", "STOP": 24.0, "STOPNAME": "COORS @ HANOVER", "DAY_ON": 31.861383061400002, "DAY_OFF": 42.175602175599998, "DAY_TOT": 74.036985236999996, "LAT": 35.101870372800001, "LONG": -106.70632073100001 }, "geometry": { "type": "Point", "coordinates": [ -106.706320731334344, 35.101870372819093 ] } },
{ "type": "Feature", "properties": { "ROUTE": 155.0, "DAY": "WKDY", "DIR": "Inbound", "STOP": 25.0, "STOPNAME": "COORS @ PHEASANT", "DAY_ON": 14.224553224599999, "DAY_OFF": 46.386013986000002, "DAY_TOT": 60.610567210600003, "LAT": 35.116774989699998, "LONG": -106.701466122 }, "geometry": { "type": "Point", "coordinates": [ -106.701466122024442, 35.116774989722401 ] } },
{ "type": "Feature", "properties": { "ROUTE": 155.0, "DAY": "WKDY", "DIR": "Inbound", "STOP": 26.0, "STOPNAME": "COORS @ SEQUOIA", "DAY_ON": 6.4682983683000002, "DAY_OFF": 11.212975913, "DAY_TOT": 17.681274281299999, "LAT": 35.122249365199998, "LONG": -106.70150282500001 }, "geometry": { "type": "Point", "coordinates": [ -106.701502825033558, 35.12224936519037 ] } },
{ "type": "Feature", "properties": { "ROUTE": 155.0, "DAY": "WKDY", "DIR": "Inbound", "STOP": 27.0, "STOPNAME": "COORS @ TUCSON", "DAY_ON": 1.4657342657300001, "DAY_OFF": 1.5556332556300001, "DAY_TOT": 3.0213675213700002, "LAT": 35.124109156700001, "LONG": -106.701523229 }, "geometry": { "type": "Point", "coordinates": [ -106.701523228720788, 35.124109156742243 ] } },
{ "type": "Feature", "properties": { "ROUTE": 155.0, "DAY": "WKDY", "DIR": "Inbound", "STOP": 28.0, "STOPNAME": "COORS @ ST. JOSEPHS", "DAY_ON": 1.4979020979, "DAY_OFF": 4.5621600621600003, "DAY_TOT": 6.0600621600600002, "LAT": 35.1290008896, "LONG": -106.701536726 }, "geometry": { "type": "Point", "coordinates": [ -106.701536725789367, 35.129000889630568 ] } },
{ "type": "Feature", "properties": { "ROUTE": 155.0, "DAY": "WKDY", "DIR": "Inbound", "STOP": 29.0, "STOPNAME": "COORS @ SEVILLA", "DAY_ON": 1.92517482517, "DAY_OFF": 3.46130536131, "DAY_TOT": 5.38648018648, "LAT": 35.139913302399997, "LONG": -106.69893225200001 }, "geometry": { "type": "Point", "coordinates": [ -106.698932252489925, 35.139913302394575 ] } },
{ "type": "Feature", "properties": { "ROUTE": 155.0, "DAY": "WKDY", "DIR": "Inbound", "STOP": 30.0, "STOPNAME": "COORS @ LOOP ONE", "DAY_ON": 0.33566433565999998, "DAY_OFF": 0.36783216783, "DAY_TOT": 0.7034965035, "LAT": 35.142545655200003, "LONG": -106.696310973 }, "geometry": { "type": "Point", "coordinates": [ -106.69631097312282, 35.142545655188243 ] } },
{ "type": "Feature", "properties": { "ROUTE": 155.0, "DAY": "WKDY", "DIR": "Inbound", "STOP": 31.0, "STOPNAME": "COORS @ BOSQUE SCHOOL RD.", "DAY_ON": 1.2538461538500001, "DAY_OFF": 6.2517482517499996, "DAY_TOT": 7.5055944055900001, "LAT": 35.145490836900002, "LONG": -106.69188648799999 }, "geometry": { "type": "Point", "coordinates": [ -106.691886487956481, 35.145490836900471 ] } },
{ "type": "Feature", "properties": { "ROUTE": 155.0, "DAY": "WKDY", "DIR": "Inbound", "STOP": 32.0, "STOPNAME": "COORS @ MONTANO", "DAY_ON": 8.4270396270399992, "DAY_OFF": 29.5366744367, "DAY_TOT": 37.963714063700003, "LAT": 35.151605708200002, "LONG": -106.68437398899999 }, "geometry": { "type": "Point", "coordinates": [ -106.684373988627527, 35.151605708165576 ] } },
{ "type": "Feature", "properties": { "ROUTE": 155.0, "DAY": "WKDY", "DIR": "Inbound", "STOP": 33.0, "STOPNAME": "COORS @ MONTANO PLAZA", "DAY_ON": 0.79494949495, "DAY_OFF": 3.1060606060599998, "DAY_TOT": 3.9010101010099998, "LAT": 35.156007317099998, "LONG": -106.68155360900001 }, "geometry": { "type": "Point", "coordinates": [ -106.681553608921377, 35.156007317122267 ] } },
{ "type": "Feature", "properties": { "ROUTE": 155.0, "DAY": "WKDY", "DIR": "Inbound", "STOP": 34.0, "STOPNAME": "COORS @ LA ORILLA", "DAY_ON": 1.22571872572, "DAY_OFF": 1.78376068376, "DAY_TOT": 3.0094794094799999, "LAT": 35.160821147900002, "LONG": -106.67858584299999 }, "geometry": { "type": "Point", "coordinates": [ -106.678585842939896, 35.160821147947999 ] } },
{ "type": "Feature", "properties": { "ROUTE": 155.0, "DAY": "WKDY", "DIR": "Inbound", "STOP": 35.0, "STOPNAME": "COORS @ BOSQUE MEADOWS", "DAY_ON": 0.0, "DAY_OFF": 0.19090909091, "DAY_TOT": 0.19090909091, "LAT": 35.168270026199998, "LONG": -106.675562637 }, "geometry": { "type": "Point", "coordinates": [ -106.675562636752133, 35.168270026241444 ] } },
{ "type": "Feature", "properties": { "ROUTE": 155.0, "DAY": "WKDY", "DIR": "Inbound", "STOP": 36.0, "STOPNAME": "COORS @ CAMINITO COORS", "DAY_ON": 0.23076923077, "DAY_OFF": 2.0355866355900001, "DAY_TOT": 2.2663558663600001, "LAT": 35.172199953400003, "LONG": -106.674302649 }, "geometry": { "type": "Point", "coordinates": [ -106.67430264925477, 35.172199953379959 ] } },
{ "type": "Feature", "properties": { "ROUTE": 155.0, "DAY": "WKDY", "DIR": "Inbound", "STOP": 37.0, "STOPNAME": "COORS @ EAGLE RANCH", "DAY_ON": 0.27894327893999998, "DAY_OFF": 2.1292152292200002, "DAY_TOT": 2.4081585081600001, "LAT": 35.174789484999998, "LONG": -106.67322847699999 }, "geometry": { "type": "Point", "coordinates": [ -106.673228476937183, 35.17478948502508 ] } },
{ "type": "Feature", "properties": { "ROUTE": 155.0, "DAY": "WKDY", "DIR": "Inbound", "STOP": 38.0, "STOPNAME": "COORS @ FRONTAGE ROAD", "DAY_ON": 2.7281274281300001, "DAY_OFF": 3.0394716394699999, "DAY_TOT": 5.7675990676, "LAT": 35.177656066600001, "LONG": -106.671227323 }, "geometry": { "type": "Point", "coordinates": [ -106.671227322843848, 35.177656066645454 ] } },
{ "type": "Feature", "properties": { "ROUTE": 155.0, "DAY": "WKDY", "DIR": "Inbound", "STOP": 39.0, "STOPNAME": "COORS @ IRVING", "DAY_ON": 5.4691530691499999, "DAY_OFF": 18.939160839199999, "DAY_TOT": 24.408313908299998, "LAT": 35.186406917200003, "LONG": -106.662125911 }, "geometry": { "type": "Point", "coordinates": [ -106.662125910503633, 35.186406917214107 ] } },
{ "type": "Feature", "properties": { "ROUTE": 155.0, "DAY": "WKDY", "DIR": "Inbound", "STOP": 40.0, "STOPNAME": "COORS @ WESTSIDE", "DAY_ON": 0.0, "DAY_OFF": 0.49283216783, "DAY_TOT": 0.49283216783, "LAT": 35.190033489400001, "LONG": -106.65846070400001 }, "geometry": { "type": "Point", "coordinates": [ -106.658460704377688, 35.190033489378024 ] } },
{ "type": "Feature", "properties": { "ROUTE": 155.0, "DAY": "WKDY", "DIR": "Inbound", "STOP": 41.0, "STOPNAME": "CORRALES @ COORS", "DAY_ON": 0.0, "DAY_OFF": 5.3628787878799997, "DAY_TOT": 5.3628787878799997, "LAT": 35.194733086600003, "LONG": -106.65405301 }, "geometry": { "type": "Point", "coordinates": [ -106.654053009703688, 35.19473308660028 ] } },
{ "type": "Feature", "properties": { "ROUTE": 155.0, "DAY": "WKDY", "DIR": "Inbound", "STOP": 42.0, "STOPNAME": "7-BAR AT COTTONWOOD LOOP", "DAY_ON": 1.02937062937, "DAY_OFF": 21.9109362859, "DAY_TOT": 22.940306915299999, "LAT": 35.199338873899997, "LONG": -106.65356756200001 }, "geometry": { "type": "Point", "coordinates": [ -106.653567562380786, 35.199338873905148 ] } },
{ "type": "Feature", "properties": { "ROUTE": 155.0, "DAY": "WKDY", "DIR": "Inbound", "STOP": 43.0, "STOPNAME": "SEVEN BAR LOOP @ COTTONWOOD", "DAY_ON": 0.77552447552000003, "DAY_OFF": 8.8270784770800006, "DAY_TOT": 9.6026029526, "LAT": 35.200682037, "LONG": -106.65590837400001 }, "geometry": { "type": "Point", "coordinates": [ -106.655908374134711, 35.200682036987004 ] } },
{ "type": "Feature", "properties": { "ROUTE": 155.0, "DAY": "WKDY", "DIR": "Inbound", "STOP": 44.0, "STOPNAME": "COTTONWOOD @ OLD AIRPORT", "DAY_ON": 0.54965034965000004, "DAY_OFF": 11.9657536908, "DAY_TOT": 12.5154040404, "LAT": 35.203857481199996, "LONG": -106.65526509199999 }, "geometry": { "type": "Point", "coordinates": [ -106.655265091606637, 35.203857481166565 ] } },
{ "type": "Feature", "properties": { "ROUTE": 155.0, "DAY": "WKDY", "DIR": "Inbound", "STOP": 45.0, "STOPNAME": "ELLISON @ COTTONWOOD", "DAY_ON": 0.76076146075999995, "DAY_OFF": 18.618337218299999, "DAY_TOT": 19.3790986791, "LAT": 35.205728914799998, "LONG": -106.656751095 }, "geometry": { "type": "Point", "coordinates": [ -106.656751094953037, 35.205728914812468 ] } },
{ "type": "Feature", "properties": { "ROUTE": 155.0, "DAY": "WKDY", "DIR": "Inbound", "STOP": 46.0, "STOPNAME": "NW TRANSIT CENTER", "DAY_ON": 1.8522144522099999, "DAY_OFF": 64.061421911400004, "DAY_TOT": 65.913636363600006, "LAT": 35.206482415099998, "LONG": -106.660217751 }, "geometry": { "type": "Point", "coordinates": [ -106.660217751244943, 35.206482415068521 ] } },
{ "type": "Feature", "properties": { "ROUTE": 157.0, "DAY": "WKDY", "DIR": "Outbound", "STOP": 1.0, "STOPNAME": "NW TRANSIT CENTER", "DAY_ON": 81.347086247099995, "DAY_OFF": 1.33566433566, "DAY_TOT": 82.682750582799997, "LAT": 35.206364054200002, "LONG": -106.66070899899999 }, "geometry": { "type": "Point", "coordinates": [ -106.660708998935846, 35.206364054170457 ] } },
{ "type": "Feature", "properties": { "ROUTE": 157.0, "DAY": "WKDY", "DIR": "Outbound", "STOP": 2.0, "STOPNAME": "ELLISON @ CIBOLA LOOP WEST", "DAY_ON": 1.28041958042, "DAY_OFF": 0.25384615384999998, "DAY_TOT": 1.5342657342699999, "LAT": 35.206164907999998, "LONG": -106.66733641 }, "geometry": { "type": "Point", "coordinates": [ -106.66733640974968, 35.206164908026743 ] } },
{ "type": "Feature", "properties": { "ROUTE": 157.0, "DAY": "WKDY", "DIR": "Outbound", "STOP": 3.0, "STOPNAME": "ELLISON @ NORTH SEVEN BAR LO", "DAY_ON": 1.2364801864799999, "DAY_OFF": 0.79090909090999995, "DAY_TOT": 2.0273892773900002, "LAT": 35.206059298600003, "LONG": -106.67212698100001 }, "geometry": { "type": "Point", "coordinates": [ -106.672126980541222, 35.206059298621668 ] } },
{ "type": "Feature", "properties": { "ROUTE": 157.0, "DAY": "WKDY", "DIR": "Outbound", "STOP": 4.0, "STOPNAME": "GOLF COURSE @ ELLISON", "DAY_ON": 13.641375291399999, "DAY_OFF": 3.4307692307700002, "DAY_TOT": 17.0721445221, "LAT": 35.205248444600002, "LONG": -106.675386421 }, "geometry": { "type": "Point", "coordinates": [ -106.675386420644585, 35.205248444613368 ] } },
{ "type": "Feature", "properties": { "ROUTE": 157.0, "DAY": "WKDY", "DIR": "Outbound", "STOP": 5.0, "STOPNAME": "GOLF COURSE @ CABACILLAS ARR", "DAY_ON": 4.1480186480199999, "DAY_OFF": 0.07692307692, "DAY_TOT": 4.2249417249399999, "LAT": 35.203285493599999, "LONG": -106.677725635 }, "geometry": { "type": "Point", "coordinates": [ -106.67772563479275, 35.20328549361507 ] } },
{ "type": "Feature", "properties": { "ROUTE": 157.0, "DAY": "WKDY", "DIR": "Outbound", "STOP": 6.0, "STOPNAME": "GOLF COURSE @ IRVING", "DAY_ON": 4.2465034965, "DAY_OFF": 3.1672494172499999, "DAY_TOT": 7.4137529137499998, "LAT": 35.200148835699999, "LONG": -106.68014730599999 }, "geometry": { "type": "Point", "coordinates": [ -106.680147305513344, 35.200148835715012 ] } },
{ "type": "Feature", "properties": { "ROUTE": 157.0, "DAY": "WKDY", "DIR": "Outbound", "STOP": 7.0, "STOPNAME": "GOLF COURSE @ COUNTRY CLUB", "DAY_ON": 1.6398601398599999, "DAY_OFF": 2.15314685315, "DAY_TOT": 3.7930069930100001, "LAT": 35.197804476999998, "LONG": -106.68080666199999 }, "geometry": { "type": "Point", "coordinates": [ -106.680806662460697, 35.197804477044691 ] } },
{ "type": "Feature", "properties": { "ROUTE": 157.0, "DAY": "WKDY", "DIR": "Outbound", "STOP": 8.0, "STOPNAME": "GOLF COURSE @ PARADISE", "DAY_ON": 3.7078088578099999, "DAY_OFF": 2.5913752913799999, "DAY_TOT": 6.2991841491800002, "LAT": 35.190118151699998, "LONG": -106.68339825 }, "geometry": { "type": "Point", "coordinates": [ -106.683398250126686, 35.190118151717847 ] } },
{ "type": "Feature", "properties": { "ROUTE": 157.0, "DAY": "WKDY", "DIR": "Outbound", "STOP": 9.0, "STOPNAME": "GOLFCOURSE @ JILL PATRICIA", "DAY_ON": 2.8695804195800001, "DAY_OFF": 0.57692307692, "DAY_TOT": 3.4465034965000001, "LAT": 35.187085503, "LONG": -106.685139376 }, "geometry": { "type": "Point", "coordinates": [ -106.685139376406212, 35.187085503040443 ] } },
{ "type": "Feature", "properties": { "ROUTE": 157.0, "DAY": "WKDY", "DIR": "Outbound", "STOP": 10.0, "STOPNAME": "GOLF COURSE @ SHELLY ROSE", "DAY_ON": 0.94207459208, "DAY_OFF": 1.38531468531, "DAY_TOT": 2.32738927739, "LAT": 35.183156840300001, "LONG": -106.68701657299999 }, "geometry": { "type": "Point", "coordinates": [ -106.687016573223886, 35.183156840326333 ] } },
{ "type": "Feature", "properties": { "ROUTE": 157.0, "DAY": "WKDY", "DIR": "Outbound", "STOP": 11.0, "STOPNAME": "GOLF COURSE @ PASEO DEL NORT", "DAY_ON": 7.9773892773900004, "DAY_OFF": 3.4831002331000001, "DAY_TOT": 11.4604895105, "LAT": 35.180386263300001, "LONG": -106.687835721 }, "geometry": { "type": "Point", "coordinates": [ -106.687835721495901, 35.180386263251236 ] } },
{ "type": "Feature", "properties": { "ROUTE": 157.0, "DAY": "WKDY", "DIR": "Outbound", "STOP": 12.0, "STOPNAME": "GOLF COURSE @ LAS TERRAZAS", "DAY_ON": 4.61724941725, "DAY_OFF": 1.05804195804, "DAY_TOT": 5.6752913752899996, "LAT": 35.177421844500003, "LONG": -106.687863531 }, "geometry": { "type": "Point", "coordinates": [ -106.687863531164481, 35.177421844481614 ] } },
{ "type": "Feature", "properties": { "ROUTE": 157.0, "DAY": "WKDY", "DIR": "Outbound", "STOP": 13.0, "STOPNAME": "GOLF COURSE @ CALLE NORTENA", "DAY_ON": 0.80757575758, "DAY_OFF": 0.0, "DAY_TOT": 0.80757575758, "LAT": 35.175016150600001, "LONG": -106.687398593 }, "geometry": { "type": "Point", "coordinates": [ -106.687398593442794, 35.175016150603021 ] } },
{ "type": "Feature", "properties": { "ROUTE": 157.0, "DAY": "WKDY", "DIR": "Outbound", "STOP": 14.0, "STOPNAME": "GOLF COURSE @ BUTTERFIELD", "DAY_ON": 0.45874125874, "DAY_OFF": 0.09090909091, "DAY_TOT": 0.54965034965000004, "LAT": 35.170570165100003, "LONG": -106.687036152 }, "geometry": { "type": "Point", "coordinates": [ -106.687036151869862, 35.170570165146444 ] } },
{ "type": "Feature", "properties": { "ROUTE": 157.0, "DAY": "WKDY", "DIR": "Outbound", "STOP": 15.0, "STOPNAME": "GOLF COURSE @ HOMESTEAD TRAI", "DAY_ON": 1.01748251748, "DAY_OFF": 0.92808857809, "DAY_TOT": 1.9455710955700001, "LAT": 35.167300684300002, "LONG": -106.687225849 }, "geometry": { "type": "Point", "coordinates": [ -106.687225848940926, 35.167300684250534 ] } },
{ "type": "Feature", "properties": { "ROUTE": 157.0, "DAY": "WKDY", "DIR": "Outbound", "STOP": 16.0, "STOPNAME": "GOLF COURSE @ HOMESTEAD CIR", "DAY_ON": 1.0650349650299999, "DAY_OFF": 0.44207459208, "DAY_TOT": 1.5071095571099999, "LAT": 35.1621311918, "LONG": -106.689629285 }, "geometry": { "type": "Point", "coordinates": [ -106.689629284990389, 35.162131191750277 ] } },
{ "type": "Feature", "properties": { "ROUTE": 157.0, "DAY": "WKDY", "DIR": "Outbound", "STOP": 17.0, "STOPNAME": "GOLF COURSE @ TAYLOR RANCH", "DAY_ON": 0.94207459208, "DAY_OFF": 0.93298368298000001, "DAY_TOT": 1.87505827506, "LAT": 35.159926787499998, "LONG": -106.691648532 }, "geometry": { "type": "Point", "coordinates": [ -106.691648532177965, 35.159926787524071 ] } },
{ "type": "Feature", "properties": { "ROUTE": 157.0, "DAY": "WKDY", "DIR": "Outbound", "STOP": 18.0, "STOPNAME": "TAYLOR RANCH @ KACHINA", "DAY_ON": 7.7761072261099997, "DAY_OFF": 3.6203962704000001, "DAY_TOT": 11.396503496499999, "LAT": 35.155143899700001, "LONG": -106.69422090099999 }, "geometry": { "type": "Point", "coordinates": [ -106.694220901135083, 35.155143899665568 ] } },
{ "type": "Feature", "properties": { "ROUTE": 157.0, "DAY": "WKDY", "DIR": "Outbound", "STOP": 19.0, "STOPNAME": "MONTANO @ TAYLOR RANCH", "DAY_ON": 6.7062937062900003, "DAY_OFF": 1.07622377622, "DAY_TOT": 7.7825174825200003, "LAT": 35.152548728600003, "LONG": -106.693114964 }, "geometry": { "type": "Point", "coordinates": [ -106.693114964376235, 35.152548728590261 ] } },
{ "type": "Feature", "properties": { "ROUTE": 157.0, "DAY": "WKDY", "DIR": "Outbound", "STOP": 20.0, "STOPNAME": "MONTANO @ MONTANO PLAZA", "DAY_ON": 2.3785547785499999, "DAY_OFF": 1.3799533799499999, "DAY_TOT": 3.7585081585100002, "LAT": 35.151586801900002, "LONG": -106.690612601 }, "geometry": { "type": "Point", "coordinates": [ -106.690612601466185, 35.151586801864795 ] } },
{ "type": "Feature", "properties": { "ROUTE": 157.0, "DAY": "WKDY", "DIR": "Outbound", "STOP": 21.0, "STOPNAME": "MONTANO @ COORS", "DAY_ON": 27.7187257187, "DAY_OFF": 6.9584693084699998, "DAY_TOT": 34.6771950272, "LAT": 35.148830835600002, "LONG": -106.684871137 }, "geometry": { "type": "Point", "coordinates": [ -106.684871136667667, 35.148830835579872 ] } },
{ "type": "Feature", "properties": { "ROUTE": 157.0, "DAY": "WKDY", "DIR": "Outbound", "STOP": 22.0, "STOPNAME": "MONTANO @ POBLANOS CT.", "DAY_ON": 1.63768453768, "DAY_OFF": 1.07622377622, "DAY_TOT": 2.7139083139100002, "LAT": 35.1420048743, "LONG": -106.662031059 }, "geometry": { "type": "Point", "coordinates": [ -106.662031058612897, 35.142004874277902 ] } },
{ "type": "Feature", "properties": { "ROUTE": 157.0, "DAY": "WKDY", "DIR": "Outbound", "STOP": 23.0, "STOPNAME": "MONTANO @ TIERRA DEL RIO NW", "DAY_ON": 1.1755244755200001, "DAY_OFF": 0.1, "DAY_TOT": 1.2755244755199999, "LAT": 35.140783407900003, "LONG": -106.656025095 }, "geometry": { "type": "Point", "coordinates": [ -106.656025095300876, 35.140783407874729 ] } },
{ "type": "Feature", "properties": { "ROUTE": 157.0, "DAY": "WKDY", "DIR": "Outbound", "STOP": 24.0, "STOPNAME": "MONTANO @ GUADALUPE", "DAY_ON": 4.131002331, "DAY_OFF": 0.1, "DAY_TOT": 4.231002331, "LAT": 35.139841817300002, "LONG": -106.65148179099999 }, "geometry": { "type": "Point", "coordinates": [ -106.651481790750282, 35.139841817320359 ] } },
{ "type": "Feature", "properties": { "ROUTE": 157.0, "DAY": "WKDY", "DIR": "Outbound", "STOP": 25.0, "STOPNAME": "MONTANO @ VILLA CANELA", "DAY_ON": 1.3517482517499999, "DAY_OFF": 0.80990675991000005, "DAY_TOT": 2.1616550116600002, "LAT": 35.139027403500002, "LONG": -106.645521574 }, "geometry": { "type": "Point", "coordinates": [ -106.645521574220467, 35.139027403516771 ] } },
{ "type": "Feature", "properties": { "ROUTE": 157.0, "DAY": "WKDY", "DIR": "Outbound", "STOP": 26.0, "STOPNAME": "MONTANO @ 4TH", "DAY_ON": 35.532128982099998, "DAY_OFF": 16.216355866400001, "DAY_TOT": 51.748484848499999, "LAT": 35.138532284500002, "LONG": -106.640856426 }, "geometry": { "type": "Point", "coordinates": [ -106.640856425830208, 35.138532284483631 ] } },
{ "type": "Feature", "properties": { "ROUTE": 157.0, "DAY": "WKDY", "DIR": "Outbound", "STOP": 27.0, "STOPNAME": "MONTANO @ 2ND", "DAY_ON": 6.8008158508200003, "DAY_OFF": 2.3293706293700001, "DAY_TOT": 9.1301864801899999, "LAT": 35.138105187800001, "LONG": -106.6363354 }, "geometry": { "type": "Point", "coordinates": [ -106.63633539954732, 35.138105187848389 ] } },
{ "type": "Feature", "properties": { "ROUTE": 157.0, "DAY": "WKDY", "DIR": "Outbound", "STOP": 28.0, "STOPNAME": "MONTANO @ MONTANO TRANSIT CE", "DAY_ON": 12.7625874126, "DAY_OFF": 4.3751359751400001, "DAY_TOT": 17.137723387699999, "LAT": 35.137336411500002, "LONG": -106.632179562 }, "geometry": { "type": "Point", "coordinates": [ -106.632179561737772, 35.137336411455685 ] } },
{ "type": "Feature", "properties": { "ROUTE": 157.0, "DAY": "WKDY", "DIR": "Outbound", "STOP": 29.0, "STOPNAME": "MONTANO @ EDITH", "DAY_ON": 15.665578865600001, "DAY_OFF": 4.81973581974, "DAY_TOT": 20.485314685300001, "LAT": 35.136453512800003, "LONG": -106.627708215 }, "geometry": { "type": "Point", "coordinates": [ -106.627708215499482, 35.13645351276984 ] } },
{ "type": "Feature", "properties": { "ROUTE": 157.0, "DAY": "WKDY", "DIR": "Outbound", "STOP": 30.0, "STOPNAME": "MONTANO @ RENAISSANCE LOOP", "DAY_ON": 6.0554778554800004, "DAY_OFF": 1.3496114996099999, "DAY_TOT": 7.4050893550900003, "LAT": 35.135350510099997, "LONG": -106.621213806 }, "geometry": { "type": "Point", "coordinates": [ -106.621213806087667, 35.135350510134792 ] } },
{ "type": "Feature", "properties": { "ROUTE": 157.0, "DAY": "WKDY", "DIR": "Outbound", "STOP": 31.0, "STOPNAME": "MONTANO @ CULTURE DR.", "DAY_ON": 22.8585470085, "DAY_OFF": 9.9167055167099996, "DAY_TOT": 32.775252525299997, "LAT": 35.134916348300003, "LONG": -106.613673733 }, "geometry": { "type": "Point", "coordinates": [ -106.613673732661042, 35.134916348282154 ] } },
{ "type": "Feature", "properties": { "ROUTE": 157.0, "DAY": "WKDY", "DIR": "Outbound", "STOP": 32.0, "STOPNAME": "MONTGOMERY @ CARLISLE", "DAY_ON": 41.5680652681, "DAY_OFF": 26.3002331002, "DAY_TOT": 67.868298368300003, "LAT": 35.130820239599998, "LONG": -106.60314691799999 }, "geometry": { "type": "Point", "coordinates": [ -106.603146918465612, 35.130820239637174 ] } },
{ "type": "Feature", "properties": { "ROUTE": 157.0, "DAY": "WKDY", "DIR": "Outbound", "STOP": 33.0, "STOPNAME": "MONTGOMERY @ MORNINGSIDE", "DAY_ON": 21.1072649573, "DAY_OFF": 4.47264957265, "DAY_TOT": 25.579914529900002, "LAT": 35.130820666300004, "LONG": -106.599272524 }, "geometry": { "type": "Point", "coordinates": [ -106.599272524188407, 35.130820666278161 ] } },
{ "type": "Feature", "properties": { "ROUTE": 157.0, "DAY": "WKDY", "DIR": "Outbound", "STOP": 34.0, "STOPNAME": "MONTGOMERY @ WASHINGTON", "DAY_ON": 17.1238927739, "DAY_OFF": 10.9052447552, "DAY_TOT": 28.029137529100002, "LAT": 35.130843172200002, "LONG": -106.594925944 }, "geometry": { "type": "Point", "coordinates": [ -106.594925944410647, 35.13084317219014 ] } },
{ "type": "Feature", "properties": { "ROUTE": 157.0, "DAY": "WKDY", "DIR": "Outbound", "STOP": 35.0, "STOPNAME": "MONTGOMERY @ MONROE", "DAY_ON": 12.0838383838, "DAY_OFF": 17.3656565657, "DAY_TOT": 29.4494949495, "LAT": 35.130863359700001, "LONG": -106.590660417 }, "geometry": { "type": "Point", "coordinates": [ -106.590660417266321, 35.130863359666911 ] } },
{ "type": "Feature", "properties": { "ROUTE": 157.0, "DAY": "WKDY", "DIR": "Outbound", "STOP": 36.0, "STOPNAME": "MONTGOMERY @ SAN MATEO", "DAY_ON": 40.935664335699997, "DAY_OFF": 49.821950272000002, "DAY_TOT": 90.757614607600004, "LAT": 35.1308717585, "LONG": -106.58576540599999 }, "geometry": { "type": "Point", "coordinates": [ -106.585765406489642, 35.130871758504775 ] } },
{ "type": "Feature", "properties": { "ROUTE": 157.0, "DAY": "WKDY", "DIR": "Outbound", "STOP": 37.0, "STOPNAME": "MONTGOMERY @ MADEIRA DR", "DAY_ON": 8.7346542346499998, "DAY_OFF": 9.8336829836799993, "DAY_TOT": 18.568337218300002, "LAT": 35.130822577399996, "LONG": -106.58289300600001 }, "geometry": { "type": "Point", "coordinates": [ -106.582893006097791, 35.1308225774467 ] } },
{ "type": "Feature", "properties": { "ROUTE": 157.0, "DAY": "WKDY", "DIR": "Outbound", "STOP": 38.0, "STOPNAME": "MONTGOMERY @ MADEIRA", "DAY_ON": 1.49020979021, "DAY_OFF": 5.5573038073000003, "DAY_TOT": 7.0475135975100001, "LAT": 35.130790645099999, "LONG": -106.57993268200001 }, "geometry": { "type": "Point", "coordinates": [ -106.579932681750606, 35.130790645096454 ] } },
{ "type": "Feature", "properties": { "ROUTE": 157.0, "DAY": "WKDY", "DIR": "Outbound", "STOP": 39.0, "STOPNAME": "MONTGOMERY @ SAN PEDRO", "DAY_ON": 7.8661616161600003, "DAY_OFF": 7.3543123543100002, "DAY_TOT": 15.220473970500001, "LAT": 35.1307544338, "LONG": -106.577305397 }, "geometry": { "type": "Point", "coordinates": [ -106.577305397300776, 35.130754433786031 ] } },
{ "type": "Feature", "properties": { "ROUTE": 157.0, "DAY": "WKDY", "DIR": "Outbound", "STOP": 40.0, "STOPNAME": "MONTGOMERY @ MARLA", "DAY_ON": 2.6615384615400002, "DAY_OFF": 3.03916083916, "DAY_TOT": 5.7006993007000002, "LAT": 35.130701625900002, "LONG": -106.573766972 }, "geometry": { "type": "Point", "coordinates": [ -106.573766972399582, 35.130701625891007 ] } },
{ "type": "Feature", "properties": { "ROUTE": 157.0, "DAY": "WKDY", "DIR": "Outbound", "STOP": 41.0, "STOPNAME": "LOUISIANA @ MONTGOMERY", "DAY_ON": 56.754467754499998, "DAY_OFF": 42.758469308499997, "DAY_TOT": 99.512937062899994, "LAT": 35.130021903200003, "LONG": -106.568835417 }, "geometry": { "type": "Point", "coordinates": [ -106.568835416725761, 35.130021903229633 ] } },
{ "type": "Feature", "properties": { "ROUTE": 157.0, "DAY": "WKDY", "DIR": "Outbound", "STOP": 42.0, "STOPNAME": "LOUISIANA @ NATALIE", "DAY_ON": 2.6418803418799999, "DAY_OFF": 0.88682983683000005, "DAY_TOT": 3.5287101787099999, "LAT": 35.127606531700003, "LONG": -106.56883863900001 }, "geometry": { "type": "Point", "coordinates": [ -106.568838638593263, 35.127606531738792 ] } },
{ "type": "Feature", "properties": { "ROUTE": 157.0, "DAY": "WKDY", "DIR": "Outbound", "STOP": 43.0, "STOPNAME": "LOUISIANA @ BELLROSE", "DAY_ON": 1.8979020979000001, "DAY_OFF": 0.2, "DAY_TOT": 2.0979020979, "LAT": 35.1257460303, "LONG": -106.568862587 }, "geometry": { "type": "Point", "coordinates": [ -106.568862586568031, 35.125746030336806 ] } },
{ "type": "Feature", "properties": { "ROUTE": 157.0, "DAY": "WKDY", "DIR": "Outbound", "STOP": 44.0, "STOPNAME": "LOUISIANA @ COMANCHE", "DAY_ON": 0.35116550117000001, "DAY_OFF": 2.3132867132900001, "DAY_TOT": 2.6644522144499998, "LAT": 35.123805676099998, "LONG": -106.56888676299999 }, "geometry": { "type": "Point", "coordinates": [ -106.568886762710719, 35.123805676092026 ] } },
{ "type": "Feature", "properties": { "ROUTE": 157.0, "DAY": "WKDY", "DIR": "Outbound", "STOP": 45.0, "STOPNAME": "LOUISIANA @ COMANCHE", "DAY_ON": 1.2909090909100001, "DAY_OFF": 1.4846153846200001, "DAY_TOT": 2.7755244755200001, "LAT": 35.123214624, "LONG": -106.56889486199999 }, "geometry": { "type": "Point", "coordinates": [ -106.568894861575615, 35.123214623999175 ] } },
{ "type": "Feature", "properties": { "ROUTE": 157.0, "DAY": "WKDY", "DIR": "Outbound", "STOP": 46.0, "STOPNAME": "LOUISIANA @ LA RONDA", "DAY_ON": 2.0223776223800001, "DAY_OFF": 1.3132090132100001, "DAY_TOT": 3.3355866355899999, "LAT": 35.120328730300002, "LONG": -106.56893049599999 }, "geometry": { "type": "Point", "coordinates": [ -106.568930496300808, 35.120328730330051 ] } },
{ "type": "Feature", "properties": { "ROUTE": 157.0, "DAY": "WKDY", "DIR": "Outbound", "STOP": 47.0, "STOPNAME": "LOUISIANA @ KIOWA", "DAY_ON": 0.0, "DAY_OFF": 0.61258741259000005, "DAY_TOT": 0.61258741259000005, "LAT": 35.118438050599998, "LONG": -106.568949393 }, "geometry": { "type": "Point", "coordinates": [ -106.568949392824578, 35.118438050640187 ] } },
{ "type": "Feature", "properties": { "ROUTE": 157.0, "DAY": "WKDY", "DIR": "Outbound", "STOP": 48.0, "STOPNAME": "LOUISIANA @ CANDELARIA", "DAY_ON": 0.09090909091, "DAY_OFF": 0.27894327893999998, "DAY_TOT": 0.36985236984999997, "LAT": 35.116670492300003, "LONG": -106.56896150199999 }, "geometry": { "type": "Point", "coordinates": [ -106.568961501587793, 35.116670492263779 ] } },
{ "type": "Feature", "properties": { "ROUTE": 157.0, "DAY": "WKDY", "DIR": "Outbound", "STOP": 49.0, "STOPNAME": "LOUISIANA @ CANDELARIA", "DAY_ON": 2.5490675990699998, "DAY_OFF": 1.81041181041, "DAY_TOT": 4.3594794094799996, "LAT": 35.116055037599999, "LONG": -106.568957114 }, "geometry": { "type": "Point", "coordinates": [ -106.568957113729283, 35.116055037600091 ] } },
{ "type": "Feature", "properties": { "ROUTE": 157.0, "DAY": "WKDY", "DIR": "Outbound", "STOP": 50.0, "STOPNAME": "LOUISIANA @ LOS ARBOLES", "DAY_ON": 0.7034965035, "DAY_OFF": 0.16783216783, "DAY_TOT": 0.87132867133000003, "LAT": 35.114361855699997, "LONG": -106.568936232 }, "geometry": { "type": "Point", "coordinates": [ -106.568936232458384, 35.114361855714328 ] } },
{ "type": "Feature", "properties": { "ROUTE": 157.0, "DAY": "WKDY", "DIR": "Outbound", "STOP": 51.0, "STOPNAME": "LOUISIANA @ CLAREMONT", "DAY_ON": 0.45116550116999998, "DAY_OFF": 1.5362859362900001, "DAY_TOT": 1.9874514374500001, "LAT": 35.112932187600002, "LONG": -106.56892276000001 }, "geometry": { "type": "Point", "coordinates": [ -106.568922759906741, 35.112932187611918 ] } },
{ "type": "Feature", "properties": { "ROUTE": 157.0, "DAY": "WKDY", "DIR": "Outbound", "STOP": 52.0, "STOPNAME": "LOUISIANA @ MENAUL", "DAY_ON": 8.6316627816599993, "DAY_OFF": 18.316161616199999, "DAY_TOT": 26.947824397800002, "LAT": 35.1093957804, "LONG": -106.56891164 }, "geometry": { "type": "Point", "coordinates": [ -106.568911640248643, 35.10939578039595 ] } },
{ "type": "Feature", "properties": { "ROUTE": 157.0, "DAY": "WKDY", "DIR": "Outbound", "STOP": 53.0, "STOPNAME": "LOUISIANA @ CORONADO CENTER", "DAY_ON": 11.0538850039, "DAY_OFF": 15.065578865599999, "DAY_TOT": 26.119463869499999, "LAT": 35.106897180399997, "LONG": -106.568962138 }, "geometry": { "type": "Point", "coordinates": [ -106.568962137630493, 35.106897180399301 ] } },
{ "type": "Feature", "properties": { "ROUTE": 157.0, "DAY": "WKDY", "DIR": "Outbound", "STOP": 54.0, "STOPNAME": "CORONADO CENTER @ AMERICAS P", "DAY_ON": 18.689432789400001, "DAY_OFF": 13.823310023299999, "DAY_TOT": 32.512742812699997, "LAT": 35.106036953199997, "LONG": -106.57158219 }, "geometry": { "type": "Point", "coordinates": [ -106.571582190010488, 35.106036953211046 ] } },
{ "type": "Feature", "properties": { "ROUTE": 157.0, "DAY": "WKDY", "DIR": "Outbound", "STOP": 55.0, "STOPNAME": "AMERICAS PKWY @ U.T.C.", "DAY_ON": 32.9443667444, "DAY_OFF": 29.276340326300001, "DAY_TOT": 62.220707070700001, "LAT": 35.103129385899997, "LONG": -106.571807624 }, "geometry": { "type": "Point", "coordinates": [ -106.57180762364446, 35.103129385932895 ] } },
{ "type": "Feature", "properties": { "ROUTE": 157.0, "DAY": "WKDY", "DIR": "Outbound", "STOP": 56.0, "STOPNAME": "AMERICAS PARKWAY @ LOUISIANA", "DAY_ON": 11.3036907537, "DAY_OFF": 6.0092463092499999, "DAY_TOT": 17.312937062900001, "LAT": 35.0998294272, "LONG": -106.570225252 }, "geometry": { "type": "Point", "coordinates": [ -106.570225251680668, 35.099829427181518 ] } },
{ "type": "Feature", "properties": { "ROUTE": 157.0, "DAY": "WKDY", "DIR": "Outbound", "STOP": 57.0, "STOPNAME": "LOUISIANA @ CONSTITUTION", "DAY_ON": 4.5287490287500001, "DAY_OFF": 4.2615384615399998, "DAY_TOT": 8.7902874902899999, "LAT": 35.094224240800003, "LONG": -106.568866668 }, "geometry": { "type": "Point", "coordinates": [ -106.568866667545024, 35.094224240785785 ] } },
{ "type": "Feature", "properties": { "ROUTE": 157.0, "DAY": "WKDY", "DIR": "Outbound", "STOP": 58.0, "STOPNAME": "LOUISIANA @ SUMMER", "DAY_ON": 1.6585081585100001, "DAY_OFF": 4.0644910644900003, "DAY_TOT": 5.722999223, "LAT": 35.092302699699999, "LONG": -106.568872029 }, "geometry": { "type": "Point", "coordinates": [ -106.568872029357138, 35.092302699723007 ] } },
{ "type": "Feature", "properties": { "ROUTE": 157.0, "DAY": "WKDY", "DIR": "Outbound", "STOP": 59.0, "STOPNAME": "LOUISIANA @ MOUNTAIN", "DAY_ON": 1.73228438228, "DAY_OFF": 4.3092851592899999, "DAY_TOT": 6.0415695415700004, "LAT": 35.090547534000002, "LONG": -106.568871685 }, "geometry": { "type": "Point", "coordinates": [ -106.568871684554566, 35.09054753395155 ] } },
{ "type": "Feature", "properties": { "ROUTE": 157.0, "DAY": "WKDY", "DIR": "Outbound", "STOP": 60.0, "STOPNAME": "LOUISIANA @ LOMAS", "DAY_ON": 35.043822843800001, "DAY_OFF": 30.073776223799999, "DAY_TOT": 65.117599067599997, "LAT": 35.087584765700001, "LONG": -106.568800121 }, "geometry": { "type": "Point", "coordinates": [ -106.568800121296604, 35.087584765700491 ] } },
{ "type": "Feature", "properties": { "ROUTE": 157.0, "DAY": "WKDY", "DIR": "Outbound", "STOP": 61.0, "STOPNAME": "LOUISIANA @ LOMAS", "DAY_ON": 3.7645687645699999, "DAY_OFF": 1.11173271173, "DAY_TOT": 4.8763014763000001, "LAT": 35.086265087000001, "LONG": -106.56875491700001 }, "geometry": { "type": "Point", "coordinates": [ -106.568754916708926, 35.086265087040978 ] } },
{ "type": "Feature", "properties": { "ROUTE": 157.0, "DAY": "WKDY", "DIR": "Outbound", "STOP": 62.0, "STOPNAME": "LOUISIANA @ MARQUETTE", "DAY_ON": 1.9085081585100001, "DAY_OFF": 2.9836052836100002, "DAY_TOT": 4.8921134421100003, "LAT": 35.083225949499997, "LONG": -106.568703637 }, "geometry": { "type": "Point", "coordinates": [ -106.56870363698863, 35.083225949528725 ] } },
{ "type": "Feature", "properties": { "ROUTE": 157.0, "DAY": "WKDY", "DIR": "Outbound", "STOP": 63.0, "STOPNAME": "LOUISIANA @ GRAND", "DAY_ON": 1.42944832945, "DAY_OFF": 2.2296814296799998, "DAY_TOT": 3.6591297591299998, "LAT": 35.0813577037, "LONG": -106.568692568 }, "geometry": { "type": "Point", "coordinates": [ -106.568692567886231, 35.081357703726212 ] } },
{ "type": "Feature", "properties": { "ROUTE": 157.0, "DAY": "WKDY", "DIR": "Outbound", "STOP": 64.0, "STOPNAME": "LOUISIANA @ COPPER", "DAY_ON": 0.74475524476, "DAY_OFF": 4.92354312354, "DAY_TOT": 5.6682983683000003, "LAT": 35.079537540499999, "LONG": -106.568680927 }, "geometry": { "type": "Point", "coordinates": [ -106.56868092708018, 35.079537540505399 ] } },
{ "type": "Feature", "properties": { "ROUTE": 157.0, "DAY": "WKDY", "DIR": "Outbound", "STOP": 65.0, "STOPNAME": "LOUISIANA @ DOMINGO", "DAY_ON": 0.90629370628999995, "DAY_OFF": 13.938422688399999, "DAY_TOT": 14.844716394700001, "LAT": 35.077735112699997, "LONG": -106.56866560500001 }, "geometry": { "type": "Point", "coordinates": [ -106.568665604962675, 35.077735112749572 ] } },
{ "type": "Feature", "properties": { "ROUTE": 157.0, "DAY": "WKDY", "DIR": "Outbound", "STOP": 66.0, "STOPNAME": "LOUISIANA @ COCHITI", "DAY_ON": 49.687296037300001, "DAY_OFF": 101.3254662, "DAY_TOT": 151.01276223799999, "LAT": 35.075143667100001, "LONG": -106.568661826 }, "geometry": { "type": "Point", "coordinates": [ -106.568661826365684, 35.075143667122731 ] } },
{ "type": "Feature", "properties": { "ROUTE": 157.0, "DAY": "WKDY", "DIR": "Outbound", "STOP": 67.0, "STOPNAME": "LOUISIANA @ ZUNI", "DAY_ON": 8.1192890442899994, "DAY_OFF": 24.4891608392, "DAY_TOT": 32.608449883399999, "LAT": 35.071931617799997, "LONG": -106.568722472 }, "geometry": { "type": "Point", "coordinates": [ -106.56872247154655, 35.071931617816958 ] } },
{ "type": "Feature", "properties": { "ROUTE": 157.0, "DAY": "WKDY", "DIR": "Outbound", "STOP": 68.0, "STOPNAME": "LOUISIANA @ TRUMBULL", "DAY_ON": 4.4617132867100002, "DAY_OFF": 32.623543123499999, "DAY_TOT": 37.085256410299998, "LAT": 35.068813657100002, "LONG": -106.568768961 }, "geometry": { "type": "Point", "coordinates": [ -106.568768960803695, 35.068813657089287 ] } },
{ "type": "Feature", "properties": { "ROUTE": 157.0, "DAY": "WKDY", "DIR": "Outbound", "STOP": 69.0, "STOPNAME": "LOUISIANA @ KATHRYN", "DAY_ON": 1.23916083916, "DAY_OFF": 11.8627622378, "DAY_TOT": 13.1019230769, "LAT": 35.065088386500001, "LONG": -106.568752679 }, "geometry": { "type": "Point", "coordinates": [ -106.568752679183135, 35.065088386490316 ] } },
{ "type": "Feature", "properties": { "ROUTE": 157.0, "DAY": "WKDY", "DIR": "Outbound", "STOP": 70.0, "STOPNAME": "LOUISIANA @ ANDERSON", "DAY_ON": 0.46783216782999998, "DAY_OFF": 21.1124708625, "DAY_TOT": 21.580303030300001, "LAT": 35.063135896699997, "LONG": -106.56878491000001 }, "geometry": { "type": "Point", "coordinates": [ -106.56878491002837, 35.063135896726465 ] } },
{ "type": "Feature", "properties": { "ROUTE": 157.0, "DAY": "WKDY", "DIR": "Outbound", "STOP": 71.0, "STOPNAME": "LOUISIANA @ EASTERN", "DAY_ON": 6.8222693972700004, "DAY_OFF": 30.1508741259, "DAY_TOT": 36.973143523099999, "LAT": 35.0605581075, "LONG": -106.568341768 }, "geometry": { "type": "Point", "coordinates": [ -106.568341767978424, 35.060558107468616 ] } },
{ "type": "Feature", "properties": { "ROUTE": 157.0, "DAY": "WKDY", "DIR": "Outbound", "STOP": 72.0, "STOPNAME": "GIBSON @ LOUISIANA", "DAY_ON": 0.25874125873999998, "DAY_OFF": 4.7269619269599996, "DAY_TOT": 4.9857031857000003, "LAT": 35.058386171599999, "LONG": -106.569368621 }, "geometry": { "type": "Point", "coordinates": [ -106.569368621212121, 35.058386171602898 ] } },
{ "type": "Feature", "properties": { "ROUTE": 157.0, "DAY": "WKDY", "DIR": "Outbound", "STOP": 73.0, "STOPNAME": "GIBSON @ DAKOTA", "DAY_ON": 0.50769230768999996, "DAY_OFF": 11.6332389832, "DAY_TOT": 12.140931290899999, "LAT": 35.058369762399998, "LONG": -106.573789709 }, "geometry": { "type": "Point", "coordinates": [ -106.573789709362529, 35.058369762449971 ] } },
{ "type": "Feature", "properties": { "ROUTE": 157.0, "DAY": "WKDY", "DIR": "Outbound", "STOP": 74.0, "STOPNAME": "SAN PEDRO @ GIBSON", "DAY_ON": 0.07692307692, "DAY_OFF": 43.283372183399997, "DAY_TOT": 43.360295260299999, "LAT": 35.059188648899998, "LONG": -106.577523175 }, "geometry": { "type": "Point", "coordinates": [ -106.577523174505245, 35.059188648887066 ] } },
{ "type": "Feature", "properties": { "ROUTE": 157.0, "DAY": "WKDY", "DIR": "Outbound", "STOP": 75.0, "STOPNAME": "G STREET @ TEXAS", "DAY_ON": 0.55, "DAY_OFF": 2.8333333333300001, "DAY_TOT": 3.38333333333, "LAT": 35.053952444399997, "LONG": -106.55776417600001 }, "geometry": { "type": "Point", "coordinates": [ -106.557764175925911, 35.053952444444448 ] } },
{ "type": "Feature", "properties": { "ROUTE": 157.0, "DAY": "WKDY", "DIR": "Outbound", "STOP": 76.0, "STOPNAME": "G STREET @ 1ST", "DAY_ON": 0.0, "DAY_OFF": 0.8, "DAY_TOT": 0.8, "LAT": 35.053932694399997, "LONG": -106.55417641699999 }, "geometry": { "type": "Point", "coordinates": [ -106.554176416666664, 35.053932694444441 ] } },
{ "type": "Feature", "properties": { "ROUTE": 157.0, "DAY": "WKDY", "DIR": "Outbound", "STOP": 77.0, "STOPNAME": "5TH @ G STREET", "DAY_ON": 0.0, "DAY_OFF": 10.3, "DAY_TOT": 10.3, "LAT": 35.053559463, "LONG": -106.54969852799999 }, "geometry": { "type": "Point", "coordinates": [ -106.549698527777764, 35.053559462962959 ] } },
{ "type": "Feature", "properties": { "ROUTE": 157.0, "DAY": "WKDY", "DIR": "Inbound", "STOP": 1.0, "STOPNAME": "5TH @ G STREET", "DAY_ON": 10.8277777778, "DAY_OFF": 0.0, "DAY_TOT": 10.8277777778, "LAT": 35.053547435200002, "LONG": -106.55008775 }, "geometry": { "type": "Point", "coordinates": [ -106.550087750000017, 35.053547435185195 ] } },
{ "type": "Feature", "properties": { "ROUTE": 157.0, "DAY": "WKDY", "DIR": "Inbound", "STOP": 2.0, "STOPNAME": "H STREET @ WYOMING", "DAY_ON": 0.43333333333000001, "DAY_OFF": 0.45, "DAY_TOT": 0.88333333332999997, "LAT": 35.052587759300003, "LONG": -106.55191225 }, "geometry": { "type": "Point", "coordinates": [ -106.551912249999987, 35.052587759259261 ] } },
{ "type": "Feature", "properties": { "ROUTE": 157.0, "DAY": "WKDY", "DIR": "Inbound", "STOP": 3.0, "STOPNAME": "H STREET @ TEXAS", "DAY_ON": 0.08333333333, "DAY_OFF": 0.0, "DAY_TOT": 0.08333333333, "LAT": 35.05258575, "LONG": -106.55507687 }, "geometry": { "type": "Point", "coordinates": [ -106.555076870370343, 35.05258575 ] } },
{ "type": "Feature", "properties": { "ROUTE": 157.0, "DAY": "WKDY", "DIR": "Inbound", "STOP": 4.0, "STOPNAME": "G STREET @ TEXAS", "DAY_ON": 0.08333333333, "DAY_OFF": 0.0, "DAY_TOT": 0.08333333333, "LAT": 35.0539259074, "LONG": -106.557713222 }, "geometry": { "type": "Point", "coordinates": [ -106.557713222222219, 35.053925907407411 ] } },
{ "type": "Feature", "properties": { "ROUTE": 157.0, "DAY": "WKDY", "DIR": "Inbound", "STOP": 5.0, "STOPNAME": "GIBSON @ PENNSYLVANIA", "DAY_ON": 1.99444444444, "DAY_OFF": 0.18333333333, "DAY_TOT": 2.1777777777799998, "LAT": 35.058222277799999, "LONG": -106.560688704 }, "geometry": { "type": "Point", "coordinates": [ -106.560688703703704, 35.05822227777778 ] } },
{ "type": "Feature", "properties": { "ROUTE": 157.0, "DAY": "WKDY", "DIR": "Inbound", "STOP": 6.0, "STOPNAME": "SAN PEDRO @ GIBSON", "DAY_ON": 36.405477855500003, "DAY_OFF": 0.08333333333, "DAY_TOT": 36.4888111888, "LAT": 35.059125861600002, "LONG": -106.577285022 }, "geometry": { "type": "Point", "coordinates": [ -106.577285021780298, 35.059125861596733 ] } },
{ "type": "Feature", "properties": { "ROUTE": 157.0, "DAY": "WKDY", "DIR": "Inbound", "STOP": 7.0, "STOPNAME": "GIBSON @ SAN PEDRO", "DAY_ON": 5.024009324, "DAY_OFF": 0.25757575758000001, "DAY_TOT": 5.2815850815800003, "LAT": 35.058281278400003, "LONG": -106.575504698 }, "geometry": { "type": "Point", "coordinates": [ -106.575504698062346, 35.058281278409105 ] } },
{ "type": "Feature", "properties": { "ROUTE": 157.0, "DAY": "WKDY", "DIR": "Inbound", "STOP": 8.0, "STOPNAME": "GIBSON @ DAKOTA", "DAY_ON": 1.41212121212, "DAY_OFF": 0.09090909091, "DAY_TOT": 1.5030303030300001, "LAT": 35.0581763279, "LONG": -106.57379832700001 }, "geometry": { "type": "Point", "coordinates": [ -106.573798327263006, 35.058176327918609 ] } },
{ "type": "Feature", "properties": { "ROUTE": 157.0, "DAY": "WKDY", "DIR": "Inbound", "STOP": 9.0, "STOPNAME": "GIBSON @ INDIANA", "DAY_ON": 0.39090909090999998, "DAY_OFF": 0.46025641026000003, "DAY_TOT": 0.85116550117000001, "LAT": 35.058231323699999, "LONG": -106.57075591900001 }, "geometry": { "type": "Point", "coordinates": [ -106.570755918779156, 35.058231323717941 ] } },
{ "type": "Feature", "properties": { "ROUTE": 157.0, "DAY": "WKDY", "DIR": "Inbound", "STOP": 10.0, "STOPNAME": "LOUISIANA @ GIBSON", "DAY_ON": 13.5334887335, "DAY_OFF": 0.67777777778000003, "DAY_TOT": 14.2112665113, "LAT": 35.059031597599997, "LONG": -106.56882145900001 }, "geometry": { "type": "Point", "coordinates": [ -106.568821458713003, 35.059031597619558 ] } },
{ "type": "Feature", "properties": { "ROUTE": 157.0, "DAY": "WKDY", "DIR": "Inbound", "STOP": 11.0, "STOPNAME": "LOUISIANA @ EASTERN", "DAY_ON": 12.7213286713, "DAY_OFF": 0.2, "DAY_TOT": 12.9213286713, "LAT": 35.0605356493, "LONG": -106.568712554 }, "geometry": { "type": "Point", "coordinates": [ -106.568712553648368, 35.060535649325423 ] } },
{ "type": "Feature", "properties": { "ROUTE": 157.0, "DAY": "WKDY", "DIR": "Inbound", "STOP": 12.0, "STOPNAME": "LOUISIANA @ CONTINENTAL", "DAY_ON": 28.254700854700001, "DAY_OFF": 1.07692307692, "DAY_TOT": 29.331623931599999, "LAT": 35.063134268299997, "LONG": -106.568663789 }, "geometry": { "type": "Point", "coordinates": [ -106.568663788549827, 35.063134268312488 ] } },
{ "type": "Feature", "properties": { "ROUTE": 157.0, "DAY": "WKDY", "DIR": "Inbound", "STOP": 13.0, "STOPNAME": "LOUISIANA @ KATHRYN", "DAY_ON": 12.456060606099999, "DAY_OFF": 0.68333333333000001, "DAY_TOT": 13.1393939394, "LAT": 35.065237557300001, "LONG": -106.56863759700001 }, "geometry": { "type": "Point", "coordinates": [ -106.568637597389994, 35.065237557286153 ] } },
{ "type": "Feature", "properties": { "ROUTE": 157.0, "DAY": "WKDY", "DIR": "Inbound", "STOP": 14.0, "STOPNAME": "LOUISIANA @ SOUTHERN", "DAY_ON": 7.1555167055200002, "DAY_OFF": 2.4195027195000001, "DAY_TOT": 9.5750194250200007, "LAT": 35.067438593600002, "LONG": -106.568639318 }, "geometry": { "type": "Point", "coordinates": [ -106.568639318111181, 35.067438593557959 ] } },
{ "type": "Feature", "properties": { "ROUTE": 157.0, "DAY": "WKDY", "DIR": "Inbound", "STOP": 15.0, "STOPNAME": "LOUISIANA @ TRUMBULL", "DAY_ON": 34.611149961099997, "DAY_OFF": 3.8174436674400001, "DAY_TOT": 38.428593628599998, "LAT": 35.0700212263, "LONG": -106.56860312400001 }, "geometry": { "type": "Point", "coordinates": [ -106.568603124231828, 35.070021226319128 ] } },
{ "type": "Feature", "properties": { "ROUTE": 157.0, "DAY": "WKDY", "DIR": "Inbound", "STOP": 16.0, "STOPNAME": "LOUISIANA @ ZUNI", "DAY_ON": 18.9242035742, "DAY_OFF": 5.7522144522099996, "DAY_TOT": 24.6764180264, "LAT": 35.073204859900002, "LONG": -106.56854059200001 }, "geometry": { "type": "Point", "coordinates": [ -106.568540591968656, 35.073204859857334 ] } },
{ "type": "Feature", "properties": { "ROUTE": 157.0, "DAY": "WKDY", "DIR": "Inbound", "STOP": 17.0, "STOPNAME": "LOUISIANA @ COCHITI", "DAY_ON": 9.83873348873, "DAY_OFF": 32.140909090900003, "DAY_TOT": 41.979642579599997, "LAT": 35.074802347499997, "LONG": -106.568508737 }, "geometry": { "type": "Point", "coordinates": [ -106.568508736879309, 35.074802347548911 ] } },
{ "type": "Feature", "properties": { "ROUTE": 157.0, "DAY": "WKDY", "DIR": "Inbound", "STOP": 18.0, "STOPNAME": "LOUISIANA @ CENTRAL", "DAY_ON": 103.251515152, "DAY_OFF": 19.650116550100002, "DAY_TOT": 122.901631702, "LAT": 35.076428253099998, "LONG": -106.568504292 }, "geometry": { "type": "Point", "coordinates": [ -106.568504292328868, 35.076428253055035 ] } },
{ "type": "Feature", "properties": { "ROUTE": 157.0, "DAY": "WKDY", "DIR": "Inbound", "STOP": 19.0, "STOPNAME": "LOUISIANA @ DOMINGO", "DAY_ON": 2.5130536130499999, "DAY_OFF": 0.75606060606000003, "DAY_TOT": 3.26911421911, "LAT": 35.0784830431, "LONG": -106.568517708 }, "geometry": { "type": "Point", "coordinates": [ -106.568517708359835, 35.07848304308822 ] } },
{ "type": "Feature", "properties": { "ROUTE": 157.0, "DAY": "WKDY", "DIR": "Inbound", "STOP": 20.0, "STOPNAME": "LOUISIANA @ COPPER", "DAY_ON": 2.68535353535, "DAY_OFF": 0.81111111111, "DAY_TOT": 3.4964646464600002, "LAT": 35.079834030599997, "LONG": -106.56852483500001 }, "geometry": { "type": "Point", "coordinates": [ -106.568524835364144, 35.079834030638558 ] } },
{ "type": "Feature", "properties": { "ROUTE": 157.0, "DAY": "WKDY", "DIR": "Inbound", "STOP": 21.0, "STOPNAME": "LOUISIANA @ GRAND", "DAY_ON": 3.1678321678299999, "DAY_OFF": 0.45874125874, "DAY_TOT": 3.6265734265699998, "LAT": 35.082085701099999, "LONG": -106.568534982 }, "geometry": { "type": "Point", "coordinates": [ -106.56853498174047, 35.082085701119588 ] } },
{ "type": "Feature", "properties": { "ROUTE": 157.0, "DAY": "WKDY", "DIR": "Inbound", "STOP": 22.0, "STOPNAME": "LOUISIANA @ MARQUETTE", "DAY_ON": 4.8317016316999997, "DAY_OFF": 2.1178321678300001, "DAY_TOT": 6.9495337995300002, "LAT": 35.083880020899997, "LONG": -106.56854223400001 }, "geometry": { "type": "Point", "coordinates": [ -106.568542233541706, 35.083880020908389 ] } },
{ "type": "Feature", "properties": { "ROUTE": 157.0, "DAY": "WKDY", "DIR": "Inbound", "STOP": 23.0, "STOPNAME": "LOUISIANA @ LOMAS", "DAY_ON": 17.0164335664, "DAY_OFF": 28.582905982900002, "DAY_TOT": 45.599339549299998, "LAT": 35.086698223799999, "LONG": -106.568528875 }, "geometry": { "type": "Point", "coordinates": [ -106.568528875450326, 35.086698223811545 ] } },
{ "type": "Feature", "properties": { "ROUTE": 157.0, "DAY": "WKDY", "DIR": "Inbound", "STOP": 24.0, "STOPNAME": "LOUISIANA @ MARBLE", "DAY_ON": 6.9441336441299999, "DAY_OFF": 4.63414918415, "DAY_TOT": 11.578282828300001, "LAT": 35.089514571300001, "LONG": -106.568624789 }, "geometry": { "type": "Point", "coordinates": [ -106.568624788761767, 35.089514571325147 ] } },
{ "type": "Feature", "properties": { "ROUTE": 157.0, "DAY": "WKDY", "DIR": "Inbound", "STOP": 25.0, "STOPNAME": "LOUISIANA @ MOUNTAIN", "DAY_ON": 11.454195804199999, "DAY_OFF": 1.7762237762199999, "DAY_TOT": 13.2304195804, "LAT": 35.090652256200002, "LONG": -106.56864152599999 }, "geometry": { "type": "Point", "coordinates": [ -106.568641525535099, 35.090652256216003 ] } },
{ "type": "Feature", "properties": { "ROUTE": 157.0, "DAY": "WKDY", "DIR": "Inbound", "STOP": 26.0, "STOPNAME": "LOUISIANA @ SUMMER", "DAY_ON": 2.5646076146099999, "DAY_OFF": 1.6469696969700001, "DAY_TOT": 4.2115773115800001, "LAT": 35.0926195487, "LONG": -106.568643103 }, "geometry": { "type": "Point", "coordinates": [ -106.568643102634766, 35.092619548703837 ] } },
{ "type": "Feature", "properties": { "ROUTE": 157.0, "DAY": "WKDY", "DIR": "Inbound", "STOP": 27.0, "STOPNAME": "LOUISIANA @ CONSTITUTION", "DAY_ON": 4.193006993, "DAY_OFF": 3.9225330225300001, "DAY_TOT": 8.1155400155299997, "LAT": 35.094192637100001, "LONG": -106.568644236 }, "geometry": { "type": "Point", "coordinates": [ -106.568644235978681, 35.09419263714063 ] } },
{ "type": "Feature", "properties": { "ROUTE": 157.0, "DAY": "WKDY", "DIR": "Inbound", "STOP": 28.0, "STOPNAME": "AMERICAS PARKWAY @ LOUISIANA", "DAY_ON": 2.2937062937100001, "DAY_OFF": 15.6635586636, "DAY_TOT": 17.957264957300001, "LAT": 35.100011557199998, "LONG": -106.570527371 }, "geometry": { "type": "Point", "coordinates": [ -106.570527370594064, 35.100011557197853 ] } },
{ "type": "Feature", "properties": { "ROUTE": 157.0, "DAY": "WKDY", "DIR": "Inbound", "STOP": 29.0, "STOPNAME": "AMERICAS PKWY @ U.T.C.", "DAY_ON": 35.871678321700003, "DAY_OFF": 37.557342657299998, "DAY_TOT": 73.429020979000001, "LAT": 35.103368463099997, "LONG": -106.57161765799999 }, "geometry": { "type": "Point", "coordinates": [ -106.57161765792543, 35.103368463127786 ] } },
{ "type": "Feature", "properties": { "ROUTE": 157.0, "DAY": "WKDY", "DIR": "Inbound", "STOP": 30.0, "STOPNAME": "CORONADO CENTER @ AMERICAS P", "DAY_ON": 14.629720279700001, "DAY_OFF": 27.603263403300001, "DAY_TOT": 42.232983683, "LAT": 35.106055111099998, "LONG": -106.571584919 }, "geometry": { "type": "Point", "coordinates": [ -106.571584919156578, 35.106055111093454 ] } },
{ "type": "Feature", "properties": { "ROUTE": 157.0, "DAY": "WKDY", "DIR": "Inbound", "STOP": 31.0, "STOPNAME": "LOUISIANA @ PROSPECT", "DAY_ON": 12.281701631700001, "DAY_OFF": 9.2340326340299992, "DAY_TOT": 21.515734265700001, "LAT": 35.107113443499998, "LONG": -106.568681232 }, "geometry": { "type": "Point", "coordinates": [ -106.568681232464499, 35.107113443473203 ] } },
{ "type": "Feature", "properties": { "ROUTE": 157.0, "DAY": "WKDY", "DIR": "Inbound", "STOP": 32.0, "STOPNAME": "LOUISIANA @ MENAUL", "DAY_ON": 13.9043123543, "DAY_OFF": 12.668531468499999, "DAY_TOT": 26.572843822799999, "LAT": 35.109634026599998, "LONG": -106.568714093 }, "geometry": { "type": "Point", "coordinates": [ -106.568714092816265, 35.109634026594634 ] } },
{ "type": "Feature", "properties": { "ROUTE": 157.0, "DAY": "WKDY", "DIR": "Inbound", "STOP": 33.0, "STOPNAME": "LOUISIANA @ CLAREMONT", "DAY_ON": 3.3524475524500001, "DAY_OFF": 1.59662004662, "DAY_TOT": 4.9490675990700002, "LAT": 35.113072737400003, "LONG": -106.568770328 }, "geometry": { "type": "Point", "coordinates": [ -106.568770328353452, 35.113072737391398 ] } },
{ "type": "Feature", "properties": { "ROUTE": 157.0, "DAY": "WKDY", "DIR": "Inbound", "STOP": 34.0, "STOPNAME": "LOUISIANA @ LOS ARBOLES", "DAY_ON": 0.1, "DAY_OFF": 0.47272727272999998, "DAY_TOT": 0.57272727273000001, "LAT": 35.114865929099999, "LONG": -106.56879812299999 }, "geometry": { "type": "Point", "coordinates": [ -106.568798122642519, 35.114865929063356 ] } },
{ "type": "Feature", "properties": { "ROUTE": 157.0, "DAY": "WKDY", "DIR": "Inbound", "STOP": 35.0, "STOPNAME": "LOUISIANA @ CANDELARIA", "DAY_ON": 2.07622377622, "DAY_OFF": 1.26864801865, "DAY_TOT": 3.34487179487, "LAT": 35.116788606999997, "LONG": -106.568815126 }, "geometry": { "type": "Point", "coordinates": [ -106.568815125715219, 35.1167886070142 ] } },
{ "type": "Feature", "properties": { "ROUTE": 157.0, "DAY": "WKDY", "DIR": "Inbound", "STOP": 36.0, "STOPNAME": "LOUISIANA @ VERANDA", "DAY_ON": 0.0, "DAY_OFF": 0.0, "DAY_TOT": 0.0, "LAT": 35.118524351700003, "LONG": -106.568798301 }, "geometry": { "type": "Point", "coordinates": [ -106.568798301335036, 35.118524351663496 ] } },
{ "type": "Feature", "properties": { "ROUTE": 157.0, "DAY": "WKDY", "DIR": "Inbound", "STOP": 37.0, "STOPNAME": "LOUISIANA @ AZTEC", "DAY_ON": 1.12657342657, "DAY_OFF": 1.2909090909100001, "DAY_TOT": 2.4174825174799999, "LAT": 35.1208335424, "LONG": -106.56877013 }, "geometry": { "type": "Point", "coordinates": [ -106.568770129582532, 35.12083354238186 ] } },
{ "type": "Feature", "properties": { "ROUTE": 157.0, "DAY": "WKDY", "DIR": "Inbound", "STOP": 38.0, "STOPNAME": "LOUISIANA @ COMANCHE", "DAY_ON": 0.53146853146999995, "DAY_OFF": 0.35384615385000001, "DAY_TOT": 0.88531468532000002, "LAT": 35.123954728800001, "LONG": -106.568728972 }, "geometry": { "type": "Point", "coordinates": [ -106.568728972398787, 35.123954728809061 ] } },
{ "type": "Feature", "properties": { "ROUTE": 157.0, "DAY": "WKDY", "DIR": "Inbound", "STOP": 39.0, "STOPNAME": "LOUISIANA @ EDWINA", "DAY_ON": 0.28181818182000001, "DAY_OFF": 0.64965034965000001, "DAY_TOT": 0.93146853146999997, "LAT": 35.125716544799999, "LONG": -106.568705279 }, "geometry": { "type": "Point", "coordinates": [ -106.56870527881965, 35.125716544818822 ] } },
{ "type": "Feature", "properties": { "ROUTE": 157.0, "DAY": "WKDY", "DIR": "Inbound", "STOP": 40.0, "STOPNAME": "LOUISIANA @ NATALIE", "DAY_ON": 3.2822843822799999, "DAY_OFF": 28.884382284400001, "DAY_TOT": 32.166666666700003, "LAT": 35.1286653684, "LONG": -106.568662416 }, "geometry": { "type": "Point", "coordinates": [ -106.568662416242873, 35.128665368404327 ] } },
{ "type": "Feature", "properties": { "ROUTE": 157.0, "DAY": "WKDY", "DIR": "Inbound", "STOP": 41.0, "STOPNAME": "MONTGOMERY @ LOUISIANA", "DAY_ON": 19.493706293700001, "DAY_OFF": 18.1970862471, "DAY_TOT": 37.690792540799997, "LAT": 35.130771732, "LONG": -106.56920539799999 }, "geometry": { "type": "Point", "coordinates": [ -106.569205398018639, 35.130771732040692 ] } },
{ "type": "Feature", "properties": { "ROUTE": 157.0, "DAY": "WKDY", "DIR": "Inbound", "STOP": 42.0, "STOPNAME": "MONTGOMERY @ MARLA", "DAY_ON": 4.3741258741299998, "DAY_OFF": 2.05734265734, "DAY_TOT": 6.4314685314700002, "LAT": 35.130890420100002, "LONG": -106.57341851699999 }, "geometry": { "type": "Point", "coordinates": [ -106.573418517376552, 35.130890420057213 ] } },
{ "type": "Feature", "properties": { "ROUTE": 157.0, "DAY": "WKDY", "DIR": "Inbound", "STOP": 43.0, "STOPNAME": "MONTGOMERY @ ROBERTA", "DAY_ON": 0.87132867133000003, "DAY_OFF": 1.4967365967399999, "DAY_TOT": 2.3680652680700001, "LAT": 35.130917485300003, "LONG": -106.575344668 }, "geometry": { "type": "Point", "coordinates": [ -106.575344668467864, 35.130917485325277 ] } },
{ "type": "Feature", "properties": { "ROUTE": 157.0, "DAY": "WKDY", "DIR": "Inbound", "STOP": 44.0, "STOPNAME": "MONTGOMERY @ SAN PEDRO", "DAY_ON": 7.1630536130499998, "DAY_OFF": 7.7813519813500003, "DAY_TOT": 14.944405594399999, "LAT": 35.130958101099999, "LONG": -106.57814537100001 }, "geometry": { "type": "Point", "coordinates": [ -106.578145371000204, 35.130958101133707 ] } },
{ "type": "Feature", "properties": { "ROUTE": 157.0, "DAY": "WKDY", "DIR": "Inbound", "STOP": 45.0, "STOPNAME": "MONTGOMERY @ SAN PEDRO", "DAY_ON": 1.26783216783, "DAY_OFF": 2.3160839160800002, "DAY_TOT": 3.5839160839200002, "LAT": 35.130986305100002, "LONG": -106.580208189 }, "geometry": { "type": "Point", "coordinates": [ -106.580208189499899, 35.130986305149399 ] } },
{ "type": "Feature", "properties": { "ROUTE": 157.0, "DAY": "WKDY", "DIR": "Inbound", "STOP": 46.0, "STOPNAME": "MONTGOMERY @ DEL NORTE HS", "DAY_ON": 12.439743589700001, "DAY_OFF": 14.353030303000001, "DAY_TOT": 26.7927738928, "LAT": 35.131044250099997, "LONG": -106.583966356 }, "geometry": { "type": "Point", "coordinates": [ -106.583966355795695, 35.131044250052966 ] } },
{ "type": "Feature", "properties": { "ROUTE": 157.0, "DAY": "WKDY", "DIR": "Inbound", "STOP": 47.0, "STOPNAME": "MONTGOMERY @ SAN MATEO", "DAY_ON": 50.989743589699998, "DAY_OFF": 35.358275058300002, "DAY_TOT": 86.348018647999993, "LAT": 35.131092734299997, "LONG": -106.58735397 }, "geometry": { "type": "Point", "coordinates": [ -106.587353970120787, 35.131092734265735 ] } },
{ "type": "Feature", "properties": { "ROUTE": 157.0, "DAY": "WKDY", "DIR": "Inbound", "STOP": 48.0, "STOPNAME": "MONTGOMERY @ MONROE", "DAY_ON": 15.948601398599999, "DAY_OFF": 4.3188811188800003, "DAY_TOT": 20.2674825175, "LAT": 35.131072021000001, "LONG": -106.590652494 }, "geometry": { "type": "Point", "coordinates": [ -106.590652494384372, 35.131072021031997 ] } },
{ "type": "Feature", "properties": { "ROUTE": 157.0, "DAY": "WKDY", "DIR": "Inbound", "STOP": 49.0, "STOPNAME": "MONTGOMERY @ JEFFERSON", "DAY_ON": 9.1825174825199998, "DAY_OFF": 12.5515151515, "DAY_TOT": 21.734032633999998, "LAT": 35.131039746799999, "LONG": -106.593674265 }, "geometry": { "type": "Point", "coordinates": [ -106.593674264568776, 35.13103974676838 ] } },
{ "type": "Feature", "properties": { "ROUTE": 157.0, "DAY": "WKDY", "DIR": "Inbound", "STOP": 50.0, "STOPNAME": "MONTGOMERY @ WASHINGTON", "DAY_ON": 5.4652680652700001, "DAY_OFF": 5.5139860139900003, "DAY_TOT": 10.9792540793, "LAT": 35.131027755200002, "LONG": -106.595813746 }, "geometry": { "type": "Point", "coordinates": [ -106.595813746344575, 35.131027755191774 ] } },
{ "type": "Feature", "properties": { "ROUTE": 157.0, "DAY": "WKDY", "DIR": "Inbound", "STOP": 51.0, "STOPNAME": "MONTGOMERY @ MORNINGSIDE", "DAY_ON": 0.78181818181999996, "DAY_OFF": 5.4224941724900004, "DAY_TOT": 6.2043123543099998, "LAT": 35.131017626599998, "LONG": -106.597733127 }, "geometry": { "type": "Point", "coordinates": [ -106.597733127251544, 35.131017626562844 ] } },
{ "type": "Feature", "properties": { "ROUTE": 157.0, "DAY": "WKDY", "DIR": "Inbound", "STOP": 52.0, "STOPNAME": "MONTGOMERY @ MORNINGSIDE", "DAY_ON": 7.5545454545500004, "DAY_OFF": 14.709440559400001, "DAY_TOT": 22.263986014, "LAT": 35.131008016400003, "LONG": -106.60008823699999 }, "geometry": { "type": "Point", "coordinates": [ -106.600088236755667, 35.131008016369996 ] } },
{ "type": "Feature", "properties": { "ROUTE": 157.0, "DAY": "WKDY", "DIR": "Inbound", "STOP": 53.0, "STOPNAME": "MONTGOMERY @ CARLISLE", "DAY_ON": 31.500349650299999, "DAY_OFF": 36.000582750600003, "DAY_TOT": 67.500932400899998, "LAT": 35.131143051000002, "LONG": -106.60501224399999 }, "geometry": { "type": "Point", "coordinates": [ -106.605012243960587, 35.131143051017169 ] } },
{ "type": "Feature", "properties": { "ROUTE": 157.0, "DAY": "WKDY", "DIR": "Inbound", "STOP": 54.0, "STOPNAME": "MONTANO @ CULTURE DR.", "DAY_ON": 7.7585081585099998, "DAY_OFF": 27.8006993007, "DAY_TOT": 35.559207459200003, "LAT": 35.135113324000002, "LONG": -106.61362405200001 }, "geometry": { "type": "Point", "coordinates": [ -106.613624052182686, 35.135113324009318 ] } },
{ "type": "Feature", "properties": { "ROUTE": 157.0, "DAY": "WKDY", "DIR": "Inbound", "STOP": 55.0, "STOPNAME": "MONTANO @ RENAISSANCE LOOP", "DAY_ON": 1.96305361305, "DAY_OFF": 5.9455710955700001, "DAY_TOT": 7.9086247086199997, "LAT": 35.135562462499998, "LONG": -106.62092981399999 }, "geometry": { "type": "Point", "coordinates": [ -106.620929814155545, 35.135562462545025 ] } },
{ "type": "Feature", "properties": { "ROUTE": 157.0, "DAY": "WKDY", "DIR": "Inbound", "STOP": 56.0, "STOPNAME": "MONTANO @ EDITH", "DAY_ON": 3.6461538461499998, "DAY_OFF": 16.581934731899999, "DAY_TOT": 20.228088578099999, "LAT": 35.136464993700002, "LONG": -106.62662844099999 }, "geometry": { "type": "Point", "coordinates": [ -106.626628440771356, 35.136464993748675 ] } },
{ "type": "Feature", "properties": { "ROUTE": 157.0, "DAY": "WKDY", "DIR": "Inbound", "STOP": 57.0, "STOPNAME": "MONTANO TRANSIT CENTER BAY A", "DAY_ON": 7.3054778554800004, "DAY_OFF": 11.1324009324, "DAY_TOT": 18.437878787900001, "LAT": 35.136744591300001, "LONG": -106.632947638 }, "geometry": { "type": "Point", "coordinates": [ -106.632947637899989, 35.136744591332914 ] } },
{ "type": "Feature", "properties": { "ROUTE": 157.0, "DAY": "WKDY", "DIR": "Inbound", "STOP": 58.0, "STOPNAME": "MONTANO @ 2ND", "DAY_ON": 1.6493006993, "DAY_OFF": 4.1656177156199998, "DAY_TOT": 5.8149184149200002, "LAT": 35.138193264000002, "LONG": -106.63559992099999 }, "geometry": { "type": "Point", "coordinates": [ -106.6355999210638, 35.138193263986011 ] } },
{ "type": "Feature", "properties": { "ROUTE": 157.0, "DAY": "WKDY", "DIR": "Inbound", "STOP": 59.0, "STOPNAME": "MONTANO @ 4TH", "DAY_ON": 15.1898601399, "DAY_OFF": 33.112004661999997, "DAY_TOT": 48.301864801900003, "LAT": 35.138673495100001, "LONG": -106.640340954 }, "geometry": { "type": "Point", "coordinates": [ -106.640340953856764, 35.138673495126092 ] } },
{ "type": "Feature", "properties": { "ROUTE": 157.0, "DAY": "WKDY", "DIR": "Inbound", "STOP": 60.0, "STOPNAME": "MONTANO @ VILLA CANELA", "DAY_ON": 2.5308857808899998, "DAY_OFF": 2.5435897435900001, "DAY_TOT": 5.0744755244800004, "LAT": 35.139150563599998, "LONG": -106.645408742 }, "geometry": { "type": "Point", "coordinates": [ -106.645408741894457, 35.139150563625769 ] } },
{ "type": "Feature", "properties": { "ROUTE": 157.0, "DAY": "WKDY", "DIR": "Inbound", "STOP": 61.0, "STOPNAME": "MONTANO @ GUADALUPE", "DAY_ON": 0.68951048951000005, "DAY_OFF": 2.6637529137499998, "DAY_TOT": 3.3532634032600002, "LAT": 35.139771204200002, "LONG": -106.650756433 }, "geometry": { "type": "Point", "coordinates": [ -106.65075643335453, 35.139771204174622 ] } },
{ "type": "Feature", "properties": { "ROUTE": 157.0, "DAY": "WKDY", "DIR": "Inbound", "STOP": 62.0, "STOPNAME": "MONTANO @ TIERRA DEL RIO", "DAY_ON": 0.45874125874, "DAY_OFF": 1.78006993007, "DAY_TOT": 2.2388111888100002, "LAT": 35.141086372700002, "LONG": -106.656875133 }, "geometry": { "type": "Point", "coordinates": [ -106.656875133184997, 35.141086372695497 ] } },
{ "type": "Feature", "properties": { "ROUTE": 157.0, "DAY": "WKDY", "DIR": "Inbound", "STOP": 63.0, "STOPNAME": "MONTANO @ TIERRA VIVA. NW", "DAY_ON": 0.29090909091, "DAY_OFF": 2.2046620046599998, "DAY_TOT": 2.4955710955699999, "LAT": 35.142103435400003, "LONG": -106.661845357 }, "geometry": { "type": "Point", "coordinates": [ -106.661845356961237, 35.142103435420651 ] } },
{ "type": "Feature", "properties": { "ROUTE": 157.0, "DAY": "WKDY", "DIR": "Inbound", "STOP": 64.0, "STOPNAME": "MONTANO @ COORS", "DAY_ON": 7.2318181818199996, "DAY_OFF": 24.720629370600001, "DAY_TOT": 31.952447552399999, "LAT": 35.149376140100003, "LONG": -106.685547867 }, "geometry": { "type": "Point", "coordinates": [ -106.685547867185861, 35.149376140072057 ] } },
{ "type": "Feature", "properties": { "ROUTE": 157.0, "DAY": "WKDY", "DIR": "Inbound", "STOP": 65.0, "STOPNAME": "MONTANO @ COORS", "DAY_ON": 1.77843822844, "DAY_OFF": 4.5655011654999997, "DAY_TOT": 6.3439393939400004, "LAT": 35.1509171286, "LONG": -106.68865415800001 }, "geometry": { "type": "Point", "coordinates": [ -106.688654158243267, 35.150917128628947 ] } },
{ "type": "Feature", "properties": { "ROUTE": 157.0, "DAY": "WKDY", "DIR": "Inbound", "STOP": 66.0, "STOPNAME": "MONTANO @ MONTANO PLAZA", "DAY_ON": 0.51748251747999996, "DAY_OFF": 3.5938228438199999, "DAY_TOT": 4.1113053613100004, "LAT": 35.151491309500003, "LONG": -106.689995432 }, "geometry": { "type": "Point", "coordinates": [ -106.68999543192416, 35.151491309493544 ] } },
{ "type": "Feature", "properties": { "ROUTE": 157.0, "DAY": "WKDY", "DIR": "Inbound", "STOP": 67.0, "STOPNAME": "TAYLOR RANCH @ MONTANO", "DAY_ON": 3.0903263403299999, "DAY_OFF": 11.0524475524, "DAY_TOT": 14.142773892799999, "LAT": 35.153857008300001, "LONG": -106.69376702700001 }, "geometry": { "type": "Point", "coordinates": [ -106.693767026541664, 35.153857008264474 ] } },
{ "type": "Feature", "properties": { "ROUTE": 157.0, "DAY": "WKDY", "DIR": "Inbound", "STOP": 68.0, "STOPNAME": "TAYLOR RANCH @ KACHINA", "DAY_ON": 1.60431235431, "DAY_OFF": 2.6043123543100002, "DAY_TOT": 4.2086247086200004, "LAT": 35.1560336557, "LONG": -106.69368323 }, "geometry": { "type": "Point", "coordinates": [ -106.693683229709691, 35.156033655700355 ] } },
{ "type": "Feature", "properties": { "ROUTE": 157.0, "DAY": "WKDY", "DIR": "Inbound", "STOP": 69.0, "STOPNAME": "GOLF COURSE @ LA ORILLA", "DAY_ON": 0.97552447552, "DAY_OFF": 1.13636363636, "DAY_TOT": 2.1118881118899999, "LAT": 35.159982440100002, "LONG": -106.69128405 }, "geometry": { "type": "Point", "coordinates": [ -106.691284050010609, 35.159982440135629 ] } },
{ "type": "Feature", "properties": { "ROUTE": 157.0, "DAY": "WKDY", "DIR": "Inbound", "STOP": 70.0, "STOPNAME": "GOLF COURSE @ HOMESTEAD CIRC", "DAY_ON": 0.44965034965, "DAY_OFF": 0.99662004662000003, "DAY_TOT": 1.4462703962700001, "LAT": 35.162330517299999, "LONG": -106.68918017199999 }, "geometry": { "type": "Point", "coordinates": [ -106.689180171699505, 35.162330517270604 ] } },
{ "type": "Feature", "properties": { "ROUTE": 157.0, "DAY": "WKDY", "DIR": "Inbound", "STOP": 71.0, "STOPNAME": "GOLF COURSE @ HOMESTEAD TRL.", "DAY_ON": 0.418997669, "DAY_OFF": 1.3148018648, "DAY_TOT": 1.7337995338000001, "LAT": 35.1674519508, "LONG": -106.686944568 }, "geometry": { "type": "Point", "coordinates": [ -106.686944568128865, 35.167451950837041 ] } },
{ "type": "Feature", "properties": { "ROUTE": 157.0, "DAY": "WKDY", "DIR": "Inbound", "STOP": 72.0, "STOPNAME": "GOLF COURSE @ BUTTERFIELD", "DAY_ON": 0.58333333333000004, "DAY_OFF": 0.94696969697, "DAY_TOT": 1.5303030303, "LAT": 35.171367681, "LONG": -106.68679304600001 }, "geometry": { "type": "Point", "coordinates": [ -106.686793046408141, 35.171367680970533 ] } },
{ "type": "Feature", "properties": { "ROUTE": 157.0, "DAY": "WKDY", "DIR": "Inbound", "STOP": 73.0, "STOPNAME": "GOLF COURSE @ CALLE NORTENA", "DAY_ON": 0.0, "DAY_OFF": 0.90303030302999998, "DAY_TOT": 0.90303030302999998, "LAT": 35.174868961100003, "LONG": -106.687166308 }, "geometry": { "type": "Point", "coordinates": [ -106.687166307586381, 35.174868961114647 ] } },
{ "type": "Feature", "properties": { "ROUTE": 157.0, "DAY": "WKDY", "DIR": "Inbound", "STOP": 74.0, "STOPNAME": "GOLF COURSE @ LAS TERRAZAS", "DAY_ON": 0.19090909091, "DAY_OFF": 2.2342657342700001, "DAY_TOT": 2.42517482517, "LAT": 35.177074188900001, "LONG": -106.687516417 }, "geometry": { "type": "Point", "coordinates": [ -106.687516417461296, 35.177074188917139 ] } },
{ "type": "Feature", "properties": { "ROUTE": 157.0, "DAY": "WKDY", "DIR": "Inbound", "STOP": 75.0, "STOPNAME": "GOLF COURSE @ PASEO DEL NORT", "DAY_ON": 3.69382284382, "DAY_OFF": 5.7837995338, "DAY_TOT": 9.4776223776199995, "LAT": 35.180321442299999, "LONG": -106.687511493 }, "geometry": { "type": "Point", "coordinates": [ -106.68751149268914, 35.180321442307687 ] } },
{ "type": "Feature", "properties": { "ROUTE": 157.0, "DAY": "WKDY", "DIR": "Inbound", "STOP": 76.0, "STOPNAME": "GOLF COURSE @ SHELLY ROSE", "DAY_ON": 0.54965034965000004, "DAY_OFF": 1.65466200466, "DAY_TOT": 2.2043123543099998, "LAT": 35.182971022099998, "LONG": -106.686891856 }, "geometry": { "type": "Point", "coordinates": [ -106.68689185553086, 35.18297102209155 ] } },
{ "type": "Feature", "properties": { "ROUTE": 157.0, "DAY": "WKDY", "DIR": "Inbound", "STOP": 77.0, "STOPNAME": "GOLF COURSE @ JILL PATRICIA", "DAY_ON": 0.65606060606000005, "DAY_OFF": 5.3125874125900001, "DAY_TOT": 5.9686480186499997, "LAT": 35.187513036399999, "LONG": -106.68482774899999 }, "geometry": { "type": "Point", "coordinates": [ -106.684827749417252, 35.187513036448401 ] } },
{ "type": "Feature", "properties": { "ROUTE": 157.0, "DAY": "WKDY", "DIR": "Inbound", "STOP": 78.0, "STOPNAME": "GOLF COURSE @ PARADISE", "DAY_ON": 0.43566433566000001, "DAY_OFF": 2.13356643357, "DAY_TOT": 2.5692307692299998, "LAT": 35.190030162600003, "LONG": -106.68320618600001 }, "geometry": { "type": "Point", "coordinates": [ -106.683206186321243, 35.190030162640404 ] } },
{ "type": "Feature", "properties": { "ROUTE": 157.0, "DAY": "WKDY", "DIR": "Inbound", "STOP": 79.0, "STOPNAME": "GOLF COURSE @ CONGRESS", "DAY_ON": 0.0, "DAY_OFF": 0.95454545454999995, "DAY_TOT": 0.95454545454999995, "LAT": 35.192958014699997, "LONG": -106.68046906799999 }, "geometry": { "type": "Point", "coordinates": [ -106.680469067863953, 35.192958014727694 ] } },
{ "type": "Feature", "properties": { "ROUTE": 157.0, "DAY": "WKDY", "DIR": "Inbound", "STOP": 80.0, "STOPNAME": "GOLF COURSE @ COUNTRY CLUB L", "DAY_ON": 1.37505827506, "DAY_OFF": 1.90501165501, "DAY_TOT": 3.2800699300699998, "LAT": 35.197307434499997, "LONG": -106.680433583 }, "geometry": { "type": "Point", "coordinates": [ -106.680433582644639, 35.19730743452002 ] } },
{ "type": "Feature", "properties": { "ROUTE": 157.0, "DAY": "WKDY", "DIR": "Inbound", "STOP": 81.0, "STOPNAME": "GOLF COURSE @ AVOCET", "DAY_ON": 2.1293706293699999, "DAY_OFF": 4.86655011655, "DAY_TOT": 6.9959207459200003, "LAT": 35.201432906500003, "LONG": -106.67913277300001 }, "geometry": { "type": "Point", "coordinates": [ -106.679132772780264, 35.201432906548007 ] } },
{ "type": "Feature", "properties": { "ROUTE": 157.0, "DAY": "WKDY", "DIR": "Inbound", "STOP": 82.0, "STOPNAME": "GOLF COURSE @ CALABACILLAS A", "DAY_ON": 0.18181818182000001, "DAY_OFF": 1.1671328671300001, "DAY_TOT": 1.3489510489500001, "LAT": 35.203176034000002, "LONG": -106.677523583 }, "geometry": { "type": "Point", "coordinates": [ -106.677523582856551, 35.203176034011442 ] } },
{ "type": "Feature", "properties": { "ROUTE": 157.0, "DAY": "WKDY", "DIR": "Inbound", "STOP": 83.0, "STOPNAME": "ELLISON @ GOLF COURSE", "DAY_ON": 2.4750582750599999, "DAY_OFF": 14.7636363636, "DAY_TOT": 17.2386946387, "LAT": 35.205561088499998, "LONG": -106.67445241599999 }, "geometry": { "type": "Point", "coordinates": [ -106.674452416242829, 35.20556108847213 ] } },
{ "type": "Feature", "properties": { "ROUTE": 157.0, "DAY": "WKDY", "DIR": "Inbound", "STOP": 84.0, "STOPNAME": "ELLISON @ 7 BAR LOOP NORTH", "DAY_ON": 0.0, "DAY_OFF": 1.0993006993000001, "DAY_TOT": 1.0993006993000001, "LAT": 35.2057978956, "LONG": -106.671988863 }, "geometry": { "type": "Point", "coordinates": [ -106.671988863053599, 35.205797895634653 ] } },
{ "type": "Feature", "properties": { "ROUTE": 157.0, "DAY": "WKDY", "DIR": "Inbound", "STOP": 85.0, "STOPNAME": "ELLISON @ CIBOLA LOOP WEST", "DAY_ON": 0.5, "DAY_OFF": 0.76363636363999998, "DAY_TOT": 1.2636363636400001, "LAT": 35.2058986893, "LONG": -106.667960433 }, "geometry": { "type": "Point", "coordinates": [ -106.667960432824742, 35.205898689340955 ] } },
{ "type": "Feature", "properties": { "ROUTE": 157.0, "DAY": "WKDY", "DIR": "Inbound", "STOP": 86.0, "STOPNAME": "NW TRANSIT CENTER", "DAY_ON": 0.0, "DAY_OFF": 98.6293706294, "DAY_TOT": 98.6293706294, "LAT": 35.206281648400001, "LONG": -106.660243259 }, "geometry": { "type": "Point", "coordinates": [ -106.660243259059101, 35.206281648442456 ] } },
{ "type": "Feature", "properties": { "ROUTE": 198.0, "DAY": "WKDY", "DIR": "Outbound", "STOP": 1.0, "STOPNAME": "LAMONICA @ LORIS", "DAY_ON": 21.636030636000001, "DAY_OFF": 0.0, "DAY_TOT": 21.636030636000001, "LAT": 35.025127946799998, "LONG": -106.71239445400001 }, "geometry": { "type": "Point", "coordinates": [ -106.712394453879455, 35.02512794675912 ] } },
{ "type": "Feature", "properties": { "ROUTE": 198.0, "DAY": "WKDY", "DIR": "Outbound", "STOP": 2.0, "STOPNAME": "DENNIS CHAVEZ @ CONDERSHIRE", "DAY_ON": 0.44505494505999998, "DAY_OFF": 0.21978021978000001, "DAY_TOT": 0.66483516484000005, "LAT": 35.024697898699998, "LONG": -106.72414726700001 }, "geometry": { "type": "Point", "coordinates": [ -106.724147266948734, 35.024697898718927 ] } },
{ "type": "Feature", "properties": { "ROUTE": 198.0, "DAY": "WKDY", "DIR": "Outbound", "STOP": 3.0, "STOPNAME": "DENNIS CHAVEZ @ UNSER", "DAY_ON": 2.5634365634399998, "DAY_OFF": 1.05677655678, "DAY_TOT": 3.6202131202099999, "LAT": 35.024664589099999, "LONG": -106.73167636 }, "geometry": { "type": "Point", "coordinates": [ -106.731676360159454, 35.024664589087394 ] } },
{ "type": "Feature", "properties": { "ROUTE": 198.0, "DAY": "WKDY", "DIR": "Outbound", "STOP": 4.0, "STOPNAME": "DENNIS CHAVEZ @ 118TH", "DAY_ON": 0.74102564103000002, "DAY_OFF": 0.0, "DAY_TOT": 0.74102564103000002, "LAT": 35.024496123900001, "LONG": -106.749657829 }, "geometry": { "type": "Point", "coordinates": [ -106.749657829059842, 35.02449612393162 ] } },
{ "type": "Feature", "properties": { "ROUTE": 198.0, "DAY": "WKDY", "DIR": "Outbound", "STOP": 5.0, "STOPNAME": "98TH @ DENNIS CHAVEZ", "DAY_ON": 11.377705627699999, "DAY_OFF": 4.2108724608700001, "DAY_TOT": 15.5885780886, "LAT": 35.025514663499997, "LONG": -106.740119795 }, "geometry": { "type": "Point", "coordinates": [ -106.740119795038297, 35.02551466346155 ] } },
{ "type": "Feature", "properties": { "ROUTE": 198.0, "DAY": "WKDY", "DIR": "Outbound", "STOP": 6.0, "STOPNAME": "98TH @ RIO CLARA", "DAY_ON": 1.64360639361, "DAY_OFF": 3.6767399267399998, "DAY_TOT": 5.3203463203499997, "LAT": 35.028480134699997, "LONG": -106.740161324 }, "geometry": { "type": "Point", "coordinates": [ -106.740161324050945, 35.028480134657016 ] } },
{ "type": "Feature", "properties": { "ROUTE": 198.0, "DAY": "WKDY", "DIR": "Outbound", "STOP": 7.0, "STOPNAME": "98TH @ COLOBEL", "DAY_ON": 1.334998335, "DAY_OFF": 0.45054945055000001, "DAY_TOT": 1.7855477855499999, "LAT": 35.032624249900003, "LONG": -106.739473672 }, "geometry": { "type": "Point", "coordinates": [ -106.739473672327648, 35.032624249875134 ] } },
{ "type": "Feature", "properties": { "ROUTE": 198.0, "DAY": "WKDY", "DIR": "Outbound", "STOP": 8.0, "STOPNAME": "98TH @ AMOLE MESA", "DAY_ON": 4.8457375957400002, "DAY_OFF": 1.3296703296700001, "DAY_TOT": 6.1754079254100001, "LAT": 35.036149714799997, "LONG": -106.738073081 }, "geometry": { "type": "Point", "coordinates": [ -106.738073080502815, 35.036149714826841 ] } },
{ "type": "Feature", "properties": { "ROUTE": 198.0, "DAY": "WKDY", "DIR": "Outbound", "STOP": 9.0, "STOPNAME": "98TH @ BLAKE", "DAY_ON": 5.0294705294700002, "DAY_OFF": 1.56227106227, "DAY_TOT": 6.59174159174, "LAT": 35.039861213499996, "LONG": -106.737001513 }, "geometry": { "type": "Point", "coordinates": [ -106.737001513361662, 35.039861213536462 ] } },
{ "type": "Feature", "properties": { "ROUTE": 198.0, "DAY": "WKDY", "DIR": "Outbound", "STOP": 10.0, "STOPNAME": "98TH @ GIBSON", "DAY_ON": 10.814851814900001, "DAY_OFF": 2.5641025641000001, "DAY_TOT": 13.378954379, "LAT": 35.043830102000001, "LONG": -106.737052753 }, "geometry": { "type": "Point", "coordinates": [ -106.737052752913769, 35.043830102022966 ] } },
{ "type": "Feature", "properties": { "ROUTE": 198.0, "DAY": "WKDY", "DIR": "Outbound", "STOP": 11.0, "STOPNAME": "98TH @ 86TH", "DAY_ON": 4.3808691308699999, "DAY_OFF": 0.81318681318999997, "DAY_TOT": 5.1940559440599996, "LAT": 35.0473353836, "LONG": -106.73732492800001 }, "geometry": { "type": "Point", "coordinates": [ -106.737324927697316, 35.047335383616392 ] } },
{ "type": "Feature", "properties": { "ROUTE": 198.0, "DAY": "WKDY", "DIR": "Outbound", "STOP": 12.0, "STOPNAME": "SNOW VISTA @ BENAVIDES", "DAY_ON": 0.88444888445000003, "DAY_OFF": 2.0350482850499998, "DAY_TOT": 2.9194971695, "LAT": 35.0517050216, "LONG": -106.739172991 }, "geometry": { "type": "Point", "coordinates": [ -106.739172991050623, 35.051705021603397 ] } },
{ "type": "Feature", "properties": { "ROUTE": 198.0, "DAY": "WKDY", "DIR": "Outbound", "STOP": 13.0, "STOPNAME": "98TH @ SAGE", "DAY_ON": 11.1125541126, "DAY_OFF": 4.5622710622699998, "DAY_TOT": 15.6748251748, "LAT": 35.0552183263, "LONG": -106.74043084199999 }, "geometry": { "type": "Point", "coordinates": [ -106.740430842157821, 35.055218326257084 ] } },
{ "type": "Feature", "properties": { "ROUTE": 198.0, "DAY": "WKDY", "DIR": "Outbound", "STOP": 14.0, "STOPNAME": "98TH ST. @ WESTGATE PARK", "DAY_ON": 3.6747419247400002, "DAY_OFF": 0.2967032967, "DAY_TOT": 3.9714452214499998, "LAT": 35.0576918298, "LONG": -106.741079074 }, "geometry": { "type": "Point", "coordinates": [ -106.7410790743007, 35.057691829795196 ] } },
{ "type": "Feature", "properties": { "ROUTE": 198.0, "DAY": "WKDY", "DIR": "Outbound", "STOP": 15.0, "STOPNAME": "98TH @ DEMI RD", "DAY_ON": 1.82559107559, "DAY_OFF": 0.6018981019, "DAY_TOT": 2.42748917749, "LAT": 35.064434071800001, "LONG": -106.741624027 }, "geometry": { "type": "Point", "coordinates": [ -106.741624027056289, 35.064434071761582 ] } },
{ "type": "Feature", "properties": { "ROUTE": 198.0, "DAY": "WKDY", "DIR": "Outbound", "STOP": 16.0, "STOPNAME": "98TH @ EUCARIZ", "DAY_ON": 1.58266733267, "DAY_OFF": 0.72527472528000003, "DAY_TOT": 2.3079420579400001, "LAT": 35.067695736600001, "LONG": -106.74179506599999 }, "geometry": { "type": "Point", "coordinates": [ -106.741795065809171, 35.067695736638356 ] } },
{ "type": "Feature", "properties": { "ROUTE": 198.0, "DAY": "WKDY", "DIR": "Outbound", "STOP": 17.0, "STOPNAME": "98TH @ CENTRAL", "DAY_ON": 3.3832833832799998, "DAY_OFF": 7.5048285048299999, "DAY_TOT": 10.888111888099999, "LAT": 35.071155101400002, "LONG": -106.742273415 }, "geometry": { "type": "Point", "coordinates": [ -106.74227341545955, 35.071155101440226 ] } },
{ "type": "Feature", "properties": { "ROUTE": 198.0, "DAY": "WKDY", "DIR": "Outbound", "STOP": 18.0, "STOPNAME": "CENTRAL @ 94TH", "DAY_ON": 3.9898434898400001, "DAY_OFF": 1.7271062271099999, "DAY_TOT": 5.7169497169500003, "LAT": 35.073379906600003, "LONG": -106.73883666499999 }, "geometry": { "type": "Point", "coordinates": [ -106.73883666545953, 35.073379906551786 ] } },
{ "type": "Feature", "properties": { "ROUTE": 198.0, "DAY": "WKDY", "DIR": "Outbound", "STOP": 19.0, "STOPNAME": "CENTRAL @ 86TH", "DAY_ON": 0.87912087912000003, "DAY_OFF": 0.95146520147000002, "DAY_TOT": 1.8305860805900001, "LAT": 35.0755671963, "LONG": -106.729349011 }, "geometry": { "type": "Point", "coordinates": [ -106.729349010531152, 35.075567196303695 ] } },
{ "type": "Feature", "properties": { "ROUTE": 198.0, "DAY": "WKDY", "DIR": "Outbound", "STOP": 20.0, "STOPNAME": "CUTC BAY D", "DAY_ON": 0.0, "DAY_OFF": 95.820929070899993, "DAY_TOT": 95.820929070899993, "LAT": 35.078942409, "LONG": -106.72509722 }, "geometry": { "type": "Point", "coordinates": [ -106.725097220321359, 35.078942409007652 ] } },
{ "type": "Feature", "properties": { "ROUTE": 198.0, "DAY": "WKDY", "DIR": "Inbound", "STOP": 1.0, "STOPNAME": "CUTC BAY D", "DAY_ON": 96.047785547800004, "DAY_OFF": 0.0, "DAY_TOT": 96.047785547800004, "LAT": 35.078886785000002, "LONG": -106.725434185 }, "geometry": { "type": "Point", "coordinates": [ -106.725434185023303, 35.078886785048283 ] } },
{ "type": "Feature", "properties": { "ROUTE": 198.0, "DAY": "WKDY", "DIR": "Inbound", "STOP": 2.0, "STOPNAME": "CENTRAL @ 86TH", "DAY_ON": 1.89010989011, "DAY_OFF": 0.93431568432000001, "DAY_TOT": 2.8244255744300002, "LAT": 35.075640436900002, "LONG": -106.729607144 }, "geometry": { "type": "Point", "coordinates": [ -106.729607144397249, 35.075640436938059 ] } },
{ "type": "Feature", "properties": { "ROUTE": 198.0, "DAY": "WKDY", "DIR": "Inbound", "STOP": 3.0, "STOPNAME": "CENTRAL @ 94TH", "DAY_ON": 2.6680819180799999, "DAY_OFF": 5.9791874791900002, "DAY_TOT": 8.6472693972699997, "LAT": 35.073894522499998, "LONG": -106.737407597 }, "geometry": { "type": "Point", "coordinates": [ -106.737407597485841, 35.073894522477524 ] } },
{ "type": "Feature", "properties": { "ROUTE": 198.0, "DAY": "WKDY", "DIR": "Inbound", "STOP": 4.0, "STOPNAME": "98TH @ SUNSET GARDENS", "DAY_ON": 7.8207625707600004, "DAY_OFF": 11.4393939394, "DAY_TOT": 19.260156510200002, "LAT": 35.070807118799998, "LONG": -106.74241195 }, "geometry": { "type": "Point", "coordinates": [ -106.74241195025806, 35.070807118839504 ] } },
{ "type": "Feature", "properties": { "ROUTE": 198.0, "DAY": "WKDY", "DIR": "Inbound", "STOP": 5.0, "STOPNAME": "98TH @ EUCARIZ", "DAY_ON": 0.89010989010999997, "DAY_OFF": 2.8186813186799999, "DAY_TOT": 3.7087912087900001, "LAT": 35.066408650600003, "LONG": -106.741890893 }, "geometry": { "type": "Point", "coordinates": [ -106.741890892690662, 35.066408650641016 ] } },
{ "type": "Feature", "properties": { "ROUTE": 198.0, "DAY": "WKDY", "DIR": "Inbound", "STOP": 6.0, "STOPNAME": "98TH @ TOWER", "DAY_ON": 0.62021312020999997, "DAY_OFF": 3.64435564436, "DAY_TOT": 4.2645687645699999, "LAT": 35.062899793600003, "LONG": -106.741813235 }, "geometry": { "type": "Point", "coordinates": [ -106.741813234973364, 35.062899793581423 ] } },
{ "type": "Feature", "properties": { "ROUTE": 198.0, "DAY": "WKDY", "DIR": "Inbound", "STOP": 7.0, "STOPNAME": "98TH @ WESTGATE PARK PLAZA", "DAY_ON": 0.58791208791000005, "DAY_OFF": 4.5109890109900004, "DAY_TOT": 5.0989010989, "LAT": 35.057643593800002, "LONG": -106.741300452 }, "geometry": { "type": "Point", "coordinates": [ -106.741300451673311, 35.057643593822839 ] } },
{ "type": "Feature", "properties": { "ROUTE": 198.0, "DAY": "WKDY", "DIR": "Inbound", "STOP": 8.0, "STOPNAME": "98TH @ DE VARGAS", "DAY_ON": 4.9214951715000002, "DAY_OFF": 11.770396270399999, "DAY_TOT": 16.691891441900001, "LAT": 35.0550788838, "LONG": -106.740679368 }, "geometry": { "type": "Point", "coordinates": [ -106.740679367840499, 35.055078883824521 ] } },
{ "type": "Feature", "properties": { "ROUTE": 198.0, "DAY": "WKDY", "DIR": "Inbound", "STOP": 9.0, "STOPNAME": "98TH @ BENAVIDES", "DAY_ON": 1.3956043956, "DAY_OFF": 4.3992673992700002, "DAY_TOT": 5.7948717948699997, "LAT": 35.0518791111, "LONG": -106.739761246 }, "geometry": { "type": "Point", "coordinates": [ -106.739761245837485, 35.051879111097222 ] } },
{ "type": "Feature", "properties": { "ROUTE": 198.0, "DAY": "WKDY", "DIR": "Inbound", "STOP": 10.0, "STOPNAME": "98TH @ DE ANZA", "DAY_ON": 1.9450549450500001, "DAY_OFF": 6.9425574425600001, "DAY_TOT": 8.8876123876099999, "LAT": 35.047421234799998, "LONG": -106.737548953 }, "geometry": { "type": "Point", "coordinates": [ -106.737548953379957, 35.047421234806848 ] } },
{ "type": "Feature", "properties": { "ROUTE": 198.0, "DAY": "WKDY", "DIR": "Inbound", "STOP": 11.0, "STOPNAME": "98TH @ GIBSON", "DAY_ON": 1.72161172161, "DAY_OFF": 10.25, "DAY_TOT": 11.9716117216, "LAT": 35.042691380599997, "LONG": -106.737316147 }, "geometry": { "type": "Point", "coordinates": [ -106.737316147061279, 35.042691380577764 ] } },
{ "type": "Feature", "properties": { "ROUTE": 198.0, "DAY": "WKDY", "DIR": "Inbound", "STOP": 12.0, "STOPNAME": "98TH @ BLAKE", "DAY_ON": 1.3466533466499999, "DAY_OFF": 4.0718947718900003, "DAY_TOT": 5.4185481185500004, "LAT": 35.039724566300002, "LONG": -106.73728240299999 }, "geometry": { "type": "Point", "coordinates": [ -106.737282403121895, 35.039724566292051 ] } },
{ "type": "Feature", "properties": { "ROUTE": 198.0, "DAY": "WKDY", "DIR": "Inbound", "STOP": 13.0, "STOPNAME": "98TH @ AMOLE MESA", "DAY_ON": 1.49200799201, "DAY_OFF": 3.23366633367, "DAY_TOT": 4.72567432567, "LAT": 35.036082533200002, "LONG": -106.73836124100001 }, "geometry": { "type": "Point", "coordinates": [ -106.738361240742591, 35.036082533175154 ] } },
{ "type": "Feature", "properties": { "ROUTE": 198.0, "DAY": "WKDY", "DIR": "Inbound", "STOP": 14.0, "STOPNAME": "AMOLE MESA @ MESSINA", "DAY_ON": 0.08333333333, "DAY_OFF": 0.83333333333000004, "DAY_TOT": 0.91666666666999996, "LAT": 35.0370686869, "LONG": -106.744968687 }, "geometry": { "type": "Point", "coordinates": [ -106.744968686868688, 35.037068686868693 ] } },
{ "type": "Feature", "properties": { "ROUTE": 198.0, "DAY": "WKDY", "DIR": "Inbound", "STOP": 15.0, "STOPNAME": "118TH @ GAYLE", "DAY_ON": 0.16666666667, "DAY_OFF": 0.80303030303, "DAY_TOT": 0.9696969697, "LAT": 35.031431456200004, "LONG": -106.753905833 }, "geometry": { "type": "Point", "coordinates": [ -106.753905833333349, 35.031431456228951 ] } },
{ "type": "Feature", "properties": { "ROUTE": 198.0, "DAY": "WKDY", "DIR": "Inbound", "STOP": 16.0, "STOPNAME": "DENNIS CHAVEZ @ 118TH", "DAY_ON": 0.0, "DAY_OFF": 0.58076923076999998, "DAY_TOT": 0.58076923076999998, "LAT": 35.024493316200001, "LONG": -106.75217843199999 }, "geometry": { "type": "Point", "coordinates": [ -106.752178431623932, 35.024493316239315 ] } },
{ "type": "Feature", "properties": { "ROUTE": 198.0, "DAY": "WKDY", "DIR": "Inbound", "STOP": 17.0, "STOPNAME": "98TH @ COLOBEL", "DAY_ON": 1.0934065934099999, "DAY_OFF": 1.6183816183799999, "DAY_TOT": 2.7117882117900001, "LAT": 35.032731870699998, "LONG": -106.73982021099999 }, "geometry": { "type": "Point", "coordinates": [ -106.73982021062271, 35.032731870727318 ] } },
{ "type": "Feature", "properties": { "ROUTE": 198.0, "DAY": "WKDY", "DIR": "Inbound", "STOP": 18.0, "STOPNAME": "98TH @ RIO CLARA", "DAY_ON": 3.9498001998, "DAY_OFF": 2.7261904761900002, "DAY_TOT": 6.6759906759899996, "LAT": 35.028216313999998, "LONG": -106.740446202 }, "geometry": { "type": "Point", "coordinates": [ -106.740446201886357, 35.028216313980138 ] } },
{ "type": "Feature", "properties": { "ROUTE": 198.0, "DAY": "WKDY", "DIR": "Inbound", "STOP": 19.0, "STOPNAME": "98TH @ DENNIS CHAVEZ", "DAY_ON": 3.2610722610699998, "DAY_OFF": 6.9629537129500001, "DAY_TOT": 10.224025974, "LAT": 35.025781076100003, "LONG": -106.740396541 }, "geometry": { "type": "Point", "coordinates": [ -106.740396540861113, 35.025781076080776 ] } },
{ "type": "Feature", "properties": { "ROUTE": 198.0, "DAY": "WKDY", "DIR": "Inbound", "STOP": 20.0, "STOPNAME": "DENNIS CHAVEZ @ UNSER", "DAY_ON": 1.76448551449, "DAY_OFF": 2.7097069597100001, "DAY_TOT": 4.4741924741899997, "LAT": 35.024617882400001, "LONG": -106.73176490500001 }, "geometry": { "type": "Point", "coordinates": [ -106.731764904654156, 35.024617882411704 ] } },
{ "type": "Feature", "properties": { "ROUTE": 198.0, "DAY": "WKDY", "DIR": "Inbound", "STOP": 21.0, "STOPNAME": "DENNIS CHAVEZ @ CONDERSHIRE", "DAY_ON": 0.21978021978000001, "DAY_OFF": 0.07142857143, "DAY_TOT": 0.29120879120999998, "LAT": 35.024694387899999, "LONG": -106.72416404400001 }, "geometry": { "type": "Point", "coordinates": [ -106.724164044093186, 35.024694387867036 ] } },
{ "type": "Feature", "properties": { "ROUTE": 198.0, "DAY": "WKDY", "DIR": "Inbound", "STOP": 22.0, "STOPNAME": "LAMONICA @ LORIS", "DAY_ON": 0.21428571429000001, "DAY_OFF": 26.562271062299999, "DAY_TOT": 26.7765567766, "LAT": 35.0251294802, "LONG": -106.711362356 }, "geometry": { "type": "Point", "coordinates": [ -106.711362356173254, 35.025129480176687 ] } },
{ "type": "Feature", "properties": { "ROUTE": 790.0, "DAY": "WKDY", "DIR": "Outbound", "STOP": 1.0, "STOPNAME": "NW TRANSIT CENTER", "DAY_ON": 34.159090909100001, "DAY_OFF": 0.0, "DAY_TOT": 34.159090909100001, "LAT": 35.206711620999997, "LONG": -106.659906276 }, "geometry": { "type": "Point", "coordinates": [ -106.659906276223779, 35.206711621017874 ] } },
{ "type": "Feature", "properties": { "ROUTE": 790.0, "DAY": "WKDY", "DIR": "Outbound", "STOP": 2.0, "STOPNAME": "7 BAR @ COTTONWOOD DR", "DAY_ON": 7.9684343434300002, "DAY_OFF": 0.41792929292999997, "DAY_TOT": 8.3863636363600005, "LAT": 35.200240278700001, "LONG": -106.65562819199999 }, "geometry": { "type": "Point", "coordinates": [ -106.655628191530695, 35.200240278749028 ] } },
{ "type": "Feature", "properties": { "ROUTE": 790.0, "DAY": "WKDY", "DIR": "Outbound", "STOP": 3.0, "STOPNAME": "COORS @ IRVING", "DAY_ON": 6.3623737373699996, "DAY_OFF": 1.04419191919, "DAY_TOT": 7.4065656565699998, "LAT": 35.184356760900002, "LONG": -106.66471056 }, "geometry": { "type": "Point", "coordinates": [ -106.664710560411805, 35.184356760878011 ] } },
{ "type": "Feature", "properties": { "ROUTE": 790.0, "DAY": "WKDY", "DIR": "Outbound", "STOP": 4.0, "STOPNAME": "COORS @ EAGLE RANCH", "DAY_ON": 3.4267676767699999, "DAY_OFF": 0.64646464647000002, "DAY_TOT": 4.0732323232300001, "LAT": 35.1739377914, "LONG": -106.67391447599999 }, "geometry": { "type": "Point", "coordinates": [ -106.673914475524484, 35.173937791375288 ] } },
{ "type": "Feature", "properties": { "ROUTE": 790.0, "DAY": "WKDY", "DIR": "Outbound", "STOP": 5.0, "STOPNAME": "COORS @ MONTANO PLAZA", "DAY_ON": 3.9810606060599998, "DAY_OFF": 1.2462121212099999, "DAY_TOT": 5.2272727272699999, "LAT": 35.1537249446, "LONG": -106.68327527300001 }, "geometry": { "type": "Point", "coordinates": [ -106.68327527292152, 35.153724944638697 ] } },
{ "type": "Feature", "properties": { "ROUTE": 790.0, "DAY": "WKDY", "DIR": "Outbound", "STOP": 6.0, "STOPNAME": "COORS @ DELLYNE", "DAY_ON": 2.4217171717200001, "DAY_OFF": 0.33333333332999998, "DAY_TOT": 2.7550505050499998, "LAT": 35.1448650544, "LONG": -106.693303636 }, "geometry": { "type": "Point", "coordinates": [ -106.693303636363666, 35.144865054390038 ] } },
{ "type": "Feature", "properties": { "ROUTE": 790.0, "DAY": "WKDY", "DIR": "Outbound", "STOP": 7.0, "STOPNAME": "COORS @ ST JOSEPHS", "DAY_ON": 0.80176767677000005, "DAY_OFF": 0.49494949495000001, "DAY_TOT": 1.2967171717199999, "LAT": 35.127488529499999, "LONG": -106.70177120300001 }, "geometry": { "type": "Point", "coordinates": [ -106.701771203379948, 35.12748852952604 ] } },
{ "type": "Feature", "properties": { "ROUTE": 790.0, "DAY": "WKDY", "DIR": "Outbound", "STOP": 8.0, "STOPNAME": "COORS @ SEQUOIA", "DAY_ON": 12.9419191919, "DAY_OFF": 3.125, "DAY_TOT": 16.066919191899999, "LAT": 35.1207416783, "LONG": -106.70179000500001 }, "geometry": { "type": "Point", "coordinates": [ -106.701790004856264, 35.120741678321679 ] } },
{ "type": "Feature", "properties": { "ROUTE": 790.0, "DAY": "WKDY", "DIR": "Outbound", "STOP": 9.0, "STOPNAME": "RIO GRANDE @ ZEARING", "DAY_ON": 1.28661616162, "DAY_OFF": 4.5176767676800003, "DAY_TOT": 5.8042929292899998, "LAT": 35.102579562000003, "LONG": -106.67082512 }, "geometry": { "type": "Point", "coordinates": [ -106.670825120435126, 35.102579561965818 ] } },
{ "type": "Feature", "properties": { "ROUTE": 790.0, "DAY": "WKDY", "DIR": "Outbound", "STOP": 10.0, "STOPNAME": "CENTRAL @ RIO GRANDE", "DAY_ON": 1.62373737374, "DAY_OFF": 9.6767676767699999, "DAY_TOT": 11.3005050505, "LAT": 35.094762558299998, "LONG": -106.67062882899999 }, "geometry": { "type": "Point", "coordinates": [ -106.670628828671312, 35.094762558275065 ] } },
{ "type": "Feature", "properties": { "ROUTE": 790.0, "DAY": "WKDY", "DIR": "Outbound", "STOP": 11.0, "STOPNAME": "LOMAS @ 4TH", "DAY_ON": 2.0, "DAY_OFF": 6.6616161616199996, "DAY_TOT": 8.6616161616199996, "LAT": 35.090897539799997, "LONG": -106.648721739 }, "geometry": { "type": "Point", "coordinates": [ -106.648721738539251, 35.090897539821292 ] } },
{ "type": "Feature", "properties": { "ROUTE": 790.0, "DAY": "WKDY", "DIR": "Outbound", "STOP": 12.0, "STOPNAME": "UNIVERSITY @ LOMAS", "DAY_ON": 3.92424242424, "DAY_OFF": 5.6906565656600003, "DAY_TOT": 9.6148989899000004, "LAT": 35.089881753100002, "LONG": -106.62556773 }, "geometry": { "type": "Point", "coordinates": [ -106.625567730186475, 35.089881753108003 ] } },
{ "type": "Feature", "properties": { "ROUTE": 790.0, "DAY": "WKDY", "DIR": "Outbound", "STOP": 13.0, "STOPNAME": "UNIVERSITY @ LAS LOMAS", "DAY_ON": 0.31313131312999998, "DAY_OFF": 5.7676767676800003, "DAY_TOT": 6.0808080808099998, "LAT": 35.087085924599997, "LONG": -106.625628343 }, "geometry": { "type": "Point", "coordinates": [ -106.625628343045847, 35.087085924630919 ] } },
{ "type": "Feature", "properties": { "ROUTE": 790.0, "DAY": "WKDY", "DIR": "Outbound", "STOP": 14.0, "STOPNAME": "UNIVERSITY @ MARTIN LUTHER K", "DAY_ON": 0.48611111111, "DAY_OFF": 8.7664141414099994, "DAY_TOT": 9.2525252525300008, "LAT": 35.083664169599999, "LONG": -106.62639867599999 }, "geometry": { "type": "Point", "coordinates": [ -106.626398676184934, 35.083664169580416 ] } },
{ "type": "Feature", "properties": { "ROUTE": 790.0, "DAY": "WKDY", "DIR": "Outbound", "STOP": 15.0, "STOPNAME": "UNIVERSITY @ CENTRAL", "DAY_ON": 1.9648989899, "DAY_OFF": 8.2934343434300004, "DAY_TOT": 10.2583333333, "LAT": 35.081598323000001, "LONG": -106.626889272 }, "geometry": { "type": "Point", "coordinates": [ -106.626889271950262, 35.081598323038079 ] } },
{ "type": "Feature", "properties": { "ROUTE": 790.0, "DAY": "WKDY", "DIR": "Outbound", "STOP": 16.0, "STOPNAME": "UNIVERSITY @ COAL", "DAY_ON": 0.11111111111, "DAY_OFF": 5.2954545454500002, "DAY_TOT": 5.4065656565699998, "LAT": 35.0755305526, "LONG": -106.62809847299999 }, "geometry": { "type": "Point", "coordinates": [ -106.628098473193475, 35.075530552641808 ] } },
{ "type": "Feature", "properties": { "ROUTE": 790.0, "DAY": "WKDY", "DIR": "Outbound", "STOP": 17.0, "STOPNAME": "UNIVERSITY @ BASEHART", "DAY_ON": 0.38383838384000002, "DAY_OFF": 5.5808080808099998, "DAY_TOT": 5.9646464646500004, "LAT": 35.073398334300002, "LONG": -106.629774916 }, "geometry": { "type": "Point", "coordinates": [ -106.629774915501159, 35.073398334304585 ] } },
{ "type": "Feature", "properties": { "ROUTE": 790.0, "DAY": "WKDY", "DIR": "Outbound", "STOP": 18.0, "STOPNAME": "BASEHART @ UNIVERSITY", "DAY_ON": 0.0, "DAY_OFF": 12.568181818199999, "DAY_TOT": 12.568181818199999, "LAT": 35.072865966400002, "LONG": -106.63150227600001 }, "geometry": { "type": "Point", "coordinates": [ -106.631502275641026, 35.072865966394716 ] } },
{ "type": "Feature", "properties": { "ROUTE": 790.0, "DAY": "WKDY", "DIR": "Inbound", "STOP": 1.0, "STOPNAME": "BASEHART @ UNIVERSITY", "DAY_ON": 11.476010101, "DAY_OFF": 0.0, "DAY_TOT": 11.476010101, "LAT": 35.072943841300003, "LONG": -106.631071561 }, "geometry": { "type": "Point", "coordinates": [ -106.631071560800294, 35.072943841297587 ] } },
{ "type": "Feature", "properties": { "ROUTE": 790.0, "DAY": "WKDY", "DIR": "Inbound", "STOP": 2.0, "STOPNAME": "UNIVERSITY @ BASEHART", "DAY_ON": 10.121212121199999, "DAY_OFF": 0.27272727273000003, "DAY_TOT": 10.3939393939, "LAT": 35.0735942628, "LONG": -106.62945760700001 }, "geometry": { "type": "Point", "coordinates": [ -106.62945760683759, 35.073594262820514 ] } },
{ "type": "Feature", "properties": { "ROUTE": 790.0, "DAY": "WKDY", "DIR": "Inbound", "STOP": 3.0, "STOPNAME": "UNIVERSITY @ COAL", "DAY_ON": 2.6603535353500001, "DAY_OFF": 0.18181818182000001, "DAY_TOT": 2.8421717171699998, "LAT": 35.075091945600001, "LONG": -106.628151542 }, "geometry": { "type": "Point", "coordinates": [ -106.628151541569565, 35.075091945609941 ] } },
{ "type": "Feature", "properties": { "ROUTE": 790.0, "DAY": "WKDY", "DIR": "Inbound", "STOP": 4.0, "STOPNAME": "UNIVERSITY @ CENTRAL", "DAY_ON": 10.153030303, "DAY_OFF": 2.22601010101, "DAY_TOT": 12.379040404, "LAT": 35.081702097499999, "LONG": -106.62664662500001 }, "geometry": { "type": "Point", "coordinates": [ -106.626646625485606, 35.081702097513578 ] } },
{ "type": "Feature", "properties": { "ROUTE": 790.0, "DAY": "WKDY", "DIR": "Inbound", "STOP": 5.0, "STOPNAME": "UNIVERSITY @ MARTIN LUTHER K", "DAY_ON": 10.572979798, "DAY_OFF": 0.20202020202000001, "DAY_TOT": 10.775, "LAT": 35.084515639099997, "LONG": -106.62593162899999 }, "geometry": { "type": "Point", "coordinates": [ -106.625931628787882, 35.084515639083143 ] } },
{ "type": "Feature", "properties": { "ROUTE": 790.0, "DAY": "WKDY", "DIR": "Inbound", "STOP": 6.0, "STOPNAME": "UNIVERSITY @ LAS LOMAS", "DAY_ON": 1.71616161616, "DAY_OFF": 0.33333333332999998, "DAY_TOT": 2.0494949494900001, "LAT": 35.0867583104, "LONG": -106.625506051 }, "geometry": { "type": "Point", "coordinates": [ -106.625506051087797, 35.086758310411817 ] } },
{ "type": "Feature", "properties": { "ROUTE": 790.0, "DAY": "WKDY", "DIR": "Inbound", "STOP": 7.0, "STOPNAME": "LOMAS @ UNIVERSITY", "DAY_ON": 4.1148989899000004, "DAY_OFF": 3.9696969697000002, "DAY_TOT": 8.0845959595999997, "LAT": 35.090602518499999, "LONG": -106.626099121 }, "geometry": { "type": "Point", "coordinates": [ -106.626099121017873, 35.090602518453764 ] } },
{ "type": "Feature", "properties": { "ROUTE": 790.0, "DAY": "WKDY", "DIR": "Inbound", "STOP": 8.0, "STOPNAME": "LOMAS @ 4TH", "DAY_ON": 6.8598484848499997, "DAY_OFF": 1.7462121212099999, "DAY_TOT": 8.6060606060599998, "LAT": 35.0909889044, "LONG": -106.648137312 }, "geometry": { "type": "Point", "coordinates": [ -106.648137311577315, 35.090988904428905 ] } },
{ "type": "Feature", "properties": { "ROUTE": 790.0, "DAY": "WKDY", "DIR": "Inbound", "STOP": 9.0, "STOPNAME": "CENTRAL @ RIO GRANDE", "DAY_ON": 8.4154040404000003, "DAY_OFF": 2.2727272727300001, "DAY_TOT": 10.6881313131, "LAT": 35.094816385999998, "LONG": -106.67051324000001 }, "geometry": { "type": "Point", "coordinates": [ -106.670513240093229, 35.094816385975136 ] } },
{ "type": "Feature", "properties": { "ROUTE": 790.0, "DAY": "WKDY", "DIR": "Inbound", "STOP": 10.0, "STOPNAME": "RIO GRANDE @ BELLAMAH", "DAY_ON": 2.05050505051, "DAY_OFF": 1.3838383838399999, "DAY_TOT": 3.4343434343400001, "LAT": 35.100670302600001, "LONG": -106.67062149 }, "geometry": { "type": "Point", "coordinates": [ -106.670621490287516, 35.100670302641802 ] } },
{ "type": "Feature", "properties": { "ROUTE": 790.0, "DAY": "WKDY", "DIR": "Inbound", "STOP": 11.0, "STOPNAME": "COORS @ SEQUOIA", "DAY_ON": 2.99873737374, "DAY_OFF": 10.0214646465, "DAY_TOT": 13.020202020199999, "LAT": 35.122176854099997, "LONG": -106.701499735 }, "geometry": { "type": "Point", "coordinates": [ -106.701499734848483, 35.122176854118102 ] } },
{ "type": "Feature", "properties": { "ROUTE": 790.0, "DAY": "WKDY", "DIR": "Inbound", "STOP": 12.0, "STOPNAME": "COORS @ ST. JOSEPHS", "DAY_ON": 0.89898989899000004, "DAY_OFF": 0.76767676768000004, "DAY_TOT": 1.6666666666700001, "LAT": 35.129062462100002, "LONG": -106.70153772099999 }, "geometry": { "type": "Point", "coordinates": [ -106.701537721445234, 35.129062462121219 ] } },
{ "type": "Feature", "properties": { "ROUTE": 790.0, "DAY": "WKDY", "DIR": "Inbound", "STOP": 13.0, "STOPNAME": "COORS @ BOSQUE SCHOOL RD.", "DAY_ON": 0.09090909091, "DAY_OFF": 2.2828282828300002, "DAY_TOT": 2.37373737374, "LAT": 35.145477523300002, "LONG": -106.69190141599999 }, "geometry": { "type": "Point", "coordinates": [ -106.691901416083908, 35.145477523310028 ] } },
{ "type": "Feature", "properties": { "ROUTE": 790.0, "DAY": "WKDY", "DIR": "Inbound", "STOP": 14.0, "STOPNAME": "COORS @ MONTANO PLAZA", "DAY_ON": 1.46843434343, "DAY_OFF": 5.4204545454500002, "DAY_TOT": 6.8888888888900004, "LAT": 35.152671811399998, "LONG": -106.683648586 }, "geometry": { "type": "Point", "coordinates": [ -106.683648585858606, 35.152671811383058 ] } },
{ "type": "Feature", "properties": { "ROUTE": 790.0, "DAY": "WKDY", "DIR": "Inbound", "STOP": 15.0, "STOPNAME": "COORS @ CAMINITO COORS", "DAY_ON": 0.18181818182000001, "DAY_OFF": 1.9671717171700001, "DAY_TOT": 2.14898989899, "LAT": 35.172250765299999, "LONG": -106.674286056 }, "geometry": { "type": "Point", "coordinates": [ -106.674286055749832, 35.172250765345765 ] } },
{ "type": "Feature", "properties": { "ROUTE": 790.0, "DAY": "WKDY", "DIR": "Inbound", "STOP": 16.0, "STOPNAME": "COORS @ IRVING", "DAY_ON": 2.0782828282799999, "DAY_OFF": 3.1957070707100002, "DAY_TOT": 5.27398989899, "LAT": 35.186415450699997, "LONG": -106.662128771 }, "geometry": { "type": "Point", "coordinates": [ -106.662128771367506, 35.186415450660455 ] } },
{ "type": "Feature", "properties": { "ROUTE": 790.0, "DAY": "WKDY", "DIR": "Inbound", "STOP": 17.0, "STOPNAME": "SEVEN BAR LOOP @ COTTONWOOD", "DAY_ON": 0.75757575757999995, "DAY_OFF": 10.868686868699999, "DAY_TOT": 11.626262626300001, "LAT": 35.200583910299997, "LONG": -106.655872278 }, "geometry": { "type": "Point", "coordinates": [ -106.655872277583512, 35.200583910256405 ] } },
{ "type": "Feature", "properties": { "ROUTE": 790.0, "DAY": "WKDY", "DIR": "Inbound", "STOP": 18.0, "STOPNAME": "NW TRANSIT CENTER", "DAY_ON": 0.0, "DAY_OFF": 32.602272727299997, "DAY_TOT": 32.602272727299997, "LAT": 35.2067148135, "LONG": -106.660152997 }, "geometry": { "type": "Point", "coordinates": [ -106.66015299728052, 35.206714813519802 ] } },
{ "type": "Feature", "properties": { "ROUTE": 766.0, "DAY": "WKDY", "DIR": "Outbound", "STOP": 1.0, "STOPNAME": "CUTC BAY A", "DAY_ON": 187.10796713900001, "DAY_OFF": 0.03846153846, "DAY_TOT": 187.14642867699999, "LAT": 35.0785235317, "LONG": -106.725098965 }, "geometry": { "type": "Point", "coordinates": [ -106.725098964746863, 35.078523531663798 ] } },
{ "type": "Feature", "properties": { "ROUTE": 766.0, "DAY": "WKDY", "DIR": "Outbound", "STOP": 2.0, "STOPNAME": "ART - WEST CENTRAL STATION", "DAY_ON": 164.98779338099999, "DAY_OFF": 30.394108884200001, "DAY_TOT": 195.38190226500001, "LAT": 35.080025292000002, "LONG": -106.710040338 }, "geometry": { "type": "Point", "coordinates": [ -106.710040337649176, 35.080025292021169 ] } },
{ "type": "Feature", "properties": { "ROUTE": 766.0, "DAY": "WKDY", "DIR": "Outbound", "STOP": 3.0, "STOPNAME": "ART - THE BLUFFS STATION", "DAY_ON": 53.562986953500001, "DAY_OFF": 15.387292332299999, "DAY_TOT": 68.950279285799994, "LAT": 35.0826638817, "LONG": -106.69826145899999 }, "geometry": { "type": "Point", "coordinates": [ -106.698261459147119, 35.082663881714005 ] } },
{ "type": "Feature", "properties": { "ROUTE": 766.0, "DAY": "WKDY", "DIR": "Outbound", "STOP": 4.0, "STOPNAME": "ART - TOWN OF ATRISCO STATIO", "DAY_ON": 97.75600791, "DAY_OFF": 44.212135823099999, "DAY_TOT": 141.96814373300001, "LAT": 35.085743018199999, "LONG": -106.68507642900001 }, "geometry": { "type": "Point", "coordinates": [ -106.685076428762059, 35.085743018204539 ] } },
{ "type": "Feature", "properties": { "ROUTE": 766.0, "DAY": "WKDY", "DIR": "Outbound", "STOP": 5.0, "STOPNAME": "ART - BIOPARK STATION", "DAY_ON": 25.027996929299999, "DAY_OFF": 12.047241747299999, "DAY_TOT": 37.075238676600001, "LAT": 35.093110595500001, "LONG": -106.678054008 }, "geometry": { "type": "Point", "coordinates": [ -106.678054008307697, 35.093110595464651 ] } },
{ "type": "Feature", "properties": { "ROUTE": 766.0, "DAY": "WKDY", "DIR": "Outbound", "STOP": 6.0, "STOPNAME": "ART - OLD TOWN STATION", "DAY_ON": 59.861491750799999, "DAY_OFF": 26.457848392799999, "DAY_TOT": 86.319340143600002, "LAT": 35.094257790599997, "LONG": -106.66995395 }, "geometry": { "type": "Point", "coordinates": [ -106.669953950466592, 35.094257790552696 ] } },
{ "type": "Feature", "properties": { "ROUTE": 766.0, "DAY": "WKDY", "DIR": "Outbound", "STOP": 7.0, "STOPNAME": "ART - WEST DOWNTOWN STATION", "DAY_ON": 20.164445736099999, "DAY_OFF": 10.9865663868, "DAY_TOT": 31.151012122899999, "LAT": 35.0895933404, "LONG": -106.664194108 }, "geometry": { "type": "Point", "coordinates": [ -106.664194108307512, 35.089593340389861 ] } },
{ "type": "Feature", "properties": { "ROUTE": 766.0, "DAY": "WKDY", "DIR": "Outbound", "STOP": 8.0, "STOPNAME": "ART - BARELAS STATION", "DAY_ON": 71.86505815, "DAY_OFF": 47.237362864600001, "DAY_TOT": 119.102421015, "LAT": 35.083880185600002, "LONG": -106.654386508 }, "geometry": { "type": "Point", "coordinates": [ -106.654386507976284, 35.083880185593841 ] } },
{ "type": "Feature", "properties": { "ROUTE": 766.0, "DAY": "WKDY", "DIR": "Outbound", "STOP": 9.0, "STOPNAME": "ART - ALVARADO TRANSPORTATIO", "DAY_ON": 324.61128645399998, "DAY_OFF": 149.267754459, "DAY_TOT": 473.87904091299998, "LAT": 35.083526129799999, "LONG": -106.648109445 }, "geometry": { "type": "Point", "coordinates": [ -106.6481094451171, 35.083526129838106 ] } },
{ "type": "Feature", "properties": { "ROUTE": 766.0, "DAY": "WKDY", "DIR": "Outbound", "STOP": 10.0, "STOPNAME": "ART - EDO STATION", "DAY_ON": 84.535478444700004, "DAY_OFF": 34.85221669, "DAY_TOT": 119.387695135, "LAT": 35.083180593500003, "LONG": -106.640967765 }, "geometry": { "type": "Point", "coordinates": [ -106.640967764742996, 35.083180593463574 ] } },
{ "type": "Feature", "properties": { "ROUTE": 766.0, "DAY": "WKDY", "DIR": "Outbound", "STOP": 11.0, "STOPNAME": "ART - PRESBYTERIAN STATION", "DAY_ON": 46.311767631899997, "DAY_OFF": 30.919002321200001, "DAY_TOT": 77.230769953000006, "LAT": 35.0821605987, "LONG": -106.632952528 }, "geometry": { "type": "Point", "coordinates": [ -106.632952527501516, 35.082160598734674 ] } },
{ "type": "Feature", "properties": { "ROUTE": 766.0, "DAY": "WKDY", "DIR": "Outbound", "STOP": 12.0, "STOPNAME": "ART - UNM / CNM STATION", "DAY_ON": 59.076747794, "DAY_OFF": 53.416142735800001, "DAY_TOT": 112.49289053, "LAT": 35.081292625499998, "LONG": -106.62636111099999 }, "geometry": { "type": "Point", "coordinates": [ -106.626361110815324, 35.081292625541167 ] } },
{ "type": "Feature", "properties": { "ROUTE": 766.0, "DAY": "WKDY", "DIR": "Outbound", "STOP": 13.0, "STOPNAME": "ART - UNM POPEJOY STATION", "DAY_ON": 131.06192436500001, "DAY_OFF": 123.40072746, "DAY_TOT": 254.46265182400001, "LAT": 35.0810102465, "LONG": -106.61981781 }, "geometry": { "type": "Point", "coordinates": [ -106.619817809930154, 35.081010246456536 ] } },
{ "type": "Feature", "properties": { "ROUTE": 766.0, "DAY": "WKDY", "DIR": "Outbound", "STOP": 14.0, "STOPNAME": "ART - NOB HILL STATION", "DAY_ON": 52.742376720800003, "DAY_OFF": 56.112831228200001, "DAY_TOT": 108.855207949, "LAT": 35.080435553500003, "LONG": -106.609504512 }, "geometry": { "type": "Point", "coordinates": [ -106.609504511518423, 35.080435553527238 ] } },
{ "type": "Feature", "properties": { "ROUTE": 766.0, "DAY": "WKDY", "DIR": "Outbound", "STOP": 15.0, "STOPNAME": "ART - NOB HILL EAST STATION", "DAY_ON": 41.012001462299999, "DAY_OFF": 36.29201864, "DAY_TOT": 77.304020102300001, "LAT": 35.0794849296, "LONG": -106.602105998 }, "geometry": { "type": "Point", "coordinates": [ -106.602105997674741, 35.079484929643087 ] } },
{ "type": "Feature", "properties": { "ROUTE": 766.0, "DAY": "WKDY", "DIR": "Outbound", "STOP": 16.0, "STOPNAME": "ART - HIGHLAND STATION", "DAY_ON": 29.1053874865, "DAY_OFF": 36.279410253499996, "DAY_TOT": 65.38479774, "LAT": 35.0787976465, "LONG": -106.59558343 }, "geometry": { "type": "Point", "coordinates": [ -106.595583429915436, 35.078797646453772 ] } },
{ "type": "Feature", "properties": { "ROUTE": 766.0, "DAY": "WKDY", "DIR": "Outbound", "STOP": 17.0, "STOPNAME": "ART - SAN MATEO STATION", "DAY_ON": 149.39398632199999, "DAY_OFF": 193.39582027700001, "DAY_TOT": 342.78980659899997, "LAT": 35.077820510800002, "LONG": -106.58658730800001 }, "geometry": { "type": "Point", "coordinates": [ -106.586587308457283, 35.077820510787149 ] } },
{ "type": "Feature", "properties": { "ROUTE": 766.0, "DAY": "WKDY", "DIR": "Outbound", "STOP": 18.0, "STOPNAME": "ART - SAN PEDRO STATION", "DAY_ON": 94.617447696499994, "DAY_OFF": 163.32262011399999, "DAY_TOT": 257.94006781100001, "LAT": 35.076999948900003, "LONG": -106.57916901500001 }, "geometry": { "type": "Point", "coordinates": [ -106.579169015335822, 35.076999948882602 ] } },
{ "type": "Feature", "properties": { "ROUTE": 766.0, "DAY": "WKDY", "DIR": "Outbound", "STOP": 19.0, "STOPNAME": "ART - INTERNATIONAL DISTRICT", "DAY_ON": 205.19469163799999, "DAY_OFF": 303.09228987500001, "DAY_TOT": 508.286981513, "LAT": 35.0759530451, "LONG": -106.569008487 }, "geometry": { "type": "Point", "coordinates": [ -106.569008487292791, 35.07595304507354 ] } },
{ "type": "Feature", "properties": { "ROUTE": 766.0, "DAY": "WKDY", "DIR": "Outbound", "STOP": 20.0, "STOPNAME": "LOUISIANA @ LOMAS", "DAY_ON": 28.5443321576, "DAY_OFF": 138.28412221599999, "DAY_TOT": 166.82845437399999, "LAT": 35.086823439299998, "LONG": -106.56852818199999 }, "geometry": { "type": "Point", "coordinates": [ -106.568528181694802, 35.086823439345594 ] } },
{ "type": "Feature", "properties": { "ROUTE": 766.0, "DAY": "WKDY", "DIR": "Outbound", "STOP": 21.0, "STOPNAME": "INDIAN SCHOOL @ Q ST.", "DAY_ON": 7.6928106940600003, "DAY_OFF": 147.37195451100001, "DAY_TOT": 155.06476520499999, "LAT": 35.101823851200002, "LONG": -106.567067372 }, "geometry": { "type": "Point", "coordinates": [ -106.567067371755783, 35.101823851244205 ] } },
{ "type": "Feature", "properties": { "ROUTE": 766.0, "DAY": "WKDY", "DIR": "Outbound", "STOP": 22.0, "STOPNAME": "U.T.C. BAY C", "DAY_ON": 0.0, "DAY_OFF": 267.47479415700002, "DAY_TOT": 267.47479415700002, "LAT": 35.102876859399998, "LONG": -106.571251784 }, "geometry": { "type": "Point", "coordinates": [ -106.571251784162399, 35.102876859384395 ] } },
{ "type": "Feature", "properties": { "ROUTE": 766.0, "DAY": "WKDY", "DIR": "Inbound", "STOP": 1.0, "STOPNAME": "U.T.C. BAY C", "DAY_ON": 292.13592932500001, "DAY_OFF": 0.01086956522, "DAY_TOT": 292.14679889000001, "LAT": 35.102766104600001, "LONG": -106.571210265 }, "geometry": { "type": "Point", "coordinates": [ -106.571210265254422, 35.102766104588213 ] } },
{ "type": "Feature", "properties": { "ROUTE": 766.0, "DAY": "WKDY", "DIR": "Inbound", "STOP": 2.0, "STOPNAME": "INDIAN SCHOOL @ LOUISIANA", "DAY_ON": 111.431867443, "DAY_OFF": 10.5500306012, "DAY_TOT": 121.981898044, "LAT": 35.101602287399999, "LONG": -106.56769225 }, "geometry": { "type": "Point", "coordinates": [ -106.56769225030969, 35.101602287405839 ] } },
{ "type": "Feature", "properties": { "ROUTE": 766.0, "DAY": "WKDY", "DIR": "Inbound", "STOP": 3.0, "STOPNAME": "LOUISIANA @ LOMAS", "DAY_ON": 115.597104958, "DAY_OFF": 46.507572203400002, "DAY_TOT": 162.104677162, "LAT": 35.087574820999997, "LONG": -106.568801846 }, "geometry": { "type": "Point", "coordinates": [ -106.568801846076781, 35.087574820971938 ] } },
{ "type": "Feature", "properties": { "ROUTE": 766.0, "DAY": "WKDY", "DIR": "Inbound", "STOP": 4.0, "STOPNAME": "ART - INTERNATIONAL DISTRICT", "DAY_ON": 223.673828872, "DAY_OFF": 205.87070194399999, "DAY_TOT": 429.54453081600002, "LAT": 35.076010300599997, "LONG": -106.569380479 }, "geometry": { "type": "Point", "coordinates": [ -106.569380478527137, 35.076010300622407 ] } },
{ "type": "Feature", "properties": { "ROUTE": 766.0, "DAY": "WKDY", "DIR": "Inbound", "STOP": 5.0, "STOPNAME": "ART - SAN PEDRO STATION", "DAY_ON": 140.270280619, "DAY_OFF": 81.350510227399994, "DAY_TOT": 221.62079084699999, "LAT": 35.077064139800001, "LONG": -106.579287458 }, "geometry": { "type": "Point", "coordinates": [ -106.579287457800646, 35.077064139832174 ] } },
{ "type": "Feature", "properties": { "ROUTE": 766.0, "DAY": "WKDY", "DIR": "Inbound", "STOP": 6.0, "STOPNAME": "ART - SAN MATEO STATION", "DAY_ON": 175.96549216, "DAY_OFF": 113.226132261, "DAY_TOT": 289.19162442099997, "LAT": 35.077887108900001, "LONG": -106.586714441 }, "geometry": { "type": "Point", "coordinates": [ -106.586714440562545, 35.077887108938491 ] } },
{ "type": "Feature", "properties": { "ROUTE": 766.0, "DAY": "WKDY", "DIR": "Inbound", "STOP": 7.0, "STOPNAME": "ART - HIGHLAND STATION", "DAY_ON": 36.646987009100002, "DAY_OFF": 26.146802232700001, "DAY_TOT": 62.793789241799999, "LAT": 35.078856167700003, "LONG": -106.595694589 }, "geometry": { "type": "Point", "coordinates": [ -106.595694588673041, 35.078856167706192 ] } },
{ "type": "Feature", "properties": { "ROUTE": 766.0, "DAY": "WKDY", "DIR": "Inbound", "STOP": 8.0, "STOPNAME": "ART - NOB HILL EAST STATION", "DAY_ON": 41.923657868299998, "DAY_OFF": 31.446452987499999, "DAY_TOT": 73.370110855799993, "LAT": 35.079544672899999, "LONG": -106.602216975 }, "geometry": { "type": "Point", "coordinates": [ -106.60221697530018, 35.079544672883962 ] } },
{ "type": "Feature", "properties": { "ROUTE": 766.0, "DAY": "WKDY", "DIR": "Inbound", "STOP": 9.0, "STOPNAME": "ART - NOB HILL STATION", "DAY_ON": 42.083430327800002, "DAY_OFF": 38.4412263989, "DAY_TOT": 80.524656726700002, "LAT": 35.080502514499997, "LONG": -106.609621508 }, "geometry": { "type": "Point", "coordinates": [ -106.609621507888136, 35.080502514497944 ] } },
{ "type": "Feature", "properties": { "ROUTE": 766.0, "DAY": "WKDY", "DIR": "Inbound", "STOP": 10.0, "STOPNAME": "ART - UNM POPEJOY STATION", "DAY_ON": 100.752045251, "DAY_OFF": 114.371258966, "DAY_TOT": 215.12330421600001, "LAT": 35.081064011800002, "LONG": -106.620156151 }, "geometry": { "type": "Point", "coordinates": [ -106.620156150959929, 35.081064011769747 ] } },
{ "type": "Feature", "properties": { "ROUTE": 766.0, "DAY": "WKDY", "DIR": "Inbound", "STOP": 11.0, "STOPNAME": "ART - UNM / CNM STATION", "DAY_ON": 54.107361045700003, "DAY_OFF": 50.629998152399999, "DAY_TOT": 104.73735919799999, "LAT": 35.081363934400002, "LONG": -106.626490795 }, "geometry": { "type": "Point", "coordinates": [ -106.626490794742338, 35.081363934446017 ] } },
{ "type": "Feature", "properties": { "ROUTE": 766.0, "DAY": "WKDY", "DIR": "Inbound", "STOP": 12.0, "STOPNAME": "ART - PRESBYTERIAN STATION", "DAY_ON": 33.070844053499997, "DAY_OFF": 32.828236684300002, "DAY_TOT": 65.899080737800006, "LAT": 35.082231513099998, "LONG": -106.633073422 }, "geometry": { "type": "Point", "coordinates": [ -106.633073422108126, 35.082231513093063 ] } },
{ "type": "Feature", "properties": { "ROUTE": 766.0, "DAY": "WKDY", "DIR": "Inbound", "STOP": 13.0, "STOPNAME": "ART - EDO STATION", "DAY_ON": 29.796327339200001, "DAY_OFF": 59.537833681599999, "DAY_TOT": 89.334161020799996, "LAT": 35.0832535248, "LONG": -106.64107076800001 }, "geometry": { "type": "Point", "coordinates": [ -106.641070767551355, 35.083253524769731 ] } },
{ "type": "Feature", "properties": { "ROUTE": 766.0, "DAY": "WKDY", "DIR": "Inbound", "STOP": 14.0, "STOPNAME": "ART - DOWNTOWN STATION", "DAY_ON": 117.892437988, "DAY_OFF": 265.75637516299997, "DAY_TOT": 383.64881315100001, "LAT": 35.084802187900003, "LONG": -106.648003063 }, "geometry": { "type": "Point", "coordinates": [ -106.648003062930712, 35.08480218787782 ] } },
{ "type": "Feature", "properties": { "ROUTE": 766.0, "DAY": "WKDY", "DIR": "Inbound", "STOP": 15.0, "STOPNAME": "ART - MAIN LIBRARY STATION", "DAY_ON": 65.155357396499994, "DAY_OFF": 87.823255940899998, "DAY_TOT": 152.97861333700001, "LAT": 35.085880436099998, "LONG": -106.65356140599999 }, "geometry": { "type": "Point", "coordinates": [ -106.653561406217236, 35.085880436055689 ] } },
{ "type": "Feature", "properties": { "ROUTE": 766.0, "DAY": "WKDY", "DIR": "Inbound", "STOP": 16.0, "STOPNAME": "ART - WEST DOWNTOWN STATION", "DAY_ON": 14.062761565500001, "DAY_OFF": 21.0681378602, "DAY_TOT": 35.130899425700001, "LAT": 35.0897098668, "LONG": -106.664233975 }, "geometry": { "type": "Point", "coordinates": [ -106.664233974733762, 35.089709866807638 ] } },
{ "type": "Feature", "properties": { "ROUTE": 766.0, "DAY": "WKDY", "DIR": "Inbound", "STOP": 17.0, "STOPNAME": "ART - OLD TOWN STATION", "DAY_ON": 25.320675698599999, "DAY_OFF": 51.828395091799997, "DAY_TOT": 77.149070790400003, "LAT": 35.094363088500003, "LONG": -106.67001371400001 }, "geometry": { "type": "Point", "coordinates": [ -106.670013713986535, 35.094363088487789 ] } },
{ "type": "Feature", "properties": { "ROUTE": 766.0, "DAY": "WKDY", "DIR": "Inbound", "STOP": 18.0, "STOPNAME": "ART - BIOPARK STATION", "DAY_ON": 14.803851812, "DAY_OFF": 21.055772960399999, "DAY_TOT": 35.859624772399997, "LAT": 35.0930376142, "LONG": -106.678147903 }, "geometry": { "type": "Point", "coordinates": [ -106.678147903357811, 35.093037614170861 ] } },
{ "type": "Feature", "properties": { "ROUTE": 766.0, "DAY": "WKDY", "DIR": "Inbound", "STOP": 19.0, "STOPNAME": "ART - TOWN OF ATRISCO STATIO", "DAY_ON": 46.115394063700002, "DAY_OFF": 91.336668248400002, "DAY_TOT": 137.45206231200001, "LAT": 35.085746423000003, "LONG": -106.685218776 }, "geometry": { "type": "Point", "coordinates": [ -106.685218776008597, 35.085746423037463 ] } },
{ "type": "Feature", "properties": { "ROUTE": 766.0, "DAY": "WKDY", "DIR": "Inbound", "STOP": 20.0, "STOPNAME": "ART - THE BLUFFS STATION", "DAY_ON": 22.399593901700001, "DAY_OFF": 49.344654264200003, "DAY_TOT": 71.744248166000006, "LAT": 35.082689015299998, "LONG": -106.698361945 }, "geometry": { "type": "Point", "coordinates": [ -106.698361945480144, 35.082689015325478 ] } },
{ "type": "Feature", "properties": { "ROUTE": 766.0, "DAY": "WKDY", "DIR": "Inbound", "STOP": 21.0, "STOPNAME": "ART - WEST CENTRAL STATION", "DAY_ON": 29.113033104199999, "DAY_OFF": 175.69538889399999, "DAY_TOT": 204.808421998, "LAT": 35.080048357000003, "LONG": -106.71018125000001 }, "geometry": { "type": "Point", "coordinates": [ -106.710181250074911, 35.080048356958194 ] } },
{ "type": "Feature", "properties": { "ROUTE": 766.0, "DAY": "WKDY", "DIR": "Inbound", "STOP": 22.0, "STOPNAME": "CUTC BAY A", "DAY_ON": 0.10712461696, "DAY_OFF": 227.66449102799999, "DAY_TOT": 227.771615645, "LAT": 35.0786951965, "LONG": -106.725220642 }, "geometry": { "type": "Point", "coordinates": [ -106.72522064229419, 35.078695196547912 ] } },
{ "type": "Feature", "properties": { "ROUTE": 777.0, "DAY": "WKDY", "DIR": "Outbound", "STOP": 1.0, "STOPNAME": "CUTC BAY B", "DAY_ON": 211.039583755, "DAY_OFF": 0.0731797392, "DAY_TOT": 211.11276349400001, "LAT": 35.078769610800002, "LONG": -106.72521580199999 }, "geometry": { "type": "Point", "coordinates": [ -106.725215802453377, 35.078769610807576 ] } },
{ "type": "Feature", "properties": { "ROUTE": 777.0, "DAY": "WKDY", "DIR": "Outbound", "STOP": 2.0, "STOPNAME": "ART - WEST CENTRAL STATION", "DAY_ON": 165.478758298, "DAY_OFF": 27.026337875399999, "DAY_TOT": 192.505096173, "LAT": 35.080025425499997, "LONG": -106.710035934 }, "geometry": { "type": "Point", "coordinates": [ -106.710035933986489, 35.080025425527843 ] } },
{ "type": "Feature", "properties": { "ROUTE": 777.0, "DAY": "WKDY", "DIR": "Outbound", "STOP": 3.0, "STOPNAME": "ART - THE BLUFFS STATION", "DAY_ON": 53.075287733899998, "DAY_OFF": 15.036043269, "DAY_TOT": 68.111331002900002, "LAT": 35.082664150100001, "LONG": -106.698263479 }, "geometry": { "type": "Point", "coordinates": [ -106.698263478779069, 35.082664150072986 ] } },
{ "type": "Feature", "properties": { "ROUTE": 777.0, "DAY": "WKDY", "DIR": "Outbound", "STOP": 4.0, "STOPNAME": "ART - TOWN OF ATRISCO STATIO", "DAY_ON": 92.4672263418, "DAY_OFF": 42.460763055100003, "DAY_TOT": 134.927989397, "LAT": 35.085746677099998, "LONG": -106.685078867 }, "geometry": { "type": "Point", "coordinates": [ -106.685078866573846, 35.085746677116475 ] } },
{ "type": "Feature", "properties": { "ROUTE": 777.0, "DAY": "WKDY", "DIR": "Outbound", "STOP": 5.0, "STOPNAME": "ART - BIOPARK STATION", "DAY_ON": 25.364794245500001, "DAY_OFF": 12.437468862499999, "DAY_TOT": 37.802263107999998, "LAT": 35.093108886899998, "LONG": -106.678059229 }, "geometry": { "type": "Point", "coordinates": [ -106.67805922945108, 35.09310888691008 ] } },
{ "type": "Feature", "properties": { "ROUTE": 777.0, "DAY": "WKDY", "DIR": "Outbound", "STOP": 6.0, "STOPNAME": "ART - OLD TOWN STATION", "DAY_ON": 54.7082637078, "DAY_OFF": 25.4406837581, "DAY_TOT": 80.148947465800006, "LAT": 35.094258435299999, "LONG": -106.66995569 }, "geometry": { "type": "Point", "coordinates": [ -106.669955689564233, 35.094258435259341 ] } },
{ "type": "Feature", "properties": { "ROUTE": 777.0, "DAY": "WKDY", "DIR": "Outbound", "STOP": 7.0, "STOPNAME": "ART - WEST DOWNTOWN STATION", "DAY_ON": 18.235210065099999, "DAY_OFF": 9.7321468872899999, "DAY_TOT": 27.967356952399999, "LAT": 35.089599291900001, "LONG": -106.66420461600001 }, "geometry": { "type": "Point", "coordinates": [ -106.664204615783873, 35.089599291880802 ] } },
{ "type": "Feature", "properties": { "ROUTE": 777.0, "DAY": "WKDY", "DIR": "Outbound", "STOP": 8.0, "STOPNAME": "ART - BARELAS STATION", "DAY_ON": 66.936000265900006, "DAY_OFF": 43.756396585899999, "DAY_TOT": 110.692396852, "LAT": 35.083880307599998, "LONG": -106.654396908 }, "geometry": { "type": "Point", "coordinates": [ -106.654396907629845, 35.083880307553237 ] } },
{ "type": "Feature", "properties": { "ROUTE": 777.0, "DAY": "WKDY", "DIR": "Outbound", "STOP": 9.0, "STOPNAME": "ART - ALVARADO TRANSPORTATIO", "DAY_ON": 317.78139121200002, "DAY_OFF": 148.497953561, "DAY_TOT": 466.27934477299999, "LAT": 35.0835238369, "LONG": -106.648109396 }, "geometry": { "type": "Point", "coordinates": [ -106.64810939643948, 35.083523836899786 ] } },
{ "type": "Feature", "properties": { "ROUTE": 777.0, "DAY": "WKDY", "DIR": "Outbound", "STOP": 10.0, "STOPNAME": "ART - EDO STATION", "DAY_ON": 81.2810041348, "DAY_OFF": 31.790636214900001, "DAY_TOT": 113.07164035, "LAT": 35.0831808569, "LONG": -106.640964517 }, "geometry": { "type": "Point", "coordinates": [ -106.64096451670359, 35.083180856904299 ] } },
{ "type": "Feature", "properties": { "ROUTE": 777.0, "DAY": "WKDY", "DIR": "Outbound", "STOP": 11.0, "STOPNAME": "ART - PRESBYTERIAN STATION", "DAY_ON": 45.9777841314, "DAY_OFF": 28.845933878899999, "DAY_TOT": 74.823718010299999, "LAT": 35.082162548200003, "LONG": -106.63295396700001 }, "geometry": { "type": "Point", "coordinates": [ -106.632953966701393, 35.082162548186297 ] } },
{ "type": "Feature", "properties": { "ROUTE": 777.0, "DAY": "WKDY", "DIR": "Outbound", "STOP": 12.0, "STOPNAME": "ART - UNM / CNM STATION", "DAY_ON": 56.957424890399999, "DAY_OFF": 52.7311511837, "DAY_TOT": 109.688576074, "LAT": 35.081295294, "LONG": -106.626365824 }, "geometry": { "type": "Point", "coordinates": [ -106.626365824111659, 35.08129529398574 ] } },
{ "type": "Feature", "properties": { "ROUTE": 777.0, "DAY": "WKDY", "DIR": "Outbound", "STOP": 13.0, "STOPNAME": "ART - UNM POPEJOY STATION", "DAY_ON": 128.35694151499999, "DAY_OFF": 117.122826065, "DAY_TOT": 245.479767579, "LAT": 35.081011975199999, "LONG": -106.61981558700001 }, "geometry": { "type": "Point", "coordinates": [ -106.619815587040421, 35.081011975188432 ] } },
{ "type": "Feature", "properties": { "ROUTE": 777.0, "DAY": "WKDY", "DIR": "Outbound", "STOP": 14.0, "STOPNAME": "ART - NOB HILL STATION", "DAY_ON": 50.444011208600003, "DAY_OFF": 50.609457089599999, "DAY_TOT": 101.053468298, "LAT": 35.080436517199999, "LONG": -106.609503461 }, "geometry": { "type": "Point", "coordinates": [ -106.609503460754738, 35.080436517236961 ] } },
{ "type": "Feature", "properties": { "ROUTE": 777.0, "DAY": "WKDY", "DIR": "Outbound", "STOP": 15.0, "STOPNAME": "ART - NOB HILL EAST STATION", "DAY_ON": 39.417877717700001, "DAY_OFF": 34.288969383599998, "DAY_TOT": 73.706847101299999, "LAT": 35.079486252400002, "LONG": -106.60210971 }, "geometry": { "type": "Point", "coordinates": [ -106.602109710040537, 35.079486252425816 ] } },
{ "type": "Feature", "properties": { "ROUTE": 777.0, "DAY": "WKDY", "DIR": "Outbound", "STOP": 16.0, "STOPNAME": "ART - HIGHLAND STATION", "DAY_ON": 25.730757143999998, "DAY_OFF": 36.797424749599998, "DAY_TOT": 62.528181893599999, "LAT": 35.078798222099998, "LONG": -106.595583113 }, "geometry": { "type": "Point", "coordinates": [ -106.595583112651539, 35.078798222100694 ] } },
{ "type": "Feature", "properties": { "ROUTE": 777.0, "DAY": "WKDY", "DIR": "Outbound", "STOP": 17.0, "STOPNAME": "ART - SAN MATEO STATION", "DAY_ON": 170.93746614, "DAY_OFF": 193.59238167699999, "DAY_TOT": 364.52984781700002, "LAT": 35.077821008100003, "LONG": -106.586585266 }, "geometry": { "type": "Point", "coordinates": [ -106.58658526550748, 35.077821008112828 ] } },
{ "type": "Feature", "properties": { "ROUTE": 777.0, "DAY": "WKDY", "DIR": "Outbound", "STOP": 18.0, "STOPNAME": "ART - SAN PEDRO STATION", "DAY_ON": 107.337828731, "DAY_OFF": 156.557033945, "DAY_TOT": 263.894862676, "LAT": 35.0769993181, "LONG": -106.57917261199999 }, "geometry": { "type": "Point", "coordinates": [ -106.579172611906756, 35.076999318149134 ] } },
{ "type": "Feature", "properties": { "ROUTE": 777.0, "DAY": "WKDY", "DIR": "Outbound", "STOP": 19.0, "STOPNAME": "ART - INTERNATIONAL DISTRICT", "DAY_ON": 183.95686103400001, "DAY_OFF": 251.64323325199999, "DAY_TOT": 435.600094286, "LAT": 35.075912203900003, "LONG": -106.56898413099999 }, "geometry": { "type": "Point", "coordinates": [ -106.568984131398949, 35.075912203877671 ] } },
{ "type": "Feature", "properties": { "ROUTE": 777.0, "DAY": "WKDY", "DIR": "Outbound", "STOP": 20.0, "STOPNAME": "CENTRAL @ WYOMING", "DAY_ON": 73.904785323200002, "DAY_OFF": 176.60268058299999, "DAY_TOT": 250.50746590599999, "LAT": 35.073739844499997, "LONG": -106.549757258 }, "geometry": { "type": "Point", "coordinates": [ -106.549757257656012, 35.07373984450178 ] } },
{ "type": "Feature", "properties": { "ROUTE": 777.0, "DAY": "WKDY", "DIR": "Outbound", "STOP": 21.0, "STOPNAME": "CENTRAL @ EUBANK", "DAY_ON": 36.414872916599997, "DAY_OFF": 216.359219244, "DAY_TOT": 252.77409216000001, "LAT": 35.071782003700001, "LONG": -106.53173891900001 }, "geometry": { "type": "Point", "coordinates": [ -106.531738919034339, 35.071782003651855 ] } },
{ "type": "Feature", "properties": { "ROUTE": 777.0, "DAY": "WKDY", "DIR": "Outbound", "STOP": 22.0, "STOPNAME": "CENTRAL @ JUAN TABO", "DAY_ON": 11.3954863491, "DAY_OFF": 96.996830757799998, "DAY_TOT": 108.392317107, "LAT": 35.069921259700003, "LONG": -106.51437559 }, "geometry": { "type": "Point", "coordinates": [ -106.514375589643109, 35.069921259744369 ] } },
{ "type": "Feature", "properties": { "ROUTE": 777.0, "DAY": "WKDY", "DIR": "Outbound", "STOP": 23.0, "STOPNAME": "TRAMWAY @ WENONAH", "DAY_ON": 0.04421104055, "DAY_OFF": 200.22441937100001, "DAY_TOT": 200.26863041199999, "LAT": 35.066184058899999, "LONG": -106.498081622 }, "geometry": { "type": "Point", "coordinates": [ -106.498081621881639, 35.066184058872764 ] } },
{ "type": "Feature", "properties": { "ROUTE": 777.0, "DAY": "WKDY", "DIR": "Inbound", "STOP": 1.0, "STOPNAME": "TRAMWAY @ WENONAH", "DAY_ON": 129.73250973, "DAY_OFF": 0.06219433898, "DAY_TOT": 129.79470406900001, "LAT": 35.066160680700001, "LONG": -106.49814183399999 }, "geometry": { "type": "Point", "coordinates": [ -106.498141833619712, 35.066160680746215 ] } },
{ "type": "Feature", "properties": { "ROUTE": 777.0, "DAY": "WKDY", "DIR": "Inbound", "STOP": 2.0, "STOPNAME": "CENTRAL @ JUAN TABO", "DAY_ON": 96.085438183299999, "DAY_OFF": 7.4609601030199997, "DAY_TOT": 103.546398286, "LAT": 35.070264679899999, "LONG": -106.515664495 }, "geometry": { "type": "Point", "coordinates": [ -106.515664494625327, 35.070264679911965 ] } },
{ "type": "Feature", "properties": { "ROUTE": 777.0, "DAY": "WKDY", "DIR": "Inbound", "STOP": 3.0, "STOPNAME": "CENTRAL @ EUBANK", "DAY_ON": 187.92052402300001, "DAY_OFF": 32.723547045499998, "DAY_TOT": 220.64407106900001, "LAT": 35.072160133499999, "LONG": -106.533394469 }, "geometry": { "type": "Point", "coordinates": [ -106.533394468754636, 35.072160133467889 ] } },
{ "type": "Feature", "properties": { "ROUTE": 777.0, "DAY": "WKDY", "DIR": "Inbound", "STOP": 4.0, "STOPNAME": "CENTRAL @ WYOMING", "DAY_ON": 134.960336574, "DAY_OFF": 78.310126972500001, "DAY_TOT": 213.270463546, "LAT": 35.074060209700001, "LONG": -106.550923203 }, "geometry": { "type": "Point", "coordinates": [ -106.550923202764949, 35.074060209670684 ] } },
{ "type": "Feature", "properties": { "ROUTE": 777.0, "DAY": "WKDY", "DIR": "Inbound", "STOP": 5.0, "STOPNAME": "ART - INTERNATIONAL DISTRICT", "DAY_ON": 217.07669008600001, "DAY_OFF": 124.990934567, "DAY_TOT": 342.067624653, "LAT": 35.075998743500001, "LONG": -106.569368278 }, "geometry": { "type": "Point", "coordinates": [ -106.56936827792083, 35.075998743500882 ] } },
{ "type": "Feature", "properties": { "ROUTE": 777.0, "DAY": "WKDY", "DIR": "Inbound", "STOP": 6.0, "STOPNAME": "ART - SAN PEDRO STATION", "DAY_ON": 140.48785309199999, "DAY_OFF": 95.835814871599993, "DAY_TOT": 236.32366796400001, "LAT": 35.077064891600003, "LONG": -106.579295622 }, "geometry": { "type": "Point", "coordinates": [ -106.579295622020211, 35.07706489155202 ] } },
{ "type": "Feature", "properties": { "ROUTE": 777.0, "DAY": "WKDY", "DIR": "Inbound", "STOP": 7.0, "STOPNAME": "ART - SAN MATEO STATION", "DAY_ON": 177.55451087200001, "DAY_OFF": 143.190389039, "DAY_TOT": 320.74489991199999, "LAT": 35.077886715299996, "LONG": -106.58672072100001 }, "geometry": { "type": "Point", "coordinates": [ -106.586720720942878, 35.077886715286432 ] } },
{ "type": "Feature", "properties": { "ROUTE": 777.0, "DAY": "WKDY", "DIR": "Inbound", "STOP": 8.0, "STOPNAME": "ART - HIGHLAND STATION", "DAY_ON": 36.128078758999997, "DAY_OFF": 25.430974042199999, "DAY_TOT": 61.559052801299998, "LAT": 35.0788573365, "LONG": -106.59570120399999 }, "geometry": { "type": "Point", "coordinates": [ -106.595701203828511, 35.0788573365407 ] } },
{ "type": "Feature", "properties": { "ROUTE": 777.0, "DAY": "WKDY", "DIR": "Inbound", "STOP": 9.0, "STOPNAME": "ART - NOB HILL EAST STATION", "DAY_ON": 36.8738364242, "DAY_OFF": 28.304074131299998, "DAY_TOT": 65.177910555500006, "LAT": 35.079545896100001, "LONG": -106.602227348 }, "geometry": { "type": "Point", "coordinates": [ -106.602227347739444, 35.079545896118049 ] } },
{ "type": "Feature", "properties": { "ROUTE": 777.0, "DAY": "WKDY", "DIR": "Inbound", "STOP": 10.0, "STOPNAME": "ART - NOB HILL STATION", "DAY_ON": 40.894623039899997, "DAY_OFF": 38.339392622200002, "DAY_TOT": 79.234015662100006, "LAT": 35.080501544999997, "LONG": -106.609618646 }, "geometry": { "type": "Point", "coordinates": [ -106.609618645531285, 35.080501544988792 ] } },
{ "type": "Feature", "properties": { "ROUTE": 777.0, "DAY": "WKDY", "DIR": "Inbound", "STOP": 11.0, "STOPNAME": "ART - UNM POPEJOY STATION", "DAY_ON": 100.454107839, "DAY_OFF": 109.354949189, "DAY_TOT": 209.80905702800001, "LAT": 35.081062346300001, "LONG": -106.620163038 }, "geometry": { "type": "Point", "coordinates": [ -106.620163037674843, 35.081062346325268 ] } },
{ "type": "Feature", "properties": { "ROUTE": 777.0, "DAY": "WKDY", "DIR": "Inbound", "STOP": 12.0, "STOPNAME": "ART - UNM / CNM STATION", "DAY_ON": 51.276715519600003, "DAY_OFF": 44.9899660309, "DAY_TOT": 96.266681550499996, "LAT": 35.081364743899996, "LONG": -106.626499233 }, "geometry": { "type": "Point", "coordinates": [ -106.626499232869108, 35.081364743880087 ] } },
{ "type": "Feature", "properties": { "ROUTE": 777.0, "DAY": "WKDY", "DIR": "Inbound", "STOP": 13.0, "STOPNAME": "ART - PRESBYTERIAN STATION", "DAY_ON": 31.2999035783, "DAY_OFF": 33.958910962600001, "DAY_TOT": 65.258814541000007, "LAT": 35.082233963900002, "LONG": -106.633072709 }, "geometry": { "type": "Point", "coordinates": [ -106.633072709401546, 35.082233963870998 ] } },
{ "type": "Feature", "properties": { "ROUTE": 777.0, "DAY": "WKDY", "DIR": "Inbound", "STOP": 14.0, "STOPNAME": "ART - EDO STATION", "DAY_ON": 30.145507455600001, "DAY_OFF": 60.482086416199998, "DAY_TOT": 90.627593871800002, "LAT": 35.083249069200001, "LONG": -106.641078175 }, "geometry": { "type": "Point", "coordinates": [ -106.641078174503463, 35.083249069240203 ] } },
{ "type": "Feature", "properties": { "ROUTE": 777.0, "DAY": "WKDY", "DIR": "Inbound", "STOP": 15.0, "STOPNAME": "ART - DOWNTOWN STATION", "DAY_ON": 111.843597661, "DAY_OFF": 279.06779122799998, "DAY_TOT": 390.91138888900002, "LAT": 35.0847999581, "LONG": -106.648002053 }, "geometry": { "type": "Point", "coordinates": [ -106.648002052546545, 35.084799958104945 ] } },
{ "type": "Feature", "properties": { "ROUTE": 777.0, "DAY": "WKDY", "DIR": "Inbound", "STOP": 16.0, "STOPNAME": "ART - MAIN LIBRARY STATION", "DAY_ON": 64.868923972199994, "DAY_OFF": 84.569940225899998, "DAY_TOT": 149.438864198, "LAT": 35.085875420400001, "LONG": -106.65356342299999 }, "geometry": { "type": "Point", "coordinates": [ -106.653563423219609, 35.08587542041046 ] } },
{ "type": "Feature", "properties": { "ROUTE": 777.0, "DAY": "WKDY", "DIR": "Inbound", "STOP": 17.0, "STOPNAME": "ART - WEST DOWNTOWN STATION", "DAY_ON": 13.7279081184, "DAY_OFF": 20.4858223532, "DAY_TOT": 34.213730471600002, "LAT": 35.089708703299998, "LONG": -106.664232873 }, "geometry": { "type": "Point", "coordinates": [ -106.664232872961065, 35.089708703271 ] } },
{ "type": "Feature", "properties": { "ROUTE": 777.0, "DAY": "WKDY", "DIR": "Inbound", "STOP": 18.0, "STOPNAME": "ART - OLD TOWN STATION", "DAY_ON": 23.8472306691, "DAY_OFF": 50.948501520800001, "DAY_TOT": 74.795732189899994, "LAT": 35.094363338699999, "LONG": -106.670012443 }, "geometry": { "type": "Point", "coordinates": [ -106.67001244334098, 35.094363338699793 ] } },
{ "type": "Feature", "properties": { "ROUTE": 777.0, "DAY": "WKDY", "DIR": "Inbound", "STOP": 19.0, "STOPNAME": "ART - BIOPARK STATION", "DAY_ON": 13.3918604318, "DAY_OFF": 21.264946484, "DAY_TOT": 34.656806915799997, "LAT": 35.093037348300001, "LONG": -106.678152254 }, "geometry": { "type": "Point", "coordinates": [ -106.67815225442628, 35.093037348273633 ] } },
{ "type": "Feature", "properties": { "ROUTE": 777.0, "DAY": "WKDY", "DIR": "Inbound", "STOP": 20.0, "STOPNAME": "ART - TOWN OF ATRISCO STATIO", "DAY_ON": 44.477346047099999, "DAY_OFF": 93.511258770699996, "DAY_TOT": 137.988604818, "LAT": 35.085744895200001, "LONG": -106.685220495 }, "geometry": { "type": "Point", "coordinates": [ -106.685220494823895, 35.085744895198538 ] } },
{ "type": "Feature", "properties": { "ROUTE": 777.0, "DAY": "WKDY", "DIR": "Inbound", "STOP": 21.0, "STOPNAME": "ART - THE BLUFFS STATION", "DAY_ON": 20.068442491900001, "DAY_OFF": 44.784892751800001, "DAY_TOT": 64.853335243700002, "LAT": 35.082688596799997, "LONG": -106.69836306400001 }, "geometry": { "type": "Point", "coordinates": [ -106.698363064202468, 35.082688596761521 ] } },
{ "type": "Feature", "properties": { "ROUTE": 777.0, "DAY": "WKDY", "DIR": "Inbound", "STOP": 22.0, "STOPNAME": "ART - WEST CENTRAL STATION", "DAY_ON": 26.829373656000001, "DAY_OFF": 171.11924828299999, "DAY_TOT": 197.94862193899999, "LAT": 35.080050377100001, "LONG": -106.710179348 }, "geometry": { "type": "Point", "coordinates": [ -106.710179348337348, 35.080050377073071 ] } },
{ "type": "Feature", "properties": { "ROUTE": 777.0, "DAY": "WKDY", "DIR": "Inbound", "STOP": 23.0, "STOPNAME": "CUTC BAY B", "DAY_ON": 0.05509683686, "DAY_OFF": 205.54127486300001, "DAY_TOT": 205.5963717, "LAT": 35.078517510600001, "LONG": -106.725179978 }, "geometry": { "type": "Point", "coordinates": [ -106.725179978282924, 35.078517510634406 ] } }
]
}
