{
"type": "FeatureCollection",
"name": "SVI_BernCO",
"crs": { "type": "name", "properties": { "name": "urn:ogc:def:crs:OGC:1.3:CRS84" } },
"features": [
{ "type": "Feature", "properties": { "OBJECTID": 1, "ST": "35", "STATE": "New Mexico", "ST_ABBR": "NM", "STCNTY": "35001", "COUNTY": "Bernalillo County", "FIPS": "35001000107", "LOCATION": "Census Tract 1.07; Bernalillo County; New Mexico", "AREA_SQMI": 1.2243309864080001, "E_TOTPOP": 2535, "M_TOTPOP": 284, "E_HU": 1299, "M_HU": 199, "E_HH": 1204, "M_HH": 212, "E_POV150": 549, "M_POV150": 304, "E_UNEMP": 33, "M_UNEMP": 35, "E_HBURD": 410, "M_HBURD": 206, "E_NOHSDP": 0, "M_NOHSDP": 13, "E_UNINSUR": 172, "M_UNINSUR": 118, "E_AGE65": 770, "M_AGE65": 200, "E_AGE17": 376, "M_AGE17": 105, "E_DISABL": 338, "M_DISABL": 107, "E_SNGPNT": 23, "M_SNGPNT": 31, "E_LIMENG": 0, "M_LIMENG": 52, "E_MINRTY": 752, "M_MINRTY": 394, "E_MUNIT": 233, "M_MUNIT": 190, "E_MOBILE": 0, "M_MOBILE": 13, "E_CROWD": 0, "M_CROWD": 18, "E_NOVEH": 99, "M_NOVEH": 69, "E_GROUPQ": 6, "M_GROUPQ": 3, "EP_POV150": 21.7, "MP_POV150": 11.7, "EP_UNEMP": 2.8, "MP_UNEMP": 2.9, "EP_HBURD": 34.1, "MP_HBURD": 16.0, "EP_NOHSDP": 0.0, "MP_NOHSDP": 2.0, "EP_UNINSUR": 6.8, "MP_UNINSUR": 4.7, "EP_AGE65": 30.4, "MP_AGE65": 6.5, "EP_AGE17": 14.8, "MP_AGE17": 3.9, "EP_DISABL": 13.3, "MP_DISABL": 4.3, "EP_SNGPNT": 1.9, "MP_SNGPNT": 2.6, "EP_LIMENG": 0.0, "MP_LIMENG": 2.1, "EP_MINRTY": 29.7, "MP_MINRTY": 15.2, "EP_MUNIT": 17.9, "MP_MUNIT": 14.4, "EP_MOBILE": 0.0, "MP_MOBILE": 3.0, "EP_CROWD": 0.0, "MP_CROWD": 1.5, "EP_NOVEH": 8.2, "MP_NOVEH": 5.7, "EP_GROUPQ": 0.2, "MP_GROUPQ": 0.1, "EPL_POV150": 0.325, "EPL_UNEMP": 0.2413, "EPL_HBURD": 0.7817, "EPL_NOHSDP": 0.0, "EPL_UNINSUR": 0.41, "SPL_THEME1": 1.758, "RPL_THEME1": 0.245, "EPL_AGE65": 0.8856, "EPL_AGE17": 0.1824, "EPL_DISABL": 0.325, "EPL_SNGPNT": 0.1567, "EPL_LIMENG": 0.0, "SPL_THEME2": 1.5497, "RPL_THEME2": 0.0833, "EPL_MINRTY": 0.0564, "SPL_THEME3": 0.0564, "RPL_THEME3": 0.0564, "EPL_MUNIT": 0.8985, "EPL_MOBILE": 0.0, "EPL_CROWD": 0.0, "EPL_NOVEH": 0.7433, "EPL_GROUPQ": 0.5008, "SPL_THEME4": 2.1426, "RPL_THEME4": 0.4317, "SPL_THEMES": 5.5067, "RPL_THEMES": 0.165, "F_POV150": 0, "F_UNEMP": 0, "F_HBURD": 0, "F_NOHSDP": 0, "F_UNINSUR": 0, "F_THEME1": 0, "F_AGE65": 0, "F_AGE17": 0, "F_DISABL": 0, "F_SNGPNT": 0, "F_LIMENG": 0, "F_THEME2": 0, "F_MINRTY": 0, "F_THEME3": 0, "F_MUNIT": 0, "F_MOBILE": 0, "F_CROWD": 0, "F_NOVEH": 0, "F_GROUPQ": 0, "F_THEME4": 0, "F_TOTAL": 0, "E_DAYPOP": 1128, "E_NOINT": 128, "M_NOINT": 74, "E_AFAM": 0, "M_AFAM": 13, "E_HISP": 638, "M_HISP": 200, "E_ASIAN": 40, "M_ASIAN": 34, "E_AIAN": 25, "M_AIAN": 30, "E_NHPI": 0, "M_NHPI": 13, "E_TWOMORE": 36, "M_TWOMORE": 37, "E_OTHERRACE": 13, "M_OTHERRACE": 24, "EP_NOINT": 10.6, "MP_NOINT": 6.1, "EP_AFAM": 0.0, "MP_AFAM": 1.6, "EP_HISP": 25.2, "MP_HISP": 7.2, "EP_ASIAN": 1.6, "MP_ASIAN": 1.4, "EP_AIAN": 1.0, "MP_AIAN": 1.2, "EP_NHPI": 0.0, "MP_NHPI": 1.6, "EP_TWOMORE": 1.4, "MP_TWOMORE": 1.5, "EP_OTHERRACE": 0.5, "MP_OTHERRACE": 0.9, "Shape_Length": 0.076235304174499974, "Shape_Area": 0.00031657272700016411 }, "geometry": { "type": "MultiPolygon", "coordinates": [ [ [ [ -106.497886, 35.130655 ], [ -106.49106, 35.130794 ], [ -106.488235, 35.132384 ], [ -106.486627, 35.13335 ], [ -106.48037, 35.131036 ], [ -106.480044, 35.112742 ], [ -106.481717, 35.11185 ], [ -106.484644, 35.11105 ], [ -106.488338, 35.111043 ], [ -106.489069, 35.109689 ], [ -106.488771, 35.11073 ], [ -106.488625, 35.113684 ], [ -106.489568, 35.115596 ], [ -106.497478, 35.115584 ], [ -106.497742, 35.123424 ], [ -106.497886, 35.130655 ] ] ] ] } },
{ "type": "Feature", "properties": { "OBJECTID": 2, "ST": "35", "STATE": "New Mexico", "ST_ABBR": "NM", "STCNTY": "35001", "COUNTY": "Bernalillo County", "FIPS": "35001000108", "LOCATION": "Census Tract 1.08; Bernalillo County; New Mexico", "AREA_SQMI": 0.50092487377999995, "E_TOTPOP": 2539, "M_TOTPOP": 380, "E_HU": 1341, "M_HU": 363, "E_HH": 1303, "M_HH": 365, "E_POV150": 524, "M_POV150": 377, "E_UNEMP": 30, "M_UNEMP": 29, "E_HBURD": 554, "M_HBURD": 380, "E_NOHSDP": 118, "M_NOHSDP": 71, "E_UNINSUR": 145, "M_UNINSUR": 110, "E_AGE65": 485, "M_AGE65": 57, "E_AGE17": 444, "M_AGE17": 108, "E_DISABL": 285, "M_DISABL": 105, "E_SNGPNT": 63, "M_SNGPNT": 46, "E_LIMENG": 18, "M_LIMENG": 53, "E_MINRTY": 835, "M_MINRTY": 548, "E_MUNIT": 155, "M_MUNIT": 81, "E_MOBILE": 0, "M_MOBILE": 13, "E_CROWD": 0, "M_CROWD": 18, "E_NOVEH": 90, "M_NOVEH": 58, "E_GROUPQ": 30, "M_GROUPQ": 5, "EP_POV150": 21.2, "MP_POV150": 14.9, "EP_UNEMP": 2.6, "MP_UNEMP": 2.5, "EP_HBURD": 42.5, "MP_HBURD": 26.6, "EP_NOHSDP": 6.0, "MP_NOHSDP": 3.8, "EP_UNINSUR": 5.9, "MP_UNINSUR": 4.5, "EP_AGE65": 19.1, "MP_AGE65": 3.5, "EP_AGE17": 17.5, "MP_AGE17": 4.0, "EP_DISABL": 11.5, "MP_DISABL": 4.4, "EP_SNGPNT": 4.9, "MP_SNGPNT": 3.3, "EP_LIMENG": 0.7, "MP_LIMENG": 2.2, "EP_MINRTY": 32.9, "MP_MINRTY": 21.0, "EP_MUNIT": 11.5, "MP_MUNIT": 5.2, "EP_MOBILE": 0.0, "MP_MOBILE": 2.9, "EP_CROWD": 0.0, "MP_CROWD": 1.4, "EP_NOVEH": 6.9, "MP_NOVEH": 4.9, "EP_GROUPQ": 1.2, "MP_GROUPQ": 0.1, "EPL_POV150": 0.3133, "EPL_UNEMP": 0.2196, "EPL_HBURD": 0.9217, "EPL_NOHSDP": 0.2786, "EPL_UNINSUR": 0.335, "SPL_THEME1": 2.0682, "RPL_THEME1": 0.3567, "EPL_AGE65": 0.5821, "EPL_AGE17": 0.2902, "EPL_DISABL": 0.21, "EPL_SNGPNT": 0.3933, "EPL_LIMENG": 0.2769, "SPL_THEME2": 1.7525, "RPL_THEME2": 0.14, "EPL_MINRTY": 0.0862, "SPL_THEME3": 0.0862, "RPL_THEME3": 0.0862, "EPL_MUNIT": 0.8336, "EPL_MOBILE": 0.0, "EPL_CROWD": 0.0, "EPL_NOVEH": 0.69, "EPL_GROUPQ": 0.7148, "SPL_THEME4": 2.2384, "RPL_THEME4": 0.4817, "SPL_THEMES": 6.1453, "RPL_THEMES": 0.245, "F_POV150": 0, "F_UNEMP": 0, "F_HBURD": 1, "F_NOHSDP": 0, "F_UNINSUR": 0, "F_THEME1": 1, "F_AGE65": 0, "F_AGE17": 0, "F_DISABL": 0, "F_SNGPNT": 0, "F_LIMENG": 0, "F_THEME2": 0, "F_MINRTY": 0, "F_THEME3": 0, "F_MUNIT": 0, "F_MOBILE": 0, "F_CROWD": 0, "F_NOVEH": 0, "F_GROUPQ": 0, "F_THEME4": 0, "F_TOTAL": 1, "E_DAYPOP": 3296, "E_NOINT": 189, "M_NOINT": 81, "E_AFAM": 25, "M_AFAM": 24, "E_HISP": 595, "M_HISP": 173, "E_ASIAN": 86, "M_ASIAN": 83, "E_AIAN": 52, "M_AIAN": 65, "E_NHPI": 0, "M_NHPI": 13, "E_TWOMORE": 69, "M_TWOMORE": 73, "E_OTHERRACE": 8, "M_OTHERRACE": 13, "EP_NOINT": 14.5, "MP_NOINT": 7.2, "EP_AFAM": 1.0, "MP_AFAM": 1.0, "EP_HISP": 23.4, "MP_HISP": 6.7, "EP_ASIAN": 3.4, "MP_ASIAN": 3.3, "EP_AIAN": 2.0, "MP_AIAN": 2.6, "EP_NHPI": 0.0, "MP_NHPI": 1.6, "EP_TWOMORE": 2.7, "MP_TWOMORE": 2.8, "EP_OTHERRACE": 0.3, "MP_OTHERRACE": 0.5, "Shape_Length": 0.050083466997771942, "Shape_Area": 0.0001282686310003337 }, "geometry": { "type": "MultiPolygon", "coordinates": [ [ [ [ -106.515681, 35.13066 ], [ -106.515082, 35.130684 ], [ -106.50795, 35.130676 ], [ -106.506028, 35.13067 ], [ -106.500258, 35.130651 ], [ -106.498078, 35.130651 ], [ -106.497886, 35.130655 ], [ -106.497742, 35.123424 ], [ -106.500541, 35.123454 ], [ -106.504514, 35.123471 ], [ -106.511251, 35.123524 ], [ -106.515684, 35.123547 ], [ -106.515681, 35.13066 ] ] ] ] } },
{ "type": "Feature", "properties": { "OBJECTID": 3, "ST": "35", "STATE": "New Mexico", "ST_ABBR": "NM", "STCNTY": "35001", "COUNTY": "Bernalillo County", "FIPS": "35001000109", "LOCATION": "Census Tract 1.09; Bernalillo County; New Mexico", "AREA_SQMI": 0.49372638809199998, "E_TOTPOP": 2383, "M_TOTPOP": 363, "E_HU": 1107, "M_HU": 252, "E_HH": 1042, "M_HH": 255, "E_POV150": 388, "M_POV150": 264, "E_UNEMP": 48, "M_UNEMP": 30, "E_HBURD": 175, "M_HBURD": 66, "E_NOHSDP": 109, "M_NOHSDP": 67, "E_UNINSUR": 123, "M_UNINSUR": 72, "E_AGE65": 651, "M_AGE65": 218, "E_AGE17": 484, "M_AGE17": 129, "E_DISABL": 419, "M_DISABL": 241, "E_SNGPNT": 51, "M_SNGPNT": 43, "E_LIMENG": 0, "M_LIMENG": 52, "E_MINRTY": 1134, "M_MINRTY": 440, "E_MUNIT": 0, "M_MUNIT": 18, "E_MOBILE": 0, "M_MOBILE": 13, "E_CROWD": 21, "M_CROWD": 29, "E_NOVEH": 214, "M_NOVEH": 236, "E_GROUPQ": 32, "M_GROUPQ": 9, "EP_POV150": 16.8, "MP_POV150": 11.1, "EP_UNEMP": 4.4, "MP_UNEMP": 2.6, "EP_HBURD": 16.8, "MP_HBURD": 4.8, "EP_NOHSDP": 6.2, "MP_NOHSDP": 3.6, "EP_UNINSUR": 5.2, "MP_UNINSUR": 3.0, "EP_AGE65": 27.3, "MP_AGE65": 7.2, "EP_AGE17": 20.3, "MP_AGE17": 4.8, "EP_DISABL": 17.8, "MP_DISABL": 8.9, "EP_SNGPNT": 4.9, "MP_SNGPNT": 3.9, "EP_LIMENG": 0.0, "MP_LIMENG": 2.4, "EP_MINRTY": 47.6, "MP_MINRTY": 17.0, "EP_MUNIT": 0.0, "MP_MUNIT": 1.6, "EP_MOBILE": 0.0, "MP_MOBILE": 3.5, "EP_CROWD": 2.0, "MP_CROWD": 2.7, "EP_NOVEH": 20.5, "MP_NOVEH": 18.8, "EP_GROUPQ": 1.3, "MP_GROUPQ": 0.3, "EPL_POV150": 0.2333, "EPL_UNEMP": 0.386, "EPL_HBURD": 0.2567, "EPL_NOHSDP": 0.2886, "EPL_UNINSUR": 0.275, "SPL_THEME1": 1.4396, "RPL_THEME1": 0.1533, "EPL_AGE65": 0.8425, "EPL_AGE17": 0.4163, "EPL_DISABL": 0.605, "EPL_SNGPNT": 0.3933, "EPL_LIMENG": 0.0, "SPL_THEME2": 2.2571, "RPL_THEME2": 0.3417, "EPL_MINRTY": 0.2206, "SPL_THEME3": 0.2206, "RPL_THEME3": 0.2206, "EPL_MUNIT": 0.0, "EPL_MOBILE": 0.0, "EPL_CROWD": 0.4567, "EPL_NOVEH": 0.9683, "EPL_GROUPQ": 0.7231, "SPL_THEME4": 2.1481, "RPL_THEME4": 0.435, "SPL_THEMES": 6.0654, "RPL_THEMES": 0.235, "F_POV150": 0, "F_UNEMP": 0, "F_HBURD": 0, "F_NOHSDP": 0, "F_UNINSUR": 0, "F_THEME1": 0, "F_AGE65": 0, "F_AGE17": 0, "F_DISABL": 0, "F_SNGPNT": 0, "F_LIMENG": 0, "F_THEME2": 0, "F_MINRTY": 0, "F_THEME3": 0, "F_MUNIT": 0, "F_MOBILE": 0, "F_CROWD": 0, "F_NOVEH": 1, "F_GROUPQ": 0, "F_THEME4": 1, "F_TOTAL": 1, "E_DAYPOP": 2576, "E_NOINT": 203, "M_NOINT": 227, "E_AFAM": 76, "M_AFAM": 50, "E_HISP": 857, "M_HISP": 374, "E_ASIAN": 19, "M_ASIAN": 21, "E_AIAN": 114, "M_AIAN": 127, "E_NHPI": 0, "M_NHPI": 13, "E_TWOMORE": 63, "M_TWOMORE": 66, "E_OTHERRACE": 5, "M_OTHERRACE": 7, "EP_NOINT": 19.5, "MP_NOINT": 18.3, "EP_AFAM": 3.2, "MP_AFAM": 2.2, "EP_HISP": 36.0, "MP_HISP": 12.2, "EP_ASIAN": 0.8, "MP_ASIAN": 0.9, "EP_AIAN": 4.8, "MP_AIAN": 5.2, "EP_NHPI": 0.0, "MP_NHPI": 1.7, "EP_TWOMORE": 2.6, "MP_TWOMORE": 2.6, "EP_OTHERRACE": 0.2, "MP_OTHERRACE": 0.3, "Shape_Length": 0.049595173114392356, "Shape_Area": 0.00012643670150025161 }, "geometry": { "type": "MultiPolygon", "coordinates": [ [ [ [ -106.533336, 35.130644 ], [ -106.524512, 35.130692 ], [ -106.515681, 35.13066 ], [ -106.515684, 35.123547 ], [ -106.518141, 35.123536 ], [ -106.520579, 35.123544 ], [ -106.521585, 35.12356 ], [ -106.524516, 35.12348 ], [ -106.528509, 35.123466 ], [ -106.530269, 35.12348 ], [ -106.53329, 35.123425 ], [ -106.533336, 35.130644 ] ] ] ] } },
{ "type": "Feature", "properties": { "OBJECTID": 4, "ST": "35", "STATE": "New Mexico", "ST_ABBR": "NM", "STCNTY": "35001", "COUNTY": "Bernalillo County", "FIPS": "35001000110", "LOCATION": "Census Tract 1.10; Bernalillo County; New Mexico", "AREA_SQMI": 0.49947158585200002, "E_TOTPOP": 3811, "M_TOTPOP": 450, "E_HU": 2029, "M_HU": 316, "E_HH": 1949, "M_HH": 336, "E_POV150": 920, "M_POV150": 308, "E_UNEMP": 107, "M_UNEMP": 74, "E_HBURD": 675, "M_HBURD": 212, "E_NOHSDP": 49, "M_NOHSDP": 44, "E_UNINSUR": 480, "M_UNINSUR": 266, "E_AGE65": 669, "M_AGE65": 285, "E_AGE17": 642, "M_AGE17": 121, "E_DISABL": 641, "M_DISABL": 313, "E_SNGPNT": 206, "M_SNGPNT": 106, "E_LIMENG": 16, "M_LIMENG": 56, "E_MINRTY": 1663, "M_MINRTY": 597, "E_MUNIT": 811, "M_MUNIT": 331, "E_MOBILE": 0, "M_MOBILE": 13, "E_CROWD": 0, "M_CROWD": 18, "E_NOVEH": 135, "M_NOVEH": 93, "E_GROUPQ": 3, "M_GROUPQ": 8, "EP_POV150": 24.2, "MP_POV150": 7.6, "EP_UNEMP": 4.8, "MP_UNEMP": 3.2, "EP_HBURD": 34.6, "MP_HBURD": 9.1, "EP_NOHSDP": 1.7, "MP_NOHSDP": 1.6, "EP_UNINSUR": 12.7, "MP_UNINSUR": 6.8, "EP_AGE65": 17.6, "MP_AGE65": 6.4, "EP_AGE17": 16.8, "MP_AGE17": 3.0, "EP_DISABL": 17.0, "MP_DISABL": 7.3, "EP_SNGPNT": 10.6, "MP_SNGPNT": 5.1, "EP_LIMENG": 0.4, "MP_LIMENG": 1.5, "EP_MINRTY": 43.6, "MP_MINRTY": 14.8, "EP_MUNIT": 39.9, "MP_MUNIT": 15.1, "EP_MOBILE": 0.0, "MP_MOBILE": 1.9, "EP_CROWD": 0.0, "MP_CROWD": 0.9, "EP_NOVEH": 6.9, "MP_NOVEH": 4.7, "EP_GROUPQ": 0.1, "MP_GROUPQ": 0.2, "EPL_POV150": 0.38, "EPL_UNEMP": 0.4293, "EPL_HBURD": 0.7883, "EPL_NOHSDP": 0.058, "EPL_UNINSUR": 0.73, "SPL_THEME1": 2.3856, "RPL_THEME1": 0.4633, "EPL_AGE65": 0.5008, "EPL_AGE17": 0.2471, "EPL_DISABL": 0.5617, "EPL_SNGPNT": 0.8033, "EPL_LIMENG": 0.2123, "SPL_THEME2": 2.3252, "RPL_THEME2": 0.3833, "EPL_MINRTY": 0.1791, "SPL_THEME3": 0.1791, "RPL_THEME3": 0.1791, "EPL_MUNIT": 0.9734, "EPL_MOBILE": 0.0, "EPL_CROWD": 0.0, "EPL_NOVEH": 0.69, "EPL_GROUPQ": 0.4312, "SPL_THEME4": 2.0946, "RPL_THEME4": 0.4067, "SPL_THEMES": 6.9845, "RPL_THEMES": 0.3633, "F_POV150": 0, "F_UNEMP": 0, "F_HBURD": 0, "F_NOHSDP": 0, "F_UNINSUR": 0, "F_THEME1": 0, "F_AGE65": 0, "F_AGE17": 0, "F_DISABL": 0, "F_SNGPNT": 0, "F_LIMENG": 0, "F_THEME2": 0, "F_MINRTY": 0, "F_THEME3": 0, "F_MUNIT": 1, "F_MOBILE": 0, "F_CROWD": 0, "F_NOVEH": 0, "F_GROUPQ": 0, "F_THEME4": 1, "F_TOTAL": 1, "E_DAYPOP": 2476, "E_NOINT": 372, "M_NOINT": 270, "E_AFAM": 13, "M_AFAM": 22, "E_HISP": 1347, "M_HISP": 283, "E_ASIAN": 91, "M_ASIAN": 79, "E_AIAN": 52, "M_AIAN": 57, "E_NHPI": 6, "M_NHPI": 11, "E_TWOMORE": 70, "M_TWOMORE": 55, "E_OTHERRACE": 84, "M_OTHERRACE": 131, "EP_NOINT": 19.1, "MP_NOINT": 11.8, "EP_AFAM": 0.3, "MP_AFAM": 0.6, "EP_HISP": 35.3, "MP_HISP": 6.6, "EP_ASIAN": 2.4, "MP_ASIAN": 2.1, "EP_AIAN": 1.4, "MP_AIAN": 1.5, "EP_NHPI": 0.2, "MP_NHPI": 0.3, "EP_TWOMORE": 1.8, "MP_TWOMORE": 1.4, "EP_OTHERRACE": 2.2, "MP_OTHERRACE": 3.3, "Shape_Length": 0.049744302520265363, "Shape_Area": 0.00012793736449992184 }, "geometry": { "type": "MultiPolygon", "coordinates": [ [ [ [ -106.53329, 35.123425 ], [ -106.530269, 35.12348 ], [ -106.528509, 35.123466 ], [ -106.524516, 35.12348 ], [ -106.521585, 35.12356 ], [ -106.520579, 35.123544 ], [ -106.518141, 35.123536 ], [ -106.515684, 35.123547 ], [ -106.51564, 35.116257 ], [ -106.516682, 35.116279 ], [ -106.519856, 35.116262 ], [ -106.521332, 35.116247 ], [ -106.524457, 35.11626 ], [ -106.529322, 35.11621 ], [ -106.533235, 35.116175 ], [ -106.533288, 35.118788 ], [ -106.53329, 35.123425 ] ] ] ] } },
{ "type": "Feature", "properties": { "OBJECTID": 5, "ST": "35", "STATE": "New Mexico", "ST_ABBR": "NM", "STCNTY": "35001", "COUNTY": "Bernalillo County", "FIPS": "35001000111", "LOCATION": "Census Tract 1.11; Bernalillo County; New Mexico", "AREA_SQMI": 0.51726895754199997, "E_TOTPOP": 3182, "M_TOTPOP": 506, "E_HU": 1124, "M_HU": 123, "E_HH": 1124, "M_HH": 123, "E_POV150": 286, "M_POV150": 173, "E_UNEMP": 112, "M_UNEMP": 80, "E_HBURD": 244, "M_HBURD": 94, "E_NOHSDP": 79, "M_NOHSDP": 43, "E_UNINSUR": 376, "M_UNINSUR": 442, "E_AGE65": 428, "M_AGE65": 46, "E_AGE17": 784, "M_AGE17": 231, "E_DISABL": 245, "M_DISABL": 79, "E_SNGPNT": 80, "M_SNGPNT": 52, "E_LIMENG": 31, "M_LIMENG": 59, "E_MINRTY": 1403, "M_MINRTY": 564, "E_MUNIT": 0, "M_MUNIT": 18, "E_MOBILE": 0, "M_MOBILE": 13, "E_CROWD": 27, "M_CROWD": 31, "E_NOVEH": 5, "M_NOVEH": 8, "E_GROUPQ": 20, "M_GROUPQ": 4, "EP_POV150": 9.0, "MP_POV150": 5.2, "EP_UNEMP": 6.5, "MP_UNEMP": 4.9, "EP_HBURD": 21.7, "MP_HBURD": 8.0, "EP_NOHSDP": 3.7, "MP_NOHSDP": 2.0, "EP_UNINSUR": 11.9, "MP_UNINSUR": 12.5, "EP_AGE65": 13.5, "MP_AGE65": 2.5, "EP_AGE17": 24.6, "MP_AGE17": 4.3, "EP_DISABL": 7.8, "MP_DISABL": 2.9, "EP_SNGPNT": 7.2, "MP_SNGPNT": 4.6, "EP_LIMENG": 1.0, "MP_LIMENG": 2.0, "EP_MINRTY": 44.1, "MP_MINRTY": 16.3, "EP_MUNIT": 0.0, "MP_MUNIT": 1.6, "EP_MOBILE": 0.0, "MP_MOBILE": 3.5, "EP_CROWD": 2.4, "MP_CROWD": 2.7, "EP_NOVEH": 0.4, "MP_NOVEH": 0.7, "EP_GROUPQ": 0.6, "MP_GROUPQ": 0.1, "EPL_POV150": 0.095, "EPL_UNEMP": 0.6057, "EPL_HBURD": 0.4317, "EPL_NOHSDP": 0.1675, "EPL_UNINSUR": 0.6933, "SPL_THEME1": 1.9932, "RPL_THEME1": 0.325, "EPL_AGE65": 0.267, "EPL_AGE17": 0.6468, "EPL_DISABL": 0.05, "EPL_SNGPNT": 0.5983, "EPL_LIMENG": 0.3416, "SPL_THEME2": 1.9037, "RPL_THEME2": 0.1883, "EPL_MINRTY": 0.1841, "SPL_THEME3": 0.1841, "RPL_THEME3": 0.1841, "EPL_MUNIT": 0.0, "EPL_MOBILE": 0.0, "EPL_CROWD": 0.5083, "EPL_NOVEH": 0.1083, "EPL_GROUPQ": 0.6219, "SPL_THEME4": 1.2385, "RPL_THEME4": 0.115, "SPL_THEMES": 5.3195, "RPL_THEMES": 0.15, "F_POV150": 0, "F_UNEMP": 0, "F_HBURD": 0, "F_NOHSDP": 0, "F_UNINSUR": 0, "F_THEME1": 0, "F_AGE65": 0, "F_AGE17": 0, "F_DISABL": 0, "F_SNGPNT": 0, "F_LIMENG": 0, "F_THEME2": 0, "F_MINRTY": 0, "F_THEME3": 0, "F_MUNIT": 0, "F_MOBILE": 0, "F_CROWD": 0, "F_NOVEH": 0, "F_GROUPQ": 0, "F_THEME4": 0, "F_TOTAL": 0, "E_DAYPOP": 2772, "E_NOINT": 40, "M_NOINT": 32, "E_AFAM": 47, "M_AFAM": 43, "E_HISP": 1124, "M_HISP": 460, "E_ASIAN": 68, "M_ASIAN": 77, "E_AIAN": 16, "M_AIAN": 24, "E_NHPI": 0, "M_NHPI": 13, "E_TWOMORE": 148, "M_TWOMORE": 89, "E_OTHERRACE": 0, "M_OTHERRACE": 13, "EP_NOINT": 3.6, "MP_NOINT": 2.8, "EP_AFAM": 1.5, "MP_AFAM": 1.3, "EP_HISP": 35.3, "MP_HISP": 9.6, "EP_ASIAN": 2.1, "MP_ASIAN": 2.5, "EP_AIAN": 0.5, "MP_AIAN": 0.8, "EP_NHPI": 0.0, "MP_NHPI": 1.2, "EP_TWOMORE": 4.7, "MP_TWOMORE": 2.9, "EP_OTHERRACE": 0.0, "MP_OTHERRACE": 1.2, "Shape_Length": 0.051271631042843768, "Shape_Area": 0.00013255208999957027 }, "geometry": { "type": "MultiPolygon", "coordinates": [ [ [ [ -106.515684, 35.123547 ], [ -106.511251, 35.123524 ], [ -106.504514, 35.123471 ], [ -106.500541, 35.123454 ], [ -106.497742, 35.123424 ], [ -106.497478, 35.115584 ], [ -106.50528, 35.116238 ], [ -106.506517, 35.116339 ], [ -106.508202, 35.116369 ], [ -106.51564, 35.116257 ], [ -106.515684, 35.123547 ] ] ] ] } },
{ "type": "Feature", "properties": { "OBJECTID": 6, "ST": "35", "STATE": "New Mexico", "ST_ABBR": "NM", "STCNTY": "35001", "COUNTY": "Bernalillo County", "FIPS": "35001000112", "LOCATION": "Census Tract 1.12; Bernalillo County; New Mexico", "AREA_SQMI": 0.84783443196399999, "E_TOTPOP": 1935, "M_TOTPOP": 313, "E_HU": 940, "M_HU": 79, "E_HH": 831, "M_HH": 91, "E_POV150": 112, "M_POV150": 50, "E_UNEMP": 89, "M_UNEMP": 67, "E_HBURD": 90, "M_HBURD": 32, "E_NOHSDP": 38, "M_NOHSDP": 20, "E_UNINSUR": 29, "M_UNINSUR": 20, "E_AGE65": 516, "M_AGE65": 58, "E_AGE17": 272, "M_AGE17": 154, "E_DISABL": 225, "M_DISABL": 51, "E_SNGPNT": 22, "M_SNGPNT": 19, "E_LIMENG": 20, "M_LIMENG": 54, "E_MINRTY": 601, "M_MINRTY": 419, "E_MUNIT": 6, "M_MUNIT": 15, "E_MOBILE": 9, "M_MOBILE": 13, "E_CROWD": 39, "M_CROWD": 65, "E_NOVEH": 12, "M_NOVEH": 13, "E_GROUPQ": 15, "M_GROUPQ": 3, "EP_POV150": 5.8, "MP_POV150": 2.4, "EP_UNEMP": 8.2, "MP_UNEMP": 5.6, "EP_HBURD": 10.8, "MP_HBURD": 3.7, "EP_NOHSDP": 2.3, "MP_NOHSDP": 1.3, "EP_UNINSUR": 1.5, "MP_UNINSUR": 1.1, "EP_AGE65": 26.7, "MP_AGE65": 4.4, "EP_AGE17": 14.1, "MP_AGE17": 6.4, "EP_DISABL": 11.7, "MP_DISABL": 3.4, "EP_SNGPNT": 2.7, "MP_SNGPNT": 2.3, "EP_LIMENG": 1.1, "MP_LIMENG": 2.9, "EP_MINRTY": 31.1, "MP_MINRTY": 21.1, "EP_MUNIT": 0.6, "MP_MUNIT": 1.6, "EP_MOBILE": 1.0, "MP_MOBILE": 1.4, "EP_CROWD": 4.7, "MP_CROWD": 7.8, "EP_NOVEH": 1.4, "MP_NOVEH": 1.6, "EP_GROUPQ": 0.8, "MP_GROUPQ": 0.1, "EPL_POV150": 0.0333, "EPL_UNEMP": 0.6922, "EPL_HBURD": 0.0683, "EPL_NOHSDP": 0.0879, "EPL_UNINSUR": 0.035, "SPL_THEME1": 0.9167, "RPL_THEME1": 0.0433, "EPL_AGE65": 0.8342, "EPL_AGE17": 0.1658, "EPL_DISABL": 0.2233, "EPL_SNGPNT": 0.2083, "EPL_LIMENG": 0.3665, "SPL_THEME2": 1.7981, "RPL_THEME2": 0.1567, "EPL_MINRTY": 0.0697, "SPL_THEME3": 0.0697, "RPL_THEME3": 0.0697, "EPL_MUNIT": 0.4875, "EPL_MOBILE": 0.2646, "EPL_CROWD": 0.725, "EPL_NOVEH": 0.2283, "EPL_GROUPQ": 0.6633, "SPL_THEME4": 2.3687, "RPL_THEME4": 0.53, "SPL_THEMES": 5.1532, "RPL_THEMES": 0.1267, "F_POV150": 0, "F_UNEMP": 0, "F_HBURD": 0, "F_NOHSDP": 0, "F_UNINSUR": 0, "F_THEME1": 0, "F_AGE65": 0, "F_AGE17": 0, "F_DISABL": 0, "F_SNGPNT": 0, "F_LIMENG": 0, "F_THEME2": 0, "F_MINRTY": 0, "F_THEME3": 0, "F_MUNIT": 0, "F_MOBILE": 0, "F_CROWD": 0, "F_NOVEH": 0, "F_GROUPQ": 0, "F_THEME4": 0, "F_TOTAL": 0, "E_DAYPOP": 617, "E_NOINT": 61, "M_NOINT": 29, "E_AFAM": 45, "M_AFAM": 66, "E_HISP": 392, "M_HISP": 144, "E_ASIAN": 116, "M_ASIAN": 102, "E_AIAN": 0, "M_AIAN": 13, "E_NHPI": 0, "M_NHPI": 13, "E_TWOMORE": 38, "M_TWOMORE": 25, "E_OTHERRACE": 10, "M_OTHERRACE": 12, "EP_NOINT": 7.3, "MP_NOINT": 3.5, "EP_AFAM": 2.3, "MP_AFAM": 3.2, "EP_HISP": 20.3, "MP_HISP": 6.9, "EP_ASIAN": 6.0, "MP_ASIAN": 5.5, "EP_AIAN": 0.0, "MP_AIAN": 2.0, "EP_NHPI": 0.0, "MP_NHPI": 2.0, "EP_TWOMORE": 2.0, "MP_TWOMORE": 1.2, "EP_OTHERRACE": 0.5, "MP_OTHERRACE": 0.7, "Shape_Length": 0.07135934152763293, "Shape_Area": 0.00021801541649997197 }, "geometry": { "type": "MultiPolygon", "coordinates": [ [ [ [ -106.497478, 35.115584 ], [ -106.489568, 35.115596 ], [ -106.488625, 35.113684 ], [ -106.488771, 35.11073 ], [ -106.489069, 35.109689 ], [ -106.488338, 35.111043 ], [ -106.484644, 35.11105 ], [ -106.481717, 35.11185 ], [ -106.480044, 35.112742 ], [ -106.48006, 35.101141 ], [ -106.480032, 35.098976 ], [ -106.480024, 35.098718 ], [ -106.480608, 35.098913 ], [ -106.486699, 35.100685 ], [ -106.493098, 35.100735 ], [ -106.492825, 35.102152 ], [ -106.492631, 35.102832 ], [ -106.496357, 35.102789 ], [ -106.497308, 35.102687 ], [ -106.497356, 35.109315 ], [ -106.497478, 35.115584 ] ] ] ] } },
{ "type": "Feature", "properties": { "OBJECTID": 7, "ST": "35", "STATE": "New Mexico", "ST_ABBR": "NM", "STCNTY": "35001", "COUNTY": "Bernalillo County", "FIPS": "35001000113", "LOCATION": "Census Tract 1.13; Bernalillo County; New Mexico", "AREA_SQMI": 0.51402647294600001, "E_TOTPOP": 3279, "M_TOTPOP": 469, "E_HU": 1530, "M_HU": 230, "E_HH": 1520, "M_HH": 230, "E_POV150": 646, "M_POV150": 237, "E_UNEMP": 111, "M_UNEMP": 57, "E_HBURD": 363, "M_HBURD": 112, "E_NOHSDP": 133, "M_NOHSDP": 81, "E_UNINSUR": 168, "M_UNINSUR": 155, "E_AGE65": 480, "M_AGE65": 71, "E_AGE17": 654, "M_AGE17": 164, "E_DISABL": 354, "M_DISABL": 175, "E_SNGPNT": 98, "M_SNGPNT": 52, "E_LIMENG": 0, "M_LIMENG": 52, "E_MINRTY": 1779, "M_MINRTY": 585, "E_MUNIT": 55, "M_MUNIT": 52, "E_MOBILE": 0, "M_MOBILE": 13, "E_CROWD": 42, "M_CROWD": 39, "E_NOVEH": 41, "M_NOVEH": 30, "E_GROUPQ": 0, "M_GROUPQ": 13, "EP_POV150": 19.8, "MP_POV150": 6.7, "EP_UNEMP": 6.4, "MP_UNEMP": 3.4, "EP_HBURD": 23.9, "MP_HBURD": 6.4, "EP_NOHSDP": 5.5, "MP_NOHSDP": 3.3, "EP_UNINSUR": 5.2, "MP_UNINSUR": 4.4, "EP_AGE65": 14.6, "MP_AGE65": 3.1, "EP_AGE17": 19.9, "MP_AGE17": 4.1, "EP_DISABL": 10.9, "MP_DISABL": 4.8, "EP_SNGPNT": 6.4, "MP_SNGPNT": 3.3, "EP_LIMENG": 0.0, "MP_LIMENG": 1.7, "EP_MINRTY": 54.3, "MP_MINRTY": 16.1, "EP_MUNIT": 3.6, "MP_MUNIT": 3.4, "EP_MOBILE": 0.0, "MP_MOBILE": 2.6, "EP_CROWD": 2.8, "MP_CROWD": 2.5, "EP_NOVEH": 2.7, "MP_NOVEH": 2.0, "EP_GROUPQ": 0.0, "MP_GROUPQ": 0.4, "EPL_POV150": 0.285, "EPL_UNEMP": 0.589, "EPL_HBURD": 0.5033, "EPL_NOHSDP": 0.2537, "EPL_UNINSUR": 0.275, "SPL_THEME1": 1.906, "RPL_THEME1": 0.295, "EPL_AGE65": 0.3151, "EPL_AGE17": 0.393, "EPL_DISABL": 0.1717, "EPL_SNGPNT": 0.5333, "EPL_LIMENG": 0.0, "SPL_THEME2": 1.4131, "RPL_THEME2": 0.0383, "EPL_MINRTY": 0.3317, "SPL_THEME3": 0.3317, "RPL_THEME3": 0.3317, "EPL_MUNIT": 0.6506, "EPL_MOBILE": 0.0, "EPL_CROWD": 0.5617, "EPL_NOVEH": 0.3733, "EPL_GROUPQ": 0.0, "SPL_THEME4": 1.5856, "RPL_THEME4": 0.22, "SPL_THEMES": 5.2364, "RPL_THEMES": 0.14, "F_POV150": 0, "F_UNEMP": 0, "F_HBURD": 0, "F_NOHSDP": 0, "F_UNINSUR": 0, "F_THEME1": 0, "F_AGE65": 0, "F_AGE17": 0, "F_DISABL": 0, "F_SNGPNT": 0, "F_LIMENG": 0, "F_THEME2": 0, "F_MINRTY": 0, "F_THEME3": 0, "F_MUNIT": 0, "F_MOBILE": 0, "F_CROWD": 0, "F_NOVEH": 0, "F_GROUPQ": 0, "F_THEME4": 0, "F_TOTAL": 0, "E_DAYPOP": 1393, "E_NOINT": 197, "M_NOINT": 85, "E_AFAM": 321, "M_AFAM": 228, "E_HISP": 1062, "M_HISP": 275, "E_ASIAN": 36, "M_ASIAN": 48, "E_AIAN": 161, "M_AIAN": 152, "E_NHPI": 0, "M_NHPI": 13, "E_TWOMORE": 161, "M_TWOMORE": 118, "E_OTHERRACE": 38, "M_OTHERRACE": 62, "EP_NOINT": 13.0, "MP_NOINT": 6.0, "EP_AFAM": 9.8, "MP_AFAM": 6.7, "EP_HISP": 32.4, "MP_HISP": 7.4, "EP_ASIAN": 1.1, "MP_ASIAN": 1.4, "EP_AIAN": 4.9, "MP_AIAN": 4.6, "EP_NHPI": 0.0, "MP_NHPI": 1.2, "EP_TWOMORE": 4.9, "MP_TWOMORE": 3.6, "EP_OTHERRACE": 1.2, "MP_OTHERRACE": 1.9, "Shape_Length": 0.050109447375704108, "Shape_Area": 0.00013253445100046198 }, "geometry": { "type": "MultiPolygon", "coordinates": [ [ [ [ -106.51564, 35.116257 ], [ -106.508202, 35.116369 ], [ -106.506517, 35.116339 ], [ -106.50528, 35.116238 ], [ -106.497478, 35.115584 ], [ -106.497356, 35.109315 ], [ -106.500958, 35.108795 ], [ -106.506512, 35.108873 ], [ -106.510124, 35.108704 ], [ -106.515567, 35.108868 ], [ -106.51564, 35.116257 ] ] ] ] } },
{ "type": "Feature", "properties": { "OBJECTID": 8, "ST": "35", "STATE": "New Mexico", "ST_ABBR": "NM", "STCNTY": "35001", "COUNTY": "Bernalillo County", "FIPS": "35001000114", "LOCATION": "Census Tract 1.14; Bernalillo County; New Mexico", "AREA_SQMI": 0.50028626107200003, "E_TOTPOP": 2835, "M_TOTPOP": 501, "E_HU": 1313, "M_HU": 116, "E_HH": 1239, "M_HH": 120, "E_POV150": 743, "M_POV150": 206, "E_UNEMP": 144, "M_UNEMP": 120, "E_HBURD": 415, "M_HBURD": 126, "E_NOHSDP": 130, "M_NOHSDP": 71, "E_UNINSUR": 204, "M_UNINSUR": 98, "E_AGE65": 536, "M_AGE65": 144, "E_AGE17": 483, "M_AGE17": 177, "E_DISABL": 627, "M_DISABL": 171, "E_SNGPNT": 116, "M_SNGPNT": 76, "E_LIMENG": 18, "M_LIMENG": 57, "E_MINRTY": 1783, "M_MINRTY": 533, "E_MUNIT": 19, "M_MUNIT": 33, "E_MOBILE": 0, "M_MOBILE": 13, "E_CROWD": 0, "M_CROWD": 18, "E_NOVEH": 73, "M_NOVEH": 59, "E_GROUPQ": 16, "M_GROUPQ": 4, "EP_POV150": 26.4, "MP_POV150": 5.6, "EP_UNEMP": 10.9, "MP_UNEMP": 8.7, "EP_HBURD": 33.5, "MP_HBURD": 9.6, "EP_NOHSDP": 6.5, "MP_NOHSDP": 3.4, "EP_UNINSUR": 7.2, "MP_UNINSUR": 3.5, "EP_AGE65": 18.9, "MP_AGE65": 5.0, "EP_AGE17": 17.0, "MP_AGE17": 5.0, "EP_DISABL": 22.2, "MP_DISABL": 6.0, "EP_SNGPNT": 9.3, "MP_SNGPNT": 6.1, "EP_LIMENG": 0.7, "MP_LIMENG": 2.1, "EP_MINRTY": 62.9, "MP_MINRTY": 15.2, "EP_MUNIT": 1.4, "MP_MUNIT": 2.5, "EP_MOBILE": 0.0, "MP_MOBILE": 3.0, "EP_CROWD": 0.0, "MP_CROWD": 1.5, "EP_NOVEH": 5.9, "MP_NOVEH": 4.8, "EP_GROUPQ": 0.6, "MP_GROUPQ": 0.1, "EPL_POV150": 0.435, "EPL_UNEMP": 0.8087, "EPL_HBURD": 0.7733, "EPL_NOHSDP": 0.3068, "EPL_UNINSUR": 0.4367, "SPL_THEME1": 2.7605, "RPL_THEME1": 0.5983, "EPL_AGE65": 0.5738, "EPL_AGE17": 0.262, "EPL_DISABL": 0.8017, "EPL_SNGPNT": 0.725, "EPL_LIMENG": 0.2769, "SPL_THEME2": 2.6394, "RPL_THEME2": 0.5733, "EPL_MINRTY": 0.4876, "SPL_THEME3": 0.4876, "RPL_THEME3": 0.4876, "EPL_MUNIT": 0.5391, "EPL_MOBILE": 0.0, "EPL_CROWD": 0.0, "EPL_NOVEH": 0.6267, "EPL_GROUPQ": 0.6219, "SPL_THEME4": 1.7877, "RPL_THEME4": 0.2933, "SPL_THEMES": 7.6752, "RPL_THEMES": 0.4733, "F_POV150": 0, "F_UNEMP": 0, "F_HBURD": 0, "F_NOHSDP": 0, "F_UNINSUR": 0, "F_THEME1": 0, "F_AGE65": 0, "F_AGE17": 0, "F_DISABL": 0, "F_SNGPNT": 0, "F_LIMENG": 0, "F_THEME2": 0, "F_MINRTY": 0, "F_THEME3": 0, "F_MUNIT": 0, "F_MOBILE": 0, "F_CROWD": 0, "F_NOVEH": 0, "F_GROUPQ": 0, "F_THEME4": 0, "F_TOTAL": 0, "E_DAYPOP": 2393, "E_NOINT": 272, "M_NOINT": 110, "E_AFAM": 10, "M_AFAM": 13, "E_HISP": 1430, "M_HISP": 379, "E_ASIAN": 33, "M_ASIAN": 35, "E_AIAN": 195, "M_AIAN": 259, "E_NHPI": 0, "M_NHPI": 13, "E_TWOMORE": 115, "M_TWOMORE": 97, "E_OTHERRACE": 0, "M_OTHERRACE": 13, "EP_NOINT": 22.0, "MP_NOINT": 8.5, "EP_AFAM": 0.4, "MP_AFAM": 0.4, "EP_HISP": 50.4, "MP_HISP": 9.0, "EP_ASIAN": 1.2, "MP_ASIAN": 1.3, "EP_AIAN": 6.9, "MP_AIAN": 8.4, "EP_NHPI": 0.0, "MP_NHPI": 1.4, "EP_TWOMORE": 4.1, "MP_TWOMORE": 3.4, "EP_OTHERRACE": 0.0, "MP_OTHERRACE": 1.4, "Shape_Length": 0.04976466303112391, "Shape_Area": 0.00012833488400016449 }, "geometry": { "type": "MultiPolygon", "coordinates": [ [ [ [ -106.533235, 35.116175 ], [ -106.529322, 35.11621 ], [ -106.524457, 35.11626 ], [ -106.521332, 35.116247 ], [ -106.519856, 35.116262 ], [ -106.516682, 35.116279 ], [ -106.51564, 35.116257 ], [ -106.515567, 35.108868 ], [ -106.519851, 35.108936 ], [ -106.524499, 35.10895 ], [ -106.533118, 35.108948 ], [ -106.533235, 35.116175 ] ] ] ] } },
{ "type": "Feature", "properties": { "OBJECTID": 9, "ST": "35", "STATE": "New Mexico", "ST_ABBR": "NM", "STCNTY": "35001", "COUNTY": "Bernalillo County", "FIPS": "35001000115", "LOCATION": "Census Tract 1.15; Bernalillo County; New Mexico", "AREA_SQMI": 0.50365229830799996, "E_TOTPOP": 3404, "M_TOTPOP": 499, "E_HU": 1772, "M_HU": 281, "E_HH": 1702, "M_HH": 302, "E_POV150": 806, "M_POV150": 363, "E_UNEMP": 111, "M_UNEMP": 87, "E_HBURD": 439, "M_HBURD": 246, "E_NOHSDP": 142, "M_NOHSDP": 95, "E_UNINSUR": 148, "M_UNINSUR": 83, "E_AGE65": 590, "M_AGE65": 134, "E_AGE17": 462, "M_AGE17": 178, "E_DISABL": 760, "M_DISABL": 260, "E_SNGPNT": 19, "M_SNGPNT": 25, "E_LIMENG": 0, "M_LIMENG": 52, "E_MINRTY": 1295, "M_MINRTY": 648, "E_MUNIT": 286, "M_MUNIT": 119, "E_MOBILE": 0, "M_MOBILE": 13, "E_CROWD": 13, "M_CROWD": 24, "E_NOVEH": 167, "M_NOVEH": 96, "E_GROUPQ": 28, "M_GROUPQ": 5, "EP_POV150": 23.7, "MP_POV150": 10.1, "EP_UNEMP": 5.7, "MP_UNEMP": 4.2, "EP_HBURD": 25.8, "MP_HBURD": 13.7, "EP_NOHSDP": 5.8, "MP_NOHSDP": 3.8, "EP_UNINSUR": 4.3, "MP_UNINSUR": 2.3, "EP_AGE65": 17.3, "MP_AGE65": 4.3, "EP_AGE17": 13.6, "MP_AGE17": 4.4, "EP_DISABL": 22.3, "MP_DISABL": 6.5, "EP_SNGPNT": 1.1, "MP_SNGPNT": 1.5, "EP_LIMENG": 0.0, "MP_LIMENG": 1.6, "EP_MINRTY": 38.0, "MP_MINRTY": 18.2, "EP_MUNIT": 16.2, "MP_MUNIT": 6.2, "EP_MOBILE": 0.0, "MP_MOBILE": 2.2, "EP_CROWD": 0.8, "MP_CROWD": 1.4, "EP_NOVEH": 9.8, "MP_NOVEH": 5.8, "EP_GROUPQ": 0.8, "MP_GROUPQ": 0.1, "EPL_POV150": 0.3683, "EPL_UNEMP": 0.5241, "EPL_HBURD": 0.5533, "EPL_NOHSDP": 0.267, "EPL_UNINSUR": 0.225, "SPL_THEME1": 1.9377, "RPL_THEME1": 0.3083, "EPL_AGE65": 0.4826, "EPL_AGE17": 0.1509, "EPL_DISABL": 0.8033, "EPL_SNGPNT": 0.0967, "EPL_LIMENG": 0.0, "SPL_THEME2": 1.5335, "RPL_THEME2": 0.075, "EPL_MINRTY": 0.126, "SPL_THEME3": 0.126, "RPL_THEME3": 0.126, "EPL_MUNIT": 0.8835, "EPL_MOBILE": 0.0, "EPL_CROWD": 0.305, "EPL_NOVEH": 0.7933, "EPL_GROUPQ": 0.6633, "SPL_THEME4": 2.6451, "RPL_THEME4": 0.6667, "SPL_THEMES": 6.2423, "RPL_THEMES": 0.255, "F_POV150": 0, "F_UNEMP": 0, "F_HBURD": 0, "F_NOHSDP": 0, "F_UNINSUR": 0, "F_THEME1": 0, "F_AGE65": 0, "F_AGE17": 0, "F_DISABL": 0, "F_SNGPNT": 0, "F_LIMENG": 0, "F_THEME2": 0, "F_MINRTY": 0, "F_THEME3": 0, "F_MUNIT": 0, "F_MOBILE": 0, "F_CROWD": 0, "F_NOVEH": 0, "F_GROUPQ": 0, "F_THEME4": 0, "F_TOTAL": 0, "E_DAYPOP": 1922, "E_NOINT": 145, "M_NOINT": 71, "E_AFAM": 55, "M_AFAM": 36, "E_HISP": 972, "M_HISP": 304, "E_ASIAN": 0, "M_ASIAN": 13, "E_AIAN": 188, "M_AIAN": 161, "E_NHPI": 0, "M_NHPI": 13, "E_TWOMORE": 68, "M_TWOMORE": 43, "E_OTHERRACE": 12, "M_OTHERRACE": 18, "EP_NOINT": 8.5, "MP_NOINT": 4.6, "EP_AFAM": 1.6, "MP_AFAM": 1.1, "EP_HISP": 28.6, "MP_HISP": 7.9, "EP_ASIAN": 0.0, "MP_ASIAN": 1.2, "EP_AIAN": 5.5, "MP_AIAN": 4.6, "EP_NHPI": 0.0, "MP_NHPI": 1.2, "EP_TWOMORE": 2.0, "MP_TWOMORE": 1.3, "EP_OTHERRACE": 0.4, "MP_OTHERRACE": 0.5, "Shape_Length": 0.0496989761809081, "Shape_Area": 0.00012878353499965812 }, "geometry": { "type": "MultiPolygon", "coordinates": [ [ [ [ -106.533118, 35.108948 ], [ -106.524499, 35.10895 ], [ -106.519851, 35.108936 ], [ -106.515567, 35.108868 ], [ -106.515437, 35.101462 ], [ -106.517675, 35.101511 ], [ -106.519826, 35.10153 ], [ -106.524286, 35.10159 ], [ -106.532938, 35.101713 ], [ -106.533053, 35.105439 ], [ -106.533118, 35.108948 ] ] ] ] } },
{ "type": "Feature", "properties": { "OBJECTID": 10, "ST": "35", "STATE": "New Mexico", "ST_ABBR": "NM", "STCNTY": "35001", "COUNTY": "Bernalillo County", "FIPS": "35001000116", "LOCATION": "Census Tract 1.16; Bernalillo County; New Mexico", "AREA_SQMI": 0.54749224989800005, "E_TOTPOP": 2907, "M_TOTPOP": 326, "E_HU": 1422, "M_HU": 194, "E_HH": 1347, "M_HH": 186, "E_POV150": 268, "M_POV150": 118, "E_UNEMP": 88, "M_UNEMP": 68, "E_HBURD": 171, "M_HBURD": 78, "E_NOHSDP": 64, "M_NOHSDP": 47, "E_UNINSUR": 229, "M_UNINSUR": 181, "E_AGE65": 653, "M_AGE65": 93, "E_AGE17": 472, "M_AGE17": 123, "E_DISABL": 409, "M_DISABL": 150, "E_SNGPNT": 48, "M_SNGPNT": 44, "E_LIMENG": 3, "M_LIMENG": 51, "E_MINRTY": 1100, "M_MINRTY": 415, "E_MUNIT": 22, "M_MUNIT": 36, "E_MOBILE": 0, "M_MOBILE": 13, "E_CROWD": 0, "M_CROWD": 18, "E_NOVEH": 0, "M_NOVEH": 13, "E_GROUPQ": 17, "M_GROUPQ": 4, "EP_POV150": 9.3, "MP_POV150": 4.0, "EP_UNEMP": 5.4, "MP_UNEMP": 3.7, "EP_HBURD": 12.7, "MP_HBURD": 5.5, "EP_NOHSDP": 2.9, "MP_NOHSDP": 2.1, "EP_UNINSUR": 8.0, "MP_UNINSUR": 5.9, "EP_AGE65": 22.5, "MP_AGE65": 3.2, "EP_AGE17": 16.2, "MP_AGE17": 3.7, "EP_DISABL": 14.3, "MP_DISABL": 4.8, "EP_SNGPNT": 3.6, "MP_SNGPNT": 3.2, "EP_LIMENG": 0.1, "MP_LIMENG": 1.8, "EP_MINRTY": 37.8, "MP_MINRTY": 13.6, "EP_MUNIT": 1.5, "MP_MUNIT": 2.5, "EP_MOBILE": 0.0, "MP_MOBILE": 2.8, "EP_CROWD": 0.0, "MP_CROWD": 1.3, "EP_NOVEH": 0.0, "MP_NOVEH": 2.9, "EP_GROUPQ": 0.6, "MP_GROUPQ": 0.1, "EPL_POV150": 0.1017, "EPL_UNEMP": 0.4892, "EPL_HBURD": 0.1217, "EPL_NOHSDP": 0.1194, "EPL_UNINSUR": 0.4983, "SPL_THEME1": 1.3303, "RPL_THEME1": 0.1267, "EPL_AGE65": 0.7231, "EPL_AGE17": 0.2289, "EPL_DISABL": 0.4033, "EPL_SNGPNT": 0.275, "EPL_LIMENG": 0.1575, "SPL_THEME2": 1.7878, "RPL_THEME2": 0.1517, "EPL_MINRTY": 0.1227, "SPL_THEME3": 0.1227, "RPL_THEME3": 0.1227, "EPL_MUNIT": 0.5524, "EPL_MOBILE": 0.0, "EPL_CROWD": 0.0, "EPL_NOVEH": 0.0, "EPL_GROUPQ": 0.6219, "SPL_THEME4": 1.1743, "RPL_THEME4": 0.1017, "SPL_THEMES": 4.4151, "RPL_THEMES": 0.0767, "F_POV150": 0, "F_UNEMP": 0, "F_HBURD": 0, "F_NOHSDP": 0, "F_UNINSUR": 0, "F_THEME1": 0, "F_AGE65": 0, "F_AGE17": 0, "F_DISABL": 0, "F_SNGPNT": 0, "F_LIMENG": 0, "F_THEME2": 0, "F_MINRTY": 0, "F_THEME3": 0, "F_MUNIT": 0, "F_MOBILE": 0, "F_CROWD": 0, "F_NOVEH": 0, "F_GROUPQ": 0, "F_THEME4": 0, "F_TOTAL": 0, "E_DAYPOP": 1907, "E_NOINT": 157, "M_NOINT": 80, "E_AFAM": 78, "M_AFAM": 72, "E_HISP": 787, "M_HISP": 160, "E_ASIAN": 9, "M_ASIAN": 13, "E_AIAN": 168, "M_AIAN": 118, "E_NHPI": 0, "M_NHPI": 13, "E_TWOMORE": 40, "M_TWOMORE": 51, "E_OTHERRACE": 18, "M_OTHERRACE": 21, "EP_NOINT": 11.7, "MP_NOINT": 5.7, "EP_AFAM": 2.7, "MP_AFAM": 2.4, "EP_HISP": 27.1, "MP_HISP": 5.2, "EP_ASIAN": 0.3, "MP_ASIAN": 0.5, "EP_AIAN": 5.8, "MP_AIAN": 3.7, "EP_NHPI": 0.0, "MP_NHPI": 1.4, "EP_TWOMORE": 1.4, "MP_TWOMORE": 1.8, "EP_OTHERRACE": 0.6, "MP_OTHERRACE": 0.7, "Shape_Length": 0.052521183833019881, "Shape_Area": 0.00013931625249996276 }, "geometry": { "type": "MultiPolygon", "coordinates": [ [ [ [ -106.515567, 35.108868 ], [ -106.510124, 35.108704 ], [ -106.506512, 35.108873 ], [ -106.500958, 35.108795 ], [ -106.497356, 35.109315 ], [ -106.497308, 35.102687 ], [ -106.49732, 35.100862 ], [ -106.497536, 35.100869 ], [ -106.498489, 35.100892 ], [ -106.50643, 35.101358 ], [ -106.506415, 35.101106 ], [ -106.515437, 35.101462 ], [ -106.515567, 35.108868 ] ] ] ] } },
{ "type": "Feature", "properties": { "OBJECTID": 11, "ST": "35", "STATE": "New Mexico", "ST_ABBR": "NM", "STCNTY": "35001", "COUNTY": "Bernalillo County", "FIPS": "35001000117", "LOCATION": "Census Tract 1.17; Bernalillo County; New Mexico", "AREA_SQMI": 0.49522407775, "E_TOTPOP": 2199, "M_TOTPOP": 250, "E_HU": 1111, "M_HU": 183, "E_HH": 1068, "M_HH": 186, "E_POV150": 456, "M_POV150": 141, "E_UNEMP": 87, "M_UNEMP": 108, "E_HBURD": 260, "M_HBURD": 71, "E_NOHSDP": 34, "M_NOHSDP": 23, "E_UNINSUR": 81, "M_UNINSUR": 41, "E_AGE65": 653, "M_AGE65": 153, "E_AGE17": 326, "M_AGE17": 112, "E_DISABL": 417, "M_DISABL": 109, "E_SNGPNT": 66, "M_SNGPNT": 49, "E_LIMENG": 28, "M_LIMENG": 50, "E_MINRTY": 722, "M_MINRTY": 362, "E_MUNIT": 40, "M_MUNIT": 32, "E_MOBILE": 0, "M_MOBILE": 13, "E_CROWD": 0, "M_CROWD": 18, "E_NOVEH": 28, "M_NOVEH": 21, "E_GROUPQ": 14, "M_GROUPQ": 3, "EP_POV150": 20.7, "MP_POV150": 6.0, "EP_UNEMP": 7.9, "MP_UNEMP": 9.3, "EP_HBURD": 24.3, "MP_HBURD": 5.1, "EP_NOHSDP": 2.0, "MP_NOHSDP": 1.4, "EP_UNINSUR": 3.7, "MP_UNINSUR": 1.9, "EP_AGE65": 29.7, "MP_AGE65": 6.8, "EP_AGE17": 14.8, "MP_AGE17": 4.7, "EP_DISABL": 19.0, "MP_DISABL": 4.7, "EP_SNGPNT": 6.1, "MP_SNGPNT": 4.5, "EP_LIMENG": 1.3, "MP_LIMENG": 2.3, "EP_MINRTY": 32.8, "MP_MINRTY": 16.0, "EP_MUNIT": 3.6, "MP_MUNIT": 2.8, "EP_MOBILE": 0.0, "MP_MOBILE": 3.5, "EP_CROWD": 0.0, "MP_CROWD": 1.7, "EP_NOVEH": 2.6, "MP_NOVEH": 2.0, "EP_GROUPQ": 0.6, "MP_GROUPQ": 0.1, "EPL_POV150": 0.3033, "EPL_UNEMP": 0.6839, "EPL_HBURD": 0.5133, "EPL_NOHSDP": 0.073, "EPL_UNINSUR": 0.1817, "SPL_THEME1": 1.7552, "RPL_THEME1": 0.2417, "EPL_AGE65": 0.874, "EPL_AGE17": 0.1824, "EPL_DISABL": 0.6767, "EPL_SNGPNT": 0.515, "EPL_LIMENG": 0.4013, "SPL_THEME2": 2.6494, "RPL_THEME2": 0.5867, "EPL_MINRTY": 0.0829, "SPL_THEME3": 0.0829, "RPL_THEME3": 0.0829, "EPL_MUNIT": 0.6506, "EPL_MOBILE": 0.0, "EPL_CROWD": 0.0, "EPL_NOVEH": 0.365, "EPL_GROUPQ": 0.6219, "SPL_THEME4": 1.6375, "RPL_THEME4": 0.2333, "SPL_THEMES": 6.125, "RPL_THEMES": 0.24, "F_POV150": 0, "F_UNEMP": 0, "F_HBURD": 0, "F_NOHSDP": 0, "F_UNINSUR": 0, "F_THEME1": 0, "F_AGE65": 0, "F_AGE17": 0, "F_DISABL": 0, "F_SNGPNT": 0, "F_LIMENG": 0, "F_THEME2": 0, "F_MINRTY": 0, "F_THEME3": 0, "F_MUNIT": 0, "F_MOBILE": 0, "F_CROWD": 0, "F_NOVEH": 0, "F_GROUPQ": 0, "F_THEME4": 0, "F_TOTAL": 0, "E_DAYPOP": 2079, "E_NOINT": 74, "M_NOINT": 39, "E_AFAM": 5, "M_AFAM": 8, "E_HISP": 530, "M_HISP": 140, "E_ASIAN": 117, "M_ASIAN": 66, "E_AIAN": 44, "M_AIAN": 34, "E_NHPI": 0, "M_NHPI": 13, "E_TWOMORE": 26, "M_TWOMORE": 28, "E_OTHERRACE": 0, "M_OTHERRACE": 13, "EP_NOINT": 6.9, "MP_NOINT": 4.0, "EP_AFAM": 0.2, "MP_AFAM": 0.4, "EP_HISP": 24.1, "MP_HISP": 6.3, "EP_ASIAN": 5.3, "MP_ASIAN": 3.0, "EP_AIAN": 2.0, "MP_AIAN": 1.6, "EP_NHPI": 0.0, "MP_NHPI": 1.8, "EP_TWOMORE": 1.2, "MP_TWOMORE": 1.3, "EP_OTHERRACE": 0.0, "MP_OTHERRACE": 1.8, "Shape_Length": 0.049728003769290832, "Shape_Area": 0.00012691993300022254 }, "geometry": { "type": "MultiPolygon", "coordinates": [ [ [ [ -106.551013, 35.126767 ], [ -106.550995, 35.130699 ], [ -106.547719, 35.130694 ], [ -106.545056, 35.130678 ], [ -106.54214, 35.13067 ], [ -106.533336, 35.130644 ], [ -106.53329, 35.123425 ], [ -106.542089, 35.123491 ], [ -106.543791, 35.123526 ], [ -106.551001, 35.123561 ], [ -106.551013, 35.126767 ] ] ] ] } },
{ "type": "Feature", "properties": { "OBJECTID": 12, "ST": "35", "STATE": "New Mexico", "ST_ABBR": "NM", "STCNTY": "35001", "COUNTY": "Bernalillo County", "FIPS": "35001000118", "LOCATION": "Census Tract 1.18; Bernalillo County; New Mexico", "AREA_SQMI": 0.52586783518400004, "E_TOTPOP": 2750, "M_TOTPOP": 473, "E_HU": 1173, "M_HU": 101, "E_HH": 1099, "M_HH": 125, "E_POV150": 307, "M_POV150": 174, "E_UNEMP": 64, "M_UNEMP": 71, "E_HBURD": 334, "M_HBURD": 119, "E_NOHSDP": 72, "M_NOHSDP": 52, "E_UNINSUR": 159, "M_UNINSUR": 131, "E_AGE65": 477, "M_AGE65": 165, "E_AGE17": 745, "M_AGE17": 221, "E_DISABL": 309, "M_DISABL": 124, "E_SNGPNT": 99, "M_SNGPNT": 77, "E_LIMENG": 0, "M_LIMENG": 52, "E_MINRTY": 1199, "M_MINRTY": 589, "E_MUNIT": 370, "M_MUNIT": 133, "E_MOBILE": 0, "M_MOBILE": 13, "E_CROWD": 13, "M_CROWD": 22, "E_NOVEH": 79, "M_NOVEH": 66, "E_GROUPQ": 27, "M_GROUPQ": 5, "EP_POV150": 11.3, "MP_POV150": 6.1, "EP_UNEMP": 4.3, "MP_UNEMP": 4.2, "EP_HBURD": 30.4, "MP_HBURD": 10.3, "EP_NOHSDP": 4.3, "MP_NOHSDP": 3.0, "EP_UNINSUR": 5.8, "MP_UNINSUR": 4.5, "EP_AGE65": 17.3, "MP_AGE65": 7.1, "EP_AGE17": 27.1, "MP_AGE17": 4.5, "EP_DISABL": 11.2, "MP_DISABL": 5.2, "EP_SNGPNT": 9.0, "MP_SNGPNT": 6.9, "EP_LIMENG": 0.0, "MP_LIMENG": 2.1, "EP_MINRTY": 43.6, "MP_MINRTY": 20.1, "EP_MUNIT": 31.6, "MP_MUNIT": 11.0, "EP_MOBILE": 0.0, "MP_MOBILE": 3.3, "EP_CROWD": 1.2, "MP_CROWD": 2.0, "EP_NOVEH": 7.2, "MP_NOVEH": 6.1, "EP_GROUPQ": 1.0, "MP_GROUPQ": 0.1, "EPL_POV150": 0.1283, "EPL_UNEMP": 0.381, "EPL_HBURD": 0.6983, "EPL_NOHSDP": 0.1973, "EPL_UNINSUR": 0.32, "SPL_THEME1": 1.7249, "RPL_THEME1": 0.2367, "EPL_AGE65": 0.4826, "EPL_AGE17": 0.7678, "EPL_DISABL": 0.19, "EPL_SNGPNT": 0.7067, "EPL_LIMENG": 0.0, "SPL_THEME2": 2.1471, "RPL_THEME2": 0.28, "EPL_MINRTY": 0.1791, "SPL_THEME3": 0.1791, "RPL_THEME3": 0.1791, "EPL_MUNIT": 0.9501, "EPL_MOBILE": 0.0, "EPL_CROWD": 0.3683, "EPL_NOVEH": 0.705, "EPL_GROUPQ": 0.6965, "SPL_THEME4": 2.7199, "RPL_THEME4": 0.6983, "SPL_THEMES": 6.771, "RPL_THEMES": 0.3283, "F_POV150": 0, "F_UNEMP": 0, "F_HBURD": 0, "F_NOHSDP": 0, "F_UNINSUR": 0, "F_THEME1": 0, "F_AGE65": 0, "F_AGE17": 0, "F_DISABL": 0, "F_SNGPNT": 0, "F_LIMENG": 0, "F_THEME2": 0, "F_MINRTY": 0, "F_THEME3": 0, "F_MUNIT": 1, "F_MOBILE": 0, "F_CROWD": 0, "F_NOVEH": 0, "F_GROUPQ": 0, "F_THEME4": 1, "F_TOTAL": 1, "E_DAYPOP": 2861, "E_NOINT": 178, "M_NOINT": 108, "E_AFAM": 68, "M_AFAM": 60, "E_HISP": 1032, "M_HISP": 411, "E_ASIAN": 63, "M_ASIAN": 79, "E_AIAN": 0, "M_AIAN": 13, "E_NHPI": 0, "M_NHPI": 13, "E_TWOMORE": 36, "M_TWOMORE": 47, "E_OTHERRACE": 0, "M_OTHERRACE": 13, "EP_NOINT": 16.2, "MP_NOINT": 8.9, "EP_AFAM": 2.5, "MP_AFAM": 2.2, "EP_HISP": 37.5, "MP_HISP": 11.3, "EP_ASIAN": 2.3, "MP_ASIAN": 2.9, "EP_AIAN": 0.0, "MP_AIAN": 1.4, "EP_NHPI": 0.0, "MP_NHPI": 1.4, "EP_TWOMORE": 1.3, "MP_TWOMORE": 1.7, "EP_OTHERRACE": 0.0, "MP_OTHERRACE": 1.4, "Shape_Length": 0.05008912751741041, "Shape_Area": 0.00013549357000021598 }, "geometry": { "type": "MultiPolygon", "coordinates": [ [ [ [ -106.568739, 35.126196 ], [ -106.568664, 35.130763 ], [ -106.559864, 35.130764 ], [ -106.550995, 35.130699 ], [ -106.551013, 35.126767 ], [ -106.551001, 35.123561 ], [ -106.556879, 35.12231 ], [ -106.559891, 35.122643 ], [ -106.564941, 35.123812 ], [ -106.568768, 35.123542 ], [ -106.568739, 35.126196 ] ] ] ] } },
{ "type": "Feature", "properties": { "OBJECTID": 13, "ST": "35", "STATE": "New Mexico", "ST_ABBR": "NM", "STCNTY": "35001", "COUNTY": "Bernalillo County", "FIPS": "35001000119", "LOCATION": "Census Tract 1.19; Bernalillo County; New Mexico", "AREA_SQMI": 0.46949462657199997, "E_TOTPOP": 1829, "M_TOTPOP": 272, "E_HU": 724, "M_HU": 53, "E_HH": 708, "M_HH": 46, "E_POV150": 169, "M_POV150": 76, "E_UNEMP": 30, "M_UNEMP": 23, "E_HBURD": 121, "M_HBURD": 45, "E_NOHSDP": 98, "M_NOHSDP": 96, "E_UNINSUR": 54, "M_UNINSUR": 65, "E_AGE65": 413, "M_AGE65": 97, "E_AGE17": 292, "M_AGE17": 78, "E_DISABL": 315, "M_DISABL": 107, "E_SNGPNT": 13, "M_SNGPNT": 12, "E_LIMENG": 7, "M_LIMENG": 51, "E_MINRTY": 951, "M_MINRTY": 291, "E_MUNIT": 22, "M_MUNIT": 24, "E_MOBILE": 0, "M_MOBILE": 13, "E_CROWD": 0, "M_CROWD": 18, "E_NOVEH": 5, "M_NOVEH": 8, "E_GROUPQ": 34, "M_GROUPQ": 6, "EP_POV150": 9.3, "MP_POV150": 4.0, "EP_UNEMP": 3.0, "MP_UNEMP": 2.3, "EP_HBURD": 17.1, "MP_HBURD": 6.3, "EP_NOHSDP": 6.9, "MP_NOHSDP": 6.6, "EP_UNINSUR": 3.0, "MP_UNINSUR": 3.6, "EP_AGE65": 22.6, "MP_AGE65": 5.5, "EP_AGE17": 16.0, "MP_AGE17": 4.1, "EP_DISABL": 17.4, "MP_DISABL": 6.1, "EP_SNGPNT": 1.8, "MP_SNGPNT": 1.7, "EP_LIMENG": 0.4, "MP_LIMENG": 2.9, "EP_MINRTY": 52.0, "MP_MINRTY": 13.9, "EP_MUNIT": 3.0, "MP_MUNIT": 3.3, "EP_MOBILE": 0.0, "MP_MOBILE": 5.4, "EP_CROWD": 0.0, "MP_CROWD": 2.5, "EP_NOVEH": 0.7, "MP_NOVEH": 1.2, "EP_GROUPQ": 1.9, "MP_GROUPQ": 0.2, "EPL_POV150": 0.1017, "EPL_UNEMP": 0.2679, "EPL_HBURD": 0.27, "EPL_NOHSDP": 0.3217, "EPL_UNINSUR": 0.1183, "SPL_THEME1": 1.0796, "RPL_THEME1": 0.0667, "EPL_AGE65": 0.7247, "EPL_AGE17": 0.2239, "EPL_DISABL": 0.5833, "EPL_SNGPNT": 0.1483, "EPL_LIMENG": 0.2123, "SPL_THEME2": 1.8925, "RPL_THEME2": 0.1783, "EPL_MINRTY": 0.2968, "SPL_THEME3": 0.2968, "RPL_THEME3": 0.2968, "EPL_MUNIT": 0.624, "EPL_MOBILE": 0.0, "EPL_CROWD": 0.0, "EPL_NOVEH": 0.1417, "EPL_GROUPQ": 0.7745, "SPL_THEME4": 1.5402, "RPL_THEME4": 0.1983, "SPL_THEMES": 4.8091, "RPL_THEMES": 0.1, "F_POV150": 0, "F_UNEMP": 0, "F_HBURD": 0, "F_NOHSDP": 0, "F_UNINSUR": 0, "F_THEME1": 0, "F_AGE65": 0, "F_AGE17": 0, "F_DISABL": 0, "F_SNGPNT": 0, "F_LIMENG": 0, "F_THEME2": 0, "F_MINRTY": 0, "F_THEME3": 0, "F_MUNIT": 0, "F_MOBILE": 0, "F_CROWD": 0, "F_NOVEH": 0, "F_GROUPQ": 0, "F_THEME4": 0, "F_TOTAL": 0, "E_DAYPOP": 2926, "E_NOINT": 34, "M_NOINT": 21, "E_AFAM": 243, "M_AFAM": 242, "E_HISP": 667, "M_HISP": 120, "E_ASIAN": 7, "M_ASIAN": 10, "E_AIAN": 0, "M_AIAN": 13, "E_NHPI": 0, "M_NHPI": 13, "E_TWOMORE": 34, "M_TWOMORE": 22, "E_OTHERRACE": 0, "M_OTHERRACE": 13, "EP_NOINT": 4.8, "MP_NOINT": 2.9, "EP_AFAM": 13.3, "MP_AFAM": 11.6, "EP_HISP": 36.5, "MP_HISP": 7.0, "EP_ASIAN": 0.4, "MP_ASIAN": 0.5, "EP_AIAN": 0.0, "MP_AIAN": 2.2, "EP_NHPI": 0.0, "MP_NHPI": 2.2, "EP_TWOMORE": 1.9, "MP_TWOMORE": 1.3, "EP_OTHERRACE": 0.0, "MP_OTHERRACE": 2.2, "Shape_Length": 0.05028992035983193, "Shape_Area": 0.00011926569899983432 }, "geometry": { "type": "MultiPolygon", "coordinates": [ [ [ [ -106.568768, 35.123542 ], [ -106.564941, 35.123812 ], [ -106.559891, 35.122643 ], [ -106.556879, 35.12231 ], [ -106.551001, 35.123561 ], [ -106.550911, 35.11645 ], [ -106.554361, 35.11643 ], [ -106.559879, 35.11643 ], [ -106.562234, 35.116414 ], [ -106.563361, 35.116454 ], [ -106.568909, 35.116424 ], [ -106.568768, 35.123542 ] ] ] ] } },
{ "type": "Feature", "properties": { "OBJECTID": 14, "ST": "35", "STATE": "New Mexico", "ST_ABBR": "NM", "STCNTY": "35001", "COUNTY": "Bernalillo County", "FIPS": "35001000120", "LOCATION": "Census Tract 1.20; Bernalillo County; New Mexico", "AREA_SQMI": 0.49393179435599999, "E_TOTPOP": 2757, "M_TOTPOP": 669, "E_HU": 1153, "M_HU": 86, "E_HH": 1052, "M_HH": 121, "E_POV150": 1269, "M_POV150": 696, "E_UNEMP": 288, "M_UNEMP": 261, "E_HBURD": 514, "M_HBURD": 153, "E_NOHSDP": 141, "M_NOHSDP": 80, "E_UNINSUR": 227, "M_UNINSUR": 144, "E_AGE65": 357, "M_AGE65": 65, "E_AGE17": 754, "M_AGE17": 459, "E_DISABL": 259, "M_DISABL": 101, "E_SNGPNT": 73, "M_SNGPNT": 56, "E_LIMENG": 0, "M_LIMENG": 52, "E_MINRTY": 1732, "M_MINRTY": 705, "E_MUNIT": 147, "M_MUNIT": 80, "E_MOBILE": 0, "M_MOBILE": 13, "E_CROWD": 72, "M_CROWD": 75, "E_NOVEH": 154, "M_NOVEH": 84, "E_GROUPQ": 0, "M_GROUPQ": 13, "EP_POV150": 46.0, "MP_POV150": 22.6, "EP_UNEMP": 19.8, "MP_UNEMP": 14.5, "EP_HBURD": 48.9, "MP_HBURD": 13.4, "EP_NOHSDP": 7.6, "MP_NOHSDP": 4.1, "EP_UNINSUR": 8.2, "MP_UNINSUR": 4.1, "EP_AGE65": 12.9, "MP_AGE65": 3.9, "EP_AGE17": 27.3, "MP_AGE17": 11.6, "EP_DISABL": 9.4, "MP_DISABL": 4.0, "EP_SNGPNT": 7.0, "MP_SNGPNT": 5.3, "EP_LIMENG": 0.0, "MP_LIMENG": 2.0, "EP_MINRTY": 62.8, "MP_MINRTY": 20.5, "EP_MUNIT": 12.8, "MP_MUNIT": 6.9, "EP_MOBILE": 0.0, "MP_MOBILE": 3.4, "EP_CROWD": 6.8, "MP_CROWD": 7.1, "EP_NOVEH": 14.6, "MP_NOVEH": 7.4, "EP_GROUPQ": 0.0, "MP_GROUPQ": 0.5, "EPL_POV150": 0.83, "EPL_UNEMP": 0.9767, "EPL_HBURD": 0.97, "EPL_NOHSDP": 0.3449, "EPL_UNINSUR": 0.5033, "SPL_THEME1": 3.6249, "RPL_THEME1": 0.86, "EPL_AGE65": 0.2355, "EPL_AGE17": 0.7778, "EPL_DISABL": 0.105, "EPL_SNGPNT": 0.58, "EPL_LIMENG": 0.0, "SPL_THEME2": 1.6983, "RPL_THEME2": 0.1233, "EPL_MINRTY": 0.4859, "SPL_THEME3": 0.4859, "RPL_THEME3": 0.4859, "EPL_MUNIT": 0.8536, "EPL_MOBILE": 0.0, "EPL_CROWD": 0.8183, "EPL_NOVEH": 0.9033, "EPL_GROUPQ": 0.0, "SPL_THEME4": 2.5752, "RPL_THEME4": 0.6283, "SPL_THEMES": 8.3843, "RPL_THEMES": 0.605, "F_POV150": 0, "F_UNEMP": 1, "F_HBURD": 1, "F_NOHSDP": 0, "F_UNINSUR": 0, "F_THEME1": 2, "F_AGE65": 0, "F_AGE17": 0, "F_DISABL": 0, "F_SNGPNT": 0, "F_LIMENG": 0, "F_THEME2": 0, "F_MINRTY": 0, "F_THEME3": 0, "F_MUNIT": 0, "F_MOBILE": 0, "F_CROWD": 0, "F_NOVEH": 1, "F_GROUPQ": 0, "F_THEME4": 1, "F_TOTAL": 3, "E_DAYPOP": 2433, "E_NOINT": 191, "M_NOINT": 111, "E_AFAM": 100, "M_AFAM": 99, "E_HISP": 981, "M_HISP": 616, "E_ASIAN": 109, "M_ASIAN": 99, "E_AIAN": 358, "M_AIAN": 298, "E_NHPI": 0, "M_NHPI": 13, "E_TWOMORE": 184, "M_TWOMORE": 107, "E_OTHERRACE": 0, "M_OTHERRACE": 13, "EP_NOINT": 18.2, "MP_NOINT": 9.7, "EP_AFAM": 3.6, "MP_AFAM": 3.9, "EP_HISP": 35.6, "MP_HISP": 16.9, "EP_ASIAN": 4.0, "MP_ASIAN": 3.7, "EP_AIAN": 13.0, "MP_AIAN": 10.0, "EP_NHPI": 0.0, "MP_NHPI": 1.4, "EP_TWOMORE": 6.7, "MP_TWOMORE": 4.2, "EP_OTHERRACE": 0.0, "MP_OTHERRACE": 1.4, "Shape_Length": 0.049751956714969944, "Shape_Area": 0.00012710683150029379 }, "geometry": { "type": "MultiPolygon", "coordinates": [ [ [ [ -106.551001, 35.123561 ], [ -106.543791, 35.123526 ], [ -106.542089, 35.123491 ], [ -106.53329, 35.123425 ], [ -106.533288, 35.118788 ], [ -106.533235, 35.116175 ], [ -106.542079, 35.1163 ], [ -106.550911, 35.11645 ], [ -106.551001, 35.123561 ] ] ] ] } },
{ "type": "Feature", "properties": { "OBJECTID": 15, "ST": "35", "STATE": "New Mexico", "ST_ABBR": "NM", "STCNTY": "35001", "COUNTY": "Bernalillo County", "FIPS": "35001000121", "LOCATION": "Census Tract 1.21; Bernalillo County; New Mexico", "AREA_SQMI": 1.0007856504479999, "E_TOTPOP": 5217, "M_TOTPOP": 1064, "E_HU": 2562, "M_HU": 202, "E_HH": 2410, "M_HH": 228, "E_POV150": 1573, "M_POV150": 787, "E_UNEMP": 129, "M_UNEMP": 112, "E_HBURD": 1093, "M_HBURD": 273, "E_NOHSDP": 312, "M_NOHSDP": 151, "E_UNINSUR": 437, "M_UNINSUR": 227, "E_AGE65": 1074, "M_AGE65": 129, "E_AGE17": 1046, "M_AGE17": 525, "E_DISABL": 674, "M_DISABL": 220, "E_SNGPNT": 110, "M_SNGPNT": 91, "E_LIMENG": 68, "M_LIMENG": 108, "E_MINRTY": 2583, "M_MINRTY": 1117, "E_MUNIT": 960, "M_MUNIT": 210, "E_MOBILE": 85, "M_MOBILE": 114, "E_CROWD": 9, "M_CROWD": 38, "E_NOVEH": 256, "M_NOVEH": 153, "E_GROUPQ": 135, "M_GROUPQ": 6, "EP_POV150": 31.0, "MP_POV150": 14.1, "EP_UNEMP": 5.1, "MP_UNEMP": 4.4, "EP_HBURD": 45.4, "MP_HBURD": 10.5, "EP_NOHSDP": 8.6, "MP_NOHSDP": 3.8, "EP_UNINSUR": 8.6, "MP_UNINSUR": 4.7, "EP_AGE65": 20.6, "MP_AGE65": 4.7, "EP_AGE17": 20.0, "MP_AGE17": 7.0, "EP_DISABL": 13.3, "MP_DISABL": 4.4, "EP_SNGPNT": 4.6, "MP_SNGPNT": 3.8, "EP_LIMENG": 1.3, "MP_LIMENG": 2.1, "EP_MINRTY": 49.5, "MP_MINRTY": 18.9, "EP_MUNIT": 37.5, "MP_MUNIT": 7.6, "EP_MOBILE": 3.3, "MP_MOBILE": 4.4, "EP_CROWD": 0.4, "MP_CROWD": 1.6, "EP_NOVEH": 10.6, "MP_NOVEH": 6.4, "EP_GROUPQ": 2.6, "MP_GROUPQ": 0.5, "EPL_POV150": 0.5467, "EPL_UNEMP": 0.4659, "EPL_HBURD": 0.9533, "EPL_NOHSDP": 0.3798, "EPL_UNINSUR": 0.5417, "SPL_THEME1": 2.8874, "RPL_THEME1": 0.6367, "EPL_AGE65": 0.6451, "EPL_AGE17": 0.4063, "EPL_DISABL": 0.325, "EPL_SNGPNT": 0.3683, "EPL_LIMENG": 0.4013, "SPL_THEME2": 2.146, "RPL_THEME2": 0.2783, "EPL_MINRTY": 0.2488, "SPL_THEME3": 0.2488, "RPL_THEME3": 0.2488, "EPL_MUNIT": 0.9601, "EPL_MOBILE": 0.3511, "EPL_CROWD": 0.2433, "EPL_NOVEH": 0.825, "EPL_GROUPQ": 0.8275, "SPL_THEME4": 3.207, "RPL_THEME4": 0.89, "SPL_THEMES": 8.4892, "RPL_THEMES": 0.6183, "F_POV150": 0, "F_UNEMP": 0, "F_HBURD": 1, "F_NOHSDP": 0, "F_UNINSUR": 0, "F_THEME1": 1, "F_AGE65": 0, "F_AGE17": 0, "F_DISABL": 0, "F_SNGPNT": 0, "F_LIMENG": 0, "F_THEME2": 0, "F_MINRTY": 0, "F_THEME3": 0, "F_MUNIT": 1, "F_MOBILE": 0, "F_CROWD": 0, "F_NOVEH": 0, "F_GROUPQ": 0, "F_THEME4": 1, "F_TOTAL": 2, "E_DAYPOP": 6696, "E_NOINT": 272, "M_NOINT": 159, "E_AFAM": 193, "M_AFAM": 165, "E_HISP": 2102, "M_HISP": 1007, "E_ASIAN": 28, "M_ASIAN": 47, "E_AIAN": 154, "M_AIAN": 110, "E_NHPI": 0, "M_NHPI": 19, "E_TWOMORE": 100, "M_TWOMORE": 90, "E_OTHERRACE": 6, "M_OTHERRACE": 13, "EP_NOINT": 11.3, "MP_NOINT": 6.4, "EP_AFAM": 3.7, "MP_AFAM": 3.2, "EP_HISP": 40.3, "MP_HISP": 11.9, "EP_ASIAN": 0.5, "MP_ASIAN": 0.9, "EP_AIAN": 3.0, "MP_AIAN": 2.2, "EP_NHPI": 0.0, "MP_NHPI": 0.8, "EP_TWOMORE": 1.9, "MP_TWOMORE": 1.7, "EP_OTHERRACE": 0.1, "MP_OTHERRACE": 0.2, "Shape_Length": 0.064451970726902535, "Shape_Area": 0.00025626741499975132 }, "geometry": { "type": "MultiPolygon", "coordinates": [ [ [ [ -106.550911, 35.11645 ], [ -106.542079, 35.1163 ], [ -106.533235, 35.116175 ], [ -106.533118, 35.108948 ], [ -106.533053, 35.105439 ], [ -106.532938, 35.101713 ], [ -106.541848, 35.101895 ], [ -106.543816, 35.101943 ], [ -106.55081, 35.102017 ], [ -106.550848, 35.103689 ], [ -106.550896, 35.109234 ], [ -106.550911, 35.11645 ] ] ] ] } },
{ "type": "Feature", "properties": { "OBJECTID": 16, "ST": "35", "STATE": "New Mexico", "ST_ABBR": "NM", "STCNTY": "35001", "COUNTY": "Bernalillo County", "FIPS": "35001000122", "LOCATION": "Census Tract 1.22; Bernalillo County; New Mexico", "AREA_SQMI": 1.017357920492, "E_TOTPOP": 4765, "M_TOTPOP": 917, "E_HU": 2177, "M_HU": 255, "E_HH": 1963, "M_HH": 235, "E_POV150": 860, "M_POV150": 635, "E_UNEMP": 121, "M_UNEMP": 91, "E_HBURD": 578, "M_HBURD": 316, "E_NOHSDP": 215, "M_NOHSDP": 109, "E_UNINSUR": 219, "M_UNINSUR": 167, "E_AGE65": 773, "M_AGE65": 159, "E_AGE17": 1075, "M_AGE17": 497, "E_DISABL": 439, "M_DISABL": 188, "E_SNGPNT": 71, "M_SNGPNT": 64, "E_LIMENG": 22, "M_LIMENG": 64, "E_MINRTY": 2768, "M_MINRTY": 1029, "E_MUNIT": 477, "M_MUNIT": 183, "E_MOBILE": 36, "M_MOBILE": 58, "E_CROWD": 36, "M_CROWD": 54, "E_NOVEH": 59, "M_NOVEH": 53, "E_GROUPQ": 60, "M_GROUPQ": 9, "EP_POV150": 18.2, "MP_POV150": 12.9, "EP_UNEMP": 4.8, "MP_UNEMP": 3.6, "EP_HBURD": 29.4, "MP_HBURD": 15.7, "EP_NOHSDP": 6.7, "MP_NOHSDP": 3.3, "EP_UNINSUR": 4.7, "MP_UNINSUR": 3.5, "EP_AGE65": 16.2, "MP_AGE65": 4.4, "EP_AGE17": 22.6, "MP_AGE17": 7.0, "EP_DISABL": 9.4, "MP_DISABL": 3.3, "EP_SNGPNT": 3.6, "MP_SNGPNT": 3.2, "EP_LIMENG": 0.5, "MP_LIMENG": 1.5, "EP_MINRTY": 58.1, "MP_MINRTY": 18.5, "EP_MUNIT": 21.9, "MP_MUNIT": 8.0, "EP_MOBILE": 1.7, "MP_MOBILE": 2.6, "EP_CROWD": 1.8, "MP_CROWD": 2.7, "EP_NOVEH": 3.0, "MP_NOVEH": 2.8, "EP_GROUPQ": 1.3, "MP_GROUPQ": 0.3, "EPL_POV150": 0.26, "EPL_UNEMP": 0.4293, "EPL_HBURD": 0.6667, "EPL_NOHSDP": 0.3184, "EPL_UNINSUR": 0.245, "SPL_THEME1": 1.9194, "RPL_THEME1": 0.3, "EPL_AGE65": 0.4229, "EPL_AGE17": 0.534, "EPL_DISABL": 0.105, "EPL_SNGPNT": 0.275, "EPL_LIMENG": 0.2371, "SPL_THEME2": 1.574, "RPL_THEME2": 0.0933, "EPL_MINRTY": 0.3947, "SPL_THEME3": 0.3947, "RPL_THEME3": 0.3947, "EPL_MUNIT": 0.9135, "EPL_MOBILE": 0.2995, "EPL_CROWD": 0.435, "EPL_NOVEH": 0.4233, "EPL_GROUPQ": 0.7231, "SPL_THEME4": 2.7944, "RPL_THEME4": 0.74, "SPL_THEMES": 6.6825, "RPL_THEMES": 0.3183, "F_POV150": 0, "F_UNEMP": 0, "F_HBURD": 0, "F_NOHSDP": 0, "F_UNINSUR": 0, "F_THEME1": 0, "F_AGE65": 0, "F_AGE17": 0, "F_DISABL": 0, "F_SNGPNT": 0, "F_LIMENG": 0, "F_THEME2": 0, "F_MINRTY": 0, "F_THEME3": 0, "F_MUNIT": 1, "F_MOBILE": 0, "F_CROWD": 0, "F_NOVEH": 0, "F_GROUPQ": 0, "F_THEME4": 1, "F_TOTAL": 1, "E_DAYPOP": 6495, "E_NOINT": 138, "M_NOINT": 97, "E_AFAM": 25, "M_AFAM": 25, "E_HISP": 2545, "M_HISP": 968, "E_ASIAN": 72, "M_ASIAN": 98, "E_AIAN": 0, "M_AIAN": 13, "E_NHPI": 0, "M_NHPI": 13, "E_TWOMORE": 126, "M_TWOMORE": 133, "E_OTHERRACE": 0, "M_OTHERRACE": 13, "EP_NOINT": 7.0, "MP_NOINT": 5.0, "EP_AFAM": 0.5, "MP_AFAM": 0.6, "EP_HISP": 53.4, "MP_HISP": 12.4, "EP_ASIAN": 1.5, "MP_ASIAN": 2.1, "EP_AIAN": 0.0, "MP_AIAN": 0.8, "EP_NHPI": 0.0, "MP_NHPI": 0.8, "EP_TWOMORE": 2.6, "MP_TWOMORE": 2.9, "EP_OTHERRACE": 0.0, "MP_OTHERRACE": 0.8, "Shape_Length": 0.064940038055801494, "Shape_Area": 0.00026044461799942158 }, "geometry": { "type": "MultiPolygon", "coordinates": [ [ [ [ -106.568909, 35.116424 ], [ -106.563361, 35.116454 ], [ -106.562234, 35.116414 ], [ -106.559879, 35.11643 ], [ -106.554361, 35.11643 ], [ -106.550911, 35.11645 ], [ -106.550896, 35.109234 ], [ -106.550848, 35.103689 ], [ -106.55081, 35.102017 ], [ -106.555058, 35.101959 ], [ -106.556107, 35.10195 ], [ -106.559792, 35.101932 ], [ -106.568761, 35.101869 ], [ -106.568849, 35.109127 ], [ -106.568909, 35.116424 ] ] ] ] } },
{ "type": "Feature", "properties": { "OBJECTID": 17, "ST": "35", "STATE": "New Mexico", "ST_ABBR": "NM", "STCNTY": "35001", "COUNTY": "Bernalillo County", "FIPS": "35001000123", "LOCATION": "Census Tract 1.23; Bernalillo County; New Mexico", "AREA_SQMI": 0.97270445198800004, "E_TOTPOP": 4781, "M_TOTPOP": 740, "E_HU": 2035, "M_HU": 180, "E_HH": 2003, "M_HH": 185, "E_POV150": 769, "M_POV150": 331, "E_UNEMP": 117, "M_UNEMP": 122, "E_HBURD": 450, "M_HBURD": 190, "E_NOHSDP": 181, "M_NOHSDP": 113, "E_UNINSUR": 193, "M_UNINSUR": 168, "E_AGE65": 814, "M_AGE65": 183, "E_AGE17": 989, "M_AGE17": 390, "E_DISABL": 1076, "M_DISABL": 390, "E_SNGPNT": 159, "M_SNGPNT": 125, "E_LIMENG": 19, "M_LIMENG": 59, "E_MINRTY": 2408, "M_MINRTY": 1020, "E_MUNIT": 84, "M_MUNIT": 94, "E_MOBILE": 0, "M_MOBILE": 13, "E_CROWD": 0, "M_CROWD": 18, "E_NOVEH": 57, "M_NOVEH": 65, "E_GROUPQ": 18, "M_GROUPQ": 4, "EP_POV150": 16.1, "MP_POV150": 6.5, "EP_UNEMP": 4.5, "MP_UNEMP": 4.6, "EP_HBURD": 22.5, "MP_HBURD": 9.3, "EP_NOHSDP": 5.2, "MP_NOHSDP": 3.6, "EP_UNINSUR": 4.0, "MP_UNINSUR": 3.5, "EP_AGE65": 17.0, "MP_AGE65": 5.1, "EP_AGE17": 20.7, "MP_AGE17": 6.1, "EP_DISABL": 22.5, "MP_DISABL": 6.7, "EP_SNGPNT": 7.9, "MP_SNGPNT": 6.2, "EP_LIMENG": 0.4, "MP_LIMENG": 1.3, "EP_MINRTY": 50.4, "MP_MINRTY": 19.9, "EP_MUNIT": 4.1, "MP_MUNIT": 4.6, "EP_MOBILE": 0.0, "MP_MOBILE": 1.9, "EP_CROWD": 0.0, "MP_CROWD": 0.9, "EP_NOVEH": 2.8, "MP_NOVEH": 3.3, "EP_GROUPQ": 0.4, "MP_GROUPQ": 0.1, "EPL_POV150": 0.22, "EPL_UNEMP": 0.3943, "EPL_HBURD": 0.4533, "EPL_NOHSDP": 0.2454, "EPL_UNINSUR": 0.2083, "SPL_THEME1": 1.5213, "RPL_THEME1": 0.1833, "EPL_AGE65": 0.4643, "EPL_AGE17": 0.4328, "EPL_DISABL": 0.815, "EPL_SNGPNT": 0.65, "EPL_LIMENG": 0.2123, "SPL_THEME2": 2.5744, "RPL_THEME2": 0.5333, "EPL_MINRTY": 0.267, "SPL_THEME3": 0.267, "RPL_THEME3": 0.267, "EPL_MUNIT": 0.6689, "EPL_MOBILE": 0.0, "EPL_CROWD": 0.0, "EPL_NOVEH": 0.3983, "EPL_GROUPQ": 0.5755, "SPL_THEME4": 1.6427, "RPL_THEME4": 0.2383, "SPL_THEMES": 6.0054, "RPL_THEMES": 0.2283, "F_POV150": 0, "F_UNEMP": 0, "F_HBURD": 0, "F_NOHSDP": 0, "F_UNINSUR": 0, "F_THEME1": 0, "F_AGE65": 0, "F_AGE17": 0, "F_DISABL": 0, "F_SNGPNT": 0, "F_LIMENG": 0, "F_THEME2": 0, "F_MINRTY": 0, "F_THEME3": 0, "F_MUNIT": 0, "F_MOBILE": 0, "F_CROWD": 0, "F_NOVEH": 0, "F_GROUPQ": 0, "F_THEME4": 0, "F_TOTAL": 0, "E_DAYPOP": 3682, "E_NOINT": 186, "M_NOINT": 113, "E_AFAM": 213, "M_AFAM": 256, "E_HISP": 1846, "M_HISP": 366, "E_ASIAN": 121, "M_ASIAN": 99, "E_AIAN": 2, "M_AIAN": 6, "E_NHPI": 0, "M_NHPI": 13, "E_TWOMORE": 226, "M_TWOMORE": 164, "E_OTHERRACE": 0, "M_OTHERRACE": 13, "EP_NOINT": 9.3, "MP_NOINT": 5.6, "EP_AFAM": 4.5, "MP_AFAM": 5.4, "EP_HISP": 38.6, "MP_HISP": 8.5, "EP_ASIAN": 2.5, "MP_ASIAN": 2.1, "EP_AIAN": 0.0, "MP_AIAN": 0.1, "EP_NHPI": 0.0, "MP_NHPI": 0.8, "EP_TWOMORE": 4.7, "MP_TWOMORE": 3.3, "EP_OTHERRACE": 0.0, "MP_OTHERRACE": 0.8, "Shape_Length": 0.062790043961566788, "Shape_Area": 0.00024933124750025509 }, "geometry": { "type": "MultiPolygon", "coordinates": [ [ [ [ -106.55081, 35.102017 ], [ -106.543816, 35.101943 ], [ -106.541848, 35.101895 ], [ -106.532938, 35.101713 ], [ -106.532809, 35.098142 ], [ -106.532712, 35.094526 ], [ -106.532616, 35.09173 ], [ -106.532563, 35.087255 ], [ -106.537952, 35.087315 ], [ -106.539883, 35.08777 ], [ -106.542132, 35.087653 ], [ -106.543069, 35.087381 ], [ -106.543501, 35.087543 ], [ -106.550673, 35.090319 ], [ -106.550719, 35.094594 ], [ -106.55081, 35.102017 ] ] ] ] } },
{ "type": "Feature", "properties": { "OBJECTID": 18, "ST": "35", "STATE": "New Mexico", "ST_ABBR": "NM", "STCNTY": "35001", "COUNTY": "Bernalillo County", "FIPS": "35001000124", "LOCATION": "Census Tract 1.24; Bernalillo County; New Mexico", "AREA_SQMI": 0.65604791601400003, "E_TOTPOP": 3913, "M_TOTPOP": 631, "E_HU": 2638, "M_HU": 453, "E_HH": 2369, "M_HH": 494, "E_POV150": 1464, "M_POV150": 557, "E_UNEMP": 191, "M_UNEMP": 107, "E_HBURD": 1159, "M_HBURD": 516, "E_NOHSDP": 189, "M_NOHSDP": 164, "E_UNINSUR": 417, "M_UNINSUR": 289, "E_AGE65": 788, "M_AGE65": 221, "E_AGE17": 369, "M_AGE17": 182, "E_DISABL": 686, "M_DISABL": 355, "E_SNGPNT": 57, "M_SNGPNT": 54, "E_LIMENG": 189, "M_LIMENG": 232, "E_MINRTY": 2490, "M_MINRTY": 780, "E_MUNIT": 1352, "M_MUNIT": 498, "E_MOBILE": 0, "M_MOBILE": 13, "E_CROWD": 13, "M_CROWD": 25, "E_NOVEH": 704, "M_NOVEH": 465, "E_GROUPQ": 98, "M_GROUPQ": 10, "EP_POV150": 38.2, "MP_POV150": 13.1, "EP_UNEMP": 10.4, "MP_UNEMP": 5.8, "EP_HBURD": 48.9, "MP_HBURD": 19.2, "EP_NOHSDP": 5.7, "MP_NOHSDP": 5.0, "EP_UNINSUR": 10.9, "MP_UNINSUR": 7.3, "EP_AGE65": 20.1, "MP_AGE65": 6.2, "EP_AGE17": 9.4, "MP_AGE17": 4.4, "EP_DISABL": 17.9, "MP_DISABL": 8.6, "EP_SNGPNT": 2.4, "MP_SNGPNT": 2.2, "EP_LIMENG": 4.9, "MP_LIMENG": 6.0, "EP_MINRTY": 63.6, "MP_MINRTY": 17.1, "EP_MUNIT": 51.2, "MP_MUNIT": 16.7, "EP_MOBILE": 0.0, "MP_MOBILE": 1.5, "EP_CROWD": 0.5, "MP_CROWD": 1.1, "EP_NOVEH": 29.7, "MP_NOVEH": 14.8, "EP_GROUPQ": 2.5, "MP_GROUPQ": 0.5, "EPL_POV150": 0.6917, "EPL_UNEMP": 0.7903, "EPL_HBURD": 0.97, "EPL_NOHSDP": 0.262, "EPL_UNINSUR": 0.6417, "SPL_THEME1": 3.3557, "RPL_THEME1": 0.7783, "EPL_AGE65": 0.6252, "EPL_AGE17": 0.063, "EPL_DISABL": 0.6167, "EPL_SNGPNT": 0.1867, "EPL_LIMENG": 0.7562, "SPL_THEME2": 2.2478, "RPL_THEME2": 0.335, "EPL_MINRTY": 0.5075, "SPL_THEME3": 0.5075, "RPL_THEME3": 0.5075, "EPL_MUNIT": 0.985, "EPL_MOBILE": 0.0, "EPL_CROWD": 0.2583, "EPL_NOVEH": 0.995, "EPL_GROUPQ": 0.8242, "SPL_THEME4": 3.0625, "RPL_THEME4": 0.8517, "SPL_THEMES": 9.1735, "RPL_THEMES": 0.7283, "F_POV150": 0, "F_UNEMP": 0, "F_HBURD": 1, "F_NOHSDP": 0, "F_UNINSUR": 0, "F_THEME1": 1, "F_AGE65": 0, "F_AGE17": 0, "F_DISABL": 0, "F_SNGPNT": 0, "F_LIMENG": 0, "F_THEME2": 0, "F_MINRTY": 0, "F_THEME3": 0, "F_MUNIT": 1, "F_MOBILE": 0, "F_CROWD": 0, "F_NOVEH": 1, "F_GROUPQ": 0, "F_THEME4": 2, "F_TOTAL": 3, "E_DAYPOP": 6888, "E_NOINT": 668, "M_NOINT": 422, "E_AFAM": 247, "M_AFAM": 240, "E_HISP": 2011, "M_HISP": 611, "E_ASIAN": 9, "M_ASIAN": 23, "E_AIAN": 148, "M_AIAN": 153, "E_NHPI": 0, "M_NHPI": 13, "E_TWOMORE": 75, "M_TWOMORE": 96, "E_OTHERRACE": 0, "M_OTHERRACE": 13, "EP_NOINT": 28.2, "MP_NOINT": 14.2, "EP_AFAM": 6.3, "MP_AFAM": 5.9, "EP_HISP": 51.4, "MP_HISP": 11.6, "EP_ASIAN": 0.2, "MP_ASIAN": 0.6, "EP_AIAN": 3.8, "MP_AIAN": 3.8, "EP_NHPI": 0.0, "MP_NHPI": 1.0, "EP_TWOMORE": 1.9, "MP_TWOMORE": 2.4, "EP_OTHERRACE": 0.0, "MP_OTHERRACE": 1.0, "Shape_Length": 0.070447654117900979, "Shape_Area": 0.00016738077550019681 }, "geometry": { "type": "MultiPolygon", "coordinates": [ [ [ [ -106.577581, 35.103683 ], [ -106.5746, 35.101913 ], [ -106.568761, 35.101869 ], [ -106.559792, 35.101932 ], [ -106.556107, 35.10195 ], [ -106.555058, 35.101959 ], [ -106.55081, 35.102017 ], [ -106.550719, 35.094594 ], [ -106.550673, 35.090319 ], [ -106.559553, 35.093897 ], [ -106.568716, 35.097651 ], [ -106.577573, 35.101215 ], [ -106.577581, 35.103683 ] ] ] ] } },
{ "type": "Feature", "properties": { "OBJECTID": 19, "ST": "35", "STATE": "New Mexico", "ST_ABBR": "NM", "STCNTY": "35001", "COUNTY": "Bernalillo County", "FIPS": "35001000125", "LOCATION": "Census Tract 1.25; Bernalillo County; New Mexico", "AREA_SQMI": 0.94735531127999995, "E_TOTPOP": 4192, "M_TOTPOP": 714, "E_HU": 1720, "M_HU": 174, "E_HH": 1694, "M_HH": 178, "E_POV150": 159, "M_POV150": 74, "E_UNEMP": 113, "M_UNEMP": 94, "E_HBURD": 218, "M_HBURD": 82, "E_NOHSDP": 82, "M_NOHSDP": 61, "E_UNINSUR": 208, "M_UNINSUR": 125, "E_AGE65": 931, "M_AGE65": 113, "E_AGE17": 651, "M_AGE17": 235, "E_DISABL": 343, "M_DISABL": 99, "E_SNGPNT": 0, "M_SNGPNT": 18, "E_LIMENG": 78, "M_LIMENG": 76, "E_MINRTY": 1520, "M_MINRTY": 1021, "E_MUNIT": 0, "M_MUNIT": 18, "E_MOBILE": 0, "M_MOBILE": 13, "E_CROWD": 0, "M_CROWD": 18, "E_NOVEH": 15, "M_NOVEH": 16, "E_GROUPQ": 4, "M_GROUPQ": 2, "EP_POV150": 3.8, "MP_POV150": 1.6, "EP_UNEMP": 4.7, "MP_UNEMP": 4.4, "EP_HBURD": 12.9, "MP_HBURD": 4.6, "EP_NOHSDP": 2.5, "MP_NOHSDP": 2.0, "EP_UNINSUR": 5.0, "MP_UNINSUR": 3.1, "EP_AGE65": 22.2, "MP_AGE65": 4.8, "EP_AGE17": 15.5, "MP_AGE17": 4.2, "EP_DISABL": 8.2, "MP_DISABL": 2.6, "EP_SNGPNT": 0.0, "MP_SNGPNT": 1.1, "EP_LIMENG": 1.9, "MP_LIMENG": 1.8, "EP_MINRTY": 36.3, "MP_MINRTY": 23.6, "EP_MUNIT": 0.0, "MP_MUNIT": 1.0, "EP_MOBILE": 0.0, "MP_MOBILE": 2.3, "EP_CROWD": 0.0, "MP_CROWD": 1.1, "EP_NOVEH": 0.9, "MP_NOVEH": 1.0, "EP_GROUPQ": 0.1, "MP_GROUPQ": 0.0, "EPL_POV150": 0.0183, "EPL_UNEMP": 0.421, "EPL_HBURD": 0.125, "EPL_NOHSDP": 0.1045, "EPL_UNINSUR": 0.2617, "SPL_THEME1": 0.9305, "RPL_THEME1": 0.045, "EPL_AGE65": 0.7048, "EPL_AGE17": 0.2056, "EPL_DISABL": 0.0617, "EPL_SNGPNT": 0.0, "EPL_LIMENG": 0.5075, "SPL_THEME2": 1.4796, "RPL_THEME2": 0.0583, "EPL_MINRTY": 0.1161, "SPL_THEME3": 0.1161, "RPL_THEME3": 0.1161, "EPL_MUNIT": 0.0, "EPL_MOBILE": 0.0, "EPL_CROWD": 0.0, "EPL_NOVEH": 0.1633, "EPL_GROUPQ": 0.4312, "SPL_THEME4": 0.5945, "RPL_THEME4": 0.025, "SPL_THEMES": 3.1207, "RPL_THEMES": 0.015, "F_POV150": 0, "F_UNEMP": 0, "F_HBURD": 0, "F_NOHSDP": 0, "F_UNINSUR": 0, "F_THEME1": 0, "F_AGE65": 0, "F_AGE17": 0, "F_DISABL": 0, "F_SNGPNT": 0, "F_LIMENG": 0, "F_THEME2": 0, "F_MINRTY": 0, "F_THEME3": 0, "F_MUNIT": 0, "F_MOBILE": 0, "F_CROWD": 0, "F_NOVEH": 0, "F_GROUPQ": 0, "F_THEME4": 0, "F_TOTAL": 0, "E_DAYPOP": 1245, "E_NOINT": 13, "M_NOINT": 16, "E_AFAM": 27, "M_AFAM": 33, "E_HISP": 908, "M_HISP": 145, "E_ASIAN": 382, "M_ASIAN": 211, "E_AIAN": 42, "M_AIAN": 47, "E_NHPI": 0, "M_NHPI": 13, "E_TWOMORE": 101, "M_TWOMORE": 76, "E_OTHERRACE": 60, "M_OTHERRACE": 66, "EP_NOINT": 0.8, "MP_NOINT": 0.9, "EP_AFAM": 0.6, "MP_AFAM": 0.8, "EP_HISP": 21.7, "MP_HISP": 4.5, "EP_ASIAN": 9.1, "MP_ASIAN": 5.2, "EP_AIAN": 1.0, "MP_AIAN": 1.1, "EP_NHPI": 0.0, "MP_NHPI": 0.9, "EP_TWOMORE": 2.4, "MP_TWOMORE": 1.9, "EP_OTHERRACE": 1.4, "MP_OTHERRACE": 1.6, "Shape_Length": 0.070932927693158884, "Shape_Area": 0.0002549606519997279 }, "geometry": { "type": "MultiPolygon", "coordinates": [ [ [ [ -106.497591, 35.094786 ], [ -106.49732, 35.100862 ], [ -106.497308, 35.102687 ], [ -106.496357, 35.102789 ], [ -106.492631, 35.102832 ], [ -106.492825, 35.102152 ], [ -106.493098, 35.100735 ], [ -106.486699, 35.100685 ], [ -106.480608, 35.098913 ], [ -106.480024, 35.098718 ], [ -106.479962, 35.084922 ], [ -106.48374, 35.083974 ], [ -106.485546, 35.086582 ], [ -106.490007, 35.08865 ], [ -106.490991, 35.086907 ], [ -106.49131, 35.087176 ], [ -106.492957, 35.08616 ], [ -106.497112, 35.086265 ], [ -106.497653, 35.093052 ], [ -106.497591, 35.094786 ] ] ] ] } },
{ "type": "Feature", "properties": { "OBJECTID": 20, "ST": "35", "STATE": "New Mexico", "ST_ABBR": "NM", "STCNTY": "35001", "COUNTY": "Bernalillo County", "FIPS": "35001000126", "LOCATION": "Census Tract 1.26; Bernalillo County; New Mexico", "AREA_SQMI": 0.510119506808, "E_TOTPOP": 2299, "M_TOTPOP": 417, "E_HU": 1375, "M_HU": 233, "E_HH": 1167, "M_HH": 252, "E_POV150": 560, "M_POV150": 290, "E_UNEMP": 21, "M_UNEMP": 33, "E_HBURD": 361, "M_HBURD": 120, "E_NOHSDP": 29, "M_NOHSDP": 36, "E_UNINSUR": 43, "M_UNINSUR": 37, "E_AGE65": 510, "M_AGE65": 93, "E_AGE17": 352, "M_AGE17": 49, "E_DISABL": 355, "M_DISABL": 125, "E_SNGPNT": 58, "M_SNGPNT": 51, "E_LIMENG": 22, "M_LIMENG": 54, "E_MINRTY": 965, "M_MINRTY": 461, "E_MUNIT": 93, "M_MUNIT": 50, "E_MOBILE": 0, "M_MOBILE": 13, "E_CROWD": 22, "M_CROWD": 28, "E_NOVEH": 17, "M_NOVEH": 19, "E_GROUPQ": 1, "M_GROUPQ": 2, "EP_POV150": 24.4, "MP_POV150": 11.8, "EP_UNEMP": 1.7, "MP_UNEMP": 2.6, "EP_HBURD": 30.9, "MP_HBURD": 7.8, "EP_NOHSDP": 1.9, "MP_NOHSDP": 2.3, "EP_UNINSUR": 1.9, "MP_UNINSUR": 1.6, "EP_AGE65": 22.2, "MP_AGE65": 5.3, "EP_AGE17": 15.3, "MP_AGE17": 3.1, "EP_DISABL": 15.4, "MP_DISABL": 5.8, "EP_SNGPNT": 5.0, "MP_SNGPNT": 4.2, "EP_LIMENG": 1.0, "MP_LIMENG": 2.4, "EP_MINRTY": 42.0, "MP_MINRTY": 18.5, "EP_MUNIT": 6.7, "MP_MUNIT": 3.5, "EP_MOBILE": 0.0, "MP_MOBILE": 2.9, "EP_CROWD": 1.9, "MP_CROWD": 2.4, "EP_NOVEH": 1.5, "MP_NOVEH": 1.6, "EP_GROUPQ": 0.0, "MP_GROUPQ": 0.1, "EPL_POV150": 0.3833, "EPL_UNEMP": 0.1265, "EPL_HBURD": 0.71, "EPL_NOHSDP": 0.068, "EPL_UNINSUR": 0.065, "SPL_THEME1": 1.3528, "RPL_THEME1": 0.135, "EPL_AGE65": 0.7048, "EPL_AGE17": 0.1973, "EPL_DISABL": 0.47, "EPL_SNGPNT": 0.4017, "EPL_LIMENG": 0.3416, "SPL_THEME2": 2.1154, "RPL_THEME2": 0.2683, "EPL_MINRTY": 0.1642, "SPL_THEME3": 0.1642, "RPL_THEME3": 0.1642, "EPL_MUNIT": 0.7521, "EPL_MOBILE": 0.0, "EPL_CROWD": 0.445, "EPL_NOVEH": 0.2417, "EPL_GROUPQ": 0.0, "SPL_THEME4": 1.4388, "RPL_THEME4": 0.1667, "SPL_THEMES": 5.0712, "RPL_THEMES": 0.115, "F_POV150": 0, "F_UNEMP": 0, "F_HBURD": 0, "F_NOHSDP": 0, "F_UNINSUR": 0, "F_THEME1": 0, "F_AGE65": 0, "F_AGE17": 0, "F_DISABL": 0, "F_SNGPNT": 0, "F_LIMENG": 0, "F_THEME2": 0, "F_MINRTY": 0, "F_THEME3": 0, "F_MUNIT": 0, "F_MOBILE": 0, "F_CROWD": 0, "F_NOVEH": 0, "F_GROUPQ": 0, "F_THEME4": 0, "F_TOTAL": 0, "E_DAYPOP": 1885, "E_NOINT": 164, "M_NOINT": 88, "E_AFAM": 9, "M_AFAM": 14, "E_HISP": 832, "M_HISP": 380, "E_ASIAN": 58, "M_ASIAN": 52, "E_AIAN": 14, "M_AIAN": 17, "E_NHPI": 0, "M_NHPI": 13, "E_TWOMORE": 22, "M_TWOMORE": 27, "E_OTHERRACE": 30, "M_OTHERRACE": 29, "EP_NOINT": 14.1, "MP_NOINT": 7.6, "EP_AFAM": 0.4, "MP_AFAM": 0.6, "EP_HISP": 36.2, "MP_HISP": 11.3, "EP_ASIAN": 2.5, "MP_ASIAN": 2.3, "EP_AIAN": 0.6, "MP_AIAN": 0.7, "EP_NHPI": 0.0, "MP_NHPI": 1.7, "EP_TWOMORE": 1.0, "MP_TWOMORE": 1.2, "EP_OTHERRACE": 1.3, "MP_OTHERRACE": 1.2, "Shape_Length": 0.050554384856302065, "Shape_Area": 0.00012969772900019245 }, "geometry": { "type": "MultiPolygon", "coordinates": [ [ [ [ -106.515437, 35.101462 ], [ -106.506415, 35.101106 ], [ -106.50643, 35.101358 ], [ -106.498489, 35.100892 ], [ -106.497536, 35.100869 ], [ -106.49732, 35.100862 ], [ -106.497591, 35.094786 ], [ -106.497801, 35.094793 ], [ -106.500222, 35.095099 ], [ -106.502014, 35.093714 ], [ -106.50574, 35.093706 ], [ -106.506336, 35.093748 ], [ -106.51528, 35.093581 ], [ -106.515437, 35.101462 ] ] ] ] } },
{ "type": "Feature", "properties": { "OBJECTID": 21, "ST": "35", "STATE": "New Mexico", "ST_ABBR": "NM", "STCNTY": "35001", "COUNTY": "Bernalillo County", "FIPS": "35001000127", "LOCATION": "Census Tract 1.27; Bernalillo County; New Mexico", "AREA_SQMI": 0.48748620756799999, "E_TOTPOP": 2482, "M_TOTPOP": 397, "E_HU": 1133, "M_HU": 100, "E_HH": 1110, "M_HH": 106, "E_POV150": 344, "M_POV150": 135, "E_UNEMP": 51, "M_UNEMP": 57, "E_HBURD": 244, "M_HBURD": 92, "E_NOHSDP": 108, "M_NOHSDP": 71, "E_UNINSUR": 217, "M_UNINSUR": 143, "E_AGE65": 432, "M_AGE65": 108, "E_AGE17": 500, "M_AGE17": 243, "E_DISABL": 552, "M_DISABL": 152, "E_SNGPNT": 74, "M_SNGPNT": 63, "E_LIMENG": 44, "M_LIMENG": 62, "E_MINRTY": 1150, "M_MINRTY": 454, "E_MUNIT": 0, "M_MUNIT": 18, "E_MOBILE": 0, "M_MOBILE": 13, "E_CROWD": 0, "M_CROWD": 18, "E_NOVEH": 30, "M_NOVEH": 33, "E_GROUPQ": 12, "M_GROUPQ": 4, "EP_POV150": 13.9, "MP_POV150": 5.0, "EP_UNEMP": 4.0, "MP_UNEMP": 4.3, "EP_HBURD": 22.0, "MP_HBURD": 8.0, "EP_NOHSDP": 6.0, "MP_NOHSDP": 3.9, "EP_UNINSUR": 8.8, "MP_UNINSUR": 5.5, "EP_AGE65": 17.4, "MP_AGE65": 5.2, "EP_AGE17": 20.1, "MP_AGE17": 7.1, "EP_DISABL": 22.3, "MP_DISABL": 5.9, "EP_SNGPNT": 6.7, "MP_SNGPNT": 5.6, "EP_LIMENG": 1.8, "MP_LIMENG": 2.5, "EP_MINRTY": 46.3, "MP_MINRTY": 16.7, "EP_MUNIT": 0.0, "MP_MUNIT": 1.6, "EP_MOBILE": 0.0, "MP_MOBILE": 3.5, "EP_CROWD": 0.0, "MP_CROWD": 1.6, "EP_NOVEH": 2.7, "MP_NOVEH": 3.0, "EP_GROUPQ": 0.5, "MP_GROUPQ": 0.1, "EPL_POV150": 0.1783, "EPL_UNEMP": 0.3511, "EPL_HBURD": 0.44, "EPL_NOHSDP": 0.2786, "EPL_UNINSUR": 0.545, "SPL_THEME1": 1.793, "RPL_THEME1": 0.255, "EPL_AGE65": 0.4876, "EPL_AGE17": 0.4129, "EPL_DISABL": 0.8033, "EPL_SNGPNT": 0.5583, "EPL_LIMENG": 0.4842, "SPL_THEME2": 2.7463, "RPL_THEME2": 0.6583, "EPL_MINRTY": 0.209, "SPL_THEME3": 0.209, "RPL_THEME3": 0.209, "EPL_MUNIT": 0.0, "EPL_MOBILE": 0.0, "EPL_CROWD": 0.0, "EPL_NOVEH": 0.3733, "EPL_GROUPQ": 0.597, "SPL_THEME4": 0.9703, "RPL_THEME4": 0.075, "SPL_THEMES": 5.7186, "RPL_THEMES": 0.1917, "F_POV150": 0, "F_UNEMP": 0, "F_HBURD": 0, "F_NOHSDP": 0, "F_UNINSUR": 0, "F_THEME1": 0, "F_AGE65": 0, "F_AGE17": 0, "F_DISABL": 0, "F_SNGPNT": 0, "F_LIMENG": 0, "F_THEME2": 0, "F_MINRTY": 0, "F_THEME3": 0, "F_MUNIT": 0, "F_MOBILE": 0, "F_CROWD": 0, "F_NOVEH": 0, "F_GROUPQ": 0, "F_THEME4": 0, "F_TOTAL": 0, "E_DAYPOP": 2442, "E_NOINT": 85, "M_NOINT": 65, "E_AFAM": 0, "M_AFAM": 13, "E_HISP": 847, "M_HISP": 273, "E_ASIAN": 18, "M_ASIAN": 36, "E_AIAN": 120, "M_AIAN": 122, "E_NHPI": 0, "M_NHPI": 13, "E_TWOMORE": 165, "M_TWOMORE": 208, "E_OTHERRACE": 0, "M_OTHERRACE": 13, "EP_NOINT": 7.7, "MP_NOINT": 5.9, "EP_AFAM": 0.0, "MP_AFAM": 1.6, "EP_HISP": 34.1, "MP_HISP": 9.0, "EP_ASIAN": 0.7, "MP_ASIAN": 1.4, "EP_AIAN": 4.8, "MP_AIAN": 4.8, "EP_NHPI": 0.0, "MP_NHPI": 1.6, "EP_TWOMORE": 6.6, "MP_TWOMORE": 7.5, "EP_OTHERRACE": 0.0, "MP_OTHERRACE": 1.6, "Shape_Length": 0.050209126835707642, "Shape_Area": 0.00012488297299990389 }, "geometry": { "type": "MultiPolygon", "coordinates": [ [ [ [ -106.532938, 35.101713 ], [ -106.524286, 35.10159 ], [ -106.519826, 35.10153 ], [ -106.517675, 35.101511 ], [ -106.515437, 35.101462 ], [ -106.51528, 35.093581 ], [ -106.518465, 35.093662 ], [ -106.520978, 35.094623 ], [ -106.524655, 35.094733 ], [ -106.530222, 35.094812 ], [ -106.53105, 35.09465 ], [ -106.532712, 35.094526 ], [ -106.532809, 35.098142 ], [ -106.532938, 35.101713 ] ] ] ] } },
{ "type": "Feature", "properties": { "OBJECTID": 22, "ST": "35", "STATE": "New Mexico", "ST_ABBR": "NM", "STCNTY": "35001", "COUNTY": "Bernalillo County", "FIPS": "35001000128", "LOCATION": "Census Tract 1.28; Bernalillo County; New Mexico", "AREA_SQMI": 0.50548203568600003, "E_TOTPOP": 3948, "M_TOTPOP": 675, "E_HU": 1389, "M_HU": 169, "E_HH": 1368, "M_HH": 172, "E_POV150": 735, "M_POV150": 316, "E_UNEMP": 213, "M_UNEMP": 122, "E_HBURD": 287, "M_HBURD": 110, "E_NOHSDP": 299, "M_NOHSDP": 159, "E_UNINSUR": 250, "M_UNINSUR": 102, "E_AGE65": 425, "M_AGE65": 112, "E_AGE17": 828, "M_AGE17": 283, "E_DISABL": 653, "M_DISABL": 173, "E_SNGPNT": 114, "M_SNGPNT": 86, "E_LIMENG": 50, "M_LIMENG": 89, "E_MINRTY": 2686, "M_MINRTY": 790, "E_MUNIT": 76, "M_MUNIT": 70, "E_MOBILE": 0, "M_MOBILE": 13, "E_CROWD": 37, "M_CROWD": 29, "E_NOVEH": 41, "M_NOVEH": 35, "E_GROUPQ": 39, "M_GROUPQ": 6, "EP_POV150": 19.1, "MP_POV150": 7.7, "EP_UNEMP": 9.1, "MP_UNEMP": 5.6, "EP_HBURD": 21.0, "MP_HBURD": 7.6, "EP_NOHSDP": 11.2, "MP_NOHSDP": 5.4, "EP_UNINSUR": 6.3, "MP_UNINSUR": 2.7, "EP_AGE65": 10.8, "MP_AGE65": 2.8, "EP_AGE17": 21.0, "MP_AGE17": 5.1, "EP_DISABL": 16.5, "MP_DISABL": 4.3, "EP_SNGPNT": 8.3, "MP_SNGPNT": 6.2, "EP_LIMENG": 1.3, "MP_LIMENG": 2.4, "EP_MINRTY": 68.0, "MP_MINRTY": 16.3, "EP_MUNIT": 5.5, "MP_MUNIT": 5.0, "EP_MOBILE": 0.0, "MP_MOBILE": 2.8, "EP_CROWD": 2.7, "MP_CROWD": 2.1, "EP_NOVEH": 3.0, "MP_NOVEH": 2.6, "EP_GROUPQ": 1.0, "MP_GROUPQ": 0.2, "EPL_POV150": 0.27, "EPL_UNEMP": 0.7388, "EPL_HBURD": 0.405, "EPL_NOHSDP": 0.4959, "EPL_UNINSUR": 0.3783, "SPL_THEME1": 2.288, "RPL_THEME1": 0.4367, "EPL_AGE65": 0.1575, "EPL_AGE17": 0.4594, "EPL_DISABL": 0.5283, "EPL_SNGPNT": 0.6717, "EPL_LIMENG": 0.4013, "SPL_THEME2": 2.2182, "RPL_THEME2": 0.3133, "EPL_MINRTY": 0.592, "SPL_THEME3": 0.592, "RPL_THEME3": 0.592, "EPL_MUNIT": 0.7155, "EPL_MOBILE": 0.0, "EPL_CROWD": 0.5467, "EPL_NOVEH": 0.4233, "EPL_GROUPQ": 0.6965, "SPL_THEME4": 2.382, "RPL_THEME4": 0.54, "SPL_THEMES": 7.4802, "RPL_THEMES": 0.4417, "F_POV150": 0, "F_UNEMP": 0, "F_HBURD": 0, "F_NOHSDP": 0, "F_UNINSUR": 0, "F_THEME1": 0, "F_AGE65": 0, "F_AGE17": 0, "F_DISABL": 0, "F_SNGPNT": 0, "F_LIMENG": 0, "F_THEME2": 0, "F_MINRTY": 0, "F_THEME3": 0, "F_MUNIT": 0, "F_MOBILE": 0, "F_CROWD": 0, "F_NOVEH": 0, "F_GROUPQ": 0, "F_THEME4": 0, "F_TOTAL": 0, "E_DAYPOP": 2736, "E_NOINT": 138, "M_NOINT": 57, "E_AFAM": 43, "M_AFAM": 102, "E_HISP": 2054, "M_HISP": 585, "E_ASIAN": 28, "M_ASIAN": 46, "E_AIAN": 406, "M_AIAN": 323, "E_NHPI": 0, "M_NHPI": 13, "E_TWOMORE": 155, "M_TWOMORE": 84, "E_OTHERRACE": 0, "M_OTHERRACE": 13, "EP_NOINT": 10.1, "MP_NOINT": 4.4, "EP_AFAM": 1.1, "MP_AFAM": 2.6, "EP_HISP": 52.0, "MP_HISP": 10.7, "EP_ASIAN": 0.7, "MP_ASIAN": 1.2, "EP_AIAN": 10.3, "MP_AIAN": 7.9, "EP_NHPI": 0.0, "MP_NHPI": 1.0, "EP_TWOMORE": 3.9, "MP_TWOMORE": 2.2, "EP_OTHERRACE": 0.0, "MP_OTHERRACE": 1.0, "Shape_Length": 0.049275049247887247, "Shape_Area": 0.00012967928150005149 }, "geometry": { "type": "MultiPolygon", "coordinates": [ [ [ [ -106.532712, 35.094526 ], [ -106.53105, 35.09465 ], [ -106.530222, 35.094812 ], [ -106.524655, 35.094733 ], [ -106.520978, 35.094623 ], [ -106.518465, 35.093662 ], [ -106.51528, 35.093581 ], [ -106.515137, 35.090407 ], [ -106.51513, 35.090084 ], [ -106.515011, 35.086776 ], [ -106.518878, 35.086875 ], [ -106.526499, 35.087064 ], [ -106.532563, 35.087255 ], [ -106.532616, 35.09173 ], [ -106.532712, 35.094526 ] ] ] ] } },
{ "type": "Feature", "properties": { "OBJECTID": 23, "ST": "35", "STATE": "New Mexico", "ST_ABBR": "NM", "STCNTY": "35001", "COUNTY": "Bernalillo County", "FIPS": "35001000129", "LOCATION": "Census Tract 1.29; Bernalillo County; New Mexico", "AREA_SQMI": 0.51140522646800002, "E_TOTPOP": 4774, "M_TOTPOP": 903, "E_HU": 2476, "M_HU": 345, "E_HH": 2319, "M_HH": 360, "E_POV150": 1576, "M_POV150": 468, "E_UNEMP": 91, "M_UNEMP": 98, "E_HBURD": 744, "M_HBURD": 228, "E_NOHSDP": 219, "M_NOHSDP": 160, "E_UNINSUR": 530, "M_UNINSUR": 465, "E_AGE65": 1167, "M_AGE65": 306, "E_AGE17": 810, "M_AGE17": 238, "E_DISABL": 845, "M_DISABL": 297, "E_SNGPNT": 100, "M_SNGPNT": 75, "E_LIMENG": 141, "M_LIMENG": 135, "E_MINRTY": 3145, "M_MINRTY": 1013, "E_MUNIT": 810, "M_MUNIT": 320, "E_MOBILE": 0, "M_MOBILE": 13, "E_CROWD": 24, "M_CROWD": 33, "E_NOVEH": 214, "M_NOVEH": 109, "E_GROUPQ": 1, "M_GROUPQ": 2, "EP_POV150": 33.3, "MP_POV150": 7.6, "EP_UNEMP": 3.7, "MP_UNEMP": 4.2, "EP_HBURD": 32.1, "MP_HBURD": 8.5, "EP_NOHSDP": 6.2, "MP_NOHSDP": 4.2, "EP_UNINSUR": 11.1, "MP_UNINSUR": 9.5, "EP_AGE65": 24.4, "MP_AGE65": 7.1, "EP_AGE17": 17.0, "MP_AGE17": 3.3, "EP_DISABL": 17.7, "MP_DISABL": 7.4, "EP_SNGPNT": 4.3, "MP_SNGPNT": 3.2, "EP_LIMENG": 3.1, "MP_LIMENG": 2.9, "EP_MINRTY": 65.9, "MP_MINRTY": 17.2, "EP_MUNIT": 32.7, "MP_MUNIT": 12.1, "EP_MOBILE": 0.0, "MP_MOBILE": 1.6, "EP_CROWD": 1.1, "MP_CROWD": 1.4, "EP_NOVEH": 9.2, "MP_NOVEH": 4.6, "EP_GROUPQ": 0.0, "MP_GROUPQ": 0.0, "EPL_POV150": 0.5867, "EPL_UNEMP": 0.3278, "EPL_HBURD": 0.7417, "EPL_NOHSDP": 0.2886, "EPL_UNINSUR": 0.6483, "SPL_THEME1": 2.5931, "RPL_THEME1": 0.5367, "EPL_AGE65": 0.7662, "EPL_AGE17": 0.262, "EPL_DISABL": 0.5933, "EPL_SNGPNT": 0.3467, "EPL_LIMENG": 0.6551, "SPL_THEME2": 2.6233, "RPL_THEME2": 0.5633, "EPL_MINRTY": 0.5539, "SPL_THEME3": 0.5539, "RPL_THEME3": 0.5539, "EPL_MUNIT": 0.9534, "EPL_MOBILE": 0.0, "EPL_CROWD": 0.3517, "EPL_NOVEH": 0.7783, "EPL_GROUPQ": 0.0, "SPL_THEME4": 2.0834, "RPL_THEME4": 0.4017, "SPL_THEMES": 7.8537, "RPL_THEMES": 0.5067, "F_POV150": 0, "F_UNEMP": 0, "F_HBURD": 0, "F_NOHSDP": 0, "F_UNINSUR": 0, "F_THEME1": 0, "F_AGE65": 0, "F_AGE17": 0, "F_DISABL": 0, "F_SNGPNT": 0, "F_LIMENG": 0, "F_THEME2": 0, "F_MINRTY": 0, "F_THEME3": 0, "F_MUNIT": 1, "F_MOBILE": 0, "F_CROWD": 0, "F_NOVEH": 0, "F_GROUPQ": 0, "F_THEME4": 1, "F_TOTAL": 1, "E_DAYPOP": 1978, "E_NOINT": 158, "M_NOINT": 104, "E_AFAM": 59, "M_AFAM": 71, "E_HISP": 2063, "M_HISP": 591, "E_ASIAN": 124, "M_ASIAN": 136, "E_AIAN": 734, "M_AIAN": 462, "E_NHPI": 0, "M_NHPI": 13, "E_TWOMORE": 123, "M_TWOMORE": 122, "E_OTHERRACE": 42, "M_OTHERRACE": 68, "EP_NOINT": 6.8, "MP_NOINT": 4.6, "EP_AFAM": 1.2, "MP_AFAM": 1.5, "EP_HISP": 43.2, "MP_HISP": 10.4, "EP_ASIAN": 2.6, "MP_ASIAN": 2.8, "EP_AIAN": 15.4, "MP_AIAN": 8.7, "EP_NHPI": 0.0, "MP_NHPI": 0.8, "EP_TWOMORE": 2.6, "MP_TWOMORE": 2.4, "EP_OTHERRACE": 0.9, "MP_OTHERRACE": 1.4, "Shape_Length": 0.051444637966505662, "Shape_Area": 0.00013154449349989117 }, "geometry": { "type": "MultiPolygon", "coordinates": [ [ [ [ -106.51528, 35.093581 ], [ -106.506336, 35.093748 ], [ -106.50574, 35.093706 ], [ -106.502014, 35.093714 ], [ -106.500222, 35.095099 ], [ -106.497801, 35.094793 ], [ -106.497591, 35.094786 ], [ -106.497653, 35.093052 ], [ -106.497112, 35.086265 ], [ -106.501771, 35.086389 ], [ -106.506196, 35.086516 ], [ -106.515011, 35.086776 ], [ -106.51513, 35.090084 ], [ -106.515137, 35.090407 ], [ -106.51528, 35.093581 ] ] ] ] } },
{ "type": "Feature", "properties": { "OBJECTID": 24, "ST": "35", "STATE": "New Mexico", "ST_ABBR": "NM", "STCNTY": "35001", "COUNTY": "Bernalillo County", "FIPS": "35001000203", "LOCATION": "Census Tract 2.03; Bernalillo County; New Mexico", "AREA_SQMI": 0.45549534025600003, "E_TOTPOP": 2032, "M_TOTPOP": 339, "E_HU": 1028, "M_HU": 104, "E_HH": 965, "M_HH": 119, "E_POV150": 731, "M_POV150": 250, "E_UNEMP": 218, "M_UNEMP": 208, "E_HBURD": 421, "M_HBURD": 104, "E_NOHSDP": 41, "M_NOHSDP": 33, "E_UNINSUR": 129, "M_UNINSUR": 63, "E_AGE65": 267, "M_AGE65": 93, "E_AGE17": 373, "M_AGE17": 184, "E_DISABL": 434, "M_DISABL": 135, "E_SNGPNT": 38, "M_SNGPNT": 27, "E_LIMENG": 0, "M_LIMENG": 52, "E_MINRTY": 1134, "M_MINRTY": 405, "E_MUNIT": 572, "M_MUNIT": 107, "E_MOBILE": 0, "M_MOBILE": 13, "E_CROWD": 33, "M_CROWD": 49, "E_NOVEH": 147, "M_NOVEH": 89, "E_GROUPQ": 2, "M_GROUPQ": 4, "EP_POV150": 36.0, "MP_POV150": 10.7, "EP_UNEMP": 18.8, "MP_UNEMP": 15.3, "EP_HBURD": 43.6, "MP_HBURD": 9.3, "EP_NOHSDP": 2.9, "MP_NOHSDP": 2.3, "EP_UNINSUR": 6.4, "MP_UNINSUR": 3.2, "EP_AGE65": 13.1, "MP_AGE65": 5.3, "EP_AGE17": 18.4, "MP_AGE17": 7.3, "EP_DISABL": 21.4, "MP_DISABL": 7.1, "EP_SNGPNT": 4.0, "MP_SNGPNT": 2.8, "EP_LIMENG": 0.0, "MP_LIMENG": 2.6, "EP_MINRTY": 55.8, "MP_MINRTY": 17.6, "EP_MUNIT": 55.6, "MP_MUNIT": 8.8, "EP_MOBILE": 0.0, "MP_MOBILE": 3.8, "EP_CROWD": 3.4, "MP_CROWD": 5.1, "EP_NOVEH": 15.2, "MP_NOVEH": 8.5, "EP_GROUPQ": 0.1, "MP_GROUPQ": 0.2, "EPL_POV150": 0.6367, "EPL_UNEMP": 0.9717, "EPL_HBURD": 0.9333, "EPL_NOHSDP": 0.1194, "EPL_UNINSUR": 0.39, "SPL_THEME1": 3.0511, "RPL_THEME1": 0.69, "EPL_AGE65": 0.2471, "EPL_AGE17": 0.33, "EPL_DISABL": 0.7783, "EPL_SNGPNT": 0.3133, "EPL_LIMENG": 0.0, "SPL_THEME2": 1.6687, "RPL_THEME2": 0.1083, "EPL_MINRTY": 0.3449, "SPL_THEME3": 0.3449, "RPL_THEME3": 0.3449, "EPL_MUNIT": 0.99, "EPL_MOBILE": 0.0, "EPL_CROWD": 0.63, "EPL_NOVEH": 0.9117, "EPL_GROUPQ": 0.4312, "SPL_THEME4": 2.9629, "RPL_THEME4": 0.8167, "SPL_THEMES": 8.0276, "RPL_THEMES": 0.5317, "F_POV150": 0, "F_UNEMP": 1, "F_HBURD": 1, "F_NOHSDP": 0, "F_UNINSUR": 0, "F_THEME1": 2, "F_AGE65": 0, "F_AGE17": 0, "F_DISABL": 0, "F_SNGPNT": 0, "F_LIMENG": 0, "F_THEME2": 0, "F_MINRTY": 0, "F_THEME3": 0, "F_MUNIT": 1, "F_MOBILE": 0, "F_CROWD": 0, "F_NOVEH": 1, "F_GROUPQ": 0, "F_THEME4": 2, "F_TOTAL": 4, "E_DAYPOP": 3858, "E_NOINT": 81, "M_NOINT": 55, "E_AFAM": 213, "M_AFAM": 209, "E_HISP": 619, "M_HISP": 147, "E_ASIAN": 33, "M_ASIAN": 33, "E_AIAN": 57, "M_AIAN": 54, "E_NHPI": 0, "M_NHPI": 13, "E_TWOMORE": 109, "M_TWOMORE": 74, "E_OTHERRACE": 103, "M_OTHERRACE": 163, "EP_NOINT": 8.4, "MP_NOINT": 5.5, "EP_AFAM": 10.5, "MP_AFAM": 10.0, "EP_HISP": 30.5, "MP_HISP": 7.3, "EP_ASIAN": 1.6, "MP_ASIAN": 1.7, "EP_AIAN": 2.8, "MP_AIAN": 2.7, "EP_NHPI": 0.0, "MP_NHPI": 1.9, "EP_TWOMORE": 5.4, "MP_TWOMORE": 3.5, "EP_OTHERRACE": 5.1, "MP_OTHERRACE": 7.5, "Shape_Length": 0.051009363956612402, "Shape_Area": 0.0001176220354999075 }, "geometry": { "type": "MultiPolygon", "coordinates": [ [ [ [ -106.586482, 35.13093 ], [ -106.577652, 35.130857 ], [ -106.568664, 35.130763 ], [ -106.568739, 35.126196 ], [ -106.568768, 35.123542 ], [ -106.570726, 35.123597 ], [ -106.577266, 35.125069 ], [ -106.580477, 35.125195 ], [ -106.583756, 35.123311 ], [ -106.58643, 35.123293 ], [ -106.586482, 35.13093 ] ] ] ] } },
{ "type": "Feature", "properties": { "OBJECTID": 25, "ST": "35", "STATE": "New Mexico", "ST_ABBR": "NM", "STCNTY": "35001", "COUNTY": "Bernalillo County", "FIPS": "35001000204", "LOCATION": "Census Tract 2.04; Bernalillo County; New Mexico", "AREA_SQMI": 0.52479176891000001, "E_TOTPOP": 3070, "M_TOTPOP": 559, "E_HU": 1576, "M_HU": 345, "E_HH": 1494, "M_HH": 348, "E_POV150": 596, "M_POV150": 296, "E_UNEMP": 72, "M_UNEMP": 72, "E_HBURD": 379, "M_HBURD": 143, "E_NOHSDP": 93, "M_NOHSDP": 59, "E_UNINSUR": 66, "M_UNINSUR": 59, "E_AGE65": 791, "M_AGE65": 315, "E_AGE17": 468, "M_AGE17": 220, "E_DISABL": 835, "M_DISABL": 379, "E_SNGPNT": 93, "M_SNGPNT": 83, "E_LIMENG": 0, "M_LIMENG": 52, "E_MINRTY": 1753, "M_MINRTY": 699, "E_MUNIT": 182, "M_MUNIT": 85, "E_MOBILE": 0, "M_MOBILE": 13, "E_CROWD": 13, "M_CROWD": 23, "E_NOVEH": 74, "M_NOVEH": 78, "E_GROUPQ": 23, "M_GROUPQ": 6, "EP_POV150": 19.4, "MP_POV150": 9.0, "EP_UNEMP": 4.8, "MP_UNEMP": 4.8, "EP_HBURD": 25.4, "MP_HBURD": 7.5, "EP_NOHSDP": 4.0, "MP_NOHSDP": 2.8, "EP_UNINSUR": 2.1, "MP_UNINSUR": 1.9, "EP_AGE65": 25.8, "MP_AGE65": 9.1, "EP_AGE17": 15.2, "MP_AGE17": 5.9, "EP_DISABL": 27.2, "MP_DISABL": 9.9, "EP_SNGPNT": 6.2, "MP_SNGPNT": 5.4, "EP_LIMENG": 0.0, "MP_LIMENG": 1.8, "EP_MINRTY": 57.1, "MP_MINRTY": 20.3, "EP_MUNIT": 11.6, "MP_MUNIT": 4.8, "EP_MOBILE": 0.0, "MP_MOBILE": 2.5, "EP_CROWD": 0.9, "MP_CROWD": 1.5, "EP_NOVEH": 5.0, "MP_NOVEH": 5.2, "EP_GROUPQ": 0.7, "MP_GROUPQ": 0.1, "EPL_POV150": 0.275, "EPL_UNEMP": 0.4293, "EPL_HBURD": 0.545, "EPL_NOHSDP": 0.1874, "EPL_UNINSUR": 0.0717, "SPL_THEME1": 1.5084, "RPL_THEME1": 0.18, "EPL_AGE65": 0.8093, "EPL_AGE17": 0.194, "EPL_DISABL": 0.9217, "EPL_SNGPNT": 0.52, "EPL_LIMENG": 0.0, "SPL_THEME2": 2.445, "RPL_THEME2": 0.445, "EPL_MINRTY": 0.3682, "SPL_THEME3": 0.3682, "RPL_THEME3": 0.3682, "EPL_MUNIT": 0.8369, "EPL_MOBILE": 0.0, "EPL_CROWD": 0.3217, "EPL_NOVEH": 0.5733, "EPL_GROUPQ": 0.6385, "SPL_THEME4": 2.3704, "RPL_THEME4": 0.5317, "SPL_THEMES": 6.692, "RPL_THEMES": 0.3233, "F_POV150": 0, "F_UNEMP": 0, "F_HBURD": 0, "F_NOHSDP": 0, "F_UNINSUR": 0, "F_THEME1": 0, "F_AGE65": 0, "F_AGE17": 0, "F_DISABL": 1, "F_SNGPNT": 0, "F_LIMENG": 0, "F_THEME2": 1, "F_MINRTY": 0, "F_THEME3": 0, "F_MUNIT": 0, "F_MOBILE": 0, "F_CROWD": 0, "F_NOVEH": 0, "F_GROUPQ": 0, "F_THEME4": 0, "F_TOTAL": 1, "E_DAYPOP": 3890, "E_NOINT": 122, "M_NOINT": 64, "E_AFAM": 107, "M_AFAM": 77, "E_HISP": 1357, "M_HISP": 412, "E_ASIAN": 4, "M_ASIAN": 8, "E_AIAN": 146, "M_AIAN": 97, "E_NHPI": 0, "M_NHPI": 13, "E_TWOMORE": 139, "M_TWOMORE": 92, "E_OTHERRACE": 0, "M_OTHERRACE": 13, "EP_NOINT": 8.2, "MP_NOINT": 4.7, "EP_AFAM": 3.5, "MP_AFAM": 2.5, "EP_HISP": 44.2, "MP_HISP": 10.9, "EP_ASIAN": 0.1, "MP_ASIAN": 0.3, "EP_AIAN": 4.8, "MP_AIAN": 3.2, "EP_NHPI": 0.0, "MP_NHPI": 1.3, "EP_TWOMORE": 4.5, "MP_TWOMORE": 3.0, "EP_OTHERRACE": 0.0, "MP_OTHERRACE": 1.3, "Shape_Length": 0.050208285845997208, "Shape_Area": 0.00013416071349974258 }, "geometry": { "type": "MultiPolygon", "coordinates": [ [ [ [ -106.604067, 35.130951 ], [ -106.598628, 35.130903 ], [ -106.595298, 35.130926 ], [ -106.586482, 35.13093 ], [ -106.58643, 35.123293 ], [ -106.595292, 35.123305 ], [ -106.595765, 35.123304 ], [ -106.602886, 35.123316 ], [ -106.604118, 35.123717 ], [ -106.604067, 35.130951 ] ] ] ] } },
{ "type": "Feature", "properties": { "OBJECTID": 26, "ST": "35", "STATE": "New Mexico", "ST_ABBR": "NM", "STCNTY": "35001", "COUNTY": "Bernalillo County", "FIPS": "35001000205", "LOCATION": "Census Tract 2.05; Bernalillo County; New Mexico", "AREA_SQMI": 0.46971316030400001, "E_TOTPOP": 3065, "M_TOTPOP": 362, "E_HU": 1630, "M_HU": 154, "E_HH": 1435, "M_HH": 177, "E_POV150": 1070, "M_POV150": 335, "E_UNEMP": 69, "M_UNEMP": 47, "E_HBURD": 542, "M_HBURD": 149, "E_NOHSDP": 99, "M_NOHSDP": 61, "E_UNINSUR": 225, "M_UNINSUR": 99, "E_AGE65": 454, "M_AGE65": 86, "E_AGE17": 660, "M_AGE17": 169, "E_DISABL": 393, "M_DISABL": 95, "E_SNGPNT": 78, "M_SNGPNT": 58, "E_LIMENG": 33, "M_LIMENG": 59, "E_MINRTY": 1744, "M_MINRTY": 466, "E_MUNIT": 623, "M_MUNIT": 139, "E_MOBILE": 0, "M_MOBILE": 13, "E_CROWD": 39, "M_CROWD": 39, "E_NOVEH": 67, "M_NOVEH": 40, "E_GROUPQ": 3, "M_GROUPQ": 2, "EP_POV150": 34.9, "MP_POV150": 10.1, "EP_UNEMP": 3.8, "MP_UNEMP": 2.5, "EP_HBURD": 37.8, "MP_HBURD": 9.3, "EP_NOHSDP": 4.9, "MP_NOHSDP": 3.0, "EP_UNINSUR": 7.3, "MP_UNINSUR": 3.1, "EP_AGE65": 14.8, "MP_AGE65": 3.1, "EP_AGE17": 21.5, "MP_AGE17": 4.2, "EP_DISABL": 12.8, "MP_DISABL": 3.4, "EP_SNGPNT": 5.4, "MP_SNGPNT": 4.0, "EP_LIMENG": 1.2, "MP_LIMENG": 2.1, "EP_MINRTY": 56.9, "MP_MINRTY": 13.6, "EP_MUNIT": 38.2, "MP_MUNIT": 7.7, "EP_MOBILE": 0.0, "MP_MOBILE": 2.4, "EP_CROWD": 2.7, "MP_CROWD": 2.7, "EP_NOVEH": 4.7, "MP_NOVEH": 2.7, "EP_GROUPQ": 0.1, "MP_GROUPQ": 0.1, "EPL_POV150": 0.615, "EPL_UNEMP": 0.3394, "EPL_HBURD": 0.855, "EPL_NOHSDP": 0.2355, "EPL_UNINSUR": 0.445, "SPL_THEME1": 2.4899, "RPL_THEME1": 0.4983, "EPL_AGE65": 0.325, "EPL_AGE17": 0.4842, "EPL_DISABL": 0.29, "EPL_SNGPNT": 0.4417, "EPL_LIMENG": 0.3814, "SPL_THEME2": 1.9223, "RPL_THEME2": 0.195, "EPL_MINRTY": 0.3665, "SPL_THEME3": 0.3665, "RPL_THEME3": 0.3665, "EPL_MUNIT": 0.9617, "EPL_MOBILE": 0.0, "EPL_CROWD": 0.5467, "EPL_NOVEH": 0.5533, "EPL_GROUPQ": 0.4312, "SPL_THEME4": 2.4929, "RPL_THEME4": 0.5933, "SPL_THEMES": 7.2716, "RPL_THEMES": 0.4117, "F_POV150": 0, "F_UNEMP": 0, "F_HBURD": 0, "F_NOHSDP": 0, "F_UNINSUR": 0, "F_THEME1": 0, "F_AGE65": 0, "F_AGE17": 0, "F_DISABL": 0, "F_SNGPNT": 0, "F_LIMENG": 0, "F_THEME2": 0, "F_MINRTY": 0, "F_THEME3": 0, "F_MUNIT": 1, "F_MOBILE": 0, "F_CROWD": 0, "F_NOVEH": 0, "F_GROUPQ": 0, "F_THEME4": 1, "F_TOTAL": 1, "E_DAYPOP": 2634, "E_NOINT": 173, "M_NOINT": 72, "E_AFAM": 53, "M_AFAM": 57, "E_HISP": 1380, "M_HISP": 333, "E_ASIAN": 71, "M_ASIAN": 61, "E_AIAN": 198, "M_AIAN": 141, "E_NHPI": 0, "M_NHPI": 13, "E_TWOMORE": 23, "M_TWOMORE": 26, "E_OTHERRACE": 19, "M_OTHERRACE": 29, "EP_NOINT": 12.1, "MP_NOINT": 5.0, "EP_AFAM": 1.7, "MP_AFAM": 1.8, "EP_HISP": 45.0, "MP_HISP": 8.9, "EP_ASIAN": 2.3, "MP_ASIAN": 2.0, "EP_AIAN": 6.5, "MP_AIAN": 4.7, "EP_NHPI": 0.0, "MP_NHPI": 1.3, "EP_TWOMORE": 0.8, "MP_TWOMORE": 0.9, "EP_OTHERRACE": 0.6, "MP_OTHERRACE": 1.0, "Shape_Length": 0.049462826732504267, "Shape_Area": 0.00012047725550009171 }, "geometry": { "type": "MultiPolygon", "coordinates": [ [ [ [ -106.604102, 35.120113 ], [ -106.604118, 35.123717 ], [ -106.602886, 35.123316 ], [ -106.595765, 35.123304 ], [ -106.595292, 35.123305 ], [ -106.58643, 35.123293 ], [ -106.586415, 35.119852 ], [ -106.586412, 35.11649 ], [ -106.593763, 35.116514 ], [ -106.595796, 35.116508 ], [ -106.598074, 35.116514 ], [ -106.604123, 35.11652 ], [ -106.604102, 35.120113 ] ] ] ] } },
{ "type": "Feature", "properties": { "OBJECTID": 27, "ST": "35", "STATE": "New Mexico", "ST_ABBR": "NM", "STCNTY": "35001", "COUNTY": "Bernalillo County", "FIPS": "35001000206", "LOCATION": "Census Tract 2.06; Bernalillo County; New Mexico", "AREA_SQMI": 0.54123546698799996, "E_TOTPOP": 3363, "M_TOTPOP": 542, "E_HU": 1307, "M_HU": 245, "E_HH": 1262, "M_HH": 252, "E_POV150": 1056, "M_POV150": 412, "E_UNEMP": 217, "M_UNEMP": 127, "E_HBURD": 372, "M_HBURD": 148, "E_NOHSDP": 157, "M_NOHSDP": 71, "E_UNINSUR": 423, "M_UNINSUR": 250, "E_AGE65": 490, "M_AGE65": 94, "E_AGE17": 657, "M_AGE17": 245, "E_DISABL": 348, "M_DISABL": 151, "E_SNGPNT": 45, "M_SNGPNT": 66, "E_LIMENG": 28, "M_LIMENG": 56, "E_MINRTY": 1684, "M_MINRTY": 758, "E_MUNIT": 0, "M_MUNIT": 18, "E_MOBILE": 0, "M_MOBILE": 13, "E_CROWD": 59, "M_CROWD": 57, "E_NOVEH": 11, "M_NOVEH": 17, "E_GROUPQ": 9, "M_GROUPQ": 3, "EP_POV150": 31.8, "MP_POV150": 11.3, "EP_UNEMP": 11.7, "MP_UNEMP": 6.3, "EP_HBURD": 29.5, "MP_HBURD": 10.1, "EP_NOHSDP": 6.9, "MP_NOHSDP": 3.2, "EP_UNINSUR": 12.8, "MP_UNINSUR": 6.5, "EP_AGE65": 14.6, "MP_AGE65": 3.3, "EP_AGE17": 19.5, "MP_AGE17": 6.6, "EP_DISABL": 10.5, "MP_DISABL": 4.7, "EP_SNGPNT": 3.6, "MP_SNGPNT": 5.2, "EP_LIMENG": 0.8, "MP_LIMENG": 1.7, "EP_MINRTY": 50.1, "MP_MINRTY": 21.0, "EP_MUNIT": 0.0, "MP_MUNIT": 1.4, "EP_MOBILE": 0.0, "MP_MOBILE": 3.0, "EP_CROWD": 4.7, "MP_CROWD": 4.4, "EP_NOVEH": 0.9, "MP_NOVEH": 1.4, "EP_GROUPQ": 0.3, "MP_GROUPQ": 0.1, "EPL_POV150": 0.5533, "EPL_UNEMP": 0.8519, "EPL_HBURD": 0.675, "EPL_NOHSDP": 0.3217, "EPL_UNINSUR": 0.7317, "SPL_THEME1": 3.1336, "RPL_THEME1": 0.7133, "EPL_AGE65": 0.3151, "EPL_AGE17": 0.3698, "EPL_DISABL": 0.1417, "EPL_SNGPNT": 0.275, "EPL_LIMENG": 0.3002, "SPL_THEME2": 1.4018, "RPL_THEME2": 0.0367, "EPL_MINRTY": 0.262, "SPL_THEME3": 0.262, "RPL_THEME3": 0.262, "EPL_MUNIT": 0.0, "EPL_MOBILE": 0.0, "EPL_CROWD": 0.725, "EPL_NOVEH": 0.1633, "EPL_GROUPQ": 0.539, "SPL_THEME4": 1.4273, "RPL_THEME4": 0.1617, "SPL_THEMES": 6.2247, "RPL_THEMES": 0.2533, "F_POV150": 0, "F_UNEMP": 0, "F_HBURD": 0, "F_NOHSDP": 0, "F_UNINSUR": 0, "F_THEME1": 0, "F_AGE65": 0, "F_AGE17": 0, "F_DISABL": 0, "F_SNGPNT": 0, "F_LIMENG": 0, "F_THEME2": 0, "F_MINRTY": 0, "F_THEME3": 0, "F_MUNIT": 0, "F_MOBILE": 0, "F_CROWD": 0, "F_NOVEH": 0, "F_GROUPQ": 0, "F_THEME4": 0, "F_TOTAL": 0, "E_DAYPOP": 1196, "E_NOINT": 150, "M_NOINT": 75, "E_AFAM": 153, "M_AFAM": 94, "E_HISP": 918, "M_HISP": 282, "E_ASIAN": 15, "M_ASIAN": 25, "E_AIAN": 144, "M_AIAN": 110, "E_NHPI": 0, "M_NHPI": 13, "E_TWOMORE": 454, "M_TWOMORE": 289, "E_OTHERRACE": 0, "M_OTHERRACE": 13, "EP_NOINT": 11.9, "MP_NOINT": 6.2, "EP_AFAM": 4.5, "MP_AFAM": 2.8, "EP_HISP": 27.3, "MP_HISP": 9.4, "EP_ASIAN": 0.4, "MP_ASIAN": 0.7, "EP_AIAN": 4.3, "MP_AIAN": 3.3, "EP_NHPI": 0.0, "MP_NHPI": 1.2, "EP_TWOMORE": 13.5, "MP_TWOMORE": 8.2, "EP_OTHERRACE": 0.0, "MP_OTHERRACE": 1.2, "Shape_Length": 0.049758374693840819, "Shape_Area": 0.00013723516350038124 }, "geometry": { "type": "MultiPolygon", "coordinates": [ [ [ [ -106.58643, 35.123293 ], [ -106.583756, 35.123311 ], [ -106.580477, 35.125195 ], [ -106.577266, 35.125069 ], [ -106.570726, 35.123597 ], [ -106.568768, 35.123542 ], [ -106.568909, 35.116424 ], [ -106.57764, 35.116412 ], [ -106.583727, 35.116406 ], [ -106.586412, 35.11649 ], [ -106.586415, 35.119852 ], [ -106.58643, 35.123293 ] ] ] ] } },
{ "type": "Feature", "properties": { "OBJECTID": 28, "ST": "35", "STATE": "New Mexico", "ST_ABBR": "NM", "STCNTY": "35001", "COUNTY": "Bernalillo County", "FIPS": "35001000207", "LOCATION": "Census Tract 2.07; Bernalillo County; New Mexico", "AREA_SQMI": 0.96679747749, "E_TOTPOP": 2665, "M_TOTPOP": 466, "E_HU": 1404, "M_HU": 154, "E_HH": 1264, "M_HH": 181, "E_POV150": 582, "M_POV150": 234, "E_UNEMP": 37, "M_UNEMP": 35, "E_HBURD": 388, "M_HBURD": 136, "E_NOHSDP": 76, "M_NOHSDP": 43, "E_UNINSUR": 192, "M_UNINSUR": 97, "E_AGE65": 564, "M_AGE65": 82, "E_AGE17": 501, "M_AGE17": 170, "E_DISABL": 297, "M_DISABL": 85, "E_SNGPNT": 129, "M_SNGPNT": 67, "E_LIMENG": 23, "M_LIMENG": 61, "E_MINRTY": 1702, "M_MINRTY": 492, "E_MUNIT": 247, "M_MUNIT": 103, "E_MOBILE": 0, "M_MOBILE": 13, "E_CROWD": 10, "M_CROWD": 21, "E_NOVEH": 0, "M_NOVEH": 13, "E_GROUPQ": 49, "M_GROUPQ": 9, "EP_POV150": 21.8, "MP_POV150": 7.9, "EP_UNEMP": 2.6, "MP_UNEMP": 2.5, "EP_HBURD": 30.7, "MP_HBURD": 9.8, "EP_NOHSDP": 3.8, "MP_NOHSDP": 2.2, "EP_UNINSUR": 7.2, "MP_UNINSUR": 4.0, "EP_AGE65": 21.2, "MP_AGE65": 3.2, "EP_AGE17": 18.8, "MP_AGE17": 5.1, "EP_DISABL": 11.1, "MP_DISABL": 3.3, "EP_SNGPNT": 10.2, "MP_SNGPNT": 5.1, "EP_LIMENG": 0.9, "MP_LIMENG": 2.3, "EP_MINRTY": 63.9, "MP_MINRTY": 14.7, "EP_MUNIT": 17.6, "MP_MUNIT": 7.1, "EP_MOBILE": 0.0, "MP_MOBILE": 2.8, "EP_CROWD": 0.8, "MP_CROWD": 1.7, "EP_NOVEH": 0.0, "MP_NOVEH": 3.1, "EP_GROUPQ": 1.8, "MP_GROUPQ": 0.1, "EPL_POV150": 0.3283, "EPL_UNEMP": 0.2196, "EPL_HBURD": 0.7067, "EPL_NOHSDP": 0.1774, "EPL_UNINSUR": 0.4367, "SPL_THEME1": 1.8687, "RPL_THEME1": 0.2817, "EPL_AGE65": 0.6733, "EPL_AGE17": 0.3516, "EPL_DISABL": 0.185, "EPL_SNGPNT": 0.7833, "EPL_LIMENG": 0.3234, "SPL_THEME2": 2.3166, "RPL_THEME2": 0.3783, "EPL_MINRTY": 0.5091, "SPL_THEME3": 0.5091, "RPL_THEME3": 0.5091, "EPL_MUNIT": 0.8952, "EPL_MOBILE": 0.0, "EPL_CROWD": 0.305, "EPL_NOVEH": 0.0, "EPL_GROUPQ": 0.7595, "SPL_THEME4": 1.9597, "RPL_THEME4": 0.355, "SPL_THEMES": 6.6541, "RPL_THEMES": 0.3117, "F_POV150": 0, "F_UNEMP": 0, "F_HBURD": 0, "F_NOHSDP": 0, "F_UNINSUR": 0, "F_THEME1": 0, "F_AGE65": 0, "F_AGE17": 0, "F_DISABL": 0, "F_SNGPNT": 0, "F_LIMENG": 0, "F_THEME2": 0, "F_MINRTY": 0, "F_THEME3": 0, "F_MUNIT": 0, "F_MOBILE": 0, "F_CROWD": 0, "F_NOVEH": 0, "F_GROUPQ": 0, "F_THEME4": 0, "F_TOTAL": 0, "E_DAYPOP": 13777, "E_NOINT": 160, "M_NOINT": 72, "E_AFAM": 85, "M_AFAM": 75, "E_HISP": 1146, "M_HISP": 305, "E_ASIAN": 37, "M_ASIAN": 38, "E_AIAN": 47, "M_AIAN": 41, "E_NHPI": 0, "M_NHPI": 13, "E_TWOMORE": 376, "M_TWOMORE": 245, "E_OTHERRACE": 11, "M_OTHERRACE": 19, "EP_NOINT": 12.7, "MP_NOINT": 6.0, "EP_AFAM": 3.2, "MP_AFAM": 2.5, "EP_HISP": 43.0, "MP_HISP": 7.6, "EP_ASIAN": 1.4, "MP_ASIAN": 1.4, "EP_AIAN": 1.8, "MP_AIAN": 1.6, "EP_NHPI": 0.0, "MP_NHPI": 1.5, "EP_TWOMORE": 14.1, "MP_TWOMORE": 8.2, "EP_OTHERRACE": 0.4, "MP_OTHERRACE": 0.7, "Shape_Length": 0.067073510337311723, "Shape_Area": 0.00024888145049998872 }, "geometry": { "type": "MultiPolygon", "coordinates": [ [ [ [ -106.587839, 35.105426 ], [ -106.58634, 35.109171 ], [ -106.586412, 35.11649 ], [ -106.583727, 35.116406 ], [ -106.57764, 35.116412 ], [ -106.568909, 35.116424 ], [ -106.568849, 35.109127 ], [ -106.568761, 35.101869 ], [ -106.5746, 35.101913 ], [ -106.577581, 35.103683 ], [ -106.577573, 35.101215 ], [ -106.584171, 35.103675 ], [ -106.587469, 35.103935 ], [ -106.587839, 35.105426 ] ] ] ] } },
{ "type": "Feature", "properties": { "OBJECTID": 29, "ST": "35", "STATE": "New Mexico", "ST_ABBR": "NM", "STCNTY": "35001", "COUNTY": "Bernalillo County", "FIPS": "35001000208", "LOCATION": "Census Tract 2.08; Bernalillo County; New Mexico", "AREA_SQMI": 0.83377298322600002, "E_TOTPOP": 2780, "M_TOTPOP": 459, "E_HU": 1414, "M_HU": 248, "E_HH": 1372, "M_HH": 256, "E_POV150": 1173, "M_POV150": 392, "E_UNEMP": 93, "M_UNEMP": 45, "E_HBURD": 666, "M_HBURD": 228, "E_NOHSDP": 210, "M_NOHSDP": 98, "E_UNINSUR": 114, "M_UNINSUR": 93, "E_AGE65": 465, "M_AGE65": 114, "E_AGE17": 432, "M_AGE17": 90, "E_DISABL": 642, "M_DISABL": 203, "E_SNGPNT": 69, "M_SNGPNT": 51, "E_LIMENG": 101, "M_LIMENG": 139, "E_MINRTY": 1884, "M_MINRTY": 497, "E_MUNIT": 4, "M_MUNIT": 17, "E_MOBILE": 59, "M_MOBILE": 39, "E_CROWD": 30, "M_CROWD": 37, "E_NOVEH": 55, "M_NOVEH": 48, "E_GROUPQ": 7, "M_GROUPQ": 2, "EP_POV150": 42.2, "MP_POV150": 12.3, "EP_UNEMP": 6.4, "MP_UNEMP": 3.3, "EP_HBURD": 48.5, "MP_HBURD": 13.9, "EP_NOHSDP": 9.8, "MP_NOHSDP": 4.8, "EP_UNINSUR": 4.1, "MP_UNINSUR": 3.4, "EP_AGE65": 16.7, "MP_AGE65": 4.0, "EP_AGE17": 15.5, "MP_AGE17": 2.7, "EP_DISABL": 23.1, "MP_DISABL": 6.0, "EP_SNGPNT": 5.0, "MP_SNGPNT": 3.6, "EP_LIMENG": 3.8, "MP_LIMENG": 5.2, "EP_MINRTY": 67.8, "MP_MINRTY": 13.9, "EP_MUNIT": 0.3, "MP_MUNIT": 1.2, "EP_MOBILE": 4.2, "MP_MOBILE": 2.9, "EP_CROWD": 2.2, "MP_CROWD": 2.7, "EP_NOVEH": 4.0, "MP_NOVEH": 3.7, "EP_GROUPQ": 0.3, "MP_GROUPQ": 0.1, "EPL_POV150": 0.765, "EPL_UNEMP": 0.589, "EPL_HBURD": 0.9683, "EPL_NOHSDP": 0.4378, "EPL_UNINSUR": 0.2133, "SPL_THEME1": 2.9734, "RPL_THEME1": 0.6667, "EPL_AGE65": 0.4428, "EPL_AGE17": 0.2056, "EPL_DISABL": 0.84, "EPL_SNGPNT": 0.4017, "EPL_LIMENG": 0.6965, "SPL_THEME2": 2.5866, "RPL_THEME2": 0.5433, "EPL_MINRTY": 0.5887, "SPL_THEME3": 0.5887, "RPL_THEME3": 0.5887, "EPL_MUNIT": 0.4576, "EPL_MOBILE": 0.376, "EPL_CROWD": 0.4867, "EPL_NOVEH": 0.5167, "EPL_GROUPQ": 0.539, "SPL_THEME4": 2.376, "RPL_THEME4": 0.5367, "SPL_THEMES": 8.5247, "RPL_THEMES": 0.6267, "F_POV150": 0, "F_UNEMP": 0, "F_HBURD": 1, "F_NOHSDP": 0, "F_UNINSUR": 0, "F_THEME1": 1, "F_AGE65": 0, "F_AGE17": 0, "F_DISABL": 0, "F_SNGPNT": 0, "F_LIMENG": 0, "F_THEME2": 0, "F_MINRTY": 0, "F_THEME3": 0, "F_MUNIT": 0, "F_MOBILE": 0, "F_CROWD": 0, "F_NOVEH": 0, "F_GROUPQ": 0, "F_THEME4": 0, "F_TOTAL": 1, "E_DAYPOP": 8042, "E_NOINT": 206, "M_NOINT": 111, "E_AFAM": 145, "M_AFAM": 126, "E_HISP": 1403, "M_HISP": 467, "E_ASIAN": 100, "M_ASIAN": 136, "E_AIAN": 51, "M_AIAN": 90, "E_NHPI": 0, "M_NHPI": 13, "E_TWOMORE": 36, "M_TWOMORE": 41, "E_OTHERRACE": 149, "M_OTHERRACE": 228, "EP_NOINT": 15.0, "MP_NOINT": 8.0, "EP_AFAM": 5.2, "MP_AFAM": 4.4, "EP_HISP": 50.5, "MP_HISP": 12.9, "EP_ASIAN": 3.6, "MP_ASIAN": 4.7, "EP_AIAN": 1.8, "MP_AIAN": 3.2, "EP_NHPI": 0.0, "MP_NHPI": 1.4, "EP_TWOMORE": 1.3, "MP_TWOMORE": 1.5, "EP_OTHERRACE": 5.4, "MP_OTHERRACE": 8.2, "Shape_Length": 0.058775536814254695, "Shape_Area": 0.00021345402000007036 }, "geometry": { "type": "MultiPolygon", "coordinates": [ [ [ [ -106.604152, 35.109257 ], [ -106.604123, 35.11652 ], [ -106.598074, 35.116514 ], [ -106.595796, 35.116508 ], [ -106.593763, 35.116514 ], [ -106.586412, 35.11649 ], [ -106.58634, 35.109171 ], [ -106.587839, 35.105426 ], [ -106.587469, 35.103935 ], [ -106.595489, 35.104133 ], [ -106.600262, 35.10436 ], [ -106.604197, 35.105162 ], [ -106.604152, 35.109257 ] ] ] ] } },
{ "type": "Feature", "properties": { "OBJECTID": 30, "ST": "35", "STATE": "New Mexico", "ST_ABBR": "NM", "STCNTY": "35001", "COUNTY": "Bernalillo County", "FIPS": "35001000300", "LOCATION": "Census Tract 3; Bernalillo County; New Mexico", "AREA_SQMI": 1.4749301034060001, "E_TOTPOP": 6137, "M_TOTPOP": 685, "E_HU": 3005, "M_HU": 327, "E_HH": 2792, "M_HH": 339, "E_POV150": 1512, "M_POV150": 465, "E_UNEMP": 107, "M_UNEMP": 64, "E_HBURD": 814, "M_HBURD": 279, "E_NOHSDP": 89, "M_NOHSDP": 57, "E_UNINSUR": 201, "M_UNINSUR": 138, "E_AGE65": 1004, "M_AGE65": 153, "E_AGE17": 951, "M_AGE17": 240, "E_DISABL": 449, "M_DISABL": 190, "E_SNGPNT": 197, "M_SNGPNT": 136, "E_LIMENG": 19, "M_LIMENG": 79, "E_MINRTY": 2759, "M_MINRTY": 762, "E_MUNIT": 569, "M_MUNIT": 200, "E_MOBILE": 0, "M_MOBILE": 19, "E_CROWD": 28, "M_CROWD": 47, "E_NOVEH": 130, "M_NOVEH": 97, "E_GROUPQ": 147, "M_GROUPQ": 11, "EP_POV150": 25.3, "MP_POV150": 7.2, "EP_UNEMP": 2.9, "MP_UNEMP": 1.7, "EP_HBURD": 29.2, "MP_HBURD": 9.3, "EP_NOHSDP": 2.2, "MP_NOHSDP": 1.4, "EP_UNINSUR": 3.3, "MP_UNINSUR": 2.2, "EP_AGE65": 16.4, "MP_AGE65": 2.9, "EP_AGE17": 15.5, "MP_AGE17": 3.2, "EP_DISABL": 7.5, "MP_DISABL": 3.2, "EP_SNGPNT": 7.0, "MP_SNGPNT": 4.8, "EP_LIMENG": 0.3, "MP_LIMENG": 1.3, "EP_MINRTY": 45.0, "MP_MINRTY": 11.4, "EP_MUNIT": 18.9, "MP_MUNIT": 6.3, "EP_MOBILE": 0.0, "MP_MOBILE": 1.3, "EP_CROWD": 1.0, "MP_CROWD": 1.7, "EP_NOVEH": 4.7, "MP_NOVEH": 3.4, "EP_GROUPQ": 2.4, "MP_GROUPQ": 0.3, "EPL_POV150": 0.4033, "EPL_UNEMP": 0.2562, "EPL_HBURD": 0.6567, "EPL_NOHSDP": 0.0846, "EPL_UNINSUR": 0.1417, "SPL_THEME1": 1.5425, "RPL_THEME1": 0.19, "EPL_AGE65": 0.4279, "EPL_AGE17": 0.2056, "EPL_DISABL": 0.0433, "EPL_SNGPNT": 0.58, "EPL_LIMENG": 0.1891, "SPL_THEME2": 1.4459, "RPL_THEME2": 0.0467, "EPL_MINRTY": 0.1891, "SPL_THEME3": 0.1891, "RPL_THEME3": 0.1891, "EPL_MUNIT": 0.9035, "EPL_MOBILE": 0.0, "EPL_CROWD": 0.34, "EPL_NOVEH": 0.5533, "EPL_GROUPQ": 0.8159, "SPL_THEME4": 2.6127, "RPL_THEME4": 0.65, "SPL_THEMES": 5.7902, "RPL_THEMES": 0.2, "F_POV150": 0, "F_UNEMP": 0, "F_HBURD": 0, "F_NOHSDP": 0, "F_UNINSUR": 0, "F_THEME1": 0, "F_AGE65": 0, "F_AGE17": 0, "F_DISABL": 0, "F_SNGPNT": 0, "F_LIMENG": 0, "F_THEME2": 0, "F_MINRTY": 0, "F_THEME3": 0, "F_MUNIT": 1, "F_MOBILE": 0, "F_CROWD": 0, "F_NOVEH": 0, "F_GROUPQ": 0, "F_THEME4": 1, "F_TOTAL": 1, "E_DAYPOP": 5587, "E_NOINT": 147, "M_NOINT": 98, "E_AFAM": 135, "M_AFAM": 88, "E_HISP": 1912, "M_HISP": 535, "E_ASIAN": 292, "M_ASIAN": 187, "E_AIAN": 84, "M_AIAN": 76, "E_NHPI": 0, "M_NHPI": 19, "E_TWOMORE": 261, "M_TWOMORE": 156, "E_OTHERRACE": 75, "M_OTHERRACE": 89, "EP_NOINT": 5.3, "MP_NOINT": 3.5, "EP_AFAM": 2.2, "MP_AFAM": 1.5, "EP_HISP": 31.2, "MP_HISP": 6.5, "EP_ASIAN": 4.8, "MP_ASIAN": 2.8, "EP_AIAN": 1.4, "MP_AIAN": 1.2, "EP_NHPI": 0.0, "MP_NHPI": 0.6, "EP_TWOMORE": 4.3, "MP_TWOMORE": 2.4, "EP_OTHERRACE": 1.2, "MP_OTHERRACE": 1.4, "Shape_Length": 0.11507534692455296, "Shape_Area": 0.00037808785000037937 }, "geometry": { "type": "MultiPolygon", "coordinates": [ [ [ [ -106.634312, 35.091391 ], [ -106.629239, 35.105546 ], [ -106.617998, 35.10753 ], [ -106.61608, 35.10759 ], [ -106.614945, 35.107568 ], [ -106.612626, 35.107102 ], [ -106.604197, 35.105162 ], [ -106.60423, 35.10013 ], [ -106.604363, 35.094798 ], [ -106.604248, 35.087492 ], [ -106.606581, 35.087509 ], [ -106.607629, 35.087483 ], [ -106.613153, 35.0875 ], [ -106.614281, 35.087497 ], [ -106.614219, 35.091079 ], [ -106.61755, 35.091058 ], [ -106.617548, 35.092085 ], [ -106.617552, 35.092858 ], [ -106.617507, 35.098318 ], [ -106.62188, 35.098546 ], [ -106.621889, 35.101987 ], [ -106.623036, 35.101949 ], [ -106.624144, 35.101566 ], [ -106.62737, 35.099001 ], [ -106.625259, 35.09031 ], [ -106.628712, 35.091826 ], [ -106.632181, 35.092028 ], [ -106.634312, 35.091391 ] ] ] ] } },
{ "type": "Feature", "properties": { "OBJECTID": 31, "ST": "35", "STATE": "New Mexico", "ST_ABBR": "NM", "STCNTY": "35001", "COUNTY": "Bernalillo County", "FIPS": "35001000401", "LOCATION": "Census Tract 4.01; Bernalillo County; New Mexico", "AREA_SQMI": 0.94201783723199994, "E_TOTPOP": 4348, "M_TOTPOP": 845, "E_HU": 2084, "M_HU": 286, "E_HH": 1898, "M_HH": 321, "E_POV150": 980, "M_POV150": 372, "E_UNEMP": 87, "M_UNEMP": 80, "E_HBURD": 623, "M_HBURD": 267, "E_NOHSDP": 71, "M_NOHSDP": 61, "E_UNINSUR": 145, "M_UNINSUR": 85, "E_AGE65": 618, "M_AGE65": 116, "E_AGE17": 866, "M_AGE17": 464, "E_DISABL": 332, "M_DISABL": 137, "E_SNGPNT": 100, "M_SNGPNT": 75, "E_LIMENG": 109, "M_LIMENG": 128, "E_MINRTY": 2632, "M_MINRTY": 914, "E_MUNIT": 356, "M_MUNIT": 150, "E_MOBILE": 14, "M_MOBILE": 29, "E_CROWD": 53, "M_CROWD": 51, "E_NOVEH": 115, "M_NOVEH": 89, "E_GROUPQ": 34, "M_GROUPQ": 5, "EP_POV150": 22.6, "MP_POV150": 7.4, "EP_UNEMP": 3.7, "MP_UNEMP": 3.4, "EP_HBURD": 32.8, "MP_HBURD": 12.9, "EP_NOHSDP": 2.4, "MP_NOHSDP": 2.0, "EP_UNINSUR": 3.4, "MP_UNINSUR": 1.9, "EP_AGE65": 14.2, "MP_AGE65": 3.5, "EP_AGE17": 19.9, "MP_AGE17": 8.0, "EP_DISABL": 7.8, "MP_DISABL": 3.3, "EP_SNGPNT": 5.3, "MP_SNGPNT": 3.8, "EP_LIMENG": 2.7, "MP_LIMENG": 3.2, "EP_MINRTY": 60.5, "MP_MINRTY": 17.4, "EP_MUNIT": 17.1, "MP_MUNIT": 6.8, "EP_MOBILE": 0.7, "MP_MOBILE": 1.4, "EP_CROWD": 2.8, "MP_CROWD": 2.6, "EP_NOVEH": 6.1, "MP_NOVEH": 4.6, "EP_GROUPQ": 0.8, "MP_GROUPQ": 0.2, "EPL_POV150": 0.34, "EPL_UNEMP": 0.3278, "EPL_HBURD": 0.7567, "EPL_NOHSDP": 0.0962, "EPL_UNINSUR": 0.1583, "SPL_THEME1": 1.679, "RPL_THEME1": 0.2267, "EPL_AGE65": 0.2935, "EPL_AGE17": 0.393, "EPL_DISABL": 0.05, "EPL_SNGPNT": 0.4267, "EPL_LIMENG": 0.6053, "SPL_THEME2": 1.7685, "RPL_THEME2": 0.145, "EPL_MINRTY": 0.4378, "SPL_THEME3": 0.4378, "RPL_THEME3": 0.4378, "EPL_MUNIT": 0.8885, "EPL_MOBILE": 0.2496, "EPL_CROWD": 0.5617, "EPL_NOVEH": 0.64, "EPL_GROUPQ": 0.6633, "SPL_THEME4": 3.0031, "RPL_THEME4": 0.8367, "SPL_THEMES": 6.8884, "RPL_THEMES": 0.3383, "F_POV150": 0, "F_UNEMP": 0, "F_HBURD": 0, "F_NOHSDP": 0, "F_UNINSUR": 0, "F_THEME1": 0, "F_AGE65": 0, "F_AGE17": 0, "F_DISABL": 0, "F_SNGPNT": 0, "F_LIMENG": 0, "F_THEME2": 0, "F_MINRTY": 0, "F_THEME3": 0, "F_MUNIT": 0, "F_MOBILE": 0, "F_CROWD": 0, "F_NOVEH": 0, "F_GROUPQ": 0, "F_THEME4": 0, "F_TOTAL": 0, "E_DAYPOP": 6390, "E_NOINT": 139, "M_NOINT": 84, "E_AFAM": 49, "M_AFAM": 60, "E_HISP": 2041, "M_HISP": 653, "E_ASIAN": 302, "M_ASIAN": 225, "E_AIAN": 98, "M_AIAN": 113, "E_NHPI": 0, "M_NHPI": 13, "E_TWOMORE": 142, "M_TWOMORE": 97, "E_OTHERRACE": 0, "M_OTHERRACE": 13, "EP_NOINT": 7.3, "MP_NOINT": 4.5, "EP_AFAM": 1.1, "MP_AFAM": 1.4, "EP_HISP": 46.9, "MP_HISP": 8.7, "EP_ASIAN": 6.9, "MP_ASIAN": 5.2, "EP_AIAN": 2.3, "MP_AIAN": 2.5, "EP_NHPI": 0.0, "MP_NHPI": 0.9, "EP_TWOMORE": 3.3, "MP_TWOMORE": 2.3, "EP_OTHERRACE": 0.0, "MP_OTHERRACE": 0.9, "Shape_Length": 0.070909709882436694, "Shape_Area": 0.00024141797750001874 }, "geometry": { "type": "MultiPolygon", "coordinates": [ [ [ [ -106.60423, 35.10013 ], [ -106.604197, 35.105162 ], [ -106.600262, 35.10436 ], [ -106.595489, 35.104133 ], [ -106.587469, 35.103935 ], [ -106.584171, 35.103675 ], [ -106.577573, 35.101215 ], [ -106.577479, 35.094729 ], [ -106.577568, 35.094727 ], [ -106.586305, 35.094663 ], [ -106.591883, 35.094721 ], [ -106.592994, 35.094723 ], [ -106.598802, 35.094712 ], [ -106.59969, 35.094807 ], [ -106.603363, 35.094839 ], [ -106.604363, 35.094798 ], [ -106.60423, 35.10013 ] ] ] ] } },
{ "type": "Feature", "properties": { "OBJECTID": 32, "ST": "35", "STATE": "New Mexico", "ST_ABBR": "NM", "STCNTY": "35001", "COUNTY": "Bernalillo County", "FIPS": "35001000402", "LOCATION": "Census Tract 4.02; Bernalillo County; New Mexico", "AREA_SQMI": 0.76191052067999998, "E_TOTPOP": 3586, "M_TOTPOP": 415, "E_HU": 1615, "M_HU": 119, "E_HH": 1504, "M_HH": 136, "E_POV150": 734, "M_POV150": 261, "E_UNEMP": 111, "M_UNEMP": 104, "E_HBURD": 254, "M_HBURD": 89, "E_NOHSDP": 182, "M_NOHSDP": 93, "E_UNINSUR": 73, "M_UNINSUR": 58, "E_AGE65": 549, "M_AGE65": 129, "E_AGE17": 830, "M_AGE17": 255, "E_DISABL": 400, "M_DISABL": 113, "E_SNGPNT": 69, "M_SNGPNT": 73, "E_LIMENG": 0, "M_LIMENG": 52, "E_MINRTY": 1645, "M_MINRTY": 518, "E_MUNIT": 54, "M_MUNIT": 31, "E_MOBILE": 0, "M_MOBILE": 13, "E_CROWD": 21, "M_CROWD": 36, "E_NOVEH": 40, "M_NOVEH": 33, "E_GROUPQ": 31, "M_GROUPQ": 5, "EP_POV150": 20.5, "MP_POV150": 6.9, "EP_UNEMP": 5.5, "MP_UNEMP": 4.7, "EP_HBURD": 16.9, "MP_HBURD": 5.7, "EP_NOHSDP": 7.2, "MP_NOHSDP": 3.7, "EP_UNINSUR": 2.0, "MP_UNINSUR": 1.6, "EP_AGE65": 15.3, "MP_AGE65": 3.9, "EP_AGE17": 23.1, "MP_AGE17": 5.5, "EP_DISABL": 11.2, "MP_DISABL": 3.4, "EP_SNGPNT": 4.6, "MP_SNGPNT": 4.8, "EP_LIMENG": 0.0, "MP_LIMENG": 1.6, "EP_MINRTY": 45.9, "MP_MINRTY": 13.4, "EP_MUNIT": 3.3, "MP_MUNIT": 1.9, "EP_MOBILE": 0.0, "MP_MOBILE": 2.4, "EP_CROWD": 1.4, "MP_CROWD": 2.4, "EP_NOVEH": 2.7, "MP_NOVEH": 2.2, "EP_GROUPQ": 0.9, "MP_GROUPQ": 0.1, "EPL_POV150": 0.295, "EPL_UNEMP": 0.4992, "EPL_HBURD": 0.26, "EPL_NOHSDP": 0.33, "EPL_UNINSUR": 0.07, "SPL_THEME1": 1.4542, "RPL_THEME1": 0.16, "EPL_AGE65": 0.3615, "EPL_AGE17": 0.5605, "EPL_DISABL": 0.19, "EPL_SNGPNT": 0.3683, "EPL_LIMENG": 0.0, "SPL_THEME2": 1.4803, "RPL_THEME2": 0.06, "EPL_MINRTY": 0.2007, "SPL_THEME3": 0.2007, "RPL_THEME3": 0.2007, "EPL_MUNIT": 0.6306, "EPL_MOBILE": 0.0, "EPL_CROWD": 0.39, "EPL_NOVEH": 0.3733, "EPL_GROUPQ": 0.6799, "SPL_THEME4": 2.0738, "RPL_THEME4": 0.395, "SPL_THEMES": 5.209, "RPL_THEMES": 0.135, "F_POV150": 0, "F_UNEMP": 0, "F_HBURD": 0, "F_NOHSDP": 0, "F_UNINSUR": 0, "F_THEME1": 0, "F_AGE65": 0, "F_AGE17": 0, "F_DISABL": 0, "F_SNGPNT": 0, "F_LIMENG": 0, "F_THEME2": 0, "F_MINRTY": 0, "F_THEME3": 0, "F_MUNIT": 0, "F_MOBILE": 0, "F_CROWD": 0, "F_NOVEH": 0, "F_GROUPQ": 0, "F_THEME4": 0, "F_TOTAL": 0, "E_DAYPOP": 5342, "E_NOINT": 176, "M_NOINT": 86, "E_AFAM": 76, "M_AFAM": 84, "E_HISP": 951, "M_HISP": 304, "E_ASIAN": 65, "M_ASIAN": 72, "E_AIAN": 68, "M_AIAN": 59, "E_NHPI": 0, "M_NHPI": 13, "E_TWOMORE": 473, "M_TWOMORE": 238, "E_OTHERRACE": 12, "M_OTHERRACE": 21, "EP_NOINT": 11.7, "MP_NOINT": 5.4, "EP_AFAM": 2.1, "MP_AFAM": 2.4, "EP_HISP": 26.5, "MP_HISP": 7.3, "EP_ASIAN": 1.8, "MP_ASIAN": 2.1, "EP_AIAN": 1.9, "MP_AIAN": 1.6, "EP_NHPI": 0.0, "MP_NHPI": 1.1, "EP_TWOMORE": 13.2, "MP_TWOMORE": 6.3, "EP_OTHERRACE": 0.3, "MP_OTHERRACE": 0.6, "Shape_Length": 0.068249504869408312, "Shape_Area": 0.00019556158199948739 }, "geometry": { "type": "MultiPolygon", "coordinates": [ [ [ [ -106.604363, 35.094798 ], [ -106.603363, 35.094839 ], [ -106.59969, 35.094807 ], [ -106.598802, 35.094712 ], [ -106.592994, 35.094723 ], [ -106.591883, 35.094721 ], [ -106.586305, 35.094663 ], [ -106.577568, 35.094727 ], [ -106.57748, 35.087355 ], [ -106.586185, 35.087416 ], [ -106.591936, 35.087425 ], [ -106.595316, 35.087424 ], [ -106.604248, 35.087492 ], [ -106.604363, 35.094798 ] ] ] ] } },
{ "type": "Feature", "properties": { "OBJECTID": 33, "ST": "35", "STATE": "New Mexico", "ST_ABBR": "NM", "STCNTY": "35001", "COUNTY": "Bernalillo County", "FIPS": "35001000501", "LOCATION": "Census Tract 5.01; Bernalillo County; New Mexico", "AREA_SQMI": 0.49742794796599998, "E_TOTPOP": 2779, "M_TOTPOP": 480, "E_HU": 1644, "M_HU": 227, "E_HH": 1494, "M_HH": 228, "E_POV150": 1450, "M_POV150": 478, "E_UNEMP": 40, "M_UNEMP": 37, "E_HBURD": 369, "M_HBURD": 164, "E_NOHSDP": 105, "M_NOHSDP": 70, "E_UNINSUR": 116, "M_UNINSUR": 93, "E_AGE65": 886, "M_AGE65": 251, "E_AGE17": 429, "M_AGE17": 198, "E_DISABL": 783, "M_DISABL": 260, "E_SNGPNT": 73, "M_SNGPNT": 79, "E_LIMENG": 74, "M_LIMENG": 75, "E_MINRTY": 1743, "M_MINRTY": 516, "E_MUNIT": 637, "M_MUNIT": 188, "E_MOBILE": 0, "M_MOBILE": 13, "E_CROWD": 1, "M_CROWD": 13, "E_NOVEH": 327, "M_NOVEH": 150, "E_GROUPQ": 84, "M_GROUPQ": 11, "EP_POV150": 52.5, "MP_POV150": 14.8, "EP_UNEMP": 3.4, "MP_UNEMP": 3.1, "EP_HBURD": 24.7, "MP_HBURD": 10.3, "EP_NOHSDP": 5.0, "MP_NOHSDP": 3.2, "EP_UNINSUR": 4.2, "MP_UNINSUR": 3.5, "EP_AGE65": 31.9, "MP_AGE65": 8.0, "EP_AGE17": 15.4, "MP_AGE17": 5.9, "EP_DISABL": 28.2, "MP_DISABL": 7.4, "EP_SNGPNT": 4.8, "MP_SNGPNT": 5.2, "EP_LIMENG": 2.8, "MP_LIMENG": 2.8, "EP_MINRTY": 62.7, "MP_MINRTY": 15.1, "EP_MUNIT": 38.7, "MP_MUNIT": 10.1, "EP_MOBILE": 0.0, "MP_MOBILE": 2.4, "EP_CROWD": 0.1, "MP_CROWD": 0.9, "EP_NOVEH": 21.9, "MP_NOVEH": 9.4, "EP_GROUPQ": 3.0, "MP_GROUPQ": 0.7, "EPL_POV150": 0.9133, "EPL_UNEMP": 0.3028, "EPL_HBURD": 0.5283, "EPL_NOHSDP": 0.2405, "EPL_UNINSUR": 0.22, "SPL_THEME1": 2.2049, "RPL_THEME1": 0.4017, "EPL_AGE65": 0.8922, "EPL_AGE17": 0.2007, "EPL_DISABL": 0.9383, "EPL_SNGPNT": 0.3817, "EPL_LIMENG": 0.6219, "SPL_THEME2": 3.0348, "RPL_THEME2": 0.835, "EPL_MINRTY": 0.4826, "SPL_THEME3": 0.4826, "RPL_THEME3": 0.4826, "EPL_MUNIT": 0.9684, "EPL_MOBILE": 0.0, "EPL_CROWD": 0.2217, "EPL_NOVEH": 0.975, "EPL_GROUPQ": 0.8458, "SPL_THEME4": 3.0109, "RPL_THEME4": 0.84, "SPL_THEMES": 8.7332, "RPL_THEMES": 0.6617, "F_POV150": 1, "F_UNEMP": 0, "F_HBURD": 0, "F_NOHSDP": 0, "F_UNINSUR": 0, "F_THEME1": 1, "F_AGE65": 0, "F_AGE17": 0, "F_DISABL": 1, "F_SNGPNT": 0, "F_LIMENG": 0, "F_THEME2": 1, "F_MINRTY": 0, "F_THEME3": 0, "F_MUNIT": 1, "F_MOBILE": 0, "F_CROWD": 0, "F_NOVEH": 1, "F_GROUPQ": 0, "F_THEME4": 2, "F_TOTAL": 4, "E_DAYPOP": 4623, "E_NOINT": 345, "M_NOINT": 196, "E_AFAM": 113, "M_AFAM": 131, "E_HISP": 1205, "M_HISP": 321, "E_ASIAN": 86, "M_ASIAN": 70, "E_AIAN": 218, "M_AIAN": 168, "E_NHPI": 0, "M_NHPI": 13, "E_TWOMORE": 121, "M_TWOMORE": 94, "E_OTHERRACE": 0, "M_OTHERRACE": 13, "EP_NOINT": 23.1, "MP_NOINT": 10.9, "EP_AFAM": 4.1, "MP_AFAM": 4.5, "EP_HISP": 43.4, "MP_HISP": 7.0, "EP_ASIAN": 3.1, "MP_ASIAN": 2.5, "EP_AIAN": 7.8, "MP_AIAN": 5.4, "EP_NHPI": 0.0, "MP_NHPI": 1.4, "EP_TWOMORE": 4.4, "MP_TWOMORE": 3.3, "EP_OTHERRACE": 0.0, "MP_OTHERRACE": 1.4, "Shape_Length": 0.046519458960313467, "Shape_Area": 0.00012692023150002709 }, "geometry": { "type": "MultiPolygon", "coordinates": [ [ [ [ -106.586191, 35.07779 ], [ -106.586185, 35.087416 ], [ -106.57748, 35.087355 ], [ -106.577453, 35.078849 ], [ -106.577445, 35.076797 ], [ -106.57748, 35.072756 ], [ -106.586218, 35.072941 ], [ -106.586191, 35.07779 ] ] ] ] } },
{ "type": "Feature", "properties": { "OBJECTID": 34, "ST": "35", "STATE": "New Mexico", "ST_ABBR": "NM", "STCNTY": "35001", "COUNTY": "Bernalillo County", "FIPS": "35001000503", "LOCATION": "Census Tract 5.03; Bernalillo County; New Mexico", "AREA_SQMI": 0.61469677791599997, "E_TOTPOP": 3361, "M_TOTPOP": 574, "E_HU": 2051, "M_HU": 356, "E_HH": 2006, "M_HH": 362, "E_POV150": 876, "M_POV150": 294, "E_UNEMP": 79, "M_UNEMP": 62, "E_HBURD": 769, "M_HBURD": 202, "E_NOHSDP": 54, "M_NOHSDP": 40, "E_UNINSUR": 259, "M_UNINSUR": 142, "E_AGE65": 939, "M_AGE65": 412, "E_AGE17": 265, "M_AGE17": 137, "E_DISABL": 772, "M_DISABL": 282, "E_SNGPNT": 85, "M_SNGPNT": 95, "E_LIMENG": 14, "M_LIMENG": 56, "E_MINRTY": 1462, "M_MINRTY": 755, "E_MUNIT": 228, "M_MUNIT": 83, "E_MOBILE": 0, "M_MOBILE": 13, "E_CROWD": 0, "M_CROWD": 18, "E_NOVEH": 215, "M_NOVEH": 128, "E_GROUPQ": 89, "M_GROUPQ": 5, "EP_POV150": 26.7, "MP_POV150": 7.6, "EP_UNEMP": 4.0, "MP_UNEMP": 3.2, "EP_HBURD": 38.3, "MP_HBURD": 7.3, "EP_NOHSDP": 1.9, "MP_NOHSDP": 1.5, "EP_UNINSUR": 7.9, "MP_UNINSUR": 4.2, "EP_AGE65": 27.9, "MP_AGE65": 9.3, "EP_AGE17": 7.9, "MP_AGE17": 3.7, "EP_DISABL": 23.6, "MP_DISABL": 7.3, "EP_SNGPNT": 4.2, "MP_SNGPNT": 4.7, "EP_LIMENG": 0.4, "MP_LIMENG": 1.7, "EP_MINRTY": 43.5, "MP_MINRTY": 21.2, "EP_MUNIT": 11.1, "MP_MUNIT": 3.6, "EP_MOBILE": 0.0, "MP_MOBILE": 1.9, "EP_CROWD": 0.0, "MP_CROWD": 0.9, "EP_NOVEH": 10.7, "MP_NOVEH": 6.6, "EP_GROUPQ": 2.6, "MP_GROUPQ": 0.5, "EPL_POV150": 0.4433, "EPL_UNEMP": 0.3511, "EPL_HBURD": 0.8633, "EPL_NOHSDP": 0.068, "EPL_UNINSUR": 0.4933, "SPL_THEME1": 2.219, "RPL_THEME1": 0.4083, "EPL_AGE65": 0.8507, "EPL_AGE17": 0.0431, "EPL_DISABL": 0.8567, "EPL_SNGPNT": 0.3367, "EPL_LIMENG": 0.2123, "SPL_THEME2": 2.2995, "RPL_THEME2": 0.365, "EPL_MINRTY": 0.1774, "SPL_THEME3": 0.1774, "RPL_THEME3": 0.1774, "EPL_MUNIT": 0.8303, "EPL_MOBILE": 0.0, "EPL_CROWD": 0.0, "EPL_NOVEH": 0.8283, "EPL_GROUPQ": 0.8275, "SPL_THEME4": 2.4861, "RPL_THEME4": 0.59, "SPL_THEMES": 7.182, "RPL_THEMES": 0.4, "F_POV150": 0, "F_UNEMP": 0, "F_HBURD": 0, "F_NOHSDP": 0, "F_UNINSUR": 0, "F_THEME1": 0, "F_AGE65": 0, "F_AGE17": 0, "F_DISABL": 0, "F_SNGPNT": 0, "F_LIMENG": 0, "F_THEME2": 0, "F_MINRTY": 0, "F_THEME3": 0, "F_MUNIT": 0, "F_MOBILE": 0, "F_CROWD": 0, "F_NOVEH": 0, "F_GROUPQ": 0, "F_THEME4": 0, "F_TOTAL": 0, "E_DAYPOP": 3616, "E_NOINT": 331, "M_NOINT": 126, "E_AFAM": 48, "M_AFAM": 43, "E_HISP": 750, "M_HISP": 267, "E_ASIAN": 32, "M_ASIAN": 50, "E_AIAN": 428, "M_AIAN": 269, "E_NHPI": 0, "M_NHPI": 13, "E_TWOMORE": 81, "M_TWOMORE": 61, "E_OTHERRACE": 123, "M_OTHERRACE": 183, "EP_NOINT": 16.5, "MP_NOINT": 6.5, "EP_AFAM": 1.4, "MP_AFAM": 1.3, "EP_HISP": 22.3, "MP_HISP": 8.1, "EP_ASIAN": 1.0, "MP_ASIAN": 1.5, "EP_AIAN": 12.7, "MP_AIAN": 7.6, "EP_NHPI": 0.0, "MP_NHPI": 1.2, "EP_TWOMORE": 2.4, "MP_TWOMORE": 1.9, "EP_OTHERRACE": 3.7, "MP_OTHERRACE": 5.3, "Shape_Length": 0.053866611145961647, "Shape_Area": 0.00015721213250023347 }, "geometry": { "type": "MultiPolygon", "coordinates": [ [ [ [ -106.604285, 35.080806 ], [ -106.604248, 35.087492 ], [ -106.595316, 35.087424 ], [ -106.591936, 35.087425 ], [ -106.586185, 35.087416 ], [ -106.586191, 35.07779 ], [ -106.591314, 35.078305 ], [ -106.595339, 35.07876 ], [ -106.60452, 35.079778 ], [ -106.604285, 35.080806 ] ] ] ] } },
{ "type": "Feature", "properties": { "OBJECTID": 35, "ST": "35", "STATE": "New Mexico", "ST_ABBR": "NM", "STCNTY": "35001", "COUNTY": "Bernalillo County", "FIPS": "35001000504", "LOCATION": "Census Tract 5.04; Bernalillo County; New Mexico", "AREA_SQMI": 0.40339975570199998, "E_TOTPOP": 1331, "M_TOTPOP": 281, "E_HU": 790, "M_HU": 50, "E_HH": 694, "M_HH": 95, "E_POV150": 257, "M_POV150": 105, "E_UNEMP": 75, "M_UNEMP": 67, "E_HBURD": 258, "M_HBURD": 107, "E_NOHSDP": 49, "M_NOHSDP": 60, "E_UNINSUR": 51, "M_UNINSUR": 42, "E_AGE65": 315, "M_AGE65": 113, "E_AGE17": 122, "M_AGE17": 81, "E_DISABL": 161, "M_DISABL": 93, "E_SNGPNT": 18, "M_SNGPNT": 32, "E_LIMENG": 20, "M_LIMENG": 59, "E_MINRTY": 533, "M_MINRTY": 345, "E_MUNIT": 295, "M_MUNIT": 127, "E_MOBILE": 0, "M_MOBILE": 13, "E_CROWD": 36, "M_CROWD": 43, "E_NOVEH": 83, "M_NOVEH": 71, "E_GROUPQ": 40, "M_GROUPQ": 5, "EP_POV150": 19.3, "MP_POV150": 6.8, "EP_UNEMP": 8.8, "MP_UNEMP": 6.7, "EP_HBURD": 37.2, "MP_HBURD": 14.6, "EP_NOHSDP": 4.4, "MP_NOHSDP": 5.1, "EP_UNINSUR": 3.9, "MP_UNINSUR": 2.9, "EP_AGE65": 23.7, "MP_AGE65": 9.3, "EP_AGE17": 9.2, "MP_AGE17": 5.9, "EP_DISABL": 12.2, "MP_DISABL": 6.0, "EP_SNGPNT": 2.6, "MP_SNGPNT": 4.6, "EP_LIMENG": 1.5, "MP_LIMENG": 4.4, "EP_MINRTY": 40.0, "MP_MINRTY": 24.5, "EP_MUNIT": 37.4, "MP_MUNIT": 15.9, "EP_MOBILE": 0.0, "MP_MOBILE": 4.9, "EP_CROWD": 5.2, "MP_CROWD": 6.2, "EP_NOVEH": 12.0, "MP_NOVEH": 10.1, "EP_GROUPQ": 3.0, "MP_GROUPQ": 0.7, "EPL_POV150": 0.2733, "EPL_UNEMP": 0.7238, "EPL_HBURD": 0.8433, "EPL_NOHSDP": 0.2023, "EPL_UNINSUR": 0.195, "SPL_THEME1": 2.2377, "RPL_THEME1": 0.4167, "EPL_AGE65": 0.7529, "EPL_AGE17": 0.0614, "EPL_DISABL": 0.2483, "EPL_SNGPNT": 0.2, "EPL_LIMENG": 0.4411, "SPL_THEME2": 1.7037, "RPL_THEME2": 0.125, "EPL_MINRTY": 0.141, "SPL_THEME3": 0.141, "RPL_THEME3": 0.141, "EPL_MUNIT": 0.9584, "EPL_MOBILE": 0.0, "EPL_CROWD": 0.7583, "EPL_NOVEH": 0.8583, "EPL_GROUPQ": 0.8458, "SPL_THEME4": 3.4208, "RPL_THEME4": 0.93, "SPL_THEMES": 7.5032, "RPL_THEMES": 0.4467, "F_POV150": 0, "F_UNEMP": 0, "F_HBURD": 0, "F_NOHSDP": 0, "F_UNINSUR": 0, "F_THEME1": 0, "F_AGE65": 0, "F_AGE17": 0, "F_DISABL": 0, "F_SNGPNT": 0, "F_LIMENG": 0, "F_THEME2": 0, "F_MINRTY": 0, "F_THEME3": 0, "F_MUNIT": 1, "F_MOBILE": 0, "F_CROWD": 0, "F_NOVEH": 0, "F_GROUPQ": 0, "F_THEME4": 1, "F_TOTAL": 1, "E_DAYPOP": 4101, "E_NOINT": 82, "M_NOINT": 68, "E_AFAM": 35, "M_AFAM": 47, "E_HISP": 353, "M_HISP": 143, "E_ASIAN": 19, "M_ASIAN": 24, "E_AIAN": 75, "M_AIAN": 86, "E_NHPI": 0, "M_NHPI": 13, "E_TWOMORE": 42, "M_TWOMORE": 29, "E_OTHERRACE": 9, "M_OTHERRACE": 15, "EP_NOINT": 11.8, "MP_NOINT": 9.6, "EP_AFAM": 2.6, "MP_AFAM": 3.3, "EP_HISP": 26.5, "MP_HISP": 8.1, "EP_ASIAN": 1.4, "MP_ASIAN": 1.8, "EP_AIAN": 5.6, "MP_AIAN": 6.6, "EP_NHPI": 0.0, "MP_NHPI": 3.0, "EP_TWOMORE": 3.2, "MP_TWOMORE": 2.4, "EP_OTHERRACE": 0.7, "MP_OTHERRACE": 1.2, "Shape_Length": 0.048860966769039962, "Shape_Area": 0.0001019036924996489 }, "geometry": { "type": "MultiPolygon", "coordinates": [ [ [ [ -106.60452, 35.079778 ], [ -106.595339, 35.07876 ], [ -106.591314, 35.078305 ], [ -106.586191, 35.07779 ], [ -106.586218, 35.072941 ], [ -106.592341, 35.072976 ], [ -106.593321, 35.073708 ], [ -106.593337, 35.072899 ], [ -106.595904, 35.07296 ], [ -106.599983, 35.073599 ], [ -106.604559, 35.073631 ], [ -106.60452, 35.079778 ] ] ] ] } },
{ "type": "Feature", "properties": { "OBJECTID": 36, "ST": "35", "STATE": "New Mexico", "ST_ABBR": "NM", "STCNTY": "35001", "COUNTY": "Bernalillo County", "FIPS": "35001000601", "LOCATION": "Census Tract 6.01; Bernalillo County; New Mexico", "AREA_SQMI": 0.938964156514, "E_TOTPOP": 4326, "M_TOTPOP": 539, "E_HU": 1972, "M_HU": 190, "E_HH": 1914, "M_HH": 202, "E_POV150": 1225, "M_POV150": 516, "E_UNEMP": 132, "M_UNEMP": 82, "E_HBURD": 747, "M_HBURD": 207, "E_NOHSDP": 226, "M_NOHSDP": 125, "E_UNINSUR": 779, "M_UNINSUR": 554, "E_AGE65": 890, "M_AGE65": 191, "E_AGE17": 864, "M_AGE17": 274, "E_DISABL": 694, "M_DISABL": 161, "E_SNGPNT": 85, "M_SNGPNT": 64, "E_LIMENG": 48, "M_LIMENG": 69, "E_MINRTY": 2492, "M_MINRTY": 645, "E_MUNIT": 466, "M_MUNIT": 191, "E_MOBILE": 0, "M_MOBILE": 13, "E_CROWD": 0, "M_CROWD": 18, "E_NOVEH": 368, "M_NOVEH": 210, "E_GROUPQ": 13, "M_GROUPQ": 4, "EP_POV150": 28.3, "MP_POV150": 11.4, "EP_UNEMP": 5.5, "MP_UNEMP": 3.3, "EP_HBURD": 39.0, "MP_HBURD": 10.0, "EP_NOHSDP": 7.0, "MP_NOHSDP": 3.8, "EP_UNINSUR": 18.0, "MP_UNINSUR": 11.1, "EP_AGE65": 20.6, "MP_AGE65": 4.6, "EP_AGE17": 20.0, "MP_AGE17": 4.9, "EP_DISABL": 16.0, "MP_DISABL": 4.0, "EP_SNGPNT": 4.5, "MP_SNGPNT": 3.3, "EP_LIMENG": 1.2, "MP_LIMENG": 1.7, "EP_MINRTY": 57.6, "MP_MINRTY": 13.1, "EP_MUNIT": 23.6, "MP_MUNIT": 9.4, "EP_MOBILE": 0.0, "MP_MOBILE": 2.0, "EP_CROWD": 0.0, "MP_CROWD": 0.9, "EP_NOVEH": 19.2, "MP_NOVEH": 9.9, "EP_GROUPQ": 0.3, "MP_GROUPQ": 0.1, "EPL_POV150": 0.4833, "EPL_UNEMP": 0.4992, "EPL_HBURD": 0.875, "EPL_NOHSDP": 0.325, "EPL_UNINSUR": 0.87, "SPL_THEME1": 3.0525, "RPL_THEME1": 0.6917, "EPL_AGE65": 0.6451, "EPL_AGE17": 0.4063, "EPL_DISABL": 0.5033, "EPL_SNGPNT": 0.355, "EPL_LIMENG": 0.3814, "SPL_THEME2": 2.2911, "RPL_THEME2": 0.36, "EPL_MINRTY": 0.3864, "SPL_THEME3": 0.3864, "RPL_THEME3": 0.3864, "EPL_MUNIT": 0.9218, "EPL_MOBILE": 0.0, "EPL_CROWD": 0.0, "EPL_NOVEH": 0.9617, "EPL_GROUPQ": 0.539, "SPL_THEME4": 2.4225, "RPL_THEME4": 0.5583, "SPL_THEMES": 8.1525, "RPL_THEMES": 0.56, "F_POV150": 0, "F_UNEMP": 0, "F_HBURD": 0, "F_NOHSDP": 0, "F_UNINSUR": 0, "F_THEME1": 0, "F_AGE65": 0, "F_AGE17": 0, "F_DISABL": 0, "F_SNGPNT": 0, "F_LIMENG": 0, "F_THEME2": 0, "F_MINRTY": 0, "F_THEME3": 0, "F_MUNIT": 1, "F_MOBILE": 0, "F_CROWD": 0, "F_NOVEH": 1, "F_GROUPQ": 0, "F_THEME4": 2, "F_TOTAL": 2, "E_DAYPOP": 6213, "E_NOINT": 294, "M_NOINT": 171, "E_AFAM": 91, "M_AFAM": 91, "E_HISP": 1826, "M_HISP": 450, "E_ASIAN": 174, "M_ASIAN": 195, "E_AIAN": 235, "M_AIAN": 204, "E_NHPI": 0, "M_NHPI": 13, "E_TWOMORE": 166, "M_TWOMORE": 92, "E_OTHERRACE": 0, "M_OTHERRACE": 13, "EP_NOINT": 15.4, "MP_NOINT": 8.1, "EP_AFAM": 2.1, "MP_AFAM": 2.1, "EP_HISP": 42.2, "MP_HISP": 7.3, "EP_ASIAN": 4.0, "MP_ASIAN": 4.5, "EP_AIAN": 5.4, "MP_AIAN": 4.8, "EP_NHPI": 0.0, "MP_NHPI": 0.9, "EP_TWOMORE": 3.8, "MP_TWOMORE": 2.1, "EP_OTHERRACE": 0.0, "MP_OTHERRACE": 0.9, "Shape_Length": 0.085627245171650421, "Shape_Area": 0.00024073391500009677 }, "geometry": { "type": "MultiPolygon", "coordinates": [ [ [ [ -106.577573, 35.101215 ], [ -106.568716, 35.097651 ], [ -106.559553, 35.093897 ], [ -106.550673, 35.090319 ], [ -106.543501, 35.087543 ], [ -106.543069, 35.087381 ], [ -106.545412, 35.086823 ], [ -106.550592, 35.087348 ], [ -106.559886, 35.087268 ], [ -106.567601, 35.087253 ], [ -106.568634, 35.08725 ], [ -106.57748, 35.087355 ], [ -106.577568, 35.094727 ], [ -106.577479, 35.094729 ], [ -106.577573, 35.101215 ] ] ] ] } },
{ "type": "Feature", "properties": { "OBJECTID": 37, "ST": "35", "STATE": "New Mexico", "ST_ABBR": "NM", "STCNTY": "35001", "COUNTY": "Bernalillo County", "FIPS": "35001000603", "LOCATION": "Census Tract 6.03; Bernalillo County; New Mexico", "AREA_SQMI": 0.57331397945399998, "E_TOTPOP": 4487, "M_TOTPOP": 859, "E_HU": 2223, "M_HU": 252, "E_HH": 1965, "M_HH": 291, "E_POV150": 2405, "M_POV150": 661, "E_UNEMP": 138, "M_UNEMP": 83, "E_HBURD": 1022, "M_HBURD": 286, "E_NOHSDP": 1025, "M_NOHSDP": 315, "E_UNINSUR": 966, "M_UNINSUR": 369, "E_AGE65": 339, "M_AGE65": 82, "E_AGE17": 1011, "M_AGE17": 403, "E_DISABL": 771, "M_DISABL": 213, "E_SNGPNT": 179, "M_SNGPNT": 107, "E_LIMENG": 708, "M_LIMENG": 349, "E_MINRTY": 3624, "M_MINRTY": 905, "E_MUNIT": 150, "M_MUNIT": 85, "E_MOBILE": 86, "M_MOBILE": 65, "E_CROWD": 130, "M_CROWD": 88, "E_NOVEH": 579, "M_NOVEH": 237, "E_GROUPQ": 8, "M_GROUPQ": 4, "EP_POV150": 53.6, "MP_POV150": 10.6, "EP_UNEMP": 6.2, "MP_UNEMP": 3.9, "EP_HBURD": 52.0, "MP_HBURD": 12.4, "EP_NOHSDP": 33.1, "MP_NOHSDP": 7.3, "EP_UNINSUR": 21.6, "MP_UNINSUR": 7.8, "EP_AGE65": 7.6, "MP_AGE65": 2.3, "EP_AGE17": 22.5, "MP_AGE17": 6.4, "EP_DISABL": 17.2, "MP_DISABL": 5.9, "EP_SNGPNT": 9.1, "MP_SNGPNT": 5.3, "EP_LIMENG": 16.5, "MP_LIMENG": 7.5, "EP_MINRTY": 80.8, "MP_MINRTY": 12.9, "EP_MUNIT": 6.7, "MP_MUNIT": 3.7, "EP_MOBILE": 3.9, "MP_MOBILE": 3.0, "EP_CROWD": 6.6, "MP_CROWD": 4.4, "EP_NOVEH": 29.5, "MP_NOVEH": 9.7, "EP_GROUPQ": 0.2, "MP_GROUPQ": 0.1, "EPL_POV150": 0.9233, "EPL_UNEMP": 0.5707, "EPL_HBURD": 0.98, "EPL_NOHSDP": 0.9403, "EPL_UNINSUR": 0.9283, "SPL_THEME1": 4.3426, "RPL_THEME1": 0.9817, "EPL_AGE65": 0.073, "EPL_AGE17": 0.529, "EPL_DISABL": 0.57, "EPL_SNGPNT": 0.71, "EPL_LIMENG": 0.9602, "SPL_THEME2": 2.8422, "RPL_THEME2": 0.725, "EPL_MINRTY": 0.7446, "SPL_THEME3": 0.7446, "RPL_THEME3": 0.7446, "EPL_MUNIT": 0.7521, "EPL_MOBILE": 0.371, "EPL_CROWD": 0.815, "EPL_NOVEH": 0.9933, "EPL_GROUPQ": 0.5008, "SPL_THEME4": 3.4322, "RPL_THEME4": 0.9333, "SPL_THEMES": 11.3616, "RPL_THEMES": 0.9733, "F_POV150": 1, "F_UNEMP": 0, "F_HBURD": 1, "F_NOHSDP": 1, "F_UNINSUR": 1, "F_THEME1": 4, "F_AGE65": 0, "F_AGE17": 0, "F_DISABL": 0, "F_SNGPNT": 0, "F_LIMENG": 1, "F_THEME2": 1, "F_MINRTY": 0, "F_THEME3": 0, "F_MUNIT": 0, "F_MOBILE": 0, "F_CROWD": 0, "F_NOVEH": 1, "F_GROUPQ": 0, "F_THEME4": 1, "F_TOTAL": 6, "E_DAYPOP": 2138, "E_NOINT": 544, "M_NOINT": 234, "E_AFAM": 383, "M_AFAM": 249, "E_HISP": 2866, "M_HISP": 800, "E_ASIAN": 90, "M_ASIAN": 77, "E_AIAN": 222, "M_AIAN": 180, "E_NHPI": 0, "M_NHPI": 13, "E_TWOMORE": 50, "M_TWOMORE": 49, "E_OTHERRACE": 13, "M_OTHERRACE": 23, "EP_NOINT": 27.7, "MP_NOINT": 9.7, "EP_AFAM": 8.5, "MP_AFAM": 5.4, "EP_HISP": 63.9, "MP_HISP": 9.3, "EP_ASIAN": 2.0, "MP_ASIAN": 1.7, "EP_AIAN": 4.9, "MP_AIAN": 4.2, "EP_NHPI": 0.0, "MP_NHPI": 0.9, "EP_TWOMORE": 1.1, "MP_TWOMORE": 1.2, "EP_OTHERRACE": 0.3, "MP_OTHERRACE": 0.5, "Shape_Length": 0.054902840905440266, "Shape_Area": 0.00014576805350015825 }, "geometry": { "type": "MultiPolygon", "coordinates": [ [ [ [ -106.563315, 35.075322 ], [ -106.560133, 35.074973 ], [ -106.559857, 35.078151 ], [ -106.559796, 35.080078 ], [ -106.560136, 35.081886 ], [ -106.559861, 35.08423 ], [ -106.559886, 35.087268 ], [ -106.550592, 35.087348 ], [ -106.55036, 35.079921 ], [ -106.550451, 35.076349 ], [ -106.550441, 35.07387 ], [ -106.550462, 35.072759 ], [ -106.554876, 35.07279 ], [ -106.559308, 35.072799 ], [ -106.563344, 35.072747 ], [ -106.563315, 35.075322 ] ] ] ] } },
{ "type": "Feature", "properties": { "OBJECTID": 38, "ST": "35", "STATE": "New Mexico", "ST_ABBR": "NM", "STCNTY": "35001", "COUNTY": "Bernalillo County", "FIPS": "35001000605", "LOCATION": "Census Tract 6.05; Bernalillo County; New Mexico", "AREA_SQMI": 0.62816208516600003, "E_TOTPOP": 3647, "M_TOTPOP": 605, "E_HU": 1898, "M_HU": 191, "E_HH": 1755, "M_HH": 209, "E_POV150": 1559, "M_POV150": 499, "E_UNEMP": 278, "M_UNEMP": 208, "E_HBURD": 799, "M_HBURD": 174, "E_NOHSDP": 703, "M_NOHSDP": 206, "E_UNINSUR": 738, "M_UNINSUR": 409, "E_AGE65": 513, "M_AGE65": 117, "E_AGE17": 536, "M_AGE17": 235, "E_DISABL": 655, "M_DISABL": 245, "E_SNGPNT": 114, "M_SNGPNT": 92, "E_LIMENG": 390, "M_LIMENG": 166, "E_MINRTY": 2459, "M_MINRTY": 688, "E_MUNIT": 455, "M_MUNIT": 147, "E_MOBILE": 197, "M_MOBILE": 135, "E_CROWD": 196, "M_CROWD": 128, "E_NOVEH": 334, "M_NOVEH": 160, "E_GROUPQ": 292, "M_GROUPQ": 16, "EP_POV150": 46.4, "MP_POV150": 12.3, "EP_UNEMP": 12.9, "MP_UNEMP": 9.1, "EP_HBURD": 45.5, "MP_HBURD": 8.3, "EP_NOHSDP": 28.0, "MP_NOHSDP": 6.6, "EP_UNINSUR": 22.0, "MP_UNINSUR": 11.3, "EP_AGE65": 14.1, "MP_AGE65": 3.5, "EP_AGE17": 14.7, "MP_AGE17": 5.1, "EP_DISABL": 19.5, "MP_DISABL": 6.4, "EP_SNGPNT": 6.5, "MP_SNGPNT": 5.2, "EP_LIMENG": 11.1, "MP_LIMENG": 4.4, "EP_MINRTY": 67.4, "MP_MINRTY": 15.2, "EP_MUNIT": 23.9, "MP_MUNIT": 7.4, "EP_MOBILE": 10.4, "MP_MOBILE": 6.6, "EP_CROWD": 11.1, "MP_CROWD": 7.2, "EP_NOVEH": 19.0, "MP_NOVEH": 8.3, "EP_GROUPQ": 8.0, "MP_GROUPQ": 1.4, "EPL_POV150": 0.8383, "EPL_UNEMP": 0.8918, "EPL_HBURD": 0.955, "EPL_NOHSDP": 0.8905, "EPL_UNINSUR": 0.9333, "SPL_THEME1": 4.5089, "RPL_THEME1": 0.9967, "EPL_AGE65": 0.2902, "EPL_AGE17": 0.1774, "EPL_DISABL": 0.6967, "EPL_SNGPNT": 0.54, "EPL_LIMENG": 0.9187, "SPL_THEME2": 2.623, "RPL_THEME2": 0.5617, "EPL_MINRTY": 0.5854, "SPL_THEME3": 0.5854, "RPL_THEME3": 0.5854, "EPL_MUNIT": 0.9251, "EPL_MOBILE": 0.4809, "EPL_CROWD": 0.9133, "EPL_NOVEH": 0.9583, "EPL_GROUPQ": 0.9386, "SPL_THEME4": 4.2162, "RPL_THEME4": 0.9967, "SPL_THEMES": 11.9335, "RPL_THEMES": 0.99, "F_POV150": 0, "F_UNEMP": 0, "F_HBURD": 1, "F_NOHSDP": 0, "F_UNINSUR": 1, "F_THEME1": 2, "F_AGE65": 0, "F_AGE17": 0, "F_DISABL": 0, "F_SNGPNT": 0, "F_LIMENG": 1, "F_THEME2": 1, "F_MINRTY": 0, "F_THEME3": 0, "F_MUNIT": 1, "F_MOBILE": 0, "F_CROWD": 1, "F_NOVEH": 1, "F_GROUPQ": 1, "F_THEME4": 4, "F_TOTAL": 7, "E_DAYPOP": 3373, "E_NOINT": 351, "M_NOINT": 101, "E_AFAM": 106, "M_AFAM": 100, "E_HISP": 1969, "M_HISP": 480, "E_ASIAN": 103, "M_ASIAN": 105, "E_AIAN": 96, "M_AIAN": 79, "E_NHPI": 0, "M_NHPI": 13, "E_TWOMORE": 158, "M_TWOMORE": 112, "E_OTHERRACE": 27, "M_OTHERRACE": 33, "EP_NOINT": 20.0, "MP_NOINT": 5.9, "EP_AFAM": 2.9, "MP_AFAM": 2.6, "EP_HISP": 54.0, "MP_HISP": 8.8, "EP_ASIAN": 2.8, "MP_ASIAN": 2.8, "EP_AIAN": 2.6, "MP_AIAN": 2.1, "EP_NHPI": 0.0, "MP_NHPI": 1.1, "EP_TWOMORE": 4.3, "MP_TWOMORE": 3.0, "EP_OTHERRACE": 0.7, "MP_OTHERRACE": 0.9, "Shape_Length": 0.069656312396374806, "Shape_Area": 0.00016133040450010098 }, "geometry": { "type": "MultiPolygon", "coordinates": [ [ [ [ -106.577445, 35.076797 ], [ -106.577453, 35.078849 ], [ -106.573501, 35.078444 ], [ -106.572076, 35.078425 ], [ -106.572087, 35.077071 ], [ -106.572273, 35.076709 ], [ -106.572267, 35.076393 ], [ -106.56859, 35.07589 ], [ -106.568599, 35.078153 ], [ -106.568613, 35.081777 ], [ -106.568634, 35.08725 ], [ -106.567601, 35.087253 ], [ -106.559886, 35.087268 ], [ -106.559861, 35.08423 ], [ -106.560136, 35.081886 ], [ -106.559796, 35.080078 ], [ -106.559857, 35.078151 ], [ -106.560133, 35.074973 ], [ -106.563315, 35.075322 ], [ -106.563344, 35.072747 ], [ -106.564266, 35.072735 ], [ -106.568646, 35.072676 ], [ -106.57748, 35.072756 ], [ -106.577445, 35.076797 ] ] ] ] } },
{ "type": "Feature", "properties": { "OBJECTID": 39, "ST": "35", "STATE": "New Mexico", "ST_ABBR": "NM", "STCNTY": "35001", "COUNTY": "Bernalillo County", "FIPS": "35001000704", "LOCATION": "Census Tract 7.04; Bernalillo County; New Mexico", "AREA_SQMI": 0.97117664637400003, "E_TOTPOP": 3540, "M_TOTPOP": 574, "E_HU": 1674, "M_HU": 174, "E_HH": 1518, "M_HH": 207, "E_POV150": 821, "M_POV150": 244, "E_UNEMP": 102, "M_UNEMP": 83, "E_HBURD": 549, "M_HBURD": 176, "E_NOHSDP": 188, "M_NOHSDP": 116, "E_UNINSUR": 430, "M_UNINSUR": 244, "E_AGE65": 669, "M_AGE65": 222, "E_AGE17": 370, "M_AGE17": 195, "E_DISABL": 879, "M_DISABL": 243, "E_SNGPNT": 51, "M_SNGPNT": 49, "E_LIMENG": 124, "M_LIMENG": 101, "E_MINRTY": 2219, "M_MINRTY": 649, "E_MUNIT": 200, "M_MUNIT": 111, "E_MOBILE": 12, "M_MOBILE": 17, "E_CROWD": 31, "M_CROWD": 34, "E_NOVEH": 83, "M_NOVEH": 54, "E_GROUPQ": 33, "M_GROUPQ": 8, "EP_POV150": 23.2, "MP_POV150": 5.8, "EP_UNEMP": 4.8, "MP_UNEMP": 4.0, "EP_HBURD": 36.2, "MP_HBURD": 10.5, "EP_NOHSDP": 6.8, "MP_NOHSDP": 4.2, "EP_UNINSUR": 12.2, "MP_UNINSUR": 6.3, "EP_AGE65": 18.9, "MP_AGE65": 6.0, "EP_AGE17": 10.5, "MP_AGE17": 5.1, "EP_DISABL": 25.0, "MP_DISABL": 6.1, "EP_SNGPNT": 3.4, "MP_SNGPNT": 3.2, "EP_LIMENG": 3.6, "MP_LIMENG": 2.9, "EP_MINRTY": 62.7, "MP_MINRTY": 15.3, "EP_MUNIT": 12.0, "MP_MUNIT": 6.5, "EP_MOBILE": 0.7, "MP_MOBILE": 1.0, "EP_CROWD": 2.0, "MP_CROWD": 2.2, "EP_NOVEH": 5.5, "MP_NOVEH": 3.5, "EP_GROUPQ": 0.9, "MP_GROUPQ": 0.2, "EPL_POV150": 0.355, "EPL_UNEMP": 0.4293, "EPL_HBURD": 0.82, "EPL_NOHSDP": 0.3201, "EPL_UNINSUR": 0.7033, "SPL_THEME1": 2.6277, "RPL_THEME1": 0.5633, "EPL_AGE65": 0.5738, "EPL_AGE17": 0.0829, "EPL_DISABL": 0.8867, "EPL_SNGPNT": 0.255, "EPL_LIMENG": 0.6849, "SPL_THEME2": 2.4833, "RPL_THEME2": 0.4717, "EPL_MINRTY": 0.4826, "SPL_THEME3": 0.4826, "RPL_THEME3": 0.4826, "EPL_MUNIT": 0.8436, "EPL_MOBILE": 0.2496, "EPL_CROWD": 0.4567, "EPL_NOVEH": 0.6, "EPL_GROUPQ": 0.6799, "SPL_THEME4": 2.8298, "RPL_THEME4": 0.7583, "SPL_THEMES": 8.4234, "RPL_THEMES": 0.6083, "F_POV150": 0, "F_UNEMP": 0, "F_HBURD": 0, "F_NOHSDP": 0, "F_UNINSUR": 0, "F_THEME1": 0, "F_AGE65": 0, "F_AGE17": 0, "F_DISABL": 0, "F_SNGPNT": 0, "F_LIMENG": 0, "F_THEME2": 0, "F_MINRTY": 0, "F_THEME3": 0, "F_MUNIT": 0, "F_MOBILE": 0, "F_CROWD": 0, "F_NOVEH": 0, "F_GROUPQ": 0, "F_THEME4": 0, "F_TOTAL": 0, "E_DAYPOP": 6453, "E_NOINT": 418, "M_NOINT": 153, "E_AFAM": 67, "M_AFAM": 65, "E_HISP": 1790, "M_HISP": 490, "E_ASIAN": 121, "M_ASIAN": 104, "E_AIAN": 208, "M_AIAN": 144, "E_NHPI": 0, "M_NHPI": 13, "E_TWOMORE": 33, "M_TWOMORE": 37, "E_OTHERRACE": 0, "M_OTHERRACE": 13, "EP_NOINT": 27.5, "MP_NOINT": 10.0, "EP_AFAM": 1.9, "MP_AFAM": 1.8, "EP_HISP": 50.6, "MP_HISP": 7.6, "EP_ASIAN": 3.4, "MP_ASIAN": 3.0, "EP_AIAN": 5.9, "MP_AIAN": 4.1, "EP_NHPI": 0.0, "MP_NHPI": 1.1, "EP_TWOMORE": 0.9, "MP_TWOMORE": 1.0, "EP_OTHERRACE": 0.0, "MP_OTHERRACE": 1.1, "Shape_Length": 0.089059818553389153, "Shape_Area": 0.00024821516500029536 }, "geometry": { "type": "MultiPolygon", "coordinates": [ [ [ [ -106.542132, 35.087653 ], [ -106.539883, 35.08777 ], [ -106.537952, 35.087315 ], [ -106.532563, 35.087255 ], [ -106.526499, 35.087064 ], [ -106.518878, 35.086875 ], [ -106.515011, 35.086776 ], [ -106.506196, 35.086516 ], [ -106.506215, 35.079285 ], [ -106.506423, 35.074017 ], [ -106.506784, 35.073418 ], [ -106.515141, 35.076628 ], [ -106.523781, 35.079941 ], [ -106.532416, 35.083294 ], [ -106.543069, 35.087381 ], [ -106.542132, 35.087653 ] ] ] ] } },
{ "type": "Feature", "properties": { "OBJECTID": 40, "ST": "35", "STATE": "New Mexico", "ST_ABBR": "NM", "STCNTY": "35001", "COUNTY": "Bernalillo County", "FIPS": "35001000711", "LOCATION": "Census Tract 7.11; Bernalillo County; New Mexico", "AREA_SQMI": 1.192804599802, "E_TOTPOP": 4290, "M_TOTPOP": 497, "E_HU": 2287, "M_HU": 348, "E_HH": 2214, "M_HH": 353, "E_POV150": 621, "M_POV150": 200, "E_UNEMP": 92, "M_UNEMP": 69, "E_HBURD": 599, "M_HBURD": 230, "E_NOHSDP": 52, "M_NOHSDP": 50, "E_UNINSUR": 500, "M_UNINSUR": 227, "E_AGE65": 995, "M_AGE65": 300, "E_AGE17": 670, "M_AGE17": 141, "E_DISABL": 684, "M_DISABL": 226, "E_SNGPNT": 77, "M_SNGPNT": 61, "E_LIMENG": 0, "M_LIMENG": 52, "E_MINRTY": 1796, "M_MINRTY": 605, "E_MUNIT": 198, "M_MUNIT": 70, "E_MOBILE": 0, "M_MOBILE": 13, "E_CROWD": 15, "M_CROWD": 18, "E_NOVEH": 166, "M_NOVEH": 138, "E_GROUPQ": 15, "M_GROUPQ": 7, "EP_POV150": 14.6, "MP_POV150": 4.4, "EP_UNEMP": 4.0, "MP_UNEMP": 3.0, "EP_HBURD": 27.1, "MP_HBURD": 9.4, "EP_NOHSDP": 1.5, "MP_NOHSDP": 1.5, "EP_UNINSUR": 11.8, "MP_UNINSUR": 5.2, "EP_AGE65": 23.2, "MP_AGE65": 5.7, "EP_AGE17": 15.6, "MP_AGE17": 3.1, "EP_DISABL": 16.1, "MP_DISABL": 5.0, "EP_SNGPNT": 3.4, "MP_SNGPNT": 2.7, "EP_LIMENG": 0.0, "MP_LIMENG": 1.3, "EP_MINRTY": 41.9, "MP_MINRTY": 13.2, "EP_MUNIT": 8.7, "MP_MUNIT": 2.8, "EP_MOBILE": 0.0, "MP_MOBILE": 1.7, "EP_CROWD": 0.7, "MP_CROWD": 0.8, "EP_NOVEH": 7.5, "MP_NOVEH": 6.1, "EP_GROUPQ": 0.3, "MP_GROUPQ": 0.2, "EPL_POV150": 0.1917, "EPL_UNEMP": 0.3511, "EPL_HBURD": 0.5933, "EPL_NOHSDP": 0.0514, "EPL_UNINSUR": 0.6883, "SPL_THEME1": 1.8758, "RPL_THEME1": 0.2833, "EPL_AGE65": 0.7363, "EPL_AGE17": 0.2123, "EPL_DISABL": 0.51, "EPL_SNGPNT": 0.255, "EPL_LIMENG": 0.0, "SPL_THEME2": 1.7136, "RPL_THEME2": 0.1267, "EPL_MINRTY": 0.1625, "SPL_THEME3": 0.1625, "RPL_THEME3": 0.1625, "EPL_MUNIT": 0.7953, "EPL_MOBILE": 0.0, "EPL_CROWD": 0.2917, "EPL_NOVEH": 0.71, "EPL_GROUPQ": 0.539, "SPL_THEME4": 2.336, "RPL_THEME4": 0.5217, "SPL_THEMES": 6.0879, "RPL_THEMES": 0.2367, "F_POV150": 0, "F_UNEMP": 0, "F_HBURD": 0, "F_NOHSDP": 0, "F_UNINSUR": 0, "F_THEME1": 0, "F_AGE65": 0, "F_AGE17": 0, "F_DISABL": 0, "F_SNGPNT": 0, "F_LIMENG": 0, "F_THEME2": 0, "F_MINRTY": 0, "F_THEME3": 0, "F_MUNIT": 0, "F_MOBILE": 0, "F_CROWD": 0, "F_NOVEH": 0, "F_GROUPQ": 0, "F_THEME4": 0, "F_TOTAL": 0, "E_DAYPOP": 1330, "E_NOINT": 271, "M_NOINT": 108, "E_AFAM": 59, "M_AFAM": 55, "E_HISP": 1263, "M_HISP": 335, "E_ASIAN": 114, "M_ASIAN": 85, "E_AIAN": 97, "M_AIAN": 96, "E_NHPI": 0, "M_NHPI": 13, "E_TWOMORE": 165, "M_TWOMORE": 108, "E_OTHERRACE": 98, "M_OTHERRACE": 147, "EP_NOINT": 12.2, "MP_NOINT": 5.2, "EP_AFAM": 1.4, "MP_AFAM": 1.3, "EP_HISP": 29.4, "MP_HISP": 6.5, "EP_ASIAN": 2.7, "MP_ASIAN": 1.9, "EP_AIAN": 2.3, "MP_AIAN": 2.2, "EP_NHPI": 0.0, "MP_NHPI": 0.9, "EP_TWOMORE": 3.8, "MP_TWOMORE": 2.4, "EP_OTHERRACE": 2.3, "MP_OTHERRACE": 3.3, "Shape_Length": 0.071686092923620548, "Shape_Area": 0.0003059412770000665 }, "geometry": { "type": "MultiPolygon", "coordinates": [ [ [ [ -106.497112, 35.086265 ], [ -106.492957, 35.08616 ], [ -106.49131, 35.087176 ], [ -106.490991, 35.086907 ], [ -106.490007, 35.08865 ], [ -106.485546, 35.086582 ], [ -106.48374, 35.083974 ], [ -106.479962, 35.084922 ], [ -106.479973, 35.072776 ], [ -106.480259, 35.071649 ], [ -106.482433, 35.070784 ], [ -106.485595, 35.065091 ], [ -106.486682, 35.065638 ], [ -106.487873, 35.066129 ], [ -106.493705, 35.068377 ], [ -106.496706, 35.069538 ], [ -106.495877, 35.071937 ], [ -106.496526, 35.074314 ], [ -106.496976, 35.075244 ], [ -106.497065, 35.079117 ], [ -106.497112, 35.086265 ] ] ] ] } },
{ "type": "Feature", "properties": { "OBJECTID": 41, "ST": "35", "STATE": "New Mexico", "ST_ABBR": "NM", "STCNTY": "35001", "COUNTY": "Bernalillo County", "FIPS": "35001000712", "LOCATION": "Census Tract 7.12; Bernalillo County; New Mexico", "AREA_SQMI": 0.55264246447599996, "E_TOTPOP": 4052, "M_TOTPOP": 574, "E_HU": 1934, "M_HU": 223, "E_HH": 1793, "M_HH": 243, "E_POV150": 1090, "M_POV150": 357, "E_UNEMP": 133, "M_UNEMP": 93, "E_HBURD": 502, "M_HBURD": 141, "E_NOHSDP": 282, "M_NOHSDP": 173, "E_UNINSUR": 76, "M_UNINSUR": 53, "E_AGE65": 524, "M_AGE65": 168, "E_AGE17": 890, "M_AGE17": 255, "E_DISABL": 559, "M_DISABL": 168, "E_SNGPNT": 322, "M_SNGPNT": 160, "E_LIMENG": 74, "M_LIMENG": 68, "E_MINRTY": 2458, "M_MINRTY": 684, "E_MUNIT": 251, "M_MUNIT": 118, "E_MOBILE": 0, "M_MOBILE": 13, "E_CROWD": 36, "M_CROWD": 35, "E_NOVEH": 203, "M_NOVEH": 83, "E_GROUPQ": 0, "M_GROUPQ": 13, "EP_POV150": 27.0, "MP_POV150": 8.0, "EP_UNEMP": 6.7, "MP_UNEMP": 4.1, "EP_HBURD": 28.0, "MP_HBURD": 6.9, "EP_NOHSDP": 9.6, "MP_NOHSDP": 5.4, "EP_UNINSUR": 1.9, "MP_UNINSUR": 1.2, "EP_AGE65": 12.9, "MP_AGE65": 4.1, "EP_AGE17": 22.0, "MP_AGE17": 4.9, "EP_DISABL": 13.8, "MP_DISABL": 4.3, "EP_SNGPNT": 17.9, "MP_SNGPNT": 8.6, "EP_LIMENG": 1.9, "MP_LIMENG": 1.8, "EP_MINRTY": 60.7, "MP_MINRTY": 14.5, "EP_MUNIT": 13.0, "MP_MUNIT": 5.9, "EP_MOBILE": 0.0, "MP_MOBILE": 2.0, "EP_CROWD": 2.0, "MP_CROWD": 1.9, "EP_NOVEH": 11.3, "MP_NOVEH": 4.7, "EP_GROUPQ": 0.0, "MP_GROUPQ": 0.3, "EPL_POV150": 0.4517, "EPL_UNEMP": 0.6273, "EPL_HBURD": 0.625, "EPL_NOHSDP": 0.4262, "EPL_UNINSUR": 0.065, "SPL_THEME1": 2.1952, "RPL_THEME1": 0.3933, "EPL_AGE65": 0.2355, "EPL_AGE17": 0.5041, "EPL_DISABL": 0.365, "EPL_SNGPNT": 0.9683, "EPL_LIMENG": 0.5075, "SPL_THEME2": 2.5804, "RPL_THEME2": 0.535, "EPL_MINRTY": 0.4444, "SPL_THEME3": 0.4444, "RPL_THEME3": 0.4444, "EPL_MUNIT": 0.8586, "EPL_MOBILE": 0.0, "EPL_CROWD": 0.4567, "EPL_NOVEH": 0.8433, "EPL_GROUPQ": 0.0, "SPL_THEME4": 2.1586, "RPL_THEME4": 0.445, "SPL_THEMES": 7.3786, "RPL_THEMES": 0.4317, "F_POV150": 0, "F_UNEMP": 0, "F_HBURD": 0, "F_NOHSDP": 0, "F_UNINSUR": 0, "F_THEME1": 0, "F_AGE65": 0, "F_AGE17": 0, "F_DISABL": 0, "F_SNGPNT": 1, "F_LIMENG": 0, "F_THEME2": 1, "F_MINRTY": 0, "F_THEME3": 0, "F_MUNIT": 0, "F_MOBILE": 0, "F_CROWD": 0, "F_NOVEH": 0, "F_GROUPQ": 0, "F_THEME4": 0, "F_TOTAL": 1, "E_DAYPOP": 1990, "E_NOINT": 354, "M_NOINT": 161, "E_AFAM": 60, "M_AFAM": 66, "E_HISP": 1722, "M_HISP": 398, "E_ASIAN": 219, "M_ASIAN": 135, "E_AIAN": 238, "M_AIAN": 168, "E_NHPI": 0, "M_NHPI": 13, "E_TWOMORE": 219, "M_TWOMORE": 147, "E_OTHERRACE": 0, "M_OTHERRACE": 13, "EP_NOINT": 19.7, "MP_NOINT": 8.4, "EP_AFAM": 1.5, "MP_AFAM": 1.6, "EP_HISP": 42.5, "MP_HISP": 6.6, "EP_ASIAN": 5.4, "MP_ASIAN": 3.2, "EP_AIAN": 5.9, "MP_AIAN": 4.3, "EP_NHPI": 0.0, "MP_NHPI": 1.0, "EP_TWOMORE": 5.4, "MP_TWOMORE": 3.6, "EP_OTHERRACE": 0.0, "MP_OTHERRACE": 1.0, "Shape_Length": 0.05014660231036238, "Shape_Area": 0.00014175140599996517 }, "geometry": { "type": "MultiPolygon", "coordinates": [ [ [ [ -106.506423, 35.074017 ], [ -106.506215, 35.079285 ], [ -106.506196, 35.086516 ], [ -106.501771, 35.086389 ], [ -106.497112, 35.086265 ], [ -106.497065, 35.079117 ], [ -106.496976, 35.075244 ], [ -106.496526, 35.074314 ], [ -106.495877, 35.071937 ], [ -106.496706, 35.069538 ], [ -106.496957, 35.069634 ], [ -106.506784, 35.073418 ], [ -106.506423, 35.074017 ] ] ] ] } },
{ "type": "Feature", "properties": { "OBJECTID": 42, "ST": "35", "STATE": "New Mexico", "ST_ABBR": "NM", "STCNTY": "35001", "COUNTY": "Bernalillo County", "FIPS": "35001000713", "LOCATION": "Census Tract 7.13; Bernalillo County; New Mexico", "AREA_SQMI": 0.75400122121000002, "E_TOTPOP": 5833, "M_TOTPOP": 868, "E_HU": 2864, "M_HU": 316, "E_HH": 2658, "M_HH": 340, "E_POV150": 3026, "M_POV150": 732, "E_UNEMP": 349, "M_UNEMP": 285, "E_HBURD": 1067, "M_HBURD": 296, "E_NOHSDP": 564, "M_NOHSDP": 321, "E_UNINSUR": 517, "M_UNINSUR": 247, "E_AGE65": 1024, "M_AGE65": 481, "E_AGE17": 996, "M_AGE17": 381, "E_DISABL": 1396, "M_DISABL": 638, "E_SNGPNT": 57, "M_SNGPNT": 74, "E_LIMENG": 153, "M_LIMENG": 183, "E_MINRTY": 2951, "M_MINRTY": 1167, "E_MUNIT": 647, "M_MUNIT": 241, "E_MOBILE": 752, "M_MOBILE": 200, "E_CROWD": 109, "M_CROWD": 75, "E_NOVEH": 549, "M_NOVEH": 346, "E_GROUPQ": 1, "M_GROUPQ": 2, "EP_POV150": 51.9, "MP_POV150": 9.9, "EP_UNEMP": 11.2, "MP_UNEMP": 8.5, "EP_HBURD": 40.1, "MP_HBURD": 9.9, "EP_NOHSDP": 13.4, "MP_NOHSDP": 6.8, "EP_UNINSUR": 8.9, "MP_UNINSUR": 4.5, "EP_AGE65": 17.6, "MP_AGE65": 7.2, "EP_AGE17": 17.1, "MP_AGE17": 5.8, "EP_DISABL": 23.9, "MP_DISABL": 9.2, "EP_SNGPNT": 2.1, "MP_SNGPNT": 2.8, "EP_LIMENG": 2.8, "MP_LIMENG": 3.3, "EP_MINRTY": 50.6, "MP_MINRTY": 18.5, "EP_MUNIT": 22.6, "MP_MUNIT": 8.0, "EP_MOBILE": 26.3, "MP_MOBILE": 7.5, "EP_CROWD": 4.1, "MP_CROWD": 2.8, "EP_NOVEH": 20.7, "MP_NOVEH": 11.5, "EP_GROUPQ": 0.0, "MP_GROUPQ": 0.0, "EPL_POV150": 0.9067, "EPL_UNEMP": 0.8253, "EPL_HBURD": 0.89, "EPL_NOHSDP": 0.5755, "EPL_UNINSUR": 0.5483, "SPL_THEME1": 3.7458, "RPL_THEME1": 0.8933, "EPL_AGE65": 0.5008, "EPL_AGE17": 0.2687, "EPL_DISABL": 0.865, "EPL_SNGPNT": 0.175, "EPL_LIMENG": 0.6219, "SPL_THEME2": 2.4314, "RPL_THEME2": 0.4383, "EPL_MINRTY": 0.2703, "SPL_THEME3": 0.2703, "RPL_THEME3": 0.2703, "EPL_MUNIT": 0.9168, "EPL_MOBILE": 0.6855, "EPL_CROWD": 0.6783, "EPL_NOVEH": 0.97, "EPL_GROUPQ": 0.0, "SPL_THEME4": 3.2506, "RPL_THEME4": 0.8983, "SPL_THEMES": 9.6981, "RPL_THEMES": 0.7917, "F_POV150": 1, "F_UNEMP": 0, "F_HBURD": 0, "F_NOHSDP": 0, "F_UNINSUR": 0, "F_THEME1": 1, "F_AGE65": 0, "F_AGE17": 0, "F_DISABL": 0, "F_SNGPNT": 0, "F_LIMENG": 0, "F_THEME2": 0, "F_MINRTY": 0, "F_THEME3": 0, "F_MUNIT": 1, "F_MOBILE": 0, "F_CROWD": 0, "F_NOVEH": 1, "F_GROUPQ": 0, "F_THEME4": 2, "F_TOTAL": 3, "E_DAYPOP": 2498, "E_NOINT": 435, "M_NOINT": 305, "E_AFAM": 322, "M_AFAM": 355, "E_HISP": 2195, "M_HISP": 610, "E_ASIAN": 82, "M_ASIAN": 75, "E_AIAN": 232, "M_AIAN": 240, "E_NHPI": 0, "M_NHPI": 19, "E_TWOMORE": 120, "M_TWOMORE": 141, "E_OTHERRACE": 0, "M_OTHERRACE": 19, "EP_NOINT": 16.4, "MP_NOINT": 10.3, "EP_AFAM": 5.5, "MP_AFAM": 5.9, "EP_HISP": 37.6, "MP_HISP": 9.5, "EP_ASIAN": 1.4, "MP_ASIAN": 1.3, "EP_AIAN": 4.0, "MP_AIAN": 4.1, "EP_NHPI": 0.0, "MP_NHPI": 0.7, "EP_TWOMORE": 2.1, "MP_TWOMORE": 2.4, "EP_OTHERRACE": 0.0, "MP_OTHERRACE": 0.7, "Shape_Length": 0.063273075066669029, "Shape_Area": 0.00019681618500006973 }, "geometry": { "type": "MultiPolygon", "coordinates": [ [ [ [ -106.515331, 35.056349 ], [ -106.515314, 35.057725 ], [ -106.515318, 35.057989 ], [ -106.515321, 35.058952 ], [ -106.515329, 35.061187 ], [ -106.515335, 35.062871 ], [ -106.515211, 35.069056 ], [ -106.515181, 35.070081 ], [ -106.509621, 35.069461 ], [ -106.497697, 35.068218 ], [ -106.495974, 35.067979 ], [ -106.495009, 35.067711 ], [ -106.495382, 35.065834 ], [ -106.495454, 35.064078 ], [ -106.495123, 35.06094 ], [ -106.496594, 35.061382 ], [ -106.496875, 35.061342 ], [ -106.497362, 35.061458 ], [ -106.497635, 35.061459 ], [ -106.497799, 35.061475 ], [ -106.497982, 35.061554 ], [ -106.498736, 35.061761 ], [ -106.501105, 35.06151 ], [ -106.502387, 35.061381 ], [ -106.503086, 35.061084 ], [ -106.504268, 35.059613 ], [ -106.506889, 35.058558 ], [ -106.508739, 35.057274 ], [ -106.510859, 35.056913 ], [ -106.515347, 35.055856 ], [ -106.515331, 35.056349 ] ] ] ] } },
{ "type": "Feature", "properties": { "OBJECTID": 43, "ST": "35", "STATE": "New Mexico", "ST_ABBR": "NM", "STCNTY": "35001", "COUNTY": "Bernalillo County", "FIPS": "35001000714", "LOCATION": "Census Tract 7.14; Bernalillo County; New Mexico", "AREA_SQMI": 1.251897897004, "E_TOTPOP": 5046, "M_TOTPOP": 1107, "E_HU": 2185, "M_HU": 365, "E_HH": 2159, "M_HH": 364, "E_POV150": 1135, "M_POV150": 612, "E_UNEMP": 35, "M_UNEMP": 38, "E_HBURD": 595, "M_HBURD": 310, "E_NOHSDP": 260, "M_NOHSDP": 173, "E_UNINSUR": 410, "M_UNINSUR": 341, "E_AGE65": 1210, "M_AGE65": 378, "E_AGE17": 1226, "M_AGE17": 627, "E_DISABL": 766, "M_DISABL": 297, "E_SNGPNT": 16, "M_SNGPNT": 31, "E_LIMENG": 279, "M_LIMENG": 221, "E_MINRTY": 3227, "M_MINRTY": 1231, "E_MUNIT": 363, "M_MUNIT": 173, "E_MOBILE": 560, "M_MOBILE": 361, "E_CROWD": 71, "M_CROWD": 68, "E_NOVEH": 56, "M_NOVEH": 60, "E_GROUPQ": 21, "M_GROUPQ": 4, "EP_POV150": 22.6, "MP_POV150": 11.1, "EP_UNEMP": 1.7, "MP_UNEMP": 1.9, "EP_HBURD": 27.6, "MP_HBURD": 13.6, "EP_NOHSDP": 7.4, "MP_NOHSDP": 4.4, "EP_UNINSUR": 8.4, "MP_UNINSUR": 5.9, "EP_AGE65": 24.0, "MP_AGE65": 7.5, "EP_AGE17": 24.3, "MP_AGE17": 8.4, "EP_DISABL": 15.6, "MP_DISABL": 7.4, "EP_SNGPNT": 0.7, "MP_SNGPNT": 1.4, "EP_LIMENG": 6.0, "MP_LIMENG": 4.6, "EP_MINRTY": 64.0, "MP_MINRTY": 20.0, "EP_MUNIT": 16.6, "MP_MUNIT": 7.4, "EP_MOBILE": 25.6, "MP_MOBILE": 12.7, "EP_CROWD": 3.3, "MP_CROWD": 3.1, "EP_NOVEH": 2.6, "MP_NOVEH": 2.8, "EP_GROUPQ": 0.4, "MP_GROUPQ": 0.1, "EPL_POV150": 0.34, "EPL_UNEMP": 0.1265, "EPL_HBURD": 0.6133, "EPL_NOHSDP": 0.3383, "EPL_UNINSUR": 0.52, "SPL_THEME1": 1.9381, "RPL_THEME1": 0.31, "EPL_AGE65": 0.7612, "EPL_AGE17": 0.6235, "EPL_DISABL": 0.48, "EPL_SNGPNT": 0.0767, "EPL_LIMENG": 0.801, "SPL_THEME2": 2.7424, "RPL_THEME2": 0.6567, "EPL_MINRTY": 0.5124, "SPL_THEME3": 0.5124, "RPL_THEME3": 0.5124, "EPL_MUNIT": 0.8869, "EPL_MOBILE": 0.6722, "EPL_CROWD": 0.62, "EPL_NOVEH": 0.365, "EPL_GROUPQ": 0.5755, "SPL_THEME4": 3.1196, "RPL_THEME4": 0.8717, "SPL_THEMES": 8.3125, "RPL_THEMES": 0.5917, "F_POV150": 0, "F_UNEMP": 0, "F_HBURD": 0, "F_NOHSDP": 0, "F_UNINSUR": 0, "F_THEME1": 0, "F_AGE65": 0, "F_AGE17": 0, "F_DISABL": 0, "F_SNGPNT": 0, "F_LIMENG": 0, "F_THEME2": 0, "F_MINRTY": 0, "F_THEME3": 0, "F_MUNIT": 0, "F_MOBILE": 0, "F_CROWD": 0, "F_NOVEH": 0, "F_GROUPQ": 0, "F_THEME4": 0, "F_TOTAL": 0, "E_DAYPOP": 4158, "E_NOINT": 449, "M_NOINT": 348, "E_AFAM": 164, "M_AFAM": 99, "E_HISP": 1552, "M_HISP": 684, "E_ASIAN": 682, "M_ASIAN": 414, "E_AIAN": 758, "M_AIAN": 877, "E_NHPI": 0, "M_NHPI": 19, "E_TWOMORE": 44, "M_TWOMORE": 66, "E_OTHERRACE": 27, "M_OTHERRACE": 36, "EP_NOINT": 20.8, "MP_NOINT": 13.2, "EP_AFAM": 3.3, "MP_AFAM": 2.0, "EP_HISP": 30.8, "MP_HISP": 12.2, "EP_ASIAN": 13.5, "MP_ASIAN": 7.9, "EP_AIAN": 15.0, "MP_AIAN": 15.3, "EP_NHPI": 0.0, "MP_NHPI": 0.8, "EP_TWOMORE": 0.9, "MP_TWOMORE": 1.4, "EP_OTHERRACE": 0.5, "MP_OTHERRACE": 0.7, "Shape_Length": 0.07990778883576613, "Shape_Area": 0.00032431996400016197 }, "geometry": { "type": "MultiPolygon", "coordinates": [ [ [ [ -106.532754, 35.046828 ], [ -106.53258, 35.055756 ], [ -106.532588, 35.057953 ], [ -106.53254, 35.067341 ], [ -106.524854, 35.067246 ], [ -106.519297, 35.066347 ], [ -106.517734, 35.066503 ], [ -106.516042, 35.067532 ], [ -106.515211, 35.069056 ], [ -106.515335, 35.062871 ], [ -106.515329, 35.061187 ], [ -106.515321, 35.058952 ], [ -106.515318, 35.057989 ], [ -106.515314, 35.057725 ], [ -106.515331, 35.056349 ], [ -106.515347, 35.055856 ], [ -106.515949, 35.055665 ], [ -106.518543, 35.054151 ], [ -106.519711, 35.052238 ], [ -106.519735, 35.050527 ], [ -106.520277, 35.050529 ], [ -106.520835, 35.049408 ], [ -106.522798, 35.0488 ], [ -106.528033, 35.045016 ], [ -106.529209, 35.04293 ], [ -106.532847, 35.043178 ], [ -106.532754, 35.046828 ] ] ] ] } },
{ "type": "Feature", "properties": { "OBJECTID": 44, "ST": "35", "STATE": "New Mexico", "ST_ABBR": "NM", "STCNTY": "35001", "COUNTY": "Bernalillo County", "FIPS": "35001000715", "LOCATION": "Census Tract 7.15; Bernalillo County; New Mexico", "AREA_SQMI": 0.39198966939800001, "E_TOTPOP": 2522, "M_TOTPOP": 1255, "E_HU": 844, "M_HU": 243, "E_HH": 822, "M_HH": 242, "E_POV150": 1603, "M_POV150": 1269, "E_UNEMP": 0, "M_UNEMP": 13, "E_HBURD": 476, "M_HBURD": 261, "E_NOHSDP": 407, "M_NOHSDP": 310, "E_UNINSUR": 649, "M_UNINSUR": 337, "E_AGE65": 232, "M_AGE65": 100, "E_AGE17": 1127, "M_AGE17": 1032, "E_DISABL": 497, "M_DISABL": 354, "E_SNGPNT": 148, "M_SNGPNT": 228, "E_LIMENG": 695, "M_LIMENG": 464, "E_MINRTY": 2309, "M_MINRTY": 1258, "E_MUNIT": 0, "M_MUNIT": 18, "E_MOBILE": 808, "M_MOBILE": 244, "E_CROWD": 157, "M_CROWD": 228, "E_NOVEH": 160, "M_NOVEH": 107, "E_GROUPQ": 0, "M_GROUPQ": 13, "EP_POV150": 63.6, "MP_POV150": 39.1, "EP_UNEMP": 0.0, "MP_UNEMP": 4.3, "EP_HBURD": 57.9, "MP_HBURD": 26.8, "EP_NOHSDP": 36.8, "MP_NOHSDP": 20.8, "EP_UNINSUR": 25.7, "MP_UNINSUR": 9.6, "EP_AGE65": 9.2, "MP_AGE65": 7.1, "EP_AGE17": 44.7, "MP_AGE17": 21.6, "EP_DISABL": 19.7, "MP_DISABL": 7.1, "EP_SNGPNT": 18.0, "MP_SNGPNT": 27.2, "EP_LIMENG": 30.0, "MP_LIMENG": 14.1, "EP_MINRTY": 91.6, "MP_MINRTY": 20.3, "EP_MUNIT": 0.0, "MP_MUNIT": 2.1, "EP_MOBILE": 95.7, "MP_MOBILE": 4.7, "EP_CROWD": 19.1, "MP_CROWD": 27.2, "EP_NOVEH": 19.5, "MP_NOVEH": 12.8, "EP_GROUPQ": 0.0, "MP_GROUPQ": 0.5, "EPL_POV150": 0.9717, "EPL_UNEMP": 0.0, "EPL_HBURD": 0.9917, "EPL_NOHSDP": 0.9652, "EPL_UNINSUR": 0.9667, "SPL_THEME1": 3.8953, "RPL_THEME1": 0.9383, "EPL_AGE65": 0.1177, "EPL_AGE17": 1.0, "EPL_DISABL": 0.705, "EPL_SNGPNT": 0.97, "EPL_LIMENG": 0.995, "SPL_THEME2": 3.7877, "RPL_THEME2": 0.9833, "EPL_MINRTY": 0.8706, "SPL_THEME3": 0.8706, "RPL_THEME3": 0.8706, "EPL_MUNIT": 0.0, "EPL_MOBILE": 0.995, "EPL_CROWD": 0.9817, "EPL_NOVEH": 0.9633, "EPL_GROUPQ": 0.0, "SPL_THEME4": 2.94, "RPL_THEME4": 0.8033, "SPL_THEMES": 11.4936, "RPL_THEMES": 0.9783, "F_POV150": 1, "F_UNEMP": 0, "F_HBURD": 1, "F_NOHSDP": 1, "F_UNINSUR": 1, "F_THEME1": 4, "F_AGE65": 0, "F_AGE17": 1, "F_DISABL": 0, "F_SNGPNT": 1, "F_LIMENG": 1, "F_THEME2": 3, "F_MINRTY": 0, "F_THEME3": 0, "F_MUNIT": 0, "F_MOBILE": 1, "F_CROWD": 1, "F_NOVEH": 1, "F_GROUPQ": 0, "F_THEME4": 3, "F_TOTAL": 10, "E_DAYPOP": 1874, "E_NOINT": 252, "M_NOINT": 78, "E_AFAM": 35, "M_AFAM": 37, "E_HISP": 2261, "M_HISP": 1270, "E_ASIAN": 1, "M_ASIAN": 3, "E_AIAN": 12, "M_AIAN": 21, "E_NHPI": 0, "M_NHPI": 13, "E_TWOMORE": 0, "M_TWOMORE": 13, "E_OTHERRACE": 0, "M_OTHERRACE": 13, "EP_NOINT": 30.7, "MP_NOINT": 13.1, "EP_AFAM": 1.4, "MP_AFAM": 1.8, "EP_HISP": 89.7, "MP_HISP": 7.3, "EP_ASIAN": 0.0, "MP_ASIAN": 0.1, "EP_AIAN": 0.5, "MP_AIAN": 0.9, "EP_NHPI": 0.0, "MP_NHPI": 1.6, "EP_TWOMORE": 0.0, "MP_TWOMORE": 1.6, "EP_OTHERRACE": 0.0, "MP_OTHERRACE": 1.6, "Shape_Length": 0.047177968339037077, "Shape_Area": 0.00010017863850057774 }, "geometry": { "type": "MultiPolygon", "coordinates": [ [ [ [ -106.550462, 35.072759 ], [ -106.550441, 35.07387 ], [ -106.542454, 35.073051 ], [ -106.532419, 35.071929 ], [ -106.53254, 35.067341 ], [ -106.534827, 35.067386 ], [ -106.535471, 35.067369 ], [ -106.550458, 35.067327 ], [ -106.55045, 35.069069 ], [ -106.550462, 35.072759 ] ] ] ] } },
{ "type": "Feature", "properties": { "OBJECTID": 45, "ST": "35", "STATE": "New Mexico", "ST_ABBR": "NM", "STCNTY": "35001", "COUNTY": "Bernalillo County", "FIPS": "35001000716", "LOCATION": "Census Tract 7.16; Bernalillo County; New Mexico", "AREA_SQMI": 0.92269111552000005, "E_TOTPOP": 4893, "M_TOTPOP": 952, "E_HU": 1834, "M_HU": 343, "E_HH": 1734, "M_HH": 326, "E_POV150": 1421, "M_POV150": 627, "E_UNEMP": 60, "M_UNEMP": 74, "E_HBURD": 496, "M_HBURD": 176, "E_NOHSDP": 445, "M_NOHSDP": 247, "E_UNINSUR": 222, "M_UNINSUR": 158, "E_AGE65": 605, "M_AGE65": 139, "E_AGE17": 1139, "M_AGE17": 388, "E_DISABL": 1106, "M_DISABL": 327, "E_SNGPNT": 236, "M_SNGPNT": 139, "E_LIMENG": 307, "M_LIMENG": 201, "E_MINRTY": 4111, "M_MINRTY": 985, "E_MUNIT": 316, "M_MUNIT": 142, "E_MOBILE": 106, "M_MOBILE": 87, "E_CROWD": 84, "M_CROWD": 85, "E_NOVEH": 136, "M_NOVEH": 115, "E_GROUPQ": 71, "M_GROUPQ": 12, "EP_POV150": 29.6, "MP_POV150": 11.7, "EP_UNEMP": 2.4, "MP_UNEMP": 3.0, "EP_HBURD": 28.6, "MP_HBURD": 8.6, "EP_NOHSDP": 14.0, "MP_NOHSDP": 8.0, "EP_UNINSUR": 4.5, "MP_UNINSUR": 3.2, "EP_AGE65": 12.4, "MP_AGE65": 3.6, "EP_AGE17": 23.3, "MP_AGE17": 6.1, "EP_DISABL": 22.6, "MP_DISABL": 5.3, "EP_SNGPNT": 13.6, "MP_SNGPNT": 7.6, "EP_LIMENG": 6.6, "MP_LIMENG": 4.2, "EP_MINRTY": 84.0, "MP_MINRTY": 11.8, "EP_MUNIT": 17.2, "MP_MUNIT": 7.0, "EP_MOBILE": 5.8, "MP_MOBILE": 4.9, "EP_CROWD": 4.8, "MP_CROWD": 4.8, "EP_NOVEH": 7.8, "MP_NOVEH": 6.6, "EP_GROUPQ": 1.5, "MP_GROUPQ": 0.4, "EPL_POV150": 0.5083, "EPL_UNEMP": 0.1947, "EPL_HBURD": 0.6383, "EPL_NOHSDP": 0.5937, "EPL_UNINSUR": 0.2383, "SPL_THEME1": 2.1733, "RPL_THEME1": 0.385, "EPL_AGE65": 0.2172, "EPL_AGE17": 0.5738, "EPL_DISABL": 0.8233, "EPL_SNGPNT": 0.8983, "EPL_LIMENG": 0.8259, "SPL_THEME2": 3.3385, "RPL_THEME2": 0.935, "EPL_MINRTY": 0.7794, "SPL_THEME3": 0.7794, "RPL_THEME3": 0.7794, "EPL_MUNIT": 0.8918, "EPL_MOBILE": 0.4077, "EPL_CROWD": 0.7317, "EPL_NOVEH": 0.725, "EPL_GROUPQ": 0.7363, "SPL_THEME4": 3.4925, "RPL_THEME4": 0.9517, "SPL_THEMES": 9.7837, "RPL_THEMES": 0.8083, "F_POV150": 0, "F_UNEMP": 0, "F_HBURD": 0, "F_NOHSDP": 0, "F_UNINSUR": 0, "F_THEME1": 0, "F_AGE65": 0, "F_AGE17": 0, "F_DISABL": 0, "F_SNGPNT": 0, "F_LIMENG": 0, "F_THEME2": 0, "F_MINRTY": 0, "F_THEME3": 0, "F_MUNIT": 0, "F_MOBILE": 0, "F_CROWD": 0, "F_NOVEH": 0, "F_GROUPQ": 0, "F_THEME4": 0, "F_TOTAL": 0, "E_DAYPOP": 2825, "E_NOINT": 301, "M_NOINT": 143, "E_AFAM": 48, "M_AFAM": 54, "E_HISP": 3508, "M_HISP": 1012, "E_ASIAN": 180, "M_ASIAN": 159, "E_AIAN": 190, "M_AIAN": 226, "E_NHPI": 0, "M_NHPI": 13, "E_TWOMORE": 167, "M_TWOMORE": 140, "E_OTHERRACE": 18, "M_OTHERRACE": 28, "EP_NOINT": 17.4, "MP_NOINT": 9.5, "EP_AFAM": 1.0, "MP_AFAM": 1.2, "EP_HISP": 71.7, "MP_HISP": 9.5, "EP_ASIAN": 3.7, "MP_ASIAN": 3.2, "EP_AIAN": 3.9, "MP_AIAN": 4.7, "EP_NHPI": 0.0, "MP_NHPI": 0.8, "EP_TWOMORE": 3.4, "MP_TWOMORE": 2.8, "EP_OTHERRACE": 0.4, "MP_OTHERRACE": 0.6, "Shape_Length": 0.062001614321231267, "Shape_Area": 0.00023753768599949214 }, "geometry": { "type": "MultiPolygon", "coordinates": [ [ [ [ -106.550592, 35.087348 ], [ -106.545412, 35.086823 ], [ -106.543069, 35.087381 ], [ -106.532416, 35.083294 ], [ -106.532331, 35.080062 ], [ -106.532319, 35.076408 ], [ -106.532419, 35.071929 ], [ -106.542454, 35.073051 ], [ -106.550441, 35.07387 ], [ -106.550451, 35.076349 ], [ -106.55036, 35.079921 ], [ -106.550592, 35.087348 ] ] ] ] } },
{ "type": "Feature", "properties": { "OBJECTID": 46, "ST": "35", "STATE": "New Mexico", "ST_ABBR": "NM", "STCNTY": "35001", "COUNTY": "Bernalillo County", "FIPS": "35001000717", "LOCATION": "Census Tract 7.17; Bernalillo County; New Mexico", "AREA_SQMI": 0.29883097883799997, "E_TOTPOP": 2112, "M_TOTPOP": 643, "E_HU": 955, "M_HU": 147, "E_HH": 931, "M_HH": 144, "E_POV150": 793, "M_POV150": 268, "E_UNEMP": 54, "M_UNEMP": 55, "E_HBURD": 482, "M_HBURD": 184, "E_NOHSDP": 192, "M_NOHSDP": 190, "E_UNINSUR": 592, "M_UNINSUR": 592, "E_AGE65": 331, "M_AGE65": 160, "E_AGE17": 352, "M_AGE17": 179, "E_DISABL": 547, "M_DISABL": 147, "E_SNGPNT": 75, "M_SNGPNT": 72, "E_LIMENG": 124, "M_LIMENG": 186, "E_MINRTY": 1453, "M_MINRTY": 692, "E_MUNIT": 519, "M_MUNIT": 195, "E_MOBILE": 140, "M_MOBILE": 113, "E_CROWD": 54, "M_CROWD": 55, "E_NOVEH": 193, "M_NOVEH": 123, "E_GROUPQ": 11, "M_GROUPQ": 4, "EP_POV150": 37.5, "MP_POV150": 5.5, "EP_UNEMP": 4.5, "MP_UNEMP": 5.5, "EP_HBURD": 51.8, "MP_HBURD": 18.1, "EP_NOHSDP": 14.6, "MP_NOHSDP": 13.2, "EP_UNINSUR": 28.0, "MP_UNINSUR": 21.7, "EP_AGE65": 15.7, "MP_AGE65": 8.1, "EP_AGE17": 16.7, "MP_AGE17": 9.4, "EP_DISABL": 25.9, "MP_DISABL": 9.9, "EP_SNGPNT": 8.1, "MP_SNGPNT": 7.6, "EP_LIMENG": 6.2, "MP_LIMENG": 9.0, "EP_MINRTY": 68.8, "MP_MINRTY": 25.2, "EP_MUNIT": 54.4, "MP_MUNIT": 18.6, "EP_MOBILE": 14.7, "MP_MOBILE": 11.4, "EP_CROWD": 5.8, "MP_CROWD": 5.8, "EP_NOVEH": 20.7, "MP_NOVEH": 13.8, "EP_GROUPQ": 0.5, "MP_GROUPQ": 0.1, "EPL_POV150": 0.6767, "EPL_UNEMP": 0.3943, "EPL_HBURD": 0.9783, "EPL_NOHSDP": 0.6153, "EPL_UNINSUR": 0.9783, "SPL_THEME1": 3.6429, "RPL_THEME1": 0.8633, "EPL_AGE65": 0.3847, "EPL_AGE17": 0.2405, "EPL_DISABL": 0.9067, "EPL_SNGPNT": 0.66, "EPL_LIMENG": 0.8093, "SPL_THEME2": 3.0012, "RPL_THEME2": 0.8167, "EPL_MINRTY": 0.602, "SPL_THEME3": 0.602, "RPL_THEME3": 0.602, "EPL_MUNIT": 0.9884, "EPL_MOBILE": 0.5358, "EPL_CROWD": 0.7817, "EPL_NOVEH": 0.97, "EPL_GROUPQ": 0.597, "SPL_THEME4": 3.8729, "RPL_THEME4": 0.9833, "SPL_THEMES": 11.119, "RPL_THEMES": 0.96, "F_POV150": 0, "F_UNEMP": 0, "F_HBURD": 1, "F_NOHSDP": 0, "F_UNINSUR": 1, "F_THEME1": 2, "F_AGE65": 0, "F_AGE17": 0, "F_DISABL": 1, "F_SNGPNT": 0, "F_LIMENG": 0, "F_THEME2": 1, "F_MINRTY": 0, "F_THEME3": 0, "F_MUNIT": 1, "F_MOBILE": 0, "F_CROWD": 0, "F_NOVEH": 1, "F_GROUPQ": 0, "F_THEME4": 2, "F_TOTAL": 5, "E_DAYPOP": 1087, "E_NOINT": 185, "M_NOINT": 117, "E_AFAM": 159, "M_AFAM": 289, "E_HISP": 969, "M_HISP": 579, "E_ASIAN": 49, "M_ASIAN": 72, "E_AIAN": 101, "M_AIAN": 104, "E_NHPI": 26, "M_NHPI": 42, "E_TWOMORE": 132, "M_TWOMORE": 147, "E_OTHERRACE": 17, "M_OTHERRACE": 29, "EP_NOINT": 19.9, "MP_NOINT": 12.9, "EP_AFAM": 7.5, "MP_AFAM": 12.7, "EP_HISP": 45.9, "MP_HISP": 18.4, "EP_ASIAN": 2.3, "MP_ASIAN": 3.4, "EP_AIAN": 4.8, "MP_AIAN": 5.0, "EP_NHPI": 1.2, "MP_NHPI": 2.1, "EP_TWOMORE": 6.3, "MP_TWOMORE": 7.4, "EP_OTHERRACE": 0.8, "MP_OTHERRACE": 1.4, "Shape_Length": 0.051304588430395336, "Shape_Area": 7.6892462000127996e-05 }, "geometry": { "type": "MultiPolygon", "coordinates": [ [ [ [ -106.515141, 35.076628 ], [ -106.506784, 35.073418 ], [ -106.496957, 35.069634 ], [ -106.496706, 35.069538 ], [ -106.493705, 35.068377 ], [ -106.495009, 35.067711 ], [ -106.495974, 35.067979 ], [ -106.497697, 35.068218 ], [ -106.509621, 35.069461 ], [ -106.515181, 35.070081 ], [ -106.515141, 35.076628 ] ] ] ] } },
{ "type": "Feature", "properties": { "OBJECTID": 47, "ST": "35", "STATE": "New Mexico", "ST_ABBR": "NM", "STCNTY": "35001", "COUNTY": "Bernalillo County", "FIPS": "35001000718", "LOCATION": "Census Tract 7.18; Bernalillo County; New Mexico", "AREA_SQMI": 0.86653798504799995, "E_TOTPOP": 4032, "M_TOTPOP": 501, "E_HU": 2169, "M_HU": 224, "E_HH": 1966, "M_HH": 253, "E_POV150": 991, "M_POV150": 388, "E_UNEMP": 144, "M_UNEMP": 118, "E_HBURD": 638, "M_HBURD": 253, "E_NOHSDP": 472, "M_NOHSDP": 244, "E_UNINSUR": 691, "M_UNINSUR": 308, "E_AGE65": 726, "M_AGE65": 172, "E_AGE17": 643, "M_AGE17": 234, "E_DISABL": 677, "M_DISABL": 193, "E_SNGPNT": 150, "M_SNGPNT": 124, "E_LIMENG": 228, "M_LIMENG": 169, "E_MINRTY": 2650, "M_MINRTY": 619, "E_MUNIT": 153, "M_MUNIT": 134, "E_MOBILE": 354, "M_MOBILE": 173, "E_CROWD": 22, "M_CROWD": 36, "E_NOVEH": 8, "M_NOVEH": 14, "E_GROUPQ": 0, "M_GROUPQ": 13, "EP_POV150": 24.7, "MP_POV150": 9.1, "EP_UNEMP": 5.9, "MP_UNEMP": 4.4, "EP_HBURD": 32.5, "MP_HBURD": 12.2, "EP_NOHSDP": 14.5, "MP_NOHSDP": 7.8, "EP_UNINSUR": 17.1, "MP_UNINSUR": 6.9, "EP_AGE65": 18.0, "MP_AGE65": 4.3, "EP_AGE17": 15.9, "MP_AGE17": 5.8, "EP_DISABL": 16.8, "MP_DISABL": 5.3, "EP_SNGPNT": 7.7, "MP_SNGPNT": 6.2, "EP_LIMENG": 6.1, "MP_LIMENG": 4.5, "EP_MINRTY": 65.7, "MP_MINRTY": 13.0, "EP_MUNIT": 7.1, "MP_MUNIT": 6.1, "EP_MOBILE": 16.3, "MP_MOBILE": 8.0, "EP_CROWD": 1.1, "MP_CROWD": 1.8, "EP_NOVEH": 0.4, "MP_NOVEH": 0.7, "EP_GROUPQ": 0.0, "MP_GROUPQ": 0.3, "EPL_POV150": 0.3917, "EPL_UNEMP": 0.5474, "EPL_HBURD": 0.7467, "EPL_NOHSDP": 0.6086, "EPL_UNINSUR": 0.8517, "SPL_THEME1": 3.1461, "RPL_THEME1": 0.7167, "EPL_AGE65": 0.529, "EPL_AGE17": 0.2189, "EPL_DISABL": 0.5483, "EPL_SNGPNT": 0.6367, "EPL_LIMENG": 0.8076, "SPL_THEME2": 2.7405, "RPL_THEME2": 0.655, "EPL_MINRTY": 0.5489, "SPL_THEME3": 0.5489, "RPL_THEME3": 0.5489, "EPL_MUNIT": 0.7671, "EPL_MOBILE": 0.5574, "EPL_CROWD": 0.3517, "EPL_NOVEH": 0.1083, "EPL_GROUPQ": 0.0, "SPL_THEME4": 1.7845, "RPL_THEME4": 0.29, "SPL_THEMES": 8.22, "RPL_THEMES": 0.575, "F_POV150": 0, "F_UNEMP": 0, "F_HBURD": 0, "F_NOHSDP": 0, "F_UNINSUR": 0, "F_THEME1": 0, "F_AGE65": 0, "F_AGE17": 0, "F_DISABL": 0, "F_SNGPNT": 0, "F_LIMENG": 0, "F_THEME2": 0, "F_MINRTY": 0, "F_THEME3": 0, "F_MUNIT": 0, "F_MOBILE": 0, "F_CROWD": 0, "F_NOVEH": 0, "F_GROUPQ": 0, "F_THEME4": 0, "F_TOTAL": 0, "E_DAYPOP": 4527, "E_NOINT": 349, "M_NOINT": 198, "E_AFAM": 70, "M_AFAM": 79, "E_HISP": 2008, "M_HISP": 428, "E_ASIAN": 137, "M_ASIAN": 127, "E_AIAN": 83, "M_AIAN": 86, "E_NHPI": 0, "M_NHPI": 13, "E_TWOMORE": 326, "M_TWOMORE": 255, "E_OTHERRACE": 26, "M_OTHERRACE": 44, "EP_NOINT": 17.8, "MP_NOINT": 9.1, "EP_AFAM": 1.7, "MP_AFAM": 2.0, "EP_HISP": 49.8, "MP_HISP": 8.8, "EP_ASIAN": 3.4, "MP_ASIAN": 3.1, "EP_AIAN": 2.1, "MP_AIAN": 2.1, "EP_NHPI": 0.0, "MP_NHPI": 1.0, "EP_TWOMORE": 8.1, "MP_TWOMORE": 6.1, "EP_OTHERRACE": 0.6, "MP_OTHERRACE": 1.1, "Shape_Length": 0.060648733035246677, "Shape_Area": 0.00022171100199954639 }, "geometry": { "type": "MultiPolygon", "coordinates": [ [ [ [ -106.532419, 35.071929 ], [ -106.532319, 35.076408 ], [ -106.532331, 35.080062 ], [ -106.532416, 35.083294 ], [ -106.523781, 35.079941 ], [ -106.515141, 35.076628 ], [ -106.515181, 35.070081 ], [ -106.515211, 35.069056 ], [ -106.516042, 35.067532 ], [ -106.517734, 35.066503 ], [ -106.519297, 35.066347 ], [ -106.524854, 35.067246 ], [ -106.53254, 35.067341 ], [ -106.532419, 35.071929 ] ] ] ] } },
{ "type": "Feature", "properties": { "OBJECTID": 48, "ST": "35", "STATE": "New Mexico", "ST_ABBR": "NM", "STCNTY": "35001", "COUNTY": "Bernalillo County", "FIPS": "35001000719", "LOCATION": "Census Tract 7.19; Bernalillo County; New Mexico", "AREA_SQMI": 0.64053704036799997, "E_TOTPOP": 2875, "M_TOTPOP": 524, "E_HU": 1139, "M_HU": 232, "E_HH": 1069, "M_HH": 224, "E_POV150": 81, "M_POV150": 61, "E_UNEMP": 132, "M_UNEMP": 155, "E_HBURD": 124, "M_HBURD": 85, "E_NOHSDP": 91, "M_NOHSDP": 70, "E_UNINSUR": 88, "M_UNINSUR": 105, "E_AGE65": 285, "M_AGE65": 196, "E_AGE17": 765, "M_AGE17": 197, "E_DISABL": 352, "M_DISABL": 297, "E_SNGPNT": 44, "M_SNGPNT": 45, "E_LIMENG": 0, "M_LIMENG": 52, "E_MINRTY": 1392, "M_MINRTY": 743, "E_MUNIT": 0, "M_MUNIT": 18, "E_MOBILE": 0, "M_MOBILE": 13, "E_CROWD": 0, "M_CROWD": 18, "E_NOVEH": 0, "M_NOVEH": 13, "E_GROUPQ": 0, "M_GROUPQ": 13, "EP_POV150": 2.8, "MP_POV150": 2.1, "EP_UNEMP": 8.4, "MP_UNEMP": 8.7, "EP_HBURD": 11.6, "MP_HBURD": 7.6, "EP_NOHSDP": 4.8, "MP_NOHSDP": 4.0, "EP_UNINSUR": 3.1, "MP_UNINSUR": 3.7, "EP_AGE65": 9.9, "MP_AGE65": 6.1, "EP_AGE17": 26.6, "MP_AGE17": 6.5, "EP_DISABL": 12.4, "MP_DISABL": 9.4, "EP_SNGPNT": 4.1, "MP_SNGPNT": 4.1, "EP_LIMENG": 0.0, "MP_LIMENG": 2.0, "EP_MINRTY": 48.4, "MP_MINRTY": 24.3, "EP_MUNIT": 0.0, "MP_MUNIT": 1.6, "EP_MOBILE": 0.0, "MP_MOBILE": 3.4, "EP_CROWD": 0.0, "MP_CROWD": 1.7, "EP_NOVEH": 0.0, "MP_NOVEH": 3.7, "EP_GROUPQ": 0.0, "MP_GROUPQ": 0.5, "EPL_POV150": 0.01, "EPL_UNEMP": 0.6988, "EPL_HBURD": 0.1017, "EPL_NOHSDP": 0.2322, "EPL_UNINSUR": 0.1233, "SPL_THEME1": 1.166, "RPL_THEME1": 0.085, "EPL_AGE65": 0.1376, "EPL_AGE17": 0.7463, "EPL_DISABL": 0.255, "EPL_SNGPNT": 0.3233, "EPL_LIMENG": 0.0, "SPL_THEME2": 1.4622, "RPL_THEME2": 0.0533, "EPL_MINRTY": 0.2338, "SPL_THEME3": 0.2338, "RPL_THEME3": 0.2338, "EPL_MUNIT": 0.0, "EPL_MOBILE": 0.0, "EPL_CROWD": 0.0, "EPL_NOVEH": 0.0, "EPL_GROUPQ": 0.0, "SPL_THEME4": 0.0, "RPL_THEME4": 0.0, "SPL_THEMES": 2.862, "RPL_THEMES": 0.01, "F_POV150": 0, "F_UNEMP": 0, "F_HBURD": 0, "F_NOHSDP": 0, "F_UNINSUR": 0, "F_THEME1": 0, "F_AGE65": 0, "F_AGE17": 0, "F_DISABL": 0, "F_SNGPNT": 0, "F_LIMENG": 0, "F_THEME2": 0, "F_MINRTY": 0, "F_THEME3": 0, "F_MUNIT": 0, "F_MOBILE": 0, "F_CROWD": 0, "F_NOVEH": 0, "F_GROUPQ": 0, "F_THEME4": 0, "F_TOTAL": 0, "E_DAYPOP": 804, "E_NOINT": 0, "M_NOINT": 13, "E_AFAM": 115, "M_AFAM": 124, "E_HISP": 809, "M_HISP": 288, "E_ASIAN": 369, "M_ASIAN": 133, "E_AIAN": 24, "M_AIAN": 60, "E_NHPI": 0, "M_NHPI": 13, "E_TWOMORE": 75, "M_TWOMORE": 86, "E_OTHERRACE": 0, "M_OTHERRACE": 13, "EP_NOINT": 0.0, "MP_NOINT": 3.7, "EP_AFAM": 4.0, "MP_AFAM": 4.5, "EP_HISP": 28.1, "MP_HISP": 9.4, "EP_ASIAN": 12.8, "MP_ASIAN": 5.5, "EP_AIAN": 0.8, "MP_AIAN": 2.1, "EP_NHPI": 0.0, "MP_NHPI": 1.4, "EP_TWOMORE": 2.6, "MP_TWOMORE": 2.8, "EP_OTHERRACE": 0.0, "MP_OTHERRACE": 1.4, "Shape_Length": 0.061048939585051795, "Shape_Area": 0.00016679200799979958 }, "geometry": { "type": "MultiPolygon", "coordinates": [ [ [ [ -106.529209, 35.04293 ], [ -106.528033, 35.045016 ], [ -106.522798, 35.0488 ], [ -106.520835, 35.049408 ], [ -106.520277, 35.050529 ], [ -106.519735, 35.050527 ], [ -106.519711, 35.052238 ], [ -106.518543, 35.054151 ], [ -106.515949, 35.055665 ], [ -106.515347, 35.055856 ], [ -106.510859, 35.056913 ], [ -106.510878, 35.055233 ], [ -106.511395, 35.054617 ], [ -106.510962, 35.050439 ], [ -106.508817, 35.049603 ], [ -106.508868, 35.042789 ], [ -106.528183, 35.043019 ], [ -106.529209, 35.04293 ] ] ] ] } },
{ "type": "Feature", "properties": { "OBJECTID": 49, "ST": "35", "STATE": "New Mexico", "ST_ABBR": "NM", "STCNTY": "35001", "COUNTY": "Bernalillo County", "FIPS": "35001000720", "LOCATION": "Census Tract 7.20; Bernalillo County; New Mexico", "AREA_SQMI": 5.1937275011960002, "E_TOTPOP": 4014, "M_TOTPOP": 451, "E_HU": 2119, "M_HU": 198, "E_HH": 2011, "M_HH": 225, "E_POV150": 443, "M_POV150": 199, "E_UNEMP": 117, "M_UNEMP": 159, "E_HBURD": 350, "M_HBURD": 166, "E_NOHSDP": 11, "M_NOHSDP": 18, "E_UNINSUR": 139, "M_UNINSUR": 133, "E_AGE65": 1673, "M_AGE65": 323, "E_AGE17": 422, "M_AGE17": 212, "E_DISABL": 691, "M_DISABL": 229, "E_SNGPNT": 5, "M_SNGPNT": 14, "E_LIMENG": 30, "M_LIMENG": 69, "E_MINRTY": 1246, "M_MINRTY": 609, "E_MUNIT": 0, "M_MUNIT": 18, "E_MOBILE": 25, "M_MOBILE": 30, "E_CROWD": 5, "M_CROWD": 15, "E_NOVEH": 57, "M_NOVEH": 46, "E_GROUPQ": 0, "M_GROUPQ": 13, "EP_POV150": 11.0, "MP_POV150": 4.8, "EP_UNEMP": 7.4, "MP_UNEMP": 9.3, "EP_HBURD": 17.4, "MP_HBURD": 8.0, "EP_NOHSDP": 0.3, "MP_NOHSDP": 0.5, "EP_UNINSUR": 3.5, "MP_UNINSUR": 3.3, "EP_AGE65": 41.7, "MP_AGE65": 7.7, "EP_AGE17": 10.5, "MP_AGE17": 4.8, "EP_DISABL": 17.4, "MP_DISABL": 5.7, "EP_SNGPNT": 0.2, "MP_SNGPNT": 0.7, "EP_LIMENG": 0.8, "MP_LIMENG": 1.8, "EP_MINRTY": 31.0, "MP_MINRTY": 14.8, "EP_MUNIT": 0.0, "MP_MUNIT": 0.8, "EP_MOBILE": 1.2, "MP_MOBILE": 1.4, "EP_CROWD": 0.2, "MP_CROWD": 0.7, "EP_NOVEH": 2.8, "MP_NOVEH": 2.2, "EP_GROUPQ": 0.0, "MP_GROUPQ": 0.3, "EPL_POV150": 0.1233, "EPL_UNEMP": 0.6622, "EPL_HBURD": 0.275, "EPL_NOHSDP": 0.0199, "EPL_UNINSUR": 0.1633, "SPL_THEME1": 1.2437, "RPL_THEME1": 0.1017, "EPL_AGE65": 0.9602, "EPL_AGE17": 0.0829, "EPL_DISABL": 0.5833, "EPL_SNGPNT": 0.0683, "EPL_LIMENG": 0.3002, "SPL_THEME2": 1.9949, "RPL_THEME2": 0.22, "EPL_MINRTY": 0.068, "SPL_THEME3": 0.068, "RPL_THEME3": 0.068, "EPL_MUNIT": 0.0, "EPL_MOBILE": 0.2712, "EPL_CROWD": 0.2333, "EPL_NOVEH": 0.3983, "EPL_GROUPQ": 0.0, "SPL_THEME4": 0.9028, "RPL_THEME4": 0.065, "SPL_THEMES": 4.2094, "RPL_THEMES": 0.0617, "F_POV150": 0, "F_UNEMP": 0, "F_HBURD": 0, "F_NOHSDP": 0, "F_UNINSUR": 0, "F_THEME1": 0, "F_AGE65": 1, "F_AGE17": 0, "F_DISABL": 0, "F_SNGPNT": 0, "F_LIMENG": 0, "F_THEME2": 1, "F_MINRTY": 0, "F_THEME3": 0, "F_MUNIT": 0, "F_MOBILE": 0, "F_CROWD": 0, "F_NOVEH": 0, "F_GROUPQ": 0, "F_THEME4": 0, "F_TOTAL": 1, "E_DAYPOP": 2178, "E_NOINT": 99, "M_NOINT": 59, "E_AFAM": 77, "M_AFAM": 94, "E_HISP": 849, "M_HISP": 205, "E_ASIAN": 4, "M_ASIAN": 5, "E_AIAN": 0, "M_AIAN": 13, "E_NHPI": 0, "M_NHPI": 13, "E_TWOMORE": 316, "M_TWOMORE": 176, "E_OTHERRACE": 0, "M_OTHERRACE": 13, "EP_NOINT": 4.9, "MP_NOINT": 2.9, "EP_AFAM": 1.9, "MP_AFAM": 2.3, "EP_HISP": 21.2, "MP_HISP": 4.8, "EP_ASIAN": 0.1, "MP_ASIAN": 0.1, "EP_AIAN": 0.0, "MP_AIAN": 1.0, "EP_NHPI": 0.0, "MP_NHPI": 1.0, "EP_TWOMORE": 7.9, "MP_TWOMORE": 4.2, "EP_OTHERRACE": 0.0, "MP_OTHERRACE": 1.0, "Shape_Length": 0.2226390067903096, "Shape_Area": 0.0013414386659985984 }, "geometry": { "type": "MultiPolygon", "coordinates": [ [ [ [ -106.511395, 35.054617 ], [ -106.510878, 35.055233 ], [ -106.510859, 35.056913 ], [ -106.508739, 35.057274 ], [ -106.506889, 35.058558 ], [ -106.504268, 35.059613 ], [ -106.503086, 35.061084 ], [ -106.502387, 35.061381 ], [ -106.501105, 35.06151 ], [ -106.498736, 35.061761 ], [ -106.497982, 35.061554 ], [ -106.497799, 35.061475 ], [ -106.497635, 35.061459 ], [ -106.497362, 35.061458 ], [ -106.496875, 35.061342 ], [ -106.496594, 35.061382 ], [ -106.495123, 35.06094 ], [ -106.495454, 35.064078 ], [ -106.495382, 35.065834 ], [ -106.495009, 35.067711 ], [ -106.493705, 35.068377 ], [ -106.487873, 35.066129 ], [ -106.486682, 35.065638 ], [ -106.485595, 35.065091 ], [ -106.484418, 35.064349 ], [ -106.482577, 35.06341 ], [ -106.480685, 35.062829 ], [ -106.478759, 35.062621 ], [ -106.47407, 35.062918 ], [ -106.468497, 35.062895 ], [ -106.463433, 35.061419 ], [ -106.45992, 35.060821 ], [ -106.446115, 35.061552 ], [ -106.444719, 35.06178 ], [ -106.444429, 35.059202 ], [ -106.446472, 35.054461 ], [ -106.44897, 35.054365 ], [ -106.450928, 35.055207 ], [ -106.451048, 35.048295 ], [ -106.453309, 35.044829 ], [ -106.453762, 35.042818 ], [ -106.45296, 35.042244 ], [ -106.453675, 35.039005 ], [ -106.454639, 35.037249 ], [ -106.45485, 35.033799 ], [ -106.456649, 35.029335 ], [ -106.459293, 35.026388 ], [ -106.458296, 35.024676 ], [ -106.458057, 35.023029 ], [ -106.459118, 35.021725 ], [ -106.461701, 35.020725 ], [ -106.461354, 35.017918 ], [ -106.460467, 35.01705 ], [ -106.462706, 35.016735 ], [ -106.462445, 35.023381 ], [ -106.462739, 35.040665 ], [ -106.46278, 35.042954 ], [ -106.479909, 35.042656 ], [ -106.495159, 35.042749 ], [ -106.497729, 35.042852 ], [ -106.500868, 35.042743 ], [ -106.508868, 35.042789 ], [ -106.508817, 35.049603 ], [ -106.510962, 35.050439 ], [ -106.511395, 35.054617 ] ] ] ] } },
{ "type": "Feature", "properties": { "OBJECTID": 50, "ST": "35", "STATE": "New Mexico", "ST_ABBR": "NM", "STCNTY": "35001", "COUNTY": "Bernalillo County", "FIPS": "35001000904", "LOCATION": "Census Tract 9.04; Bernalillo County; New Mexico", "AREA_SQMI": 0.64966873876999998, "E_TOTPOP": 4302, "M_TOTPOP": 624, "E_HU": 1934, "M_HU": 231, "E_HH": 1750, "M_HH": 222, "E_POV150": 1956, "M_POV150": 525, "E_UNEMP": 190, "M_UNEMP": 117, "E_HBURD": 675, "M_HBURD": 205, "E_NOHSDP": 488, "M_NOHSDP": 235, "E_UNINSUR": 552, "M_UNINSUR": 263, "E_AGE65": 564, "M_AGE65": 146, "E_AGE17": 966, "M_AGE17": 232, "E_DISABL": 477, "M_DISABL": 175, "E_SNGPNT": 130, "M_SNGPNT": 92, "E_LIMENG": 325, "M_LIMENG": 224, "E_MINRTY": 2937, "M_MINRTY": 711, "E_MUNIT": 109, "M_MUNIT": 67, "E_MOBILE": 6, "M_MOBILE": 10, "E_CROWD": 66, "M_CROWD": 60, "E_NOVEH": 332, "M_NOVEH": 142, "E_GROUPQ": 71, "M_GROUPQ": 12, "EP_POV150": 45.5, "MP_POV150": 10.3, "EP_UNEMP": 8.4, "MP_UNEMP": 4.6, "EP_HBURD": 38.6, "MP_HBURD": 10.6, "EP_NOHSDP": 17.4, "MP_NOHSDP": 7.0, "EP_UNINSUR": 12.9, "MP_UNINSUR": 5.2, "EP_AGE65": 13.1, "MP_AGE65": 3.3, "EP_AGE17": 22.5, "MP_AGE17": 4.1, "EP_DISABL": 11.2, "MP_DISABL": 4.1, "EP_SNGPNT": 7.5, "MP_SNGPNT": 5.2, "EP_LIMENG": 7.8, "MP_LIMENG": 5.3, "EP_MINRTY": 68.3, "MP_MINRTY": 13.2, "EP_MUNIT": 5.6, "MP_MUNIT": 3.4, "EP_MOBILE": 0.3, "MP_MOBILE": 0.5, "EP_CROWD": 3.8, "MP_CROWD": 3.4, "EP_NOVEH": 19.0, "MP_NOVEH": 7.1, "EP_GROUPQ": 1.7, "MP_GROUPQ": 0.1, "EPL_POV150": 0.82, "EPL_UNEMP": 0.6988, "EPL_HBURD": 0.8667, "EPL_NOHSDP": 0.6882, "EPL_UNINSUR": 0.7367, "SPL_THEME1": 3.8104, "RPL_THEME1": 0.915, "EPL_AGE65": 0.2471, "EPL_AGE17": 0.529, "EPL_DISABL": 0.19, "EPL_SNGPNT": 0.6233, "EPL_LIMENG": 0.8607, "SPL_THEME2": 2.4501, "RPL_THEME2": 0.4483, "EPL_MINRTY": 0.5954, "SPL_THEME3": 0.5954, "RPL_THEME3": 0.5954, "EPL_MUNIT": 0.7188, "EPL_MOBILE": 0.2013, "EPL_CROWD": 0.665, "EPL_NOVEH": 0.9583, "EPL_GROUPQ": 0.7529, "SPL_THEME4": 3.2963, "RPL_THEME4": 0.9067, "SPL_THEMES": 10.1522, "RPL_THEMES": 0.8667, "F_POV150": 0, "F_UNEMP": 0, "F_HBURD": 0, "F_NOHSDP": 0, "F_UNINSUR": 0, "F_THEME1": 0, "F_AGE65": 0, "F_AGE17": 0, "F_DISABL": 0, "F_SNGPNT": 0, "F_LIMENG": 0, "F_THEME2": 0, "F_MINRTY": 0, "F_THEME3": 0, "F_MUNIT": 0, "F_MOBILE": 0, "F_CROWD": 0, "F_NOVEH": 1, "F_GROUPQ": 0, "F_THEME4": 1, "F_TOTAL": 1, "E_DAYPOP": 2723, "E_NOINT": 261, "M_NOINT": 126, "E_AFAM": 205, "M_AFAM": 215, "E_HISP": 2253, "M_HISP": 559, "E_ASIAN": 229, "M_ASIAN": 229, "E_AIAN": 13, "M_AIAN": 28, "E_NHPI": 16, "M_NHPI": 17, "E_TWOMORE": 221, "M_TWOMORE": 145, "E_OTHERRACE": 0, "M_OTHERRACE": 13, "EP_NOINT": 14.9, "MP_NOINT": 7.0, "EP_AFAM": 4.8, "MP_AFAM": 5.2, "EP_HISP": 52.4, "MP_HISP": 8.7, "EP_ASIAN": 5.3, "MP_ASIAN": 5.3, "EP_AIAN": 0.3, "MP_AIAN": 0.6, "EP_NHPI": 0.4, "MP_NHPI": 0.4, "EP_TWOMORE": 5.1, "MP_TWOMORE": 3.3, "EP_OTHERRACE": 0.0, "MP_OTHERRACE": 0.9, "Shape_Length": 0.055639883948511409, "Shape_Area": 0.00016576921449989779 }, "geometry": { "type": "MultiPolygon", "coordinates": [ [ [ [ -106.577609, 35.058258 ], [ -106.577525, 35.065506 ], [ -106.57748, 35.072756 ], [ -106.568646, 35.072676 ], [ -106.568699, 35.069034 ], [ -106.568714, 35.067232 ], [ -106.56873, 35.065425 ], [ -106.56877, 35.058513 ], [ -106.568768, 35.058227 ], [ -106.568897, 35.052489 ], [ -106.569187, 35.052589 ], [ -106.572627, 35.053703 ], [ -106.577614, 35.055299 ], [ -106.577609, 35.058258 ] ] ] ] } },
{ "type": "Feature", "properties": { "OBJECTID": 51, "ST": "35", "STATE": "New Mexico", "ST_ABBR": "NM", "STCNTY": "35001", "COUNTY": "Bernalillo County", "FIPS": "35001000905", "LOCATION": "Census Tract 9.05; Bernalillo County; New Mexico", "AREA_SQMI": 0.25011726170199999, "E_TOTPOP": 1682, "M_TOTPOP": 290, "E_HU": 860, "M_HU": 60, "E_HH": 849, "M_HH": 65, "E_POV150": 867, "M_POV150": 320, "E_UNEMP": 90, "M_UNEMP": 68, "E_HBURD": 381, "M_HBURD": 139, "E_NOHSDP": 162, "M_NOHSDP": 104, "E_UNINSUR": 331, "M_UNINSUR": 162, "E_AGE65": 182, "M_AGE65": 67, "E_AGE17": 290, "M_AGE17": 190, "E_DISABL": 386, "M_DISABL": 141, "E_SNGPNT": 87, "M_SNGPNT": 73, "E_LIMENG": 0, "M_LIMENG": 52, "E_MINRTY": 1111, "M_MINRTY": 321, "E_MUNIT": 40, "M_MUNIT": 41, "E_MOBILE": 5, "M_MOBILE": 9, "E_CROWD": 0, "M_CROWD": 18, "E_NOVEH": 114, "M_NOVEH": 94, "E_GROUPQ": 4, "M_GROUPQ": 2, "EP_POV150": 52.9, "MP_POV150": 17.5, "EP_UNEMP": 11.1, "MP_UNEMP": 8.5, "EP_HBURD": 44.9, "MP_HBURD": 16.0, "EP_NOHSDP": 12.8, "MP_NOHSDP": 7.9, "EP_UNINSUR": 19.7, "MP_UNINSUR": 10.0, "EP_AGE65": 10.8, "MP_AGE65": 4.9, "EP_AGE17": 17.2, "MP_AGE17": 9.1, "EP_DISABL": 22.9, "MP_DISABL": 6.6, "EP_SNGPNT": 10.2, "MP_SNGPNT": 8.6, "EP_LIMENG": 0.0, "MP_LIMENG": 3.5, "EP_MINRTY": 66.1, "MP_MINRTY": 15.3, "EP_MUNIT": 4.7, "MP_MUNIT": 4.8, "EP_MOBILE": 0.6, "MP_MOBILE": 1.1, "EP_CROWD": 0.0, "MP_CROWD": 2.1, "EP_NOVEH": 13.4, "MP_NOVEH": 10.9, "EP_GROUPQ": 0.2, "MP_GROUPQ": 0.1, "EPL_POV150": 0.915, "EPL_UNEMP": 0.8186, "EPL_HBURD": 0.945, "EPL_NOHSDP": 0.5506, "EPL_UNINSUR": 0.8967, "SPL_THEME1": 4.1259, "RPL_THEME1": 0.9683, "EPL_AGE65": 0.1575, "EPL_AGE17": 0.2703, "EPL_DISABL": 0.8317, "EPL_SNGPNT": 0.7833, "EPL_LIMENG": 0.0, "SPL_THEME2": 2.0428, "RPL_THEME2": 0.245, "EPL_MINRTY": 0.5589, "SPL_THEME3": 0.5589, "RPL_THEME3": 0.5589, "EPL_MUNIT": 0.6872, "EPL_MOBILE": 0.2346, "EPL_CROWD": 0.0, "EPL_NOVEH": 0.8867, "EPL_GROUPQ": 0.5008, "SPL_THEME4": 2.3093, "RPL_THEME4": 0.5033, "SPL_THEMES": 9.0369, "RPL_THEMES": 0.7033, "F_POV150": 1, "F_UNEMP": 0, "F_HBURD": 1, "F_NOHSDP": 0, "F_UNINSUR": 0, "F_THEME1": 2, "F_AGE65": 0, "F_AGE17": 0, "F_DISABL": 0, "F_SNGPNT": 0, "F_LIMENG": 0, "F_THEME2": 0, "F_MINRTY": 0, "F_THEME3": 0, "F_MUNIT": 0, "F_MOBILE": 0, "F_CROWD": 0, "F_NOVEH": 0, "F_GROUPQ": 0, "F_THEME4": 0, "F_TOTAL": 2, "E_DAYPOP": 658, "E_NOINT": 111, "M_NOINT": 76, "E_AFAM": 115, "M_AFAM": 88, "E_HISP": 715, "M_HISP": 188, "E_ASIAN": 36, "M_ASIAN": 43, "E_AIAN": 185, "M_AIAN": 185, "E_NHPI": 0, "M_NHPI": 13, "E_TWOMORE": 49, "M_TWOMORE": 50, "E_OTHERRACE": 11, "M_OTHERRACE": 19, "EP_NOINT": 13.1, "MP_NOINT": 8.9, "EP_AFAM": 6.8, "MP_AFAM": 4.9, "EP_HISP": 42.5, "MP_HISP": 7.7, "EP_ASIAN": 2.1, "MP_ASIAN": 2.5, "EP_AIAN": 11.0, "MP_AIAN": 10.4, "EP_NHPI": 0.0, "MP_NHPI": 2.3, "EP_TWOMORE": 2.9, "MP_TWOMORE": 2.9, "EP_OTHERRACE": 0.7, "MP_OTHERRACE": 1.2, "Shape_Length": 0.032159518623893921, "Shape_Area": 6.4108576499859112e-05 }, "geometry": { "type": "MultiPolygon", "coordinates": [ [ [ [ -106.586218, 35.072941 ], [ -106.57748, 35.072756 ], [ -106.577525, 35.065506 ], [ -106.581968, 35.065555 ], [ -106.586373, 35.065622 ], [ -106.586218, 35.072941 ] ] ] ] } },
{ "type": "Feature", "properties": { "OBJECTID": 52, "ST": "35", "STATE": "New Mexico", "ST_ABBR": "NM", "STCNTY": "35001", "COUNTY": "Bernalillo County", "FIPS": "35001000906", "LOCATION": "Census Tract 9.06; Bernalillo County; New Mexico", "AREA_SQMI": 0.56635680751600004, "E_TOTPOP": 3279, "M_TOTPOP": 630, "E_HU": 2529, "M_HU": 294, "E_HH": 2208, "M_HH": 336, "E_POV150": 2071, "M_POV150": 606, "E_UNEMP": 275, "M_UNEMP": 118, "E_HBURD": 1297, "M_HBURD": 404, "E_NOHSDP": 398, "M_NOHSDP": 206, "E_UNINSUR": 338, "M_UNINSUR": 185, "E_AGE65": 549, "M_AGE65": 235, "E_AGE17": 551, "M_AGE17": 380, "E_DISABL": 971, "M_DISABL": 276, "E_SNGPNT": 273, "M_SNGPNT": 188, "E_LIMENG": 121, "M_LIMENG": 160, "E_MINRTY": 1814, "M_MINRTY": 758, "E_MUNIT": 2146, "M_MUNIT": 367, "E_MOBILE": 0, "M_MOBILE": 13, "E_CROWD": 82, "M_CROWD": 100, "E_NOVEH": 722, "M_NOVEH": 248, "E_GROUPQ": 66, "M_GROUPQ": 12, "EP_POV150": 63.4, "MP_POV150": 13.9, "EP_UNEMP": 16.6, "MP_UNEMP": 7.3, "EP_HBURD": 58.7, "MP_HBURD": 16.0, "EP_NOHSDP": 16.2, "MP_NOHSDP": 8.5, "EP_UNINSUR": 10.4, "MP_UNINSUR": 6.2, "EP_AGE65": 16.7, "MP_AGE65": 8.0, "EP_AGE17": 16.8, "MP_AGE17": 9.5, "EP_DISABL": 30.0, "MP_DISABL": 8.8, "EP_SNGPNT": 12.4, "MP_SNGPNT": 8.3, "EP_LIMENG": 3.9, "MP_LIMENG": 5.1, "EP_MINRTY": 55.3, "MP_MINRTY": 20.5, "EP_MUNIT": 84.8, "MP_MUNIT": 10.6, "EP_MOBILE": 0.0, "MP_MOBILE": 1.6, "EP_CROWD": 3.7, "MP_CROWD": 4.5, "EP_NOVEH": 32.7, "MP_NOVEH": 11.0, "EP_GROUPQ": 2.0, "MP_GROUPQ": 0.5, "EPL_POV150": 0.97, "EPL_UNEMP": 0.9551, "EPL_HBURD": 0.9933, "EPL_NOHSDP": 0.6584, "EPL_UNINSUR": 0.625, "SPL_THEME1": 4.2018, "RPL_THEME1": 0.9783, "EPL_AGE65": 0.4428, "EPL_AGE17": 0.2471, "EPL_DISABL": 0.9517, "EPL_SNGPNT": 0.8683, "EPL_LIMENG": 0.7015, "SPL_THEME2": 3.2114, "RPL_THEME2": 0.9067, "EPL_MINRTY": 0.3416, "SPL_THEME3": 0.3416, "RPL_THEME3": 0.3416, "EPL_MUNIT": 1.0, "EPL_MOBILE": 0.0, "EPL_CROWD": 0.6567, "EPL_NOVEH": 0.9967, "EPL_GROUPQ": 0.7844, "SPL_THEME4": 3.4378, "RPL_THEME4": 0.935, "SPL_THEMES": 11.1926, "RPL_THEMES": 0.9617, "F_POV150": 1, "F_UNEMP": 1, "F_HBURD": 1, "F_NOHSDP": 0, "F_UNINSUR": 0, "F_THEME1": 3, "F_AGE65": 0, "F_AGE17": 0, "F_DISABL": 1, "F_SNGPNT": 0, "F_LIMENG": 0, "F_THEME2": 1, "F_MINRTY": 0, "F_THEME3": 0, "F_MUNIT": 1, "F_MOBILE": 0, "F_CROWD": 0, "F_NOVEH": 1, "F_GROUPQ": 0, "F_THEME4": 2, "F_TOTAL": 6, "E_DAYPOP": 3602, "E_NOINT": 432, "M_NOINT": 177, "E_AFAM": 121, "M_AFAM": 96, "E_HISP": 1404, "M_HISP": 506, "E_ASIAN": 2, "M_ASIAN": 4, "E_AIAN": 202, "M_AIAN": 230, "E_NHPI": 0, "M_NHPI": 13, "E_TWOMORE": 85, "M_TWOMORE": 106, "E_OTHERRACE": 0, "M_OTHERRACE": 13, "EP_NOINT": 19.6, "MP_NOINT": 8.0, "EP_AFAM": 3.7, "MP_AFAM": 2.8, "EP_HISP": 42.8, "MP_HISP": 12.2, "EP_ASIAN": 0.1, "MP_ASIAN": 0.1, "EP_AIAN": 6.2, "MP_AIAN": 6.6, "EP_NHPI": 0.0, "MP_NHPI": 1.2, "EP_TWOMORE": 2.6, "MP_TWOMORE": 3.2, "EP_OTHERRACE": 0.0, "MP_OTHERRACE": 1.2, "Shape_Length": 0.060707617226145955, "Shape_Area": 0.00014536985549985494 }, "geometry": { "type": "MultiPolygon", "coordinates": [ [ [ [ -106.586478, 35.058356 ], [ -106.586373, 35.065622 ], [ -106.581968, 35.065555 ], [ -106.577525, 35.065506 ], [ -106.577609, 35.058258 ], [ -106.577614, 35.055299 ], [ -106.572627, 35.053703 ], [ -106.569187, 35.052589 ], [ -106.568897, 35.052489 ], [ -106.569982, 35.051247 ], [ -106.583352, 35.051258 ], [ -106.58336, 35.052497 ], [ -106.58652, 35.052549 ], [ -106.586478, 35.058356 ] ] ] ] } },
{ "type": "Feature", "properties": { "OBJECTID": 53, "ST": "35", "STATE": "New Mexico", "ST_ABBR": "NM", "STCNTY": "35001", "COUNTY": "Bernalillo County", "FIPS": "35001000907", "LOCATION": "Census Tract 9.07; Bernalillo County; New Mexico", "AREA_SQMI": 0.25385318465399997, "E_TOTPOP": 2548, "M_TOTPOP": 688, "E_HU": 1134, "M_HU": 236, "E_HH": 966, "M_HH": 247, "E_POV150": 1747, "M_POV150": 741, "E_UNEMP": 5, "M_UNEMP": 9, "E_HBURD": 454, "M_HBURD": 171, "E_NOHSDP": 473, "M_NOHSDP": 189, "E_UNINSUR": 542, "M_UNINSUR": 299, "E_AGE65": 383, "M_AGE65": 191, "E_AGE17": 652, "M_AGE17": 266, "E_DISABL": 699, "M_DISABL": 275, "E_SNGPNT": 105, "M_SNGPNT": 89, "E_LIMENG": 265, "M_LIMENG": 257, "E_MINRTY": 2110, "M_MINRTY": 731, "E_MUNIT": 320, "M_MUNIT": 209, "E_MOBILE": 135, "M_MOBILE": 87, "E_CROWD": 72, "M_CROWD": 80, "E_NOVEH": 113, "M_NOVEH": 80, "E_GROUPQ": 0, "M_GROUPQ": 13, "EP_POV150": 68.6, "MP_POV150": 22.4, "EP_UNEMP": 0.6, "MP_UNEMP": 1.1, "EP_HBURD": 47.0, "MP_HBURD": 13.0, "EP_NOHSDP": 31.7, "MP_NOHSDP": 13.2, "EP_UNINSUR": 21.3, "MP_UNINSUR": 9.4, "EP_AGE65": 15.0, "MP_AGE65": 8.5, "EP_AGE17": 25.6, "MP_AGE17": 6.9, "EP_DISABL": 27.4, "MP_DISABL": 8.8, "EP_SNGPNT": 10.9, "MP_SNGPNT": 8.8, "EP_LIMENG": 11.0, "MP_LIMENG": 10.2, "EP_MINRTY": 82.8, "MP_MINRTY": 18.0, "EP_MUNIT": 28.2, "MP_MUNIT": 17.5, "EP_MOBILE": 11.9, "MP_MOBILE": 8.5, "EP_CROWD": 7.5, "MP_CROWD": 8.1, "EP_NOVEH": 11.7, "MP_NOVEH": 8.9, "EP_GROUPQ": 0.0, "MP_GROUPQ": 0.5, "EPL_POV150": 0.99, "EPL_UNEMP": 0.0632, "EPL_HBURD": 0.965, "EPL_NOHSDP": 0.932, "EPL_UNINSUR": 0.9233, "SPL_THEME1": 3.8735, "RPL_THEME1": 0.935, "EPL_AGE65": 0.3449, "EPL_AGE17": 0.7032, "EPL_DISABL": 0.925, "EPL_SNGPNT": 0.8167, "EPL_LIMENG": 0.9154, "SPL_THEME2": 3.7052, "RPL_THEME2": 0.97, "EPL_MINRTY": 0.7645, "SPL_THEME3": 0.7645, "RPL_THEME3": 0.7645, "EPL_MUNIT": 0.9384, "EPL_MOBILE": 0.4992, "EPL_CROWD": 0.8417, "EPL_NOVEH": 0.8467, "EPL_GROUPQ": 0.0, "SPL_THEME4": 3.126, "RPL_THEME4": 0.875, "SPL_THEMES": 11.4692, "RPL_THEMES": 0.9767, "F_POV150": 1, "F_UNEMP": 0, "F_HBURD": 1, "F_NOHSDP": 1, "F_UNINSUR": 1, "F_THEME1": 4, "F_AGE65": 0, "F_AGE17": 0, "F_DISABL": 1, "F_SNGPNT": 0, "F_LIMENG": 1, "F_THEME2": 2, "F_MINRTY": 0, "F_THEME3": 0, "F_MUNIT": 1, "F_MOBILE": 0, "F_CROWD": 0, "F_NOVEH": 0, "F_GROUPQ": 0, "F_THEME4": 1, "F_TOTAL": 7, "E_DAYPOP": 752, "E_NOINT": 242, "M_NOINT": 140, "E_AFAM": 0, "M_AFAM": 13, "E_HISP": 1787, "M_HISP": 573, "E_ASIAN": 0, "M_ASIAN": 13, "E_AIAN": 38, "M_AIAN": 41, "E_NHPI": 0, "M_NHPI": 13, "E_TWOMORE": 181, "M_TWOMORE": 211, "E_OTHERRACE": 104, "M_OTHERRACE": 122, "EP_NOINT": 25.1, "MP_NOINT": 14.3, "EP_AFAM": 0.0, "MP_AFAM": 1.6, "EP_HISP": 70.1, "MP_HISP": 12.6, "EP_ASIAN": 0.0, "MP_ASIAN": 1.6, "EP_AIAN": 1.5, "MP_AIAN": 1.6, "EP_NHPI": 0.0, "MP_NHPI": 1.6, "EP_TWOMORE": 7.1, "MP_TWOMORE": 7.4, "EP_OTHERRACE": 4.1, "MP_OTHERRACE": 4.2, "Shape_Length": 0.032348624078815308, "Shape_Area": 6.4964097999869555e-05 }, "geometry": { "type": "MultiPolygon", "coordinates": [ [ [ [ -106.559418, 35.06715 ], [ -106.559368, 35.068978 ], [ -106.559308, 35.072799 ], [ -106.554876, 35.07279 ], [ -106.550462, 35.072759 ], [ -106.55045, 35.069069 ], [ -106.550458, 35.067327 ], [ -106.550491, 35.065501 ], [ -106.559421, 35.065486 ], [ -106.559418, 35.06715 ] ] ] ] } },
{ "type": "Feature", "properties": { "OBJECTID": 54, "ST": "35", "STATE": "New Mexico", "ST_ABBR": "NM", "STCNTY": "35001", "COUNTY": "Bernalillo County", "FIPS": "35001000908", "LOCATION": "Census Tract 9.08; Bernalillo County; New Mexico", "AREA_SQMI": 0.36016173713, "E_TOTPOP": 5015, "M_TOTPOP": 1343, "E_HU": 2036, "M_HU": 169, "E_HH": 1534, "M_HH": 198, "E_POV150": 3561, "M_POV150": 1320, "E_UNEMP": 198, "M_UNEMP": 175, "E_HBURD": 970, "M_HBURD": 252, "E_NOHSDP": 917, "M_NOHSDP": 250, "E_UNINSUR": 646, "M_UNINSUR": 366, "E_AGE65": 352, "M_AGE65": 124, "E_AGE17": 1907, "M_AGE17": 940, "E_DISABL": 1212, "M_DISABL": 417, "E_SNGPNT": 370, "M_SNGPNT": 183, "E_LIMENG": 615, "M_LIMENG": 330, "E_MINRTY": 4671, "M_MINRTY": 1351, "E_MUNIT": 789, "M_MUNIT": 251, "E_MOBILE": 0, "M_MOBILE": 19, "E_CROWD": 185, "M_CROWD": 103, "E_NOVEH": 274, "M_NOVEH": 147, "E_GROUPQ": 90, "M_GROUPQ": 6, "EP_POV150": 71.0, "MP_POV150": 18.2, "EP_UNEMP": 10.3, "MP_UNEMP": 7.6, "EP_HBURD": 63.2, "MP_HBURD": 14.3, "EP_NOHSDP": 37.6, "MP_NOHSDP": 7.5, "EP_UNINSUR": 12.9, "MP_UNINSUR": 8.1, "EP_AGE65": 7.0, "MP_AGE65": 3.1, "EP_AGE17": 38.0, "MP_AGE17": 9.8, "EP_DISABL": 24.2, "MP_DISABL": 7.3, "EP_SNGPNT": 24.1, "MP_SNGPNT": 11.5, "EP_LIMENG": 13.9, "MP_LIMENG": 6.8, "EP_MINRTY": 93.1, "MP_MINRTY": 10.2, "EP_MUNIT": 38.8, "MP_MUNIT": 11.9, "EP_MOBILE": 0.0, "MP_MOBILE": 1.9, "EP_CROWD": 12.1, "MP_CROWD": 6.5, "EP_NOVEH": 17.9, "MP_NOVEH": 9.6, "EP_GROUPQ": 1.8, "MP_GROUPQ": 0.5, "EPL_POV150": 0.9933, "EPL_UNEMP": 0.782, "EPL_HBURD": 0.9967, "EPL_NOHSDP": 0.9701, "EPL_UNINSUR": 0.7367, "SPL_THEME1": 4.4788, "RPL_THEME1": 0.9933, "EPL_AGE65": 0.0597, "EPL_AGE17": 0.99, "EPL_DISABL": 0.8717, "EPL_SNGPNT": 0.9967, "EPL_LIMENG": 0.9436, "SPL_THEME2": 3.8617, "RPL_THEME2": 0.9883, "EPL_MINRTY": 0.8955, "SPL_THEME3": 0.8955, "RPL_THEME3": 0.8955, "EPL_MUNIT": 0.97, "EPL_MOBILE": 0.0, "EPL_CROWD": 0.9267, "EPL_NOVEH": 0.9483, "EPL_GROUPQ": 0.7595, "SPL_THEME4": 3.6045, "RPL_THEME4": 0.96, "SPL_THEMES": 12.8405, "RPL_THEMES": 0.9983, "F_POV150": 1, "F_UNEMP": 0, "F_HBURD": 1, "F_NOHSDP": 1, "F_UNINSUR": 0, "F_THEME1": 3, "F_AGE65": 0, "F_AGE17": 1, "F_DISABL": 0, "F_SNGPNT": 1, "F_LIMENG": 1, "F_THEME2": 3, "F_MINRTY": 0, "F_THEME3": 0, "F_MUNIT": 1, "F_MOBILE": 0, "F_CROWD": 1, "F_NOVEH": 1, "F_GROUPQ": 0, "F_THEME4": 3, "F_TOTAL": 9, "E_DAYPOP": 2085, "E_NOINT": 278, "M_NOINT": 138, "E_AFAM": 169, "M_AFAM": 142, "E_HISP": 4083, "M_HISP": 1281, "E_ASIAN": 90, "M_ASIAN": 83, "E_AIAN": 99, "M_AIAN": 122, "E_NHPI": 0, "M_NHPI": 19, "E_TWOMORE": 230, "M_TWOMORE": 331, "E_OTHERRACE": 0, "M_OTHERRACE": 19, "EP_NOINT": 18.1, "MP_NOINT": 8.8, "EP_AFAM": 3.4, "MP_AFAM": 3.1, "EP_HISP": 81.4, "MP_HISP": 8.7, "EP_ASIAN": 1.8, "MP_ASIAN": 1.7, "EP_AIAN": 2.0, "MP_AIAN": 2.4, "EP_NHPI": 0.0, "MP_NHPI": 0.8, "EP_TWOMORE": 4.6, "MP_TWOMORE": 6.5, "EP_OTHERRACE": 0.0, "MP_OTHERRACE": 0.8, "Shape_Length": 0.044926669875862878, "Shape_Area": 9.0781523500081158e-05 }, "geometry": { "type": "MultiPolygon", "coordinates": [ [ [ [ -106.56873, 35.065425 ], [ -106.568714, 35.067232 ], [ -106.568699, 35.069034 ], [ -106.568646, 35.072676 ], [ -106.564266, 35.072735 ], [ -106.563344, 35.072747 ], [ -106.559308, 35.072799 ], [ -106.559368, 35.068978 ], [ -106.559418, 35.06715 ], [ -106.559421, 35.065486 ], [ -106.559514, 35.065485 ], [ -106.564329, 35.065426 ], [ -106.566146, 35.059195 ], [ -106.56877, 35.058513 ], [ -106.56873, 35.065425 ] ] ] ] } },
{ "type": "Feature", "properties": { "OBJECTID": 55, "ST": "35", "STATE": "New Mexico", "ST_ABBR": "NM", "STCNTY": "35001", "COUNTY": "Bernalillo County", "FIPS": "35001001101", "LOCATION": "Census Tract 11.01; Bernalillo County; New Mexico", "AREA_SQMI": 0.90755784763000003, "E_TOTPOP": 3958, "M_TOTPOP": 765, "E_HU": 2288, "M_HU": 158, "E_HH": 2147, "M_HH": 177, "E_POV150": 854, "M_POV150": 689, "E_UNEMP": 104, "M_UNEMP": 80, "E_HBURD": 388, "M_HBURD": 145, "E_NOHSDP": 94, "M_NOHSDP": 80, "E_UNINSUR": 70, "M_UNINSUR": 66, "E_AGE65": 906, "M_AGE65": 168, "E_AGE17": 698, "M_AGE17": 592, "E_DISABL": 396, "M_DISABL": 151, "E_SNGPNT": 195, "M_SNGPNT": 133, "E_LIMENG": 18, "M_LIMENG": 59, "E_MINRTY": 1777, "M_MINRTY": 851, "E_MUNIT": 117, "M_MUNIT": 112, "E_MOBILE": 0, "M_MOBILE": 13, "E_CROWD": 0, "M_CROWD": 18, "E_NOVEH": 85, "M_NOVEH": 75, "E_GROUPQ": 0, "M_GROUPQ": 13, "EP_POV150": 21.7, "MP_POV150": 17.0, "EP_UNEMP": 4.8, "MP_UNEMP": 3.7, "EP_HBURD": 18.1, "MP_HBURD": 6.6, "EP_NOHSDP": 2.9, "MP_NOHSDP": 2.4, "EP_UNINSUR": 1.8, "MP_UNINSUR": 1.7, "EP_AGE65": 22.9, "MP_AGE65": 5.7, "EP_AGE17": 17.6, "MP_AGE17": 12.1, "EP_DISABL": 10.1, "MP_DISABL": 4.5, "EP_SNGPNT": 9.1, "MP_SNGPNT": 6.1, "EP_LIMENG": 0.5, "MP_LIMENG": 1.5, "EP_MINRTY": 44.9, "MP_MINRTY": 19.7, "EP_MUNIT": 5.1, "MP_MUNIT": 4.9, "EP_MOBILE": 0.0, "MP_MOBILE": 1.7, "EP_CROWD": 0.0, "MP_CROWD": 0.8, "EP_NOVEH": 4.0, "MP_NOVEH": 3.4, "EP_GROUPQ": 0.0, "MP_GROUPQ": 0.3, "EPL_POV150": 0.325, "EPL_UNEMP": 0.4293, "EPL_HBURD": 0.31, "EPL_NOHSDP": 0.1194, "EPL_UNINSUR": 0.0567, "SPL_THEME1": 1.2404, "RPL_THEME1": 0.1, "EPL_AGE65": 0.733, "EPL_AGE17": 0.2952, "EPL_DISABL": 0.1317, "EPL_SNGPNT": 0.71, "EPL_LIMENG": 0.2371, "SPL_THEME2": 2.107, "RPL_THEME2": 0.2667, "EPL_MINRTY": 0.1874, "SPL_THEME3": 0.1874, "RPL_THEME3": 0.1874, "EPL_MUNIT": 0.7038, "EPL_MOBILE": 0.0, "EPL_CROWD": 0.0, "EPL_NOVEH": 0.5167, "EPL_GROUPQ": 0.0, "SPL_THEME4": 1.2205, "RPL_THEME4": 0.1117, "SPL_THEMES": 4.7553, "RPL_THEMES": 0.0933, "F_POV150": 0, "F_UNEMP": 0, "F_HBURD": 0, "F_NOHSDP": 0, "F_UNINSUR": 0, "F_THEME1": 0, "F_AGE65": 0, "F_AGE17": 0, "F_DISABL": 0, "F_SNGPNT": 0, "F_LIMENG": 0, "F_THEME2": 0, "F_MINRTY": 0, "F_THEME3": 0, "F_MUNIT": 0, "F_MOBILE": 0, "F_CROWD": 0, "F_NOVEH": 0, "F_GROUPQ": 0, "F_THEME4": 0, "F_TOTAL": 0, "E_DAYPOP": 2015, "E_NOINT": 197, "M_NOINT": 134, "E_AFAM": 89, "M_AFAM": 74, "E_HISP": 1422, "M_HISP": 711, "E_ASIAN": 115, "M_ASIAN": 111, "E_AIAN": 7, "M_AIAN": 13, "E_NHPI": 0, "M_NHPI": 13, "E_TWOMORE": 106, "M_TWOMORE": 123, "E_OTHERRACE": 38, "M_OTHERRACE": 61, "EP_NOINT": 9.2, "MP_NOINT": 6.0, "EP_AFAM": 2.2, "MP_AFAM": 2.0, "EP_HISP": 35.9, "MP_HISP": 12.7, "EP_ASIAN": 2.9, "MP_ASIAN": 2.9, "EP_AIAN": 0.2, "MP_AIAN": 0.3, "EP_NHPI": 0.0, "MP_NHPI": 1.0, "EP_TWOMORE": 2.7, "MP_TWOMORE": 3.0, "EP_OTHERRACE": 1.0, "MP_OTHERRACE": 1.6, "Shape_Length": 0.076566787281766871, "Shape_Area": 0.00023407142950018732 }, "geometry": { "type": "MultiPolygon", "coordinates": [ [ [ [ -106.604559, 35.073631 ], [ -106.599983, 35.073599 ], [ -106.595904, 35.07296 ], [ -106.593337, 35.072899 ], [ -106.593321, 35.073708 ], [ -106.592341, 35.072976 ], [ -106.586218, 35.072941 ], [ -106.586373, 35.065622 ], [ -106.586478, 35.058356 ], [ -106.587643, 35.058191 ], [ -106.595254, 35.058226 ], [ -106.595176, 35.062867 ], [ -106.602978, 35.062889 ], [ -106.603041, 35.058241 ], [ -106.6043, 35.058258 ], [ -106.604279, 35.065608 ], [ -106.604493, 35.066178 ], [ -106.604499, 35.068223 ], [ -106.604518, 35.071844 ], [ -106.604559, 35.073631 ] ] ] ] } },
{ "type": "Feature", "properties": { "OBJECTID": 56, "ST": "35", "STATE": "New Mexico", "ST_ABBR": "NM", "STCNTY": "35001", "COUNTY": "Bernalillo County", "FIPS": "35001001102", "LOCATION": "Census Tract 11.02; Bernalillo County; New Mexico", "AREA_SQMI": 0.52582420565800003, "E_TOTPOP": 2725, "M_TOTPOP": 514, "E_HU": 1577, "M_HU": 346, "E_HH": 1430, "M_HH": 370, "E_POV150": 708, "M_POV150": 276, "E_UNEMP": 98, "M_UNEMP": 78, "E_HBURD": 544, "M_HBURD": 338, "E_NOHSDP": 182, "M_NOHSDP": 131, "E_UNINSUR": 87, "M_UNINSUR": 70, "E_AGE65": 575, "M_AGE65": 259, "E_AGE17": 458, "M_AGE17": 150, "E_DISABL": 403, "M_DISABL": 141, "E_SNGPNT": 103, "M_SNGPNT": 94, "E_LIMENG": 137, "M_LIMENG": 119, "E_MINRTY": 1407, "M_MINRTY": 661, "E_MUNIT": 131, "M_MUNIT": 78, "E_MOBILE": 0, "M_MOBILE": 13, "E_CROWD": 44, "M_CROWD": 47, "E_NOVEH": 158, "M_NOVEH": 82, "E_GROUPQ": 0, "M_GROUPQ": 13, "EP_POV150": 26.0, "MP_POV150": 8.9, "EP_UNEMP": 8.7, "MP_UNEMP": 6.8, "EP_HBURD": 38.0, "MP_HBURD": 21.5, "EP_NOHSDP": 8.9, "MP_NOHSDP": 6.4, "EP_UNINSUR": 3.2, "MP_UNINSUR": 2.7, "EP_AGE65": 21.1, "MP_AGE65": 7.7, "EP_AGE17": 16.8, "MP_AGE17": 5.4, "EP_DISABL": 14.8, "MP_DISABL": 4.9, "EP_SNGPNT": 7.2, "MP_SNGPNT": 6.3, "EP_LIMENG": 5.0, "MP_LIMENG": 4.3, "EP_MINRTY": 51.6, "MP_MINRTY": 22.2, "EP_MUNIT": 8.3, "MP_MUNIT": 4.6, "EP_MOBILE": 0.0, "MP_MOBILE": 2.5, "EP_CROWD": 3.1, "MP_CROWD": 3.2, "EP_NOVEH": 11.0, "MP_NOVEH": 6.7, "EP_GROUPQ": 0.0, "MP_GROUPQ": 0.5, "EPL_POV150": 0.4267, "EPL_UNEMP": 0.7171, "EPL_HBURD": 0.8617, "EPL_NOHSDP": 0.3947, "EPL_UNINSUR": 0.13, "SPL_THEME1": 2.5302, "RPL_THEME1": 0.5183, "EPL_AGE65": 0.6667, "EPL_AGE17": 0.2471, "EPL_DISABL": 0.435, "EPL_SNGPNT": 0.5983, "EPL_LIMENG": 0.7612, "SPL_THEME2": 2.7083, "RPL_THEME2": 0.6383, "EPL_MINRTY": 0.2886, "SPL_THEME3": 0.2886, "RPL_THEME3": 0.2886, "EPL_MUNIT": 0.787, "EPL_MOBILE": 0.0, "EPL_CROWD": 0.595, "EPL_NOVEH": 0.8367, "EPL_GROUPQ": 0.0, "SPL_THEME4": 2.2187, "RPL_THEME4": 0.475, "SPL_THEMES": 7.7458, "RPL_THEMES": 0.485, "F_POV150": 0, "F_UNEMP": 0, "F_HBURD": 0, "F_NOHSDP": 0, "F_UNINSUR": 0, "F_THEME1": 0, "F_AGE65": 0, "F_AGE17": 0, "F_DISABL": 0, "F_SNGPNT": 0, "F_LIMENG": 0, "F_THEME2": 0, "F_MINRTY": 0, "F_THEME3": 0, "F_MUNIT": 0, "F_MOBILE": 0, "F_CROWD": 0, "F_NOVEH": 0, "F_GROUPQ": 0, "F_THEME4": 0, "F_TOTAL": 0, "E_DAYPOP": 1639, "E_NOINT": 178, "M_NOINT": 76, "E_AFAM": 38, "M_AFAM": 49, "E_HISP": 1133, "M_HISP": 425, "E_ASIAN": 21, "M_ASIAN": 33, "E_AIAN": 140, "M_AIAN": 104, "E_NHPI": 0, "M_NHPI": 13, "E_TWOMORE": 56, "M_TWOMORE": 53, "E_OTHERRACE": 19, "M_OTHERRACE": 31, "EP_NOINT": 12.4, "MP_NOINT": 6.1, "EP_AFAM": 1.4, "MP_AFAM": 1.8, "EP_HISP": 41.6, "MP_HISP": 12.6, "EP_ASIAN": 0.8, "MP_ASIAN": 1.2, "EP_AIAN": 5.1, "MP_AIAN": 3.9, "EP_NHPI": 0.0, "MP_NHPI": 1.5, "EP_TWOMORE": 2.1, "MP_TWOMORE": 2.0, "EP_OTHERRACE": 0.7, "MP_OTHERRACE": 1.2, "Shape_Length": 0.048403176875947716, "Shape_Area": 0.0001350749984999427 }, "geometry": { "type": "MultiPolygon", "coordinates": [ [ [ [ -106.613366, 35.068935 ], [ -106.613357, 35.071263 ], [ -106.61329, 35.073671 ], [ -106.604559, 35.073631 ], [ -106.604518, 35.071844 ], [ -106.604499, 35.068223 ], [ -106.604493, 35.066178 ], [ -106.604279, 35.065608 ], [ -106.6043, 35.058258 ], [ -106.606524, 35.05838 ], [ -106.607291, 35.058388 ], [ -106.60874, 35.058435 ], [ -106.60916, 35.058435 ], [ -106.610464, 35.058466 ], [ -106.611632, 35.058485 ], [ -106.613293, 35.058439 ], [ -106.613355, 35.059257 ], [ -106.613141, 35.061491 ], [ -106.613162, 35.066098 ], [ -106.613389, 35.067744 ], [ -106.613366, 35.068935 ] ] ] ] } },
{ "type": "Feature", "properties": { "OBJECTID": 57, "ST": "35", "STATE": "New Mexico", "ST_ABBR": "NM", "STCNTY": "35001", "COUNTY": "Bernalillo County", "FIPS": "35001001201", "LOCATION": "Census Tract 12.01; Bernalillo County; New Mexico", "AREA_SQMI": 0.6474737489, "E_TOTPOP": 3994, "M_TOTPOP": 733, "E_HU": 1999, "M_HU": 211, "E_HH": 1771, "M_HH": 224, "E_POV150": 2005, "M_POV150": 799, "E_UNEMP": 194, "M_UNEMP": 128, "E_HBURD": 630, "M_HBURD": 263, "E_NOHSDP": 221, "M_NOHSDP": 144, "E_UNINSUR": 458, "M_UNINSUR": 312, "E_AGE65": 317, "M_AGE65": 64, "E_AGE17": 779, "M_AGE17": 500, "E_DISABL": 544, "M_DISABL": 199, "E_SNGPNT": 80, "M_SNGPNT": 87, "E_LIMENG": 232, "M_LIMENG": 192, "E_MINRTY": 2388, "M_MINRTY": 882, "E_MUNIT": 539, "M_MUNIT": 246, "E_MOBILE": 128, "M_MOBILE": 130, "E_CROWD": 78, "M_CROWD": 79, "E_NOVEH": 243, "M_NOVEH": 162, "E_GROUPQ": 1, "M_GROUPQ": 2, "EP_POV150": 50.2, "MP_POV150": 17.8, "EP_UNEMP": 9.0, "MP_UNEMP": 5.5, "EP_HBURD": 35.6, "MP_HBURD": 14.2, "EP_NOHSDP": 8.8, "MP_NOHSDP": 5.0, "EP_UNINSUR": 11.5, "MP_UNINSUR": 7.3, "EP_AGE65": 7.9, "MP_AGE65": 2.1, "EP_AGE17": 19.5, "MP_AGE17": 10.0, "EP_DISABL": 13.7, "MP_DISABL": 4.6, "EP_SNGPNT": 4.5, "MP_SNGPNT": 4.9, "EP_LIMENG": 6.3, "MP_LIMENG": 5.1, "EP_MINRTY": 59.8, "MP_MINRTY": 19.2, "EP_MUNIT": 27.0, "MP_MUNIT": 12.0, "EP_MOBILE": 6.4, "MP_MOBILE": 6.2, "EP_CROWD": 4.4, "MP_CROWD": 4.4, "EP_NOVEH": 13.7, "MP_NOVEH": 8.5, "EP_GROUPQ": 0.0, "MP_GROUPQ": 0.1, "EPL_POV150": 0.8883, "EPL_UNEMP": 0.7338, "EPL_HBURD": 0.8, "EPL_NOHSDP": 0.3897, "EPL_UNINSUR": 0.6633, "SPL_THEME1": 3.4751, "RPL_THEME1": 0.8133, "EPL_AGE65": 0.0829, "EPL_AGE17": 0.3698, "EPL_DISABL": 0.3633, "EPL_SNGPNT": 0.355, "EPL_LIMENG": 0.8159, "SPL_THEME2": 1.9869, "RPL_THEME2": 0.2117, "EPL_MINRTY": 0.4196, "SPL_THEME3": 0.4196, "RPL_THEME3": 0.4196, "EPL_MUNIT": 0.9334, "EPL_MOBILE": 0.4143, "EPL_CROWD": 0.7033, "EPL_NOVEH": 0.8917, "EPL_GROUPQ": 0.0, "SPL_THEME4": 2.9427, "RPL_THEME4": 0.805, "SPL_THEMES": 8.8243, "RPL_THEMES": 0.6733, "F_POV150": 0, "F_UNEMP": 0, "F_HBURD": 0, "F_NOHSDP": 0, "F_UNINSUR": 0, "F_THEME1": 0, "F_AGE65": 0, "F_AGE17": 0, "F_DISABL": 0, "F_SNGPNT": 0, "F_LIMENG": 0, "F_THEME2": 0, "F_MINRTY": 0, "F_THEME3": 0, "F_MUNIT": 1, "F_MOBILE": 0, "F_CROWD": 0, "F_NOVEH": 0, "F_GROUPQ": 0, "F_THEME4": 1, "F_TOTAL": 1, "E_DAYPOP": 3123, "E_NOINT": 421, "M_NOINT": 227, "E_AFAM": 206, "M_AFAM": 270, "E_HISP": 1875, "M_HISP": 637, "E_ASIAN": 154, "M_ASIAN": 181, "E_AIAN": 81, "M_AIAN": 79, "E_NHPI": 0, "M_NHPI": 13, "E_TWOMORE": 59, "M_TWOMORE": 90, "E_OTHERRACE": 13, "M_OTHERRACE": 23, "EP_NOINT": 23.8, "MP_NOINT": 11.9, "EP_AFAM": 5.2, "MP_AFAM": 6.4, "EP_HISP": 46.9, "MP_HISP": 12.0, "EP_ASIAN": 3.9, "MP_ASIAN": 4.5, "EP_AIAN": 2.0, "MP_AIAN": 1.9, "EP_NHPI": 0.0, "MP_NHPI": 1.0, "EP_TWOMORE": 1.5, "MP_TWOMORE": 2.0, "EP_OTHERRACE": 0.3, "MP_OTHERRACE": 0.6, "Shape_Length": 0.051711598196633533, "Shape_Area": 0.00016596324500012418 }, "geometry": { "type": "MultiPolygon", "coordinates": [ [ [ [ -106.62424, 35.065928 ], [ -106.624129, 35.073048 ], [ -106.622162, 35.073684 ], [ -106.61834, 35.073681 ], [ -106.61329, 35.073671 ], [ -106.613357, 35.071263 ], [ -106.613366, 35.068935 ], [ -106.613389, 35.067744 ], [ -106.613162, 35.066098 ], [ -106.613141, 35.061491 ], [ -106.613355, 35.059257 ], [ -106.613293, 35.058439 ], [ -106.616127, 35.058445 ], [ -106.624206, 35.058451 ], [ -106.62424, 35.065928 ] ] ] ] } },
{ "type": "Feature", "properties": { "OBJECTID": 58, "ST": "35", "STATE": "New Mexico", "ST_ABBR": "NM", "STCNTY": "35001", "COUNTY": "Bernalillo County", "FIPS": "35001001202", "LOCATION": "Census Tract 12.02; Bernalillo County; New Mexico", "AREA_SQMI": 3.9400867397639998, "E_TOTPOP": 2934, "M_TOTPOP": 574, "E_HU": 1347, "M_HU": 225, "E_HH": 1270, "M_HH": 239, "E_POV150": 1262, "M_POV150": 461, "E_UNEMP": 20, "M_UNEMP": 41, "E_HBURD": 435, "M_HBURD": 177, "E_NOHSDP": 426, "M_NOHSDP": 305, "E_UNINSUR": 566, "M_UNINSUR": 312, "E_AGE65": 411, "M_AGE65": 289, "E_AGE17": 460, "M_AGE17": 198, "E_DISABL": 583, "M_DISABL": 208, "E_SNGPNT": 113, "M_SNGPNT": 90, "E_LIMENG": 281, "M_LIMENG": 285, "E_MINRTY": 2302, "M_MINRTY": 665, "E_MUNIT": 289, "M_MUNIT": 144, "E_MOBILE": 224, "M_MOBILE": 129, "E_CROWD": 62, "M_CROWD": 74, "E_NOVEH": 12, "M_NOVEH": 20, "E_GROUPQ": 111, "M_GROUPQ": 12, "EP_POV150": 44.7, "MP_POV150": 13.6, "EP_UNEMP": 1.1, "MP_UNEMP": 2.3, "EP_HBURD": 34.3, "MP_HBURD": 12.4, "EP_NOHSDP": 23.2, "MP_NOHSDP": 14.2, "EP_UNINSUR": 19.3, "MP_UNINSUR": 9.6, "EP_AGE65": 14.0, "MP_AGE65": 8.8, "EP_AGE17": 15.7, "MP_AGE17": 5.4, "EP_DISABL": 19.9, "MP_DISABL": 6.9, "EP_SNGPNT": 8.9, "MP_SNGPNT": 6.9, "EP_LIMENG": 9.9, "MP_LIMENG": 9.8, "EP_MINRTY": 78.5, "MP_MINRTY": 16.7, "EP_MUNIT": 21.4, "MP_MUNIT": 10.1, "EP_MOBILE": 16.6, "MP_MOBILE": 9.6, "EP_CROWD": 4.9, "MP_CROWD": 5.8, "EP_NOVEH": 0.9, "MP_NOVEH": 1.7, "EP_GROUPQ": 3.8, "MP_GROUPQ": 0.8, "EPL_POV150": 0.8033, "EPL_UNEMP": 0.0849, "EPL_HBURD": 0.785, "EPL_NOHSDP": 0.8209, "EPL_UNINSUR": 0.8933, "SPL_THEME1": 3.3874, "RPL_THEME1": 0.785, "EPL_AGE65": 0.2819, "EPL_AGE17": 0.2139, "EPL_DISABL": 0.72, "EPL_SNGPNT": 0.6983, "EPL_LIMENG": 0.9055, "SPL_THEME2": 2.8196, "RPL_THEME2": 0.705, "EPL_MINRTY": 0.7214, "SPL_THEME3": 0.7214, "RPL_THEME3": 0.7214, "EPL_MUNIT": 0.9118, "EPL_MOBILE": 0.5641, "EPL_CROWD": 0.7367, "EPL_NOVEH": 0.1633, "EPL_GROUPQ": 0.8756, "SPL_THEME4": 3.2515, "RPL_THEME4": 0.9, "SPL_THEMES": 10.1799, "RPL_THEMES": 0.8733, "F_POV150": 0, "F_UNEMP": 0, "F_HBURD": 0, "F_NOHSDP": 0, "F_UNINSUR": 0, "F_THEME1": 0, "F_AGE65": 0, "F_AGE17": 0, "F_DISABL": 0, "F_SNGPNT": 0, "F_LIMENG": 1, "F_THEME2": 1, "F_MINRTY": 0, "F_THEME3": 0, "F_MUNIT": 1, "F_MOBILE": 0, "F_CROWD": 0, "F_NOVEH": 0, "F_GROUPQ": 0, "F_THEME4": 1, "F_TOTAL": 2, "E_DAYPOP": 19771, "E_NOINT": 145, "M_NOINT": 90, "E_AFAM": 195, "M_AFAM": 173, "E_HISP": 1927, "M_HISP": 527, "E_ASIAN": 93, "M_ASIAN": 88, "E_AIAN": 48, "M_AIAN": 74, "E_NHPI": 0, "M_NHPI": 13, "E_TWOMORE": 39, "M_TWOMORE": 57, "E_OTHERRACE": 0, "M_OTHERRACE": 13, "EP_NOINT": 11.4, "MP_NOINT": 7.6, "EP_AFAM": 6.6, "MP_AFAM": 6.1, "EP_HISP": 65.7, "MP_HISP": 9.6, "EP_ASIAN": 3.2, "MP_ASIAN": 3.4, "EP_AIAN": 1.6, "MP_AIAN": 2.5, "EP_NHPI": 0.0, "MP_NHPI": 1.4, "EP_TWOMORE": 1.3, "MP_TWOMORE": 1.9, "EP_OTHERRACE": 0.0, "MP_OTHERRACE": 1.4, "Shape_Length": 0.17204813515347242, "Shape_Area": 0.001005979600500434 }, "geometry": { "type": "MultiPolygon", "coordinates": [ [ [ [ -106.639907, 35.074483 ], [ -106.639027, 35.076054 ], [ -106.638439, 35.076636 ], [ -106.633483, 35.076617 ], [ -106.6335, 35.077788 ], [ -106.632272, 35.076642 ], [ -106.628149, 35.076651 ], [ -106.62667, 35.075045 ], [ -106.624077, 35.075035 ], [ -106.624129, 35.073048 ], [ -106.62424, 35.065928 ], [ -106.624206, 35.058451 ], [ -106.616127, 35.058445 ], [ -106.613293, 35.058439 ], [ -106.611632, 35.058485 ], [ -106.610464, 35.058466 ], [ -106.611168, 35.046595 ], [ -106.611673, 35.04154 ], [ -106.61171, 35.038174 ], [ -106.612167, 35.037011 ], [ -106.612326, 35.030379 ], [ -106.612337, 35.029701 ], [ -106.613281, 35.029706 ], [ -106.619391, 35.028218 ], [ -106.621534, 35.029974 ], [ -106.621871, 35.030996 ], [ -106.621775, 35.036885 ], [ -106.62871, 35.036816 ], [ -106.629636, 35.03193 ], [ -106.633169, 35.025586 ], [ -106.635257, 35.023036 ], [ -106.638077, 35.023423 ], [ -106.637625, 35.047562 ], [ -106.637549, 35.054473 ], [ -106.638109, 35.059584 ], [ -106.638929, 35.065794 ], [ -106.639437, 35.069798 ], [ -106.639907, 35.074483 ] ] ] ] } },
{ "type": "Feature", "properties": { "OBJECTID": 59, "ST": "35", "STATE": "New Mexico", "ST_ABBR": "NM", "STCNTY": "35001", "COUNTY": "Bernalillo County", "FIPS": "35001001300", "LOCATION": "Census Tract 13; Bernalillo County; New Mexico", "AREA_SQMI": 1.116157947374, "E_TOTPOP": 4089, "M_TOTPOP": 867, "E_HU": 1585, "M_HU": 280, "E_HH": 1495, "M_HH": 284, "E_POV150": 1799, "M_POV150": 674, "E_UNEMP": 207, "M_UNEMP": 161, "E_HBURD": 476, "M_HBURD": 164, "E_NOHSDP": 907, "M_NOHSDP": 273, "E_UNINSUR": 345, "M_UNINSUR": 165, "E_AGE65": 543, "M_AGE65": 183, "E_AGE17": 867, "M_AGE17": 387, "E_DISABL": 625, "M_DISABL": 220, "E_SNGPNT": 252, "M_SNGPNT": 136, "E_LIMENG": 471, "M_LIMENG": 206, "E_MINRTY": 3699, "M_MINRTY": 901, "E_MUNIT": 0, "M_MUNIT": 18, "E_MOBILE": 15, "M_MOBILE": 20, "E_CROWD": 86, "M_CROWD": 61, "E_NOVEH": 136, "M_NOVEH": 70, "E_GROUPQ": 29, "M_GROUPQ": 7, "EP_POV150": 44.0, "MP_POV150": 13.6, "EP_UNEMP": 10.2, "MP_UNEMP": 7.3, "EP_HBURD": 31.8, "MP_HBURD": 9.2, "EP_NOHSDP": 30.9, "MP_NOHSDP": 9.2, "EP_UNINSUR": 8.4, "MP_UNINSUR": 4.0, "EP_AGE65": 13.3, "MP_AGE65": 5.3, "EP_AGE17": 21.2, "MP_AGE17": 6.9, "EP_DISABL": 15.3, "MP_DISABL": 6.0, "EP_SNGPNT": 16.9, "MP_SNGPNT": 8.5, "EP_LIMENG": 12.0, "MP_LIMENG": 4.6, "EP_MINRTY": 90.5, "MP_MINRTY": 10.8, "EP_MUNIT": 0.0, "MP_MUNIT": 1.1, "EP_MOBILE": 0.9, "MP_MOBILE": 1.3, "EP_CROWD": 5.7, "MP_CROWD": 3.9, "EP_NOVEH": 9.1, "MP_NOVEH": 4.9, "EP_GROUPQ": 0.7, "MP_GROUPQ": 0.1, "EPL_POV150": 0.795, "EPL_UNEMP": 0.7787, "EPL_HBURD": 0.7367, "EPL_NOHSDP": 0.9221, "EPL_UNINSUR": 0.52, "SPL_THEME1": 3.7525, "RPL_THEME1": 0.8967, "EPL_AGE65": 0.262, "EPL_AGE17": 0.4677, "EPL_DISABL": 0.4617, "EPL_SNGPNT": 0.9517, "EPL_LIMENG": 0.9303, "SPL_THEME2": 3.0734, "RPL_THEME2": 0.8483, "EPL_MINRTY": 0.8607, "SPL_THEME3": 0.8607, "RPL_THEME3": 0.8607, "EPL_MUNIT": 0.0, "EPL_MOBILE": 0.2612, "EPL_CROWD": 0.7783, "EPL_NOVEH": 0.7733, "EPL_GROUPQ": 0.6385, "SPL_THEME4": 2.4513, "RPL_THEME4": 0.5717, "SPL_THEMES": 10.1379, "RPL_THEMES": 0.8617, "F_POV150": 0, "F_UNEMP": 0, "F_HBURD": 0, "F_NOHSDP": 1, "F_UNINSUR": 0, "F_THEME1": 1, "F_AGE65": 0, "F_AGE17": 0, "F_DISABL": 0, "F_SNGPNT": 1, "F_LIMENG": 1, "F_THEME2": 2, "F_MINRTY": 0, "F_THEME3": 0, "F_MUNIT": 0, "F_MOBILE": 0, "F_CROWD": 0, "F_NOVEH": 0, "F_GROUPQ": 0, "F_THEME4": 0, "F_TOTAL": 3, "E_DAYPOP": 3395, "E_NOINT": 570, "M_NOINT": 169, "E_AFAM": 166, "M_AFAM": 119, "E_HISP": 3091, "M_HISP": 809, "E_ASIAN": 0, "M_ASIAN": 13, "E_AIAN": 198, "M_AIAN": 147, "E_NHPI": 0, "M_NHPI": 13, "E_TWOMORE": 225, "M_TWOMORE": 228, "E_OTHERRACE": 19, "M_OTHERRACE": 32, "EP_NOINT": 38.1, "MP_NOINT": 9.3, "EP_AFAM": 4.1, "MP_AFAM": 2.9, "EP_HISP": 75.6, "MP_HISP": 11.6, "EP_ASIAN": 0.0, "MP_ASIAN": 1.0, "EP_AIAN": 4.8, "MP_AIAN": 3.6, "EP_NHPI": 0.0, "MP_NHPI": 1.0, "EP_TWOMORE": 5.5, "MP_TWOMORE": 5.3, "EP_OTHERRACE": 0.5, "MP_OTHERRACE": 0.8, "Shape_Length": 0.070320612865947416, "Shape_Area": 0.00028566610649988228 }, "geometry": { "type": "MultiPolygon", "coordinates": [ [ [ [ -106.653757, 35.049303 ], [ -106.65178, 35.059598 ], [ -106.651051, 35.063273 ], [ -106.650726, 35.06515 ], [ -106.650143, 35.068278 ], [ -106.64978, 35.069952 ], [ -106.649486, 35.06995 ], [ -106.646826, 35.069652 ], [ -106.643109, 35.069727 ], [ -106.640682, 35.069763 ], [ -106.639437, 35.069798 ], [ -106.638929, 35.065794 ], [ -106.638109, 35.059584 ], [ -106.637549, 35.054473 ], [ -106.637625, 35.047562 ], [ -106.638498, 35.047559 ], [ -106.639754, 35.048527 ], [ -106.639898, 35.048719 ], [ -106.644208, 35.048827 ], [ -106.64539, 35.048787 ], [ -106.648327, 35.04894 ], [ -106.653519, 35.049264 ], [ -106.653757, 35.049303 ] ] ] ] } },
{ "type": "Feature", "properties": { "OBJECTID": 60, "ST": "35", "STATE": "New Mexico", "ST_ABBR": "NM", "STCNTY": "35001", "COUNTY": "Bernalillo County", "FIPS": "35001001400", "LOCATION": "Census Tract 14; Bernalillo County; New Mexico", "AREA_SQMI": 0.47596492388799999, "E_TOTPOP": 2134, "M_TOTPOP": 653, "E_HU": 956, "M_HU": 116, "E_HH": 838, "M_HH": 117, "E_POV150": 912, "M_POV150": 346, "E_UNEMP": 120, "M_UNEMP": 151, "E_HBURD": 309, "M_HBURD": 139, "E_NOHSDP": 321, "M_NOHSDP": 118, "E_UNINSUR": 129, "M_UNINSUR": 82, "E_AGE65": 355, "M_AGE65": 113, "E_AGE17": 354, "M_AGE17": 345, "E_DISABL": 440, "M_DISABL": 123, "E_SNGPNT": 58, "M_SNGPNT": 55, "E_LIMENG": 46, "M_LIMENG": 66, "E_MINRTY": 1695, "M_MINRTY": 672, "E_MUNIT": 97, "M_MUNIT": 94, "E_MOBILE": 9, "M_MOBILE": 13, "E_CROWD": 22, "M_CROWD": 23, "E_NOVEH": 120, "M_NOVEH": 69, "E_GROUPQ": 199, "M_GROUPQ": 27, "EP_POV150": 42.7, "MP_POV150": 9.6, "EP_UNEMP": 11.5, "MP_UNEMP": 12.1, "EP_HBURD": 36.9, "MP_HBURD": 15.8, "EP_NOHSDP": 20.0, "MP_NOHSDP": 8.2, "EP_UNINSUR": 6.0, "MP_UNINSUR": 4.5, "EP_AGE65": 16.6, "MP_AGE65": 8.0, "EP_AGE17": 16.6, "MP_AGE17": 12.2, "EP_DISABL": 20.6, "MP_DISABL": 7.9, "EP_SNGPNT": 6.9, "MP_SNGPNT": 6.5, "EP_LIMENG": 2.3, "MP_LIMENG": 3.3, "EP_MINRTY": 79.4, "MP_MINRTY": 20.0, "EP_MUNIT": 10.1, "MP_MUNIT": 9.8, "EP_MOBILE": 0.9, "MP_MOBILE": 1.4, "EP_CROWD": 2.7, "MP_CROWD": 2.7, "EP_NOVEH": 14.3, "MP_NOVEH": 7.6, "EP_GROUPQ": 9.3, "MP_GROUPQ": 3.1, "EPL_POV150": 0.7717, "EPL_UNEMP": 0.8386, "EPL_HBURD": 0.8367, "EPL_NOHSDP": 0.7612, "EPL_UNINSUR": 0.3533, "SPL_THEME1": 3.5615, "RPL_THEME1": 0.8433, "EPL_AGE65": 0.4362, "EPL_AGE17": 0.2388, "EPL_DISABL": 0.7433, "EPL_SNGPNT": 0.5733, "EPL_LIMENG": 0.5655, "SPL_THEME2": 2.5571, "RPL_THEME2": 0.5233, "EPL_MINRTY": 0.7297, "SPL_THEME3": 0.7297, "RPL_THEME3": 0.7297, "EPL_MUNIT": 0.817, "EPL_MOBILE": 0.2612, "EPL_CROWD": 0.5467, "EPL_NOVEH": 0.8983, "EPL_GROUPQ": 0.9469, "SPL_THEME4": 3.4701, "RPL_THEME4": 0.9467, "SPL_THEMES": 10.3184, "RPL_THEMES": 0.8917, "F_POV150": 0, "F_UNEMP": 0, "F_HBURD": 0, "F_NOHSDP": 0, "F_UNINSUR": 0, "F_THEME1": 0, "F_AGE65": 0, "F_AGE17": 0, "F_DISABL": 0, "F_SNGPNT": 0, "F_LIMENG": 0, "F_THEME2": 0, "F_MINRTY": 0, "F_THEME3": 0, "F_MUNIT": 0, "F_MOBILE": 0, "F_CROWD": 0, "F_NOVEH": 0, "F_GROUPQ": 1, "F_THEME4": 1, "F_TOTAL": 1, "E_DAYPOP": 1703, "E_NOINT": 255, "M_NOINT": 96, "E_AFAM": 66, "M_AFAM": 61, "E_HISP": 1492, "M_HISP": 648, "E_ASIAN": 0, "M_ASIAN": 13, "E_AIAN": 40, "M_AIAN": 51, "E_NHPI": 0, "M_NHPI": 13, "E_TWOMORE": 97, "M_TWOMORE": 77, "E_OTHERRACE": 0, "M_OTHERRACE": 13, "EP_NOINT": 30.4, "MP_NOINT": 11.5, "EP_AFAM": 3.1, "MP_AFAM": 3.0, "EP_HISP": 69.9, "MP_HISP": 11.4, "EP_ASIAN": 0.0, "MP_ASIAN": 1.9, "EP_AIAN": 1.9, "MP_AIAN": 2.6, "EP_NHPI": 0.0, "MP_NHPI": 1.9, "EP_TWOMORE": 4.5, "MP_TWOMORE": 4.0, "EP_OTHERRACE": 0.0, "MP_OTHERRACE": 1.9, "Shape_Length": 0.055076437381491303, "Shape_Area": 0.00013555426650012801 }, "geometry": { "type": "MultiPolygon", "coordinates": [ [ [ [ -106.667366, 35.074992 ], [ -106.662845, 35.075601 ], [ -106.662142, 35.075587 ], [ -106.659718, 35.075628 ], [ -106.659767, 35.077281 ], [ -106.657414, 35.07733 ], [ -106.657504, 35.079505 ], [ -106.657103, 35.081227 ], [ -106.647691, 35.080027 ], [ -106.64978, 35.069952 ], [ -106.652176, 35.069999 ], [ -106.654975, 35.070089 ], [ -106.66104, 35.06967 ], [ -106.662508, 35.07165 ], [ -106.666065, 35.07383 ], [ -106.667366, 35.074992 ] ] ] ] } },
{ "type": "Feature", "properties": { "OBJECTID": 61, "ST": "35", "STATE": "New Mexico", "ST_ABBR": "NM", "STCNTY": "35001", "COUNTY": "Bernalillo County", "FIPS": "35001001500", "LOCATION": "Census Tract 15; Bernalillo County; New Mexico", "AREA_SQMI": 0.575707811854, "E_TOTPOP": 2874, "M_TOTPOP": 399, "E_HU": 1601, "M_HU": 178, "E_HH": 1512, "M_HH": 185, "E_POV150": 1045, "M_POV150": 308, "E_UNEMP": 105, "M_UNEMP": 81, "E_HBURD": 602, "M_HBURD": 197, "E_NOHSDP": 389, "M_NOHSDP": 199, "E_UNINSUR": 468, "M_UNINSUR": 269, "E_AGE65": 321, "M_AGE65": 132, "E_AGE17": 641, "M_AGE17": 217, "E_DISABL": 448, "M_DISABL": 171, "E_SNGPNT": 197, "M_SNGPNT": 91, "E_LIMENG": 218, "M_LIMENG": 190, "E_MINRTY": 1951, "M_MINRTY": 462, "E_MUNIT": 356, "M_MUNIT": 123, "E_MOBILE": 0, "M_MOBILE": 13, "E_CROWD": 53, "M_CROWD": 73, "E_NOVEH": 258, "M_NOVEH": 134, "E_GROUPQ": 9, "M_GROUPQ": 2, "EP_POV150": 36.8, "MP_POV150": 9.6, "EP_UNEMP": 6.6, "MP_UNEMP": 5.0, "EP_HBURD": 39.8, "MP_HBURD": 12.1, "EP_NOHSDP": 18.9, "MP_NOHSDP": 9.4, "EP_UNINSUR": 16.3, "MP_UNINSUR": 9.1, "EP_AGE65": 11.2, "MP_AGE65": 4.4, "EP_AGE17": 22.3, "MP_AGE17": 5.7, "EP_DISABL": 15.6, "MP_DISABL": 5.9, "EP_SNGPNT": 13.0, "MP_SNGPNT": 5.8, "EP_LIMENG": 8.1, "MP_LIMENG": 7.0, "EP_MINRTY": 67.9, "MP_MINRTY": 13.0, "EP_MUNIT": 22.3, "MP_MUNIT": 7.3, "EP_MOBILE": 0.0, "MP_MOBILE": 2.5, "EP_CROWD": 3.5, "MP_CROWD": 4.8, "EP_NOVEH": 17.1, "MP_NOVEH": 8.0, "EP_GROUPQ": 0.3, "MP_GROUPQ": 0.1, "EPL_POV150": 0.6617, "EPL_UNEMP": 0.6206, "EPL_HBURD": 0.8883, "EPL_NOHSDP": 0.7363, "EPL_UNINSUR": 0.8333, "SPL_THEME1": 3.7402, "RPL_THEME1": 0.8917, "EPL_AGE65": 0.1692, "EPL_AGE17": 0.5174, "EPL_DISABL": 0.48, "EPL_SNGPNT": 0.885, "EPL_LIMENG": 0.869, "SPL_THEME2": 2.9206, "RPL_THEME2": 0.785, "EPL_MINRTY": 0.5904, "SPL_THEME3": 0.5904, "RPL_THEME3": 0.5904, "EPL_MUNIT": 0.9151, "EPL_MOBILE": 0.0, "EPL_CROWD": 0.6417, "EPL_NOVEH": 0.9433, "EPL_GROUPQ": 0.539, "SPL_THEME4": 3.0391, "RPL_THEME4": 0.8433, "SPL_THEMES": 10.2903, "RPL_THEMES": 0.8867, "F_POV150": 0, "F_UNEMP": 0, "F_HBURD": 0, "F_NOHSDP": 0, "F_UNINSUR": 0, "F_THEME1": 0, "F_AGE65": 0, "F_AGE17": 0, "F_DISABL": 0, "F_SNGPNT": 0, "F_LIMENG": 0, "F_THEME2": 0, "F_MINRTY": 0, "F_THEME3": 0, "F_MUNIT": 1, "F_MOBILE": 0, "F_CROWD": 0, "F_NOVEH": 1, "F_GROUPQ": 0, "F_THEME4": 2, "F_TOTAL": 2, "E_DAYPOP": 2894, "E_NOINT": 286, "M_NOINT": 130, "E_AFAM": 62, "M_AFAM": 73, "E_HISP": 1746, "M_HISP": 454, "E_ASIAN": 19, "M_ASIAN": 21, "E_AIAN": 84, "M_AIAN": 67, "E_NHPI": 0, "M_NHPI": 13, "E_TWOMORE": 40, "M_TWOMORE": 50, "E_OTHERRACE": 0, "M_OTHERRACE": 13, "EP_NOINT": 18.9, "MP_NOINT": 7.7, "EP_AFAM": 2.2, "MP_AFAM": 2.6, "EP_HISP": 60.8, "MP_HISP": 10.9, "EP_ASIAN": 0.7, "MP_ASIAN": 0.7, "EP_AIAN": 2.9, "MP_AIAN": 2.3, "EP_NHPI": 0.0, "MP_NHPI": 1.4, "EP_TWOMORE": 1.4, "MP_TWOMORE": 1.8, "EP_OTHERRACE": 0.0, "MP_OTHERRACE": 1.4, "Shape_Length": 0.054075432234093404, "Shape_Area": 0.00014749219199981857 }, "geometry": { "type": "MultiPolygon", "coordinates": [ [ [ [ -106.64978, 35.069952 ], [ -106.647691, 35.080027 ], [ -106.645415, 35.079744 ], [ -106.644085, 35.086317 ], [ -106.640529, 35.085597 ], [ -106.636058, 35.085205 ], [ -106.636516, 35.082751 ], [ -106.637329, 35.078688 ], [ -106.637854, 35.077507 ], [ -106.639027, 35.076054 ], [ -106.639907, 35.074483 ], [ -106.639437, 35.069798 ], [ -106.640682, 35.069763 ], [ -106.643109, 35.069727 ], [ -106.646826, 35.069652 ], [ -106.649486, 35.06995 ], [ -106.64978, 35.069952 ] ] ] ] } },
{ "type": "Feature", "properties": { "OBJECTID": 62, "ST": "35", "STATE": "New Mexico", "ST_ABBR": "NM", "STCNTY": "35001", "COUNTY": "Bernalillo County", "FIPS": "35001001701", "LOCATION": "Census Tract 17.01; Bernalillo County; New Mexico", "AREA_SQMI": 0.47829929657999998, "E_TOTPOP": 1883, "M_TOTPOP": 381, "E_HU": 1183, "M_HU": 184, "E_HH": 959, "M_HH": 194, "E_POV150": 275, "M_POV150": 141, "E_UNEMP": 19, "M_UNEMP": 20, "E_HBURD": 253, "M_HBURD": 103, "E_NOHSDP": 39, "M_NOHSDP": 58, "E_UNINSUR": 90, "M_UNINSUR": 78, "E_AGE65": 564, "M_AGE65": 311, "E_AGE17": 223, "M_AGE17": 75, "E_DISABL": 108, "M_DISABL": 67, "E_SNGPNT": 58, "M_SNGPNT": 61, "E_LIMENG": 0, "M_LIMENG": 52, "E_MINRTY": 200, "M_MINRTY": 533, "E_MUNIT": 18, "M_MUNIT": 30, "E_MOBILE": 0, "M_MOBILE": 13, "E_CROWD": 0, "M_CROWD": 18, "E_NOVEH": 8, "M_NOVEH": 14, "E_GROUPQ": 0, "M_GROUPQ": 13, "EP_POV150": 14.6, "MP_POV150": 6.9, "EP_UNEMP": 1.8, "MP_UNEMP": 1.9, "EP_HBURD": 26.4, "MP_HBURD": 9.3, "EP_NOHSDP": 2.5, "MP_NOHSDP": 3.8, "EP_UNINSUR": 4.8, "MP_UNINSUR": 4.1, "EP_AGE65": 30.0, "MP_AGE65": 12.4, "EP_AGE17": 11.8, "MP_AGE17": 4.0, "EP_DISABL": 5.7, "MP_DISABL": 3.5, "EP_SNGPNT": 6.0, "MP_SNGPNT": 6.2, "EP_LIMENG": 0.0, "MP_LIMENG": 2.8, "EP_MINRTY": 10.6, "MP_MINRTY": 28.2, "EP_MUNIT": 1.5, "MP_MUNIT": 2.5, "EP_MOBILE": 0.0, "MP_MOBILE": 3.3, "EP_CROWD": 0.0, "MP_CROWD": 1.9, "EP_NOVEH": 0.8, "MP_NOVEH": 1.5, "EP_GROUPQ": 0.0, "MP_GROUPQ": 0.7, "EPL_POV150": 0.1917, "EPL_UNEMP": 0.1381, "EPL_HBURD": 0.5667, "EPL_NOHSDP": 0.1045, "EPL_UNINSUR": 0.2533, "SPL_THEME1": 1.2543, "RPL_THEME1": 0.105, "EPL_AGE65": 0.8789, "EPL_AGE17": 0.1028, "EPL_DISABL": 0.0217, "EPL_SNGPNT": 0.4967, "EPL_LIMENG": 0.0, "SPL_THEME2": 1.5001, "RPL_THEME2": 0.0667, "EPL_MINRTY": 0.005, "SPL_THEME3": 0.005, "RPL_THEME3": 0.005, "EPL_MUNIT": 0.5524, "EPL_MOBILE": 0.0, "EPL_CROWD": 0.0, "EPL_NOVEH": 0.1517, "EPL_GROUPQ": 0.0, "SPL_THEME4": 0.7041, "RPL_THEME4": 0.03, "SPL_THEMES": 3.4635, "RPL_THEMES": 0.0217, "F_POV150": 0, "F_UNEMP": 0, "F_HBURD": 0, "F_NOHSDP": 0, "F_UNINSUR": 0, "F_THEME1": 0, "F_AGE65": 0, "F_AGE17": 0, "F_DISABL": 0, "F_SNGPNT": 0, "F_LIMENG": 0, "F_THEME2": 0, "F_MINRTY": 0, "F_THEME3": 0, "F_MUNIT": 0, "F_MOBILE": 0, "F_CROWD": 0, "F_NOVEH": 0, "F_GROUPQ": 0, "F_THEME4": 0, "F_TOTAL": 0, "E_DAYPOP": 3535, "E_NOINT": 49, "M_NOINT": 42, "E_AFAM": 0, "M_AFAM": 13, "E_HISP": 113, "M_HISP": 84, "E_ASIAN": 36, "M_ASIAN": 33, "E_AIAN": 0, "M_AIAN": 13, "E_NHPI": 0, "M_NHPI": 13, "E_TWOMORE": 0, "M_TWOMORE": 13, "E_OTHERRACE": 51, "M_OTHERRACE": 81, "EP_NOINT": 5.1, "MP_NOINT": 4.3, "EP_AFAM": 0.0, "MP_AFAM": 2.1, "EP_HISP": 6.0, "MP_HISP": 4.6, "EP_ASIAN": 1.9, "MP_ASIAN": 1.7, "EP_AIAN": 0.0, "MP_AIAN": 2.1, "EP_NHPI": 0.0, "MP_NHPI": 2.1, "EP_TWOMORE": 0.0, "MP_TWOMORE": 2.1, "EP_OTHERRACE": 2.7, "MP_OTHERRACE": 4.3, "Shape_Length": 0.045354952660776805, "Shape_Area": 0.00012276231900023289 }, "geometry": { "type": "MultiPolygon", "coordinates": [ [ [ [ -106.613301, 35.08099 ], [ -106.613153, 35.0875 ], [ -106.607629, 35.087483 ], [ -106.606581, 35.087509 ], [ -106.604248, 35.087492 ], [ -106.604285, 35.080806 ], [ -106.60452, 35.079778 ], [ -106.604559, 35.073631 ], [ -106.61329, 35.073671 ], [ -106.613303, 35.077291 ], [ -106.613301, 35.08099 ] ] ] ] } },
{ "type": "Feature", "properties": { "OBJECTID": 63, "ST": "35", "STATE": "New Mexico", "ST_ABBR": "NM", "STCNTY": "35001", "COUNTY": "Bernalillo County", "FIPS": "35001001702", "LOCATION": "Census Tract 17.02; Bernalillo County; New Mexico", "AREA_SQMI": 0.31524919418399999, "E_TOTPOP": 2666, "M_TOTPOP": 441, "E_HU": 1872, "M_HU": 199, "E_HH": 1572, "M_HH": 221, "E_POV150": 1188, "M_POV150": 346, "E_UNEMP": 72, "M_UNEMP": 42, "E_HBURD": 792, "M_HBURD": 249, "E_NOHSDP": 71, "M_NOHSDP": 69, "E_UNINSUR": 354, "M_UNINSUR": 204, "E_AGE65": 121, "M_AGE65": 83, "E_AGE17": 164, "M_AGE17": 59, "E_DISABL": 362, "M_DISABL": 176, "E_SNGPNT": 29, "M_SNGPNT": 32, "E_LIMENG": 44, "M_LIMENG": 76, "E_MINRTY": 1618, "M_MINRTY": 488, "E_MUNIT": 531, "M_MUNIT": 196, "E_MOBILE": 0, "M_MOBILE": 13, "E_CROWD": 46, "M_CROWD": 31, "E_NOVEH": 296, "M_NOVEH": 186, "E_GROUPQ": 0, "M_GROUPQ": 13, "EP_POV150": 45.0, "MP_POV150": 10.6, "EP_UNEMP": 3.6, "MP_UNEMP": 2.1, "EP_HBURD": 50.4, "MP_HBURD": 14.2, "EP_NOHSDP": 3.5, "MP_NOHSDP": 3.5, "EP_UNINSUR": 13.3, "MP_UNINSUR": 7.0, "EP_AGE65": 4.5, "MP_AGE65": 3.2, "EP_AGE17": 6.2, "MP_AGE17": 2.3, "EP_DISABL": 13.6, "MP_DISABL": 6.5, "EP_SNGPNT": 1.9, "MP_SNGPNT": 2.0, "EP_LIMENG": 1.7, "MP_LIMENG": 2.9, "EP_MINRTY": 60.7, "MP_MINRTY": 15.3, "EP_MUNIT": 28.3, "MP_MUNIT": 10.0, "EP_MOBILE": 0.0, "MP_MOBILE": 2.1, "EP_CROWD": 2.9, "MP_CROWD": 1.9, "EP_NOVEH": 18.8, "MP_NOVEH": 10.1, "EP_GROUPQ": 0.0, "MP_GROUPQ": 0.5, "EPL_POV150": 0.8133, "EPL_UNEMP": 0.3195, "EPL_HBURD": 0.9767, "EPL_NOHSDP": 0.1575, "EPL_UNINSUR": 0.7483, "SPL_THEME1": 3.0153, "RPL_THEME1": 0.6783, "EPL_AGE65": 0.0199, "EPL_AGE17": 0.0365, "EPL_DISABL": 0.3517, "EPL_SNGPNT": 0.1567, "EPL_LIMENG": 0.4677, "SPL_THEME2": 1.0325, "RPL_THEME2": 0.0067, "EPL_MINRTY": 0.4444, "SPL_THEME3": 0.4444, "RPL_THEME3": 0.4444, "EPL_MUNIT": 0.9418, "EPL_MOBILE": 0.0, "EPL_CROWD": 0.575, "EPL_NOVEH": 0.955, "EPL_GROUPQ": 0.0, "SPL_THEME4": 2.4718, "RPL_THEME4": 0.5817, "SPL_THEMES": 6.964, "RPL_THEMES": 0.3583, "F_POV150": 0, "F_UNEMP": 0, "F_HBURD": 1, "F_NOHSDP": 0, "F_UNINSUR": 0, "F_THEME1": 1, "F_AGE65": 0, "F_AGE17": 0, "F_DISABL": 0, "F_SNGPNT": 0, "F_LIMENG": 0, "F_THEME2": 0, "F_MINRTY": 0, "F_THEME3": 0, "F_MUNIT": 1, "F_MOBILE": 0, "F_CROWD": 0, "F_NOVEH": 1, "F_GROUPQ": 0, "F_THEME4": 2, "F_TOTAL": 3, "E_DAYPOP": 1900, "E_NOINT": 172, "M_NOINT": 91, "E_AFAM": 8, "M_AFAM": 14, "E_HISP": 1041, "M_HISP": 325, "E_ASIAN": 7, "M_ASIAN": 12, "E_AIAN": 380, "M_AIAN": 253, "E_NHPI": 0, "M_NHPI": 13, "E_TWOMORE": 182, "M_TWOMORE": 132, "E_OTHERRACE": 0, "M_OTHERRACE": 13, "EP_NOINT": 10.9, "MP_NOINT": 5.7, "EP_AFAM": 0.3, "MP_AFAM": 0.6, "EP_HISP": 39.0, "MP_HISP": 9.3, "EP_ASIAN": 0.3, "MP_ASIAN": 0.5, "EP_AIAN": 14.3, "MP_AIAN": 8.8, "EP_NHPI": 0.0, "MP_NHPI": 1.5, "EP_TWOMORE": 6.8, "MP_TWOMORE": 4.5, "EP_OTHERRACE": 0.0, "MP_OTHERRACE": 1.5, "Shape_Length": 0.037010945377516105, "Shape_Area": 7.9985645999655842e-05 }, "geometry": { "type": "MultiPolygon", "coordinates": [ [ [ [ -106.624077, 35.075035 ], [ -106.624031, 35.077998 ], [ -106.624006, 35.081092 ], [ -106.613867, 35.081042 ], [ -106.613301, 35.08099 ], [ -106.613303, 35.077291 ], [ -106.61329, 35.073671 ], [ -106.61834, 35.073681 ], [ -106.622162, 35.073684 ], [ -106.624129, 35.073048 ], [ -106.624077, 35.075035 ] ] ] ] } },
{ "type": "Feature", "properties": { "OBJECTID": 64, "ST": "35", "STATE": "New Mexico", "ST_ABBR": "NM", "STCNTY": "35001", "COUNTY": "Bernalillo County", "FIPS": "35001001800", "LOCATION": "Census Tract 18; Bernalillo County; New Mexico", "AREA_SQMI": 0.77422833278600001, "E_TOTPOP": 2197, "M_TOTPOP": 149, "E_HU": 529, "M_HU": 149, "E_HH": 439, "M_HH": 134, "E_POV150": 268, "M_POV150": 122, "E_UNEMP": 107, "M_UNEMP": 60, "E_HBURD": 283, "M_HBURD": 136, "E_NOHSDP": 91, "M_NOHSDP": 93, "E_UNINSUR": 159, "M_UNINSUR": 96, "E_AGE65": 152, "M_AGE65": 67, "E_AGE17": 30, "M_AGE17": 14, "E_DISABL": 383, "M_DISABL": 139, "E_SNGPNT": 0, "M_SNGPNT": 18, "E_LIMENG": 9, "M_LIMENG": 52, "E_MINRTY": 1333, "M_MINRTY": 244, "E_MUNIT": 413, "M_MUNIT": 134, "E_MOBILE": 0, "M_MOBILE": 13, "E_CROWD": 10, "M_CROWD": 19, "E_NOVEH": 155, "M_NOVEH": 85, "E_GROUPQ": 1642, "M_GROUPQ": 46, "EP_POV150": 40.1, "MP_POV150": 16.3, "EP_UNEMP": 8.5, "MP_UNEMP": 5.3, "EP_HBURD": 64.5, "MP_HBURD": 23.9, "EP_NOHSDP": 14.8, "MP_NOHSDP": 14.3, "EP_UNINSUR": 7.3, "MP_UNINSUR": 4.2, "EP_AGE65": 6.9, "MP_AGE65": 3.0, "EP_AGE17": 1.4, "MP_AGE17": 0.6, "EP_DISABL": 17.7, "MP_DISABL": 6.1, "EP_SNGPNT": 0.0, "MP_SNGPNT": 4.1, "EP_LIMENG": 0.4, "MP_LIMENG": 2.4, "EP_MINRTY": 60.7, "MP_MINRTY": 10.3, "EP_MUNIT": 78.1, "MP_MUNIT": 12.6, "EP_MOBILE": 0.0, "MP_MOBILE": 7.3, "EP_CROWD": 2.3, "MP_CROWD": 4.3, "EP_NOVEH": 35.3, "MP_NOVEH": 15.5, "EP_GROUPQ": 74.7, "MP_GROUPQ": 5.5, "EPL_POV150": 0.7317, "EPL_UNEMP": 0.7072, "EPL_HBURD": 0.9983, "EPL_NOHSDP": 0.6219, "EPL_UNINSUR": 0.445, "SPL_THEME1": 3.5041, "RPL_THEME1": 0.8267, "EPL_AGE65": 0.058, "EPL_AGE17": 0.01, "EPL_DISABL": 0.5933, "EPL_SNGPNT": 0.0, "EPL_LIMENG": 0.2123, "SPL_THEME2": 0.8736, "RPL_THEME2": 0.0017, "EPL_MINRTY": 0.4444, "SPL_THEME3": 0.4444, "RPL_THEME3": 0.4444, "EPL_MUNIT": 0.9967, "EPL_MOBILE": 0.0, "EPL_CROWD": 0.5017, "EPL_NOVEH": 0.9983, "EPL_GROUPQ": 0.9917, "SPL_THEME4": 3.4884, "RPL_THEME4": 0.95, "SPL_THEMES": 8.3105, "RPL_THEMES": 0.59, "F_POV150": 0, "F_UNEMP": 0, "F_HBURD": 1, "F_NOHSDP": 0, "F_UNINSUR": 0, "F_THEME1": 1, "F_AGE65": 0, "F_AGE17": 0, "F_DISABL": 0, "F_SNGPNT": 0, "F_LIMENG": 0, "F_THEME2": 0, "F_MINRTY": 0, "F_THEME3": 0, "F_MUNIT": 1, "F_MOBILE": 0, "F_CROWD": 0, "F_NOVEH": 1, "F_GROUPQ": 1, "F_THEME4": 3, "F_TOTAL": 4, "E_DAYPOP": 29213, "E_NOINT": 146, "M_NOINT": 89, "E_AFAM": 148, "M_AFAM": 100, "E_HISP": 865, "M_HISP": 177, "E_ASIAN": 157, "M_ASIAN": 91, "E_AIAN": 67, "M_AIAN": 53, "E_NHPI": 0, "M_NHPI": 13, "E_TWOMORE": 96, "M_TWOMORE": 58, "E_OTHERRACE": 0, "M_OTHERRACE": 13, "EP_NOINT": 33.3, "MP_NOINT": 15.8, "EP_AFAM": 6.7, "MP_AFAM": 4.4, "EP_HISP": 39.4, "MP_HISP": 8.1, "EP_ASIAN": 7.1, "MP_ASIAN": 4.2, "EP_AIAN": 3.0, "MP_AIAN": 2.4, "EP_NHPI": 0.0, "MP_NHPI": 1.8, "EP_TWOMORE": 4.4, "MP_TWOMORE": 2.7, "EP_OTHERRACE": 0.0, "MP_OTHERRACE": 1.8, "Shape_Length": 0.06764934039697762, "Shape_Area": 0.00020074555249986119 }, "geometry": { "type": "MultiPolygon", "coordinates": [ [ [ [ -106.62737, 35.099001 ], [ -106.624144, 35.101566 ], [ -106.623036, 35.101949 ], [ -106.621889, 35.101987 ], [ -106.62188, 35.098546 ], [ -106.617507, 35.098318 ], [ -106.617552, 35.092858 ], [ -106.617548, 35.092085 ], [ -106.61755, 35.091058 ], [ -106.614219, 35.091079 ], [ -106.614281, 35.087497 ], [ -106.613153, 35.0875 ], [ -106.613301, 35.08099 ], [ -106.613867, 35.081042 ], [ -106.624006, 35.081092 ], [ -106.626824, 35.08141 ], [ -106.626444, 35.08347 ], [ -106.626121, 35.084122 ], [ -106.625539, 35.0869 ], [ -106.625385, 35.087765 ], [ -106.625259, 35.09031 ], [ -106.62737, 35.099001 ] ] ] ] } },
{ "type": "Feature", "properties": { "OBJECTID": 65, "ST": "35", "STATE": "New Mexico", "ST_ABBR": "NM", "STCNTY": "35001", "COUNTY": "Bernalillo County", "FIPS": "35001002000", "LOCATION": "Census Tract 20; Bernalillo County; New Mexico", "AREA_SQMI": 0.73358916677599995, "E_TOTPOP": 2468, "M_TOTPOP": 541, "E_HU": 1310, "M_HU": 118, "E_HH": 1238, "M_HH": 139, "E_POV150": 1231, "M_POV150": 474, "E_UNEMP": 83, "M_UNEMP": 90, "E_HBURD": 487, "M_HBURD": 180, "E_NOHSDP": 271, "M_NOHSDP": 120, "E_UNINSUR": 198, "M_UNINSUR": 111, "E_AGE65": 302, "M_AGE65": 87, "E_AGE17": 585, "M_AGE17": 349, "E_DISABL": 508, "M_DISABL": 170, "E_SNGPNT": 98, "M_SNGPNT": 86, "E_LIMENG": 66, "M_LIMENG": 73, "E_MINRTY": 1970, "M_MINRTY": 564, "E_MUNIT": 388, "M_MUNIT": 125, "E_MOBILE": 23, "M_MOBILE": 37, "E_CROWD": 18, "M_CROWD": 30, "E_NOVEH": 103, "M_NOVEH": 61, "E_GROUPQ": 15, "M_GROUPQ": 4, "EP_POV150": 50.2, "MP_POV150": 15.8, "EP_UNEMP": 6.7, "MP_UNEMP": 7.2, "EP_HBURD": 39.3, "MP_HBURD": 13.9, "EP_NOHSDP": 18.5, "MP_NOHSDP": 7.9, "EP_UNINSUR": 8.2, "MP_UNINSUR": 4.4, "EP_AGE65": 12.2, "MP_AGE65": 4.7, "EP_AGE17": 23.7, "MP_AGE17": 9.8, "EP_DISABL": 21.0, "MP_DISABL": 6.5, "EP_SNGPNT": 7.9, "MP_SNGPNT": 6.9, "EP_LIMENG": 2.8, "MP_LIMENG": 3.0, "EP_MINRTY": 79.8, "MP_MINRTY": 14.7, "EP_MUNIT": 29.6, "MP_MUNIT": 9.2, "EP_MOBILE": 1.8, "MP_MOBILE": 2.8, "EP_CROWD": 1.5, "MP_CROWD": 2.4, "EP_NOVEH": 8.3, "MP_NOVEH": 5.1, "EP_GROUPQ": 0.6, "MP_GROUPQ": 0.1, "EPL_POV150": 0.8883, "EPL_UNEMP": 0.6273, "EPL_HBURD": 0.88, "EPL_NOHSDP": 0.7231, "EPL_UNINSUR": 0.5033, "SPL_THEME1": 3.622, "RPL_THEME1": 0.8583, "EPL_AGE65": 0.2106, "EPL_AGE17": 0.6003, "EPL_DISABL": 0.7583, "EPL_SNGPNT": 0.65, "EPL_LIMENG": 0.6219, "SPL_THEME2": 2.8411, "RPL_THEME2": 0.7217, "EPL_MINRTY": 0.7347, "SPL_THEME3": 0.7347, "RPL_THEME3": 0.7347, "EPL_MUNIT": 0.9434, "EPL_MOBILE": 0.3062, "EPL_CROWD": 0.4017, "EPL_NOVEH": 0.745, "EPL_GROUPQ": 0.6219, "SPL_THEME4": 3.0182, "RPL_THEME4": 0.8417, "SPL_THEMES": 10.216, "RPL_THEMES": 0.8783, "F_POV150": 0, "F_UNEMP": 0, "F_HBURD": 0, "F_NOHSDP": 0, "F_UNINSUR": 0, "F_THEME1": 0, "F_AGE65": 0, "F_AGE17": 0, "F_DISABL": 0, "F_SNGPNT": 0, "F_LIMENG": 0, "F_THEME2": 0, "F_MINRTY": 0, "F_THEME3": 0, "F_MUNIT": 1, "F_MOBILE": 0, "F_CROWD": 0, "F_NOVEH": 0, "F_GROUPQ": 0, "F_THEME4": 1, "F_TOTAL": 1, "E_DAYPOP": 6280, "E_NOINT": 210, "M_NOINT": 81, "E_AFAM": 56, "M_AFAM": 51, "E_HISP": 1533, "M_HISP": 562, "E_ASIAN": 106, "M_ASIAN": 122, "E_AIAN": 114, "M_AIAN": 138, "E_NHPI": 0, "M_NHPI": 13, "E_TWOMORE": 161, "M_TWOMORE": 119, "E_OTHERRACE": 0, "M_OTHERRACE": 13, "EP_NOINT": 17.0, "MP_NOINT": 6.5, "EP_AFAM": 2.3, "MP_AFAM": 2.1, "EP_HISP": 62.1, "MP_HISP": 13.0, "EP_ASIAN": 4.3, "MP_ASIAN": 5.2, "EP_AIAN": 4.6, "MP_AIAN": 5.5, "EP_NHPI": 0.0, "MP_NHPI": 1.6, "EP_TWOMORE": 6.5, "MP_TWOMORE": 4.9, "EP_OTHERRACE": 0.0, "MP_OTHERRACE": 1.6, "Shape_Length": 0.060311568134304515, "Shape_Area": 0.00018790034750002394 }, "geometry": { "type": "MultiPolygon", "coordinates": [ [ [ [ -106.643335, 35.090299 ], [ -106.642587, 35.094346 ], [ -106.640549, 35.105383 ], [ -106.637076, 35.105194 ], [ -106.632296, 35.105242 ], [ -106.629435, 35.105519 ], [ -106.629239, 35.105546 ], [ -106.634312, 35.091391 ], [ -106.634993, 35.089561 ], [ -106.636058, 35.085205 ], [ -106.640529, 35.085597 ], [ -106.644085, 35.086317 ], [ -106.643335, 35.090299 ] ] ] ] } },
{ "type": "Feature", "properties": { "OBJECTID": 66, "ST": "35", "STATE": "New Mexico", "ST_ABBR": "NM", "STCNTY": "35001", "COUNTY": "Bernalillo County", "FIPS": "35001002100", "LOCATION": "Census Tract 21; Bernalillo County; New Mexico", "AREA_SQMI": 0.49274105578799998, "E_TOTPOP": 1735, "M_TOTPOP": 276, "E_HU": 1486, "M_HU": 243, "E_HH": 1266, "M_HH": 260, "E_POV150": 923, "M_POV150": 250, "E_UNEMP": 90, "M_UNEMP": 64, "E_HBURD": 747, "M_HBURD": 232, "E_NOHSDP": 91, "M_NOHSDP": 85, "E_UNINSUR": 100, "M_UNINSUR": 72, "E_AGE65": 147, "M_AGE65": 69, "E_AGE17": 98, "M_AGE17": 98, "E_DISABL": 420, "M_DISABL": 140, "E_SNGPNT": 64, "M_SNGPNT": 57, "E_LIMENG": 0, "M_LIMENG": 52, "E_MINRTY": 1141, "M_MINRTY": 313, "E_MUNIT": 1246, "M_MUNIT": 247, "E_MOBILE": 9, "M_MOBILE": 14, "E_CROWD": 9, "M_CROWD": 11, "E_NOVEH": 469, "M_NOVEH": 214, "E_GROUPQ": 198, "M_GROUPQ": 12, "EP_POV150": 56.6, "MP_POV150": 11.9, "EP_UNEMP": 8.2, "MP_UNEMP": 5.9, "EP_HBURD": 59.0, "MP_HBURD": 13.7, "EP_NOHSDP": 7.0, "MP_NOHSDP": 6.3, "EP_UNINSUR": 5.8, "MP_UNINSUR": 4.1, "EP_AGE65": 8.5, "MP_AGE65": 4.3, "EP_AGE17": 5.6, "MP_AGE17": 5.5, "EP_DISABL": 24.3, "MP_DISABL": 7.4, "EP_SNGPNT": 5.1, "MP_SNGPNT": 4.4, "EP_LIMENG": 0.0, "MP_LIMENG": 3.0, "EP_MINRTY": 65.8, "MP_MINRTY": 14.7, "EP_MUNIT": 83.9, "MP_MUNIT": 9.4, "EP_MOBILE": 0.6, "MP_MOBILE": 0.9, "EP_CROWD": 0.7, "MP_CROWD": 0.9, "EP_NOVEH": 37.0, "MP_NOVEH": 12.4, "EP_GROUPQ": 11.4, "MP_GROUPQ": 1.9, "EPL_POV150": 0.94, "EPL_UNEMP": 0.6922, "EPL_HBURD": 0.995, "EPL_NOHSDP": 0.325, "EPL_UNINSUR": 0.32, "SPL_THEME1": 3.2722, "RPL_THEME1": 0.75, "EPL_AGE65": 0.1028, "EPL_AGE17": 0.0348, "EPL_DISABL": 0.8733, "EPL_SNGPNT": 0.41, "EPL_LIMENG": 0.0, "SPL_THEME2": 1.4209, "RPL_THEME2": 0.0417, "EPL_MINRTY": 0.5522, "SPL_THEME3": 0.5522, "RPL_THEME3": 0.5522, "EPL_MUNIT": 0.9983, "EPL_MOBILE": 0.2346, "EPL_CROWD": 0.2917, "EPL_NOVEH": 1.0, "EPL_GROUPQ": 0.9536, "SPL_THEME4": 3.4782, "RPL_THEME4": 0.9483, "SPL_THEMES": 8.7235, "RPL_THEMES": 0.6583, "F_POV150": 1, "F_UNEMP": 0, "F_HBURD": 1, "F_NOHSDP": 0, "F_UNINSUR": 0, "F_THEME1": 2, "F_AGE65": 0, "F_AGE17": 0, "F_DISABL": 0, "F_SNGPNT": 0, "F_LIMENG": 0, "F_THEME2": 0, "F_MINRTY": 0, "F_THEME3": 0, "F_MUNIT": 1, "F_MOBILE": 0, "F_CROWD": 0, "F_NOVEH": 1, "F_GROUPQ": 1, "F_THEME4": 3, "F_TOTAL": 5, "E_DAYPOP": 19208, "E_NOINT": 376, "M_NOINT": 240, "E_AFAM": 27, "M_AFAM": 35, "E_HISP": 919, "M_HISP": 272, "E_ASIAN": 0, "M_ASIAN": 13, "E_AIAN": 107, "M_AIAN": 72, "E_NHPI": 0, "M_NHPI": 13, "E_TWOMORE": 66, "M_TWOMORE": 53, "E_OTHERRACE": 22, "M_OTHERRACE": 24, "EP_NOINT": 29.7, "MP_NOINT": 14.4, "EP_AFAM": 1.6, "MP_AFAM": 2.0, "EP_HISP": 53.0, "MP_HISP": 9.9, "EP_ASIAN": 0.0, "MP_ASIAN": 2.3, "EP_AIAN": 6.2, "MP_AIAN": 4.2, "EP_NHPI": 0.0, "MP_NHPI": 2.3, "EP_TWOMORE": 3.8, "MP_TWOMORE": 3.1, "EP_OTHERRACE": 1.3, "MP_OTHERRACE": 1.4, "Shape_Length": 0.045088844235008425, "Shape_Area": 0.00012615312650013759 }, "geometry": { "type": "MultiPolygon", "coordinates": [ [ [ [ -106.656422, 35.084595 ], [ -106.656531, 35.085243 ], [ -106.655895, 35.087524 ], [ -106.655232, 35.091591 ], [ -106.643335, 35.090299 ], [ -106.644085, 35.086317 ], [ -106.645415, 35.079744 ], [ -106.647691, 35.080027 ], [ -106.657103, 35.081227 ], [ -106.656422, 35.084595 ] ] ] ] } },
{ "type": "Feature", "properties": { "OBJECTID": 67, "ST": "35", "STATE": "New Mexico", "ST_ABBR": "NM", "STCNTY": "35001", "COUNTY": "Bernalillo County", "FIPS": "35001002200", "LOCATION": "Census Tract 22; Bernalillo County; New Mexico", "AREA_SQMI": 1.0191193178160001, "E_TOTPOP": 3106, "M_TOTPOP": 454, "E_HU": 2295, "M_HU": 225, "E_HH": 1938, "M_HH": 251, "E_POV150": 1221, "M_POV150": 313, "E_UNEMP": 58, "M_UNEMP": 52, "E_HBURD": 875, "M_HBURD": 210, "E_NOHSDP": 215, "M_NOHSDP": 130, "E_UNINSUR": 260, "M_UNINSUR": 137, "E_AGE65": 694, "M_AGE65": 123, "E_AGE17": 369, "M_AGE17": 118, "E_DISABL": 551, "M_DISABL": 159, "E_SNGPNT": 100, "M_SNGPNT": 78, "E_LIMENG": 89, "M_LIMENG": 81, "E_MINRTY": 1736, "M_MINRTY": 519, "E_MUNIT": 709, "M_MUNIT": 145, "E_MOBILE": 18, "M_MOBILE": 21, "E_CROWD": 20, "M_CROWD": 24, "E_NOVEH": 366, "M_NOVEH": 172, "E_GROUPQ": 0, "M_GROUPQ": 13, "EP_POV150": 39.3, "MP_POV150": 8.3, "EP_UNEMP": 3.5, "MP_UNEMP": 3.0, "EP_HBURD": 45.1, "MP_HBURD": 9.1, "EP_NOHSDP": 9.0, "MP_NOHSDP": 5.3, "EP_UNINSUR": 8.4, "MP_UNINSUR": 4.2, "EP_AGE65": 22.3, "MP_AGE65": 4.9, "EP_AGE17": 11.9, "MP_AGE17": 3.3, "EP_DISABL": 17.9, "MP_DISABL": 5.6, "EP_SNGPNT": 5.1, "MP_SNGPNT": 4.0, "EP_LIMENG": 2.9, "MP_LIMENG": 2.6, "EP_MINRTY": 55.9, "MP_MINRTY": 14.6, "EP_MUNIT": 30.9, "MP_MUNIT": 5.5, "EP_MOBILE": 0.8, "MP_MOBILE": 0.9, "EP_CROWD": 1.0, "MP_CROWD": 1.2, "EP_NOVEH": 18.9, "MP_NOVEH": 8.7, "EP_GROUPQ": 0.0, "MP_GROUPQ": 0.4, "EPL_POV150": 0.7167, "EPL_UNEMP": 0.3128, "EPL_HBURD": 0.95, "EPL_NOHSDP": 0.4013, "EPL_UNINSUR": 0.52, "SPL_THEME1": 2.9008, "RPL_THEME1": 0.6417, "EPL_AGE65": 0.7131, "EPL_AGE17": 0.1061, "EPL_DISABL": 0.6167, "EPL_SNGPNT": 0.41, "EPL_LIMENG": 0.6335, "SPL_THEME2": 2.4794, "RPL_THEME2": 0.4667, "EPL_MINRTY": 0.3483, "SPL_THEME3": 0.3483, "RPL_THEME3": 0.3483, "EPL_MUNIT": 0.9468, "EPL_MOBILE": 0.2579, "EPL_CROWD": 0.34, "EPL_NOVEH": 0.9567, "EPL_GROUPQ": 0.0, "SPL_THEME4": 2.5014, "RPL_THEME4": 0.5983, "SPL_THEMES": 8.2299, "RPL_THEMES": 0.5783, "F_POV150": 0, "F_UNEMP": 0, "F_HBURD": 1, "F_NOHSDP": 0, "F_UNINSUR": 0, "F_THEME1": 1, "F_AGE65": 0, "F_AGE17": 0, "F_DISABL": 0, "F_SNGPNT": 0, "F_LIMENG": 0, "F_THEME2": 0, "F_MINRTY": 0, "F_THEME3": 0, "F_MUNIT": 1, "F_MOBILE": 0, "F_CROWD": 0, "F_NOVEH": 1, "F_GROUPQ": 0, "F_THEME4": 2, "F_TOTAL": 3, "E_DAYPOP": 3412, "E_NOINT": 386, "M_NOINT": 165, "E_AFAM": 33, "M_AFAM": 31, "E_HISP": 1402, "M_HISP": 420, "E_ASIAN": 36, "M_ASIAN": 41, "E_AIAN": 19, "M_AIAN": 29, "E_NHPI": 0, "M_NHPI": 13, "E_TWOMORE": 182, "M_TWOMORE": 118, "E_OTHERRACE": 64, "M_OTHERRACE": 63, "EP_NOINT": 19.9, "MP_NOINT": 7.6, "EP_AFAM": 1.1, "MP_AFAM": 1.0, "EP_HISP": 45.1, "MP_HISP": 9.6, "EP_ASIAN": 1.2, "MP_ASIAN": 1.3, "EP_AIAN": 0.6, "MP_AIAN": 0.9, "EP_NHPI": 0.0, "MP_NHPI": 1.3, "EP_TWOMORE": 5.9, "MP_TWOMORE": 3.6, "EP_OTHERRACE": 2.1, "MP_OTHERRACE": 2.1, "Shape_Length": 0.070660704609685099, "Shape_Area": 0.00030283432249967273 }, "geometry": { "type": "MultiPolygon", "coordinates": [ [ [ [ -106.678846, 35.091675 ], [ -106.677497, 35.094469 ], [ -106.676187, 35.095279 ], [ -106.675319, 35.095447 ], [ -106.671275, 35.095191 ], [ -106.664978, 35.090228 ], [ -106.663861, 35.08926 ], [ -106.662831, 35.088651 ], [ -106.661885, 35.088122 ], [ -106.65965, 35.087158 ], [ -106.656531, 35.085243 ], [ -106.656422, 35.084595 ], [ -106.657103, 35.081227 ], [ -106.657504, 35.079505 ], [ -106.657414, 35.07733 ], [ -106.659767, 35.077281 ], [ -106.659718, 35.075628 ], [ -106.662142, 35.075587 ], [ -106.662845, 35.075601 ], [ -106.667366, 35.074992 ], [ -106.671556, 35.077854 ], [ -106.675673, 35.08205 ], [ -106.675973, 35.083239 ], [ -106.681167, 35.089069 ], [ -106.678846, 35.091675 ] ] ] ] } },
{ "type": "Feature", "properties": { "OBJECTID": 68, "ST": "35", "STATE": "New Mexico", "ST_ABBR": "NM", "STCNTY": "35001", "COUNTY": "Bernalillo County", "FIPS": "35001002301", "LOCATION": "Census Tract 23.01; Bernalillo County; New Mexico", "AREA_SQMI": 0.34849180417999998, "E_TOTPOP": 2133, "M_TOTPOP": 499, "E_HU": 702, "M_HU": 128, "E_HH": 669, "M_HH": 134, "E_POV150": 506, "M_POV150": 290, "E_UNEMP": 46, "M_UNEMP": 55, "E_HBURD": 185, "M_HBURD": 139, "E_NOHSDP": 462, "M_NOHSDP": 253, "E_UNINSUR": 495, "M_UNINSUR": 353, "E_AGE65": 258, "M_AGE65": 221, "E_AGE17": 492, "M_AGE17": 116, "E_DISABL": 340, "M_DISABL": 127, "E_SNGPNT": 82, "M_SNGPNT": 89, "E_LIMENG": 295, "M_LIMENG": 229, "E_MINRTY": 2125, "M_MINRTY": 499, "E_MUNIT": 0, "M_MUNIT": 18, "E_MOBILE": 52, "M_MOBILE": 71, "E_CROWD": 33, "M_CROWD": 35, "E_NOVEH": 91, "M_NOVEH": 86, "E_GROUPQ": 0, "M_GROUPQ": 13, "EP_POV150": 23.7, "MP_POV150": 12.4, "EP_UNEMP": 5.6, "MP_UNEMP": 6.1, "EP_HBURD": 27.7, "MP_HBURD": 20.0, "EP_NOHSDP": 36.7, "MP_NOHSDP": 20.0, "EP_UNINSUR": 23.2, "MP_UNINSUR": 13.5, "EP_AGE65": 12.1, "MP_AGE65": 9.7, "EP_AGE17": 23.1, "MP_AGE17": 4.9, "EP_DISABL": 15.9, "MP_DISABL": 6.9, "EP_SNGPNT": 12.3, "MP_SNGPNT": 13.1, "EP_LIMENG": 14.6, "MP_LIMENG": 10.8, "EP_MINRTY": 99.6, "MP_MINRTY": 2.1, "EP_MUNIT": 0.0, "MP_MUNIT": 2.6, "EP_MOBILE": 7.4, "MP_MOBILE": 9.5, "EP_CROWD": 4.9, "MP_CROWD": 5.1, "EP_NOVEH": 13.6, "MP_NOVEH": 12.8, "EP_GROUPQ": 0.0, "MP_GROUPQ": 0.6, "EPL_POV150": 0.3683, "EPL_UNEMP": 0.5141, "EPL_HBURD": 0.615, "EPL_NOHSDP": 0.9635, "EPL_UNINSUR": 0.9467, "SPL_THEME1": 3.4076, "RPL_THEME1": 0.7917, "EPL_AGE65": 0.204, "EPL_AGE17": 0.5605, "EPL_DISABL": 0.495, "EPL_SNGPNT": 0.8633, "EPL_LIMENG": 0.9502, "SPL_THEME2": 3.073, "RPL_THEME2": 0.8467, "EPL_MINRTY": 0.9818, "SPL_THEME3": 0.9818, "RPL_THEME3": 0.9818, "EPL_MUNIT": 0.0, "EPL_MOBILE": 0.4476, "EPL_CROWD": 0.7367, "EPL_NOVEH": 0.89, "EPL_GROUPQ": 0.0, "SPL_THEME4": 2.0743, "RPL_THEME4": 0.3983, "SPL_THEMES": 9.5367, "RPL_THEMES": 0.7683, "F_POV150": 0, "F_UNEMP": 0, "F_HBURD": 0, "F_NOHSDP": 1, "F_UNINSUR": 1, "F_THEME1": 2, "F_AGE65": 0, "F_AGE17": 0, "F_DISABL": 0, "F_SNGPNT": 0, "F_LIMENG": 1, "F_THEME2": 1, "F_MINRTY": 1, "F_THEME3": 1, "F_MUNIT": 0, "F_MOBILE": 0, "F_CROWD": 0, "F_NOVEH": 0, "F_GROUPQ": 0, "F_THEME4": 0, "F_TOTAL": 4, "E_DAYPOP": 736, "E_NOINT": 177, "M_NOINT": 82, "E_AFAM": 0, "M_AFAM": 13, "E_HISP": 2125, "M_HISP": 498, "E_ASIAN": 0, "M_ASIAN": 13, "E_AIAN": 0, "M_AIAN": 13, "E_NHPI": 0, "M_NHPI": 13, "E_TWOMORE": 0, "M_TWOMORE": 13, "E_OTHERRACE": 0, "M_OTHERRACE": 13, "EP_NOINT": 26.5, "MP_NOINT": 12.8, "EP_AFAM": 0.0, "MP_AFAM": 1.9, "EP_HISP": 99.6, "MP_HISP": 0.6, "EP_ASIAN": 0.0, "MP_ASIAN": 1.9, "EP_AIAN": 0.0, "MP_AIAN": 1.9, "EP_NHPI": 0.0, "MP_NHPI": 1.9, "EP_TWOMORE": 0.0, "MP_TWOMORE": 1.9, "EP_OTHERRACE": 0.0, "MP_OTHERRACE": 1.9, "Shape_Length": 0.044055005875200198, "Shape_Area": 8.8303477500116444e-05 }, "geometry": { "type": "MultiPolygon", "coordinates": [ [ [ [ -106.700953, 35.067925 ], [ -106.698693, 35.074055 ], [ -106.697675, 35.076486 ], [ -106.696885, 35.078697 ], [ -106.696941, 35.079783 ], [ -106.697966, 35.082788 ], [ -106.694318, 35.083618 ], [ -106.693755, 35.083182 ], [ -106.690197, 35.080098 ], [ -106.690328, 35.079123 ], [ -106.690793, 35.078757 ], [ -106.691, 35.07854 ], [ -106.691296, 35.078127 ], [ -106.691398, 35.077909 ], [ -106.691555, 35.077438 ], [ -106.691097, 35.075266 ], [ -106.691426, 35.074568 ], [ -106.694747, 35.070939 ], [ -106.697439, 35.068367 ], [ -106.69772, 35.067332 ], [ -106.69937, 35.06763 ], [ -106.700884, 35.067912 ], [ -106.700953, 35.067925 ] ] ] ] } },
{ "type": "Feature", "properties": { "OBJECTID": 69, "ST": "35", "STATE": "New Mexico", "ST_ABBR": "NM", "STCNTY": "35001", "COUNTY": "Bernalillo County", "FIPS": "35001002302", "LOCATION": "Census Tract 23.02; Bernalillo County; New Mexico", "AREA_SQMI": 0.88767050581399998, "E_TOTPOP": 3044, "M_TOTPOP": 545, "E_HU": 1324, "M_HU": 155, "E_HH": 1088, "M_HH": 138, "E_POV150": 1368, "M_POV150": 527, "E_UNEMP": 30, "M_UNEMP": 37, "E_HBURD": 313, "M_HBURD": 148, "E_NOHSDP": 708, "M_NOHSDP": 453, "E_UNINSUR": 397, "M_UNINSUR": 377, "E_AGE65": 1131, "M_AGE65": 476, "E_AGE17": 508, "M_AGE17": 263, "E_DISABL": 601, "M_DISABL": 349, "E_SNGPNT": 0, "M_SNGPNT": 18, "E_LIMENG": 396, "M_LIMENG": 380, "E_MINRTY": 2890, "M_MINRTY": 551, "E_MUNIT": 13, "M_MUNIT": 24, "E_MOBILE": 130, "M_MOBILE": 117, "E_CROWD": 28, "M_CROWD": 31, "E_NOVEH": 70, "M_NOVEH": 66, "E_GROUPQ": 18, "M_GROUPQ": 5, "EP_POV150": 44.9, "MP_POV150": 15.3, "EP_UNEMP": 2.8, "MP_UNEMP": 3.2, "EP_HBURD": 28.8, "MP_HBURD": 13.1, "EP_NOHSDP": 29.1, "MP_NOHSDP": 15.6, "EP_UNINSUR": 13.0, "MP_UNINSUR": 12.4, "EP_AGE65": 37.2, "MP_AGE65": 14.6, "EP_AGE17": 16.7, "MP_AGE17": 7.9, "EP_DISABL": 19.7, "MP_DISABL": 10.7, "EP_SNGPNT": 0.0, "MP_SNGPNT": 1.7, "EP_LIMENG": 13.3, "MP_LIMENG": 12.5, "EP_MINRTY": 94.9, "MP_MINRTY": 6.2, "EP_MUNIT": 1.0, "MP_MUNIT": 1.8, "EP_MOBILE": 9.8, "MP_MOBILE": 8.8, "EP_CROWD": 2.6, "MP_CROWD": 2.8, "EP_NOVEH": 6.4, "MP_NOVEH": 6.0, "EP_GROUPQ": 0.6, "MP_GROUPQ": 0.1, "EPL_POV150": 0.8083, "EPL_UNEMP": 0.2413, "EPL_HBURD": 0.645, "EPL_NOHSDP": 0.9038, "EPL_UNINSUR": 0.7433, "SPL_THEME1": 3.3417, "RPL_THEME1": 0.775, "EPL_AGE65": 0.942, "EPL_AGE17": 0.2405, "EPL_DISABL": 0.705, "EPL_SNGPNT": 0.0, "EPL_LIMENG": 0.9403, "SPL_THEME2": 2.8278, "RPL_THEME2": 0.7167, "EPL_MINRTY": 0.9187, "SPL_THEME3": 0.9187, "RPL_THEME3": 0.9187, "EPL_MUNIT": 0.5175, "EPL_MOBILE": 0.4775, "EPL_CROWD": 0.5317, "EPL_NOVEH": 0.6517, "EPL_GROUPQ": 0.6219, "SPL_THEME4": 2.8003, "RPL_THEME4": 0.7417, "SPL_THEMES": 9.8885, "RPL_THEMES": 0.825, "F_POV150": 0, "F_UNEMP": 0, "F_HBURD": 0, "F_NOHSDP": 1, "F_UNINSUR": 0, "F_THEME1": 1, "F_AGE65": 1, "F_AGE17": 0, "F_DISABL": 0, "F_SNGPNT": 0, "F_LIMENG": 1, "F_THEME2": 2, "F_MINRTY": 1, "F_THEME3": 1, "F_MUNIT": 0, "F_MOBILE": 0, "F_CROWD": 0, "F_NOVEH": 0, "F_GROUPQ": 0, "F_THEME4": 0, "F_TOTAL": 4, "E_DAYPOP": 1919, "E_NOINT": 314, "M_NOINT": 155, "E_AFAM": 56, "M_AFAM": 69, "E_HISP": 2728, "M_HISP": 555, "E_ASIAN": 0, "M_ASIAN": 13, "E_AIAN": 0, "M_AIAN": 13, "E_NHPI": 0, "M_NHPI": 13, "E_TWOMORE": 106, "M_TWOMORE": 82, "E_OTHERRACE": 0, "M_OTHERRACE": 13, "EP_NOINT": 28.9, "MP_NOINT": 13.6, "EP_AFAM": 1.8, "MP_AFAM": 2.2, "EP_HISP": 89.6, "MP_HISP": 5.3, "EP_ASIAN": 0.0, "MP_ASIAN": 1.3, "EP_AIAN": 0.0, "MP_AIAN": 1.3, "EP_NHPI": 0.0, "MP_NHPI": 1.3, "EP_TWOMORE": 3.5, "MP_TWOMORE": 2.7, "EP_OTHERRACE": 0.0, "MP_OTHERRACE": 1.3, "Shape_Length": 0.075655376793682561, "Shape_Area": 0.00024547106199979769 }, "geometry": { "type": "MultiPolygon", "coordinates": [ [ [ [ -106.694318, 35.083618 ], [ -106.690525, 35.084436 ], [ -106.684712, 35.085836 ], [ -106.683855, 35.086267 ], [ -106.681167, 35.089069 ], [ -106.675973, 35.083239 ], [ -106.675673, 35.08205 ], [ -106.671556, 35.077854 ], [ -106.667366, 35.074992 ], [ -106.666065, 35.07383 ], [ -106.668817, 35.07274 ], [ -106.669328, 35.072269 ], [ -106.685446, 35.073222 ], [ -106.686212, 35.073799 ], [ -106.687278, 35.073731 ], [ -106.689907, 35.073732 ], [ -106.688933, 35.075293 ], [ -106.691097, 35.075266 ], [ -106.691555, 35.077438 ], [ -106.691398, 35.077909 ], [ -106.691296, 35.078127 ], [ -106.691, 35.07854 ], [ -106.690793, 35.078757 ], [ -106.690328, 35.079123 ], [ -106.690197, 35.080098 ], [ -106.693755, 35.083182 ], [ -106.694318, 35.083618 ] ] ] ] } },
{ "type": "Feature", "properties": { "OBJECTID": 70, "ST": "35", "STATE": "New Mexico", "ST_ABBR": "NM", "STCNTY": "35001", "COUNTY": "Bernalillo County", "FIPS": "35001002303", "LOCATION": "Census Tract 23.03; Bernalillo County; New Mexico", "AREA_SQMI": 0.81027018228199998, "E_TOTPOP": 2667, "M_TOTPOP": 532, "E_HU": 1051, "M_HU": 160, "E_HH": 984, "M_HH": 169, "E_POV150": 893, "M_POV150": 411, "E_UNEMP": 51, "M_UNEMP": 65, "E_HBURD": 195, "M_HBURD": 117, "E_NOHSDP": 298, "M_NOHSDP": 186, "E_UNINSUR": 255, "M_UNINSUR": 182, "E_AGE65": 445, "M_AGE65": 112, "E_AGE17": 653, "M_AGE17": 327, "E_DISABL": 505, "M_DISABL": 196, "E_SNGPNT": 71, "M_SNGPNT": 70, "E_LIMENG": 105, "M_LIMENG": 109, "E_MINRTY": 2403, "M_MINRTY": 562, "E_MUNIT": 0, "M_MUNIT": 18, "E_MOBILE": 149, "M_MOBILE": 134, "E_CROWD": 28, "M_CROWD": 43, "E_NOVEH": 21, "M_NOVEH": 45, "E_GROUPQ": 12, "M_GROUPQ": 4, "EP_POV150": 33.5, "MP_POV150": 13.9, "EP_UNEMP": 4.0, "MP_UNEMP": 4.8, "EP_HBURD": 19.8, "MP_HBURD": 11.4, "EP_NOHSDP": 15.9, "MP_NOHSDP": 10.1, "EP_UNINSUR": 9.6, "MP_UNINSUR": 6.0, "EP_AGE65": 16.7, "MP_AGE65": 5.0, "EP_AGE17": 24.5, "MP_AGE17": 8.7, "EP_DISABL": 18.9, "MP_DISABL": 6.8, "EP_SNGPNT": 7.2, "MP_SNGPNT": 7.0, "EP_LIMENG": 4.1, "MP_LIMENG": 4.2, "EP_MINRTY": 90.1, "MP_MINRTY": 11.0, "EP_MUNIT": 0.0, "MP_MUNIT": 1.7, "EP_MOBILE": 14.2, "MP_MOBILE": 12.5, "EP_CROWD": 2.8, "MP_CROWD": 4.3, "EP_NOVEH": 2.1, "MP_NOVEH": 4.5, "EP_GROUPQ": 0.4, "MP_GROUPQ": 0.1, "EPL_POV150": 0.59, "EPL_UNEMP": 0.3511, "EPL_HBURD": 0.3667, "EPL_NOHSDP": 0.6551, "EPL_UNINSUR": 0.5833, "SPL_THEME1": 2.5462, "RPL_THEME1": 0.5233, "EPL_AGE65": 0.4428, "EPL_AGE17": 0.6352, "EPL_DISABL": 0.6733, "EPL_SNGPNT": 0.5983, "EPL_LIMENG": 0.7231, "SPL_THEME2": 3.0727, "RPL_THEME2": 0.845, "EPL_MINRTY": 0.8557, "SPL_THEME3": 0.8557, "RPL_THEME3": 0.8557, "EPL_MUNIT": 0.0, "EPL_MOBILE": 0.5191, "EPL_CROWD": 0.5617, "EPL_NOVEH": 0.3133, "EPL_GROUPQ": 0.5755, "SPL_THEME4": 1.9696, "RPL_THEME4": 0.3583, "SPL_THEMES": 8.4442, "RPL_THEMES": 0.6133, "F_POV150": 0, "F_UNEMP": 0, "F_HBURD": 0, "F_NOHSDP": 0, "F_UNINSUR": 0, "F_THEME1": 0, "F_AGE65": 0, "F_AGE17": 0, "F_DISABL": 0, "F_SNGPNT": 0, "F_LIMENG": 0, "F_THEME2": 0, "F_MINRTY": 0, "F_THEME3": 0, "F_MUNIT": 0, "F_MOBILE": 0, "F_CROWD": 0, "F_NOVEH": 0, "F_GROUPQ": 0, "F_THEME4": 0, "F_TOTAL": 0, "E_DAYPOP": 1259, "E_NOINT": 329, "M_NOINT": 154, "E_AFAM": 0, "M_AFAM": 13, "E_HISP": 2376, "M_HISP": 518, "E_ASIAN": 0, "M_ASIAN": 13, "E_AIAN": 0, "M_AIAN": 13, "E_NHPI": 0, "M_NHPI": 13, "E_TWOMORE": 27, "M_TWOMORE": 43, "E_OTHERRACE": 0, "M_OTHERRACE": 13, "EP_NOINT": 33.4, "MP_NOINT": 13.7, "EP_AFAM": 0.0, "MP_AFAM": 1.5, "EP_HISP": 89.1, "MP_HISP": 6.9, "EP_ASIAN": 0.0, "MP_ASIAN": 1.5, "EP_AIAN": 0.0, "MP_AIAN": 1.5, "EP_NHPI": 0.0, "MP_NHPI": 1.5, "EP_TWOMORE": 1.0, "MP_TWOMORE": 1.7, "EP_OTHERRACE": 0.0, "MP_OTHERRACE": 1.5, "Shape_Length": 0.083012774496255631, "Shape_Area": 0.00021807525550044155 }, "geometry": { "type": "MultiPolygon", "coordinates": [ [ [ [ -106.697439, 35.068367 ], [ -106.694747, 35.070939 ], [ -106.691426, 35.074568 ], [ -106.691097, 35.075266 ], [ -106.688933, 35.075293 ], [ -106.689907, 35.073732 ], [ -106.687278, 35.073731 ], [ -106.686212, 35.073799 ], [ -106.685446, 35.073222 ], [ -106.669328, 35.072269 ], [ -106.668817, 35.07274 ], [ -106.666065, 35.07383 ], [ -106.662508, 35.07165 ], [ -106.66104, 35.06967 ], [ -106.663195, 35.069485 ], [ -106.666209, 35.068536 ], [ -106.667975, 35.068027 ], [ -106.668484, 35.067906 ], [ -106.674535, 35.066492 ], [ -106.681426, 35.065031 ], [ -106.681586, 35.065012 ], [ -106.686467, 35.065296 ], [ -106.689095, 35.065776 ], [ -106.69772, 35.067332 ], [ -106.697439, 35.068367 ] ] ] ] } },
{ "type": "Feature", "properties": { "OBJECTID": 71, "ST": "35", "STATE": "New Mexico", "ST_ABBR": "NM", "STCNTY": "35001", "COUNTY": "Bernalillo County", "FIPS": "35001002401", "LOCATION": "Census Tract 24.01; Bernalillo County; New Mexico", "AREA_SQMI": 1.2457835857320001, "E_TOTPOP": 5298, "M_TOTPOP": 1062, "E_HU": 2032, "M_HU": 295, "E_HH": 1898, "M_HH": 306, "E_POV150": 2315, "M_POV150": 1167, "E_UNEMP": 163, "M_UNEMP": 127, "E_HBURD": 463, "M_HBURD": 143, "E_NOHSDP": 878, "M_NOHSDP": 327, "E_UNINSUR": 738, "M_UNINSUR": 290, "E_AGE65": 945, "M_AGE65": 204, "E_AGE17": 1083, "M_AGE17": 615, "E_DISABL": 888, "M_DISABL": 168, "E_SNGPNT": 113, "M_SNGPNT": 75, "E_LIMENG": 404, "M_LIMENG": 383, "E_MINRTY": 4710, "M_MINRTY": 1078, "E_MUNIT": 0, "M_MUNIT": 26, "E_MOBILE": 11, "M_MOBILE": 17, "E_CROWD": 9, "M_CROWD": 24, "E_NOVEH": 86, "M_NOVEH": 60, "E_GROUPQ": 8, "M_GROUPQ": 2, "EP_POV150": 43.7, "MP_POV150": 20.2, "EP_UNEMP": 6.2, "MP_UNEMP": 3.8, "EP_HBURD": 24.4, "MP_HBURD": 6.4, "EP_NOHSDP": 24.2, "MP_NOHSDP": 7.7, "EP_UNINSUR": 13.9, "MP_UNINSUR": 5.1, "EP_AGE65": 17.8, "MP_AGE65": 4.7, "EP_AGE17": 20.4, "MP_AGE17": 9.1, "EP_DISABL": 16.8, "MP_DISABL": 4.4, "EP_SNGPNT": 5.9, "MP_SNGPNT": 3.8, "EP_LIMENG": 8.1, "MP_LIMENG": 7.6, "EP_MINRTY": 88.9, "MP_MINRTY": 9.8, "EP_MUNIT": 0.0, "MP_MUNIT": 1.3, "EP_MOBILE": 0.5, "MP_MOBILE": 0.8, "EP_CROWD": 0.5, "MP_CROWD": 1.3, "EP_NOVEH": 4.5, "MP_NOVEH": 3.1, "EP_GROUPQ": 0.2, "MP_GROUPQ": 0.1, "EPL_POV150": 0.79, "EPL_UNEMP": 0.5707, "EPL_HBURD": 0.5183, "EPL_NOHSDP": 0.8425, "EPL_UNINSUR": 0.77, "SPL_THEME1": 3.4915, "RPL_THEME1": 0.8183, "EPL_AGE65": 0.5141, "EPL_AGE17": 0.4196, "EPL_DISABL": 0.5483, "EPL_SNGPNT": 0.4933, "EPL_LIMENG": 0.869, "SPL_THEME2": 2.8443, "RPL_THEME2": 0.7283, "EPL_MINRTY": 0.8391, "SPL_THEME3": 0.8391, "RPL_THEME3": 0.8391, "EPL_MUNIT": 0.0, "EPL_MOBILE": 0.2263, "EPL_CROWD": 0.2583, "EPL_NOVEH": 0.54, "EPL_GROUPQ": 0.5008, "SPL_THEME4": 1.5254, "RPL_THEME4": 0.195, "SPL_THEMES": 8.7003, "RPL_THEMES": 0.6533, "F_POV150": 0, "F_UNEMP": 0, "F_HBURD": 0, "F_NOHSDP": 0, "F_UNINSUR": 0, "F_THEME1": 0, "F_AGE65": 0, "F_AGE17": 0, "F_DISABL": 0, "F_SNGPNT": 0, "F_LIMENG": 0, "F_THEME2": 0, "F_MINRTY": 0, "F_THEME3": 0, "F_MUNIT": 0, "F_MOBILE": 0, "F_CROWD": 0, "F_NOVEH": 0, "F_GROUPQ": 0, "F_THEME4": 0, "F_TOTAL": 0, "E_DAYPOP": 3273, "E_NOINT": 351, "M_NOINT": 116, "E_AFAM": 30, "M_AFAM": 36, "E_HISP": 4590, "M_HISP": 1056, "E_ASIAN": 0, "M_ASIAN": 19, "E_AIAN": 44, "M_AIAN": 63, "E_NHPI": 0, "M_NHPI": 19, "E_TWOMORE": 46, "M_TWOMORE": 60, "E_OTHERRACE": 0, "M_OTHERRACE": 19, "EP_NOINT": 18.5, "MP_NOINT": 6.2, "EP_AFAM": 0.6, "MP_AFAM": 0.7, "EP_HISP": 86.6, "MP_HISP": 4.3, "EP_ASIAN": 0.0, "MP_ASIAN": 0.8, "EP_AIAN": 0.8, "MP_AIAN": 1.2, "EP_NHPI": 0.0, "MP_NHPI": 0.8, "EP_TWOMORE": 0.9, "MP_TWOMORE": 1.1, "EP_OTHERRACE": 0.0, "MP_OTHERRACE": 0.8, "Shape_Length": 0.089249311882620946, "Shape_Area": 0.0003565444050002422 }, "geometry": { "type": "MultiPolygon", "coordinates": [ [ [ [ -106.707122, 35.100397 ], [ -106.704594, 35.106585 ], [ -106.704393, 35.106636 ], [ -106.701334, 35.107107 ], [ -106.694467, 35.106685 ], [ -106.692339, 35.106509 ], [ -106.69181, 35.100429 ], [ -106.688631, 35.095331 ], [ -106.68814, 35.092685 ], [ -106.684855, 35.090628 ], [ -106.681167, 35.089069 ], [ -106.683855, 35.086267 ], [ -106.684712, 35.085836 ], [ -106.690525, 35.084436 ], [ -106.694318, 35.083618 ], [ -106.697966, 35.082788 ], [ -106.69863, 35.082646 ], [ -106.699646, 35.085586 ], [ -106.700523, 35.088501 ], [ -106.700727, 35.091564 ], [ -106.699872, 35.093746 ], [ -106.699846, 35.094324 ], [ -106.709613, 35.094361 ], [ -106.707122, 35.100397 ] ] ] ] } },
{ "type": "Feature", "properties": { "OBJECTID": 72, "ST": "35", "STATE": "New Mexico", "ST_ABBR": "NM", "STCNTY": "35001", "COUNTY": "Bernalillo County", "FIPS": "35001002403", "LOCATION": "Census Tract 24.03; Bernalillo County; New Mexico", "AREA_SQMI": 0.54725865818800001, "E_TOTPOP": 4341, "M_TOTPOP": 1169, "E_HU": 1594, "M_HU": 168, "E_HH": 1477, "M_HH": 187, "E_POV150": 2417, "M_POV150": 1241, "E_UNEMP": 182, "M_UNEMP": 124, "E_HBURD": 661, "M_HBURD": 253, "E_NOHSDP": 372, "M_NOHSDP": 195, "E_UNINSUR": 424, "M_UNINSUR": 195, "E_AGE65": 506, "M_AGE65": 118, "E_AGE17": 1171, "M_AGE17": 831, "E_DISABL": 694, "M_DISABL": 149, "E_SNGPNT": 186, "M_SNGPNT": 120, "E_LIMENG": 76, "M_LIMENG": 91, "E_MINRTY": 3221, "M_MINRTY": 1264, "E_MUNIT": 23, "M_MUNIT": 29, "E_MOBILE": 55, "M_MOBILE": 53, "E_CROWD": 0, "M_CROWD": 18, "E_NOVEH": 137, "M_NOVEH": 103, "E_GROUPQ": 7, "M_GROUPQ": 3, "EP_POV150": 57.3, "MP_POV150": 25.1, "EP_UNEMP": 11.0, "MP_UNEMP": 6.6, "EP_HBURD": 44.8, "MP_HBURD": 16.2, "EP_NOHSDP": 15.1, "MP_NOHSDP": 7.5, "EP_UNINSUR": 10.0, "MP_UNINSUR": 5.6, "EP_AGE65": 11.7, "MP_AGE65": 3.7, "EP_AGE17": 27.0, "MP_AGE17": 12.9, "EP_DISABL": 16.4, "MP_DISABL": 5.1, "EP_SNGPNT": 12.6, "MP_SNGPNT": 8.0, "EP_LIMENG": 2.1, "MP_LIMENG": 2.4, "EP_MINRTY": 74.2, "MP_MINRTY": 21.2, "EP_MUNIT": 1.4, "MP_MUNIT": 1.8, "EP_MOBILE": 3.5, "MP_MOBILE": 3.4, "EP_CROWD": 0.0, "MP_CROWD": 1.2, "EP_NOVEH": 9.3, "MP_NOVEH": 7.1, "EP_GROUPQ": 0.2, "MP_GROUPQ": 0.0, "EPL_POV150": 0.9467, "EPL_UNEMP": 0.8153, "EPL_HBURD": 0.9417, "EPL_NOHSDP": 0.6302, "EPL_UNINSUR": 0.605, "SPL_THEME1": 3.9389, "RPL_THEME1": 0.9467, "EPL_AGE65": 0.1907, "EPL_AGE17": 0.7629, "EPL_DISABL": 0.5233, "EPL_SNGPNT": 0.8733, "EPL_LIMENG": 0.5373, "SPL_THEME2": 2.8875, "RPL_THEME2": 0.7617, "EPL_MINRTY": 0.6567, "SPL_THEME3": 0.6567, "RPL_THEME3": 0.6567, "EPL_MUNIT": 0.5391, "EPL_MOBILE": 0.3611, "EPL_CROWD": 0.0, "EPL_NOVEH": 0.78, "EPL_GROUPQ": 0.5008, "SPL_THEME4": 2.181, "RPL_THEME4": 0.45, "SPL_THEMES": 9.6641, "RPL_THEMES": 0.785, "F_POV150": 1, "F_UNEMP": 0, "F_HBURD": 1, "F_NOHSDP": 0, "F_UNINSUR": 0, "F_THEME1": 2, "F_AGE65": 0, "F_AGE17": 0, "F_DISABL": 0, "F_SNGPNT": 0, "F_LIMENG": 0, "F_THEME2": 0, "F_MINRTY": 0, "F_THEME3": 0, "F_MUNIT": 0, "F_MOBILE": 0, "F_CROWD": 0, "F_NOVEH": 0, "F_GROUPQ": 0, "F_THEME4": 0, "F_TOTAL": 2, "E_DAYPOP": 2288, "E_NOINT": 283, "M_NOINT": 191, "E_AFAM": 9, "M_AFAM": 18, "E_HISP": 3100, "M_HISP": 1135, "E_ASIAN": 23, "M_ASIAN": 40, "E_AIAN": 0, "M_AIAN": 13, "E_NHPI": 0, "M_NHPI": 13, "E_TWOMORE": 89, "M_TWOMORE": 74, "E_OTHERRACE": 0, "M_OTHERRACE": 13, "EP_NOINT": 19.2, "MP_NOINT": 11.7, "EP_AFAM": 0.2, "MP_AFAM": 0.4, "EP_HISP": 71.4, "MP_HISP": 11.8, "EP_ASIAN": 0.5, "MP_ASIAN": 0.9, "EP_AIAN": 0.0, "MP_AIAN": 0.9, "EP_NHPI": 0.0, "MP_NHPI": 0.9, "EP_TWOMORE": 2.1, "MP_TWOMORE": 1.7, "EP_OTHERRACE": 0.0, "MP_OTHERRACE": 0.9, "Shape_Length": 0.048715737640927084, "Shape_Area": 0.00014005132699967943 }, "geometry": { "type": "MultiPolygon", "coordinates": [ [ [ [ -106.710818, 35.083123 ], [ -106.710753, 35.089323 ], [ -106.710592, 35.091078 ], [ -106.710237, 35.09259 ], [ -106.709613, 35.094361 ], [ -106.699846, 35.094324 ], [ -106.699872, 35.093746 ], [ -106.700727, 35.091564 ], [ -106.700523, 35.088501 ], [ -106.699646, 35.085586 ], [ -106.69863, 35.082646 ], [ -106.710591, 35.079984 ], [ -106.710827, 35.08173 ], [ -106.710818, 35.083123 ] ] ] ] } },
{ "type": "Feature", "properties": { "OBJECTID": 73, "ST": "35", "STATE": "New Mexico", "ST_ABBR": "NM", "STCNTY": "35001", "COUNTY": "Bernalillo County", "FIPS": "35001002404", "LOCATION": "Census Tract 24.04; Bernalillo County; New Mexico", "AREA_SQMI": 0.54618568072999996, "E_TOTPOP": 3518, "M_TOTPOP": 851, "E_HU": 1209, "M_HU": 168, "E_HH": 1132, "M_HH": 180, "E_POV150": 1330, "M_POV150": 779, "E_UNEMP": 41, "M_UNEMP": 50, "E_HBURD": 415, "M_HBURD": 191, "E_NOHSDP": 494, "M_NOHSDP": 166, "E_UNINSUR": 450, "M_UNINSUR": 248, "E_AGE65": 346, "M_AGE65": 136, "E_AGE17": 979, "M_AGE17": 333, "E_DISABL": 536, "M_DISABL": 183, "E_SNGPNT": 131, "M_SNGPNT": 87, "E_LIMENG": 339, "M_LIMENG": 180, "E_MINRTY": 3351, "M_MINRTY": 855, "E_MUNIT": 107, "M_MUNIT": 117, "E_MOBILE": 0, "M_MOBILE": 13, "E_CROWD": 63, "M_CROWD": 60, "E_NOVEH": 102, "M_NOVEH": 88, "E_GROUPQ": 6, "M_GROUPQ": 3, "EP_POV150": 38.4, "MP_POV150": 20.4, "EP_UNEMP": 3.3, "MP_UNEMP": 4.1, "EP_HBURD": 36.7, "MP_HBURD": 15.8, "EP_NOHSDP": 25.6, "MP_NOHSDP": 7.9, "EP_UNINSUR": 12.8, "MP_UNINSUR": 4.9, "EP_AGE65": 9.8, "MP_AGE65": 4.6, "EP_AGE17": 27.8, "MP_AGE17": 5.1, "EP_DISABL": 15.2, "MP_DISABL": 6.1, "EP_SNGPNT": 11.6, "MP_SNGPNT": 7.5, "EP_LIMENG": 10.0, "MP_LIMENG": 4.7, "EP_MINRTY": 95.3, "MP_MINRTY": 7.7, "EP_MUNIT": 8.9, "MP_MUNIT": 9.6, "EP_MOBILE": 0.0, "MP_MOBILE": 3.3, "EP_CROWD": 5.6, "MP_CROWD": 5.2, "EP_NOVEH": 9.0, "MP_NOVEH": 7.9, "EP_GROUPQ": 0.2, "MP_GROUPQ": 0.1, "EPL_POV150": 0.7, "EPL_UNEMP": 0.2978, "EPL_HBURD": 0.8317, "EPL_NOHSDP": 0.8607, "EPL_UNINSUR": 0.7317, "SPL_THEME1": 3.4219, "RPL_THEME1": 0.795, "EPL_AGE65": 0.1327, "EPL_AGE17": 0.8176, "EPL_DISABL": 0.4533, "EPL_SNGPNT": 0.8383, "EPL_LIMENG": 0.9088, "SPL_THEME2": 3.1507, "RPL_THEME2": 0.88, "EPL_MINRTY": 0.927, "SPL_THEME3": 0.927, "RPL_THEME3": 0.927, "EPL_MUNIT": 0.8003, "EPL_MOBILE": 0.0, "EPL_CROWD": 0.775, "EPL_NOVEH": 0.77, "EPL_GROUPQ": 0.5008, "SPL_THEME4": 2.8461, "RPL_THEME4": 0.7617, "SPL_THEMES": 10.3457, "RPL_THEMES": 0.9017, "F_POV150": 0, "F_UNEMP": 0, "F_HBURD": 0, "F_NOHSDP": 0, "F_UNINSUR": 0, "F_THEME1": 0, "F_AGE65": 0, "F_AGE17": 0, "F_DISABL": 0, "F_SNGPNT": 0, "F_LIMENG": 1, "F_THEME2": 1, "F_MINRTY": 1, "F_THEME3": 1, "F_MUNIT": 0, "F_MOBILE": 0, "F_CROWD": 0, "F_NOVEH": 0, "F_GROUPQ": 0, "F_THEME4": 0, "F_TOTAL": 2, "E_DAYPOP": 1962, "E_NOINT": 225, "M_NOINT": 102, "E_AFAM": 41, "M_AFAM": 51, "E_HISP": 2965, "M_HISP": 855, "E_ASIAN": 0, "M_ASIAN": 13, "E_AIAN": 61, "M_AIAN": 99, "E_NHPI": 0, "M_NHPI": 13, "E_TWOMORE": 259, "M_TWOMORE": 252, "E_OTHERRACE": 25, "M_OTHERRACE": 41, "EP_NOINT": 19.9, "MP_NOINT": 8.6, "EP_AFAM": 1.2, "MP_AFAM": 1.5, "EP_HISP": 84.3, "MP_HISP": 8.5, "EP_ASIAN": 0.0, "MP_ASIAN": 1.1, "EP_AIAN": 1.7, "MP_AIAN": 2.8, "EP_NHPI": 0.0, "MP_NHPI": 1.1, "EP_TWOMORE": 7.4, "MP_TWOMORE": 7.1, "EP_OTHERRACE": 0.7, "MP_OTHERRACE": 1.2, "Shape_Length": 0.049052650763443138, "Shape_Area": 0.00013974972299970117 }, "geometry": { "type": "MultiPolygon", "coordinates": [ [ [ [ -106.710591, 35.079984 ], [ -106.69863, 35.082646 ], [ -106.697966, 35.082788 ], [ -106.696941, 35.079783 ], [ -106.696885, 35.078697 ], [ -106.697675, 35.076486 ], [ -106.698693, 35.074055 ], [ -106.700953, 35.067925 ], [ -106.708958, 35.069341 ], [ -106.707595, 35.069867 ], [ -106.708936, 35.073999 ], [ -106.709847, 35.076878 ], [ -106.710787, 35.078388 ], [ -106.710591, 35.079984 ] ] ] ] } },
{ "type": "Feature", "properties": { "OBJECTID": 74, "ST": "35", "STATE": "New Mexico", "ST_ABBR": "NM", "STCNTY": "35001", "COUNTY": "Bernalillo County", "FIPS": "35001002700", "LOCATION": "Census Tract 27; Bernalillo County; New Mexico", "AREA_SQMI": 1.151977402118, "E_TOTPOP": 3716, "M_TOTPOP": 773, "E_HU": 2426, "M_HU": 330, "E_HH": 2110, "M_HH": 358, "E_POV150": 1056, "M_POV150": 319, "E_UNEMP": 78, "M_UNEMP": 84, "E_HBURD": 850, "M_HBURD": 239, "E_NOHSDP": 385, "M_NOHSDP": 207, "E_UNINSUR": 65, "M_UNINSUR": 66, "E_AGE65": 674, "M_AGE65": 225, "E_AGE17": 501, "M_AGE17": 265, "E_DISABL": 710, "M_DISABL": 222, "E_SNGPNT": 163, "M_SNGPNT": 125, "E_LIMENG": 0, "M_LIMENG": 52, "E_MINRTY": 2288, "M_MINRTY": 889, "E_MUNIT": 470, "M_MUNIT": 180, "E_MOBILE": 38, "M_MOBILE": 62, "E_CROWD": 31, "M_CROWD": 48, "E_NOVEH": 264, "M_NOVEH": 124, "E_GROUPQ": 30, "M_GROUPQ": 7, "EP_POV150": 28.4, "MP_POV150": 6.2, "EP_UNEMP": 4.2, "MP_UNEMP": 4.6, "EP_HBURD": 40.3, "MP_HBURD": 9.0, "EP_NOHSDP": 13.1, "MP_NOHSDP": 7.2, "EP_UNINSUR": 1.7, "MP_UNINSUR": 1.8, "EP_AGE65": 18.1, "MP_AGE65": 6.3, "EP_AGE17": 13.5, "MP_AGE17": 5.8, "EP_DISABL": 19.1, "MP_DISABL": 5.2, "EP_SNGPNT": 7.8, "MP_SNGPNT": 5.8, "EP_LIMENG": 0.0, "MP_LIMENG": 1.4, "EP_MINRTY": 61.6, "MP_MINRTY": 20.2, "EP_MUNIT": 19.4, "MP_MUNIT": 6.9, "EP_MOBILE": 1.6, "MP_MOBILE": 2.6, "EP_CROWD": 1.5, "MP_CROWD": 2.3, "EP_NOVEH": 12.5, "MP_NOVEH": 6.1, "EP_GROUPQ": 0.8, "MP_GROUPQ": 0.1, "EPL_POV150": 0.4883, "EPL_UNEMP": 0.376, "EPL_HBURD": 0.8933, "EPL_NOHSDP": 0.5622, "EPL_UNINSUR": 0.0433, "SPL_THEME1": 2.3631, "RPL_THEME1": 0.4533, "EPL_AGE65": 0.5357, "EPL_AGE17": 0.1476, "EPL_DISABL": 0.6817, "EPL_SNGPNT": 0.6417, "EPL_LIMENG": 0.0, "SPL_THEME2": 2.0067, "RPL_THEME2": 0.2283, "EPL_MINRTY": 0.461, "SPL_THEME3": 0.461, "RPL_THEME3": 0.461, "EPL_MUNIT": 0.9052, "EPL_MOBILE": 0.2912, "EPL_CROWD": 0.4017, "EPL_NOVEH": 0.8683, "EPL_GROUPQ": 0.6633, "SPL_THEME4": 3.1297, "RPL_THEME4": 0.8767, "SPL_THEMES": 7.9605, "RPL_THEMES": 0.5167, "F_POV150": 0, "F_UNEMP": 0, "F_HBURD": 0, "F_NOHSDP": 0, "F_UNINSUR": 0, "F_THEME1": 0, "F_AGE65": 0, "F_AGE17": 0, "F_DISABL": 0, "F_SNGPNT": 0, "F_LIMENG": 0, "F_THEME2": 0, "F_MINRTY": 0, "F_THEME3": 0, "F_MUNIT": 1, "F_MOBILE": 0, "F_CROWD": 0, "F_NOVEH": 0, "F_GROUPQ": 0, "F_THEME4": 1, "F_TOTAL": 1, "E_DAYPOP": 6642, "E_NOINT": 434, "M_NOINT": 180, "E_AFAM": 180, "M_AFAM": 147, "E_HISP": 1753, "M_HISP": 557, "E_ASIAN": 16, "M_ASIAN": 26, "E_AIAN": 148, "M_AIAN": 110, "E_NHPI": 17, "M_NHPI": 23, "E_TWOMORE": 174, "M_TWOMORE": 149, "E_OTHERRACE": 0, "M_OTHERRACE": 13, "EP_NOINT": 20.6, "MP_NOINT": 8.8, "EP_AFAM": 4.8, "MP_AFAM": 3.7, "EP_HISP": 47.2, "MP_HISP": 9.6, "EP_ASIAN": 0.4, "MP_ASIAN": 0.7, "EP_AIAN": 4.0, "MP_AIAN": 3.0, "EP_NHPI": 0.5, "MP_NHPI": 0.6, "EP_TWOMORE": 4.7, "MP_TWOMORE": 4.1, "EP_OTHERRACE": 0.0, "MP_OTHERRACE": 1.1, "Shape_Length": 0.080177668718275003, "Shape_Area": 0.00029490557599967811 }, "geometry": { "type": "MultiPolygon", "coordinates": [ [ [ [ -106.664978, 35.090228 ], [ -106.663566, 35.090696 ], [ -106.662266, 35.096599 ], [ -106.661741, 35.09838 ], [ -106.661527, 35.098392 ], [ -106.660084, 35.099365 ], [ -106.656114, 35.100489 ], [ -106.655135, 35.100304 ], [ -106.653188, 35.10661 ], [ -106.653355, 35.107102 ], [ -106.651896, 35.107122 ], [ -106.642937, 35.105589 ], [ -106.640549, 35.105383 ], [ -106.642587, 35.094346 ], [ -106.643335, 35.090299 ], [ -106.655232, 35.091591 ], [ -106.655895, 35.087524 ], [ -106.656531, 35.085243 ], [ -106.65965, 35.087158 ], [ -106.661885, 35.088122 ], [ -106.662831, 35.088651 ], [ -106.663861, 35.08926 ], [ -106.664978, 35.090228 ] ] ] ] } },
{ "type": "Feature", "properties": { "OBJECTID": 75, "ST": "35", "STATE": "New Mexico", "ST_ABBR": "NM", "STCNTY": "35001", "COUNTY": "Bernalillo County", "FIPS": "35001002900", "LOCATION": "Census Tract 29; Bernalillo County; New Mexico", "AREA_SQMI": 1.5366431026780001, "E_TOTPOP": 3753, "M_TOTPOP": 773, "E_HU": 1781, "M_HU": 254, "E_HH": 1509, "M_HH": 256, "E_POV150": 1370, "M_POV150": 711, "E_UNEMP": 121, "M_UNEMP": 84, "E_HBURD": 611, "M_HBURD": 265, "E_NOHSDP": 477, "M_NOHSDP": 218, "E_UNINSUR": 317, "M_UNINSUR": 191, "E_AGE65": 731, "M_AGE65": 193, "E_AGE17": 669, "M_AGE17": 195, "E_DISABL": 536, "M_DISABL": 214, "E_SNGPNT": 91, "M_SNGPNT": 67, "E_LIMENG": 135, "M_LIMENG": 90, "E_MINRTY": 2893, "M_MINRTY": 789, "E_MUNIT": 12, "M_MUNIT": 22, "E_MOBILE": 11, "M_MOBILE": 18, "E_CROWD": 45, "M_CROWD": 43, "E_NOVEH": 80, "M_NOVEH": 62, "E_GROUPQ": 136, "M_GROUPQ": 21, "EP_POV150": 36.9, "MP_POV150": 17.5, "EP_UNEMP": 6.9, "MP_UNEMP": 4.8, "EP_HBURD": 40.5, "MP_HBURD": 16.2, "EP_NOHSDP": 18.5, "MP_NOHSDP": 6.8, "EP_UNINSUR": 8.5, "MP_UNINSUR": 3.9, "EP_AGE65": 19.5, "MP_AGE65": 6.0, "EP_AGE17": 17.8, "MP_AGE17": 2.9, "EP_DISABL": 14.4, "MP_DISABL": 6.5, "EP_SNGPNT": 6.0, "MP_SNGPNT": 4.3, "EP_LIMENG": 3.7, "MP_LIMENG": 2.4, "EP_MINRTY": 77.1, "MP_MINRTY": 13.8, "EP_MUNIT": 0.7, "MP_MUNIT": 1.2, "EP_MOBILE": 0.6, "MP_MOBILE": 1.0, "EP_CROWD": 3.0, "MP_CROWD": 2.8, "EP_NOVEH": 5.3, "MP_NOVEH": 4.3, "EP_GROUPQ": 3.6, "MP_GROUPQ": 0.9, "EPL_POV150": 0.665, "EPL_UNEMP": 0.6389, "EPL_HBURD": 0.8983, "EPL_NOHSDP": 0.7231, "EPL_UNINSUR": 0.5367, "SPL_THEME1": 3.462, "RPL_THEME1": 0.8067, "EPL_AGE65": 0.6036, "EPL_AGE17": 0.3101, "EPL_DISABL": 0.4133, "EPL_SNGPNT": 0.4967, "EPL_LIMENG": 0.6899, "SPL_THEME2": 2.5136, "RPL_THEME2": 0.495, "EPL_MINRTY": 0.6998, "SPL_THEME3": 0.6998, "RPL_THEME3": 0.6998, "EPL_MUNIT": 0.4958, "EPL_MOBILE": 0.2346, "EPL_CROWD": 0.59, "EPL_NOVEH": 0.5917, "EPL_GROUPQ": 0.8673, "SPL_THEME4": 2.7794, "RPL_THEME4": 0.73, "SPL_THEMES": 9.4548, "RPL_THEMES": 0.7617, "F_POV150": 0, "F_UNEMP": 0, "F_HBURD": 0, "F_NOHSDP": 0, "F_UNINSUR": 0, "F_THEME1": 0, "F_AGE65": 0, "F_AGE17": 0, "F_DISABL": 0, "F_SNGPNT": 0, "F_LIMENG": 0, "F_THEME2": 0, "F_MINRTY": 0, "F_THEME3": 0, "F_MUNIT": 0, "F_MOBILE": 0, "F_CROWD": 0, "F_NOVEH": 0, "F_GROUPQ": 0, "F_THEME4": 0, "F_TOTAL": 0, "E_DAYPOP": 6974, "E_NOINT": 308, "M_NOINT": 176, "E_AFAM": 40, "M_AFAM": 40, "E_HISP": 2652, "M_HISP": 759, "E_ASIAN": 23, "M_ASIAN": 20, "E_AIAN": 94, "M_AIAN": 83, "E_NHPI": 0, "M_NHPI": 13, "E_TWOMORE": 54, "M_TWOMORE": 43, "E_OTHERRACE": 30, "M_OTHERRACE": 50, "EP_NOINT": 20.4, "MP_NOINT": 10.4, "EP_AFAM": 1.1, "MP_AFAM": 1.1, "EP_HISP": 70.7, "MP_HISP": 6.8, "EP_ASIAN": 0.6, "MP_ASIAN": 0.5, "EP_AIAN": 2.5, "MP_AIAN": 2.2, "EP_NHPI": 0.0, "MP_NHPI": 1.1, "EP_TWOMORE": 1.4, "MP_TWOMORE": 1.2, "EP_OTHERRACE": 0.8, "MP_OTHERRACE": 1.3, "Shape_Length": 0.086061963802107663, "Shape_Area": 0.00039191941199950505 }, "geometry": { "type": "MultiPolygon", "coordinates": [ [ [ [ -106.65867, 35.107736 ], [ -106.657956, 35.112254 ], [ -106.657164, 35.115987 ], [ -106.656409, 35.118211 ], [ -106.655006, 35.122708 ], [ -106.644818, 35.119939 ], [ -106.639379, 35.118419 ], [ -106.639235, 35.118376 ], [ -106.634561, 35.116634 ], [ -106.626038, 35.114483 ], [ -106.625732, 35.11441 ], [ -106.629239, 35.105546 ], [ -106.629435, 35.105519 ], [ -106.632296, 35.105242 ], [ -106.637076, 35.105194 ], [ -106.640549, 35.105383 ], [ -106.642937, 35.105589 ], [ -106.651896, 35.107122 ], [ -106.653355, 35.107102 ], [ -106.657277, 35.106485 ], [ -106.658281, 35.106413 ], [ -106.65867, 35.107736 ] ] ] ] } },
{ "type": "Feature", "properties": { "OBJECTID": 76, "ST": "35", "STATE": "New Mexico", "ST_ABBR": "NM", "STCNTY": "35001", "COUNTY": "Bernalillo County", "FIPS": "35001003001", "LOCATION": "Census Tract 30.01; Bernalillo County; New Mexico", "AREA_SQMI": 1.152657713842, "E_TOTPOP": 4744, "M_TOTPOP": 730, "E_HU": 2050, "M_HU": 216, "E_HH": 1971, "M_HH": 224, "E_POV150": 1109, "M_POV150": 435, "E_UNEMP": 121, "M_UNEMP": 143, "E_HBURD": 644, "M_HBURD": 253, "E_NOHSDP": 323, "M_NOHSDP": 198, "E_UNINSUR": 289, "M_UNINSUR": 209, "E_AGE65": 1075, "M_AGE65": 243, "E_AGE17": 1217, "M_AGE17": 454, "E_DISABL": 503, "M_DISABL": 156, "E_SNGPNT": 106, "M_SNGPNT": 74, "E_LIMENG": 160, "M_LIMENG": 133, "E_MINRTY": 3090, "M_MINRTY": 801, "E_MUNIT": 236, "M_MUNIT": 143, "E_MOBILE": 0, "M_MOBILE": 13, "E_CROWD": 47, "M_CROWD": 46, "E_NOVEH": 419, "M_NOVEH": 216, "E_GROUPQ": 72, "M_GROUPQ": 11, "EP_POV150": 23.4, "MP_POV150": 8.4, "EP_UNEMP": 5.5, "MP_UNEMP": 6.4, "EP_HBURD": 32.7, "MP_HBURD": 12.3, "EP_NOHSDP": 10.1, "MP_NOHSDP": 5.9, "EP_UNINSUR": 6.1, "MP_UNINSUR": 4.5, "EP_AGE65": 22.7, "MP_AGE65": 5.2, "EP_AGE17": 25.7, "MP_AGE17": 6.6, "EP_DISABL": 10.6, "MP_DISABL": 3.6, "EP_SNGPNT": 5.4, "MP_SNGPNT": 3.7, "EP_LIMENG": 3.5, "MP_LIMENG": 2.9, "EP_MINRTY": 65.1, "MP_MINRTY": 13.6, "EP_MUNIT": 11.5, "MP_MUNIT": 6.9, "EP_MOBILE": 0.0, "MP_MOBILE": 1.9, "EP_CROWD": 2.4, "MP_CROWD": 2.3, "EP_NOVEH": 21.3, "MP_NOVEH": 9.5, "EP_GROUPQ": 1.5, "MP_GROUPQ": 0.0, "EPL_POV150": 0.3583, "EPL_UNEMP": 0.4992, "EPL_HBURD": 0.7533, "EPL_NOHSDP": 0.4478, "EPL_UNINSUR": 0.3583, "SPL_THEME1": 2.4169, "RPL_THEME1": 0.4733, "EPL_AGE65": 0.728, "EPL_AGE17": 0.7081, "EPL_DISABL": 0.15, "EPL_SNGPNT": 0.4417, "EPL_LIMENG": 0.6799, "SPL_THEME2": 2.7077, "RPL_THEME2": 0.6367, "EPL_MINRTY": 0.5373, "SPL_THEME3": 0.5373, "RPL_THEME3": 0.5373, "EPL_MUNIT": 0.8336, "EPL_MOBILE": 0.0, "EPL_CROWD": 0.5083, "EPL_NOVEH": 0.9733, "EPL_GROUPQ": 0.7363, "SPL_THEME4": 3.0515, "RPL_THEME4": 0.8467, "SPL_THEMES": 8.7134, "RPL_THEMES": 0.6567, "F_POV150": 0, "F_UNEMP": 0, "F_HBURD": 0, "F_NOHSDP": 0, "F_UNINSUR": 0, "F_THEME1": 0, "F_AGE65": 0, "F_AGE17": 0, "F_DISABL": 0, "F_SNGPNT": 0, "F_LIMENG": 0, "F_THEME2": 0, "F_MINRTY": 0, "F_THEME3": 0, "F_MUNIT": 0, "F_MOBILE": 0, "F_CROWD": 0, "F_NOVEH": 1, "F_GROUPQ": 0, "F_THEME4": 1, "F_TOTAL": 1, "E_DAYPOP": 2843, "E_NOINT": 408, "M_NOINT": 234, "E_AFAM": 53, "M_AFAM": 58, "E_HISP": 2760, "M_HISP": 667, "E_ASIAN": 0, "M_ASIAN": 13, "E_AIAN": 141, "M_AIAN": 78, "E_NHPI": 0, "M_NHPI": 13, "E_TWOMORE": 136, "M_TWOMORE": 104, "E_OTHERRACE": 0, "M_OTHERRACE": 13, "EP_NOINT": 20.7, "MP_NOINT": 10.5, "EP_AFAM": 1.1, "MP_AFAM": 1.3, "EP_HISP": 58.2, "MP_HISP": 7.2, "EP_ASIAN": 0.0, "MP_ASIAN": 0.8, "EP_AIAN": 3.0, "MP_AIAN": 1.8, "EP_NHPI": 0.0, "MP_NHPI": 0.8, "EP_TWOMORE": 2.9, "MP_TWOMORE": 2.3, "EP_OTHERRACE": 0.0, "MP_OTHERRACE": 0.8, "Shape_Length": 0.069583019931813345, "Shape_Area": 0.00029543007700029905 }, "geometry": { "type": "MultiPolygon", "coordinates": [ [ [ [ -106.675538, 35.118436 ], [ -106.67545, 35.119816 ], [ -106.673839, 35.1251 ], [ -106.671436, 35.12437 ], [ -106.669854, 35.124089 ], [ -106.665938, 35.123854 ], [ -106.664007, 35.123419 ], [ -106.660564, 35.123532 ], [ -106.655006, 35.122708 ], [ -106.656409, 35.118211 ], [ -106.657164, 35.115987 ], [ -106.657956, 35.112254 ], [ -106.65867, 35.107736 ], [ -106.658281, 35.106413 ], [ -106.66388, 35.106485 ], [ -106.664772, 35.106406 ], [ -106.670766, 35.105242 ], [ -106.671127, 35.107332 ], [ -106.672735, 35.110532 ], [ -106.673274, 35.111231 ], [ -106.674654, 35.114923 ], [ -106.675523, 35.117939 ], [ -106.675538, 35.118436 ] ] ] ] } },
{ "type": "Feature", "properties": { "OBJECTID": 77, "ST": "35", "STATE": "New Mexico", "ST_ABBR": "NM", "STCNTY": "35001", "COUNTY": "Bernalillo County", "FIPS": "35001003002", "LOCATION": "Census Tract 30.02; Bernalillo County; New Mexico", "AREA_SQMI": 1.4468346191720001, "E_TOTPOP": 4025, "M_TOTPOP": 632, "E_HU": 1951, "M_HU": 205, "E_HH": 1785, "M_HH": 198, "E_POV150": 700, "M_POV150": 356, "E_UNEMP": 30, "M_UNEMP": 33, "E_HBURD": 411, "M_HBURD": 166, "E_NOHSDP": 136, "M_NOHSDP": 115, "E_UNINSUR": 152, "M_UNINSUR": 99, "E_AGE65": 996, "M_AGE65": 249, "E_AGE17": 907, "M_AGE17": 348, "E_DISABL": 507, "M_DISABL": 152, "E_SNGPNT": 135, "M_SNGPNT": 91, "E_LIMENG": 0, "M_LIMENG": 52, "E_MINRTY": 2279, "M_MINRTY": 780, "E_MUNIT": 47, "M_MUNIT": 52, "E_MOBILE": 41, "M_MOBILE": 43, "E_CROWD": 36, "M_CROWD": 56, "E_NOVEH": 76, "M_NOVEH": 65, "E_GROUPQ": 0, "M_GROUPQ": 13, "EP_POV150": 17.4, "MP_POV150": 8.4, "EP_UNEMP": 1.7, "MP_UNEMP": 1.9, "EP_HBURD": 23.0, "MP_HBURD": 8.9, "EP_NOHSDP": 4.6, "MP_NOHSDP": 3.8, "EP_UNINSUR": 3.8, "MP_UNINSUR": 2.4, "EP_AGE65": 24.7, "MP_AGE65": 6.5, "EP_AGE17": 22.5, "MP_AGE17": 5.9, "EP_DISABL": 12.6, "MP_DISABL": 4.2, "EP_SNGPNT": 7.5, "MP_SNGPNT": 5.0, "EP_LIMENG": 0.0, "MP_LIMENG": 1.3, "EP_MINRTY": 56.6, "MP_MINRTY": 17.2, "EP_MUNIT": 2.4, "MP_MUNIT": 2.7, "EP_MOBILE": 2.1, "MP_MOBILE": 2.3, "EP_CROWD": 2.0, "MP_CROWD": 3.1, "EP_NOVEH": 4.3, "MP_NOVEH": 3.7, "EP_GROUPQ": 0.0, "MP_GROUPQ": 0.3, "EPL_POV150": 0.2483, "EPL_UNEMP": 0.1265, "EPL_HBURD": 0.4733, "EPL_NOHSDP": 0.2189, "EPL_UNINSUR": 0.1833, "SPL_THEME1": 1.2503, "RPL_THEME1": 0.1033, "EPL_AGE65": 0.7778, "EPL_AGE17": 0.529, "EPL_DISABL": 0.2733, "EPL_SNGPNT": 0.6233, "EPL_LIMENG": 0.0, "SPL_THEME2": 2.2034, "RPL_THEME2": 0.3083, "EPL_MINRTY": 0.3615, "SPL_THEME3": 0.3615, "RPL_THEME3": 0.3615, "EPL_MUNIT": 0.6007, "EPL_MOBILE": 0.3211, "EPL_CROWD": 0.4567, "EPL_NOVEH": 0.5317, "EPL_GROUPQ": 0.0, "SPL_THEME4": 1.9102, "RPL_THEME4": 0.3383, "SPL_THEMES": 5.7254, "RPL_THEMES": 0.195, "F_POV150": 0, "F_UNEMP": 0, "F_HBURD": 0, "F_NOHSDP": 0, "F_UNINSUR": 0, "F_THEME1": 0, "F_AGE65": 0, "F_AGE17": 0, "F_DISABL": 0, "F_SNGPNT": 0, "F_LIMENG": 0, "F_THEME2": 0, "F_MINRTY": 0, "F_THEME3": 0, "F_MUNIT": 0, "F_MOBILE": 0, "F_CROWD": 0, "F_NOVEH": 0, "F_GROUPQ": 0, "F_THEME4": 0, "F_TOTAL": 0, "E_DAYPOP": 1936, "E_NOINT": 174, "M_NOINT": 76, "E_AFAM": 27, "M_AFAM": 36, "E_HISP": 1975, "M_HISP": 464, "E_ASIAN": 37, "M_ASIAN": 40, "E_AIAN": 15, "M_AIAN": 16, "E_NHPI": 0, "M_NHPI": 13, "E_TWOMORE": 138, "M_TWOMORE": 108, "E_OTHERRACE": 87, "M_OTHERRACE": 123, "EP_NOINT": 9.7, "MP_NOINT": 4.1, "EP_AFAM": 0.7, "MP_AFAM": 0.9, "EP_HISP": 49.1, "MP_HISP": 9.0, "EP_ASIAN": 0.9, "MP_ASIAN": 1.0, "EP_AIAN": 0.4, "MP_AIAN": 0.4, "EP_NHPI": 0.0, "MP_NHPI": 1.0, "EP_TWOMORE": 3.4, "MP_TWOMORE": 2.7, "EP_OTHERRACE": 2.2, "MP_OTHERRACE": 3.0, "Shape_Length": 0.085570995283226842, "Shape_Area": 0.00039830577049960379 }, "geometry": { "type": "MultiPolygon", "coordinates": [ [ [ [ -106.692345, 35.11821 ], [ -106.692271, 35.118677 ], [ -106.691709, 35.119717 ], [ -106.690925, 35.122119 ], [ -106.691182, 35.125844 ], [ -106.689882, 35.130944 ], [ -106.686041, 35.130267 ], [ -106.685468, 35.129117 ], [ -106.67555, 35.125536 ], [ -106.673839, 35.1251 ], [ -106.67545, 35.119816 ], [ -106.675538, 35.118436 ], [ -106.675523, 35.117939 ], [ -106.674654, 35.114923 ], [ -106.673274, 35.111231 ], [ -106.672735, 35.110532 ], [ -106.671127, 35.107332 ], [ -106.670766, 35.105242 ], [ -106.673028, 35.10498 ], [ -106.684207, 35.105834 ], [ -106.692339, 35.106509 ], [ -106.692242, 35.106708 ], [ -106.691053, 35.109561 ], [ -106.692664, 35.116199 ], [ -106.692345, 35.11821 ] ] ] ] } },
{ "type": "Feature", "properties": { "OBJECTID": 78, "ST": "35", "STATE": "New Mexico", "ST_ABBR": "NM", "STCNTY": "35001", "COUNTY": "Bernalillo County", "FIPS": "35001003100", "LOCATION": "Census Tract 31; Bernalillo County; New Mexico", "AREA_SQMI": 1.6909815856479999, "E_TOTPOP": 2595, "M_TOTPOP": 315, "E_HU": 1322, "M_HU": 153, "E_HH": 1230, "M_HH": 173, "E_POV150": 439, "M_POV150": 226, "E_UNEMP": 18, "M_UNEMP": 22, "E_HBURD": 237, "M_HBURD": 121, "E_NOHSDP": 23, "M_NOHSDP": 29, "E_UNINSUR": 123, "M_UNINSUR": 84, "E_AGE65": 740, "M_AGE65": 124, "E_AGE17": 337, "M_AGE17": 125, "E_DISABL": 299, "M_DISABL": 94, "E_SNGPNT": 11, "M_SNGPNT": 22, "E_LIMENG": 0, "M_LIMENG": 52, "E_MINRTY": 1181, "M_MINRTY": 393, "E_MUNIT": 29, "M_MUNIT": 46, "E_MOBILE": 0, "M_MOBILE": 13, "E_CROWD": 0, "M_CROWD": 18, "E_NOVEH": 137, "M_NOVEH": 157, "E_GROUPQ": 0, "M_GROUPQ": 13, "EP_POV150": 16.9, "MP_POV150": 8.5, "EP_UNEMP": 1.4, "MP_UNEMP": 1.7, "EP_HBURD": 19.3, "MP_HBURD": 9.5, "EP_NOHSDP": 1.1, "MP_NOHSDP": 1.3, "EP_UNINSUR": 4.7, "MP_UNINSUR": 3.3, "EP_AGE65": 28.5, "MP_AGE65": 4.6, "EP_AGE17": 13.0, "MP_AGE17": 4.4, "EP_DISABL": 11.5, "MP_DISABL": 3.4, "EP_SNGPNT": 0.9, "MP_SNGPNT": 1.8, "EP_LIMENG": 0.0, "MP_LIMENG": 2.1, "EP_MINRTY": 45.5, "MP_MINRTY": 14.1, "EP_MUNIT": 2.2, "MP_MUNIT": 3.5, "EP_MOBILE": 0.0, "MP_MOBILE": 3.0, "EP_CROWD": 0.0, "MP_CROWD": 1.5, "EP_NOVEH": 11.1, "MP_NOVEH": 11.6, "EP_GROUPQ": 0.0, "MP_GROUPQ": 0.5, "EPL_POV150": 0.2367, "EPL_UNEMP": 0.1015, "EPL_HBURD": 0.3517, "EPL_NOHSDP": 0.0415, "EPL_UNINSUR": 0.245, "SPL_THEME1": 0.9764, "RPL_THEME1": 0.0517, "EPL_AGE65": 0.859, "EPL_AGE17": 0.1343, "EPL_DISABL": 0.21, "EPL_SNGPNT": 0.09, "EPL_LIMENG": 0.0, "SPL_THEME2": 1.2933, "RPL_THEME2": 0.02, "EPL_MINRTY": 0.1957, "SPL_THEME3": 0.1957, "RPL_THEME3": 0.1957, "EPL_MUNIT": 0.589, "EPL_MOBILE": 0.0, "EPL_CROWD": 0.0, "EPL_NOVEH": 0.8383, "EPL_GROUPQ": 0.0, "SPL_THEME4": 1.4273, "RPL_THEME4": 0.1617, "SPL_THEMES": 3.8927, "RPL_THEMES": 0.0417, "F_POV150": 0, "F_UNEMP": 0, "F_HBURD": 0, "F_NOHSDP": 0, "F_UNINSUR": 0, "F_THEME1": 0, "F_AGE65": 0, "F_AGE17": 0, "F_DISABL": 0, "F_SNGPNT": 0, "F_LIMENG": 0, "F_THEME2": 0, "F_MINRTY": 0, "F_THEME3": 0, "F_MUNIT": 0, "F_MOBILE": 0, "F_CROWD": 0, "F_NOVEH": 0, "F_GROUPQ": 0, "F_THEME4": 0, "F_TOTAL": 0, "E_DAYPOP": 1657, "E_NOINT": 87, "M_NOINT": 55, "E_AFAM": 0, "M_AFAM": 13, "E_HISP": 1099, "M_HISP": 266, "E_ASIAN": 19, "M_ASIAN": 22, "E_AIAN": 12, "M_AIAN": 18, "E_NHPI": 0, "M_NHPI": 13, "E_TWOMORE": 51, "M_TWOMORE": 40, "E_OTHERRACE": 0, "M_OTHERRACE": 13, "EP_NOINT": 7.1, "MP_NOINT": 4.0, "EP_AFAM": 0.0, "MP_AFAM": 1.5, "EP_HISP": 42.4, "MP_HISP": 7.8, "EP_ASIAN": 0.7, "MP_ASIAN": 0.8, "EP_AIAN": 0.5, "MP_AIAN": 0.7, "EP_NHPI": 0.0, "MP_NHPI": 1.5, "EP_TWOMORE": 2.0, "MP_TWOMORE": 1.5, "EP_OTHERRACE": 0.0, "MP_OTHERRACE": 1.5, "Shape_Length": 0.098652029958746418, "Shape_Area": 0.00044498433699976148 }, "geometry": { "type": "MultiPolygon", "coordinates": [ [ [ [ -106.688053, 35.133961 ], [ -106.683582, 35.138544 ], [ -106.678431, 35.145765 ], [ -106.677033, 35.145203 ], [ -106.674969, 35.144672 ], [ -106.674861, 35.144651 ], [ -106.674643, 35.144616 ], [ -106.667461, 35.143357 ], [ -106.666452, 35.143118 ], [ -106.666402, 35.143225 ], [ -106.663241, 35.142479 ], [ -106.662435, 35.142178 ], [ -106.661898, 35.142062 ], [ -106.653375, 35.1404 ], [ -106.653061, 35.14034 ], [ -106.652312, 35.140118 ], [ -106.651728, 35.139871 ], [ -106.651362, 35.139751 ], [ -106.650766, 35.139661 ], [ -106.651488, 35.139551 ], [ -106.653848, 35.138561 ], [ -106.655379, 35.137488 ], [ -106.65832, 35.134445 ], [ -106.658379, 35.1338 ], [ -106.662748, 35.134581 ], [ -106.664451, 35.131133 ], [ -106.664446, 35.130151 ], [ -106.66468, 35.129535 ], [ -106.665523, 35.127493 ], [ -106.665938, 35.123854 ], [ -106.669854, 35.124089 ], [ -106.671436, 35.12437 ], [ -106.673839, 35.1251 ], [ -106.67555, 35.125536 ], [ -106.685468, 35.129117 ], [ -106.686041, 35.130267 ], [ -106.689882, 35.130944 ], [ -106.688053, 35.133961 ] ] ] ] } },
{ "type": "Feature", "properties": { "OBJECTID": 79, "ST": "35", "STATE": "New Mexico", "ST_ABBR": "NM", "STCNTY": "35001", "COUNTY": "Bernalillo County", "FIPS": "35001003201", "LOCATION": "Census Tract 32.01; Bernalillo County; New Mexico", "AREA_SQMI": 1.487638650736, "E_TOTPOP": 3014, "M_TOTPOP": 535, "E_HU": 1388, "M_HU": 192, "E_HH": 1306, "M_HH": 196, "E_POV150": 878, "M_POV150": 326, "E_UNEMP": 55, "M_UNEMP": 45, "E_HBURD": 542, "M_HBURD": 165, "E_NOHSDP": 319, "M_NOHSDP": 189, "E_UNINSUR": 181, "M_UNINSUR": 133, "E_AGE65": 543, "M_AGE65": 182, "E_AGE17": 652, "M_AGE17": 182, "E_DISABL": 451, "M_DISABL": 179, "E_SNGPNT": 61, "M_SNGPNT": 52, "E_LIMENG": 170, "M_LIMENG": 114, "E_MINRTY": 2093, "M_MINRTY": 611, "E_MUNIT": 0, "M_MUNIT": 18, "E_MOBILE": 29, "M_MOBILE": 33, "E_CROWD": 13, "M_CROWD": 23, "E_NOVEH": 74, "M_NOVEH": 69, "E_GROUPQ": 53, "M_GROUPQ": 8, "EP_POV150": 29.6, "MP_POV150": 9.6, "EP_UNEMP": 3.5, "MP_UNEMP": 2.9, "EP_HBURD": 41.5, "MP_HBURD": 11.0, "EP_NOHSDP": 15.6, "MP_NOHSDP": 6.6, "EP_UNINSUR": 6.1, "MP_UNINSUR": 4.2, "EP_AGE65": 18.0, "MP_AGE65": 4.6, "EP_AGE17": 21.6, "MP_AGE17": 5.4, "EP_DISABL": 15.2, "MP_DISABL": 4.9, "EP_SNGPNT": 4.6, "MP_SNGPNT": 3.9, "EP_LIMENG": 6.2, "MP_LIMENG": 4.0, "EP_MINRTY": 69.4, "MP_MINRTY": 16.1, "EP_MUNIT": 0.0, "MP_MUNIT": 1.3, "EP_MOBILE": 2.1, "MP_MOBILE": 2.3, "EP_CROWD": 1.0, "MP_CROWD": 1.8, "EP_NOVEH": 5.7, "MP_NOVEH": 5.0, "EP_GROUPQ": 1.8, "MP_GROUPQ": 0.4, "EPL_POV150": 0.5083, "EPL_UNEMP": 0.3128, "EPL_HBURD": 0.9067, "EPL_NOHSDP": 0.6468, "EPL_UNINSUR": 0.3583, "SPL_THEME1": 2.7329, "RPL_THEME1": 0.5883, "EPL_AGE65": 0.529, "EPL_AGE17": 0.4942, "EPL_DISABL": 0.4533, "EPL_SNGPNT": 0.3683, "EPL_LIMENG": 0.8093, "SPL_THEME2": 2.6541, "RPL_THEME2": 0.5917, "EPL_MINRTY": 0.6086, "SPL_THEME3": 0.6086, "RPL_THEME3": 0.6086, "EPL_MUNIT": 0.0, "EPL_MOBILE": 0.3211, "EPL_CROWD": 0.34, "EPL_NOVEH": 0.6117, "EPL_GROUPQ": 0.7595, "SPL_THEME4": 2.0323, "RPL_THEME4": 0.3733, "SPL_THEMES": 8.0279, "RPL_THEMES": 0.5333, "F_POV150": 0, "F_UNEMP": 0, "F_HBURD": 1, "F_NOHSDP": 0, "F_UNINSUR": 0, "F_THEME1": 1, "F_AGE65": 0, "F_AGE17": 0, "F_DISABL": 0, "F_SNGPNT": 0, "F_LIMENG": 0, "F_THEME2": 0, "F_MINRTY": 0, "F_THEME3": 0, "F_MUNIT": 0, "F_MOBILE": 0, "F_CROWD": 0, "F_NOVEH": 0, "F_GROUPQ": 0, "F_THEME4": 0, "F_TOTAL": 1, "E_DAYPOP": 7005, "E_NOINT": 198, "M_NOINT": 99, "E_AFAM": 83, "M_AFAM": 80, "E_HISP": 1680, "M_HISP": 283, "E_ASIAN": 29, "M_ASIAN": 38, "E_AIAN": 192, "M_AIAN": 249, "E_NHPI": 0, "M_NHPI": 13, "E_TWOMORE": 85, "M_TWOMORE": 69, "E_OTHERRACE": 24, "M_OTHERRACE": 38, "EP_NOINT": 15.2, "MP_NOINT": 7.2, "EP_AFAM": 2.8, "MP_AFAM": 2.6, "EP_HISP": 55.7, "MP_HISP": 8.9, "EP_ASIAN": 1.0, "MP_ASIAN": 1.3, "EP_AIAN": 6.4, "MP_AIAN": 7.9, "EP_NHPI": 0.0, "MP_NHPI": 1.3, "EP_TWOMORE": 2.8, "MP_TWOMORE": 2.3, "EP_OTHERRACE": 0.8, "MP_OTHERRACE": 1.3, "Shape_Length": 0.10638549476434779, "Shape_Area": 0.00038215589550036425 }, "geometry": { "type": "MultiPolygon", "coordinates": [ [ [ [ -106.65832, 35.134445 ], [ -106.655379, 35.137488 ], [ -106.653848, 35.138561 ], [ -106.651488, 35.139551 ], [ -106.650766, 35.139661 ], [ -106.64129, 35.138615 ], [ -106.634119, 35.13796 ], [ -106.632207, 35.137446 ], [ -106.628357, 35.136641 ], [ -106.624134, 35.135861 ], [ -106.622048, 35.135384 ], [ -106.61433, 35.13521 ], [ -106.613002, 35.134879 ], [ -106.609829, 35.132812 ], [ -106.609628, 35.132666 ], [ -106.618878, 35.126785 ], [ -106.621701, 35.123827 ], [ -106.621976, 35.12382 ], [ -106.624919, 35.123854 ], [ -106.628192, 35.124481 ], [ -106.628666, 35.124839 ], [ -106.630044, 35.127062 ], [ -106.635462, 35.128574 ], [ -106.635511, 35.128617 ], [ -106.638872, 35.129928 ], [ -106.639504, 35.130051 ], [ -106.641713, 35.130028 ], [ -106.642859, 35.130325 ], [ -106.646977, 35.131914 ], [ -106.6476, 35.132096 ], [ -106.650686, 35.132882 ], [ -106.651785, 35.133049 ], [ -106.652691, 35.133169 ], [ -106.658379, 35.1338 ], [ -106.65832, 35.134445 ] ] ] ] } },
{ "type": "Feature", "properties": { "OBJECTID": 80, "ST": "35", "STATE": "New Mexico", "ST_ABBR": "NM", "STCNTY": "35001", "COUNTY": "Bernalillo County", "FIPS": "35001003202", "LOCATION": "Census Tract 32.02; Bernalillo County; New Mexico", "AREA_SQMI": 1.7516455457860001, "E_TOTPOP": 4782, "M_TOTPOP": 668, "E_HU": 2481, "M_HU": 345, "E_HH": 2282, "M_HH": 371, "E_POV150": 1858, "M_POV150": 609, "E_UNEMP": 178, "M_UNEMP": 135, "E_HBURD": 853, "M_HBURD": 354, "E_NOHSDP": 432, "M_NOHSDP": 166, "E_UNINSUR": 529, "M_UNINSUR": 427, "E_AGE65": 892, "M_AGE65": 156, "E_AGE17": 721, "M_AGE17": 270, "E_DISABL": 975, "M_DISABL": 360, "E_SNGPNT": 104, "M_SNGPNT": 122, "E_LIMENG": 148, "M_LIMENG": 132, "E_MINRTY": 3116, "M_MINRTY": 857, "E_MUNIT": 368, "M_MUNIT": 319, "E_MOBILE": 13, "M_MOBILE": 20, "E_CROWD": 0, "M_CROWD": 18, "E_NOVEH": 160, "M_NOVEH": 102, "E_GROUPQ": 397, "M_GROUPQ": 63, "EP_POV150": 40.5, "MP_POV150": 11.9, "EP_UNEMP": 6.6, "MP_UNEMP": 4.9, "EP_HBURD": 37.4, "MP_HBURD": 14.3, "EP_NOHSDP": 12.1, "MP_NOHSDP": 4.6, "EP_UNINSUR": 11.5, "MP_UNINSUR": 8.4, "EP_AGE65": 18.7, "MP_AGE65": 3.8, "EP_AGE17": 15.1, "MP_AGE17": 4.6, "EP_DISABL": 21.2, "MP_DISABL": 6.9, "EP_SNGPNT": 4.5, "MP_SNGPNT": 5.3, "EP_LIMENG": 3.3, "MP_LIMENG": 2.9, "EP_MINRTY": 65.2, "MP_MINRTY": 15.4, "EP_MUNIT": 14.8, "MP_MUNIT": 12.7, "EP_MOBILE": 0.5, "MP_MOBILE": 0.8, "EP_CROWD": 0.0, "MP_CROWD": 0.8, "EP_NOVEH": 7.0, "MP_NOVEH": 4.7, "EP_GROUPQ": 8.3, "MP_GROUPQ": 0.6, "EPL_POV150": 0.7383, "EPL_UNEMP": 0.6206, "EPL_HBURD": 0.8483, "EPL_NOHSDP": 0.524, "EPL_UNINSUR": 0.6633, "SPL_THEME1": 3.3945, "RPL_THEME1": 0.7867, "EPL_AGE65": 0.5622, "EPL_AGE17": 0.1907, "EPL_DISABL": 0.7633, "EPL_SNGPNT": 0.355, "EPL_LIMENG": 0.67, "SPL_THEME2": 2.5412, "RPL_THEME2": 0.505, "EPL_MINRTY": 0.5406, "SPL_THEME3": 0.5406, "RPL_THEME3": 0.5406, "EPL_MUNIT": 0.8719, "EPL_MOBILE": 0.2263, "EPL_CROWD": 0.0, "EPL_NOVEH": 0.6933, "EPL_GROUPQ": 0.9403, "SPL_THEME4": 2.7318, "RPL_THEME4": 0.71, "SPL_THEMES": 9.2081, "RPL_THEMES": 0.7367, "F_POV150": 0, "F_UNEMP": 0, "F_HBURD": 0, "F_NOHSDP": 0, "F_UNINSUR": 0, "F_THEME1": 0, "F_AGE65": 0, "F_AGE17": 0, "F_DISABL": 0, "F_SNGPNT": 0, "F_LIMENG": 0, "F_THEME2": 0, "F_MINRTY": 0, "F_THEME3": 0, "F_MUNIT": 0, "F_MOBILE": 0, "F_CROWD": 0, "F_NOVEH": 0, "F_GROUPQ": 1, "F_THEME4": 1, "F_TOTAL": 1, "E_DAYPOP": 7212, "E_NOINT": 308, "M_NOINT": 137, "E_AFAM": 87, "M_AFAM": 80, "E_HISP": 2773, "M_HISP": 564, "E_ASIAN": 14, "M_ASIAN": 22, "E_AIAN": 87, "M_AIAN": 101, "E_NHPI": 0, "M_NHPI": 13, "E_TWOMORE": 131, "M_TWOMORE": 111, "E_OTHERRACE": 24, "M_OTHERRACE": 39, "EP_NOINT": 13.5, "MP_NOINT": 6.5, "EP_AFAM": 1.8, "MP_AFAM": 1.7, "EP_HISP": 58.0, "MP_HISP": 9.7, "EP_ASIAN": 0.3, "MP_ASIAN": 0.5, "EP_AIAN": 1.8, "MP_AIAN": 2.2, "EP_NHPI": 0.0, "MP_NHPI": 0.8, "EP_TWOMORE": 2.7, "MP_TWOMORE": 2.4, "EP_OTHERRACE": 0.5, "MP_OTHERRACE": 0.8, "Shape_Length": 0.1066594178848816, "Shape_Area": 0.00044847558399990984 }, "geometry": { "type": "MultiPolygon", "coordinates": [ [ [ [ -106.665523, 35.127493 ], [ -106.66468, 35.129535 ], [ -106.664446, 35.130151 ], [ -106.664451, 35.131133 ], [ -106.662748, 35.134581 ], [ -106.658379, 35.1338 ], [ -106.652691, 35.133169 ], [ -106.651785, 35.133049 ], [ -106.650686, 35.132882 ], [ -106.6476, 35.132096 ], [ -106.646977, 35.131914 ], [ -106.642859, 35.130325 ], [ -106.641713, 35.130028 ], [ -106.639504, 35.130051 ], [ -106.638872, 35.129928 ], [ -106.635511, 35.128617 ], [ -106.635462, 35.128574 ], [ -106.630044, 35.127062 ], [ -106.628666, 35.124839 ], [ -106.628192, 35.124481 ], [ -106.624919, 35.123854 ], [ -106.621976, 35.12382 ], [ -106.621701, 35.123827 ], [ -106.623121, 35.121491 ], [ -106.625732, 35.11441 ], [ -106.626038, 35.114483 ], [ -106.634561, 35.116634 ], [ -106.639235, 35.118376 ], [ -106.639379, 35.118419 ], [ -106.644818, 35.119939 ], [ -106.655006, 35.122708 ], [ -106.660564, 35.123532 ], [ -106.664007, 35.123419 ], [ -106.665938, 35.123854 ], [ -106.665523, 35.127493 ] ] ] ] } },
{ "type": "Feature", "properties": { "OBJECTID": 81, "ST": "35", "STATE": "New Mexico", "ST_ABBR": "NM", "STCNTY": "35001", "COUNTY": "Bernalillo County", "FIPS": "35001003400", "LOCATION": "Census Tract 34; Bernalillo County; New Mexico", "AREA_SQMI": 1.7828993443800001, "E_TOTPOP": 4179, "M_TOTPOP": 681, "E_HU": 2058, "M_HU": 242, "E_HH": 1865, "M_HH": 265, "E_POV150": 2259, "M_POV150": 644, "E_UNEMP": 41, "M_UNEMP": 38, "E_HBURD": 723, "M_HBURD": 197, "E_NOHSDP": 707, "M_NOHSDP": 259, "E_UNINSUR": 804, "M_UNINSUR": 358, "E_AGE65": 372, "M_AGE65": 89, "E_AGE17": 922, "M_AGE17": 230, "E_DISABL": 575, "M_DISABL": 193, "E_SNGPNT": 299, "M_SNGPNT": 127, "E_LIMENG": 283, "M_LIMENG": 179, "E_MINRTY": 3141, "M_MINRTY": 742, "E_MUNIT": 791, "M_MUNIT": 259, "E_MOBILE": 288, "M_MOBILE": 108, "E_CROWD": 29, "M_CROWD": 51, "E_NOVEH": 296, "M_NOVEH": 110, "E_GROUPQ": 172, "M_GROUPQ": 17, "EP_POV150": 56.1, "MP_POV150": 12.8, "EP_UNEMP": 2.1, "MP_UNEMP": 1.9, "EP_HBURD": 38.8, "MP_HBURD": 9.0, "EP_NOHSDP": 24.2, "MP_NOHSDP": 7.1, "EP_UNINSUR": 20.0, "MP_UNINSUR": 7.3, "EP_AGE65": 8.9, "MP_AGE65": 2.6, "EP_AGE17": 22.1, "MP_AGE17": 4.5, "EP_DISABL": 14.3, "MP_DISABL": 5.0, "EP_SNGPNT": 16.0, "MP_SNGPNT": 6.4, "EP_LIMENG": 7.3, "MP_LIMENG": 4.5, "EP_MINRTY": 75.2, "MP_MINRTY": 12.8, "EP_MUNIT": 38.5, "MP_MUNIT": 11.7, "EP_MOBILE": 14.0, "MP_MOBILE": 5.3, "EP_CROWD": 1.6, "MP_CROWD": 2.7, "EP_NOVEH": 15.9, "MP_NOVEH": 5.7, "EP_GROUPQ": 4.1, "MP_GROUPQ": 0.8, "EPL_POV150": 0.9383, "EPL_UNEMP": 0.1714, "EPL_HBURD": 0.8717, "EPL_NOHSDP": 0.8425, "EPL_UNINSUR": 0.9017, "SPL_THEME1": 3.7256, "RPL_THEME1": 0.8833, "EPL_AGE65": 0.1095, "EPL_AGE17": 0.5091, "EPL_DISABL": 0.4033, "EPL_SNGPNT": 0.9367, "EPL_LIMENG": 0.8441, "SPL_THEME2": 2.8027, "RPL_THEME2": 0.6883, "EPL_MINRTY": 0.675, "SPL_THEME3": 0.675, "RPL_THEME3": 0.675, "EPL_MUNIT": 0.9634, "EPL_MOBILE": 0.5108, "EPL_CROWD": 0.4183, "EPL_NOVEH": 0.9267, "EPL_GROUPQ": 0.8889, "SPL_THEME4": 3.7081, "RPL_THEME4": 0.9717, "SPL_THEMES": 10.9114, "RPL_THEMES": 0.9533, "F_POV150": 1, "F_UNEMP": 0, "F_HBURD": 0, "F_NOHSDP": 0, "F_UNINSUR": 1, "F_THEME1": 2, "F_AGE65": 0, "F_AGE17": 0, "F_DISABL": 0, "F_SNGPNT": 1, "F_LIMENG": 0, "F_THEME2": 1, "F_MINRTY": 0, "F_THEME3": 0, "F_MUNIT": 1, "F_MOBILE": 0, "F_CROWD": 0, "F_NOVEH": 1, "F_GROUPQ": 0, "F_THEME4": 2, "F_TOTAL": 5, "E_DAYPOP": 15167, "E_NOINT": 433, "M_NOINT": 151, "E_AFAM": 112, "M_AFAM": 103, "E_HISP": 2409, "M_HISP": 615, "E_ASIAN": 25, "M_ASIAN": 25, "E_AIAN": 536, "M_AIAN": 357, "E_NHPI": 0, "M_NHPI": 13, "E_TWOMORE": 50, "M_TWOMORE": 49, "E_OTHERRACE": 9, "M_OTHERRACE": 17, "EP_NOINT": 23.2, "MP_NOINT": 7.9, "EP_AFAM": 2.7, "MP_AFAM": 2.6, "EP_HISP": 57.6, "MP_HISP": 9.7, "EP_ASIAN": 0.6, "MP_ASIAN": 0.6, "EP_AIAN": 12.8, "MP_AIAN": 8.0, "EP_NHPI": 0.0, "MP_NHPI": 1.0, "EP_TWOMORE": 1.2, "MP_TWOMORE": 1.2, "EP_OTHERRACE": 0.2, "MP_OTHERRACE": 0.4, "Shape_Length": 0.092086034874914291, "Shape_Area": 0.00046811408199996741 }, "geometry": { "type": "MultiPolygon", "coordinates": [ [ [ [ -106.625732, 35.11441 ], [ -106.623121, 35.121491 ], [ -106.621701, 35.123827 ], [ -106.618878, 35.126785 ], [ -106.609628, 35.132666 ], [ -106.606769, 35.13114 ], [ -106.604067, 35.130951 ], [ -106.604118, 35.123717 ], [ -106.604102, 35.120113 ], [ -106.604123, 35.11652 ], [ -106.604152, 35.109257 ], [ -106.604197, 35.105162 ], [ -106.612626, 35.107102 ], [ -106.614945, 35.107568 ], [ -106.61608, 35.10759 ], [ -106.617998, 35.10753 ], [ -106.629239, 35.105546 ], [ -106.625732, 35.11441 ] ] ] ] } },
{ "type": "Feature", "properties": { "OBJECTID": 82, "ST": "35", "STATE": "New Mexico", "ST_ABBR": "NM", "STCNTY": "35001", "COUNTY": "Bernalillo County", "FIPS": "35001003501", "LOCATION": "Census Tract 35.01; Bernalillo County; New Mexico", "AREA_SQMI": 2.5366692904920001, "E_TOTPOP": 5092, "M_TOTPOP": 984, "E_HU": 2341, "M_HU": 234, "E_HH": 2130, "M_HH": 240, "E_POV150": 997, "M_POV150": 362, "E_UNEMP": 163, "M_UNEMP": 92, "E_HBURD": 708, "M_HBURD": 233, "E_NOHSDP": 109, "M_NOHSDP": 109, "E_UNINSUR": 360, "M_UNINSUR": 276, "E_AGE65": 1198, "M_AGE65": 313, "E_AGE17": 1071, "M_AGE17": 458, "E_DISABL": 840, "M_DISABL": 303, "E_SNGPNT": 158, "M_SNGPNT": 139, "E_LIMENG": 0, "M_LIMENG": 76, "E_MINRTY": 3275, "M_MINRTY": 1109, "E_MUNIT": 268, "M_MUNIT": 111, "E_MOBILE": 151, "M_MOBILE": 109, "E_CROWD": 24, "M_CROWD": 44, "E_NOVEH": 58, "M_NOVEH": 54, "E_GROUPQ": 0, "M_GROUPQ": 19, "EP_POV150": 19.7, "MP_POV150": 6.1, "EP_UNEMP": 6.6, "MP_UNEMP": 3.5, "EP_HBURD": 33.2, "MP_HBURD": 10.3, "EP_NOHSDP": 3.0, "MP_NOHSDP": 2.8, "EP_UNINSUR": 7.1, "MP_UNINSUR": 5.1, "EP_AGE65": 23.5, "MP_AGE65": 7.3, "EP_AGE17": 21.0, "MP_AGE17": 7.4, "EP_DISABL": 16.5, "MP_DISABL": 5.3, "EP_SNGPNT": 7.4, "MP_SNGPNT": 6.5, "EP_LIMENG": 0.0, "MP_LIMENG": 1.6, "EP_MINRTY": 64.3, "MP_MINRTY": 17.9, "EP_MUNIT": 11.4, "MP_MUNIT": 4.6, "EP_MOBILE": 6.5, "MP_MOBILE": 4.6, "EP_CROWD": 1.1, "MP_CROWD": 2.1, "EP_NOVEH": 2.7, "MP_NOVEH": 2.6, "EP_GROUPQ": 0.0, "MP_GROUPQ": 0.4, "EPL_POV150": 0.2817, "EPL_UNEMP": 0.6206, "EPL_HBURD": 0.7667, "EPL_NOHSDP": 0.1294, "EPL_UNINSUR": 0.43, "SPL_THEME1": 2.2284, "RPL_THEME1": 0.4133, "EPL_AGE65": 0.7463, "EPL_AGE17": 0.4594, "EPL_DISABL": 0.5283, "EPL_SNGPNT": 0.6133, "EPL_LIMENG": 0.0, "SPL_THEME2": 2.3473, "RPL_THEME2": 0.4033, "EPL_MINRTY": 0.5207, "SPL_THEME3": 0.5207, "RPL_THEME3": 0.5207, "EPL_MUNIT": 0.8319, "EPL_MOBILE": 0.421, "EPL_CROWD": 0.3517, "EPL_NOVEH": 0.3733, "EPL_GROUPQ": 0.0, "SPL_THEME4": 1.9779, "RPL_THEME4": 0.3617, "SPL_THEMES": 7.0743, "RPL_THEMES": 0.3783, "F_POV150": 0, "F_UNEMP": 0, "F_HBURD": 0, "F_NOHSDP": 0, "F_UNINSUR": 0, "F_THEME1": 0, "F_AGE65": 0, "F_AGE17": 0, "F_DISABL": 0, "F_SNGPNT": 0, "F_LIMENG": 0, "F_THEME2": 0, "F_MINRTY": 0, "F_THEME3": 0, "F_MUNIT": 0, "F_MOBILE": 0, "F_CROWD": 0, "F_NOVEH": 0, "F_GROUPQ": 0, "F_THEME4": 0, "F_TOTAL": 0, "E_DAYPOP": 7266, "E_NOINT": 197, "M_NOINT": 117, "E_AFAM": 22, "M_AFAM": 35, "E_HISP": 2964, "M_HISP": 633, "E_ASIAN": 17, "M_ASIAN": 28, "E_AIAN": 0, "M_AIAN": 19, "E_NHPI": 0, "M_NHPI": 19, "E_TWOMORE": 82, "M_TWOMORE": 88, "E_OTHERRACE": 190, "M_OTHERRACE": 193, "EP_NOINT": 9.2, "MP_NOINT": 5.3, "EP_AFAM": 0.4, "MP_AFAM": 0.7, "EP_HISP": 58.2, "MP_HISP": 7.0, "EP_ASIAN": 0.3, "MP_ASIAN": 0.5, "EP_AIAN": 0.0, "MP_AIAN": 0.8, "EP_NHPI": 0.0, "MP_NHPI": 0.8, "EP_TWOMORE": 1.6, "MP_TWOMORE": 1.8, "EP_OTHERRACE": 3.7, "MP_OTHERRACE": 3.7, "Shape_Length": 0.11440218656036301, "Shape_Area": 0.00064997228449940837 }, "geometry": { "type": "MultiPolygon", "coordinates": [ [ [ [ -106.639863, 35.146105 ], [ -106.63953, 35.147731 ], [ -106.6394, 35.148352 ], [ -106.639194, 35.149519 ], [ -106.638388, 35.153513 ], [ -106.637925, 35.155911 ], [ -106.637232, 35.15966 ], [ -106.636161, 35.165065 ], [ -106.636147, 35.165138 ], [ -106.634721, 35.172488 ], [ -106.63308, 35.174043 ], [ -106.632554, 35.174524 ], [ -106.628242, 35.178521 ], [ -106.627493, 35.179204 ], [ -106.620959, 35.177938 ], [ -106.613302, 35.17591 ], [ -106.61377, 35.174812 ], [ -106.614842, 35.172229 ], [ -106.617734, 35.168697 ], [ -106.62045, 35.160078 ], [ -106.620975, 35.158647 ], [ -106.622202, 35.15493 ], [ -106.622682, 35.153312 ], [ -106.623294, 35.151404 ], [ -106.623793, 35.150034 ], [ -106.625781, 35.145036 ], [ -106.628357, 35.136641 ], [ -106.632207, 35.137446 ], [ -106.634119, 35.13796 ], [ -106.64129, 35.138615 ], [ -106.639863, 35.146105 ] ] ] ] } },
{ "type": "Feature", "properties": { "OBJECTID": 83, "ST": "35", "STATE": "New Mexico", "ST_ABBR": "NM", "STCNTY": "35001", "COUNTY": "Bernalillo County", "FIPS": "35001003502", "LOCATION": "Census Tract 35.02; Bernalillo County; New Mexico", "AREA_SQMI": 4.3194369740900003, "E_TOTPOP": 4931, "M_TOTPOP": 508, "E_HU": 2128, "M_HU": 201, "E_HH": 2020, "M_HH": 232, "E_POV150": 671, "M_POV150": 331, "E_UNEMP": 35, "M_UNEMP": 27, "E_HBURD": 476, "M_HBURD": 178, "E_NOHSDP": 191, "M_NOHSDP": 140, "E_UNINSUR": 277, "M_UNINSUR": 216, "E_AGE65": 1220, "M_AGE65": 194, "E_AGE17": 559, "M_AGE17": 153, "E_DISABL": 912, "M_DISABL": 301, "E_SNGPNT": 98, "M_SNGPNT": 70, "E_LIMENG": 0, "M_LIMENG": 52, "E_MINRTY": 2450, "M_MINRTY": 655, "E_MUNIT": 47, "M_MUNIT": 56, "E_MOBILE": 0, "M_MOBILE": 13, "E_CROWD": 0, "M_CROWD": 18, "E_NOVEH": 18, "M_NOVEH": 32, "E_GROUPQ": 15, "M_GROUPQ": 4, "EP_POV150": 13.6, "MP_POV150": 6.6, "EP_UNEMP": 1.4, "MP_UNEMP": 1.1, "EP_HBURD": 23.6, "MP_HBURD": 8.4, "EP_NOHSDP": 4.9, "MP_NOHSDP": 3.5, "EP_UNINSUR": 5.6, "MP_UNINSUR": 4.4, "EP_AGE65": 24.7, "MP_AGE65": 3.7, "EP_AGE17": 11.3, "MP_AGE17": 2.9, "EP_DISABL": 18.5, "MP_DISABL": 5.9, "EP_SNGPNT": 4.9, "MP_SNGPNT": 3.4, "EP_LIMENG": 0.0, "MP_LIMENG": 1.1, "EP_MINRTY": 49.7, "MP_MINRTY": 12.3, "EP_MUNIT": 2.2, "MP_MUNIT": 2.6, "EP_MOBILE": 0.0, "MP_MOBILE": 1.9, "EP_CROWD": 0.0, "MP_CROWD": 0.9, "EP_NOVEH": 0.9, "MP_NOVEH": 1.5, "EP_GROUPQ": 0.3, "MP_GROUPQ": 0.1, "EPL_POV150": 0.1733, "EPL_UNEMP": 0.1015, "EPL_HBURD": 0.4967, "EPL_NOHSDP": 0.2355, "EPL_UNINSUR": 0.295, "SPL_THEME1": 1.302, "RPL_THEME1": 0.1183, "EPL_AGE65": 0.7778, "EPL_AGE17": 0.0929, "EPL_DISABL": 0.6533, "EPL_SNGPNT": 0.3933, "EPL_LIMENG": 0.0, "SPL_THEME2": 1.9173, "RPL_THEME2": 0.1933, "EPL_MINRTY": 0.2537, "SPL_THEME3": 0.2537, "RPL_THEME3": 0.2537, "EPL_MUNIT": 0.589, "EPL_MOBILE": 0.0, "EPL_CROWD": 0.0, "EPL_NOVEH": 0.1633, "EPL_GROUPQ": 0.539, "SPL_THEME4": 1.2913, "RPL_THEME4": 0.1317, "SPL_THEMES": 4.7643, "RPL_THEMES": 0.095, "F_POV150": 0, "F_UNEMP": 0, "F_HBURD": 0, "F_NOHSDP": 0, "F_UNINSUR": 0, "F_THEME1": 0, "F_AGE65": 0, "F_AGE17": 0, "F_DISABL": 0, "F_SNGPNT": 0, "F_LIMENG": 0, "F_THEME2": 0, "F_MINRTY": 0, "F_THEME3": 0, "F_MUNIT": 0, "F_MOBILE": 0, "F_CROWD": 0, "F_NOVEH": 0, "F_GROUPQ": 0, "F_THEME4": 0, "F_TOTAL": 0, "E_DAYPOP": 5339, "E_NOINT": 133, "M_NOINT": 89, "E_AFAM": 83, "M_AFAM": 79, "E_HISP": 2078, "M_HISP": 455, "E_ASIAN": 32, "M_ASIAN": 37, "E_AIAN": 84, "M_AIAN": 139, "E_NHPI": 0, "M_NHPI": 13, "E_TWOMORE": 173, "M_TWOMORE": 158, "E_OTHERRACE": 0, "M_OTHERRACE": 13, "EP_NOINT": 6.6, "MP_NOINT": 4.5, "EP_AFAM": 1.7, "MP_AFAM": 1.6, "EP_HISP": 42.1, "MP_HISP": 7.8, "EP_ASIAN": 0.6, "MP_ASIAN": 0.8, "EP_AIAN": 1.7, "MP_AIAN": 2.8, "EP_NHPI": 0.0, "MP_NHPI": 0.8, "EP_TWOMORE": 3.5, "MP_TWOMORE": 3.2, "EP_OTHERRACE": 0.0, "MP_OTHERRACE": 0.8, "Shape_Length": 0.15550258436238509, "Shape_Area": 0.0011351452695004486 }, "geometry": { "type": "MultiPolygon", "coordinates": [ [ [ [ -106.678431, 35.145765 ], [ -106.674805, 35.147714 ], [ -106.670858, 35.152063 ], [ -106.667984, 35.157916 ], [ -106.666718, 35.159586 ], [ -106.665501, 35.16255 ], [ -106.664166, 35.163948 ], [ -106.659368, 35.166647 ], [ -106.654118, 35.172587 ], [ -106.652478, 35.175744 ], [ -106.652179, 35.176843 ], [ -106.653081, 35.179343 ], [ -106.652766, 35.182171 ], [ -106.647949, 35.182827 ], [ -106.643279, 35.182888 ], [ -106.64017, 35.182231 ], [ -106.627493, 35.179204 ], [ -106.628242, 35.178521 ], [ -106.632554, 35.174524 ], [ -106.63308, 35.174043 ], [ -106.634721, 35.172488 ], [ -106.636147, 35.165138 ], [ -106.636161, 35.165065 ], [ -106.637232, 35.15966 ], [ -106.637925, 35.155911 ], [ -106.638388, 35.153513 ], [ -106.639194, 35.149519 ], [ -106.6394, 35.148352 ], [ -106.63953, 35.147731 ], [ -106.639863, 35.146105 ], [ -106.64129, 35.138615 ], [ -106.650766, 35.139661 ], [ -106.651362, 35.139751 ], [ -106.651728, 35.139871 ], [ -106.652312, 35.140118 ], [ -106.653061, 35.14034 ], [ -106.653375, 35.1404 ], [ -106.661898, 35.142062 ], [ -106.662435, 35.142178 ], [ -106.663241, 35.142479 ], [ -106.666402, 35.143225 ], [ -106.666452, 35.143118 ], [ -106.667461, 35.143357 ], [ -106.674643, 35.144616 ], [ -106.674861, 35.144651 ], [ -106.674969, 35.144672 ], [ -106.677033, 35.145203 ], [ -106.678431, 35.145765 ] ] ] ] } },
{ "type": "Feature", "properties": { "OBJECTID": 84, "ST": "35", "STATE": "New Mexico", "ST_ABBR": "NM", "STCNTY": "35001", "COUNTY": "Bernalillo County", "FIPS": "35001003600", "LOCATION": "Census Tract 36; Bernalillo County; New Mexico", "AREA_SQMI": 4.0125499770220001, "E_TOTPOP": 6676, "M_TOTPOP": 1067, "E_HU": 2730, "M_HU": 331, "E_HH": 2672, "M_HH": 332, "E_POV150": 2195, "M_POV150": 1063, "E_UNEMP": 89, "M_UNEMP": 103, "E_HBURD": 853, "M_HBURD": 341, "E_NOHSDP": 547, "M_NOHSDP": 200, "E_UNINSUR": 1255, "M_UNINSUR": 589, "E_AGE65": 1264, "M_AGE65": 182, "E_AGE17": 1245, "M_AGE17": 381, "E_DISABL": 925, "M_DISABL": 400, "E_SNGPNT": 291, "M_SNGPNT": 203, "E_LIMENG": 145, "M_LIMENG": 143, "E_MINRTY": 4491, "M_MINRTY": 1128, "E_MUNIT": 0, "M_MUNIT": 26, "E_MOBILE": 843, "M_MOBILE": 350, "E_CROWD": 0, "M_CROWD": 26, "E_NOVEH": 89, "M_NOVEH": 87, "E_GROUPQ": 8, "M_GROUPQ": 4, "EP_POV150": 33.0, "MP_POV150": 15.1, "EP_UNEMP": 3.1, "MP_UNEMP": 3.7, "EP_HBURD": 31.9, "MP_HBURD": 12.1, "EP_NOHSDP": 11.4, "MP_NOHSDP": 4.3, "EP_UNINSUR": 18.8, "MP_UNINSUR": 8.1, "EP_AGE65": 18.9, "MP_AGE65": 4.3, "EP_AGE17": 18.6, "MP_AGE17": 3.8, "EP_DISABL": 13.9, "MP_DISABL": 4.8, "EP_SNGPNT": 10.9, "MP_SNGPNT": 7.5, "EP_LIMENG": 2.2, "MP_LIMENG": 2.2, "EP_MINRTY": 67.3, "MP_MINRTY": 13.0, "EP_MUNIT": 0.0, "MP_MUNIT": 1.0, "EP_MOBILE": 30.9, "MP_MOBILE": 10.0, "EP_CROWD": 0.0, "MP_CROWD": 1.0, "EP_NOVEH": 3.3, "MP_NOVEH": 3.2, "EP_GROUPQ": 0.1, "MP_GROUPQ": 0.1, "EPL_POV150": 0.5783, "EPL_UNEMP": 0.2795, "EPL_HBURD": 0.7383, "EPL_NOHSDP": 0.5025, "EPL_UNINSUR": 0.8833, "SPL_THEME1": 2.9819, "RPL_THEME1": 0.6683, "EPL_AGE65": 0.5738, "EPL_AGE17": 0.3383, "EPL_DISABL": 0.3767, "EPL_SNGPNT": 0.8167, "EPL_LIMENG": 0.5456, "SPL_THEME2": 2.6511, "RPL_THEME2": 0.59, "EPL_MINRTY": 0.5804, "SPL_THEME3": 0.5804, "RPL_THEME3": 0.5804, "EPL_MUNIT": 0.0, "EPL_MOBILE": 0.7454, "EPL_CROWD": 0.0, "EPL_NOVEH": 0.46, "EPL_GROUPQ": 0.4312, "SPL_THEME4": 1.6366, "RPL_THEME4": 0.2317, "SPL_THEMES": 7.85, "RPL_THEMES": 0.505, "F_POV150": 0, "F_UNEMP": 0, "F_HBURD": 0, "F_NOHSDP": 0, "F_UNINSUR": 0, "F_THEME1": 0, "F_AGE65": 0, "F_AGE17": 0, "F_DISABL": 0, "F_SNGPNT": 0, "F_LIMENG": 0, "F_THEME2": 0, "F_MINRTY": 0, "F_THEME3": 0, "F_MUNIT": 0, "F_MOBILE": 0, "F_CROWD": 0, "F_NOVEH": 0, "F_GROUPQ": 0, "F_THEME4": 0, "F_TOTAL": 0, "E_DAYPOP": 3117, "E_NOINT": 481, "M_NOINT": 265, "E_AFAM": 305, "M_AFAM": 427, "E_HISP": 3863, "M_HISP": 1018, "E_ASIAN": 0, "M_ASIAN": 19, "E_AIAN": 268, "M_AIAN": 263, "E_NHPI": 0, "M_NHPI": 19, "E_TWOMORE": 55, "M_TWOMORE": 82, "E_OTHERRACE": 0, "M_OTHERRACE": 19, "EP_NOINT": 18.0, "MP_NOINT": 9.5, "EP_AFAM": 4.6, "MP_AFAM": 6.2, "EP_HISP": 57.9, "MP_HISP": 9.0, "EP_ASIAN": 0.0, "MP_ASIAN": 0.6, "EP_AIAN": 4.0, "MP_AIAN": 4.0, "EP_NHPI": 0.0, "MP_NHPI": 0.6, "EP_TWOMORE": 0.8, "MP_TWOMORE": 1.2, "EP_OTHERRACE": 0.0, "MP_OTHERRACE": 0.6, "Shape_Length": 0.14030100531176146, "Shape_Area": 0.0010737774115003942 }, "geometry": { "type": "MultiPolygon", "coordinates": [ [ [ [ -106.652158, 35.184038 ], [ -106.650445, 35.186342 ], [ -106.64672, 35.188977 ], [ -106.646093, 35.189201 ], [ -106.642944, 35.195416 ], [ -106.642563, 35.197065 ], [ -106.643366, 35.197762 ], [ -106.639727, 35.202946 ], [ -106.638149, 35.203877 ], [ -106.630635, 35.206022 ], [ -106.623081, 35.208844 ], [ -106.620817, 35.208158 ], [ -106.616478, 35.206777 ], [ -106.613396, 35.205749 ], [ -106.60146, 35.204609 ], [ -106.600043, 35.204096 ], [ -106.599678, 35.204061 ], [ -106.599864, 35.203887 ], [ -106.600638, 35.202998 ], [ -106.601445, 35.200632 ], [ -106.60158, 35.197279 ], [ -106.603748, 35.191936 ], [ -106.604073, 35.190199 ], [ -106.605324, 35.187345 ], [ -106.606806, 35.185426 ], [ -106.610026, 35.182451 ], [ -106.611664, 35.178189 ], [ -106.613302, 35.17591 ], [ -106.620959, 35.177938 ], [ -106.627493, 35.179204 ], [ -106.64017, 35.182231 ], [ -106.643279, 35.182888 ], [ -106.647949, 35.182827 ], [ -106.652766, 35.182171 ], [ -106.652158, 35.184038 ] ] ] ] } },
{ "type": "Feature", "properties": { "OBJECTID": 85, "ST": "35", "STATE": "New Mexico", "ST_ABBR": "NM", "STCNTY": "35001", "COUNTY": "Bernalillo County", "FIPS": "35001003707", "LOCATION": "Census Tract 37.07; Bernalillo County; New Mexico", "AREA_SQMI": 1.226172306846, "E_TOTPOP": 4824, "M_TOTPOP": 588, "E_HU": 2427, "M_HU": 249, "E_HH": 2340, "M_HH": 274, "E_POV150": 1982, "M_POV150": 409, "E_UNEMP": 240, "M_UNEMP": 118, "E_HBURD": 867, "M_HBURD": 292, "E_NOHSDP": 201, "M_NOHSDP": 118, "E_UNINSUR": 83, "M_UNINSUR": 84, "E_AGE65": 1216, "M_AGE65": 364, "E_AGE17": 848, "M_AGE17": 251, "E_DISABL": 1376, "M_DISABL": 376, "E_SNGPNT": 132, "M_SNGPNT": 115, "E_LIMENG": 0, "M_LIMENG": 52, "E_MINRTY": 2741, "M_MINRTY": 725, "E_MUNIT": 1016, "M_MUNIT": 283, "E_MOBILE": 0, "M_MOBILE": 13, "E_CROWD": 119, "M_CROWD": 109, "E_NOVEH": 233, "M_NOVEH": 197, "E_GROUPQ": 17, "M_GROUPQ": 5, "EP_POV150": 41.1, "MP_POV150": 6.9, "EP_UNEMP": 10.3, "MP_UNEMP": 4.5, "EP_HBURD": 37.1, "MP_HBURD": 11.7, "EP_NOHSDP": 5.9, "MP_NOHSDP": 3.1, "EP_UNINSUR": 1.7, "MP_UNINSUR": 1.8, "EP_AGE65": 25.2, "MP_AGE65": 7.2, "EP_AGE17": 17.6, "MP_AGE17": 4.4, "EP_DISABL": 28.6, "MP_DISABL": 7.1, "EP_SNGPNT": 5.6, "MP_SNGPNT": 4.9, "EP_LIMENG": 0.0, "MP_LIMENG": 1.1, "EP_MINRTY": 56.8, "MP_MINRTY": 13.3, "EP_MUNIT": 41.8, "MP_MUNIT": 10.8, "EP_MOBILE": 0.0, "MP_MOBILE": 1.6, "EP_CROWD": 5.1, "MP_CROWD": 4.6, "EP_NOVEH": 10.0, "MP_NOVEH": 8.1, "EP_GROUPQ": 0.4, "MP_GROUPQ": 0.1, "EPL_POV150": 0.745, "EPL_UNEMP": 0.782, "EPL_HBURD": 0.84, "EPL_NOHSDP": 0.2703, "EPL_UNINSUR": 0.0433, "SPL_THEME1": 2.6806, "RPL_THEME1": 0.58, "EPL_AGE65": 0.7944, "EPL_AGE17": 0.2952, "EPL_DISABL": 0.9433, "EPL_SNGPNT": 0.4567, "EPL_LIMENG": 0.0, "SPL_THEME2": 2.4896, "RPL_THEME2": 0.4767, "EPL_MINRTY": 0.3648, "SPL_THEME3": 0.3648, "RPL_THEME3": 0.3648, "EPL_MUNIT": 0.9767, "EPL_MOBILE": 0.0, "EPL_CROWD": 0.7533, "EPL_NOVEH": 0.8033, "EPL_GROUPQ": 0.5755, "SPL_THEME4": 3.1088, "RPL_THEME4": 0.8683, "SPL_THEMES": 8.6438, "RPL_THEMES": 0.645, "F_POV150": 0, "F_UNEMP": 0, "F_HBURD": 0, "F_NOHSDP": 0, "F_UNINSUR": 0, "F_THEME1": 0, "F_AGE65": 0, "F_AGE17": 0, "F_DISABL": 1, "F_SNGPNT": 0, "F_LIMENG": 0, "F_THEME2": 1, "F_MINRTY": 0, "F_THEME3": 0, "F_MUNIT": 1, "F_MOBILE": 0, "F_CROWD": 0, "F_NOVEH": 0, "F_GROUPQ": 0, "F_THEME4": 1, "F_TOTAL": 2, "E_DAYPOP": 3458, "E_NOINT": 269, "M_NOINT": 150, "E_AFAM": 71, "M_AFAM": 77, "E_HISP": 1446, "M_HISP": 475, "E_ASIAN": 128, "M_ASIAN": 167, "E_AIAN": 654, "M_AIAN": 404, "E_NHPI": 0, "M_NHPI": 13, "E_TWOMORE": 442, "M_TWOMORE": 246, "E_OTHERRACE": 0, "M_OTHERRACE": 13, "EP_NOINT": 11.5, "MP_NOINT": 6.6, "EP_AFAM": 1.5, "MP_AFAM": 1.6, "EP_HISP": 30.0, "MP_HISP": 9.8, "EP_ASIAN": 2.7, "MP_ASIAN": 3.5, "EP_AIAN": 13.6, "MP_AIAN": 7.8, "EP_NHPI": 0.0, "MP_NHPI": 0.8, "EP_TWOMORE": 9.2, "MP_TWOMORE": 4.9, "EP_OTHERRACE": 0.0, "MP_OTHERRACE": 0.8, "Shape_Length": 0.097307790406777256, "Shape_Area": 0.00032063623500019759 }, "geometry": { "type": "MultiPolygon", "coordinates": [ [ [ [ -106.586426, 35.148036 ], [ -106.58353, 35.147751 ], [ -106.580684, 35.146532 ], [ -106.578, 35.145484 ], [ -106.574364, 35.145341 ], [ -106.570243, 35.145385 ], [ -106.566381, 35.145305 ], [ -106.556566, 35.145282 ], [ -106.553852, 35.146124 ], [ -106.551706, 35.142918 ], [ -106.551158, 35.141212 ], [ -106.551039, 35.14053 ], [ -106.551035, 35.138417 ], [ -106.551061, 35.137487 ], [ -106.550995, 35.130699 ], [ -106.559864, 35.130764 ], [ -106.568664, 35.130763 ], [ -106.568661, 35.138405 ], [ -106.570177, 35.138454 ], [ -106.574885, 35.141708 ], [ -106.576666, 35.142326 ], [ -106.580844, 35.144618 ], [ -106.586467, 35.144901 ], [ -106.586426, 35.148036 ] ] ] ] } },
{ "type": "Feature", "properties": { "OBJECTID": 86, "ST": "35", "STATE": "New Mexico", "ST_ABBR": "NM", "STCNTY": "35001", "COUNTY": "Bernalillo County", "FIPS": "35001003712", "LOCATION": "Census Tract 37.12; Bernalillo County; New Mexico", "AREA_SQMI": 1.0126737310280001, "E_TOTPOP": 5345, "M_TOTPOP": 740, "E_HU": 2356, "M_HU": 368, "E_HH": 2356, "M_HH": 368, "E_POV150": 503, "M_POV150": 261, "E_UNEMP": 365, "M_UNEMP": 300, "E_HBURD": 548, "M_HBURD": 210, "E_NOHSDP": 125, "M_NOHSDP": 84, "E_UNINSUR": 135, "M_UNINSUR": 130, "E_AGE65": 1364, "M_AGE65": 249, "E_AGE17": 709, "M_AGE17": 167, "E_DISABL": 1039, "M_DISABL": 364, "E_SNGPNT": 31, "M_SNGPNT": 35, "E_LIMENG": 19, "M_LIMENG": 78, "E_MINRTY": 2451, "M_MINRTY": 932, "E_MUNIT": 148, "M_MUNIT": 66, "E_MOBILE": 14, "M_MOBILE": 23, "E_CROWD": 0, "M_CROWD": 26, "E_NOVEH": 179, "M_NOVEH": 103, "E_GROUPQ": 94, "M_GROUPQ": 6, "EP_POV150": 9.5, "MP_POV150": 4.8, "EP_UNEMP": 12.4, "MP_UNEMP": 8.4, "EP_HBURD": 23.3, "MP_HBURD": 8.1, "EP_NOHSDP": 2.9, "MP_NOHSDP": 2.0, "EP_UNINSUR": 2.6, "MP_UNINSUR": 2.4, "EP_AGE65": 25.5, "MP_AGE65": 4.5, "EP_AGE17": 13.3, "MP_AGE17": 3.1, "EP_DISABL": 19.7, "MP_DISABL": 5.6, "EP_SNGPNT": 1.3, "MP_SNGPNT": 1.5, "EP_LIMENG": 0.4, "MP_LIMENG": 1.5, "EP_MINRTY": 45.9, "MP_MINRTY": 16.2, "EP_MUNIT": 6.3, "MP_MUNIT": 2.6, "EP_MOBILE": 0.6, "MP_MOBILE": 1.0, "EP_CROWD": 0.0, "MP_CROWD": 1.1, "EP_NOVEH": 7.6, "MP_NOVEH": 4.6, "EP_GROUPQ": 1.8, "MP_GROUPQ": 0.3, "EPL_POV150": 0.105, "EPL_UNEMP": 0.8769, "EPL_HBURD": 0.485, "EPL_NOHSDP": 0.1194, "EPL_UNINSUR": 0.095, "SPL_THEME1": 1.6813, "RPL_THEME1": 0.2283, "EPL_AGE65": 0.8027, "EPL_AGE17": 0.1443, "EPL_DISABL": 0.705, "EPL_SNGPNT": 0.115, "EPL_LIMENG": 0.2123, "SPL_THEME2": 1.9793, "RPL_THEME2": 0.2067, "EPL_MINRTY": 0.2007, "SPL_THEME3": 0.2007, "RPL_THEME3": 0.2007, "EPL_MUNIT": 0.7404, "EPL_MOBILE": 0.2346, "EPL_CROWD": 0.0, "EPL_NOVEH": 0.7133, "EPL_GROUPQ": 0.7595, "SPL_THEME4": 2.4478, "RPL_THEME4": 0.57, "SPL_THEMES": 6.3091, "RPL_THEMES": 0.265, "F_POV150": 0, "F_UNEMP": 0, "F_HBURD": 0, "F_NOHSDP": 0, "F_UNINSUR": 0, "F_THEME1": 0, "F_AGE65": 0, "F_AGE17": 0, "F_DISABL": 0, "F_SNGPNT": 0, "F_LIMENG": 0, "F_THEME2": 0, "F_MINRTY": 0, "F_THEME3": 0, "F_MUNIT": 0, "F_MOBILE": 0, "F_CROWD": 0, "F_NOVEH": 0, "F_GROUPQ": 0, "F_THEME4": 0, "F_TOTAL": 0, "E_DAYPOP": 3816, "E_NOINT": 182, "M_NOINT": 98, "E_AFAM": 13, "M_AFAM": 21, "E_HISP": 2028, "M_HISP": 471, "E_ASIAN": 74, "M_ASIAN": 62, "E_AIAN": 238, "M_AIAN": 218, "E_NHPI": 0, "M_NHPI": 19, "E_TWOMORE": 98, "M_TWOMORE": 88, "E_OTHERRACE": 0, "M_OTHERRACE": 19, "EP_NOINT": 7.7, "MP_NOINT": 4.6, "EP_AFAM": 0.2, "MP_AFAM": 0.4, "EP_HISP": 37.9, "MP_HISP": 6.0, "EP_ASIAN": 1.4, "MP_ASIAN": 1.2, "EP_AIAN": 4.5, "MP_AIAN": 4.1, "EP_NHPI": 0.0, "MP_NHPI": 0.7, "EP_TWOMORE": 1.8, "MP_TWOMORE": 1.7, "EP_OTHERRACE": 0.0, "MP_OTHERRACE": 0.7, "Shape_Length": 0.06510772072484311, "Shape_Area": 0.00026004042000024092 }, "geometry": { "type": "MultiPolygon", "coordinates": [ [ [ [ -106.559934, 35.167031 ], [ -106.559936, 35.174268 ], [ -106.553915, 35.174052 ], [ -106.551096, 35.174058 ], [ -106.542244, 35.174487 ], [ -106.54225, 35.166411 ], [ -106.542252, 35.164995 ], [ -106.54225, 35.15955 ], [ -106.555277, 35.159469 ], [ -106.559901, 35.159456 ], [ -106.559969, 35.166302 ], [ -106.559934, 35.167031 ] ] ] ] } },
{ "type": "Feature", "properties": { "OBJECTID": 87, "ST": "35", "STATE": "New Mexico", "ST_ABBR": "NM", "STCNTY": "35001", "COUNTY": "Bernalillo County", "FIPS": "35001003715", "LOCATION": "Census Tract 37.15; Bernalillo County; New Mexico", "AREA_SQMI": 1.5301592917919999, "E_TOTPOP": 3797, "M_TOTPOP": 446, "E_HU": 2067, "M_HU": 282, "E_HH": 1941, "M_HH": 291, "E_POV150": 189, "M_POV150": 87, "E_UNEMP": 78, "M_UNEMP": 47, "E_HBURD": 441, "M_HBURD": 152, "E_NOHSDP": 63, "M_NOHSDP": 46, "E_UNINSUR": 147, "M_UNINSUR": 111, "E_AGE65": 1255, "M_AGE65": 309, "E_AGE17": 511, "M_AGE17": 157, "E_DISABL": 553, "M_DISABL": 137, "E_SNGPNT": 54, "M_SNGPNT": 39, "E_LIMENG": 33, "M_LIMENG": 54, "E_MINRTY": 1264, "M_MINRTY": 650, "E_MUNIT": 107, "M_MUNIT": 82, "E_MOBILE": 0, "M_MOBILE": 13, "E_CROWD": 0, "M_CROWD": 18, "E_NOVEH": 84, "M_NOVEH": 50, "E_GROUPQ": 0, "M_GROUPQ": 13, "EP_POV150": 5.0, "MP_POV150": 2.2, "EP_UNEMP": 4.1, "MP_UNEMP": 2.5, "EP_HBURD": 22.7, "MP_HBURD": 7.1, "EP_NOHSDP": 2.0, "MP_NOHSDP": 1.5, "EP_UNINSUR": 3.9, "MP_UNINSUR": 2.9, "EP_AGE65": 33.1, "MP_AGE65": 6.4, "EP_AGE17": 13.5, "MP_AGE17": 3.7, "EP_DISABL": 14.6, "MP_DISABL": 3.7, "EP_SNGPNT": 2.8, "MP_SNGPNT": 2.0, "EP_LIMENG": 0.9, "MP_LIMENG": 1.5, "EP_MINRTY": 33.3, "MP_MINRTY": 16.7, "EP_MUNIT": 5.1, "MP_MUNIT": 3.9, "EP_MOBILE": 0.0, "MP_MOBILE": 1.9, "EP_CROWD": 0.0, "MP_CROWD": 0.9, "EP_NOVEH": 4.3, "MP_NOVEH": 2.8, "EP_GROUPQ": 0.0, "MP_GROUPQ": 0.3, "EPL_POV150": 0.0283, "EPL_UNEMP": 0.3627, "EPL_HBURD": 0.4633, "EPL_NOHSDP": 0.073, "EPL_UNINSUR": 0.195, "SPL_THEME1": 1.1223, "RPL_THEME1": 0.075, "EPL_AGE65": 0.9121, "EPL_AGE17": 0.1476, "EPL_DISABL": 0.42, "EPL_SNGPNT": 0.2133, "EPL_LIMENG": 0.3234, "SPL_THEME2": 2.0164, "RPL_THEME2": 0.235, "EPL_MINRTY": 0.0896, "SPL_THEME3": 0.0896, "RPL_THEME3": 0.0896, "EPL_MUNIT": 0.7038, "EPL_MOBILE": 0.0, "EPL_CROWD": 0.0, "EPL_NOVEH": 0.5317, "EPL_GROUPQ": 0.0, "SPL_THEME4": 1.2355, "RPL_THEME4": 0.1133, "SPL_THEMES": 4.4638, "RPL_THEMES": 0.0783, "F_POV150": 0, "F_UNEMP": 0, "F_HBURD": 0, "F_NOHSDP": 0, "F_UNINSUR": 0, "F_THEME1": 0, "F_AGE65": 1, "F_AGE17": 0, "F_DISABL": 0, "F_SNGPNT": 0, "F_LIMENG": 0, "F_THEME2": 1, "F_MINRTY": 0, "F_THEME3": 0, "F_MUNIT": 0, "F_MOBILE": 0, "F_CROWD": 0, "F_NOVEH": 0, "F_GROUPQ": 0, "F_THEME4": 0, "F_TOTAL": 1, "E_DAYPOP": 3516, "E_NOINT": 299, "M_NOINT": 263, "E_AFAM": 43, "M_AFAM": 39, "E_HISP": 988, "M_HISP": 174, "E_ASIAN": 75, "M_ASIAN": 51, "E_AIAN": 28, "M_AIAN": 22, "E_NHPI": 9, "M_NHPI": 14, "E_TWOMORE": 121, "M_TWOMORE": 83, "E_OTHERRACE": 0, "M_OTHERRACE": 13, "EP_NOINT": 15.4, "MP_NOINT": 11.8, "EP_AFAM": 1.1, "MP_AFAM": 1.0, "EP_HISP": 26.0, "MP_HISP": 5.3, "EP_ASIAN": 2.0, "MP_ASIAN": 1.4, "EP_AIAN": 0.7, "MP_AIAN": 0.6, "EP_NHPI": 0.2, "MP_NHPI": 0.4, "EP_TWOMORE": 3.2, "MP_TWOMORE": 2.2, "EP_OTHERRACE": 0.0, "MP_OTHERRACE": 1.0, "Shape_Length": 0.09551618653295478, "Shape_Area": 0.00039328963849959977 }, "geometry": { "type": "MultiPolygon", "coordinates": [ [ [ [ -106.561039, 35.154077 ], [ -106.559861, 35.157843 ], [ -106.559872, 35.158894 ], [ -106.559901, 35.159456 ], [ -106.555277, 35.159469 ], [ -106.54225, 35.15955 ], [ -106.533726, 35.159477 ], [ -106.533435, 35.159747 ], [ -106.524662, 35.159716 ], [ -106.524388, 35.158907 ], [ -106.524521, 35.154364 ], [ -106.524818, 35.151959 ], [ -106.526928, 35.148778 ], [ -106.52938, 35.145703 ], [ -106.532914, 35.147394 ], [ -106.537449, 35.147823 ], [ -106.538963, 35.148862 ], [ -106.539664, 35.14995 ], [ -106.539867, 35.151317 ], [ -106.542147, 35.151023 ], [ -106.547816, 35.148708 ], [ -106.553852, 35.146124 ], [ -106.554851, 35.147409 ], [ -106.560435, 35.151895 ], [ -106.56068, 35.152427 ], [ -106.561039, 35.154077 ] ] ] ] } },
{ "type": "Feature", "properties": { "OBJECTID": 88, "ST": "35", "STATE": "New Mexico", "ST_ABBR": "NM", "STCNTY": "35001", "COUNTY": "Bernalillo County", "FIPS": "35001003717", "LOCATION": "Census Tract 37.17; Bernalillo County; New Mexico", "AREA_SQMI": 0.88078244613400003, "E_TOTPOP": 4882, "M_TOTPOP": 660, "E_HU": 2669, "M_HU": 321, "E_HH": 2546, "M_HH": 347, "E_POV150": 795, "M_POV150": 398, "E_UNEMP": 51, "M_UNEMP": 50, "E_HBURD": 816, "M_HBURD": 328, "E_NOHSDP": 37, "M_NOHSDP": 38, "E_UNINSUR": 109, "M_UNINSUR": 108, "E_AGE65": 1438, "M_AGE65": 398, "E_AGE17": 697, "M_AGE17": 267, "E_DISABL": 633, "M_DISABL": 208, "E_SNGPNT": 0, "M_SNGPNT": 18, "E_LIMENG": 0, "M_LIMENG": 52, "E_MINRTY": 2382, "M_MINRTY": 819, "E_MUNIT": 529, "M_MUNIT": 277, "E_MOBILE": 0, "M_MOBILE": 13, "E_CROWD": 109, "M_CROWD": 143, "E_NOVEH": 396, "M_NOVEH": 259, "E_GROUPQ": 20, "M_GROUPQ": 6, "EP_POV150": 16.3, "MP_POV150": 7.9, "EP_UNEMP": 2.0, "MP_UNEMP": 1.9, "EP_HBURD": 32.1, "MP_HBURD": 12.1, "EP_NOHSDP": 0.9, "MP_NOHSDP": 0.9, "EP_UNINSUR": 2.2, "MP_UNINSUR": 2.1, "EP_AGE65": 29.5, "MP_AGE65": 8.0, "EP_AGE17": 14.3, "MP_AGE17": 4.9, "EP_DISABL": 13.1, "MP_DISABL": 4.1, "EP_SNGPNT": 0.0, "MP_SNGPNT": 0.7, "EP_LIMENG": 0.0, "MP_LIMENG": 1.1, "EP_MINRTY": 48.8, "MP_MINRTY": 15.4, "EP_MUNIT": 19.8, "MP_MUNIT": 10.1, "EP_MOBILE": 0.0, "MP_MOBILE": 1.5, "EP_CROWD": 4.3, "MP_CROWD": 5.6, "EP_NOVEH": 15.6, "MP_NOVEH": 9.7, "EP_GROUPQ": 0.4, "MP_GROUPQ": 0.1, "EPL_POV150": 0.2267, "EPL_UNEMP": 0.1581, "EPL_HBURD": 0.7417, "EPL_NOHSDP": 0.0348, "EPL_UNINSUR": 0.0767, "SPL_THEME1": 1.238, "RPL_THEME1": 0.0983, "EPL_AGE65": 0.869, "EPL_AGE17": 0.1725, "EPL_DISABL": 0.31, "EPL_SNGPNT": 0.0, "EPL_LIMENG": 0.0, "SPL_THEME2": 1.3515, "RPL_THEME2": 0.0283, "EPL_MINRTY": 0.2405, "SPL_THEME3": 0.2405, "RPL_THEME3": 0.2405, "EPL_MUNIT": 0.9068, "EPL_MOBILE": 0.0, "EPL_CROWD": 0.6917, "EPL_NOVEH": 0.9217, "EPL_GROUPQ": 0.5755, "SPL_THEME4": 3.0957, "RPL_THEME4": 0.8617, "SPL_THEMES": 5.9257, "RPL_THEMES": 0.2133, "F_POV150": 0, "F_UNEMP": 0, "F_HBURD": 0, "F_NOHSDP": 0, "F_UNINSUR": 0, "F_THEME1": 0, "F_AGE65": 0, "F_AGE17": 0, "F_DISABL": 0, "F_SNGPNT": 0, "F_LIMENG": 0, "F_THEME2": 0, "F_MINRTY": 0, "F_THEME3": 0, "F_MUNIT": 1, "F_MOBILE": 0, "F_CROWD": 0, "F_NOVEH": 1, "F_GROUPQ": 0, "F_THEME4": 2, "F_TOTAL": 2, "E_DAYPOP": 3383, "E_NOINT": 322, "M_NOINT": 200, "E_AFAM": 33, "M_AFAM": 38, "E_HISP": 1892, "M_HISP": 696, "E_ASIAN": 413, "M_ASIAN": 524, "E_AIAN": 0, "M_AIAN": 13, "E_NHPI": 0, "M_NHPI": 13, "E_TWOMORE": 44, "M_TWOMORE": 49, "E_OTHERRACE": 0, "M_OTHERRACE": 13, "EP_NOINT": 12.6, "MP_NOINT": 7.3, "EP_AFAM": 0.7, "MP_AFAM": 0.8, "EP_HISP": 38.8, "MP_HISP": 13.0, "EP_ASIAN": 8.5, "MP_ASIAN": 10.7, "EP_AIAN": 0.0, "MP_AIAN": 0.8, "EP_NHPI": 0.0, "MP_NHPI": 0.8, "EP_TWOMORE": 0.9, "MP_TWOMORE": 1.0, "EP_OTHERRACE": 0.0, "MP_OTHERRACE": 0.8, "Shape_Length": 0.064027717521509681, "Shape_Area": 0.00022730023950044906 }, "geometry": { "type": "MultiPolygon", "coordinates": [ [ [ [ -106.553852, 35.146124 ], [ -106.547816, 35.148708 ], [ -106.542147, 35.151023 ], [ -106.539867, 35.151317 ], [ -106.539664, 35.14995 ], [ -106.538963, 35.148862 ], [ -106.537449, 35.147823 ], [ -106.532914, 35.147394 ], [ -106.52938, 35.145703 ], [ -106.531477, 35.143107 ], [ -106.533121, 35.140538 ], [ -106.533363, 35.138894 ], [ -106.5334, 35.137111 ], [ -106.540175, 35.137394 ], [ -106.542181, 35.137203 ], [ -106.545903, 35.137326 ], [ -106.551035, 35.138417 ], [ -106.551039, 35.14053 ], [ -106.551158, 35.141212 ], [ -106.551706, 35.142918 ], [ -106.553852, 35.146124 ] ] ] ] } },
{ "type": "Feature", "properties": { "OBJECTID": 89, "ST": "35", "STATE": "New Mexico", "ST_ABBR": "NM", "STCNTY": "35001", "COUNTY": "Bernalillo County", "FIPS": "35001003718", "LOCATION": "Census Tract 37.18; Bernalillo County; New Mexico", "AREA_SQMI": 0.47025254479799999, "E_TOTPOP": 2858, "M_TOTPOP": 439, "E_HU": 1196, "M_HU": 147, "E_HH": 1142, "M_HH": 151, "E_POV150": 412, "M_POV150": 183, "E_UNEMP": 114, "M_UNEMP": 96, "E_HBURD": 420, "M_HBURD": 159, "E_NOHSDP": 136, "M_NOHSDP": 69, "E_UNINSUR": 224, "M_UNINSUR": 118, "E_AGE65": 610, "M_AGE65": 182, "E_AGE17": 531, "M_AGE17": 118, "E_DISABL": 578, "M_DISABL": 180, "E_SNGPNT": 42, "M_SNGPNT": 35, "E_LIMENG": 7, "M_LIMENG": 52, "E_MINRTY": 1538, "M_MINRTY": 501, "E_MUNIT": 304, "M_MUNIT": 126, "E_MOBILE": 0, "M_MOBILE": 13, "E_CROWD": 50, "M_CROWD": 31, "E_NOVEH": 0, "M_NOVEH": 13, "E_GROUPQ": 0, "M_GROUPQ": 13, "EP_POV150": 14.4, "MP_POV150": 6.0, "EP_UNEMP": 7.5, "MP_UNEMP": 6.0, "EP_HBURD": 36.8, "MP_HBURD": 13.0, "EP_NOHSDP": 6.4, "MP_NOHSDP": 3.0, "EP_UNINSUR": 7.9, "MP_UNINSUR": 4.1, "EP_AGE65": 21.3, "MP_AGE65": 5.1, "EP_AGE17": 18.6, "MP_AGE17": 3.7, "EP_DISABL": 20.4, "MP_DISABL": 5.3, "EP_SNGPNT": 3.7, "MP_SNGPNT": 3.0, "EP_LIMENG": 0.3, "MP_LIMENG": 1.9, "EP_MINRTY": 53.8, "MP_MINRTY": 15.5, "EP_MUNIT": 25.5, "MP_MUNIT": 10.1, "EP_MOBILE": 0.0, "MP_MOBILE": 3.3, "EP_CROWD": 4.4, "MP_CROWD": 2.7, "EP_NOVEH": 0.0, "MP_NOVEH": 3.4, "EP_GROUPQ": 0.0, "MP_GROUPQ": 0.5, "EPL_POV150": 0.19, "EPL_UNEMP": 0.6672, "EPL_HBURD": 0.8333, "EPL_NOHSDP": 0.3002, "EPL_UNINSUR": 0.4933, "SPL_THEME1": 2.484, "RPL_THEME1": 0.495, "EPL_AGE65": 0.6766, "EPL_AGE17": 0.3383, "EPL_DISABL": 0.7333, "EPL_SNGPNT": 0.2867, "EPL_LIMENG": 0.1891, "SPL_THEME2": 2.224, "RPL_THEME2": 0.32, "EPL_MINRTY": 0.3234, "SPL_THEME3": 0.3234, "RPL_THEME3": 0.3234, "EPL_MUNIT": 0.9268, "EPL_MOBILE": 0.0, "EPL_CROWD": 0.7033, "EPL_NOVEH": 0.0, "EPL_GROUPQ": 0.0, "SPL_THEME4": 1.6301, "RPL_THEME4": 0.2283, "SPL_THEMES": 6.6615, "RPL_THEMES": 0.3133, "F_POV150": 0, "F_UNEMP": 0, "F_HBURD": 0, "F_NOHSDP": 0, "F_UNINSUR": 0, "F_THEME1": 0, "F_AGE65": 0, "F_AGE17": 0, "F_DISABL": 0, "F_SNGPNT": 0, "F_LIMENG": 0, "F_THEME2": 0, "F_MINRTY": 0, "F_THEME3": 0, "F_MUNIT": 1, "F_MOBILE": 0, "F_CROWD": 0, "F_NOVEH": 0, "F_GROUPQ": 0, "F_THEME4": 1, "F_TOTAL": 1, "E_DAYPOP": 2283, "E_NOINT": 63, "M_NOINT": 61, "E_AFAM": 132, "M_AFAM": 126, "E_HISP": 976, "M_HISP": 239, "E_ASIAN": 112, "M_ASIAN": 91, "E_AIAN": 59, "M_AIAN": 62, "E_NHPI": 0, "M_NHPI": 13, "E_TWOMORE": 259, "M_TWOMORE": 131, "E_OTHERRACE": 0, "M_OTHERRACE": 13, "EP_NOINT": 5.5, "MP_NOINT": 5.1, "EP_AFAM": 4.6, "MP_AFAM": 4.0, "EP_HISP": 34.1, "MP_HISP": 6.1, "EP_ASIAN": 3.9, "MP_ASIAN": 3.2, "EP_AIAN": 2.1, "MP_AIAN": 2.1, "EP_NHPI": 0.0, "MP_NHPI": 1.4, "EP_TWOMORE": 9.1, "MP_TWOMORE": 4.2, "EP_OTHERRACE": 0.0, "MP_OTHERRACE": 1.4, "Shape_Length": 0.049611799617325446, "Shape_Area": 0.00011953809549952705 }, "geometry": { "type": "MultiPolygon", "coordinates": [ [ [ [ -106.551035, 35.138417 ], [ -106.545903, 35.137326 ], [ -106.542181, 35.137203 ], [ -106.540175, 35.137394 ], [ -106.5334, 35.137111 ], [ -106.533336, 35.130644 ], [ -106.54214, 35.13067 ], [ -106.545056, 35.130678 ], [ -106.547719, 35.130694 ], [ -106.550995, 35.130699 ], [ -106.551061, 35.137487 ], [ -106.551035, 35.138417 ] ] ] ] } },
{ "type": "Feature", "properties": { "OBJECTID": 90, "ST": "35", "STATE": "New Mexico", "ST_ABBR": "NM", "STCNTY": "35001", "COUNTY": "Bernalillo County", "FIPS": "35001003719", "LOCATION": "Census Tract 37.19; Bernalillo County; New Mexico", "AREA_SQMI": 1.014040146006, "E_TOTPOP": 5313, "M_TOTPOP": 583, "E_HU": 3112, "M_HU": 378, "E_HH": 2880, "M_HH": 366, "E_POV150": 685, "M_POV150": 367, "E_UNEMP": 22, "M_UNEMP": 35, "E_HBURD": 501, "M_HBURD": 214, "E_NOHSDP": 133, "M_NOHSDP": 64, "E_UNINSUR": 136, "M_UNINSUR": 108, "E_AGE65": 1737, "M_AGE65": 312, "E_AGE17": 691, "M_AGE17": 185, "E_DISABL": 972, "M_DISABL": 242, "E_SNGPNT": 196, "M_SNGPNT": 138, "E_LIMENG": 34, "M_LIMENG": 83, "E_MINRTY": 2056, "M_MINRTY": 824, "E_MUNIT": 858, "M_MUNIT": 291, "E_MOBILE": 0, "M_MOBILE": 19, "E_CROWD": 38, "M_CROWD": 36, "E_NOVEH": 295, "M_NOVEH": 144, "E_GROUPQ": 135, "M_GROUPQ": 18, "EP_POV150": 13.2, "MP_POV150": 6.9, "EP_UNEMP": 0.8, "MP_UNEMP": 1.3, "EP_HBURD": 17.4, "MP_HBURD": 7.1, "EP_NOHSDP": 3.1, "MP_NOHSDP": 1.5, "EP_UNINSUR": 2.6, "MP_UNINSUR": 2.1, "EP_AGE65": 32.7, "MP_AGE65": 5.7, "EP_AGE17": 13.0, "MP_AGE17": 3.5, "EP_DISABL": 18.8, "MP_DISABL": 4.8, "EP_SNGPNT": 6.8, "MP_SNGPNT": 4.7, "EP_LIMENG": 0.7, "MP_LIMENG": 1.6, "EP_MINRTY": 38.7, "MP_MINRTY": 14.9, "EP_MUNIT": 27.6, "MP_MUNIT": 8.7, "EP_MOBILE": 0.0, "MP_MOBILE": 1.3, "EP_CROWD": 1.3, "MP_CROWD": 1.2, "EP_NOVEH": 10.2, "MP_NOVEH": 4.9, "EP_GROUPQ": 2.5, "MP_GROUPQ": 0.2, "EPL_POV150": 0.1667, "EPL_UNEMP": 0.0715, "EPL_HBURD": 0.275, "EPL_NOHSDP": 0.1393, "EPL_UNINSUR": 0.095, "SPL_THEME1": 0.7475, "RPL_THEME1": 0.03, "EPL_AGE65": 0.9055, "EPL_AGE17": 0.1343, "EPL_DISABL": 0.67, "EPL_SNGPNT": 0.565, "EPL_LIMENG": 0.2769, "SPL_THEME2": 2.5517, "RPL_THEME2": 0.52, "EPL_MINRTY": 0.131, "SPL_THEME3": 0.131, "RPL_THEME3": 0.131, "EPL_MUNIT": 0.9351, "EPL_MOBILE": 0.0, "EPL_CROWD": 0.3767, "EPL_NOVEH": 0.8067, "EPL_GROUPQ": 0.8242, "SPL_THEME4": 2.9427, "RPL_THEME4": 0.805, "SPL_THEMES": 6.3729, "RPL_THEMES": 0.2717, "F_POV150": 0, "F_UNEMP": 0, "F_HBURD": 0, "F_NOHSDP": 0, "F_UNINSUR": 0, "F_THEME1": 0, "F_AGE65": 1, "F_AGE17": 0, "F_DISABL": 0, "F_SNGPNT": 0, "F_LIMENG": 0, "F_THEME2": 1, "F_MINRTY": 0, "F_THEME3": 0, "F_MUNIT": 1, "F_MOBILE": 0, "F_CROWD": 0, "F_NOVEH": 0, "F_GROUPQ": 0, "F_THEME4": 1, "F_TOTAL": 2, "E_DAYPOP": 5428, "E_NOINT": 765, "M_NOINT": 342, "E_AFAM": 99, "M_AFAM": 158, "E_HISP": 1559, "M_HISP": 394, "E_ASIAN": 103, "M_ASIAN": 48, "E_AIAN": 15, "M_AIAN": 21, "E_NHPI": 0, "M_NHPI": 19, "E_TWOMORE": 241, "M_TWOMORE": 172, "E_OTHERRACE": 39, "M_OTHERRACE": 46, "EP_NOINT": 26.6, "MP_NOINT": 10.6, "EP_AFAM": 1.9, "MP_AFAM": 2.9, "EP_HISP": 29.3, "MP_HISP": 6.7, "EP_ASIAN": 1.9, "MP_ASIAN": 1.0, "EP_AIAN": 0.3, "MP_AIAN": 0.4, "EP_NHPI": 0.0, "MP_NHPI": 0.7, "EP_TWOMORE": 4.5, "MP_TWOMORE": 3.3, "EP_OTHERRACE": 0.7, "MP_OTHERRACE": 0.9, "Shape_Length": 0.088832356860594527, "Shape_Area": 0.00025782103100001254 }, "geometry": { "type": "MultiPolygon", "coordinates": [ [ [ [ -106.5334, 35.137111 ], [ -106.528669, 35.135194 ], [ -106.524495, 35.135431 ], [ -106.522653, 35.135576 ], [ -106.515775, 35.13765 ], [ -106.511233, 35.139242 ], [ -106.50501, 35.139948 ], [ -106.499789, 35.141414 ], [ -106.498097, 35.140773 ], [ -106.497893, 35.140737 ], [ -106.497873, 35.137728 ], [ -106.497886, 35.130655 ], [ -106.498078, 35.130651 ], [ -106.500258, 35.130651 ], [ -106.506028, 35.13067 ], [ -106.50795, 35.130676 ], [ -106.515082, 35.130684 ], [ -106.515681, 35.13066 ], [ -106.524512, 35.130692 ], [ -106.533336, 35.130644 ], [ -106.5334, 35.137111 ] ] ] ] } },
{ "type": "Feature", "properties": { "OBJECTID": 91, "ST": "35", "STATE": "New Mexico", "ST_ABBR": "NM", "STCNTY": "35001", "COUNTY": "Bernalillo County", "FIPS": "35001003722", "LOCATION": "Census Tract 37.22; Bernalillo County; New Mexico", "AREA_SQMI": 2.1395035376820002, "E_TOTPOP": 7019, "M_TOTPOP": 1372, "E_HU": 2590, "M_HU": 333, "E_HH": 2452, "M_HH": 356, "E_POV150": 1111, "M_POV150": 1183, "E_UNEMP": 397, "M_UNEMP": 290, "E_HBURD": 510, "M_HBURD": 326, "E_NOHSDP": 162, "M_NOHSDP": 117, "E_UNINSUR": 344, "M_UNINSUR": 198, "E_AGE65": 808, "M_AGE65": 210, "E_AGE17": 2108, "M_AGE17": 758, "E_DISABL": 453, "M_DISABL": 166, "E_SNGPNT": 165, "M_SNGPNT": 89, "E_LIMENG": 162, "M_LIMENG": 121, "E_MINRTY": 4506, "M_MINRTY": 1462, "E_MUNIT": 159, "M_MUNIT": 132, "E_MOBILE": 27, "M_MOBILE": 43, "E_CROWD": 10, "M_CROWD": 25, "E_NOVEH": 27, "M_NOVEH": 43, "E_GROUPQ": 2, "M_GROUPQ": 17, "EP_POV150": 16.0, "MP_POV150": 16.7, "EP_UNEMP": 10.8, "MP_UNEMP": 6.7, "EP_HBURD": 20.8, "MP_HBURD": 12.9, "EP_NOHSDP": 3.7, "MP_NOHSDP": 2.6, "EP_UNINSUR": 4.9, "MP_UNINSUR": 2.9, "EP_AGE65": 11.5, "MP_AGE65": 3.6, "EP_AGE17": 30.0, "MP_AGE17": 5.9, "EP_DISABL": 6.5, "MP_DISABL": 2.7, "EP_SNGPNT": 6.7, "MP_SNGPNT": 3.5, "EP_LIMENG": 2.5, "MP_LIMENG": 1.8, "EP_MINRTY": 64.2, "MP_MINRTY": 16.6, "EP_MUNIT": 6.1, "MP_MUNIT": 5.0, "EP_MOBILE": 1.0, "MP_MOBILE": 1.7, "EP_CROWD": 0.4, "MP_CROWD": 1.0, "EP_NOVEH": 1.1, "MP_NOVEH": 1.8, "EP_GROUPQ": 0.0, "MP_GROUPQ": 0.2, "EPL_POV150": 0.215, "EPL_UNEMP": 0.807, "EPL_HBURD": 0.4, "EPL_NOHSDP": 0.1675, "EPL_UNINSUR": 0.2567, "SPL_THEME1": 1.8462, "RPL_THEME1": 0.2733, "EPL_AGE65": 0.1808, "EPL_AGE17": 0.8789, "EPL_DISABL": 0.0283, "EPL_SNGPNT": 0.5583, "EPL_LIMENG": 0.5821, "SPL_THEME2": 2.2284, "RPL_THEME2": 0.3233, "EPL_MINRTY": 0.5174, "SPL_THEME3": 0.5174, "RPL_THEME3": 0.5174, "EPL_MUNIT": 0.7304, "EPL_MOBILE": 0.2646, "EPL_CROWD": 0.2433, "EPL_NOVEH": 0.195, "EPL_GROUPQ": 0.0, "SPL_THEME4": 1.4333, "RPL_THEME4": 0.165, "SPL_THEMES": 6.0253, "RPL_THEMES": 0.23, "F_POV150": 0, "F_UNEMP": 0, "F_HBURD": 0, "F_NOHSDP": 0, "F_UNINSUR": 0, "F_THEME1": 0, "F_AGE65": 0, "F_AGE17": 0, "F_DISABL": 0, "F_SNGPNT": 0, "F_LIMENG": 0, "F_THEME2": 0, "F_MINRTY": 0, "F_THEME3": 0, "F_MUNIT": 0, "F_MOBILE": 0, "F_CROWD": 0, "F_NOVEH": 0, "F_GROUPQ": 0, "F_THEME4": 0, "F_TOTAL": 0, "E_DAYPOP": 5031, "E_NOINT": 227, "M_NOINT": 166, "E_AFAM": 132, "M_AFAM": 140, "E_HISP": 1683, "M_HISP": 477, "E_ASIAN": 1597, "M_ASIAN": 418, "E_AIAN": 0, "M_AIAN": 19, "E_NHPI": 0, "M_NHPI": 19, "E_TWOMORE": 1063, "M_TWOMORE": 1176, "E_OTHERRACE": 31, "M_OTHERRACE": 49, "EP_NOINT": 9.3, "MP_NOINT": 6.5, "EP_AFAM": 1.9, "MP_AFAM": 2.0, "EP_HISP": 24.0, "MP_HISP": 6.9, "EP_ASIAN": 22.8, "MP_ASIAN": 7.4, "EP_AIAN": 0.0, "MP_AIAN": 0.6, "EP_NHPI": 0.0, "MP_NHPI": 0.6, "EP_TWOMORE": 15.1, "MP_TWOMORE": 14.5, "EP_OTHERRACE": 0.4, "MP_OTHERRACE": 0.7, "Shape_Length": 0.094785834909213398, "Shape_Area": 0.00055024118250067444 }, "geometry": { "type": "MultiPolygon", "coordinates": [ [ [ [ -106.581326, 35.184758 ], [ -106.580794, 35.188319 ], [ -106.577764, 35.20163 ], [ -106.570775, 35.200936 ], [ -106.564336, 35.200314 ], [ -106.56058, 35.199943 ], [ -106.560439, 35.199448 ], [ -106.559922, 35.197624 ], [ -106.559937, 35.194675 ], [ -106.560114, 35.193134 ], [ -106.560105, 35.191684 ], [ -106.559841, 35.18827 ], [ -106.559913, 35.184457 ], [ -106.559936, 35.174268 ], [ -106.568775, 35.174517 ], [ -106.57181, 35.174566 ], [ -106.577574, 35.174313 ], [ -106.578727, 35.174217 ], [ -106.583722, 35.174352 ], [ -106.581326, 35.184758 ] ] ] ] } },
{ "type": "Feature", "properties": { "OBJECTID": 92, "ST": "35", "STATE": "New Mexico", "ST_ABBR": "NM", "STCNTY": "35001", "COUNTY": "Bernalillo County", "FIPS": "35001003723", "LOCATION": "Census Tract 37.23; Bernalillo County; New Mexico", "AREA_SQMI": 1.451821126502, "E_TOTPOP": 6463, "M_TOTPOP": 656, "E_HU": 3764, "M_HU": 449, "E_HH": 3280, "M_HH": 404, "E_POV150": 1988, "M_POV150": 755, "E_UNEMP": 148, "M_UNEMP": 168, "E_HBURD": 1024, "M_HBURD": 301, "E_NOHSDP": 758, "M_NOHSDP": 391, "E_UNINSUR": 115, "M_UNINSUR": 91, "E_AGE65": 1691, "M_AGE65": 298, "E_AGE17": 996, "M_AGE17": 245, "E_DISABL": 1584, "M_DISABL": 357, "E_SNGPNT": 169, "M_SNGPNT": 105, "E_LIMENG": 244, "M_LIMENG": 357, "E_MINRTY": 3827, "M_MINRTY": 817, "E_MUNIT": 540, "M_MUNIT": 194, "E_MOBILE": 1761, "M_MOBILE": 410, "E_CROWD": 22, "M_CROWD": 46, "E_NOVEH": 343, "M_NOVEH": 182, "E_GROUPQ": 20, "M_GROUPQ": 6, "EP_POV150": 30.8, "MP_POV150": 11.3, "EP_UNEMP": 4.5, "MP_UNEMP": 5.0, "EP_HBURD": 31.2, "MP_HBURD": 8.3, "EP_NOHSDP": 14.8, "MP_NOHSDP": 7.2, "EP_UNINSUR": 1.8, "MP_UNINSUR": 1.4, "EP_AGE65": 26.2, "MP_AGE65": 4.4, "EP_AGE17": 15.4, "MP_AGE17": 3.4, "EP_DISABL": 24.6, "MP_DISABL": 5.6, "EP_SNGPNT": 5.2, "MP_SNGPNT": 3.1, "EP_LIMENG": 3.9, "MP_LIMENG": 5.7, "EP_MINRTY": 59.2, "MP_MINRTY": 11.1, "EP_MUNIT": 14.4, "MP_MUNIT": 4.9, "EP_MOBILE": 46.8, "MP_MOBILE": 8.7, "EP_CROWD": 0.7, "MP_CROWD": 1.4, "EP_NOVEH": 10.5, "MP_NOVEH": 5.5, "EP_GROUPQ": 0.3, "MP_GROUPQ": 0.1, "EPL_POV150": 0.5417, "EPL_UNEMP": 0.3943, "EPL_HBURD": 0.7183, "EPL_NOHSDP": 0.6219, "EPL_UNINSUR": 0.0567, "SPL_THEME1": 2.3329, "RPL_THEME1": 0.4417, "EPL_AGE65": 0.8176, "EPL_AGE17": 0.2007, "EPL_DISABL": 0.8783, "EPL_SNGPNT": 0.4167, "EPL_LIMENG": 0.7015, "SPL_THEME2": 3.0148, "RPL_THEME2": 0.8267, "EPL_MINRTY": 0.4113, "SPL_THEME3": 0.4113, "RPL_THEME3": 0.4113, "EPL_MUNIT": 0.8702, "EPL_MOBILE": 0.9018, "EPL_CROWD": 0.2917, "EPL_NOVEH": 0.8183, "EPL_GROUPQ": 0.539, "SPL_THEME4": 3.421, "RPL_THEME4": 0.9317, "SPL_THEMES": 9.18, "RPL_THEMES": 0.7317, "F_POV150": 0, "F_UNEMP": 0, "F_HBURD": 0, "F_NOHSDP": 0, "F_UNINSUR": 0, "F_THEME1": 0, "F_AGE65": 0, "F_AGE17": 0, "F_DISABL": 0, "F_SNGPNT": 0, "F_LIMENG": 0, "F_THEME2": 0, "F_MINRTY": 0, "F_THEME3": 0, "F_MUNIT": 0, "F_MOBILE": 1, "F_CROWD": 0, "F_NOVEH": 0, "F_GROUPQ": 0, "F_THEME4": 1, "F_TOTAL": 1, "E_DAYPOP": 8057, "E_NOINT": 731, "M_NOINT": 380, "E_AFAM": 47, "M_AFAM": 46, "E_HISP": 3022, "M_HISP": 585, "E_ASIAN": 410, "M_ASIAN": 273, "E_AIAN": 278, "M_AIAN": 163, "E_NHPI": 0, "M_NHPI": 19, "E_TWOMORE": 70, "M_TWOMORE": 75, "E_OTHERRACE": 0, "M_OTHERRACE": 19, "EP_NOINT": 22.3, "MP_NOINT": 9.9, "EP_AFAM": 0.7, "MP_AFAM": 0.7, "EP_HISP": 46.8, "MP_HISP": 6.2, "EP_ASIAN": 6.3, "MP_ASIAN": 4.3, "EP_AIAN": 4.3, "MP_AIAN": 2.5, "EP_NHPI": 0.0, "MP_NHPI": 0.6, "EP_TWOMORE": 1.1, "MP_TWOMORE": 1.2, "EP_OTHERRACE": 0.0, "MP_OTHERRACE": 0.6, "Shape_Length": 0.081127999967855288, "Shape_Area": 0.00037153786349970795 }, "geometry": { "type": "MultiPolygon", "coordinates": [ [ [ [ -106.58693, 35.16027 ], [ -106.583722, 35.174352 ], [ -106.578727, 35.174217 ], [ -106.577574, 35.174313 ], [ -106.57181, 35.174566 ], [ -106.568775, 35.174517 ], [ -106.559936, 35.174268 ], [ -106.559934, 35.167031 ], [ -106.559969, 35.166302 ], [ -106.559901, 35.159456 ], [ -106.559872, 35.158894 ], [ -106.561809, 35.15898 ], [ -106.562812, 35.159268 ], [ -106.563608, 35.159357 ], [ -106.563609, 35.159738 ], [ -106.568787, 35.159887 ], [ -106.577589, 35.159883 ], [ -106.584487, 35.159956 ], [ -106.58693, 35.16027 ] ] ] ] } },
{ "type": "Feature", "properties": { "OBJECTID": 93, "ST": "35", "STATE": "New Mexico", "ST_ABBR": "NM", "STCNTY": "35001", "COUNTY": "Bernalillo County", "FIPS": "35001003724", "LOCATION": "Census Tract 37.24; Bernalillo County; New Mexico", "AREA_SQMI": 0.68397814859200001, "E_TOTPOP": 3246, "M_TOTPOP": 508, "E_HU": 1579, "M_HU": 186, "E_HH": 1579, "M_HH": 186, "E_POV150": 271, "M_POV150": 174, "E_UNEMP": 192, "M_UNEMP": 248, "E_HBURD": 520, "M_HBURD": 238, "E_NOHSDP": 186, "M_NOHSDP": 173, "E_UNINSUR": 112, "M_UNINSUR": 96, "E_AGE65": 1056, "M_AGE65": 234, "E_AGE17": 570, "M_AGE17": 253, "E_DISABL": 478, "M_DISABL": 115, "E_SNGPNT": 92, "M_SNGPNT": 74, "E_LIMENG": 16, "M_LIMENG": 55, "E_MINRTY": 1311, "M_MINRTY": 694, "E_MUNIT": 185, "M_MUNIT": 121, "E_MOBILE": 0, "M_MOBILE": 13, "E_CROWD": 0, "M_CROWD": 18, "E_NOVEH": 14, "M_NOVEH": 22, "E_GROUPQ": 6, "M_GROUPQ": 4, "EP_POV150": 8.3, "MP_POV150": 5.2, "EP_UNEMP": 11.8, "MP_UNEMP": 13.8, "EP_HBURD": 32.9, "MP_HBURD": 14.6, "EP_NOHSDP": 7.5, "MP_NOHSDP": 6.0, "EP_UNINSUR": 3.5, "MP_UNINSUR": 3.1, "EP_AGE65": 32.5, "MP_AGE65": 6.4, "EP_AGE17": 17.6, "MP_AGE17": 6.4, "EP_DISABL": 14.7, "MP_DISABL": 4.2, "EP_SNGPNT": 5.8, "MP_SNGPNT": 4.6, "EP_LIMENG": 0.5, "MP_LIMENG": 1.8, "EP_MINRTY": 40.4, "MP_MINRTY": 20.4, "EP_MUNIT": 11.7, "MP_MUNIT": 7.5, "EP_MOBILE": 0.0, "MP_MOBILE": 2.5, "EP_CROWD": 0.0, "MP_CROWD": 1.1, "EP_NOVEH": 0.9, "MP_NOVEH": 1.4, "EP_GROUPQ": 0.2, "MP_GROUPQ": 0.1, "EPL_POV150": 0.0783, "EPL_UNEMP": 0.8569, "EPL_HBURD": 0.76, "EPL_NOHSDP": 0.3433, "EPL_UNINSUR": 0.1633, "SPL_THEME1": 2.2018, "RPL_THEME1": 0.4, "EPL_AGE65": 0.9038, "EPL_AGE17": 0.2952, "EPL_DISABL": 0.425, "EPL_SNGPNT": 0.4717, "EPL_LIMENG": 0.2371, "SPL_THEME2": 2.3328, "RPL_THEME2": 0.39, "EPL_MINRTY": 0.1493, "SPL_THEME3": 0.1493, "RPL_THEME3": 0.1493, "EPL_MUNIT": 0.8403, "EPL_MOBILE": 0.0, "EPL_CROWD": 0.0, "EPL_NOVEH": 0.1633, "EPL_GROUPQ": 0.5008, "SPL_THEME4": 1.5044, "RPL_THEME4": 0.1867, "SPL_THEMES": 6.1883, "RPL_THEMES": 0.2517, "F_POV150": 0, "F_UNEMP": 0, "F_HBURD": 0, "F_NOHSDP": 0, "F_UNINSUR": 0, "F_THEME1": 0, "F_AGE65": 1, "F_AGE17": 0, "F_DISABL": 0, "F_SNGPNT": 0, "F_LIMENG": 0, "F_THEME2": 1, "F_MINRTY": 0, "F_THEME3": 0, "F_MUNIT": 0, "F_MOBILE": 0, "F_CROWD": 0, "F_NOVEH": 0, "F_GROUPQ": 0, "F_THEME4": 0, "F_TOTAL": 1, "E_DAYPOP": 3017, "E_NOINT": 164, "M_NOINT": 100, "E_AFAM": 157, "M_AFAM": 127, "E_HISP": 981, "M_HISP": 338, "E_ASIAN": 20, "M_ASIAN": 24, "E_AIAN": 51, "M_AIAN": 56, "E_NHPI": 0, "M_NHPI": 13, "E_TWOMORE": 102, "M_TWOMORE": 88, "E_OTHERRACE": 0, "M_OTHERRACE": 13, "EP_NOINT": 10.4, "MP_NOINT": 5.9, "EP_AFAM": 4.8, "MP_AFAM": 3.8, "EP_HISP": 30.2, "MP_HISP": 9.3, "EP_ASIAN": 0.6, "MP_ASIAN": 0.8, "EP_AIAN": 1.6, "MP_AIAN": 1.8, "EP_NHPI": 0.0, "MP_NHPI": 1.2, "EP_TWOMORE": 3.1, "MP_TWOMORE": 2.9, "EP_OTHERRACE": 0.0, "MP_OTHERRACE": 1.2, "Shape_Length": 0.06348071066595376, "Shape_Area": 0.00017513992649968586 }, "geometry": { "type": "MultiPolygon", "coordinates": [ [ [ [ -106.574124, 35.147457 ], [ -106.57198, 35.151574 ], [ -106.570831, 35.152611 ], [ -106.568726, 35.152897 ], [ -106.568787, 35.159887 ], [ -106.563609, 35.159738 ], [ -106.563608, 35.159357 ], [ -106.562812, 35.159268 ], [ -106.561809, 35.15898 ], [ -106.559872, 35.158894 ], [ -106.559861, 35.157843 ], [ -106.561039, 35.154077 ], [ -106.56068, 35.152427 ], [ -106.560435, 35.151895 ], [ -106.554851, 35.147409 ], [ -106.553852, 35.146124 ], [ -106.556566, 35.145282 ], [ -106.566381, 35.145305 ], [ -106.570243, 35.145385 ], [ -106.574364, 35.145341 ], [ -106.574124, 35.147457 ] ] ] ] } },
{ "type": "Feature", "properties": { "OBJECTID": 94, "ST": "35", "STATE": "New Mexico", "ST_ABBR": "NM", "STCNTY": "35001", "COUNTY": "Bernalillo County", "FIPS": "35001003725", "LOCATION": "Census Tract 37.25; Bernalillo County; New Mexico", "AREA_SQMI": 0.864518671588, "E_TOTPOP": 4057, "M_TOTPOP": 496, "E_HU": 2038, "M_HU": 168, "E_HH": 1971, "M_HH": 194, "E_POV150": 1164, "M_POV150": 378, "E_UNEMP": 12, "M_UNEMP": 20, "E_HBURD": 659, "M_HBURD": 221, "E_NOHSDP": 105, "M_NOHSDP": 70, "E_UNINSUR": 172, "M_UNINSUR": 105, "E_AGE65": 1383, "M_AGE65": 431, "E_AGE17": 621, "M_AGE17": 176, "E_DISABL": 747, "M_DISABL": 279, "E_SNGPNT": 23, "M_SNGPNT": 33, "E_LIMENG": 21, "M_LIMENG": 61, "E_MINRTY": 2108, "M_MINRTY": 630, "E_MUNIT": 321, "M_MUNIT": 151, "E_MOBILE": 28, "M_MOBILE": 46, "E_CROWD": 47, "M_CROWD": 59, "E_NOVEH": 20, "M_NOVEH": 28, "E_GROUPQ": 118, "M_GROUPQ": 8, "EP_POV150": 29.5, "MP_POV150": 8.8, "EP_UNEMP": 0.5, "MP_UNEMP": 0.9, "EP_HBURD": 33.4, "MP_HBURD": 10.7, "EP_NOHSDP": 3.3, "MP_NOHSDP": 2.1, "EP_UNINSUR": 4.4, "MP_UNINSUR": 2.6, "EP_AGE65": 34.1, "MP_AGE65": 8.0, "EP_AGE17": 15.3, "MP_AGE17": 4.0, "EP_DISABL": 18.9, "MP_DISABL": 6.6, "EP_SNGPNT": 1.2, "MP_SNGPNT": 1.7, "EP_LIMENG": 0.5, "MP_LIMENG": 1.6, "EP_MINRTY": 52.0, "MP_MINRTY": 14.2, "EP_MUNIT": 15.7, "MP_MUNIT": 7.3, "EP_MOBILE": 1.4, "MP_MOBILE": 2.3, "EP_CROWD": 2.4, "MP_CROWD": 3.0, "EP_NOVEH": 1.0, "MP_NOVEH": 1.4, "EP_GROUPQ": 2.9, "MP_GROUPQ": 0.4, "EPL_POV150": 0.505, "EPL_UNEMP": 0.0549, "EPL_HBURD": 0.7717, "EPL_NOHSDP": 0.1509, "EPL_UNINSUR": 0.2317, "SPL_THEME1": 1.7142, "RPL_THEME1": 0.2333, "EPL_AGE65": 0.9171, "EPL_AGE17": 0.1973, "EPL_DISABL": 0.6733, "EPL_SNGPNT": 0.1083, "EPL_LIMENG": 0.2371, "SPL_THEME2": 2.1331, "RPL_THEME2": 0.2733, "EPL_MINRTY": 0.2968, "SPL_THEME3": 0.2968, "RPL_THEME3": 0.2968, "EPL_MUNIT": 0.8802, "EPL_MOBILE": 0.2812, "EPL_CROWD": 0.5083, "EPL_NOVEH": 0.185, "EPL_GROUPQ": 0.8375, "SPL_THEME4": 2.6922, "RPL_THEME4": 0.6883, "SPL_THEMES": 6.8363, "RPL_THEMES": 0.3333, "F_POV150": 0, "F_UNEMP": 0, "F_HBURD": 0, "F_NOHSDP": 0, "F_UNINSUR": 0, "F_THEME1": 0, "F_AGE65": 1, "F_AGE17": 0, "F_DISABL": 0, "F_SNGPNT": 0, "F_LIMENG": 0, "F_THEME2": 1, "F_MINRTY": 0, "F_THEME3": 0, "F_MUNIT": 0, "F_MOBILE": 0, "F_CROWD": 0, "F_NOVEH": 0, "F_GROUPQ": 0, "F_THEME4": 0, "F_TOTAL": 1, "E_DAYPOP": 3523, "E_NOINT": 177, "M_NOINT": 90, "E_AFAM": 13, "M_AFAM": 17, "E_HISP": 1473, "M_HISP": 329, "E_ASIAN": 34, "M_ASIAN": 94, "E_AIAN": 275, "M_AIAN": 263, "E_NHPI": 0, "M_NHPI": 13, "E_TWOMORE": 313, "M_TWOMORE": 258, "E_OTHERRACE": 0, "M_OTHERRACE": 13, "EP_NOINT": 9.0, "MP_NOINT": 4.3, "EP_AFAM": 0.3, "MP_AFAM": 0.4, "EP_HISP": 36.3, "MP_HISP": 7.7, "EP_ASIAN": 0.8, "MP_ASIAN": 2.3, "EP_AIAN": 6.8, "MP_AIAN": 6.5, "EP_NHPI": 0.0, "MP_NHPI": 1.0, "EP_TWOMORE": 7.7, "MP_TWOMORE": 6.1, "EP_OTHERRACE": 0.0, "MP_OTHERRACE": 1.0, "Shape_Length": 0.061358565394628119, "Shape_Area": 0.00022196191549999681 }, "geometry": { "type": "MultiPolygon", "coordinates": [ [ [ [ -106.588513, 35.153115 ], [ -106.587368, 35.158307 ], [ -106.58693, 35.16027 ], [ -106.584487, 35.159956 ], [ -106.577589, 35.159883 ], [ -106.568787, 35.159887 ], [ -106.568726, 35.152897 ], [ -106.570831, 35.152611 ], [ -106.57198, 35.151574 ], [ -106.574124, 35.147457 ], [ -106.574364, 35.145341 ], [ -106.578, 35.145484 ], [ -106.580684, 35.146532 ], [ -106.58353, 35.147751 ], [ -106.586426, 35.148036 ], [ -106.586439, 35.150372 ], [ -106.586852, 35.151602 ], [ -106.587741, 35.152642 ], [ -106.588513, 35.153115 ] ] ] ] } },
{ "type": "Feature", "properties": { "OBJECTID": 95, "ST": "35", "STATE": "New Mexico", "ST_ABBR": "NM", "STCNTY": "35001", "COUNTY": "Bernalillo County", "FIPS": "35001003726", "LOCATION": "Census Tract 37.26; Bernalillo County; New Mexico", "AREA_SQMI": 0.80305239149399998, "E_TOTPOP": 2286, "M_TOTPOP": 293, "E_HU": 1017, "M_HU": 90, "E_HH": 982, "M_HH": 100, "E_POV150": 77, "M_POV150": 54, "E_UNEMP": 22, "M_UNEMP": 35, "E_HBURD": 136, "M_HBURD": 65, "E_NOHSDP": 6, "M_NOHSDP": 12, "E_UNINSUR": 35, "M_UNINSUR": 43, "E_AGE65": 591, "M_AGE65": 111, "E_AGE17": 465, "M_AGE17": 139, "E_DISABL": 105, "M_DISABL": 58, "E_SNGPNT": 51, "M_SNGPNT": 40, "E_LIMENG": 0, "M_LIMENG": 52, "E_MINRTY": 653, "M_MINRTY": 387, "E_MUNIT": 89, "M_MUNIT": 45, "E_MOBILE": 6, "M_MOBILE": 11, "E_CROWD": 8, "M_CROWD": 17, "E_NOVEH": 5, "M_NOVEH": 9, "E_GROUPQ": 0, "M_GROUPQ": 13, "EP_POV150": 3.4, "MP_POV150": 2.3, "EP_UNEMP": 1.9, "MP_UNEMP": 2.9, "EP_HBURD": 13.8, "MP_HBURD": 6.5, "EP_NOHSDP": 0.3, "MP_NOHSDP": 0.7, "EP_UNINSUR": 1.5, "MP_UNINSUR": 1.9, "EP_AGE65": 25.9, "MP_AGE65": 4.1, "EP_AGE17": 20.3, "MP_AGE17": 4.9, "EP_DISABL": 4.6, "MP_DISABL": 2.4, "EP_SNGPNT": 5.2, "MP_SNGPNT": 4.0, "EP_LIMENG": 0.0, "MP_LIMENG": 2.4, "EP_MINRTY": 28.6, "MP_MINRTY": 16.5, "EP_MUNIT": 8.8, "MP_MUNIT": 4.4, "EP_MOBILE": 0.6, "MP_MOBILE": 1.1, "EP_CROWD": 0.8, "MP_CROWD": 1.7, "EP_NOVEH": 0.5, "MP_NOVEH": 0.9, "EP_GROUPQ": 0.0, "MP_GROUPQ": 0.6, "EPL_POV150": 0.0133, "EPL_UNEMP": 0.1464, "EPL_HBURD": 0.1633, "EPL_NOHSDP": 0.0199, "EPL_UNINSUR": 0.035, "SPL_THEME1": 0.3779, "RPL_THEME1": 0.0083, "EPL_AGE65": 0.8126, "EPL_AGE17": 0.4163, "EPL_DISABL": 0.01, "EPL_SNGPNT": 0.4167, "EPL_LIMENG": 0.0, "SPL_THEME2": 1.6556, "RPL_THEME2": 0.1067, "EPL_MINRTY": 0.0531, "SPL_THEME3": 0.0531, "RPL_THEME3": 0.0531, "EPL_MUNIT": 0.7987, "EPL_MOBILE": 0.2346, "EPL_CROWD": 0.305, "EPL_NOVEH": 0.1183, "EPL_GROUPQ": 0.0, "SPL_THEME4": 1.4566, "RPL_THEME4": 0.1717, "SPL_THEMES": 3.5432, "RPL_THEMES": 0.0267, "F_POV150": 0, "F_UNEMP": 0, "F_HBURD": 0, "F_NOHSDP": 0, "F_UNINSUR": 0, "F_THEME1": 0, "F_AGE65": 0, "F_AGE17": 0, "F_DISABL": 0, "F_SNGPNT": 0, "F_LIMENG": 0, "F_THEME2": 0, "F_MINRTY": 0, "F_THEME3": 0, "F_MUNIT": 0, "F_MOBILE": 0, "F_CROWD": 0, "F_NOVEH": 0, "F_GROUPQ": 0, "F_THEME4": 0, "F_TOTAL": 0, "E_DAYPOP": 1294, "E_NOINT": 32, "M_NOINT": 26, "E_AFAM": 49, "M_AFAM": 54, "E_HISP": 346, "M_HISP": 117, "E_ASIAN": 185, "M_ASIAN": 131, "E_AIAN": 0, "M_AIAN": 13, "E_NHPI": 0, "M_NHPI": 13, "E_TWOMORE": 73, "M_TWOMORE": 77, "E_OTHERRACE": 0, "M_OTHERRACE": 13, "EP_NOINT": 3.3, "MP_NOINT": 2.7, "EP_AFAM": 2.1, "MP_AFAM": 2.3, "EP_HISP": 15.1, "MP_HISP": 5.0, "EP_ASIAN": 8.1, "MP_ASIAN": 5.2, "EP_AIAN": 0.0, "MP_AIAN": 1.7, "EP_NHPI": 0.0, "MP_NHPI": 1.7, "EP_TWOMORE": 3.2, "MP_TWOMORE": 3.4, "EP_OTHERRACE": 0.0, "MP_OTHERRACE": 1.7, "Shape_Length": 0.069093216009889935, "Shape_Area": 0.00020590269400020046 }, "geometry": { "type": "MultiPolygon", "coordinates": [ [ [ [ -106.524497, 35.159715 ], [ -106.506967, 35.159666 ], [ -106.498147, 35.159705 ], [ -106.497004, 35.159549 ], [ -106.496772, 35.159584 ], [ -106.497036, 35.158819 ], [ -106.4971, 35.157269 ], [ -106.497089, 35.155852 ], [ -106.497064, 35.152364 ], [ -106.506869, 35.152329 ], [ -106.508272, 35.152295 ], [ -106.513446, 35.150796 ], [ -106.516072, 35.150849 ], [ -106.51703, 35.150995 ], [ -106.52262, 35.154156 ], [ -106.524521, 35.154364 ], [ -106.524388, 35.158907 ], [ -106.524662, 35.159716 ], [ -106.524497, 35.159715 ] ] ] ] } },
{ "type": "Feature", "properties": { "OBJECTID": 96, "ST": "35", "STATE": "New Mexico", "ST_ABBR": "NM", "STCNTY": "35001", "COUNTY": "Bernalillo County", "FIPS": "35001003728", "LOCATION": "Census Tract 37.28; Bernalillo County; New Mexico", "AREA_SQMI": 0.61217900677399995, "E_TOTPOP": 4498, "M_TOTPOP": 718, "E_HU": 2369, "M_HU": 316, "E_HH": 2170, "M_HH": 338, "E_POV150": 709, "M_POV150": 430, "E_UNEMP": 54, "M_UNEMP": 53, "E_HBURD": 642, "M_HBURD": 208, "E_NOHSDP": 161, "M_NOHSDP": 125, "E_UNINSUR": 200, "M_UNINSUR": 132, "E_AGE65": 905, "M_AGE65": 178, "E_AGE17": 507, "M_AGE17": 241, "E_DISABL": 362, "M_DISABL": 149, "E_SNGPNT": 154, "M_SNGPNT": 134, "E_LIMENG": 10, "M_LIMENG": 54, "E_MINRTY": 1787, "M_MINRTY": 946, "E_MUNIT": 668, "M_MUNIT": 345, "E_MOBILE": 7, "M_MOBILE": 13, "E_CROWD": 289, "M_CROWD": 303, "E_NOVEH": 41, "M_NOVEH": 44, "E_GROUPQ": 140, "M_GROUPQ": 7, "EP_POV150": 16.2, "MP_POV150": 9.5, "EP_UNEMP": 1.8, "MP_UNEMP": 1.8, "EP_HBURD": 29.6, "MP_HBURD": 8.4, "EP_NOHSDP": 4.5, "MP_NOHSDP": 3.5, "EP_UNINSUR": 4.6, "MP_UNINSUR": 3.2, "EP_AGE65": 20.1, "MP_AGE65": 5.0, "EP_AGE17": 11.3, "MP_AGE17": 4.3, "EP_DISABL": 8.3, "MP_DISABL": 3.7, "EP_SNGPNT": 7.1, "MP_SNGPNT": 6.1, "EP_LIMENG": 0.2, "MP_LIMENG": 1.3, "EP_MINRTY": 39.7, "MP_MINRTY": 20.1, "EP_MUNIT": 28.2, "MP_MUNIT": 14.1, "EP_MOBILE": 0.3, "MP_MOBILE": 0.6, "EP_CROWD": 13.3, "MP_CROWD": 13.8, "EP_NOVEH": 1.9, "MP_NOVEH": 2.0, "EP_GROUPQ": 3.1, "MP_GROUPQ": 0.5, "EPL_POV150": 0.225, "EPL_UNEMP": 0.1381, "EPL_HBURD": 0.6767, "EPL_NOHSDP": 0.2123, "EPL_UNINSUR": 0.2417, "SPL_THEME1": 1.4938, "RPL_THEME1": 0.17, "EPL_AGE65": 0.6252, "EPL_AGE17": 0.0929, "EPL_DISABL": 0.065, "EPL_SNGPNT": 0.59, "EPL_LIMENG": 0.1708, "SPL_THEME2": 1.5439, "RPL_THEME2": 0.0817, "EPL_MINRTY": 0.1376, "SPL_THEME3": 0.1376, "RPL_THEME3": 0.1376, "EPL_MUNIT": 0.9384, "EPL_MOBILE": 0.2013, "EPL_CROWD": 0.9417, "EPL_NOVEH": 0.2917, "EPL_GROUPQ": 0.8524, "SPL_THEME4": 3.2255, "RPL_THEME4": 0.8933, "SPL_THEMES": 6.4008, "RPL_THEMES": 0.275, "F_POV150": 0, "F_UNEMP": 0, "F_HBURD": 0, "F_NOHSDP": 0, "F_UNINSUR": 0, "F_THEME1": 0, "F_AGE65": 0, "F_AGE17": 0, "F_DISABL": 0, "F_SNGPNT": 0, "F_LIMENG": 0, "F_THEME2": 0, "F_MINRTY": 0, "F_THEME3": 0, "F_MUNIT": 1, "F_MOBILE": 0, "F_CROWD": 1, "F_NOVEH": 0, "F_GROUPQ": 0, "F_THEME4": 2, "F_TOTAL": 2, "E_DAYPOP": 2800, "E_NOINT": 149, "M_NOINT": 92, "E_AFAM": 41, "M_AFAM": 44, "E_HISP": 1266, "M_HISP": 485, "E_ASIAN": 148, "M_ASIAN": 137, "E_AIAN": 212, "M_AIAN": 194, "E_NHPI": 0, "M_NHPI": 13, "E_TWOMORE": 120, "M_TWOMORE": 101, "E_OTHERRACE": 0, "M_OTHERRACE": 13, "EP_NOINT": 6.9, "MP_NOINT": 4.3, "EP_AFAM": 0.9, "MP_AFAM": 1.0, "EP_HISP": 28.1, "MP_HISP": 9.5, "EP_ASIAN": 3.3, "MP_ASIAN": 3.1, "EP_AIAN": 4.7, "MP_AIAN": 4.2, "EP_NHPI": 0.0, "MP_NHPI": 0.9, "EP_TWOMORE": 2.7, "MP_TWOMORE": 2.3, "EP_OTHERRACE": 0.0, "MP_OTHERRACE": 0.9, "Shape_Length": 0.048655440021292358, "Shape_Area": 0.00015634893299956658 }, "geometry": { "type": "MultiPolygon", "coordinates": [ [ [ [ -106.533363, 35.138894 ], [ -106.533121, 35.140538 ], [ -106.531477, 35.143107 ], [ -106.52938, 35.145703 ], [ -106.526928, 35.148778 ], [ -106.52345, 35.14695 ], [ -106.518803, 35.144205 ], [ -106.5174, 35.141881 ], [ -106.515775, 35.13765 ], [ -106.522653, 35.135576 ], [ -106.524495, 35.135431 ], [ -106.528669, 35.135194 ], [ -106.5334, 35.137111 ], [ -106.533363, 35.138894 ] ] ] ] } },
{ "type": "Feature", "properties": { "OBJECTID": 97, "ST": "35", "STATE": "New Mexico", "ST_ABBR": "NM", "STCNTY": "35001", "COUNTY": "Bernalillo County", "FIPS": "35001003729", "LOCATION": "Census Tract 37.29; Bernalillo County; New Mexico", "AREA_SQMI": 1.651195318956, "E_TOTPOP": 2093, "M_TOTPOP": 328, "E_HU": 797, "M_HU": 94, "E_HH": 752, "M_HH": 91, "E_POV150": 89, "M_POV150": 43, "E_UNEMP": 120, "M_UNEMP": 101, "E_HBURD": 87, "M_HBURD": 42, "E_NOHSDP": 69, "M_NOHSDP": 59, "E_UNINSUR": 156, "M_UNINSUR": 185, "E_AGE65": 468, "M_AGE65": 97, "E_AGE17": 349, "M_AGE17": 76, "E_DISABL": 360, "M_DISABL": 220, "E_SNGPNT": 0, "M_SNGPNT": 18, "E_LIMENG": 21, "M_LIMENG": 48, "E_MINRTY": 725, "M_MINRTY": 430, "E_MUNIT": 0, "M_MUNIT": 18, "E_MOBILE": 0, "M_MOBILE": 13, "E_CROWD": 0, "M_CROWD": 18, "E_NOVEH": 10, "M_NOVEH": 11, "E_GROUPQ": 0, "M_GROUPQ": 13, "EP_POV150": 4.3, "MP_POV150": 1.9, "EP_UNEMP": 11.4, "MP_UNEMP": 7.4, "EP_HBURD": 11.6, "MP_HBURD": 5.4, "EP_NOHSDP": 4.4, "MP_NOHSDP": 3.5, "EP_UNINSUR": 7.5, "MP_UNINSUR": 8.0, "EP_AGE65": 22.4, "MP_AGE65": 4.8, "EP_AGE17": 16.7, "MP_AGE17": 3.1, "EP_DISABL": 17.2, "MP_DISABL": 8.4, "EP_SNGPNT": 0.0, "MP_SNGPNT": 2.4, "EP_LIMENG": 1.0, "MP_LIMENG": 2.4, "EP_MINRTY": 34.6, "MP_MINRTY": 19.8, "EP_MUNIT": 0.0, "MP_MUNIT": 2.3, "EP_MOBILE": 0.0, "MP_MOBILE": 4.9, "EP_CROWD": 0.0, "MP_CROWD": 2.4, "EP_NOVEH": 1.3, "MP_NOVEH": 1.5, "EP_GROUPQ": 0.0, "MP_GROUPQ": 0.6, "EPL_POV150": 0.0217, "EPL_UNEMP": 0.8336, "EPL_HBURD": 0.1017, "EPL_NOHSDP": 0.2023, "EPL_UNINSUR": 0.46, "SPL_THEME1": 1.6193, "RPL_THEME1": 0.2133, "EPL_AGE65": 0.7197, "EPL_AGE17": 0.2405, "EPL_DISABL": 0.57, "EPL_SNGPNT": 0.0, "EPL_LIMENG": 0.3416, "SPL_THEME2": 1.8718, "RPL_THEME2": 0.1733, "EPL_MINRTY": 0.1061, "SPL_THEME3": 0.1061, "RPL_THEME3": 0.1061, "EPL_MUNIT": 0.0, "EPL_MOBILE": 0.0, "EPL_CROWD": 0.0, "EPL_NOVEH": 0.215, "EPL_GROUPQ": 0.0, "SPL_THEME4": 0.215, "RPL_THEME4": 0.0083, "SPL_THEMES": 3.8122, "RPL_THEMES": 0.0383, "F_POV150": 0, "F_UNEMP": 0, "F_HBURD": 0, "F_NOHSDP": 0, "F_UNINSUR": 0, "F_THEME1": 0, "F_AGE65": 0, "F_AGE17": 0, "F_DISABL": 0, "F_SNGPNT": 0, "F_LIMENG": 0, "F_THEME2": 0, "F_MINRTY": 0, "F_THEME3": 0, "F_MUNIT": 0, "F_MOBILE": 0, "F_CROWD": 0, "F_NOVEH": 0, "F_GROUPQ": 0, "F_THEME4": 0, "F_TOTAL": 0, "E_DAYPOP": 772, "E_NOINT": 59, "M_NOINT": 39, "E_AFAM": 7, "M_AFAM": 11, "E_HISP": 544, "M_HISP": 198, "E_ASIAN": 81, "M_ASIAN": 68, "E_AIAN": 70, "M_AIAN": 72, "E_NHPI": 0, "M_NHPI": 13, "E_TWOMORE": 18, "M_TWOMORE": 17, "E_OTHERRACE": 5, "M_OTHERRACE": 8, "EP_NOINT": 7.8, "MP_NOINT": 5.1, "EP_AFAM": 0.3, "MP_AFAM": 0.6, "EP_HISP": 26.0, "MP_HISP": 8.3, "EP_ASIAN": 3.9, "MP_ASIAN": 3.2, "EP_AIAN": 3.3, "MP_AIAN": 3.5, "EP_NHPI": 0.0, "MP_NHPI": 1.9, "EP_TWOMORE": 0.9, "MP_TWOMORE": 0.8, "EP_OTHERRACE": 0.2, "MP_OTHERRACE": 0.4, "Shape_Length": 0.086621040936277482, "Shape_Area": 0.00042211218349979363 }, "geometry": { "type": "MultiPolygon", "coordinates": [ [ [ [ -106.524588, 35.16552 ], [ -106.524254, 35.169851 ], [ -106.524447, 35.174643 ], [ -106.515803, 35.174632 ], [ -106.501578, 35.174546 ], [ -106.496711, 35.175169 ], [ -106.496436, 35.175106 ], [ -106.496247, 35.17503 ], [ -106.496194, 35.171405 ], [ -106.496365, 35.160849 ], [ -106.496772, 35.159584 ], [ -106.497004, 35.159549 ], [ -106.498147, 35.159705 ], [ -106.506967, 35.159666 ], [ -106.524497, 35.159715 ], [ -106.524662, 35.159716 ], [ -106.524588, 35.16552 ] ] ] ] } },
{ "type": "Feature", "properties": { "OBJECTID": 98, "ST": "35", "STATE": "New Mexico", "ST_ABBR": "NM", "STCNTY": "35001", "COUNTY": "Bernalillo County", "FIPS": "35001003730", "LOCATION": "Census Tract 37.30; Bernalillo County; New Mexico", "AREA_SQMI": 1.0347969895260001, "E_TOTPOP": 4753, "M_TOTPOP": 537, "E_HU": 1777, "M_HU": 134, "E_HH": 1709, "M_HH": 155, "E_POV150": 404, "M_POV150": 334, "E_UNEMP": 73, "M_UNEMP": 35, "E_HBURD": 307, "M_HBURD": 129, "E_NOHSDP": 78, "M_NOHSDP": 58, "E_UNINSUR": 31, "M_UNINSUR": 32, "E_AGE65": 874, "M_AGE65": 114, "E_AGE17": 1220, "M_AGE17": 340, "E_DISABL": 392, "M_DISABL": 108, "E_SNGPNT": 87, "M_SNGPNT": 74, "E_LIMENG": 79, "M_LIMENG": 72, "E_MINRTY": 1788, "M_MINRTY": 679, "E_MUNIT": 86, "M_MUNIT": 56, "E_MOBILE": 0, "M_MOBILE": 13, "E_CROWD": 0, "M_CROWD": 18, "E_NOVEH": 35, "M_NOVEH": 27, "E_GROUPQ": 0, "M_GROUPQ": 13, "EP_POV150": 8.5, "MP_POV150": 7.0, "EP_UNEMP": 3.1, "MP_UNEMP": 1.6, "EP_HBURD": 18.0, "MP_HBURD": 7.4, "EP_NOHSDP": 2.4, "MP_NOHSDP": 1.8, "EP_UNINSUR": 0.7, "MP_UNINSUR": 0.7, "EP_AGE65": 18.4, "MP_AGE65": 2.9, "EP_AGE17": 25.7, "MP_AGE17": 5.2, "EP_DISABL": 8.3, "MP_DISABL": 2.4, "EP_SNGPNT": 5.1, "MP_SNGPNT": 4.3, "EP_LIMENG": 1.7, "MP_LIMENG": 1.6, "EP_MINRTY": 37.6, "MP_MINRTY": 13.6, "EP_MUNIT": 4.8, "MP_MUNIT": 3.1, "EP_MOBILE": 0.0, "MP_MOBILE": 2.2, "EP_CROWD": 0.0, "MP_CROWD": 1.1, "EP_NOVEH": 2.0, "MP_NOVEH": 1.6, "EP_GROUPQ": 0.0, "MP_GROUPQ": 0.3, "EPL_POV150": 0.0867, "EPL_UNEMP": 0.2795, "EPL_HBURD": 0.3033, "EPL_NOHSDP": 0.0962, "EPL_UNINSUR": 0.0183, "SPL_THEME1": 0.784, "RPL_THEME1": 0.0333, "EPL_AGE65": 0.5506, "EPL_AGE17": 0.7081, "EPL_DISABL": 0.065, "EPL_SNGPNT": 0.41, "EPL_LIMENG": 0.4677, "SPL_THEME2": 2.2014, "RPL_THEME2": 0.3067, "EPL_MINRTY": 0.1211, "SPL_THEME3": 0.1211, "RPL_THEME3": 0.1211, "EPL_MUNIT": 0.6905, "EPL_MOBILE": 0.0, "EPL_CROWD": 0.0, "EPL_NOVEH": 0.3067, "EPL_GROUPQ": 0.0, "SPL_THEME4": 0.9972, "RPL_THEME4": 0.0817, "SPL_THEMES": 4.1037, "RPL_THEMES": 0.055, "F_POV150": 0, "F_UNEMP": 0, "F_HBURD": 0, "F_NOHSDP": 0, "F_UNINSUR": 0, "F_THEME1": 0, "F_AGE65": 0, "F_AGE17": 0, "F_DISABL": 0, "F_SNGPNT": 0, "F_LIMENG": 0, "F_THEME2": 0, "F_MINRTY": 0, "F_THEME3": 0, "F_MUNIT": 0, "F_MOBILE": 0, "F_CROWD": 0, "F_NOVEH": 0, "F_GROUPQ": 0, "F_THEME4": 0, "F_TOTAL": 0, "E_DAYPOP": 1581, "E_NOINT": 137, "M_NOINT": 71, "E_AFAM": 42, "M_AFAM": 50, "E_HISP": 1190, "M_HISP": 331, "E_ASIAN": 439, "M_ASIAN": 161, "E_AIAN": 51, "M_AIAN": 51, "E_NHPI": 0, "M_NHPI": 13, "E_TWOMORE": 59, "M_TWOMORE": 57, "E_OTHERRACE": 7, "M_OTHERRACE": 13, "EP_NOINT": 8.0, "MP_NOINT": 4.0, "EP_AFAM": 0.9, "MP_AFAM": 1.1, "EP_HISP": 25.0, "MP_HISP": 5.9, "EP_ASIAN": 9.2, "MP_ASIAN": 3.2, "EP_AIAN": 1.1, "MP_AIAN": 1.1, "EP_NHPI": 0.0, "MP_NHPI": 0.8, "EP_TWOMORE": 1.2, "MP_TWOMORE": 1.2, "EP_OTHERRACE": 0.1, "MP_OTHERRACE": 0.3, "Shape_Length": 0.065378948569361051, "Shape_Area": 0.00026703615500043773 }, "geometry": { "type": "MultiPolygon", "coordinates": [ [ [ [ -106.542252, 35.164995 ], [ -106.54225, 35.166411 ], [ -106.542244, 35.174487 ], [ -106.538349, 35.174707 ], [ -106.533442, 35.174669 ], [ -106.525702, 35.174644 ], [ -106.524447, 35.174643 ], [ -106.524254, 35.169851 ], [ -106.524588, 35.16552 ], [ -106.524662, 35.159716 ], [ -106.533435, 35.159747 ], [ -106.533726, 35.159477 ], [ -106.54225, 35.15955 ], [ -106.542252, 35.164995 ] ] ] ] } },
{ "type": "Feature", "properties": { "OBJECTID": 99, "ST": "35", "STATE": "New Mexico", "ST_ABBR": "NM", "STCNTY": "35001", "COUNTY": "Bernalillo County", "FIPS": "35001003731", "LOCATION": "Census Tract 37.31; Bernalillo County; New Mexico", "AREA_SQMI": 2.7239739344260001, "E_TOTPOP": 3756, "M_TOTPOP": 445, "E_HU": 1412, "M_HU": 172, "E_HH": 1384, "M_HH": 156, "E_POV150": 67, "M_POV150": 55, "E_UNEMP": 61, "M_UNEMP": 40, "E_HBURD": 90, "M_HBURD": 54, "E_NOHSDP": 23, "M_NOHSDP": 30, "E_UNINSUR": 8, "M_UNINSUR": 13, "E_AGE65": 802, "M_AGE65": 150, "E_AGE17": 939, "M_AGE17": 184, "E_DISABL": 310, "M_DISABL": 87, "E_SNGPNT": 21, "M_SNGPNT": 27, "E_LIMENG": 0, "M_LIMENG": 52, "E_MINRTY": 1526, "M_MINRTY": 585, "E_MUNIT": 0, "M_MUNIT": 18, "E_MOBILE": 0, "M_MOBILE": 13, "E_CROWD": 16, "M_CROWD": 29, "E_NOVEH": 0, "M_NOVEH": 13, "E_GROUPQ": 0, "M_GROUPQ": 13, "EP_POV150": 1.8, "MP_POV150": 1.4, "EP_UNEMP": 3.4, "MP_UNEMP": 2.2, "EP_HBURD": 6.5, "MP_HBURD": 3.8, "EP_NOHSDP": 0.9, "MP_NOHSDP": 1.2, "EP_UNINSUR": 0.2, "MP_UNINSUR": 0.3, "EP_AGE65": 21.4, "MP_AGE65": 4.2, "EP_AGE17": 25.0, "MP_AGE17": 3.0, "EP_DISABL": 8.3, "MP_DISABL": 2.3, "EP_SNGPNT": 1.5, "MP_SNGPNT": 1.9, "EP_LIMENG": 0.0, "MP_LIMENG": 1.4, "EP_MINRTY": 40.6, "MP_MINRTY": 14.8, "EP_MUNIT": 0.0, "MP_MUNIT": 1.3, "EP_MOBILE": 0.0, "MP_MOBILE": 2.8, "EP_CROWD": 1.2, "MP_CROWD": 2.1, "EP_NOVEH": 0.0, "MP_NOVEH": 2.8, "EP_GROUPQ": 0.0, "MP_GROUPQ": 0.3, "EPL_POV150": 0.005, "EPL_UNEMP": 0.3028, "EPL_HBURD": 0.02, "EPL_NOHSDP": 0.0348, "EPL_UNINSUR": 0.0067, "SPL_THEME1": 0.3693, "RPL_THEME1": 0.0067, "EPL_AGE65": 0.6799, "EPL_AGE17": 0.6683, "EPL_DISABL": 0.065, "EPL_SNGPNT": 0.1217, "EPL_LIMENG": 0.0, "SPL_THEME2": 1.5349, "RPL_THEME2": 0.0767, "EPL_MINRTY": 0.1526, "SPL_THEME3": 0.1526, "RPL_THEME3": 0.1526, "EPL_MUNIT": 0.0, "EPL_MOBILE": 0.0, "EPL_CROWD": 0.3683, "EPL_NOVEH": 0.0, "EPL_GROUPQ": 0.0, "SPL_THEME4": 0.3683, "RPL_THEME4": 0.0133, "SPL_THEMES": 2.4251, "RPL_THEMES": 0.005, "F_POV150": 0, "F_UNEMP": 0, "F_HBURD": 0, "F_NOHSDP": 0, "F_UNINSUR": 0, "F_THEME1": 0, "F_AGE65": 0, "F_AGE17": 0, "F_DISABL": 0, "F_SNGPNT": 0, "F_LIMENG": 0, "F_THEME2": 0, "F_MINRTY": 0, "F_THEME3": 0, "F_MUNIT": 0, "F_MOBILE": 0, "F_CROWD": 0, "F_NOVEH": 0, "F_GROUPQ": 0, "F_THEME4": 0, "F_TOTAL": 0, "E_DAYPOP": 2238, "E_NOINT": 52, "M_NOINT": 60, "E_AFAM": 40, "M_AFAM": 47, "E_HISP": 1057, "M_HISP": 349, "E_ASIAN": 193, "M_ASIAN": 136, "E_AIAN": 25, "M_AIAN": 29, "E_NHPI": 0, "M_NHPI": 13, "E_TWOMORE": 193, "M_TWOMORE": 113, "E_OTHERRACE": 18, "M_OTHERRACE": 28, "EP_NOINT": 3.8, "MP_NOINT": 4.3, "EP_AFAM": 1.1, "MP_AFAM": 1.2, "EP_HISP": 28.1, "MP_HISP": 7.8, "EP_ASIAN": 5.1, "MP_ASIAN": 3.8, "EP_AIAN": 0.7, "MP_AIAN": 0.8, "EP_NHPI": 0.0, "MP_NHPI": 1.1, "EP_TWOMORE": 5.1, "MP_TWOMORE": 3.1, "EP_OTHERRACE": 0.5, "MP_OTHERRACE": 0.8, "Shape_Length": 0.11110299074084098, "Shape_Area": 0.00069820220650016092 }, "geometry": { "type": "MultiPolygon", "coordinates": [ [ [ [ -106.53344, 35.177197 ], [ -106.533427, 35.19421 ], [ -106.529757, 35.194003 ], [ -106.524633, 35.194399 ], [ -106.524401, 35.195197 ], [ -106.496088, 35.191077 ], [ -106.496247, 35.17503 ], [ -106.496436, 35.175106 ], [ -106.496711, 35.175169 ], [ -106.501578, 35.174546 ], [ -106.515803, 35.174632 ], [ -106.524447, 35.174643 ], [ -106.525702, 35.174644 ], [ -106.533442, 35.174669 ], [ -106.53344, 35.177197 ] ] ] ] } },
{ "type": "Feature", "properties": { "OBJECTID": 100, "ST": "35", "STATE": "New Mexico", "ST_ABBR": "NM", "STCNTY": "35001", "COUNTY": "Bernalillo County", "FIPS": "35001003733", "LOCATION": "Census Tract 37.33; Bernalillo County; New Mexico", "AREA_SQMI": 0.86616346610799999, "E_TOTPOP": 3464, "M_TOTPOP": 554, "E_HU": 1670, "M_HU": 194, "E_HH": 1490, "M_HH": 208, "E_POV150": 2217, "M_POV150": 619, "E_UNEMP": 196, "M_UNEMP": 143, "E_HBURD": 831, "M_HBURD": 213, "E_NOHSDP": 387, "M_NOHSDP": 225, "E_UNINSUR": 509, "M_UNINSUR": 268, "E_AGE65": 308, "M_AGE65": 127, "E_AGE17": 980, "M_AGE17": 362, "E_DISABL": 519, "M_DISABL": 231, "E_SNGPNT": 194, "M_SNGPNT": 126, "E_LIMENG": 164, "M_LIMENG": 148, "E_MINRTY": 2568, "M_MINRTY": 624, "E_MUNIT": 1132, "M_MUNIT": 252, "E_MOBILE": 50, "M_MOBILE": 56, "E_CROWD": 144, "M_CROWD": 118, "E_NOVEH": 229, "M_NOVEH": 111, "E_GROUPQ": 159, "M_GROUPQ": 13, "EP_POV150": 66.1, "MP_POV150": 14.9, "EP_UNEMP": 11.8, "MP_UNEMP": 7.8, "EP_HBURD": 55.8, "MP_HBURD": 12.0, "EP_NOHSDP": 20.9, "MP_NOHSDP": 11.5, "EP_UNINSUR": 15.3, "MP_UNINSUR": 7.7, "EP_AGE65": 8.9, "MP_AGE65": 3.8, "EP_AGE17": 28.3, "MP_AGE17": 7.7, "EP_DISABL": 15.6, "MP_DISABL": 6.2, "EP_SNGPNT": 13.1, "MP_SNGPNT": 8.3, "EP_LIMENG": 5.3, "MP_LIMENG": 4.8, "EP_MINRTY": 74.1, "MP_MINRTY": 13.6, "EP_MUNIT": 67.8, "MP_MUNIT": 12.9, "EP_MOBILE": 3.0, "MP_MOBILE": 3.3, "EP_CROWD": 9.7, "MP_CROWD": 7.8, "EP_NOVEH": 15.4, "MP_NOVEH": 6.7, "EP_GROUPQ": 4.6, "MP_GROUPQ": 0.8, "EPL_POV150": 0.9783, "EPL_UNEMP": 0.8569, "EPL_HBURD": 0.9883, "EPL_NOHSDP": 0.7861, "EPL_UNINSUR": 0.815, "SPL_THEME1": 4.4246, "RPL_THEME1": 0.9917, "EPL_AGE65": 0.1095, "EPL_AGE17": 0.8325, "EPL_DISABL": 0.48, "EPL_SNGPNT": 0.8883, "EPL_LIMENG": 0.7761, "SPL_THEME2": 3.0864, "RPL_THEME2": 0.85, "EPL_MINRTY": 0.6534, "SPL_THEME3": 0.6534, "RPL_THEME3": 0.6534, "EPL_MUNIT": 0.995, "EPL_MOBILE": 0.3394, "EPL_CROWD": 0.8833, "EPL_NOVEH": 0.915, "EPL_GROUPQ": 0.9005, "SPL_THEME4": 4.0332, "RPL_THEME4": 0.9917, "SPL_THEMES": 12.1976, "RPL_THEMES": 0.9967, "F_POV150": 1, "F_UNEMP": 0, "F_HBURD": 1, "F_NOHSDP": 0, "F_UNINSUR": 0, "F_THEME1": 2, "F_AGE65": 0, "F_AGE17": 0, "F_DISABL": 0, "F_SNGPNT": 0, "F_LIMENG": 0, "F_THEME2": 0, "F_MINRTY": 0, "F_THEME3": 0, "F_MUNIT": 1, "F_MOBILE": 0, "F_CROWD": 0, "F_NOVEH": 1, "F_GROUPQ": 1, "F_THEME4": 3, "F_TOTAL": 5, "E_DAYPOP": 8919, "E_NOINT": 222, "M_NOINT": 123, "E_AFAM": 54, "M_AFAM": 39, "E_HISP": 1969, "M_HISP": 554, "E_ASIAN": 44, "M_ASIAN": 55, "E_AIAN": 412, "M_AIAN": 243, "E_NHPI": 0, "M_NHPI": 13, "E_TWOMORE": 89, "M_TWOMORE": 77, "E_OTHERRACE": 0, "M_OTHERRACE": 13, "EP_NOINT": 14.9, "MP_NOINT": 8.0, "EP_AFAM": 1.6, "MP_AFAM": 1.1, "EP_HISP": 56.8, "MP_HISP": 10.9, "EP_ASIAN": 1.3, "MP_ASIAN": 1.6, "EP_AIAN": 11.9, "MP_AIAN": 6.8, "EP_NHPI": 0.0, "MP_NHPI": 1.1, "EP_TWOMORE": 2.6, "MP_TWOMORE": 2.2, "EP_OTHERRACE": 0.0, "MP_OTHERRACE": 1.1, "Shape_Length": 0.077579065981360842, "Shape_Area": 0.00022304343450002854 }, "geometry": { "type": "MultiPolygon", "coordinates": [ [ [ [ -106.609628, 35.132666 ], [ -106.60511, 35.135413 ], [ -106.594955, 35.141615 ], [ -106.591956, 35.143693 ], [ -106.590708, 35.145245 ], [ -106.590116, 35.146377 ], [ -106.588513, 35.153115 ], [ -106.587741, 35.152642 ], [ -106.586852, 35.151602 ], [ -106.586439, 35.150372 ], [ -106.586426, 35.148036 ], [ -106.586467, 35.144901 ], [ -106.586461, 35.142102 ], [ -106.586408, 35.138594 ], [ -106.586482, 35.13093 ], [ -106.595298, 35.130926 ], [ -106.598628, 35.130903 ], [ -106.604067, 35.130951 ], [ -106.606769, 35.13114 ], [ -106.609628, 35.132666 ] ] ] ] } },
{ "type": "Feature", "properties": { "OBJECTID": 101, "ST": "35", "STATE": "New Mexico", "ST_ABBR": "NM", "STCNTY": "35001", "COUNTY": "Bernalillo County", "FIPS": "35001003736", "LOCATION": "Census Tract 37.36; Bernalillo County; New Mexico", "AREA_SQMI": 4.9408472935820003, "E_TOTPOP": 2347, "M_TOTPOP": 353, "E_HU": 1158, "M_HU": 146, "E_HH": 1125, "M_HH": 156, "E_POV150": 552, "M_POV150": 215, "E_UNEMP": 32, "M_UNEMP": 63, "E_HBURD": 465, "M_HBURD": 136, "E_NOHSDP": 62, "M_NOHSDP": 39, "E_UNINSUR": 300, "M_UNINSUR": 233, "E_AGE65": 378, "M_AGE65": 110, "E_AGE17": 510, "M_AGE17": 149, "E_DISABL": 302, "M_DISABL": 100, "E_SNGPNT": 117, "M_SNGPNT": 93, "E_LIMENG": 42, "M_LIMENG": 66, "E_MINRTY": 1479, "M_MINRTY": 412, "E_MUNIT": 389, "M_MUNIT": 125, "E_MOBILE": 254, "M_MOBILE": 90, "E_CROWD": 13, "M_CROWD": 14, "E_NOVEH": 87, "M_NOVEH": 52, "E_GROUPQ": 41, "M_GROUPQ": 14, "EP_POV150": 23.7, "MP_POV150": 8.5, "EP_UNEMP": 2.5, "MP_UNEMP": 4.7, "EP_HBURD": 41.3, "MP_HBURD": 10.6, "EP_NOHSDP": 3.7, "MP_NOHSDP": 2.3, "EP_UNINSUR": 12.8, "MP_UNINSUR": 8.9, "EP_AGE65": 16.1, "MP_AGE65": 4.7, "EP_AGE17": 21.7, "MP_AGE17": 4.2, "EP_DISABL": 12.9, "MP_DISABL": 4.4, "EP_SNGPNT": 10.4, "MP_SNGPNT": 8.1, "EP_LIMENG": 1.9, "MP_LIMENG": 2.9, "EP_MINRTY": 63.0, "MP_MINRTY": 14.8, "EP_MUNIT": 33.6, "MP_MUNIT": 9.9, "EP_MOBILE": 21.9, "MP_MOBILE": 6.8, "EP_CROWD": 1.1, "MP_CROWD": 1.2, "EP_NOVEH": 7.7, "MP_NOVEH": 4.5, "EP_GROUPQ": 1.7, "MP_GROUPQ": 0.5, "EPL_POV150": 0.3683, "EPL_UNEMP": 0.213, "EPL_HBURD": 0.905, "EPL_NOHSDP": 0.1675, "EPL_UNINSUR": 0.7317, "SPL_THEME1": 2.3855, "RPL_THEME1": 0.4617, "EPL_AGE65": 0.4113, "EPL_AGE17": 0.4959, "EPL_DISABL": 0.3, "EPL_SNGPNT": 0.79, "EPL_LIMENG": 0.5075, "SPL_THEME2": 2.5047, "RPL_THEME2": 0.4833, "EPL_MINRTY": 0.4892, "SPL_THEME3": 0.4892, "RPL_THEME3": 0.4892, "EPL_MUNIT": 0.9567, "EPL_MOBILE": 0.6256, "EPL_CROWD": 0.3517, "EPL_NOVEH": 0.7183, "EPL_GROUPQ": 0.7529, "SPL_THEME4": 3.4052, "RPL_THEME4": 0.9267, "SPL_THEMES": 8.7846, "RPL_THEMES": 0.6667, "F_POV150": 0, "F_UNEMP": 0, "F_HBURD": 1, "F_NOHSDP": 0, "F_UNINSUR": 0, "F_THEME1": 1, "F_AGE65": 0, "F_AGE17": 0, "F_DISABL": 0, "F_SNGPNT": 0, "F_LIMENG": 0, "F_THEME2": 0, "F_MINRTY": 0, "F_THEME3": 0, "F_MUNIT": 1, "F_MOBILE": 0, "F_CROWD": 0, "F_NOVEH": 0, "F_GROUPQ": 0, "F_THEME4": 1, "F_TOTAL": 2, "E_DAYPOP": 42473, "E_NOINT": 200, "M_NOINT": 93, "E_AFAM": 51, "M_AFAM": 42, "E_HISP": 1040, "M_HISP": 245, "E_ASIAN": 73, "M_ASIAN": 68, "E_AIAN": 244, "M_AIAN": 237, "E_NHPI": 0, "M_NHPI": 13, "E_TWOMORE": 71, "M_TWOMORE": 62, "E_OTHERRACE": 0, "M_OTHERRACE": 13, "EP_NOINT": 17.8, "MP_NOINT": 7.9, "EP_AFAM": 2.2, "MP_AFAM": 1.8, "EP_HISP": 44.3, "MP_HISP": 9.4, "EP_ASIAN": 3.1, "MP_ASIAN": 2.9, "EP_AIAN": 10.4, "MP_AIAN": 9.2, "EP_NHPI": 0.0, "MP_NHPI": 1.7, "EP_TWOMORE": 3.0, "MP_TWOMORE": 2.6, "EP_OTHERRACE": 0.0, "MP_OTHERRACE": 1.7, "Shape_Length": 0.1687337902050576, "Shape_Area": 0.0012758683654993522 }, "geometry": { "type": "MultiPolygon", "coordinates": [ [ [ [ -106.606806, 35.185426 ], [ -106.605324, 35.187345 ], [ -106.604073, 35.190199 ], [ -106.603748, 35.191936 ], [ -106.60158, 35.197279 ], [ -106.601445, 35.200632 ], [ -106.600638, 35.202998 ], [ -106.599864, 35.203887 ], [ -106.599678, 35.204061 ], [ -106.598899, 35.203991 ], [ -106.578488, 35.20169 ], [ -106.577764, 35.20163 ], [ -106.580794, 35.188319 ], [ -106.581326, 35.184758 ], [ -106.583722, 35.174352 ], [ -106.58693, 35.16027 ], [ -106.587368, 35.158307 ], [ -106.588513, 35.153115 ], [ -106.590116, 35.146377 ], [ -106.590708, 35.145245 ], [ -106.591956, 35.143693 ], [ -106.594955, 35.141615 ], [ -106.60511, 35.135413 ], [ -106.605122, 35.135696 ], [ -106.605245, 35.153455 ], [ -106.605472, 35.174402 ], [ -106.605475, 35.174707 ], [ -106.605241, 35.182508 ], [ -106.60562, 35.184995 ], [ -106.606806, 35.185426 ] ] ] ] } },
{ "type": "Feature", "properties": { "OBJECTID": 102, "ST": "35", "STATE": "New Mexico", "ST_ABBR": "NM", "STCNTY": "35001", "COUNTY": "Bernalillo County", "FIPS": "35001003737", "LOCATION": "Census Tract 37.37; Bernalillo County; New Mexico", "AREA_SQMI": 0.60439634876000004, "E_TOTPOP": 2884, "M_TOTPOP": 297, "E_HU": 1315, "M_HU": 205, "E_HH": 1277, "M_HH": 209, "E_POV150": 103, "M_POV150": 69, "E_UNEMP": 46, "M_UNEMP": 50, "E_HBURD": 108, "M_HBURD": 77, "E_NOHSDP": 79, "M_NOHSDP": 54, "E_UNINSUR": 33, "M_UNINSUR": 34, "E_AGE65": 668, "M_AGE65": 71, "E_AGE17": 545, "M_AGE17": 142, "E_DISABL": 222, "M_DISABL": 64, "E_SNGPNT": 75, "M_SNGPNT": 63, "E_LIMENG": 80, "M_LIMENG": 92, "E_MINRTY": 874, "M_MINRTY": 390, "E_MUNIT": 272, "M_MUNIT": 207, "E_MOBILE": 0, "M_MOBILE": 13, "E_CROWD": 37, "M_CROWD": 54, "E_NOVEH": 11, "M_NOVEH": 16, "E_GROUPQ": 15, "M_GROUPQ": 4, "EP_POV150": 3.6, "MP_POV150": 2.4, "EP_UNEMP": 2.8, "MP_UNEMP": 3.1, "EP_HBURD": 8.5, "MP_HBURD": 5.9, "EP_NOHSDP": 3.5, "MP_NOHSDP": 2.4, "EP_UNINSUR": 1.1, "MP_UNINSUR": 1.2, "EP_AGE65": 23.2, "MP_AGE65": 2.9, "EP_AGE17": 18.9, "MP_AGE17": 4.5, "EP_DISABL": 7.7, "MP_DISABL": 2.2, "EP_SNGPNT": 5.9, "MP_SNGPNT": 4.8, "EP_LIMENG": 2.9, "MP_LIMENG": 3.3, "EP_MINRTY": 30.3, "MP_MINRTY": 13.2, "EP_MUNIT": 20.7, "MP_MUNIT": 15.4, "EP_MOBILE": 0.0, "MP_MOBILE": 3.0, "EP_CROWD": 2.9, "MP_CROWD": 4.2, "EP_NOVEH": 0.9, "MP_NOVEH": 1.2, "EP_GROUPQ": 0.5, "MP_GROUPQ": 0.1, "EPL_POV150": 0.015, "EPL_UNEMP": 0.2413, "EPL_HBURD": 0.0383, "EPL_NOHSDP": 0.1575, "EPL_UNINSUR": 0.03, "SPL_THEME1": 0.4821, "RPL_THEME1": 0.0117, "EPL_AGE65": 0.7363, "EPL_AGE17": 0.3549, "EPL_DISABL": 0.0483, "EPL_SNGPNT": 0.4933, "EPL_LIMENG": 0.6335, "SPL_THEME2": 2.2663, "RPL_THEME2": 0.35, "EPL_MINRTY": 0.058, "SPL_THEME3": 0.058, "RPL_THEME3": 0.058, "EPL_MUNIT": 0.9085, "EPL_MOBILE": 0.0, "EPL_CROWD": 0.575, "EPL_NOVEH": 0.1633, "EPL_GROUPQ": 0.597, "SPL_THEME4": 2.2438, "RPL_THEME4": 0.4833, "SPL_THEMES": 5.0502, "RPL_THEMES": 0.1117, "F_POV150": 0, "F_UNEMP": 0, "F_HBURD": 0, "F_NOHSDP": 0, "F_UNINSUR": 0, "F_THEME1": 0, "F_AGE65": 0, "F_AGE17": 0, "F_DISABL": 0, "F_SNGPNT": 0, "F_LIMENG": 0, "F_THEME2": 0, "F_MINRTY": 0, "F_THEME3": 0, "F_MUNIT": 1, "F_MOBILE": 0, "F_CROWD": 0, "F_NOVEH": 0, "F_GROUPQ": 0, "F_THEME4": 1, "F_TOTAL": 1, "E_DAYPOP": 836, "E_NOINT": 30, "M_NOINT": 38, "E_AFAM": 23, "M_AFAM": 31, "E_HISP": 586, "M_HISP": 172, "E_ASIAN": 154, "M_ASIAN": 126, "E_AIAN": 22, "M_AIAN": 50, "E_NHPI": 0, "M_NHPI": 13, "E_TWOMORE": 50, "M_TWOMORE": 50, "E_OTHERRACE": 39, "M_OTHERRACE": 57, "EP_NOINT": 2.3, "MP_NOINT": 3.0, "EP_AFAM": 0.8, "MP_AFAM": 1.1, "EP_HISP": 20.3, "MP_HISP": 5.0, "EP_ASIAN": 5.3, "MP_ASIAN": 4.4, "EP_AIAN": 0.8, "MP_AIAN": 1.7, "EP_NHPI": 0.0, "MP_NHPI": 1.4, "EP_TWOMORE": 1.7, "MP_TWOMORE": 1.7, "EP_OTHERRACE": 1.4, "MP_OTHERRACE": 2.0, "Shape_Length": 0.062779938493499554, "Shape_Area": 0.00015595384650004179 }, "geometry": { "type": "MultiPolygon", "coordinates": [ [ [ [ -106.5174, 35.141881 ], [ -106.514039, 35.143154 ], [ -106.51213, 35.143779 ], [ -106.506894, 35.1451 ], [ -106.506906, 35.148972 ], [ -106.506869, 35.152329 ], [ -106.497064, 35.152364 ], [ -106.497908, 35.147175 ], [ -106.497888, 35.145109 ], [ -106.497893, 35.140737 ], [ -106.498097, 35.140773 ], [ -106.499789, 35.141414 ], [ -106.50501, 35.139948 ], [ -106.511233, 35.139242 ], [ -106.515775, 35.13765 ], [ -106.5174, 35.141881 ] ] ] ] } },
{ "type": "Feature", "properties": { "OBJECTID": 103, "ST": "35", "STATE": "New Mexico", "ST_ABBR": "NM", "STCNTY": "35001", "COUNTY": "Bernalillo County", "FIPS": "35001003738", "LOCATION": "Census Tract 37.38; Bernalillo County; New Mexico", "AREA_SQMI": 0.549288396402, "E_TOTPOP": 5266, "M_TOTPOP": 786, "E_HU": 2525, "M_HU": 325, "E_HH": 2525, "M_HH": 325, "E_POV150": 928, "M_POV150": 527, "E_UNEMP": 54, "M_UNEMP": 53, "E_HBURD": 994, "M_HBURD": 379, "E_NOHSDP": 66, "M_NOHSDP": 63, "E_UNINSUR": 184, "M_UNINSUR": 194, "E_AGE65": 917, "M_AGE65": 142, "E_AGE17": 839, "M_AGE17": 244, "E_DISABL": 544, "M_DISABL": 266, "E_SNGPNT": 70, "M_SNGPNT": 110, "E_LIMENG": 19, "M_LIMENG": 79, "E_MINRTY": 2737, "M_MINRTY": 851, "E_MUNIT": 1171, "M_MUNIT": 415, "E_MOBILE": 0, "M_MOBILE": 19, "E_CROWD": 66, "M_CROWD": 100, "E_NOVEH": 57, "M_NOVEH": 45, "E_GROUPQ": 86, "M_GROUPQ": 6, "EP_POV150": 18.0, "MP_POV150": 9.9, "EP_UNEMP": 2.1, "MP_UNEMP": 2.1, "EP_HBURD": 39.4, "MP_HBURD": 14.1, "EP_NOHSDP": 1.8, "MP_NOHSDP": 1.7, "EP_UNINSUR": 3.9, "MP_UNINSUR": 3.8, "EP_AGE65": 17.4, "MP_AGE65": 3.8, "EP_AGE17": 15.9, "MP_AGE17": 3.9, "EP_DISABL": 11.4, "MP_DISABL": 5.1, "EP_SNGPNT": 2.8, "MP_SNGPNT": 4.3, "EP_LIMENG": 0.4, "MP_LIMENG": 1.6, "EP_MINRTY": 52.0, "MP_MINRTY": 14.2, "EP_MUNIT": 46.4, "MP_MUNIT": 15.3, "EP_MOBILE": 0.0, "MP_MOBILE": 1.6, "EP_CROWD": 2.6, "MP_CROWD": 3.9, "EP_NOVEH": 2.3, "MP_NOVEH": 1.8, "EP_GROUPQ": 1.6, "MP_GROUPQ": 0.3, "EPL_POV150": 0.2567, "EPL_UNEMP": 0.1714, "EPL_HBURD": 0.8817, "EPL_NOHSDP": 0.0647, "EPL_UNINSUR": 0.195, "SPL_THEME1": 1.5695, "RPL_THEME1": 0.1967, "EPL_AGE65": 0.4876, "EPL_AGE17": 0.2189, "EPL_DISABL": 0.205, "EPL_SNGPNT": 0.2133, "EPL_LIMENG": 0.2123, "SPL_THEME2": 1.3371, "RPL_THEME2": 0.0267, "EPL_MINRTY": 0.2968, "SPL_THEME3": 0.2968, "RPL_THEME3": 0.2968, "EPL_MUNIT": 0.9817, "EPL_MOBILE": 0.0, "EPL_CROWD": 0.5317, "EPL_NOVEH": 0.3367, "EPL_GROUPQ": 0.7446, "SPL_THEME4": 2.5947, "RPL_THEME4": 0.6417, "SPL_THEMES": 5.7981, "RPL_THEMES": 0.2017, "F_POV150": 0, "F_UNEMP": 0, "F_HBURD": 0, "F_NOHSDP": 0, "F_UNINSUR": 0, "F_THEME1": 0, "F_AGE65": 0, "F_AGE17": 0, "F_DISABL": 0, "F_SNGPNT": 0, "F_LIMENG": 0, "F_THEME2": 0, "F_MINRTY": 0, "F_THEME3": 0, "F_MUNIT": 1, "F_MOBILE": 0, "F_CROWD": 0, "F_NOVEH": 0, "F_GROUPQ": 0, "F_THEME4": 1, "F_TOTAL": 1, "E_DAYPOP": 3529, "E_NOINT": 197, "M_NOINT": 156, "E_AFAM": 29, "M_AFAM": 40, "E_HISP": 1499, "M_HISP": 581, "E_ASIAN": 217, "M_ASIAN": 136, "E_AIAN": 415, "M_AIAN": 501, "E_NHPI": 0, "M_NHPI": 19, "E_TWOMORE": 543, "M_TWOMORE": 359, "E_OTHERRACE": 34, "M_OTHERRACE": 48, "EP_NOINT": 7.8, "MP_NOINT": 6.1, "EP_AFAM": 0.6, "MP_AFAM": 0.8, "EP_HISP": 28.5, "MP_HISP": 9.9, "EP_ASIAN": 4.1, "MP_ASIAN": 2.7, "EP_AIAN": 7.9, "MP_AIAN": 9.1, "EP_NHPI": 0.0, "MP_NHPI": 0.8, "EP_TWOMORE": 10.3, "MP_TWOMORE": 6.3, "EP_OTHERRACE": 0.6, "MP_OTHERRACE": 0.9, "Shape_Length": 0.055233390234493168, "Shape_Area": 0.00014291243150012884 }, "geometry": { "type": "MultiPolygon", "coordinates": [ [ [ [ -106.524818, 35.151959 ], [ -106.524521, 35.154364 ], [ -106.52262, 35.154156 ], [ -106.51703, 35.150995 ], [ -106.516072, 35.150849 ], [ -106.513446, 35.150796 ], [ -106.508272, 35.152295 ], [ -106.506869, 35.152329 ], [ -106.506906, 35.148972 ], [ -106.506894, 35.1451 ], [ -106.51213, 35.143779 ], [ -106.514039, 35.143154 ], [ -106.5174, 35.141881 ], [ -106.518803, 35.144205 ], [ -106.52345, 35.14695 ], [ -106.526928, 35.148778 ], [ -106.524818, 35.151959 ] ] ] ] } },
{ "type": "Feature", "properties": { "OBJECTID": 104, "ST": "35", "STATE": "New Mexico", "ST_ABBR": "NM", "STCNTY": "35001", "COUNTY": "Bernalillo County", "FIPS": "35001003739", "LOCATION": "Census Tract 37.39; Bernalillo County; New Mexico", "AREA_SQMI": 0.32674190631599997, "E_TOTPOP": 2240, "M_TOTPOP": 479, "E_HU": 1122, "M_HU": 186, "E_HH": 955, "M_HH": 208, "E_POV150": 157, "M_POV150": 93, "E_UNEMP": 109, "M_UNEMP": 112, "E_HBURD": 180, "M_HBURD": 86, "E_NOHSDP": 156, "M_NOHSDP": 131, "E_UNINSUR": 4, "M_UNINSUR": 7, "E_AGE65": 421, "M_AGE65": 219, "E_AGE17": 589, "M_AGE17": 254, "E_DISABL": 393, "M_DISABL": 155, "E_SNGPNT": 153, "M_SNGPNT": 107, "E_LIMENG": 0, "M_LIMENG": 52, "E_MINRTY": 1443, "M_MINRTY": 570, "E_MUNIT": 300, "M_MUNIT": 114, "E_MOBILE": 4, "M_MOBILE": 7, "E_CROWD": 109, "M_CROWD": 99, "E_NOVEH": 14, "M_NOVEH": 13, "E_GROUPQ": 0, "M_GROUPQ": 13, "EP_POV150": 7.0, "MP_POV150": 3.9, "EP_UNEMP": 9.7, "MP_UNEMP": 8.8, "EP_HBURD": 18.8, "MP_HBURD": 8.0, "EP_NOHSDP": 10.1, "MP_NOHSDP": 7.3, "EP_UNINSUR": 0.2, "MP_UNINSUR": 0.3, "EP_AGE65": 18.8, "MP_AGE65": 9.9, "EP_AGE17": 26.3, "MP_AGE17": 9.5, "EP_DISABL": 17.7, "MP_DISABL": 6.9, "EP_SNGPNT": 16.1, "MP_SNGPNT": 10.6, "EP_LIMENG": 0.0, "MP_LIMENG": 2.4, "EP_MINRTY": 64.4, "MP_MINRTY": 21.4, "EP_MUNIT": 26.7, "MP_MUNIT": 9.1, "EP_MOBILE": 0.4, "MP_MOBILE": 0.6, "EP_CROWD": 11.4, "MP_CROWD": 10.1, "EP_NOVEH": 1.5, "MP_NOVEH": 1.4, "EP_GROUPQ": 0.0, "MP_GROUPQ": 0.6, "EPL_POV150": 0.045, "EPL_UNEMP": 0.7537, "EPL_HBURD": 0.3333, "EPL_NOHSDP": 0.4478, "EPL_UNINSUR": 0.0067, "SPL_THEME1": 1.5865, "RPL_THEME1": 0.2, "EPL_AGE65": 0.5705, "EPL_AGE17": 0.7396, "EPL_DISABL": 0.5933, "EPL_SNGPNT": 0.94, "EPL_LIMENG": 0.0, "SPL_THEME2": 2.8434, "RPL_THEME2": 0.7267, "EPL_MINRTY": 0.5257, "SPL_THEME3": 0.5257, "RPL_THEME3": 0.5257, "EPL_MUNIT": 0.9285, "EPL_MOBILE": 0.2113, "EPL_CROWD": 0.915, "EPL_NOVEH": 0.2417, "EPL_GROUPQ": 0.0, "SPL_THEME4": 2.2965, "RPL_THEME4": 0.5, "SPL_THEMES": 7.2521, "RPL_THEMES": 0.41, "F_POV150": 0, "F_UNEMP": 0, "F_HBURD": 0, "F_NOHSDP": 0, "F_UNINSUR": 0, "F_THEME1": 0, "F_AGE65": 0, "F_AGE17": 0, "F_DISABL": 0, "F_SNGPNT": 1, "F_LIMENG": 0, "F_THEME2": 1, "F_MINRTY": 0, "F_THEME3": 0, "F_MUNIT": 1, "F_MOBILE": 0, "F_CROWD": 1, "F_NOVEH": 0, "F_GROUPQ": 0, "F_THEME4": 2, "F_TOTAL": 3, "E_DAYPOP": 744, "E_NOINT": 8, "M_NOINT": 9, "E_AFAM": 0, "M_AFAM": 13, "E_HISP": 1006, "M_HISP": 355, "E_ASIAN": 23, "M_ASIAN": 23, "E_AIAN": 409, "M_AIAN": 349, "E_NHPI": 0, "M_NHPI": 13, "E_TWOMORE": 5, "M_TWOMORE": 8, "E_OTHERRACE": 0, "M_OTHERRACE": 13, "EP_NOINT": 0.8, "MP_NOINT": 1.0, "EP_AFAM": 0.0, "MP_AFAM": 1.8, "EP_HISP": 44.9, "MP_HISP": 14.1, "EP_ASIAN": 1.0, "MP_ASIAN": 1.1, "EP_AIAN": 18.3, "MP_AIAN": 13.9, "EP_NHPI": 0.0, "MP_NHPI": 1.8, "EP_TWOMORE": 0.2, "MP_TWOMORE": 0.3, "EP_OTHERRACE": 0.0, "MP_OTHERRACE": 1.8, "Shape_Length": 0.037367465995398461, "Shape_Area": 8.4730466999849392e-05 }, "geometry": { "type": "MultiPolygon", "coordinates": [ [ [ [ -106.57758, 35.138629 ], [ -106.5774, 35.140372 ], [ -106.576666, 35.142326 ], [ -106.574885, 35.141708 ], [ -106.570177, 35.138454 ], [ -106.568661, 35.138405 ], [ -106.568664, 35.130763 ], [ -106.577652, 35.130857 ], [ -106.57758, 35.138629 ] ] ] ] } },
{ "type": "Feature", "properties": { "OBJECTID": 105, "ST": "35", "STATE": "New Mexico", "ST_ABBR": "NM", "STCNTY": "35001", "COUNTY": "Bernalillo County", "FIPS": "35001003740", "LOCATION": "Census Tract 37.40; Bernalillo County; New Mexico", "AREA_SQMI": 0.47059617557799999, "E_TOTPOP": 5598, "M_TOTPOP": 933, "E_HU": 3177, "M_HU": 356, "E_HH": 2879, "M_HH": 298, "E_POV150": 1879, "M_POV150": 689, "E_UNEMP": 154, "M_UNEMP": 122, "E_HBURD": 1039, "M_HBURD": 308, "E_NOHSDP": 169, "M_NOHSDP": 148, "E_UNINSUR": 744, "M_UNINSUR": 328, "E_AGE65": 445, "M_AGE65": 164, "E_AGE17": 1287, "M_AGE17": 562, "E_DISABL": 1034, "M_DISABL": 371, "E_SNGPNT": 130, "M_SNGPNT": 116, "E_LIMENG": 154, "M_LIMENG": 188, "E_MINRTY": 3200, "M_MINRTY": 1240, "E_MUNIT": 1557, "M_MUNIT": 378, "E_MOBILE": 0, "M_MOBILE": 19, "E_CROWD": 147, "M_CROWD": 123, "E_NOVEH": 303, "M_NOVEH": 149, "E_GROUPQ": 0, "M_GROUPQ": 19, "EP_POV150": 33.6, "MP_POV150": 11.0, "EP_UNEMP": 4.6, "MP_UNEMP": 3.5, "EP_HBURD": 36.1, "MP_HBURD": 10.0, "EP_NOHSDP": 5.0, "MP_NOHSDP": 4.4, "EP_UNINSUR": 13.3, "MP_UNINSUR": 6.0, "EP_AGE65": 7.9, "MP_AGE65": 3.3, "EP_AGE17": 23.0, "MP_AGE17": 7.3, "EP_DISABL": 18.5, "MP_DISABL": 5.3, "EP_SNGPNT": 4.5, "MP_SNGPNT": 4.0, "EP_LIMENG": 3.0, "MP_LIMENG": 3.6, "EP_MINRTY": 57.2, "MP_MINRTY": 20.0, "EP_MUNIT": 49.0, "MP_MUNIT": 10.6, "EP_MOBILE": 0.0, "MP_MOBILE": 1.2, "EP_CROWD": 5.1, "MP_CROWD": 4.2, "EP_NOVEH": 10.5, "MP_NOVEH": 5.4, "EP_GROUPQ": 0.0, "MP_GROUPQ": 0.3, "EPL_POV150": 0.595, "EPL_UNEMP": 0.4077, "EPL_HBURD": 0.8167, "EPL_NOHSDP": 0.2405, "EPL_UNINSUR": 0.7483, "SPL_THEME1": 2.8082, "RPL_THEME1": 0.6133, "EPL_AGE65": 0.0829, "EPL_AGE17": 0.5539, "EPL_DISABL": 0.6533, "EPL_SNGPNT": 0.355, "EPL_LIMENG": 0.6468, "SPL_THEME2": 2.2919, "RPL_THEME2": 0.3617, "EPL_MINRTY": 0.3731, "SPL_THEME3": 0.3731, "RPL_THEME3": 0.3731, "EPL_MUNIT": 0.9834, "EPL_MOBILE": 0.0, "EPL_CROWD": 0.7533, "EPL_NOVEH": 0.8183, "EPL_GROUPQ": 0.0, "SPL_THEME4": 2.555, "RPL_THEME4": 0.6217, "SPL_THEMES": 8.0282, "RPL_THEMES": 0.535, "F_POV150": 0, "F_UNEMP": 0, "F_HBURD": 0, "F_NOHSDP": 0, "F_UNINSUR": 0, "F_THEME1": 0, "F_AGE65": 0, "F_AGE17": 0, "F_DISABL": 0, "F_SNGPNT": 0, "F_LIMENG": 0, "F_THEME2": 0, "F_MINRTY": 0, "F_THEME3": 0, "F_MUNIT": 1, "F_MOBILE": 0, "F_CROWD": 0, "F_NOVEH": 0, "F_GROUPQ": 0, "F_THEME4": 1, "F_TOTAL": 1, "E_DAYPOP": 4142, "E_NOINT": 233, "M_NOINT": 233, "E_AFAM": 642, "M_AFAM": 309, "E_HISP": 1968, "M_HISP": 508, "E_ASIAN": 44, "M_ASIAN": 70, "E_AIAN": 546, "M_AIAN": 302, "E_NHPI": 0, "M_NHPI": 19, "E_TWOMORE": 0, "M_TWOMORE": 19, "E_OTHERRACE": 0, "M_OTHERRACE": 19, "EP_NOINT": 8.1, "MP_NOINT": 7.6, "EP_AFAM": 11.5, "MP_AFAM": 5.3, "EP_HISP": 35.2, "MP_HISP": 8.0, "EP_ASIAN": 0.8, "MP_ASIAN": 1.2, "EP_AIAN": 9.8, "MP_AIAN": 5.3, "EP_NHPI": 0.0, "MP_NHPI": 0.7, "EP_TWOMORE": 0.0, "MP_TWOMORE": 0.7, "EP_OTHERRACE": 0.0, "MP_OTHERRACE": 0.7, "Shape_Length": 0.044809488786572413, "Shape_Area": 0.00012073026250017601 }, "geometry": { "type": "MultiPolygon", "coordinates": [ [ [ [ -106.586408, 35.138594 ], [ -106.586461, 35.142102 ], [ -106.586467, 35.144901 ], [ -106.580844, 35.144618 ], [ -106.576666, 35.142326 ], [ -106.5774, 35.140372 ], [ -106.57758, 35.138629 ], [ -106.577652, 35.130857 ], [ -106.586482, 35.13093 ], [ -106.586408, 35.138594 ] ] ] ] } },
{ "type": "Feature", "properties": { "OBJECTID": 106, "ST": "35", "STATE": "New Mexico", "ST_ABBR": "NM", "STCNTY": "35001", "COUNTY": "Bernalillo County", "FIPS": "35001003741", "LOCATION": "Census Tract 37.41; Bernalillo County; New Mexico", "AREA_SQMI": 5.2359114613079996, "E_TOTPOP": 1974, "M_TOTPOP": 423, "E_HU": 839, "M_HU": 133, "E_HH": 839, "M_HH": 133, "E_POV150": 40, "M_POV150": 40, "E_UNEMP": 5, "M_UNEMP": 9, "E_HBURD": 36, "M_HBURD": 45, "E_NOHSDP": 11, "M_NOHSDP": 18, "E_UNINSUR": 10, "M_UNINSUR": 13, "E_AGE65": 695, "M_AGE65": 173, "E_AGE17": 355, "M_AGE17": 210, "E_DISABL": 81, "M_DISABL": 44, "E_SNGPNT": 17, "M_SNGPNT": 25, "E_LIMENG": 16, "M_LIMENG": 55, "E_MINRTY": 543, "M_MINRTY": 593, "E_MUNIT": 2, "M_MUNIT": 13, "E_MOBILE": 0, "M_MOBILE": 13, "E_CROWD": 0, "M_CROWD": 18, "E_NOVEH": 21, "M_NOVEH": 23, "E_GROUPQ": 0, "M_GROUPQ": 13, "EP_POV150": 2.0, "MP_POV150": 2.0, "EP_UNEMP": 0.7, "MP_UNEMP": 1.3, "EP_HBURD": 4.3, "MP_HBURD": 5.3, "EP_NOHSDP": 0.7, "MP_NOHSDP": 1.2, "EP_UNINSUR": 0.5, "MP_UNINSUR": 0.7, "EP_AGE65": 35.2, "MP_AGE65": 9.7, "EP_AGE17": 18.0, "MP_AGE17": 7.4, "EP_DISABL": 4.1, "MP_DISABL": 2.5, "EP_SNGPNT": 2.0, "MP_SNGPNT": 3.0, "EP_LIMENG": 0.9, "MP_LIMENG": 2.9, "EP_MINRTY": 27.5, "MP_MINRTY": 29.5, "EP_MUNIT": 0.2, "MP_MUNIT": 1.5, "EP_MOBILE": 0.0, "MP_MOBILE": 4.7, "EP_CROWD": 0.0, "MP_CROWD": 2.1, "EP_NOVEH": 2.5, "MP_NOVEH": 2.6, "EP_GROUPQ": 0.0, "MP_GROUPQ": 0.7, "EPL_POV150": 0.0067, "EPL_UNEMP": 0.0666, "EPL_HBURD": 0.0083, "EPL_NOHSDP": 0.0299, "EPL_UNINSUR": 0.015, "SPL_THEME1": 0.1265, "RPL_THEME1": 0.0017, "EPL_AGE65": 0.9254, "EPL_AGE17": 0.3184, "EPL_DISABL": 0.0067, "EPL_SNGPNT": 0.165, "EPL_LIMENG": 0.3234, "SPL_THEME2": 1.7389, "RPL_THEME2": 0.1333, "EPL_MINRTY": 0.0448, "SPL_THEME3": 0.0448, "RPL_THEME3": 0.0448, "EPL_MUNIT": 0.4542, "EPL_MOBILE": 0.0, "EPL_CROWD": 0.0, "EPL_NOVEH": 0.3567, "EPL_GROUPQ": 0.0, "SPL_THEME4": 0.8109, "RPL_THEME4": 0.045, "SPL_THEMES": 2.7211, "RPL_THEMES": 0.0067, "F_POV150": 0, "F_UNEMP": 0, "F_HBURD": 0, "F_NOHSDP": 0, "F_UNINSUR": 0, "F_THEME1": 0, "F_AGE65": 1, "F_AGE17": 0, "F_DISABL": 0, "F_SNGPNT": 0, "F_LIMENG": 0, "F_THEME2": 1, "F_MINRTY": 0, "F_THEME3": 0, "F_MUNIT": 0, "F_MOBILE": 0, "F_CROWD": 0, "F_NOVEH": 0, "F_GROUPQ": 0, "F_THEME4": 0, "F_TOTAL": 1, "E_DAYPOP": 657, "E_NOINT": 0, "M_NOINT": 13, "E_AFAM": 0, "M_AFAM": 13, "E_HISP": 371, "M_HISP": 163, "E_ASIAN": 98, "M_ASIAN": 95, "E_AIAN": 10, "M_AIAN": 13, "E_NHPI": 0, "M_NHPI": 13, "E_TWOMORE": 64, "M_TWOMORE": 51, "E_OTHERRACE": 0, "M_OTHERRACE": 13, "EP_NOINT": 0.0, "MP_NOINT": 4.7, "EP_AFAM": 0.0, "MP_AFAM": 2.0, "EP_HISP": 18.8, "MP_HISP": 8.2, "EP_ASIAN": 5.0, "MP_ASIAN": 4.9, "EP_AIAN": 0.5, "MP_AIAN": 0.7, "EP_NHPI": 0.0, "MP_NHPI": 2.0, "EP_TWOMORE": 3.2, "MP_TWOMORE": 2.8, "EP_OTHERRACE": 0.0, "MP_OTHERRACE": 2.0, "Shape_Length": 0.21697770559262297, "Shape_Area": 0.001344428802499717 }, "geometry": { "type": "MultiPolygon", "coordinates": [ [ [ [ -106.4971, 35.157269 ], [ -106.497036, 35.158819 ], [ -106.496772, 35.159584 ], [ -106.496365, 35.160849 ], [ -106.496194, 35.171405 ], [ -106.49442, 35.171054 ], [ -106.491681, 35.168421 ], [ -106.486406, 35.167593 ], [ -106.484077, 35.167669 ], [ -106.480405, 35.168606 ], [ -106.476772, 35.170035 ], [ -106.471938, 35.172727 ], [ -106.470971, 35.174736 ], [ -106.468007, 35.176751 ], [ -106.464272, 35.178015 ], [ -106.462625, 35.17962 ], [ -106.459933, 35.181266 ], [ -106.457125, 35.181449 ], [ -106.453955, 35.184987 ], [ -106.452029, 35.184889 ], [ -106.449756, 35.185901 ], [ -106.449904, 35.186997 ], [ -106.446326, 35.187799 ], [ -106.445865, 35.190158 ], [ -106.44316, 35.191624 ], [ -106.443455, 35.193419 ], [ -106.442315, 35.196017 ], [ -106.436749, 35.197057 ], [ -106.432814, 35.195272 ], [ -106.425647, 35.192658 ], [ -106.422623, 35.191087 ], [ -106.419745, 35.18717 ], [ -106.418286, 35.186829 ], [ -106.415641, 35.182724 ], [ -106.420774, 35.179572 ], [ -106.424036, 35.177949 ], [ -106.425532, 35.178258 ], [ -106.427501, 35.177791 ], [ -106.429303, 35.176366 ], [ -106.429917, 35.175191 ], [ -106.431465, 35.17497 ], [ -106.434233, 35.173343 ], [ -106.436835, 35.172524 ], [ -106.439296, 35.171284 ], [ -106.440579, 35.169323 ], [ -106.443373, 35.16861 ], [ -106.446568, 35.166973 ], [ -106.447724, 35.167295 ], [ -106.450364, 35.166775 ], [ -106.45468, 35.166486 ], [ -106.459301, 35.165038 ], [ -106.462216, 35.165084 ], [ -106.463089, 35.165567 ], [ -106.466278, 35.165001 ], [ -106.463478, 35.162531 ], [ -106.463881, 35.161332 ], [ -106.465191, 35.160116 ], [ -106.467914, 35.159867 ], [ -106.470673, 35.158979 ], [ -106.473786, 35.156637 ], [ -106.474429, 35.155655 ], [ -106.478646, 35.155224 ], [ -106.484936, 35.153352 ], [ -106.486364, 35.153872 ], [ -106.490373, 35.153996 ], [ -106.496196, 35.153059 ], [ -106.497064, 35.152364 ], [ -106.497089, 35.155852 ], [ -106.4971, 35.157269 ] ] ] ] } },
{ "type": "Feature", "properties": { "OBJECTID": 107, "ST": "35", "STATE": "New Mexico", "ST_ABBR": "NM", "STCNTY": "35001", "COUNTY": "Bernalillo County", "FIPS": "35001003742", "LOCATION": "Census Tract 37.42; Bernalillo County; New Mexico", "AREA_SQMI": 10.419475599558, "E_TOTPOP": 4814, "M_TOTPOP": 639, "E_HU": 2184, "M_HU": 224, "E_HH": 2148, "M_HH": 222, "E_POV150": 327, "M_POV150": 172, "E_UNEMP": 164, "M_UNEMP": 111, "E_HBURD": 281, "M_HBURD": 139, "E_NOHSDP": 11, "M_NOHSDP": 17, "E_UNINSUR": 87, "M_UNINSUR": 85, "E_AGE65": 1561, "M_AGE65": 246, "E_AGE17": 1090, "M_AGE17": 403, "E_DISABL": 746, "M_DISABL": 226, "E_SNGPNT": 68, "M_SNGPNT": 57, "E_LIMENG": 29, "M_LIMENG": 58, "E_MINRTY": 1264, "M_MINRTY": 862, "E_MUNIT": 191, "M_MUNIT": 117, "E_MOBILE": 0, "M_MOBILE": 13, "E_CROWD": 0, "M_CROWD": 18, "E_NOVEH": 69, "M_NOVEH": 67, "E_GROUPQ": 2, "M_GROUPQ": 1, "EP_POV150": 6.9, "MP_POV150": 3.5, "EP_UNEMP": 8.5, "MP_UNEMP": 5.5, "EP_HBURD": 13.1, "MP_HBURD": 6.3, "EP_NOHSDP": 0.3, "MP_NOHSDP": 0.5, "EP_UNINSUR": 1.8, "MP_UNINSUR": 1.8, "EP_AGE65": 32.4, "MP_AGE65": 5.6, "EP_AGE17": 22.6, "MP_AGE17": 5.9, "EP_DISABL": 15.6, "MP_DISABL": 4.4, "EP_SNGPNT": 3.2, "MP_SNGPNT": 2.6, "EP_LIMENG": 0.6, "MP_LIMENG": 1.2, "EP_MINRTY": 26.3, "MP_MINRTY": 17.6, "EP_MUNIT": 8.7, "MP_MUNIT": 5.3, "EP_MOBILE": 0.0, "MP_MOBILE": 1.8, "EP_CROWD": 0.0, "MP_CROWD": 0.8, "EP_NOVEH": 3.2, "MP_NOVEH": 3.2, "EP_GROUPQ": 0.0, "MP_GROUPQ": 0.0, "EPL_POV150": 0.0417, "EPL_UNEMP": 0.7072, "EPL_HBURD": 0.13, "EPL_NOHSDP": 0.0199, "EPL_UNINSUR": 0.0567, "SPL_THEME1": 0.9555, "RPL_THEME1": 0.0483, "EPL_AGE65": 0.9005, "EPL_AGE17": 0.534, "EPL_DISABL": 0.48, "EPL_SNGPNT": 0.245, "EPL_LIMENG": 0.257, "SPL_THEME2": 2.4165, "RPL_THEME2": 0.4283, "EPL_MINRTY": 0.0348, "SPL_THEME3": 0.0348, "RPL_THEME3": 0.0348, "EPL_MUNIT": 0.7953, "EPL_MOBILE": 0.0, "EPL_CROWD": 0.0, "EPL_NOVEH": 0.445, "EPL_GROUPQ": 0.0, "SPL_THEME4": 1.2403, "RPL_THEME4": 0.1167, "SPL_THEMES": 4.6471, "RPL_THEMES": 0.0867, "F_POV150": 0, "F_UNEMP": 0, "F_HBURD": 0, "F_NOHSDP": 0, "F_UNINSUR": 0, "F_THEME1": 0, "F_AGE65": 1, "F_AGE17": 0, "F_DISABL": 0, "F_SNGPNT": 0, "F_LIMENG": 0, "F_THEME2": 1, "F_MINRTY": 0, "F_THEME3": 0, "F_MUNIT": 0, "F_MOBILE": 0, "F_CROWD": 0, "F_NOVEH": 0, "F_GROUPQ": 0, "F_THEME4": 0, "F_TOTAL": 1, "E_DAYPOP": 1729, "E_NOINT": 140, "M_NOINT": 153, "E_AFAM": 145, "M_AFAM": 173, "E_HISP": 808, "M_HISP": 218, "E_ASIAN": 162, "M_ASIAN": 135, "E_AIAN": 0, "M_AIAN": 13, "E_NHPI": 0, "M_NHPI": 13, "E_TWOMORE": 149, "M_TWOMORE": 103, "E_OTHERRACE": 0, "M_OTHERRACE": 13, "EP_NOINT": 6.5, "MP_NOINT": 6.9, "EP_AFAM": 3.0, "MP_AFAM": 3.6, "EP_HISP": 16.8, "MP_HISP": 4.2, "EP_ASIAN": 3.4, "MP_ASIAN": 2.8, "EP_AIAN": 0.0, "MP_AIAN": 0.8, "EP_NHPI": 0.0, "MP_NHPI": 0.8, "EP_TWOMORE": 3.1, "MP_TWOMORE": 2.1, "EP_OTHERRACE": 0.0, "MP_OTHERRACE": 0.8, "Shape_Length": 0.25528361402863187, "Shape_Area": 0.002686438440999766 }, "geometry": { "type": "MultiPolygon", "coordinates": [ [ [ [ -106.497908, 35.147175 ], [ -106.497064, 35.152364 ], [ -106.496196, 35.153059 ], [ -106.490373, 35.153996 ], [ -106.486364, 35.153872 ], [ -106.484936, 35.153352 ], [ -106.478646, 35.155224 ], [ -106.474429, 35.155655 ], [ -106.473786, 35.156637 ], [ -106.470673, 35.158979 ], [ -106.467914, 35.159867 ], [ -106.465191, 35.160116 ], [ -106.463881, 35.161332 ], [ -106.463478, 35.162531 ], [ -106.466278, 35.165001 ], [ -106.463089, 35.165567 ], [ -106.462216, 35.165084 ], [ -106.459301, 35.165038 ], [ -106.45468, 35.166486 ], [ -106.450364, 35.166775 ], [ -106.447724, 35.167295 ], [ -106.446568, 35.166973 ], [ -106.443373, 35.16861 ], [ -106.440579, 35.169323 ], [ -106.439296, 35.171284 ], [ -106.436835, 35.172524 ], [ -106.434233, 35.173343 ], [ -106.431465, 35.17497 ], [ -106.429917, 35.175191 ], [ -106.429303, 35.176366 ], [ -106.427501, 35.177791 ], [ -106.425532, 35.178258 ], [ -106.424036, 35.177949 ], [ -106.420774, 35.179572 ], [ -106.415641, 35.182724 ], [ -106.415479, 35.179544 ], [ -106.414571, 35.17194 ], [ -106.41563, 35.162588 ], [ -106.41421, 35.160118 ], [ -106.413953, 35.155012 ], [ -106.415216, 35.1525 ], [ -106.414953, 35.148287 ], [ -106.41655, 35.143284 ], [ -106.424308, 35.13606 ], [ -106.42769, 35.134596 ], [ -106.431331, 35.131461 ], [ -106.432929, 35.129495 ], [ -106.436182, 35.127353 ], [ -106.437344, 35.128938 ], [ -106.438735, 35.129728 ], [ -106.441063, 35.129863 ], [ -106.444988, 35.132226 ], [ -106.447584, 35.131494 ], [ -106.449652, 35.131951 ], [ -106.451524, 35.130822 ], [ -106.454853, 35.131488 ], [ -106.457321, 35.132662 ], [ -106.458324, 35.131575 ], [ -106.460888, 35.130617 ], [ -106.466379, 35.133605 ], [ -106.469883, 35.13295 ], [ -106.473578, 35.132751 ], [ -106.475902, 35.133577 ], [ -106.480397, 35.134545 ], [ -106.48037, 35.131036 ], [ -106.486627, 35.13335 ], [ -106.488235, 35.132384 ], [ -106.49106, 35.130794 ], [ -106.497886, 35.130655 ], [ -106.497873, 35.137728 ], [ -106.497893, 35.140737 ], [ -106.497888, 35.145109 ], [ -106.497908, 35.147175 ] ] ] ] } },
{ "type": "Feature", "properties": { "OBJECTID": 108, "ST": "35", "STATE": "New Mexico", "ST_ABBR": "NM", "STCNTY": "35001", "COUNTY": "Bernalillo County", "FIPS": "35001003743", "LOCATION": "Census Tract 37.43; Bernalillo County; New Mexico", "AREA_SQMI": 1.2821462859899999, "E_TOTPOP": 6303, "M_TOTPOP": 668, "E_HU": 2324, "M_HU": 260, "E_HH": 2324, "M_HH": 260, "E_POV150": 521, "M_POV150": 339, "E_UNEMP": 107, "M_UNEMP": 114, "E_HBURD": 446, "M_HBURD": 169, "E_NOHSDP": 170, "M_NOHSDP": 97, "E_UNINSUR": 371, "M_UNINSUR": 255, "E_AGE65": 830, "M_AGE65": 160, "E_AGE17": 1405, "M_AGE17": 261, "E_DISABL": 381, "M_DISABL": 186, "E_SNGPNT": 123, "M_SNGPNT": 90, "E_LIMENG": 133, "M_LIMENG": 115, "E_MINRTY": 3415, "M_MINRTY": 865, "E_MUNIT": 184, "M_MUNIT": 108, "E_MOBILE": 35, "M_MOBILE": 53, "E_CROWD": 8, "M_CROWD": 24, "E_NOVEH": 88, "M_NOVEH": 104, "E_GROUPQ": 0, "M_GROUPQ": 19, "EP_POV150": 8.3, "MP_POV150": 5.3, "EP_UNEMP": 3.1, "MP_UNEMP": 3.2, "EP_HBURD": 19.2, "MP_HBURD": 6.9, "EP_NOHSDP": 3.7, "MP_NOHSDP": 2.2, "EP_UNINSUR": 5.9, "MP_UNINSUR": 3.9, "EP_AGE65": 13.2, "MP_AGE65": 2.9, "EP_AGE17": 22.3, "MP_AGE17": 3.4, "EP_DISABL": 6.1, "MP_DISABL": 2.9, "EP_SNGPNT": 5.3, "MP_SNGPNT": 3.8, "EP_LIMENG": 2.2, "MP_LIMENG": 1.9, "EP_MINRTY": 54.2, "MP_MINRTY": 12.5, "EP_MUNIT": 7.9, "MP_MUNIT": 4.6, "EP_MOBILE": 1.5, "MP_MOBILE": 2.2, "EP_CROWD": 0.3, "MP_CROWD": 1.0, "EP_NOVEH": 3.8, "MP_NOVEH": 4.3, "EP_GROUPQ": 0.0, "MP_GROUPQ": 0.3, "EPL_POV150": 0.0783, "EPL_UNEMP": 0.2795, "EPL_HBURD": 0.35, "EPL_NOHSDP": 0.1675, "EPL_UNINSUR": 0.335, "SPL_THEME1": 1.2103, "RPL_THEME1": 0.09, "EPL_AGE65": 0.2537, "EPL_AGE17": 0.5174, "EPL_DISABL": 0.0267, "EPL_SNGPNT": 0.4267, "EPL_LIMENG": 0.5456, "SPL_THEME2": 1.7701, "RPL_THEME2": 0.1483, "EPL_MINRTY": 0.33, "SPL_THEME3": 0.33, "RPL_THEME3": 0.33, "EPL_MUNIT": 0.7787, "EPL_MOBILE": 0.2895, "EPL_CROWD": 0.24, "EPL_NOVEH": 0.4967, "EPL_GROUPQ": 0.0, "SPL_THEME4": 1.8049, "RPL_THEME4": 0.3, "SPL_THEMES": 5.1153, "RPL_THEMES": 0.12, "F_POV150": 0, "F_UNEMP": 0, "F_HBURD": 0, "F_NOHSDP": 0, "F_UNINSUR": 0, "F_THEME1": 0, "F_AGE65": 0, "F_AGE17": 0, "F_DISABL": 0, "F_SNGPNT": 0, "F_LIMENG": 0, "F_THEME2": 0, "F_MINRTY": 0, "F_THEME3": 0, "F_MUNIT": 0, "F_MOBILE": 0, "F_CROWD": 0, "F_NOVEH": 0, "F_GROUPQ": 0, "F_THEME4": 0, "F_TOTAL": 0, "E_DAYPOP": 8058, "E_NOINT": 80, "M_NOINT": 85, "E_AFAM": 61, "M_AFAM": 86, "E_HISP": 1697, "M_HISP": 446, "E_ASIAN": 1415, "M_ASIAN": 559, "E_AIAN": 50, "M_AIAN": 85, "E_NHPI": 0, "M_NHPI": 19, "E_TWOMORE": 192, "M_TWOMORE": 143, "E_OTHERRACE": 0, "M_OTHERRACE": 19, "EP_NOINT": 3.4, "MP_NOINT": 3.7, "EP_AFAM": 1.0, "MP_AFAM": 1.4, "EP_HISP": 26.9, "MP_HISP": 5.8, "EP_ASIAN": 22.4, "MP_ASIAN": 8.2, "EP_AIAN": 0.8, "MP_AIAN": 1.3, "EP_NHPI": 0.0, "MP_NHPI": 0.6, "EP_TWOMORE": 3.0, "MP_TWOMORE": 2.3, "EP_OTHERRACE": 0.0, "MP_OTHERRACE": 0.6, "Shape_Length": 0.087628933429050079, "Shape_Area": 0.00032752007849950983 }, "geometry": { "type": "MultiPolygon", "coordinates": [ [ [ [ -106.560105, 35.191684 ], [ -106.551091, 35.191675 ], [ -106.551107, 35.188802 ], [ -106.542208, 35.188788 ], [ -106.542244, 35.184401 ], [ -106.542222, 35.181553 ], [ -106.537298, 35.181536 ], [ -106.53729, 35.177172 ], [ -106.53344, 35.177197 ], [ -106.533442, 35.174669 ], [ -106.538349, 35.174707 ], [ -106.542244, 35.174487 ], [ -106.551096, 35.174058 ], [ -106.553915, 35.174052 ], [ -106.559936, 35.174268 ], [ -106.559913, 35.184457 ], [ -106.559841, 35.18827 ], [ -106.560105, 35.191684 ] ] ] ] } },
{ "type": "Feature", "properties": { "OBJECTID": 109, "ST": "35", "STATE": "New Mexico", "ST_ABBR": "NM", "STCNTY": "35001", "COUNTY": "Bernalillo County", "FIPS": "35001003744", "LOCATION": "Census Tract 37.44; Bernalillo County; New Mexico", "AREA_SQMI": 1.24366929118, "E_TOTPOP": 1555, "M_TOTPOP": 241, "E_HU": 416, "M_HU": 45, "E_HH": 416, "M_HH": 45, "E_POV150": 25, "M_POV150": 40, "E_UNEMP": 0, "M_UNEMP": 13, "E_HBURD": 28, "M_HBURD": 24, "E_NOHSDP": 0, "M_NOHSDP": 13, "E_UNINSUR": 0, "M_UNINSUR": 13, "E_AGE65": 81, "M_AGE65": 57, "E_AGE17": 594, "M_AGE17": 186, "E_DISABL": 90, "M_DISABL": 63, "E_SNGPNT": 0, "M_SNGPNT": 18, "E_LIMENG": 0, "M_LIMENG": 52, "E_MINRTY": 438, "M_MINRTY": 399, "E_MUNIT": 0, "M_MUNIT": 18, "E_MOBILE": 0, "M_MOBILE": 13, "E_CROWD": 0, "M_CROWD": 18, "E_NOVEH": 53, "M_NOVEH": 62, "E_GROUPQ": 0, "M_GROUPQ": 13, "EP_POV150": 1.6, "MP_POV150": 2.6, "EP_UNEMP": 0.0, "MP_UNEMP": 5.8, "EP_HBURD": 6.7, "MP_HBURD": 5.7, "EP_NOHSDP": 0.0, "MP_NOHSDP": 4.7, "EP_UNINSUR": 0.0, "MP_UNINSUR": 2.5, "EP_AGE65": 5.2, "MP_AGE65": 4.1, "EP_AGE17": 38.2, "MP_AGE17": 8.1, "EP_DISABL": 5.8, "MP_DISABL": 4.1, "EP_SNGPNT": 0.0, "MP_SNGPNT": 4.3, "EP_LIMENG": 0.0, "MP_LIMENG": 3.4, "EP_MINRTY": 28.2, "MP_MINRTY": 25.3, "EP_MUNIT": 0.0, "MP_MUNIT": 4.3, "EP_MOBILE": 0.0, "MP_MOBILE": 9.2, "EP_CROWD": 0.0, "MP_CROWD": 4.3, "EP_NOVEH": 12.7, "MP_NOVEH": 14.8, "EP_GROUPQ": 0.0, "MP_GROUPQ": 0.8, "EPL_POV150": 0.0033, "EPL_UNEMP": 0.0, "EPL_HBURD": 0.0233, "EPL_NOHSDP": 0.0, "EPL_UNINSUR": 0.0, "SPL_THEME1": 0.0266, "RPL_THEME1": 0.0, "EPL_AGE65": 0.0249, "EPL_AGE17": 0.9917, "EPL_DISABL": 0.0233, "EPL_SNGPNT": 0.0, "EPL_LIMENG": 0.0, "SPL_THEME2": 1.0399, "RPL_THEME2": 0.0083, "EPL_MINRTY": 0.0498, "SPL_THEME3": 0.0498, "RPL_THEME3": 0.0498, "EPL_MUNIT": 0.0, "EPL_MOBILE": 0.0, "EPL_CROWD": 0.0, "EPL_NOVEH": 0.875, "EPL_GROUPQ": 0.0, "SPL_THEME4": 0.875, "RPL_THEME4": 0.06, "SPL_THEMES": 1.9913, "RPL_THEMES": 0.0017, "F_POV150": 0, "F_UNEMP": 0, "F_HBURD": 0, "F_NOHSDP": 0, "F_UNINSUR": 0, "F_THEME1": 0, "F_AGE65": 0, "F_AGE17": 1, "F_DISABL": 0, "F_SNGPNT": 0, "F_LIMENG": 0, "F_THEME2": 1, "F_MINRTY": 0, "F_THEME3": 0, "F_MUNIT": 0, "F_MOBILE": 0, "F_CROWD": 0, "F_NOVEH": 0, "F_GROUPQ": 0, "F_THEME4": 0, "F_TOTAL": 1, "E_DAYPOP": 1146, "E_NOINT": 0, "M_NOINT": 13, "E_AFAM": 0, "M_AFAM": 13, "E_HISP": 345, "M_HISP": 219, "E_ASIAN": 66, "M_ASIAN": 84, "E_AIAN": 0, "M_AIAN": 13, "E_NHPI": 0, "M_NHPI": 13, "E_TWOMORE": 27, "M_TWOMORE": 33, "E_OTHERRACE": 0, "M_OTHERRACE": 13, "EP_NOINT": 0.0, "MP_NOINT": 9.2, "EP_AFAM": 0.0, "MP_AFAM": 2.5, "EP_HISP": 22.2, "MP_HISP": 14.6, "EP_ASIAN": 4.2, "MP_ASIAN": 5.4, "EP_AIAN": 0.0, "MP_AIAN": 2.5, "EP_NHPI": 0.0, "MP_NHPI": 2.5, "EP_TWOMORE": 1.7, "MP_TWOMORE": 2.2, "EP_OTHERRACE": 0.0, "MP_OTHERRACE": 2.5, "Shape_Length": 0.11266827596684861, "Shape_Area": 0.00031788218100072815 }, "geometry": { "type": "MultiPolygon", "coordinates": [ [ [ [ -106.56058, 35.199943 ], [ -106.524401, 35.195197 ], [ -106.524633, 35.194399 ], [ -106.529757, 35.194003 ], [ -106.533427, 35.19421 ], [ -106.53344, 35.177197 ], [ -106.53729, 35.177172 ], [ -106.537298, 35.181536 ], [ -106.542222, 35.181553 ], [ -106.542244, 35.184401 ], [ -106.542208, 35.188788 ], [ -106.551107, 35.188802 ], [ -106.551091, 35.191675 ], [ -106.560105, 35.191684 ], [ -106.560114, 35.193134 ], [ -106.559937, 35.194675 ], [ -106.559922, 35.197624 ], [ -106.560439, 35.199448 ], [ -106.56058, 35.199943 ] ] ] ] } },
{ "type": "Feature", "properties": { "OBJECTID": 110, "ST": "35", "STATE": "New Mexico", "ST_ABBR": "NM", "STCNTY": "35001", "COUNTY": "Bernalillo County", "FIPS": "35001003745", "LOCATION": "Census Tract 37.45; Bernalillo County; New Mexico", "AREA_SQMI": 1.3473334310580001, "E_TOTPOP": 1334, "M_TOTPOP": 233, "E_HU": 567, "M_HU": 25, "E_HH": 528, "M_HH": 45, "E_POV150": 257, "M_POV150": 128, "E_UNEMP": 17, "M_UNEMP": 25, "E_HBURD": 124, "M_HBURD": 69, "E_NOHSDP": 40, "M_NOHSDP": 38, "E_UNINSUR": 0, "M_UNINSUR": 13, "E_AGE65": 377, "M_AGE65": 97, "E_AGE17": 73, "M_AGE17": 100, "E_DISABL": 364, "M_DISABL": 108, "E_SNGPNT": 0, "M_SNGPNT": 18, "E_LIMENG": 0, "M_LIMENG": 52, "E_MINRTY": 444, "M_MINRTY": 256, "E_MUNIT": 22, "M_MUNIT": 30, "E_MOBILE": 219, "M_MOBILE": 94, "E_CROWD": 0, "M_CROWD": 18, "E_NOVEH": 41, "M_NOVEH": 33, "E_GROUPQ": 6, "M_GROUPQ": 2, "EP_POV150": 19.6, "MP_POV150": 9.2, "EP_UNEMP": 2.7, "MP_UNEMP": 3.7, "EP_HBURD": 23.5, "MP_HBURD": 12.9, "EP_NOHSDP": 3.2, "MP_NOHSDP": 3.2, "EP_UNINSUR": 0.0, "MP_UNINSUR": 3.0, "EP_AGE65": 28.3, "MP_AGE65": 6.5, "EP_AGE17": 5.5, "MP_AGE17": 7.1, "EP_DISABL": 27.4, "MP_DISABL": 5.2, "EP_SNGPNT": 0.0, "MP_SNGPNT": 3.4, "EP_LIMENG": 0.0, "MP_LIMENG": 3.9, "EP_MINRTY": 33.3, "MP_MINRTY": 18.3, "EP_MUNIT": 3.9, "MP_MUNIT": 5.3, "EP_MOBILE": 38.6, "MP_MOBILE": 16.0, "EP_CROWD": 0.0, "MP_CROWD": 3.4, "EP_NOVEH": 7.8, "MP_NOVEH": 6.4, "EP_GROUPQ": 0.4, "MP_GROUPQ": 0.1, "EPL_POV150": 0.2783, "EPL_UNEMP": 0.2296, "EPL_HBURD": 0.49, "EPL_NOHSDP": 0.141, "EPL_UNINSUR": 0.0, "SPL_THEME1": 1.1389, "RPL_THEME1": 0.08, "EPL_AGE65": 0.8574, "EPL_AGE17": 0.0332, "EPL_DISABL": 0.925, "EPL_SNGPNT": 0.0, "EPL_LIMENG": 0.0, "SPL_THEME2": 1.8156, "RPL_THEME2": 0.1633, "EPL_MINRTY": 0.0896, "SPL_THEME3": 0.0896, "RPL_THEME3": 0.0896, "EPL_MUNIT": 0.6656, "EPL_MOBILE": 0.8369, "EPL_CROWD": 0.0, "EPL_NOVEH": 0.725, "EPL_GROUPQ": 0.5755, "SPL_THEME4": 2.803, "RPL_THEME4": 0.745, "SPL_THEMES": 5.8471, "RPL_THEMES": 0.205, "F_POV150": 0, "F_UNEMP": 0, "F_HBURD": 0, "F_NOHSDP": 0, "F_UNINSUR": 0, "F_THEME1": 0, "F_AGE65": 0, "F_AGE17": 0, "F_DISABL": 1, "F_SNGPNT": 0, "F_LIMENG": 0, "F_THEME2": 1, "F_MINRTY": 0, "F_THEME3": 0, "F_MUNIT": 0, "F_MOBILE": 0, "F_CROWD": 0, "F_NOVEH": 0, "F_GROUPQ": 0, "F_THEME4": 0, "F_TOTAL": 1, "E_DAYPOP": 6518, "E_NOINT": 64, "M_NOINT": 45, "E_AFAM": 0, "M_AFAM": 13, "E_HISP": 347, "M_HISP": 164, "E_ASIAN": 0, "M_ASIAN": 13, "E_AIAN": 75, "M_AIAN": 78, "E_NHPI": 0, "M_NHPI": 13, "E_TWOMORE": 8, "M_TWOMORE": 12, "E_OTHERRACE": 14, "M_OTHERRACE": 20, "EP_NOINT": 12.1, "MP_NOINT": 8.6, "EP_AFAM": 0.0, "MP_AFAM": 3.0, "EP_HISP": 26.0, "MP_HISP": 8.8, "EP_ASIAN": 0.0, "MP_ASIAN": 3.0, "EP_AIAN": 5.6, "MP_AIAN": 5.4, "EP_NHPI": 0.0, "MP_NHPI": 3.0, "EP_TWOMORE": 0.6, "MP_TWOMORE": 0.9, "EP_OTHERRACE": 1.0, "MP_OTHERRACE": 1.6, "Shape_Length": 0.076959354230668284, "Shape_Area": 0.00034806267250065553 }, "geometry": { "type": "MultiPolygon", "coordinates": [ [ [ [ -106.625781, 35.145036 ], [ -106.623793, 35.150034 ], [ -106.623294, 35.151404 ], [ -106.615432, 35.15069 ], [ -106.61381, 35.15104 ], [ -106.61071, 35.151898 ], [ -106.605245, 35.153455 ], [ -106.605122, 35.135696 ], [ -106.60511, 35.135413 ], [ -106.609628, 35.132666 ], [ -106.609829, 35.132812 ], [ -106.613002, 35.134879 ], [ -106.61433, 35.13521 ], [ -106.622048, 35.135384 ], [ -106.624134, 35.135861 ], [ -106.628357, 35.136641 ], [ -106.625781, 35.145036 ] ] ] ] } },
{ "type": "Feature", "properties": { "OBJECTID": 111, "ST": "35", "STATE": "New Mexico", "ST_ABBR": "NM", "STCNTY": "35001", "COUNTY": "Bernalillo County", "FIPS": "35001003746", "LOCATION": "Census Tract 37.46; Bernalillo County; New Mexico", "AREA_SQMI": 1.4726826036639999, "E_TOTPOP": 4931, "M_TOTPOP": 748, "E_HU": 2142, "M_HU": 152, "E_HH": 2133, "M_HH": 150, "E_POV150": 364, "M_POV150": 292, "E_UNEMP": 20, "M_UNEMP": 25, "E_HBURD": 485, "M_HBURD": 185, "E_NOHSDP": 347, "M_NOHSDP": 267, "E_UNINSUR": 160, "M_UNINSUR": 146, "E_AGE65": 781, "M_AGE65": 299, "E_AGE17": 918, "M_AGE17": 252, "E_DISABL": 702, "M_DISABL": 242, "E_SNGPNT": 52, "M_SNGPNT": 59, "E_LIMENG": 109, "M_LIMENG": 154, "E_MINRTY": 2966, "M_MINRTY": 824, "E_MUNIT": 61, "M_MUNIT": 73, "E_MOBILE": 207, "M_MOBILE": 116, "E_CROWD": 0, "M_CROWD": 18, "E_NOVEH": 29, "M_NOVEH": 32, "E_GROUPQ": 2, "M_GROUPQ": 3, "EP_POV150": 7.4, "MP_POV150": 5.8, "EP_UNEMP": 0.7, "MP_UNEMP": 0.8, "EP_HBURD": 22.7, "MP_HBURD": 8.5, "EP_NOHSDP": 9.4, "MP_NOHSDP": 6.5, "EP_UNINSUR": 3.3, "MP_UNINSUR": 3.0, "EP_AGE65": 15.8, "MP_AGE65": 6.1, "EP_AGE17": 18.6, "MP_AGE17": 3.7, "EP_DISABL": 14.3, "MP_DISABL": 4.0, "EP_SNGPNT": 2.4, "MP_SNGPNT": 2.8, "EP_LIMENG": 2.4, "MP_LIMENG": 3.3, "EP_MINRTY": 60.2, "MP_MINRTY": 14.0, "EP_MUNIT": 2.8, "MP_MUNIT": 3.4, "EP_MOBILE": 9.7, "MP_MOBILE": 5.4, "EP_CROWD": 0.0, "MP_CROWD": 0.8, "EP_NOVEH": 1.4, "MP_NOVEH": 1.5, "EP_GROUPQ": 0.0, "MP_GROUPQ": 0.1, "EPL_POV150": 0.0567, "EPL_UNEMP": 0.0666, "EPL_HBURD": 0.4633, "EPL_NOHSDP": 0.4196, "EPL_UNINSUR": 0.1417, "SPL_THEME1": 1.1479, "RPL_THEME1": 0.0833, "EPL_AGE65": 0.3947, "EPL_AGE17": 0.3383, "EPL_DISABL": 0.4033, "EPL_SNGPNT": 0.1867, "EPL_LIMENG": 0.5738, "SPL_THEME2": 1.8968, "RPL_THEME2": 0.1817, "EPL_MINRTY": 0.4212, "SPL_THEME3": 0.4212, "RPL_THEME3": 0.4212, "EPL_MUNIT": 0.614, "EPL_MOBILE": 0.4742, "EPL_CROWD": 0.0, "EPL_NOVEH": 0.2283, "EPL_GROUPQ": 0.0, "SPL_THEME4": 1.3165, "RPL_THEME4": 0.1367, "SPL_THEMES": 4.7824, "RPL_THEMES": 0.0967, "F_POV150": 0, "F_UNEMP": 0, "F_HBURD": 0, "F_NOHSDP": 0, "F_UNINSUR": 0, "F_THEME1": 0, "F_AGE65": 0, "F_AGE17": 0, "F_DISABL": 0, "F_SNGPNT": 0, "F_LIMENG": 0, "F_THEME2": 0, "F_MINRTY": 0, "F_THEME3": 0, "F_MUNIT": 0, "F_MOBILE": 0, "F_CROWD": 0, "F_NOVEH": 0, "F_GROUPQ": 0, "F_THEME4": 0, "F_TOTAL": 0, "E_DAYPOP": 4559, "E_NOINT": 279, "M_NOINT": 141, "E_AFAM": 0, "M_AFAM": 13, "E_HISP": 2491, "M_HISP": 620, "E_ASIAN": 435, "M_ASIAN": 246, "E_AIAN": 0, "M_AIAN": 13, "E_NHPI": 0, "M_NHPI": 13, "E_TWOMORE": 40, "M_TWOMORE": 42, "E_OTHERRACE": 0, "M_OTHERRACE": 13, "EP_NOINT": 13.1, "MP_NOINT": 6.7, "EP_AFAM": 0.0, "MP_AFAM": 0.8, "EP_HISP": 50.5, "MP_HISP": 7.4, "EP_ASIAN": 8.8, "MP_ASIAN": 4.8, "EP_AIAN": 0.0, "MP_AIAN": 0.8, "EP_NHPI": 0.0, "MP_NHPI": 0.8, "EP_TWOMORE": 0.8, "MP_TWOMORE": 0.9, "EP_OTHERRACE": 0.0, "MP_OTHERRACE": 0.8, "Shape_Length": 0.089766448904179078, "Shape_Area": 0.00037753479199969668 }, "geometry": { "type": "MultiPolygon", "coordinates": [ [ [ [ -106.622682, 35.153312 ], [ -106.622202, 35.15493 ], [ -106.620975, 35.158647 ], [ -106.62045, 35.160078 ], [ -106.617734, 35.168697 ], [ -106.614842, 35.172229 ], [ -106.61377, 35.174812 ], [ -106.613302, 35.17591 ], [ -106.611664, 35.178189 ], [ -106.610026, 35.182451 ], [ -106.606806, 35.185426 ], [ -106.60562, 35.184995 ], [ -106.605241, 35.182508 ], [ -106.605475, 35.174707 ], [ -106.605472, 35.174402 ], [ -106.605245, 35.153455 ], [ -106.61071, 35.151898 ], [ -106.61381, 35.15104 ], [ -106.615432, 35.15069 ], [ -106.623294, 35.151404 ], [ -106.622682, 35.153312 ] ] ] ] } },
{ "type": "Feature", "properties": { "OBJECTID": 112, "ST": "35", "STATE": "New Mexico", "ST_ABBR": "NM", "STCNTY": "35001", "COUNTY": "Bernalillo County", "FIPS": "35001003803", "LOCATION": "Census Tract 38.03; Bernalillo County; New Mexico", "AREA_SQMI": 37.006838085619997, "E_TOTPOP": 3315, "M_TOTPOP": 458, "E_HU": 1578, "M_HU": 153, "E_HH": 1413, "M_HH": 163, "E_POV150": 124, "M_POV150": 89, "E_UNEMP": 40, "M_UNEMP": 28, "E_HBURD": 159, "M_HBURD": 91, "E_NOHSDP": 100, "M_NOHSDP": 65, "E_UNINSUR": 178, "M_UNINSUR": 116, "E_AGE65": 830, "M_AGE65": 172, "E_AGE17": 690, "M_AGE17": 204, "E_DISABL": 445, "M_DISABL": 161, "E_SNGPNT": 43, "M_SNGPNT": 45, "E_LIMENG": 19, "M_LIMENG": 54, "E_MINRTY": 637, "M_MINRTY": 632, "E_MUNIT": 0, "M_MUNIT": 18, "E_MOBILE": 118, "M_MOBILE": 69, "E_CROWD": 12, "M_CROWD": 15, "E_NOVEH": 8, "M_NOVEH": 12, "E_GROUPQ": 0, "M_GROUPQ": 13, "EP_POV150": 3.7, "MP_POV150": 2.6, "EP_UNEMP": 2.5, "MP_UNEMP": 1.8, "EP_HBURD": 11.3, "MP_HBURD": 6.3, "EP_NOHSDP": 4.3, "MP_NOHSDP": 2.8, "EP_UNINSUR": 5.4, "MP_UNINSUR": 3.5, "EP_AGE65": 25.0, "MP_AGE65": 5.3, "EP_AGE17": 20.8, "MP_AGE17": 4.4, "EP_DISABL": 13.5, "MP_DISABL": 4.7, "EP_SNGPNT": 3.1, "MP_SNGPNT": 3.2, "EP_LIMENG": 0.6, "MP_LIMENG": 1.6, "EP_MINRTY": 19.2, "MP_MINRTY": 18.9, "EP_MUNIT": 0.0, "MP_MUNIT": 1.1, "EP_MOBILE": 7.5, "MP_MOBILE": 4.4, "EP_CROWD": 0.9, "MP_CROWD": 1.1, "EP_NOVEH": 0.6, "MP_NOVEH": 0.9, "EP_GROUPQ": 0.0, "MP_GROUPQ": 0.4, "EPL_POV150": 0.0167, "EPL_UNEMP": 0.213, "EPL_HBURD": 0.0817, "EPL_NOHSDP": 0.1973, "EPL_UNINSUR": 0.285, "SPL_THEME1": 0.7937, "RPL_THEME1": 0.035, "EPL_AGE65": 0.7861, "EPL_AGE17": 0.4461, "EPL_DISABL": 0.3483, "EPL_SNGPNT": 0.2333, "EPL_LIMENG": 0.257, "SPL_THEME2": 2.0708, "RPL_THEME2": 0.2583, "EPL_MINRTY": 0.0116, "SPL_THEME3": 0.0116, "RPL_THEME3": 0.0116, "EPL_MUNIT": 0.0, "EPL_MOBILE": 0.4509, "EPL_CROWD": 0.3217, "EPL_NOVEH": 0.1267, "EPL_GROUPQ": 0.0, "SPL_THEME4": 0.8993, "RPL_THEME4": 0.0633, "SPL_THEMES": 3.7754, "RPL_THEMES": 0.0333, "F_POV150": 0, "F_UNEMP": 0, "F_HBURD": 0, "F_NOHSDP": 0, "F_UNINSUR": 0, "F_THEME1": 0, "F_AGE65": 0, "F_AGE17": 0, "F_DISABL": 0, "F_SNGPNT": 0, "F_LIMENG": 0, "F_THEME2": 0, "F_MINRTY": 0, "F_THEME3": 0, "F_MUNIT": 0, "F_MOBILE": 0, "F_CROWD": 0, "F_NOVEH": 0, "F_GROUPQ": 0, "F_THEME4": 0, "F_TOTAL": 0, "E_DAYPOP": 1870, "E_NOINT": 107, "M_NOINT": 65, "E_AFAM": 16, "M_AFAM": 28, "E_HISP": 544, "M_HISP": 212, "E_ASIAN": 5, "M_ASIAN": 9, "E_AIAN": 47, "M_AIAN": 47, "E_NHPI": 0, "M_NHPI": 13, "E_TWOMORE": 16, "M_TWOMORE": 14, "E_OTHERRACE": 9, "M_OTHERRACE": 15, "EP_NOINT": 7.6, "MP_NOINT": 4.6, "EP_AFAM": 0.5, "MP_AFAM": 0.8, "EP_HISP": 16.4, "MP_HISP": 6.0, "EP_ASIAN": 0.2, "MP_ASIAN": 0.3, "EP_AIAN": 1.4, "MP_AIAN": 1.4, "EP_NHPI": 0.0, "MP_NHPI": 1.2, "EP_TWOMORE": 0.5, "MP_TWOMORE": 0.4, "EP_OTHERRACE": 0.3, "MP_OTHERRACE": 0.5, "Shape_Length": 0.48944145161089814, "Shape_Area": 0.0094797775345001785 }, "geometry": { "type": "MultiPolygon", "coordinates": [ [ [ [ -106.418652, 35.217428 ], [ -106.4024, 35.217396 ], [ -106.379127, 35.217388 ], [ -106.367243, 35.217406 ], [ -106.357857, 35.217265 ], [ -106.303753, 35.216504 ], [ -106.244216, 35.215657 ], [ -106.244204, 35.215184 ], [ -106.24349, 35.171386 ], [ -106.243683, 35.170238 ], [ -106.243712, 35.156278 ], [ -106.243618, 35.148999 ], [ -106.243604, 35.145379 ], [ -106.243588, 35.141705 ], [ -106.244947, 35.141748 ], [ -106.24542, 35.141784 ], [ -106.261109, 35.141778 ], [ -106.265556, 35.141779 ], [ -106.296947, 35.142042 ], [ -106.302381, 35.141756 ], [ -106.304539, 35.144322 ], [ -106.30467, 35.146272 ], [ -106.304668, 35.147611 ], [ -106.309942, 35.152526 ], [ -106.315388, 35.156188 ], [ -106.3188, 35.156659 ], [ -106.322292, 35.158178 ], [ -106.328947, 35.159808 ], [ -106.332782, 35.161585 ], [ -106.332809, 35.161593 ], [ -106.337348, 35.162142 ], [ -106.341839, 35.161996 ], [ -106.347672, 35.163224 ], [ -106.355138, 35.164392 ], [ -106.356176, 35.165214 ], [ -106.356989, 35.165415 ], [ -106.359991, 35.165366 ], [ -106.361884, 35.165999 ], [ -106.362949, 35.167501 ], [ -106.367554, 35.169711 ], [ -106.368501, 35.169949 ], [ -106.37336, 35.169774 ], [ -106.375217, 35.170908 ], [ -106.375621, 35.172246 ], [ -106.376836, 35.176613 ], [ -106.377281, 35.181834 ], [ -106.378348, 35.179676 ], [ -106.381395, 35.179975 ], [ -106.383612, 35.181454 ], [ -106.387832, 35.183123 ], [ -106.388867, 35.185006 ], [ -106.389785, 35.185054 ], [ -106.390514, 35.182191 ], [ -106.390145, 35.181119 ], [ -106.391236, 35.180976 ], [ -106.391383, 35.184516 ], [ -106.392511, 35.185865 ], [ -106.392934, 35.188132 ], [ -106.394169, 35.189542 ], [ -106.397612, 35.191049 ], [ -106.398771, 35.19303 ], [ -106.401284, 35.194348 ], [ -106.405486, 35.191611 ], [ -106.404455, 35.19314 ], [ -106.405796, 35.195698 ], [ -106.405434, 35.199521 ], [ -106.406018, 35.200476 ], [ -106.409389, 35.20076 ], [ -106.409825, 35.201382 ], [ -106.40839, 35.202875 ], [ -106.408014, 35.204629 ], [ -106.410128, 35.205397 ], [ -106.413286, 35.20821 ], [ -106.409655, 35.211419 ], [ -106.408696, 35.212908 ], [ -106.410334, 35.214975 ], [ -106.411916, 35.214058 ], [ -106.412799, 35.21526 ], [ -106.416833, 35.215836 ], [ -106.418652, 35.217428 ] ] ] ] } },
{ "type": "Feature", "properties": { "OBJECTID": 113, "ST": "35", "STATE": "New Mexico", "ST_ABBR": "NM", "STCNTY": "35001", "COUNTY": "Bernalillo County", "FIPS": "35001003804", "LOCATION": "Census Tract 38.04; Bernalillo County; New Mexico", "AREA_SQMI": 23.693143438469999, "E_TOTPOP": 5437, "M_TOTPOP": 620, "E_HU": 2452, "M_HU": 276, "E_HH": 2289, "M_HH": 258, "E_POV150": 690, "M_POV150": 393, "E_UNEMP": 81, "M_UNEMP": 95, "E_HBURD": 523, "M_HBURD": 209, "E_NOHSDP": 242, "M_NOHSDP": 198, "E_UNINSUR": 305, "M_UNINSUR": 174, "E_AGE65": 1212, "M_AGE65": 267, "E_AGE17": 1066, "M_AGE17": 308, "E_DISABL": 676, "M_DISABL": 227, "E_SNGPNT": 0, "M_SNGPNT": 26, "E_LIMENG": 150, "M_LIMENG": 147, "E_MINRTY": 1967, "M_MINRTY": 833, "E_MUNIT": 0, "M_MUNIT": 26, "E_MOBILE": 402, "M_MOBILE": 183, "E_CROWD": 119, "M_CROWD": 74, "E_NOVEH": 0, "M_NOVEH": 19, "E_GROUPQ": 18, "M_GROUPQ": 3, "EP_POV150": 12.7, "MP_POV150": 7.1, "EP_UNEMP": 3.0, "MP_UNEMP": 3.4, "EP_HBURD": 22.8, "MP_HBURD": 8.8, "EP_NOHSDP": 5.7, "MP_NOHSDP": 4.6, "EP_UNINSUR": 5.6, "MP_UNINSUR": 3.3, "EP_AGE65": 22.3, "MP_AGE65": 4.8, "EP_AGE17": 19.6, "MP_AGE17": 4.2, "EP_DISABL": 12.5, "MP_DISABL": 4.1, "EP_SNGPNT": 0.0, "MP_SNGPNT": 1.1, "EP_LIMENG": 2.9, "MP_LIMENG": 2.8, "EP_MINRTY": 36.2, "MP_MINRTY": 14.8, "EP_MUNIT": 0.0, "MP_MUNIT": 1.1, "EP_MOBILE": 16.4, "MP_MOBILE": 7.2, "EP_CROWD": 5.2, "MP_CROWD": 3.2, "EP_NOVEH": 0.0, "MP_NOVEH": 1.7, "EP_GROUPQ": 0.3, "MP_GROUPQ": 0.0, "EPL_POV150": 0.1583, "EPL_UNEMP": 0.2679, "EPL_HBURD": 0.4683, "EPL_NOHSDP": 0.262, "EPL_UNINSUR": 0.295, "SPL_THEME1": 1.4515, "RPL_THEME1": 0.1583, "EPL_AGE65": 0.7131, "EPL_AGE17": 0.3765, "EPL_DISABL": 0.2683, "EPL_SNGPNT": 0.0, "EPL_LIMENG": 0.6335, "SPL_THEME2": 1.9914, "RPL_THEME2": 0.215, "EPL_MINRTY": 0.1128, "SPL_THEME3": 0.1128, "RPL_THEME3": 0.1128, "EPL_MUNIT": 0.0, "EPL_MOBILE": 0.5591, "EPL_CROWD": 0.7583, "EPL_NOVEH": 0.0, "EPL_GROUPQ": 0.539, "SPL_THEME4": 1.8564, "RPL_THEME4": 0.3167, "SPL_THEMES": 5.4121, "RPL_THEMES": 0.1583, "F_POV150": 0, "F_UNEMP": 0, "F_HBURD": 0, "F_NOHSDP": 0, "F_UNINSUR": 0, "F_THEME1": 0, "F_AGE65": 0, "F_AGE17": 0, "F_DISABL": 0, "F_SNGPNT": 0, "F_LIMENG": 0, "F_THEME2": 0, "F_MINRTY": 0, "F_THEME3": 0, "F_MUNIT": 0, "F_MOBILE": 0, "F_CROWD": 0, "F_NOVEH": 0, "F_GROUPQ": 0, "F_THEME4": 0, "F_TOTAL": 0, "E_DAYPOP": 2048, "E_NOINT": 156, "M_NOINT": 126, "E_AFAM": 0, "M_AFAM": 19, "E_HISP": 1833, "M_HISP": 582, "E_ASIAN": 16, "M_ASIAN": 24, "E_AIAN": 0, "M_AIAN": 19, "E_NHPI": 0, "M_NHPI": 19, "E_TWOMORE": 118, "M_TWOMORE": 120, "E_OTHERRACE": 0, "M_OTHERRACE": 19, "EP_NOINT": 6.8, "MP_NOINT": 5.4, "EP_AFAM": 0.0, "MP_AFAM": 0.7, "EP_HISP": 33.7, "MP_HISP": 9.0, "EP_ASIAN": 0.3, "MP_ASIAN": 0.4, "EP_AIAN": 0.0, "MP_AIAN": 0.7, "EP_NHPI": 0.0, "MP_NHPI": 0.7, "EP_TWOMORE": 2.2, "MP_TWOMORE": 2.3, "EP_OTHERRACE": 0.0, "MP_OTHERRACE": 0.7, "Shape_Length": 0.41177200748355269, "Shape_Area": 0.0060729503434989798 }, "geometry": { "type": "MultiPolygon", "coordinates": [ [ [ [ -106.381712, 35.091262 ], [ -106.380864, 35.094373 ], [ -106.380017, 35.098534 ], [ -106.377887, 35.102426 ], [ -106.374469, 35.105454 ], [ -106.374016, 35.107145 ], [ -106.374042, 35.111913 ], [ -106.37322, 35.115435 ], [ -106.371101, 35.119052 ], [ -106.370696, 35.121905 ], [ -106.36791, 35.126843 ], [ -106.366758, 35.128306 ], [ -106.366378, 35.129062 ], [ -106.366307, 35.13231 ], [ -106.366024, 35.133159 ], [ -106.365712, 35.135648 ], [ -106.362477, 35.141416 ], [ -106.360256, 35.146082 ], [ -106.357512, 35.152642 ], [ -106.356722, 35.154402 ], [ -106.351745, 35.158414 ], [ -106.350078, 35.162125 ], [ -106.347672, 35.163224 ], [ -106.341839, 35.161996 ], [ -106.337348, 35.162142 ], [ -106.332809, 35.161593 ], [ -106.332782, 35.161585 ], [ -106.328947, 35.159808 ], [ -106.322292, 35.158178 ], [ -106.3188, 35.156659 ], [ -106.315388, 35.156188 ], [ -106.309942, 35.152526 ], [ -106.304668, 35.147611 ], [ -106.30467, 35.146272 ], [ -106.304539, 35.144322 ], [ -106.302381, 35.141756 ], [ -106.296947, 35.142042 ], [ -106.265556, 35.141779 ], [ -106.261109, 35.141778 ], [ -106.24542, 35.141784 ], [ -106.244947, 35.141748 ], [ -106.243588, 35.141705 ], [ -106.243586, 35.134426 ], [ -106.243682, 35.119932 ], [ -106.243812, 35.084643 ], [ -106.243833, 35.08391 ], [ -106.26092, 35.090826 ], [ -106.262323, 35.091399 ], [ -106.274978, 35.096611 ], [ -106.278741, 35.098455 ], [ -106.283916, 35.100909 ], [ -106.285943, 35.101565 ], [ -106.292383, 35.102469 ], [ -106.300096, 35.104594 ], [ -106.301583, 35.105449 ], [ -106.306392, 35.109298 ], [ -106.309081, 35.110384 ], [ -106.314905, 35.11233 ], [ -106.319811, 35.11469 ], [ -106.321901, 35.114968 ], [ -106.325555, 35.115245 ], [ -106.327925, 35.115045 ], [ -106.330408, 35.113928 ], [ -106.333375, 35.111958 ], [ -106.341032, 35.106372 ], [ -106.345807, 35.103823 ], [ -106.350988, 35.101755 ], [ -106.361644, 35.099946 ], [ -106.367106, 35.098912 ], [ -106.368491, 35.098185 ], [ -106.369765, 35.096943 ], [ -106.371677, 35.093058 ], [ -106.372281, 35.092326 ], [ -106.373026, 35.091704 ], [ -106.374703, 35.090683 ], [ -106.375672, 35.089966 ], [ -106.376652, 35.088846 ], [ -106.377927, 35.087412 ], [ -106.380336, 35.085665 ], [ -106.381323, 35.089388 ], [ -106.381712, 35.091262 ] ] ] ] } },
{ "type": "Feature", "properties": { "OBJECTID": 114, "ST": "35", "STATE": "New Mexico", "ST_ABBR": "NM", "STCNTY": "35001", "COUNTY": "Bernalillo County", "FIPS": "35001003805", "LOCATION": "Census Tract 38.05; Bernalillo County; New Mexico", "AREA_SQMI": 40.439860543701997, "E_TOTPOP": 2437, "M_TOTPOP": 464, "E_HU": 1185, "M_HU": 210, "E_HH": 1044, "M_HH": 237, "E_POV150": 499, "M_POV150": 275, "E_UNEMP": 50, "M_UNEMP": 45, "E_HBURD": 176, "M_HBURD": 86, "E_NOHSDP": 73, "M_NOHSDP": 46, "E_UNINSUR": 149, "M_UNINSUR": 86, "E_AGE65": 575, "M_AGE65": 134, "E_AGE17": 503, "M_AGE17": 173, "E_DISABL": 371, "M_DISABL": 159, "E_SNGPNT": 17, "M_SNGPNT": 30, "E_LIMENG": 0, "M_LIMENG": 52, "E_MINRTY": 686, "M_MINRTY": 634, "E_MUNIT": 0, "M_MUNIT": 18, "E_MOBILE": 184, "M_MOBILE": 91, "E_CROWD": 35, "M_CROWD": 34, "E_NOVEH": 52, "M_NOVEH": 42, "E_GROUPQ": 0, "M_GROUPQ": 13, "EP_POV150": 20.5, "MP_POV150": 10.6, "EP_UNEMP": 4.6, "MP_UNEMP": 3.9, "EP_HBURD": 16.9, "MP_HBURD": 7.3, "EP_NOHSDP": 3.9, "MP_NOHSDP": 2.5, "EP_UNINSUR": 6.1, "MP_UNINSUR": 3.6, "EP_AGE65": 23.6, "MP_AGE65": 6.5, "EP_AGE17": 20.6, "MP_AGE17": 5.9, "EP_DISABL": 15.3, "MP_DISABL": 6.5, "EP_SNGPNT": 1.6, "MP_SNGPNT": 2.9, "EP_LIMENG": 0.0, "MP_LIMENG": 2.2, "EP_MINRTY": 28.1, "MP_MINRTY": 25.5, "EP_MUNIT": 0.0, "MP_MUNIT": 1.5, "EP_MOBILE": 15.5, "MP_MOBILE": 9.1, "EP_CROWD": 3.4, "MP_CROWD": 3.2, "EP_NOVEH": 5.0, "MP_NOVEH": 4.0, "EP_GROUPQ": 0.0, "MP_GROUPQ": 0.5, "EPL_POV150": 0.295, "EPL_UNEMP": 0.4077, "EPL_HBURD": 0.26, "EPL_NOHSDP": 0.1824, "EPL_UNINSUR": 0.3583, "SPL_THEME1": 1.5034, "RPL_THEME1": 0.175, "EPL_AGE65": 0.7496, "EPL_AGE17": 0.4262, "EPL_DISABL": 0.4617, "EPL_SNGPNT": 0.1317, "EPL_LIMENG": 0.0, "SPL_THEME2": 1.7692, "RPL_THEME2": 0.1467, "EPL_MINRTY": 0.0481, "SPL_THEME3": 0.0481, "RPL_THEME3": 0.0481, "EPL_MUNIT": 0.0, "EPL_MOBILE": 0.5507, "EPL_CROWD": 0.63, "EPL_NOVEH": 0.5733, "EPL_GROUPQ": 0.0, "SPL_THEME4": 1.754, "RPL_THEME4": 0.2783, "SPL_THEMES": 5.0747, "RPL_THEMES": 0.1167, "F_POV150": 0, "F_UNEMP": 0, "F_HBURD": 0, "F_NOHSDP": 0, "F_UNINSUR": 0, "F_THEME1": 0, "F_AGE65": 0, "F_AGE17": 0, "F_DISABL": 0, "F_SNGPNT": 0, "F_LIMENG": 0, "F_THEME2": 0, "F_MINRTY": 0, "F_THEME3": 0, "F_MUNIT": 0, "F_MOBILE": 0, "F_CROWD": 0, "F_NOVEH": 0, "F_GROUPQ": 0, "F_THEME4": 0, "F_TOTAL": 0, "E_DAYPOP": 1077, "E_NOINT": 87, "M_NOINT": 49, "E_AFAM": 0, "M_AFAM": 13, "E_HISP": 546, "M_HISP": 182, "E_ASIAN": 26, "M_ASIAN": 38, "E_AIAN": 0, "M_AIAN": 13, "E_NHPI": 0, "M_NHPI": 13, "E_TWOMORE": 113, "M_TWOMORE": 83, "E_OTHERRACE": 1, "M_OTHERRACE": 2, "EP_NOINT": 8.3, "MP_NOINT": 4.7, "EP_AFAM": 0.0, "MP_AFAM": 1.6, "EP_HISP": 22.4, "MP_HISP": 7.4, "EP_ASIAN": 1.1, "MP_ASIAN": 1.5, "EP_AIAN": 0.0, "MP_AIAN": 1.6, "EP_NHPI": 0.0, "MP_NHPI": 1.6, "EP_TWOMORE": 4.6, "MP_TWOMORE": 3.3, "EP_OTHERRACE": 0.0, "MP_OTHERRACE": 0.1, "Shape_Length": 0.61525447835975999, "Shape_Area": 0.010378373124499195 }, "geometry": { "type": "MultiPolygon", "coordinates": [ [ [ [ -106.485595, 35.065091 ], [ -106.482433, 35.070784 ], [ -106.480259, 35.071649 ], [ -106.479973, 35.072776 ], [ -106.479962, 35.084922 ], [ -106.480024, 35.098718 ], [ -106.480032, 35.098976 ], [ -106.48006, 35.101141 ], [ -106.480044, 35.112742 ], [ -106.48037, 35.131036 ], [ -106.480397, 35.134545 ], [ -106.475902, 35.133577 ], [ -106.473578, 35.132751 ], [ -106.469883, 35.13295 ], [ -106.466379, 35.133605 ], [ -106.460888, 35.130617 ], [ -106.458324, 35.131575 ], [ -106.457321, 35.132662 ], [ -106.454853, 35.131488 ], [ -106.451524, 35.130822 ], [ -106.449652, 35.131951 ], [ -106.447584, 35.131494 ], [ -106.444988, 35.132226 ], [ -106.441063, 35.129863 ], [ -106.438735, 35.129728 ], [ -106.437344, 35.128938 ], [ -106.436182, 35.127353 ], [ -106.432929, 35.129495 ], [ -106.431331, 35.131461 ], [ -106.42769, 35.134596 ], [ -106.424308, 35.13606 ], [ -106.41655, 35.143284 ], [ -106.414953, 35.148287 ], [ -106.415216, 35.1525 ], [ -106.413953, 35.155012 ], [ -106.41421, 35.160118 ], [ -106.41563, 35.162588 ], [ -106.414571, 35.17194 ], [ -106.415479, 35.179544 ], [ -106.415641, 35.182724 ], [ -106.418286, 35.186829 ], [ -106.419745, 35.18717 ], [ -106.422623, 35.191087 ], [ -106.425647, 35.192658 ], [ -106.432814, 35.195272 ], [ -106.436749, 35.197057 ], [ -106.439034, 35.199637 ], [ -106.441636, 35.201833 ], [ -106.448491, 35.205482 ], [ -106.453772, 35.210326 ], [ -106.457424, 35.214449 ], [ -106.459379, 35.217942 ], [ -106.418652, 35.217428 ], [ -106.416833, 35.215836 ], [ -106.412799, 35.21526 ], [ -106.411916, 35.214058 ], [ -106.410334, 35.214975 ], [ -106.408696, 35.212908 ], [ -106.409655, 35.211419 ], [ -106.413286, 35.20821 ], [ -106.410128, 35.205397 ], [ -106.408014, 35.204629 ], [ -106.40839, 35.202875 ], [ -106.409825, 35.201382 ], [ -106.409389, 35.20076 ], [ -106.406018, 35.200476 ], [ -106.405434, 35.199521 ], [ -106.405796, 35.195698 ], [ -106.404455, 35.19314 ], [ -106.405486, 35.191611 ], [ -106.401284, 35.194348 ], [ -106.398771, 35.19303 ], [ -106.397612, 35.191049 ], [ -106.394169, 35.189542 ], [ -106.392934, 35.188132 ], [ -106.392511, 35.185865 ], [ -106.391383, 35.184516 ], [ -106.391236, 35.180976 ], [ -106.390145, 35.181119 ], [ -106.390514, 35.182191 ], [ -106.389785, 35.185054 ], [ -106.388867, 35.185006 ], [ -106.387832, 35.183123 ], [ -106.383612, 35.181454 ], [ -106.381395, 35.179975 ], [ -106.378348, 35.179676 ], [ -106.377281, 35.181834 ], [ -106.376836, 35.176613 ], [ -106.375621, 35.172246 ], [ -106.375217, 35.170908 ], [ -106.37336, 35.169774 ], [ -106.368501, 35.169949 ], [ -106.367554, 35.169711 ], [ -106.362949, 35.167501 ], [ -106.361884, 35.165999 ], [ -106.359991, 35.165366 ], [ -106.356989, 35.165415 ], [ -106.356176, 35.165214 ], [ -106.355138, 35.164392 ], [ -106.347672, 35.163224 ], [ -106.350078, 35.162125 ], [ -106.351745, 35.158414 ], [ -106.356722, 35.154402 ], [ -106.357512, 35.152642 ], [ -106.360256, 35.146082 ], [ -106.362477, 35.141416 ], [ -106.365712, 35.135648 ], [ -106.366024, 35.133159 ], [ -106.366307, 35.13231 ], [ -106.366378, 35.129062 ], [ -106.366758, 35.128306 ], [ -106.36791, 35.126843 ], [ -106.370696, 35.121905 ], [ -106.371101, 35.119052 ], [ -106.37322, 35.115435 ], [ -106.374042, 35.111913 ], [ -106.374016, 35.107145 ], [ -106.374469, 35.105454 ], [ -106.377887, 35.102426 ], [ -106.380017, 35.098534 ], [ -106.380864, 35.094373 ], [ -106.381712, 35.091262 ], [ -106.381323, 35.089388 ], [ -106.380336, 35.085665 ], [ -106.385613, 35.082032 ], [ -106.387526, 35.081205 ], [ -106.390271, 35.080619 ], [ -106.395076, 35.080519 ], [ -106.399613, 35.080495 ], [ -106.403888, 35.080914 ], [ -106.40597, 35.080533 ], [ -106.407564, 35.079782 ], [ -106.421648, 35.067772 ], [ -106.422483, 35.066347 ], [ -106.42293, 35.065842 ], [ -106.424979, 35.065598 ], [ -106.426679, 35.065134 ], [ -106.433021, 35.06452 ], [ -106.437207, 35.063865 ], [ -106.444719, 35.06178 ], [ -106.446115, 35.061552 ], [ -106.45992, 35.060821 ], [ -106.463433, 35.061419 ], [ -106.468497, 35.062895 ], [ -106.47407, 35.062918 ], [ -106.478759, 35.062621 ], [ -106.480685, 35.062829 ], [ -106.482577, 35.06341 ], [ -106.484418, 35.064349 ], [ -106.485595, 35.065091 ] ] ] ] } },
{ "type": "Feature", "properties": { "OBJECTID": 115, "ST": "35", "STATE": "New Mexico", "ST_ABBR": "NM", "STCNTY": "35001", "COUNTY": "Bernalillo County", "FIPS": "35001003806", "LOCATION": "Census Tract 38.06; Bernalillo County; New Mexico", "AREA_SQMI": 38.007033772211997, "E_TOTPOP": 3536, "M_TOTPOP": 579, "E_HU": 1557, "M_HU": 158, "E_HH": 1438, "M_HH": 173, "E_POV150": 545, "M_POV150": 358, "E_UNEMP": 43, "M_UNEMP": 33, "E_HBURD": 296, "M_HBURD": 106, "E_NOHSDP": 53, "M_NOHSDP": 37, "E_UNINSUR": 95, "M_UNINSUR": 50, "E_AGE65": 760, "M_AGE65": 214, "E_AGE17": 625, "M_AGE17": 247, "E_DISABL": 382, "M_DISABL": 124, "E_SNGPNT": 29, "M_SNGPNT": 27, "E_LIMENG": 0, "M_LIMENG": 52, "E_MINRTY": 1525, "M_MINRTY": 639, "E_MUNIT": 0, "M_MUNIT": 18, "E_MOBILE": 178, "M_MOBILE": 80, "E_CROWD": 37, "M_CROWD": 51, "E_NOVEH": 10, "M_NOVEH": 16, "E_GROUPQ": 0, "M_GROUPQ": 13, "EP_POV150": 15.4, "MP_POV150": 9.8, "EP_UNEMP": 2.6, "MP_UNEMP": 2.0, "EP_HBURD": 20.6, "MP_HBURD": 6.9, "EP_NOHSDP": 1.9, "MP_NOHSDP": 1.3, "EP_UNINSUR": 2.7, "MP_UNINSUR": 1.5, "EP_AGE65": 21.5, "MP_AGE65": 6.9, "EP_AGE17": 17.7, "MP_AGE17": 5.2, "EP_DISABL": 10.8, "MP_DISABL": 3.1, "EP_SNGPNT": 2.0, "MP_SNGPNT": 1.9, "EP_LIMENG": 0.0, "MP_LIMENG": 1.5, "EP_MINRTY": 43.1, "MP_MINRTY": 16.6, "EP_MUNIT": 0.0, "MP_MUNIT": 1.2, "EP_MOBILE": 11.4, "MP_MOBILE": 5.0, "EP_CROWD": 2.6, "MP_CROWD": 3.5, "EP_NOVEH": 0.7, "MP_NOVEH": 1.1, "EP_GROUPQ": 0.0, "MP_GROUPQ": 0.4, "EPL_POV150": 0.2083, "EPL_UNEMP": 0.2196, "EPL_HBURD": 0.3933, "EPL_NOHSDP": 0.068, "EPL_UNINSUR": 0.1, "SPL_THEME1": 0.9892, "RPL_THEME1": 0.0533, "EPL_AGE65": 0.6833, "EPL_AGE17": 0.3018, "EPL_DISABL": 0.17, "EPL_SNGPNT": 0.165, "EPL_LIMENG": 0.0, "SPL_THEME2": 1.3201, "RPL_THEME2": 0.0233, "EPL_MINRTY": 0.1741, "SPL_THEME3": 0.1741, "RPL_THEME3": 0.1741, "EPL_MUNIT": 0.0, "EPL_MOBILE": 0.4925, "EPL_CROWD": 0.5317, "EPL_NOVEH": 0.1417, "EPL_GROUPQ": 0.0, "SPL_THEME4": 1.1659, "RPL_THEME4": 0.1, "SPL_THEMES": 3.6493, "RPL_THEMES": 0.03, "F_POV150": 0, "F_UNEMP": 0, "F_HBURD": 0, "F_NOHSDP": 0, "F_UNINSUR": 0, "F_THEME1": 0, "F_AGE65": 0, "F_AGE17": 0, "F_DISABL": 0, "F_SNGPNT": 0, "F_LIMENG": 0, "F_THEME2": 0, "F_MINRTY": 0, "F_THEME3": 0, "F_MUNIT": 0, "F_MOBILE": 0, "F_CROWD": 0, "F_NOVEH": 0, "F_GROUPQ": 0, "F_THEME4": 0, "F_TOTAL": 0, "E_DAYPOP": 1956, "E_NOINT": 182, "M_NOINT": 79, "E_AFAM": 0, "M_AFAM": 13, "E_HISP": 1432, "M_HISP": 527, "E_ASIAN": 0, "M_ASIAN": 13, "E_AIAN": 33, "M_AIAN": 34, "E_NHPI": 0, "M_NHPI": 13, "E_TWOMORE": 60, "M_TWOMORE": 48, "E_OTHERRACE": 0, "M_OTHERRACE": 13, "EP_NOINT": 12.7, "MP_NOINT": 5.4, "EP_AFAM": 0.0, "MP_AFAM": 1.1, "EP_HISP": 40.5, "MP_HISP": 9.5, "EP_ASIAN": 0.0, "MP_ASIAN": 1.1, "EP_AIAN": 0.9, "MP_AIAN": 1.0, "EP_NHPI": 0.0, "MP_NHPI": 1.1, "EP_TWOMORE": 1.7, "MP_TWOMORE": 1.3, "EP_OTHERRACE": 0.0, "MP_OTHERRACE": 1.1, "Shape_Length": 0.42083105891237016, "Shape_Area": 0.0097260726260009079 }, "geometry": { "type": "MultiPolygon", "coordinates": [ [ [ [ -106.387792, 35.079954 ], [ -106.387526, 35.081205 ], [ -106.385613, 35.082032 ], [ -106.380336, 35.085665 ], [ -106.377927, 35.087412 ], [ -106.376652, 35.088846 ], [ -106.375672, 35.089966 ], [ -106.374703, 35.090683 ], [ -106.373026, 35.091704 ], [ -106.372281, 35.092326 ], [ -106.371677, 35.093058 ], [ -106.369765, 35.096943 ], [ -106.368491, 35.098185 ], [ -106.367106, 35.098912 ], [ -106.361644, 35.099946 ], [ -106.350988, 35.101755 ], [ -106.345807, 35.103823 ], [ -106.341032, 35.106372 ], [ -106.333375, 35.111958 ], [ -106.330408, 35.113928 ], [ -106.327925, 35.115045 ], [ -106.325555, 35.115245 ], [ -106.321901, 35.114968 ], [ -106.319811, 35.11469 ], [ -106.314905, 35.11233 ], [ -106.309081, 35.110384 ], [ -106.306392, 35.109298 ], [ -106.301583, 35.105449 ], [ -106.300096, 35.104594 ], [ -106.292383, 35.102469 ], [ -106.285943, 35.101565 ], [ -106.283916, 35.100909 ], [ -106.278741, 35.098455 ], [ -106.274978, 35.096611 ], [ -106.262323, 35.091399 ], [ -106.26092, 35.090826 ], [ -106.243833, 35.08391 ], [ -106.243816, 35.082555 ], [ -106.243832, 35.082121 ], [ -106.243885, 35.054957 ], [ -106.243874, 35.040003 ], [ -106.243855, 35.025581 ], [ -106.275859, 35.026325 ], [ -106.278672, 35.026515 ], [ -106.281403, 35.026152 ], [ -106.283319, 35.027373 ], [ -106.294638, 35.027312 ], [ -106.295828, 35.026197 ], [ -106.297439, 35.02722 ], [ -106.299428, 35.027205 ], [ -106.304003, 35.028815 ], [ -106.309678, 35.030176 ], [ -106.310318, 35.031269 ], [ -106.313301, 35.032117 ], [ -106.31417, 35.034471 ], [ -106.317365, 35.035333 ], [ -106.319423, 35.035504 ], [ -106.321276, 35.034179 ], [ -106.323063, 35.034055 ], [ -106.324212, 35.032448 ], [ -106.326687, 35.033349 ], [ -106.329106, 35.033253 ], [ -106.331357, 35.031979 ], [ -106.331519, 35.033078 ], [ -106.334455, 35.032472 ], [ -106.337015, 35.032348 ], [ -106.337865, 35.033562 ], [ -106.340383, 35.035661 ], [ -106.341499, 35.034198 ], [ -106.342667, 35.035371 ], [ -106.345557, 35.036494 ], [ -106.35005, 35.035136 ], [ -106.352175, 35.034016 ], [ -106.355686, 35.032969 ], [ -106.358678, 35.03312 ], [ -106.361482, 35.032444 ], [ -106.364734, 35.033292 ], [ -106.366617, 35.033079 ], [ -106.368085, 35.033707 ], [ -106.368824, 35.034851 ], [ -106.370397, 35.035649 ], [ -106.373784, 35.034933 ], [ -106.375581, 35.035333 ], [ -106.378411, 35.035626 ], [ -106.379641, 35.035112 ], [ -106.381712, 35.035839 ], [ -106.381959, 35.036829 ], [ -106.380168, 35.041223 ], [ -106.381529, 35.045098 ], [ -106.382887, 35.046751 ], [ -106.382405, 35.050299 ], [ -106.380708, 35.051454 ], [ -106.380161, 35.052798 ], [ -106.378458, 35.05463 ], [ -106.379749, 35.056089 ], [ -106.380249, 35.060429 ], [ -106.382649, 35.065182 ], [ -106.382147, 35.067715 ], [ -106.383596, 35.070616 ], [ -106.384434, 35.073861 ], [ -106.385335, 35.074641 ], [ -106.387073, 35.075517 ], [ -106.387402, 35.076093 ], [ -106.387558, 35.077012 ], [ -106.387867, 35.079571 ], [ -106.387792, 35.079954 ] ] ] ] } },
{ "type": "Feature", "properties": { "OBJECTID": 116, "ST": "35", "STATE": "New Mexico", "ST_ABBR": "NM", "STCNTY": "35001", "COUNTY": "Bernalillo County", "FIPS": "35001003807", "LOCATION": "Census Tract 38.07; Bernalillo County; New Mexico", "AREA_SQMI": 138.61590141976799, "E_TOTPOP": 5030, "M_TOTPOP": 735, "E_HU": 2311, "M_HU": 272, "E_HH": 2133, "M_HH": 267, "E_POV150": 1149, "M_POV150": 548, "E_UNEMP": 83, "M_UNEMP": 64, "E_HBURD": 480, "M_HBURD": 245, "E_NOHSDP": 65, "M_NOHSDP": 62, "E_UNINSUR": 298, "M_UNINSUR": 241, "E_AGE65": 1376, "M_AGE65": 418, "E_AGE17": 757, "M_AGE17": 222, "E_DISABL": 799, "M_DISABL": 460, "E_SNGPNT": 55, "M_SNGPNT": 75, "E_LIMENG": 18, "M_LIMENG": 78, "E_MINRTY": 1651, "M_MINRTY": 1023, "E_MUNIT": 0, "M_MUNIT": 26, "E_MOBILE": 624, "M_MOBILE": 225, "E_CROWD": 155, "M_CROWD": 217, "E_NOVEH": 0, "M_NOVEH": 19, "E_GROUPQ": 16, "M_GROUPQ": 4, "EP_POV150": 22.8, "MP_POV150": 10.4, "EP_UNEMP": 4.1, "MP_UNEMP": 3.1, "EP_HBURD": 22.5, "MP_HBURD": 11.1, "EP_NOHSDP": 1.7, "MP_NOHSDP": 1.6, "EP_UNINSUR": 5.9, "MP_UNINSUR": 4.2, "EP_AGE65": 27.4, "MP_AGE65": 7.0, "EP_AGE17": 15.0, "MP_AGE17": 4.0, "EP_DISABL": 15.9, "MP_DISABL": 7.6, "EP_SNGPNT": 2.6, "MP_SNGPNT": 3.5, "EP_LIMENG": 0.4, "MP_LIMENG": 1.7, "EP_MINRTY": 32.8, "MP_MINRTY": 19.8, "EP_MUNIT": 0.0, "MP_MUNIT": 1.1, "EP_MOBILE": 27.0, "MP_MOBILE": 7.9, "EP_CROWD": 7.3, "MP_CROWD": 10.1, "EP_NOVEH": 0.0, "MP_NOVEH": 1.9, "EP_GROUPQ": 0.3, "MP_GROUPQ": 0.1, "EPL_POV150": 0.35, "EPL_UNEMP": 0.3627, "EPL_HBURD": 0.4533, "EPL_NOHSDP": 0.058, "EPL_UNINSUR": 0.335, "SPL_THEME1": 1.559, "RPL_THEME1": 0.1933, "EPL_AGE65": 0.8458, "EPL_AGE17": 0.1874, "EPL_DISABL": 0.495, "EPL_SNGPNT": 0.2, "EPL_LIMENG": 0.2123, "SPL_THEME2": 1.9405, "RPL_THEME2": 0.1983, "EPL_MINRTY": 0.0829, "SPL_THEME3": 0.0829, "RPL_THEME3": 0.0829, "EPL_MUNIT": 0.0, "EPL_MOBILE": 0.6938, "EPL_CROWD": 0.835, "EPL_NOVEH": 0.0, "EPL_GROUPQ": 0.539, "SPL_THEME4": 2.0678, "RPL_THEME4": 0.39, "SPL_THEMES": 5.6502, "RPL_THEMES": 0.185, "F_POV150": 0, "F_UNEMP": 0, "F_HBURD": 0, "F_NOHSDP": 0, "F_UNINSUR": 0, "F_THEME1": 0, "F_AGE65": 0, "F_AGE17": 0, "F_DISABL": 0, "F_SNGPNT": 0, "F_LIMENG": 0, "F_THEME2": 0, "F_MINRTY": 0, "F_THEME3": 0, "F_MUNIT": 0, "F_MOBILE": 0, "F_CROWD": 0, "F_NOVEH": 0, "F_GROUPQ": 0, "F_THEME4": 0, "F_TOTAL": 0, "E_DAYPOP": 2449, "E_NOINT": 183, "M_NOINT": 131, "E_AFAM": 0, "M_AFAM": 19, "E_HISP": 1175, "M_HISP": 504, "E_ASIAN": 28, "M_ASIAN": 31, "E_AIAN": 66, "M_AIAN": 96, "E_NHPI": 0, "M_NHPI": 19, "E_TWOMORE": 336, "M_TWOMORE": 249, "E_OTHERRACE": 46, "M_OTHERRACE": 52, "EP_NOINT": 8.6, "MP_NOINT": 6.0, "EP_AFAM": 0.0, "MP_AFAM": 0.8, "EP_HISP": 23.4, "MP_HISP": 9.6, "EP_ASIAN": 0.6, "MP_ASIAN": 0.6, "EP_AIAN": 1.3, "MP_AIAN": 1.9, "EP_NHPI": 0.0, "MP_NHPI": 0.8, "EP_TWOMORE": 6.7, "MP_TWOMORE": 4.9, "EP_OTHERRACE": 0.9, "MP_OTHERRACE": 1.0, "Shape_Length": 1.1493021162934269, "Shape_Area": 0.035453065412498277 }, "geometry": { "type": "MultiPolygon", "coordinates": [ [ [ [ -106.462739, 34.979272 ], [ -106.462915, 35.001512 ], [ -106.462829, 35.002482 ], [ -106.462706, 35.016735 ], [ -106.460467, 35.01705 ], [ -106.461354, 35.017918 ], [ -106.461701, 35.020725 ], [ -106.459118, 35.021725 ], [ -106.458057, 35.023029 ], [ -106.458296, 35.024676 ], [ -106.459293, 35.026388 ], [ -106.456649, 35.029335 ], [ -106.45485, 35.033799 ], [ -106.454639, 35.037249 ], [ -106.453675, 35.039005 ], [ -106.45296, 35.042244 ], [ -106.453762, 35.042818 ], [ -106.453309, 35.044829 ], [ -106.451048, 35.048295 ], [ -106.450928, 35.055207 ], [ -106.44897, 35.054365 ], [ -106.446472, 35.054461 ], [ -106.444429, 35.059202 ], [ -106.444719, 35.06178 ], [ -106.437207, 35.063865 ], [ -106.433021, 35.06452 ], [ -106.426679, 35.065134 ], [ -106.424979, 35.065598 ], [ -106.42293, 35.065842 ], [ -106.422483, 35.066347 ], [ -106.421648, 35.067772 ], [ -106.407564, 35.079782 ], [ -106.40597, 35.080533 ], [ -106.403888, 35.080914 ], [ -106.399613, 35.080495 ], [ -106.395076, 35.080519 ], [ -106.390271, 35.080619 ], [ -106.387526, 35.081205 ], [ -106.387792, 35.079954 ], [ -106.387867, 35.079571 ], [ -106.387558, 35.077012 ], [ -106.387402, 35.076093 ], [ -106.387073, 35.075517 ], [ -106.385335, 35.074641 ], [ -106.384434, 35.073861 ], [ -106.383596, 35.070616 ], [ -106.382147, 35.067715 ], [ -106.382649, 35.065182 ], [ -106.380249, 35.060429 ], [ -106.379749, 35.056089 ], [ -106.378458, 35.05463 ], [ -106.380161, 35.052798 ], [ -106.380708, 35.051454 ], [ -106.382405, 35.050299 ], [ -106.382887, 35.046751 ], [ -106.381529, 35.045098 ], [ -106.380168, 35.041223 ], [ -106.381959, 35.036829 ], [ -106.381712, 35.035839 ], [ -106.379641, 35.035112 ], [ -106.378411, 35.035626 ], [ -106.375581, 35.035333 ], [ -106.373784, 35.034933 ], [ -106.370397, 35.035649 ], [ -106.368824, 35.034851 ], [ -106.368085, 35.033707 ], [ -106.366617, 35.033079 ], [ -106.364734, 35.033292 ], [ -106.361482, 35.032444 ], [ -106.358678, 35.03312 ], [ -106.355686, 35.032969 ], [ -106.352175, 35.034016 ], [ -106.35005, 35.035136 ], [ -106.345557, 35.036494 ], [ -106.342667, 35.035371 ], [ -106.341499, 35.034198 ], [ -106.340383, 35.035661 ], [ -106.337865, 35.033562 ], [ -106.337015, 35.032348 ], [ -106.334455, 35.032472 ], [ -106.331519, 35.033078 ], [ -106.331357, 35.031979 ], [ -106.329106, 35.033253 ], [ -106.326687, 35.033349 ], [ -106.324212, 35.032448 ], [ -106.323063, 35.034055 ], [ -106.321276, 35.034179 ], [ -106.319423, 35.035504 ], [ -106.317365, 35.035333 ], [ -106.31417, 35.034471 ], [ -106.313301, 35.032117 ], [ -106.310318, 35.031269 ], [ -106.309678, 35.030176 ], [ -106.304003, 35.028815 ], [ -106.299428, 35.027205 ], [ -106.297439, 35.02722 ], [ -106.295828, 35.026197 ], [ -106.294638, 35.027312 ], [ -106.283319, 35.027373 ], [ -106.281403, 35.026152 ], [ -106.278672, 35.026515 ], [ -106.275859, 35.026325 ], [ -106.243855, 35.025581 ], [ -106.243737, 34.970597 ], [ -106.243739, 34.962188 ], [ -106.243762, 34.953355 ], [ -106.201411, 34.953292 ], [ -106.149828, 34.953462 ], [ -106.14982, 34.949915 ], [ -106.149886, 34.919628 ], [ -106.149702, 34.898051 ], [ -106.149737, 34.870142 ], [ -106.188195, 34.870174 ], [ -106.188201, 34.869277 ], [ -106.22166, 34.869428 ], [ -106.373193, 34.870338 ], [ -106.37321, 34.871458 ], [ -106.359432, 34.871482 ], [ -106.355631, 34.871851 ], [ -106.352808, 34.875053 ], [ -106.349872, 34.875048 ], [ -106.338533, 34.883771 ], [ -106.33645, 34.883287 ], [ -106.33649, 34.884061 ], [ -106.328315, 34.894993 ], [ -106.324483, 34.895332 ], [ -106.320985, 34.900814 ], [ -106.318761, 34.901542 ], [ -106.318129, 34.903387 ], [ -106.318128, 34.914586 ], [ -106.320211, 34.920713 ], [ -106.320368, 34.927034 ], [ -106.326862, 34.927048 ], [ -106.326794, 34.933536 ], [ -106.321928, 34.933497 ], [ -106.322648, 34.935676 ], [ -106.322334, 34.938191 ], [ -106.316543, 34.938527 ], [ -106.316477, 34.942061 ], [ -106.324625, 34.94223 ], [ -106.325753, 34.942254 ], [ -106.325714, 34.947253 ], [ -106.357768, 34.947195 ], [ -106.375105, 34.947186 ], [ -106.380476, 34.946884 ], [ -106.431768, 34.947295 ], [ -106.431505, 34.947921 ], [ -106.436898, 34.949384 ], [ -106.437729, 34.947334 ], [ -106.464776, 34.947541 ], [ -106.462739, 34.979272 ] ] ] ] } },
{ "type": "Feature", "properties": { "OBJECTID": 117, "ST": "35", "STATE": "New Mexico", "ST_ABBR": "NM", "STCNTY": "35001", "COUNTY": "Bernalillo County", "FIPS": "35001004001", "LOCATION": "Census Tract 40.01; Bernalillo County; New Mexico", "AREA_SQMI": 37.637992461285997, "E_TOTPOP": 4997, "M_TOTPOP": 724, "E_HU": 1753, "M_HU": 190, "E_HH": 1566, "M_HH": 190, "E_POV150": 1702, "M_POV150": 601, "E_UNEMP": 157, "M_UNEMP": 98, "E_HBURD": 512, "M_HBURD": 176, "E_NOHSDP": 535, "M_NOHSDP": 168, "E_UNINSUR": 790, "M_UNINSUR": 498, "E_AGE65": 741, "M_AGE65": 144, "E_AGE17": 1345, "M_AGE17": 407, "E_DISABL": 689, "M_DISABL": 165, "E_SNGPNT": 249, "M_SNGPNT": 180, "E_LIMENG": 300, "M_LIMENG": 168, "E_MINRTY": 3815, "M_MINRTY": 789, "E_MUNIT": 42, "M_MUNIT": 69, "E_MOBILE": 391, "M_MOBILE": 121, "E_CROWD": 51, "M_CROWD": 57, "E_NOVEH": 11, "M_NOVEH": 16, "E_GROUPQ": 191, "M_GROUPQ": 27, "EP_POV150": 34.3, "MP_POV150": 11.0, "EP_UNEMP": 6.9, "MP_UNEMP": 4.7, "EP_HBURD": 32.7, "MP_HBURD": 10.5, "EP_NOHSDP": 17.2, "MP_NOHSDP": 5.2, "EP_UNINSUR": 15.8, "MP_UNINSUR": 9.2, "EP_AGE65": 14.8, "MP_AGE65": 3.4, "EP_AGE17": 26.9, "MP_AGE17": 5.4, "EP_DISABL": 13.8, "MP_DISABL": 3.2, "EP_SNGPNT": 15.9, "MP_SNGPNT": 11.3, "EP_LIMENG": 6.4, "MP_LIMENG": 3.5, "EP_MINRTY": 76.3, "MP_MINRTY": 11.3, "EP_MUNIT": 2.4, "MP_MUNIT": 3.9, "EP_MOBILE": 22.3, "MP_MOBILE": 7.0, "EP_CROWD": 3.3, "MP_CROWD": 3.6, "EP_NOVEH": 0.7, "MP_NOVEH": 1.0, "EP_GROUPQ": 3.8, "MP_GROUPQ": 0.8, "EPL_POV150": 0.6067, "EPL_UNEMP": 0.6389, "EPL_HBURD": 0.7533, "EPL_NOHSDP": 0.6849, "EPL_UNINSUR": 0.82, "SPL_THEME1": 3.5038, "RPL_THEME1": 0.825, "EPL_AGE65": 0.325, "EPL_AGE17": 0.7595, "EPL_DISABL": 0.365, "EPL_SNGPNT": 0.935, "EPL_LIMENG": 0.8192, "SPL_THEME2": 3.2037, "RPL_THEME2": 0.9, "EPL_MINRTY": 0.6915, "SPL_THEME3": 0.6915, "RPL_THEME3": 0.6915, "EPL_MUNIT": 0.6007, "EPL_MOBILE": 0.6306, "EPL_CROWD": 0.62, "EPL_NOVEH": 0.1417, "EPL_GROUPQ": 0.8756, "SPL_THEME4": 2.8686, "RPL_THEME4": 0.765, "SPL_THEMES": 10.2676, "RPL_THEMES": 0.8817, "F_POV150": 0, "F_UNEMP": 0, "F_HBURD": 0, "F_NOHSDP": 0, "F_UNINSUR": 0, "F_THEME1": 0, "F_AGE65": 0, "F_AGE17": 0, "F_DISABL": 0, "F_SNGPNT": 1, "F_LIMENG": 0, "F_THEME2": 1, "F_MINRTY": 0, "F_THEME3": 0, "F_MUNIT": 0, "F_MOBILE": 0, "F_CROWD": 0, "F_NOVEH": 0, "F_GROUPQ": 0, "F_THEME4": 0, "F_TOTAL": 1, "E_DAYPOP": 12601, "E_NOINT": 265, "M_NOINT": 155, "E_AFAM": 60, "M_AFAM": 123, "E_HISP": 3642, "M_HISP": 723, "E_ASIAN": 25, "M_ASIAN": 44, "E_AIAN": 13, "M_AIAN": 24, "E_NHPI": 0, "M_NHPI": 13, "E_TWOMORE": 75, "M_TWOMORE": 97, "E_OTHERRACE": 0, "M_OTHERRACE": 13, "EP_NOINT": 16.9, "MP_NOINT": 8.8, "EP_AFAM": 1.2, "MP_AFAM": 2.5, "EP_HISP": 72.9, "MP_HISP": 6.7, "EP_ASIAN": 0.5, "MP_ASIAN": 0.9, "EP_AIAN": 0.3, "MP_AIAN": 0.5, "EP_NHPI": 0.0, "MP_NHPI": 0.8, "EP_TWOMORE": 1.5, "MP_TWOMORE": 1.9, "EP_OTHERRACE": 0.0, "MP_OTHERRACE": 0.8, "Shape_Length": 0.49182861653440307, "Shape_Area": 0.0098206318484991215 }, "geometry": { "type": "MultiPolygon", "coordinates": [ [ [ [ -106.689188, 34.977951 ], [ -106.687879, 34.982902 ], [ -106.687075, 34.984518 ], [ -106.685856, 34.986817 ], [ -106.685529, 34.992162 ], [ -106.687714, 34.996625 ], [ -106.68737, 34.999289 ], [ -106.68625, 35.000534 ], [ -106.683691, 35.003651 ], [ -106.681657, 35.005078 ], [ -106.682307, 35.006127 ], [ -106.680458, 35.006368 ], [ -106.674112, 35.012077 ], [ -106.673624, 35.013684 ], [ -106.672823, 35.013801 ], [ -106.671851, 35.016978 ], [ -106.672454, 35.022268 ], [ -106.673393, 35.024983 ], [ -106.672787, 35.027164 ], [ -106.672955, 35.033156 ], [ -106.670922, 35.038471 ], [ -106.667821, 35.041287 ], [ -106.662462, 35.047836 ], [ -106.661213, 35.050859 ], [ -106.659245, 35.05632 ], [ -106.659386, 35.062129 ], [ -106.659688, 35.064478 ], [ -106.66104, 35.06967 ], [ -106.654975, 35.070089 ], [ -106.652176, 35.069999 ], [ -106.64978, 35.069952 ], [ -106.650143, 35.068278 ], [ -106.650726, 35.06515 ], [ -106.651051, 35.063273 ], [ -106.65178, 35.059598 ], [ -106.653757, 35.049303 ], [ -106.653519, 35.049264 ], [ -106.648327, 35.04894 ], [ -106.64539, 35.048787 ], [ -106.644208, 35.048827 ], [ -106.639898, 35.048719 ], [ -106.639754, 35.048527 ], [ -106.638498, 35.047559 ], [ -106.637625, 35.047562 ], [ -106.638077, 35.023423 ], [ -106.635257, 35.023036 ], [ -106.633169, 35.025586 ], [ -106.629636, 35.03193 ], [ -106.62871, 35.036816 ], [ -106.621775, 35.036885 ], [ -106.621871, 35.030996 ], [ -106.621534, 35.029974 ], [ -106.619391, 35.028218 ], [ -106.613281, 35.029706 ], [ -106.612337, 35.029701 ], [ -106.593971, 35.029596 ], [ -106.593932, 35.028587 ], [ -106.586586, 35.028551 ], [ -106.586365, 35.023392 ], [ -106.586073, 35.011337 ], [ -106.568931, 35.011016 ], [ -106.56905, 34.947543 ], [ -106.663552, 34.946791 ], [ -106.663667, 34.946792 ], [ -106.665736, 34.946805 ], [ -106.673278, 34.946905 ], [ -106.679446, 34.946879 ], [ -106.680774, 34.946926 ], [ -106.679715, 34.95155 ], [ -106.683293, 34.957819 ], [ -106.685746, 34.959182 ], [ -106.686359, 34.962824 ], [ -106.685972, 34.964371 ], [ -106.688256, 34.966853 ], [ -106.688966, 34.969616 ], [ -106.688785, 34.972264 ], [ -106.689188, 34.977951 ] ] ] ] } },
{ "type": "Feature", "properties": { "OBJECTID": 118, "ST": "35", "STATE": "New Mexico", "ST_ABBR": "NM", "STCNTY": "35001", "COUNTY": "Bernalillo County", "FIPS": "35001004300", "LOCATION": "Census Tract 43; Bernalillo County; New Mexico", "AREA_SQMI": 1.438567403148, "E_TOTPOP": 5616, "M_TOTPOP": 767, "E_HU": 2293, "M_HU": 260, "E_HH": 2094, "M_HH": 271, "E_POV150": 2855, "M_POV150": 681, "E_UNEMP": 359, "M_UNEMP": 184, "E_HBURD": 942, "M_HBURD": 295, "E_NOHSDP": 666, "M_NOHSDP": 284, "E_UNINSUR": 664, "M_UNINSUR": 310, "E_AGE65": 1029, "M_AGE65": 253, "E_AGE17": 1196, "M_AGE17": 271, "E_DISABL": 1075, "M_DISABL": 442, "E_SNGPNT": 264, "M_SNGPNT": 210, "E_LIMENG": 365, "M_LIMENG": 206, "E_MINRTY": 4506, "M_MINRTY": 836, "E_MUNIT": 180, "M_MUNIT": 116, "E_MOBILE": 69, "M_MOBILE": 63, "E_CROWD": 58, "M_CROWD": 68, "E_NOVEH": 245, "M_NOVEH": 159, "E_GROUPQ": 59, "M_GROUPQ": 3, "EP_POV150": 51.4, "MP_POV150": 10.0, "EP_UNEMP": 14.5, "MP_UNEMP": 7.3, "EP_HBURD": 45.0, "MP_HBURD": 12.8, "EP_NOHSDP": 16.5, "MP_NOHSDP": 6.9, "EP_UNINSUR": 11.9, "MP_UNINSUR": 5.4, "EP_AGE65": 18.3, "MP_AGE65": 4.3, "EP_AGE17": 21.3, "MP_AGE17": 4.1, "EP_DISABL": 19.3, "MP_DISABL": 6.5, "EP_SNGPNT": 12.6, "MP_SNGPNT": 9.9, "EP_LIMENG": 7.1, "MP_LIMENG": 3.9, "EP_MINRTY": 80.2, "MP_MINRTY": 10.1, "EP_MUNIT": 7.8, "MP_MUNIT": 5.0, "EP_MOBILE": 3.0, "MP_MOBILE": 2.8, "EP_CROWD": 2.8, "MP_CROWD": 3.2, "EP_NOVEH": 11.7, "MP_NOVEH": 7.1, "EP_GROUPQ": 1.1, "MP_GROUPQ": 0.2, "EPL_POV150": 0.9017, "EPL_UNEMP": 0.9251, "EPL_HBURD": 0.9483, "EPL_NOHSDP": 0.6667, "EPL_UNINSUR": 0.6933, "SPL_THEME1": 4.1351, "RPL_THEME1": 0.9733, "EPL_AGE65": 0.5439, "EPL_AGE17": 0.4743, "EPL_DISABL": 0.6883, "EPL_SNGPNT": 0.8733, "EPL_LIMENG": 0.8391, "SPL_THEME2": 3.4189, "RPL_THEME2": 0.9383, "EPL_MINRTY": 0.7413, "SPL_THEME3": 0.7413, "RPL_THEME3": 0.7413, "EPL_MUNIT": 0.777, "EPL_MOBILE": 0.3394, "EPL_CROWD": 0.5617, "EPL_NOVEH": 0.8467, "EPL_GROUPQ": 0.7081, "SPL_THEME4": 3.2329, "RPL_THEME4": 0.895, "SPL_THEMES": 11.5282, "RPL_THEMES": 0.9833, "F_POV150": 1, "F_UNEMP": 1, "F_HBURD": 1, "F_NOHSDP": 0, "F_UNINSUR": 0, "F_THEME1": 3, "F_AGE65": 0, "F_AGE17": 0, "F_DISABL": 0, "F_SNGPNT": 0, "F_LIMENG": 0, "F_THEME2": 0, "F_MINRTY": 0, "F_THEME3": 0, "F_MUNIT": 0, "F_MOBILE": 0, "F_CROWD": 0, "F_NOVEH": 0, "F_GROUPQ": 0, "F_THEME4": 0, "F_TOTAL": 3, "E_DAYPOP": 2776, "E_NOINT": 543, "M_NOINT": 213, "E_AFAM": 94, "M_AFAM": 111, "E_HISP": 4348, "M_HISP": 758, "E_ASIAN": 0, "M_ASIAN": 19, "E_AIAN": 42, "M_AIAN": 45, "E_NHPI": 0, "M_NHPI": 19, "E_TWOMORE": 22, "M_TWOMORE": 24, "E_OTHERRACE": 0, "M_OTHERRACE": 19, "EP_NOINT": 25.9, "MP_NOINT": 9.4, "EP_AFAM": 1.7, "MP_AFAM": 1.9, "EP_HISP": 77.4, "MP_HISP": 6.3, "EP_ASIAN": 0.0, "MP_ASIAN": 0.7, "EP_AIAN": 0.7, "MP_AIAN": 0.8, "EP_NHPI": 0.0, "MP_NHPI": 0.7, "EP_TWOMORE": 0.4, "MP_TWOMORE": 0.4, "EP_OTHERRACE": 0.0, "MP_OTHERRACE": 0.7, "Shape_Length": 0.086341220031318486, "Shape_Area": 0.00039181467849971462 }, "geometry": { "type": "MultiPolygon", "coordinates": [ [ [ [ -106.687859, 35.054329 ], [ -106.68398, 35.060987 ], [ -106.683169, 35.062065 ], [ -106.682215, 35.06329 ], [ -106.681391, 35.064311 ], [ -106.681586, 35.065012 ], [ -106.681426, 35.065031 ], [ -106.674535, 35.066492 ], [ -106.668484, 35.067906 ], [ -106.667975, 35.068027 ], [ -106.666209, 35.068536 ], [ -106.663195, 35.069485 ], [ -106.66104, 35.06967 ], [ -106.659688, 35.064478 ], [ -106.659386, 35.062129 ], [ -106.659245, 35.05632 ], [ -106.661213, 35.050859 ], [ -106.662462, 35.047836 ], [ -106.663552, 35.04804 ], [ -106.665008, 35.048718 ], [ -106.665407, 35.048912 ], [ -106.665521, 35.048967 ], [ -106.67035, 35.051242 ], [ -106.673616, 35.052928 ], [ -106.676542, 35.053612 ], [ -106.677673, 35.053526 ], [ -106.683135, 35.053286 ], [ -106.688381, 35.051775 ], [ -106.687859, 35.054329 ] ] ] ] } },
{ "type": "Feature", "properties": { "OBJECTID": 119, "ST": "35", "STATE": "New Mexico", "ST_ABBR": "NM", "STCNTY": "35001", "COUNTY": "Bernalillo County", "FIPS": "35001004401", "LOCATION": "Census Tract 44.01; Bernalillo County; New Mexico", "AREA_SQMI": 1.135103972514, "E_TOTPOP": 3146, "M_TOTPOP": 779, "E_HU": 1077, "M_HU": 146, "E_HH": 983, "M_HH": 152, "E_POV150": 1281, "M_POV150": 385, "E_UNEMP": 21, "M_UNEMP": 25, "E_HBURD": 360, "M_HBURD": 116, "E_NOHSDP": 742, "M_NOHSDP": 249, "E_UNINSUR": 367, "M_UNINSUR": 140, "E_AGE65": 474, "M_AGE65": 123, "E_AGE17": 575, "M_AGE17": 195, "E_DISABL": 709, "M_DISABL": 215, "E_SNGPNT": 97, "M_SNGPNT": 77, "E_LIMENG": 374, "M_LIMENG": 161, "E_MINRTY": 2864, "M_MINRTY": 793, "E_MUNIT": 0, "M_MUNIT": 18, "E_MOBILE": 145, "M_MOBILE": 64, "E_CROWD": 84, "M_CROWD": 55, "E_NOVEH": 19, "M_NOVEH": 20, "E_GROUPQ": 0, "M_GROUPQ": 13, "EP_POV150": 40.7, "MP_POV150": 6.9, "EP_UNEMP": 1.5, "MP_UNEMP": 1.9, "EP_HBURD": 36.6, "MP_HBURD": 10.4, "EP_NOHSDP": 32.8, "MP_NOHSDP": 8.4, "EP_UNINSUR": 11.7, "MP_UNINSUR": 4.7, "EP_AGE65": 15.1, "MP_AGE65": 5.2, "EP_AGE17": 18.3, "MP_AGE17": 7.8, "EP_DISABL": 22.5, "MP_DISABL": 4.8, "EP_SNGPNT": 9.9, "MP_SNGPNT": 7.7, "EP_LIMENG": 12.0, "MP_LIMENG": 4.2, "EP_MINRTY": 91.0, "MP_MINRTY": 11.3, "EP_MUNIT": 0.0, "MP_MUNIT": 1.7, "EP_MOBILE": 13.5, "MP_MOBILE": 6.2, "EP_CROWD": 8.5, "MP_CROWD": 5.4, "EP_NOVEH": 1.9, "MP_NOVEH": 2.0, "EP_GROUPQ": 0.0, "MP_GROUPQ": 0.4, "EPL_POV150": 0.74, "EPL_UNEMP": 0.1098, "EPL_HBURD": 0.83, "EPL_NOHSDP": 0.937, "EPL_UNINSUR": 0.6867, "SPL_THEME1": 3.3035, "RPL_THEME1": 0.765, "EPL_AGE65": 0.3549, "EPL_AGE17": 0.325, "EPL_DISABL": 0.815, "EPL_SNGPNT": 0.7667, "EPL_LIMENG": 0.9303, "SPL_THEME2": 3.1919, "RPL_THEME2": 0.8967, "EPL_MINRTY": 0.8657, "SPL_THEME3": 0.8657, "RPL_THEME3": 0.8657, "EPL_MUNIT": 0.0, "EPL_MOBILE": 0.5075, "EPL_CROWD": 0.87, "EPL_NOVEH": 0.2917, "EPL_GROUPQ": 0.0, "SPL_THEME4": 1.6692, "RPL_THEME4": 0.2517, "SPL_THEMES": 9.0303, "RPL_THEMES": 0.7017, "F_POV150": 0, "F_UNEMP": 0, "F_HBURD": 0, "F_NOHSDP": 1, "F_UNINSUR": 0, "F_THEME1": 1, "F_AGE65": 0, "F_AGE17": 0, "F_DISABL": 0, "F_SNGPNT": 0, "F_LIMENG": 1, "F_THEME2": 1, "F_MINRTY": 0, "F_THEME3": 0, "F_MUNIT": 0, "F_MOBILE": 0, "F_CROWD": 0, "F_NOVEH": 0, "F_GROUPQ": 0, "F_THEME4": 0, "F_TOTAL": 2, "E_DAYPOP": 1804, "E_NOINT": 167, "M_NOINT": 72, "E_AFAM": 17, "M_AFAM": 28, "E_HISP": 2847, "M_HISP": 783, "E_ASIAN": 0, "M_ASIAN": 13, "E_AIAN": 0, "M_AIAN": 13, "E_NHPI": 0, "M_NHPI": 13, "E_TWOMORE": 0, "M_TWOMORE": 13, "E_OTHERRACE": 0, "M_OTHERRACE": 13, "EP_NOINT": 17.0, "MP_NOINT": 7.6, "EP_AFAM": 0.5, "MP_AFAM": 0.9, "EP_HISP": 90.5, "MP_HISP": 5.4, "EP_ASIAN": 0.0, "MP_ASIAN": 1.3, "EP_AIAN": 0.0, "MP_AIAN": 1.3, "EP_NHPI": 0.0, "MP_NHPI": 1.3, "EP_TWOMORE": 0.0, "MP_TWOMORE": 1.3, "EP_OTHERRACE": 0.0, "MP_OTHERRACE": 1.3, "Shape_Length": 0.071640017705020667, "Shape_Area": 0.00029204715249973021 }, "geometry": { "type": "MultiPolygon", "coordinates": [ [ [ [ -106.706005, 35.054783 ], [ -106.703506, 35.061238 ], [ -106.700953, 35.067925 ], [ -106.700884, 35.067912 ], [ -106.69937, 35.06763 ], [ -106.69772, 35.067332 ], [ -106.689095, 35.065776 ], [ -106.686467, 35.065296 ], [ -106.681586, 35.065012 ], [ -106.681391, 35.064311 ], [ -106.682215, 35.06329 ], [ -106.683169, 35.062065 ], [ -106.68398, 35.060987 ], [ -106.687859, 35.054329 ], [ -106.688381, 35.051775 ], [ -106.689426, 35.051305 ], [ -106.699547, 35.050962 ], [ -106.700775, 35.051101 ], [ -106.707343, 35.05143 ], [ -106.706005, 35.054783 ] ] ] ] } },
{ "type": "Feature", "properties": { "OBJECTID": 120, "ST": "35", "STATE": "New Mexico", "ST_ABBR": "NM", "STCNTY": "35001", "COUNTY": "Bernalillo County", "FIPS": "35001004402", "LOCATION": "Census Tract 44.02; Bernalillo County; New Mexico", "AREA_SQMI": 1.970439510534, "E_TOTPOP": 3580, "M_TOTPOP": 570, "E_HU": 1380, "M_HU": 158, "E_HH": 1274, "M_HH": 166, "E_POV150": 1049, "M_POV150": 476, "E_UNEMP": 42, "M_UNEMP": 41, "E_HBURD": 371, "M_HBURD": 170, "E_NOHSDP": 409, "M_NOHSDP": 181, "E_UNINSUR": 317, "M_UNINSUR": 213, "E_AGE65": 722, "M_AGE65": 149, "E_AGE17": 740, "M_AGE17": 217, "E_DISABL": 714, "M_DISABL": 251, "E_SNGPNT": 136, "M_SNGPNT": 83, "E_LIMENG": 91, "M_LIMENG": 93, "E_MINRTY": 2839, "M_MINRTY": 668, "E_MUNIT": 35, "M_MUNIT": 54, "E_MOBILE": 72, "M_MOBILE": 61, "E_CROWD": 30, "M_CROWD": 41, "E_NOVEH": 60, "M_NOVEH": 45, "E_GROUPQ": 27, "M_GROUPQ": 5, "EP_POV150": 29.4, "MP_POV150": 12.5, "EP_UNEMP": 2.6, "MP_UNEMP": 2.5, "EP_HBURD": 29.1, "MP_HBURD": 12.8, "EP_NOHSDP": 17.2, "MP_NOHSDP": 7.0, "EP_UNINSUR": 8.9, "MP_UNINSUR": 5.7, "EP_AGE65": 20.2, "MP_AGE65": 4.6, "EP_AGE17": 20.7, "MP_AGE17": 4.8, "EP_DISABL": 20.1, "MP_DISABL": 6.4, "EP_SNGPNT": 10.6, "MP_SNGPNT": 6.4, "EP_LIMENG": 2.7, "MP_LIMENG": 2.8, "EP_MINRTY": 79.3, "MP_MINRTY": 13.7, "EP_MUNIT": 2.5, "MP_MUNIT": 3.9, "EP_MOBILE": 5.2, "MP_MOBILE": 4.5, "EP_CROWD": 2.4, "MP_CROWD": 3.2, "EP_NOVEH": 4.7, "MP_NOVEH": 3.7, "EP_GROUPQ": 0.8, "MP_GROUPQ": 0.1, "EPL_POV150": 0.5, "EPL_UNEMP": 0.2196, "EPL_HBURD": 0.6517, "EPL_NOHSDP": 0.6849, "EPL_UNINSUR": 0.5483, "SPL_THEME1": 2.6045, "RPL_THEME1": 0.5417, "EPL_AGE65": 0.6302, "EPL_AGE17": 0.4328, "EPL_DISABL": 0.725, "EPL_SNGPNT": 0.8033, "EPL_LIMENG": 0.6053, "SPL_THEME2": 3.1966, "RPL_THEME2": 0.8983, "EPL_MINRTY": 0.728, "SPL_THEME3": 0.728, "RPL_THEME3": 0.728, "EPL_MUNIT": 0.604, "EPL_MOBILE": 0.3993, "EPL_CROWD": 0.5083, "EPL_NOVEH": 0.5533, "EPL_GROUPQ": 0.6633, "SPL_THEME4": 2.7282, "RPL_THEME4": 0.7033, "SPL_THEMES": 9.2573, "RPL_THEMES": 0.745, "F_POV150": 0, "F_UNEMP": 0, "F_HBURD": 0, "F_NOHSDP": 0, "F_UNINSUR": 0, "F_THEME1": 0, "F_AGE65": 0, "F_AGE17": 0, "F_DISABL": 0, "F_SNGPNT": 0, "F_LIMENG": 0, "F_THEME2": 0, "F_MINRTY": 0, "F_THEME3": 0, "F_MUNIT": 0, "F_MOBILE": 0, "F_CROWD": 0, "F_NOVEH": 0, "F_GROUPQ": 0, "F_THEME4": 0, "F_TOTAL": 0, "E_DAYPOP": 4989, "E_NOINT": 279, "M_NOINT": 133, "E_AFAM": 2, "M_AFAM": 3, "E_HISP": 2702, "M_HISP": 383, "E_ASIAN": 0, "M_ASIAN": 13, "E_AIAN": 15, "M_AIAN": 14, "E_NHPI": 21, "M_NHPI": 28, "E_TWOMORE": 90, "M_TWOMORE": 93, "E_OTHERRACE": 9, "M_OTHERRACE": 15, "EP_NOINT": 21.9, "MP_NOINT": 9.3, "EP_AFAM": 0.1, "MP_AFAM": 0.1, "EP_HISP": 75.5, "MP_HISP": 8.4, "EP_ASIAN": 0.0, "MP_ASIAN": 1.1, "EP_AIAN": 0.4, "MP_AIAN": 0.4, "EP_NHPI": 0.6, "MP_NHPI": 0.8, "EP_TWOMORE": 2.5, "MP_TWOMORE": 2.5, "EP_OTHERRACE": 0.3, "MP_OTHERRACE": 0.4, "Shape_Length": 0.099907283556300616, "Shape_Area": 0.000504330913999943 }, "geometry": { "type": "MultiPolygon", "coordinates": [ [ [ [ -106.713836, 35.028399 ], [ -106.713731, 35.029308 ], [ -106.712359, 35.036519 ], [ -106.709557, 35.045379 ], [ -106.70912, 35.046534 ], [ -106.707343, 35.05143 ], [ -106.700775, 35.051101 ], [ -106.699547, 35.050962 ], [ -106.689426, 35.051305 ], [ -106.688381, 35.051775 ], [ -106.689698, 35.046288 ], [ -106.691572, 35.042961 ], [ -106.691812, 35.040455 ], [ -106.690425, 35.036344 ], [ -106.692396, 35.036285 ], [ -106.690488, 35.035677 ], [ -106.691266, 35.030791 ], [ -106.689149, 35.030541 ], [ -106.68985, 35.026741 ], [ -106.698529, 35.026748 ], [ -106.703653, 35.026781 ], [ -106.704657, 35.026902 ], [ -106.707069, 35.027417 ], [ -106.7094, 35.027604 ], [ -106.71188, 35.02753 ], [ -106.71378, 35.027187 ], [ -106.714031, 35.027111 ], [ -106.713836, 35.028399 ] ] ] ] } },
{ "type": "Feature", "properties": { "OBJECTID": 121, "ST": "35", "STATE": "New Mexico", "ST_ABBR": "NM", "STCNTY": "35001", "COUNTY": "Bernalillo County", "FIPS": "35001004501", "LOCATION": "Census Tract 45.01; Bernalillo County; New Mexico", "AREA_SQMI": 0.86470515885400001, "E_TOTPOP": 3584, "M_TOTPOP": 625, "E_HU": 1245, "M_HU": 248, "E_HH": 1209, "M_HH": 266, "E_POV150": 2017, "M_POV150": 540, "E_UNEMP": 93, "M_UNEMP": 78, "E_HBURD": 596, "M_HBURD": 273, "E_NOHSDP": 666, "M_NOHSDP": 244, "E_UNINSUR": 682, "M_UNINSUR": 372, "E_AGE65": 653, "M_AGE65": 332, "E_AGE17": 1144, "M_AGE17": 341, "E_DISABL": 915, "M_DISABL": 354, "E_SNGPNT": 120, "M_SNGPNT": 78, "E_LIMENG": 489, "M_LIMENG": 217, "E_MINRTY": 3378, "M_MINRTY": 637, "E_MUNIT": 6, "M_MUNIT": 17, "E_MOBILE": 348, "M_MOBILE": 247, "E_CROWD": 156, "M_CROWD": 103, "E_NOVEH": 16, "M_NOVEH": 19, "E_GROUPQ": 0, "M_GROUPQ": 13, "EP_POV150": 56.8, "MP_POV150": 11.6, "EP_UNEMP": 7.1, "MP_UNEMP": 6.1, "EP_HBURD": 49.3, "MP_HBURD": 19.8, "EP_NOHSDP": 32.6, "MP_NOHSDP": 10.6, "EP_UNINSUR": 19.0, "MP_UNINSUR": 9.9, "EP_AGE65": 18.2, "MP_AGE65": 8.3, "EP_AGE17": 31.9, "MP_AGE17": 6.5, "EP_DISABL": 25.5, "MP_DISABL": 7.6, "EP_SNGPNT": 10.0, "MP_SNGPNT": 6.1, "EP_LIMENG": 15.0, "MP_LIMENG": 6.1, "EP_MINRTY": 94.3, "MP_MINRTY": 6.7, "EP_MUNIT": 0.5, "MP_MUNIT": 1.4, "EP_MOBILE": 28.0, "MP_MOBILE": 15.8, "EP_CROWD": 12.9, "MP_CROWD": 8.0, "EP_NOVEH": 1.3, "MP_NOVEH": 1.6, "EP_GROUPQ": 0.0, "MP_GROUPQ": 0.4, "EPL_POV150": 0.9433, "EPL_UNEMP": 0.6489, "EPL_HBURD": 0.9733, "EPL_NOHSDP": 0.9353, "EPL_UNINSUR": 0.885, "SPL_THEME1": 4.3858, "RPL_THEME1": 0.9883, "EPL_AGE65": 0.539, "EPL_AGE17": 0.9171, "EPL_DISABL": 0.8983, "EPL_SNGPNT": 0.7767, "EPL_LIMENG": 0.9519, "SPL_THEME2": 4.083, "RPL_THEME2": 0.9933, "EPL_MINRTY": 0.9088, "SPL_THEME3": 0.9088, "RPL_THEME3": 0.9088, "EPL_MUNIT": 0.4725, "EPL_MOBILE": 0.7005, "EPL_CROWD": 0.9317, "EPL_NOVEH": 0.215, "EPL_GROUPQ": 0.0, "SPL_THEME4": 2.3197, "RPL_THEME4": 0.5067, "SPL_THEMES": 11.6973, "RPL_THEMES": 0.985, "F_POV150": 1, "F_UNEMP": 0, "F_HBURD": 1, "F_NOHSDP": 1, "F_UNINSUR": 0, "F_THEME1": 3, "F_AGE65": 0, "F_AGE17": 1, "F_DISABL": 0, "F_SNGPNT": 0, "F_LIMENG": 1, "F_THEME2": 2, "F_MINRTY": 1, "F_THEME3": 1, "F_MUNIT": 0, "F_MOBILE": 0, "F_CROWD": 1, "F_NOVEH": 0, "F_GROUPQ": 0, "F_THEME4": 1, "F_TOTAL": 7, "E_DAYPOP": 1242, "E_NOINT": 424, "M_NOINT": 276, "E_AFAM": 0, "M_AFAM": 13, "E_HISP": 3353, "M_HISP": 644, "E_ASIAN": 0, "M_ASIAN": 13, "E_AIAN": 25, "M_AIAN": 39, "E_NHPI": 0, "M_NHPI": 13, "E_TWOMORE": 0, "M_TWOMORE": 13, "E_OTHERRACE": 0, "M_OTHERRACE": 13, "EP_NOINT": 35.1, "MP_NOINT": 16.9, "EP_AFAM": 0.0, "MP_AFAM": 1.1, "EP_HISP": 93.6, "MP_HISP": 4.0, "EP_ASIAN": 0.0, "MP_ASIAN": 1.1, "EP_AIAN": 0.7, "MP_AIAN": 1.1, "EP_NHPI": 0.0, "MP_NHPI": 1.1, "EP_TWOMORE": 0.0, "MP_TWOMORE": 1.1, "EP_OTHERRACE": 0.0, "MP_OTHERRACE": 1.1, "Shape_Length": 0.075356704836285204, "Shape_Area": 0.00025429146650012078 }, "geometry": { "type": "MultiPolygon", "coordinates": [ [ [ [ -106.679481, 35.031534 ], [ -106.679479, 35.038347 ], [ -106.679492, 35.0429 ], [ -106.677673, 35.053526 ], [ -106.676542, 35.053612 ], [ -106.673616, 35.052928 ], [ -106.67035, 35.051242 ], [ -106.665521, 35.048967 ], [ -106.665407, 35.048912 ], [ -106.665008, 35.048718 ], [ -106.663552, 35.04804 ], [ -106.662462, 35.047836 ], [ -106.667821, 35.041287 ], [ -106.670922, 35.038471 ], [ -106.672955, 35.033156 ], [ -106.672787, 35.027164 ], [ -106.674483, 35.027177 ], [ -106.680416, 35.026829 ], [ -106.679481, 35.031534 ] ] ] ] } },
{ "type": "Feature", "properties": { "OBJECTID": 122, "ST": "35", "STATE": "New Mexico", "ST_ABBR": "NM", "STCNTY": "35001", "COUNTY": "Bernalillo County", "FIPS": "35001004502", "LOCATION": "Census Tract 45.02; Bernalillo County; New Mexico", "AREA_SQMI": 1.133741418556, "E_TOTPOP": 3375, "M_TOTPOP": 1085, "E_HU": 1253, "M_HU": 167, "E_HH": 1167, "M_HH": 172, "E_POV150": 905, "M_POV150": 317, "E_UNEMP": 48, "M_UNEMP": 48, "E_HBURD": 302, "M_HBURD": 110, "E_NOHSDP": 554, "M_NOHSDP": 219, "E_UNINSUR": 495, "M_UNINSUR": 232, "E_AGE65": 487, "M_AGE65": 109, "E_AGE17": 827, "M_AGE17": 681, "E_DISABL": 551, "M_DISABL": 202, "E_SNGPNT": 184, "M_SNGPNT": 176, "E_LIMENG": 206, "M_LIMENG": 140, "E_MINRTY": 3060, "M_MINRTY": 1112, "E_MUNIT": 5, "M_MUNIT": 16, "E_MOBILE": 48, "M_MOBILE": 48, "E_CROWD": 58, "M_CROWD": 65, "E_NOVEH": 188, "M_NOVEH": 74, "E_GROUPQ": 7, "M_GROUPQ": 2, "EP_POV150": 26.8, "MP_POV150": 3.7, "EP_UNEMP": 2.9, "MP_UNEMP": 3.0, "EP_HBURD": 25.9, "MP_HBURD": 8.6, "EP_NOHSDP": 26.9, "MP_NOHSDP": 8.2, "EP_UNINSUR": 14.8, "MP_UNINSUR": 5.6, "EP_AGE65": 14.4, "MP_AGE65": 5.2, "EP_AGE17": 24.5, "MP_AGE17": 13.3, "EP_DISABL": 16.5, "MP_DISABL": 7.8, "EP_SNGPNT": 15.8, "MP_SNGPNT": 14.9, "EP_LIMENG": 6.2, "MP_LIMENG": 3.7, "EP_MINRTY": 90.7, "MP_MINRTY": 15.3, "EP_MUNIT": 0.4, "MP_MUNIT": 1.3, "EP_MOBILE": 3.8, "MP_MOBILE": 4.0, "EP_CROWD": 5.0, "MP_CROWD": 5.5, "EP_NOVEH": 16.1, "MP_NOVEH": 7.0, "EP_GROUPQ": 0.2, "MP_GROUPQ": 0.1, "EPL_POV150": 0.445, "EPL_UNEMP": 0.2562, "EPL_HBURD": 0.5567, "EPL_NOHSDP": 0.8773, "EPL_UNINSUR": 0.7983, "SPL_THEME1": 2.9335, "RPL_THEME1": 0.655, "EPL_AGE65": 0.3051, "EPL_AGE17": 0.6352, "EPL_DISABL": 0.5283, "EPL_SNGPNT": 0.9333, "EPL_LIMENG": 0.8093, "SPL_THEME2": 3.2112, "RPL_THEME2": 0.905, "EPL_MINRTY": 0.8624, "SPL_THEME3": 0.8624, "RPL_THEME3": 0.8624, "EPL_MUNIT": 0.4609, "EPL_MOBILE": 0.3677, "EPL_CROWD": 0.7467, "EPL_NOVEH": 0.9333, "EPL_GROUPQ": 0.5008, "SPL_THEME4": 3.0094, "RPL_THEME4": 0.8383, "SPL_THEMES": 10.0165, "RPL_THEMES": 0.8417, "F_POV150": 0, "F_UNEMP": 0, "F_HBURD": 0, "F_NOHSDP": 0, "F_UNINSUR": 0, "F_THEME1": 0, "F_AGE65": 0, "F_AGE17": 0, "F_DISABL": 0, "F_SNGPNT": 1, "F_LIMENG": 0, "F_THEME2": 1, "F_MINRTY": 0, "F_THEME3": 0, "F_MUNIT": 0, "F_MOBILE": 0, "F_CROWD": 0, "F_NOVEH": 1, "F_GROUPQ": 0, "F_THEME4": 1, "F_TOTAL": 2, "E_DAYPOP": 3253, "E_NOINT": 190, "M_NOINT": 77, "E_AFAM": 9, "M_AFAM": 18, "E_HISP": 2780, "M_HISP": 1042, "E_ASIAN": 0, "M_ASIAN": 13, "E_AIAN": 211, "M_AIAN": 184, "E_NHPI": 5, "M_NHPI": 10, "E_TWOMORE": 55, "M_TWOMORE": 38, "E_OTHERRACE": 0, "M_OTHERRACE": 13, "EP_NOINT": 16.3, "MP_NOINT": 6.7, "EP_AFAM": 0.3, "MP_AFAM": 0.6, "EP_HISP": 82.4, "MP_HISP": 8.4, "EP_ASIAN": 0.0, "MP_ASIAN": 1.2, "EP_AIAN": 6.3, "MP_AIAN": 5.5, "EP_NHPI": 0.1, "MP_NHPI": 0.3, "EP_TWOMORE": 1.6, "MP_TWOMORE": 1.1, "EP_OTHERRACE": 0.0, "MP_OTHERRACE": 1.2, "Shape_Length": 0.078539799019771331, "Shape_Area": 0.00028895117450000491 }, "geometry": { "type": "MultiPolygon", "coordinates": [ [ [ [ -106.692396, 35.036285 ], [ -106.690425, 35.036344 ], [ -106.691812, 35.040455 ], [ -106.691572, 35.042961 ], [ -106.689698, 35.046288 ], [ -106.688381, 35.051775 ], [ -106.683135, 35.053286 ], [ -106.677673, 35.053526 ], [ -106.679492, 35.0429 ], [ -106.679479, 35.038347 ], [ -106.679481, 35.031534 ], [ -106.680416, 35.026829 ], [ -106.68985, 35.026741 ], [ -106.689149, 35.030541 ], [ -106.691266, 35.030791 ], [ -106.690488, 35.035677 ], [ -106.692396, 35.036285 ] ] ] ] } },
{ "type": "Feature", "properties": { "OBJECTID": 123, "ST": "35", "STATE": "New Mexico", "ST_ABBR": "NM", "STCNTY": "35001", "COUNTY": "Bernalillo County", "FIPS": "35001004602", "LOCATION": "Census Tract 46.02; Bernalillo County; New Mexico", "AREA_SQMI": 4.7051084703599999, "E_TOTPOP": 3879, "M_TOTPOP": 674, "E_HU": 1551, "M_HU": 164, "E_HH": 1395, "M_HH": 181, "E_POV150": 829, "M_POV150": 269, "E_UNEMP": 92, "M_UNEMP": 70, "E_HBURD": 289, "M_HBURD": 120, "E_NOHSDP": 284, "M_NOHSDP": 168, "E_UNINSUR": 163, "M_UNINSUR": 140, "E_AGE65": 804, "M_AGE65": 168, "E_AGE17": 1050, "M_AGE17": 340, "E_DISABL": 518, "M_DISABL": 191, "E_SNGPNT": 42, "M_SNGPNT": 40, "E_LIMENG": 0, "M_LIMENG": 52, "E_MINRTY": 3084, "M_MINRTY": 692, "E_MUNIT": 0, "M_MUNIT": 18, "E_MOBILE": 266, "M_MOBILE": 101, "E_CROWD": 31, "M_CROWD": 36, "E_NOVEH": 82, "M_NOVEH": 75, "E_GROUPQ": 7, "M_GROUPQ": 2, "EP_POV150": 21.4, "MP_POV150": 5.9, "EP_UNEMP": 5.8, "MP_UNEMP": 4.7, "EP_HBURD": 20.7, "MP_HBURD": 8.2, "EP_NOHSDP": 11.2, "MP_NOHSDP": 6.0, "EP_UNINSUR": 4.2, "MP_UNINSUR": 3.7, "EP_AGE65": 20.7, "MP_AGE65": 4.4, "EP_AGE17": 27.1, "MP_AGE17": 5.9, "EP_DISABL": 13.4, "MP_DISABL": 4.7, "EP_SNGPNT": 3.0, "MP_SNGPNT": 2.8, "EP_LIMENG": 0.0, "MP_LIMENG": 1.4, "EP_MINRTY": 79.5, "MP_MINRTY": 11.3, "EP_MUNIT": 0.0, "MP_MUNIT": 1.2, "EP_MOBILE": 17.2, "MP_MOBILE": 6.5, "EP_CROWD": 2.2, "MP_CROWD": 2.6, "EP_NOVEH": 5.9, "MP_NOVEH": 5.4, "EP_GROUPQ": 0.2, "MP_GROUPQ": 0.0, "EPL_POV150": 0.315, "EPL_UNEMP": 0.5291, "EPL_HBURD": 0.3983, "EPL_NOHSDP": 0.4959, "EPL_UNINSUR": 0.22, "SPL_THEME1": 1.9583, "RPL_THEME1": 0.315, "EPL_AGE65": 0.6551, "EPL_AGE17": 0.7678, "EPL_DISABL": 0.3367, "EPL_SNGPNT": 0.23, "EPL_LIMENG": 0.0, "SPL_THEME2": 1.9896, "RPL_THEME2": 0.2133, "EPL_MINRTY": 0.733, "SPL_THEME3": 0.733, "RPL_THEME3": 0.733, "EPL_MUNIT": 0.0, "EPL_MOBILE": 0.5757, "EPL_CROWD": 0.4867, "EPL_NOVEH": 0.6267, "EPL_GROUPQ": 0.5008, "SPL_THEME4": 2.1899, "RPL_THEME4": 0.4567, "SPL_THEMES": 6.8708, "RPL_THEMES": 0.3367, "F_POV150": 0, "F_UNEMP": 0, "F_HBURD": 0, "F_NOHSDP": 0, "F_UNINSUR": 0, "F_THEME1": 0, "F_AGE65": 0, "F_AGE17": 0, "F_DISABL": 0, "F_SNGPNT": 0, "F_LIMENG": 0, "F_THEME2": 0, "F_MINRTY": 0, "F_THEME3": 0, "F_MUNIT": 0, "F_MOBILE": 0, "F_CROWD": 0, "F_NOVEH": 0, "F_GROUPQ": 0, "F_THEME4": 0, "F_TOTAL": 0, "E_DAYPOP": 2073, "E_NOINT": 266, "M_NOINT": 139, "E_AFAM": 17, "M_AFAM": 24, "E_HISP": 2988, "M_HISP": 685, "E_ASIAN": 0, "M_ASIAN": 13, "E_AIAN": 27, "M_AIAN": 31, "E_NHPI": 0, "M_NHPI": 13, "E_TWOMORE": 45, "M_TWOMORE": 44, "E_OTHERRACE": 7, "M_OTHERRACE": 12, "EP_NOINT": 19.1, "MP_NOINT": 9.7, "EP_AFAM": 0.4, "MP_AFAM": 0.6, "EP_HISP": 77.0, "MP_HISP": 5.5, "EP_ASIAN": 0.0, "MP_ASIAN": 1.0, "EP_AIAN": 0.7, "MP_AIAN": 0.8, "EP_NHPI": 0.0, "MP_NHPI": 1.0, "EP_TWOMORE": 1.2, "MP_TWOMORE": 1.2, "EP_OTHERRACE": 0.2, "MP_OTHERRACE": 0.3, "Shape_Length": 0.15184614313422165, "Shape_Area": 0.0012806616359997067 }, "geometry": { "type": "MultiPolygon", "coordinates": [ [ [ [ -106.719169, 34.987049 ], [ -106.718914, 34.991849 ], [ -106.696658, 34.986495 ], [ -106.696742, 34.98507 ], [ -106.695597, 34.985236 ], [ -106.687075, 34.984518 ], [ -106.687879, 34.982902 ], [ -106.689188, 34.977951 ], [ -106.688785, 34.972264 ], [ -106.688966, 34.969616 ], [ -106.688256, 34.966853 ], [ -106.685972, 34.964371 ], [ -106.686359, 34.962824 ], [ -106.685746, 34.959182 ], [ -106.683293, 34.957819 ], [ -106.679715, 34.95155 ], [ -106.680774, 34.946926 ], [ -106.682581, 34.946951 ], [ -106.693324, 34.946858 ], [ -106.698257, 34.946892 ], [ -106.70998, 34.946983 ], [ -106.714966, 34.956593 ], [ -106.716482, 34.959543 ], [ -106.719053, 34.964932 ], [ -106.719237, 34.966579 ], [ -106.719169, 34.987049 ] ] ] ] } },
{ "type": "Feature", "properties": { "OBJECTID": 124, "ST": "35", "STATE": "New Mexico", "ST_ABBR": "NM", "STCNTY": "35001", "COUNTY": "Bernalillo County", "FIPS": "35001004603", "LOCATION": "Census Tract 46.03; Bernalillo County; New Mexico", "AREA_SQMI": 2.2761855761919998, "E_TOTPOP": 3569, "M_TOTPOP": 700, "E_HU": 1292, "M_HU": 149, "E_HH": 1236, "M_HH": 158, "E_POV150": 783, "M_POV150": 410, "E_UNEMP": 28, "M_UNEMP": 33, "E_HBURD": 167, "M_HBURD": 92, "E_NOHSDP": 411, "M_NOHSDP": 177, "E_UNINSUR": 297, "M_UNINSUR": 224, "E_AGE65": 611, "M_AGE65": 182, "E_AGE17": 797, "M_AGE17": 213, "E_DISABL": 774, "M_DISABL": 266, "E_SNGPNT": 48, "M_SNGPNT": 40, "E_LIMENG": 238, "M_LIMENG": 174, "E_MINRTY": 3206, "M_MINRTY": 716, "E_MUNIT": 0, "M_MUNIT": 18, "E_MOBILE": 173, "M_MOBILE": 114, "E_CROWD": 65, "M_CROWD": 70, "E_NOVEH": 36, "M_NOVEH": 46, "E_GROUPQ": 69, "M_GROUPQ": 12, "EP_POV150": 22.1, "MP_POV150": 10.7, "EP_UNEMP": 1.9, "MP_UNEMP": 2.3, "EP_HBURD": 13.5, "MP_HBURD": 7.2, "EP_NOHSDP": 16.8, "MP_NOHSDP": 8.2, "EP_UNINSUR": 8.4, "MP_UNINSUR": 6.3, "EP_AGE65": 17.1, "MP_AGE65": 6.2, "EP_AGE17": 22.3, "MP_AGE17": 4.5, "EP_DISABL": 21.8, "MP_DISABL": 6.1, "EP_SNGPNT": 3.9, "MP_SNGPNT": 3.2, "EP_LIMENG": 7.0, "MP_LIMENG": 4.9, "EP_MINRTY": 89.8, "MP_MINRTY": 9.6, "EP_MUNIT": 0.0, "MP_MUNIT": 1.4, "EP_MOBILE": 13.4, "MP_MOBILE": 8.8, "EP_CROWD": 5.3, "MP_CROWD": 5.6, "EP_NOVEH": 2.9, "MP_NOVEH": 3.9, "EP_GROUPQ": 1.9, "MP_GROUPQ": 0.5, "EPL_POV150": 0.3317, "EPL_UNEMP": 0.1464, "EPL_HBURD": 0.1483, "EPL_NOHSDP": 0.6783, "EPL_UNINSUR": 0.52, "SPL_THEME1": 1.8247, "RPL_THEME1": 0.265, "EPL_AGE65": 0.471, "EPL_AGE17": 0.5174, "EPL_DISABL": 0.795, "EPL_SNGPNT": 0.3083, "EPL_LIMENG": 0.8342, "SPL_THEME2": 2.9259, "RPL_THEME2": 0.7867, "EPL_MINRTY": 0.8524, "SPL_THEME3": 0.8524, "RPL_THEME3": 0.8524, "EPL_MUNIT": 0.0, "EPL_MOBILE": 0.5042, "EPL_CROWD": 0.765, "EPL_NOVEH": 0.4117, "EPL_GROUPQ": 0.7745, "SPL_THEME4": 2.4554, "RPL_THEME4": 0.575, "SPL_THEMES": 8.0584, "RPL_THEMES": 0.5483, "F_POV150": 0, "F_UNEMP": 0, "F_HBURD": 0, "F_NOHSDP": 0, "F_UNINSUR": 0, "F_THEME1": 0, "F_AGE65": 0, "F_AGE17": 0, "F_DISABL": 0, "F_SNGPNT": 0, "F_LIMENG": 0, "F_THEME2": 0, "F_MINRTY": 0, "F_THEME3": 0, "F_MUNIT": 0, "F_MOBILE": 0, "F_CROWD": 0, "F_NOVEH": 0, "F_GROUPQ": 0, "F_THEME4": 0, "F_TOTAL": 0, "E_DAYPOP": 3859, "E_NOINT": 153, "M_NOINT": 90, "E_AFAM": 13, "M_AFAM": 7, "E_HISP": 3047, "M_HISP": 686, "E_ASIAN": 0, "M_ASIAN": 13, "E_AIAN": 146, "M_AIAN": 175, "E_NHPI": 0, "M_NHPI": 13, "E_TWOMORE": 0, "M_TWOMORE": 13, "E_OTHERRACE": 0, "M_OTHERRACE": 13, "EP_NOINT": 12.4, "MP_NOINT": 7.3, "EP_AFAM": 0.4, "MP_AFAM": 0.2, "EP_HISP": 85.4, "MP_HISP": 6.0, "EP_ASIAN": 0.0, "MP_ASIAN": 1.1, "EP_AIAN": 4.1, "MP_AIAN": 4.9, "EP_NHPI": 0.0, "MP_NHPI": 1.1, "EP_TWOMORE": 0.0, "MP_TWOMORE": 1.1, "EP_OTHERRACE": 0.0, "MP_OTHERRACE": 1.1, "Shape_Length": 0.11600598620615146, "Shape_Area": 0.00060838516800082584 }, "geometry": { "type": "MultiPolygon", "coordinates": [ [ [ [ -106.71457, 35.023027 ], [ -106.714437, 35.023918 ], [ -106.714031, 35.027111 ], [ -106.71378, 35.027187 ], [ -106.71188, 35.02753 ], [ -106.7094, 35.027604 ], [ -106.707069, 35.027417 ], [ -106.704657, 35.026902 ], [ -106.703653, 35.026781 ], [ -106.698529, 35.026748 ], [ -106.68985, 35.026741 ], [ -106.680416, 35.026829 ], [ -106.674483, 35.027177 ], [ -106.672787, 35.027164 ], [ -106.673393, 35.024983 ], [ -106.672454, 35.022268 ], [ -106.671851, 35.016978 ], [ -106.672823, 35.013801 ], [ -106.673624, 35.013684 ], [ -106.675375, 35.013269 ], [ -106.678485, 35.015027 ], [ -106.685687, 35.014466 ], [ -106.687029, 35.011905 ], [ -106.697969, 35.01186 ], [ -106.702205, 35.01187 ], [ -106.702577, 35.011872 ], [ -106.708955, 35.011836 ], [ -106.709381, 35.011839 ], [ -106.712009, 35.011854 ], [ -106.713135, 35.01183 ], [ -106.716166, 35.011838 ], [ -106.71457, 35.023027 ] ] ] ] } },
{ "type": "Feature", "properties": { "OBJECTID": 125, "ST": "35", "STATE": "New Mexico", "ST_ABBR": "NM", "STCNTY": "35001", "COUNTY": "Bernalillo County", "FIPS": "35001004604", "LOCATION": "Census Tract 46.04; Bernalillo County; New Mexico", "AREA_SQMI": 3.0478413113520002, "E_TOTPOP": 4816, "M_TOTPOP": 817, "E_HU": 1559, "M_HU": 152, "E_HH": 1442, "M_HH": 163, "E_POV150": 1039, "M_POV150": 374, "E_UNEMP": 28, "M_UNEMP": 30, "E_HBURD": 436, "M_HBURD": 167, "E_NOHSDP": 757, "M_NOHSDP": 300, "E_UNINSUR": 333, "M_UNINSUR": 226, "E_AGE65": 849, "M_AGE65": 182, "E_AGE17": 1004, "M_AGE17": 438, "E_DISABL": 891, "M_DISABL": 482, "E_SNGPNT": 140, "M_SNGPNT": 77, "E_LIMENG": 371, "M_LIMENG": 202, "E_MINRTY": 4007, "M_MINRTY": 841, "E_MUNIT": 13, "M_MUNIT": 25, "E_MOBILE": 188, "M_MOBILE": 105, "E_CROWD": 31, "M_CROWD": 35, "E_NOVEH": 43, "M_NOVEH": 42, "E_GROUPQ": 160, "M_GROUPQ": 24, "EP_POV150": 21.6, "MP_POV150": 6.9, "EP_UNEMP": 1.3, "MP_UNEMP": 1.3, "EP_HBURD": 30.2, "MP_HBURD": 11.1, "EP_NOHSDP": 22.3, "MP_NOHSDP": 9.3, "EP_UNINSUR": 6.9, "MP_UNINSUR": 4.5, "EP_AGE65": 17.6, "MP_AGE65": 4.7, "EP_AGE17": 20.8, "MP_AGE17": 7.3, "EP_DISABL": 18.6, "MP_DISABL": 9.0, "EP_SNGPNT": 9.7, "MP_SNGPNT": 5.2, "EP_LIMENG": 8.0, "MP_LIMENG": 4.1, "EP_MINRTY": 83.2, "MP_MINRTY": 10.3, "EP_MUNIT": 0.8, "MP_MUNIT": 1.6, "EP_MOBILE": 12.1, "MP_MOBILE": 6.5, "EP_CROWD": 2.2, "MP_CROWD": 2.4, "EP_NOVEH": 3.0, "MP_NOVEH": 2.9, "EP_GROUPQ": 3.3, "MP_GROUPQ": 0.7, "EPL_POV150": 0.3217, "EPL_UNEMP": 0.0915, "EPL_HBURD": 0.6933, "EPL_NOHSDP": 0.8093, "EPL_UNINSUR": 0.42, "SPL_THEME1": 2.3358, "RPL_THEME1": 0.4433, "EPL_AGE65": 0.5008, "EPL_AGE17": 0.4461, "EPL_DISABL": 0.6633, "EPL_SNGPNT": 0.755, "EPL_LIMENG": 0.864, "SPL_THEME2": 3.2292, "RPL_THEME2": 0.9167, "EPL_MINRTY": 0.7695, "SPL_THEME3": 0.7695, "RPL_THEME3": 0.7695, "EPL_MUNIT": 0.4992, "EPL_MOBILE": 0.5025, "EPL_CROWD": 0.4867, "EPL_NOVEH": 0.4233, "EPL_GROUPQ": 0.8624, "SPL_THEME4": 2.7741, "RPL_THEME4": 0.7267, "SPL_THEMES": 9.1086, "RPL_THEMES": 0.7133, "F_POV150": 0, "F_UNEMP": 0, "F_HBURD": 0, "F_NOHSDP": 0, "F_UNINSUR": 0, "F_THEME1": 0, "F_AGE65": 0, "F_AGE17": 0, "F_DISABL": 0, "F_SNGPNT": 0, "F_LIMENG": 0, "F_THEME2": 0, "F_MINRTY": 0, "F_THEME3": 0, "F_MUNIT": 0, "F_MOBILE": 0, "F_CROWD": 0, "F_NOVEH": 0, "F_GROUPQ": 0, "F_THEME4": 0, "F_TOTAL": 0, "E_DAYPOP": 3026, "E_NOINT": 265, "M_NOINT": 94, "E_AFAM": 36, "M_AFAM": 39, "E_HISP": 3848, "M_HISP": 755, "E_ASIAN": 0, "M_ASIAN": 13, "E_AIAN": 0, "M_AIAN": 13, "E_NHPI": 0, "M_NHPI": 13, "E_TWOMORE": 53, "M_TWOMORE": 56, "E_OTHERRACE": 70, "M_OTHERRACE": 102, "EP_NOINT": 18.4, "MP_NOINT": 6.6, "EP_AFAM": 0.7, "MP_AFAM": 0.8, "EP_HISP": 79.9, "MP_HISP": 5.0, "EP_ASIAN": 0.0, "MP_ASIAN": 0.8, "EP_AIAN": 0.0, "MP_AIAN": 0.8, "EP_NHPI": 0.0, "MP_NHPI": 0.8, "EP_TWOMORE": 1.1, "MP_TWOMORE": 1.2, "EP_OTHERRACE": 1.5, "MP_OTHERRACE": 2.1, "Shape_Length": 0.13594928011038987, "Shape_Area": 0.00085147364200018852 }, "geometry": { "type": "MultiPolygon", "coordinates": [ [ [ [ -106.71793, 34.999792 ], [ -106.716166, 35.011838 ], [ -106.713135, 35.01183 ], [ -106.712009, 35.011854 ], [ -106.709381, 35.011839 ], [ -106.708955, 35.011836 ], [ -106.702577, 35.011872 ], [ -106.702205, 35.01187 ], [ -106.697969, 35.01186 ], [ -106.687029, 35.011905 ], [ -106.685687, 35.014466 ], [ -106.678485, 35.015027 ], [ -106.675375, 35.013269 ], [ -106.673624, 35.013684 ], [ -106.674112, 35.012077 ], [ -106.680458, 35.006368 ], [ -106.682307, 35.006127 ], [ -106.681657, 35.005078 ], [ -106.683691, 35.003651 ], [ -106.68625, 35.000534 ], [ -106.68737, 34.999289 ], [ -106.687714, 34.996625 ], [ -106.685529, 34.992162 ], [ -106.685856, 34.986817 ], [ -106.687075, 34.984518 ], [ -106.695597, 34.985236 ], [ -106.696742, 34.98507 ], [ -106.696658, 34.986495 ], [ -106.718914, 34.991849 ], [ -106.71793, 34.999792 ] ] ] ] } },
{ "type": "Feature", "properties": { "OBJECTID": 126, "ST": "35", "STATE": "New Mexico", "ST_ABBR": "NM", "STCNTY": "35001", "COUNTY": "Bernalillo County", "FIPS": "35001004712", "LOCATION": "Census Tract 47.12; Bernalillo County; New Mexico", "AREA_SQMI": 2.6842760850919998, "E_TOTPOP": 6966, "M_TOTPOP": 1017, "E_HU": 2345, "M_HU": 198, "E_HH": 2241, "M_HH": 234, "E_POV150": 2308, "M_POV150": 865, "E_UNEMP": 142, "M_UNEMP": 123, "E_HBURD": 806, "M_HBURD": 330, "E_NOHSDP": 702, "M_NOHSDP": 328, "E_UNINSUR": 699, "M_UNINSUR": 367, "E_AGE65": 485, "M_AGE65": 224, "E_AGE17": 1759, "M_AGE17": 503, "E_DISABL": 858, "M_DISABL": 297, "E_SNGPNT": 220, "M_SNGPNT": 161, "E_LIMENG": 627, "M_LIMENG": 377, "E_MINRTY": 6623, "M_MINRTY": 1029, "E_MUNIT": 0, "M_MUNIT": 26, "E_MOBILE": 162, "M_MOBILE": 112, "E_CROWD": 21, "M_CROWD": 39, "E_NOVEH": 0, "M_NOVEH": 19, "E_GROUPQ": 0, "M_GROUPQ": 19, "EP_POV150": 33.1, "MP_POV150": 11.4, "EP_UNEMP": 4.1, "MP_UNEMP": 3.6, "EP_HBURD": 36.0, "MP_HBURD": 14.2, "EP_NOHSDP": 15.7, "MP_NOHSDP": 6.2, "EP_UNINSUR": 10.1, "MP_UNINSUR": 4.7, "EP_AGE65": 7.0, "MP_AGE65": 3.3, "EP_AGE17": 25.3, "MP_AGE17": 5.2, "EP_DISABL": 12.4, "MP_DISABL": 4.4, "EP_SNGPNT": 9.8, "MP_SNGPNT": 7.1, "EP_LIMENG": 9.6, "MP_LIMENG": 5.6, "EP_MINRTY": 95.1, "MP_MINRTY": 5.0, "EP_MUNIT": 0.0, "MP_MUNIT": 1.1, "EP_MOBILE": 6.9, "MP_MOBILE": 4.7, "EP_CROWD": 0.9, "MP_CROWD": 1.7, "EP_NOVEH": 0.0, "MP_NOVEH": 1.8, "EP_GROUPQ": 0.0, "MP_GROUPQ": 0.3, "EPL_POV150": 0.5817, "EPL_UNEMP": 0.3627, "EPL_HBURD": 0.8133, "EPL_NOHSDP": 0.6484, "EPL_UNINSUR": 0.61, "SPL_THEME1": 3.0161, "RPL_THEME1": 0.68, "EPL_AGE65": 0.0597, "EPL_AGE17": 0.6833, "EPL_DISABL": 0.255, "EPL_SNGPNT": 0.7617, "EPL_LIMENG": 0.8905, "SPL_THEME2": 2.6502, "RPL_THEME2": 0.5883, "EPL_MINRTY": 0.9237, "SPL_THEME3": 0.9237, "RPL_THEME3": 0.9237, "EPL_MUNIT": 0.0, "EPL_MOBILE": 0.4343, "EPL_CROWD": 0.3217, "EPL_NOVEH": 0.0, "EPL_GROUPQ": 0.0, "SPL_THEME4": 0.756, "RPL_THEME4": 0.04, "SPL_THEMES": 7.346, "RPL_THEMES": 0.4233, "F_POV150": 0, "F_UNEMP": 0, "F_HBURD": 0, "F_NOHSDP": 0, "F_UNINSUR": 0, "F_THEME1": 0, "F_AGE65": 0, "F_AGE17": 0, "F_DISABL": 0, "F_SNGPNT": 0, "F_LIMENG": 0, "F_THEME2": 0, "F_MINRTY": 1, "F_THEME3": 1, "F_MUNIT": 0, "F_MOBILE": 0, "F_CROWD": 0, "F_NOVEH": 0, "F_GROUPQ": 0, "F_THEME4": 0, "F_TOTAL": 1, "E_DAYPOP": 2588, "E_NOINT": 272, "M_NOINT": 200, "E_AFAM": 63, "M_AFAM": 74, "E_HISP": 5596, "M_HISP": 1010, "E_ASIAN": 403, "M_ASIAN": 531, "E_AIAN": 458, "M_AIAN": 349, "E_NHPI": 0, "M_NHPI": 19, "E_TWOMORE": 94, "M_TWOMORE": 98, "E_OTHERRACE": 9, "M_OTHERRACE": 15, "EP_NOINT": 12.1, "MP_NOINT": 8.8, "EP_AFAM": 0.9, "MP_AFAM": 1.1, "EP_HISP": 80.3, "MP_HISP": 8.8, "EP_ASIAN": 5.8, "MP_ASIAN": 7.6, "EP_AIAN": 6.6, "MP_AIAN": 4.9, "EP_NHPI": 0.0, "MP_NHPI": 0.6, "EP_TWOMORE": 1.3, "MP_TWOMORE": 1.4, "EP_OTHERRACE": 0.1, "MP_OTHERRACE": 0.2, "Shape_Length": 0.14282614181974765, "Shape_Area": 0.00068676220350015135 }, "geometry": { "type": "MultiPolygon", "coordinates": [ [ [ [ -106.791801, 35.063236 ], [ -106.787834, 35.065209 ], [ -106.763365, 35.077424 ], [ -106.751647, 35.083255 ], [ -106.746684, 35.085915 ], [ -106.744561, 35.07929 ], [ -106.743036, 35.07449 ], [ -106.742726, 35.072724 ], [ -106.742232, 35.06979 ], [ -106.741706, 35.065827 ], [ -106.741862, 35.063517 ], [ -106.741434, 35.05758 ], [ -106.740794, 35.055648 ], [ -106.741575, 35.055499 ], [ -106.744149, 35.055488 ], [ -106.749818, 35.055456 ], [ -106.751152, 35.055801 ], [ -106.75187, 35.056133 ], [ -106.755535, 35.056193 ], [ -106.756901, 35.056183 ], [ -106.756968, 35.056147 ], [ -106.756968, 35.055344 ], [ -106.75721, 35.055398 ], [ -106.757164, 35.055347 ], [ -106.760144, 35.0554 ], [ -106.760265, 35.055877 ], [ -106.760935, 35.058502 ], [ -106.761442, 35.0605 ], [ -106.762832, 35.062068 ], [ -106.764708, 35.067581 ], [ -106.783408, 35.06335 ], [ -106.786022, 35.063006 ], [ -106.786595, 35.06312 ], [ -106.788933, 35.062751 ], [ -106.791801, 35.063236 ] ] ] ] } },
{ "type": "Feature", "properties": { "OBJECTID": 127, "ST": "35", "STATE": "New Mexico", "ST_ABBR": "NM", "STCNTY": "35001", "COUNTY": "Bernalillo County", "FIPS": "35001004713", "LOCATION": "Census Tract 47.13; Bernalillo County; New Mexico", "AREA_SQMI": 1.090007258914, "E_TOTPOP": 7853, "M_TOTPOP": 1272, "E_HU": 2260, "M_HU": 263, "E_HH": 2234, "M_HH": 272, "E_POV150": 1950, "M_POV150": 944, "E_UNEMP": 133, "M_UNEMP": 85, "E_HBURD": 847, "M_HBURD": 266, "E_NOHSDP": 745, "M_NOHSDP": 300, "E_UNINSUR": 901, "M_UNINSUR": 537, "E_AGE65": 632, "M_AGE65": 202, "E_AGE17": 2750, "M_AGE17": 794, "E_DISABL": 1083, "M_DISABL": 318, "E_SNGPNT": 233, "M_SNGPNT": 156, "E_LIMENG": 127, "M_LIMENG": 123, "E_MINRTY": 7461, "M_MINRTY": 1282, "E_MUNIT": 0, "M_MUNIT": 26, "E_MOBILE": 84, "M_MOBILE": 87, "E_CROWD": 142, "M_CROWD": 116, "E_NOVEH": 33, "M_NOVEH": 36, "E_GROUPQ": 0, "M_GROUPQ": 19, "EP_POV150": 25.0, "MP_POV150": 11.4, "EP_UNEMP": 4.0, "MP_UNEMP": 2.8, "EP_HBURD": 37.9, "MP_HBURD": 11.0, "EP_NOHSDP": 16.7, "MP_NOHSDP": 6.9, "EP_UNINSUR": 11.5, "MP_UNINSUR": 5.9, "EP_AGE65": 8.0, "MP_AGE65": 2.9, "EP_AGE17": 35.0, "MP_AGE17": 6.2, "EP_DISABL": 13.8, "MP_DISABL": 5.1, "EP_SNGPNT": 10.4, "MP_SNGPNT": 6.9, "EP_LIMENG": 1.8, "MP_LIMENG": 1.7, "EP_MINRTY": 95.0, "MP_MINRTY": 5.5, "EP_MUNIT": 0.0, "MP_MUNIT": 1.2, "EP_MOBILE": 3.7, "MP_MOBILE": 3.7, "EP_CROWD": 6.4, "MP_CROWD": 5.1, "EP_NOVEH": 1.5, "MP_NOVEH": 1.7, "EP_GROUPQ": 0.0, "MP_GROUPQ": 0.2, "EPL_POV150": 0.3967, "EPL_UNEMP": 0.3511, "EPL_HBURD": 0.8583, "EPL_NOHSDP": 0.675, "EPL_UNINSUR": 0.6633, "SPL_THEME1": 2.9444, "RPL_THEME1": 0.66, "EPL_AGE65": 0.0896, "EPL_AGE17": 0.9602, "EPL_DISABL": 0.365, "EPL_SNGPNT": 0.79, "EPL_LIMENG": 0.4842, "SPL_THEME2": 2.689, "RPL_THEME2": 0.6217, "EPL_MINRTY": 0.9204, "SPL_THEME3": 0.9204, "RPL_THEME3": 0.9204, "EPL_MUNIT": 0.0, "EPL_MOBILE": 0.3661, "EPL_CROWD": 0.8067, "EPL_NOVEH": 0.2417, "EPL_GROUPQ": 0.0, "SPL_THEME4": 1.4145, "RPL_THEME4": 0.1567, "SPL_THEMES": 7.9683, "RPL_THEMES": 0.52, "F_POV150": 0, "F_UNEMP": 0, "F_HBURD": 0, "F_NOHSDP": 0, "F_UNINSUR": 0, "F_THEME1": 0, "F_AGE65": 0, "F_AGE17": 1, "F_DISABL": 0, "F_SNGPNT": 0, "F_LIMENG": 0, "F_THEME2": 1, "F_MINRTY": 1, "F_THEME3": 1, "F_MUNIT": 0, "F_MOBILE": 0, "F_CROWD": 0, "F_NOVEH": 0, "F_GROUPQ": 0, "F_THEME4": 0, "F_TOTAL": 2, "E_DAYPOP": 2818, "E_NOINT": 242, "M_NOINT": 138, "E_AFAM": 99, "M_AFAM": 101, "E_HISP": 6998, "M_HISP": 1278, "E_ASIAN": 10, "M_ASIAN": 20, "E_AIAN": 242, "M_AIAN": 212, "E_NHPI": 0, "M_NHPI": 19, "E_TWOMORE": 112, "M_TWOMORE": 115, "E_OTHERRACE": 0, "M_OTHERRACE": 19, "EP_NOINT": 10.8, "MP_NOINT": 6.2, "EP_AFAM": 1.3, "MP_AFAM": 1.3, "EP_HISP": 89.1, "MP_HISP": 3.1, "EP_ASIAN": 0.1, "MP_ASIAN": 0.3, "EP_AIAN": 3.1, "MP_AIAN": 2.7, "EP_NHPI": 0.0, "MP_NHPI": 0.5, "EP_TWOMORE": 1.4, "MP_TWOMORE": 1.5, "EP_OTHERRACE": 0.0, "MP_OTHERRACE": 0.5, "Shape_Length": 0.068923182986832282, "Shape_Area": 0.00027792520899964235 }, "geometry": { "type": "MultiPolygon", "coordinates": [ [ [ [ -106.760144, 35.0554 ], [ -106.757164, 35.055347 ], [ -106.75721, 35.055398 ], [ -106.756968, 35.055344 ], [ -106.756968, 35.056147 ], [ -106.756901, 35.056183 ], [ -106.755535, 35.056193 ], [ -106.75187, 35.056133 ], [ -106.751152, 35.055801 ], [ -106.749818, 35.055456 ], [ -106.744149, 35.055488 ], [ -106.741575, 35.055499 ], [ -106.740794, 35.055648 ], [ -106.740553, 35.055691 ], [ -106.739956, 35.052242 ], [ -106.738099, 35.048886 ], [ -106.737372, 35.047489 ], [ -106.737328, 35.04665 ], [ -106.737328, 35.043331 ], [ -106.755312, 35.040314 ], [ -106.756278, 35.039955 ], [ -106.7572, 35.043822 ], [ -106.757248, 35.044319 ], [ -106.760144, 35.0554 ] ] ] ] } },
{ "type": "Feature", "properties": { "OBJECTID": 128, "ST": "35", "STATE": "New Mexico", "ST_ABBR": "NM", "STCNTY": "35001", "COUNTY": "Bernalillo County", "FIPS": "35001004715", "LOCATION": "Census Tract 47.15; Bernalillo County; New Mexico", "AREA_SQMI": 21.948407960177999, "E_TOTPOP": 4358, "M_TOTPOP": 844, "E_HU": 1555, "M_HU": 232, "E_HH": 1388, "M_HH": 233, "E_POV150": 1886, "M_POV150": 679, "E_UNEMP": 86, "M_UNEMP": 55, "E_HBURD": 621, "M_HBURD": 272, "E_NOHSDP": 977, "M_NOHSDP": 446, "E_UNINSUR": 911, "M_UNINSUR": 479, "E_AGE65": 468, "M_AGE65": 302, "E_AGE17": 1259, "M_AGE17": 315, "E_DISABL": 1229, "M_DISABL": 404, "E_SNGPNT": 179, "M_SNGPNT": 122, "E_LIMENG": 591, "M_LIMENG": 343, "E_MINRTY": 3786, "M_MINRTY": 880, "E_MUNIT": 0, "M_MUNIT": 18, "E_MOBILE": 618, "M_MOBILE": 155, "E_CROWD": 95, "M_CROWD": 78, "E_NOVEH": 39, "M_NOVEH": 33, "E_GROUPQ": 30, "M_GROUPQ": 5, "EP_POV150": 43.3, "MP_POV150": 13.1, "EP_UNEMP": 5.1, "MP_UNEMP": 3.5, "EP_HBURD": 44.7, "MP_HBURD": 18.1, "EP_NOHSDP": 34.6, "MP_NOHSDP": 11.3, "EP_UNINSUR": 20.9, "MP_UNINSUR": 8.4, "EP_AGE65": 10.7, "MP_AGE65": 6.3, "EP_AGE17": 28.9, "MP_AGE17": 5.5, "EP_DISABL": 28.2, "MP_DISABL": 8.8, "EP_SNGPNT": 12.9, "MP_SNGPNT": 8.5, "EP_LIMENG": 14.4, "MP_LIMENG": 7.9, "EP_MINRTY": 86.9, "MP_MINRTY": 11.2, "EP_MUNIT": 0.0, "MP_MUNIT": 1.2, "EP_MOBILE": 39.7, "MP_MOBILE": 10.3, "EP_CROWD": 6.9, "MP_CROWD": 5.5, "EP_NOVEH": 2.8, "MP_NOVEH": 2.4, "EP_GROUPQ": 0.7, "MP_GROUPQ": 0.2, "EPL_POV150": 0.7833, "EPL_UNEMP": 0.4659, "EPL_HBURD": 0.94, "EPL_NOHSDP": 0.9536, "EPL_UNINSUR": 0.9183, "SPL_THEME1": 4.0611, "RPL_THEME1": 0.9583, "EPL_AGE65": 0.1493, "EPL_AGE17": 0.8541, "EPL_DISABL": 0.9383, "EPL_SNGPNT": 0.8817, "EPL_LIMENG": 0.9486, "SPL_THEME2": 3.772, "RPL_THEME2": 0.9817, "EPL_MINRTY": 0.8143, "SPL_THEME3": 0.8143, "RPL_THEME3": 0.8143, "EPL_MUNIT": 0.0, "EPL_MOBILE": 0.8552, "EPL_CROWD": 0.82, "EPL_NOVEH": 0.3983, "EPL_GROUPQ": 0.6385, "SPL_THEME4": 2.712, "RPL_THEME4": 0.69, "SPL_THEMES": 11.3594, "RPL_THEMES": 0.9717, "F_POV150": 0, "F_UNEMP": 0, "F_HBURD": 1, "F_NOHSDP": 1, "F_UNINSUR": 1, "F_THEME1": 3, "F_AGE65": 0, "F_AGE17": 0, "F_DISABL": 1, "F_SNGPNT": 0, "F_LIMENG": 1, "F_THEME2": 2, "F_MINRTY": 0, "F_THEME3": 0, "F_MUNIT": 0, "F_MOBILE": 0, "F_CROWD": 0, "F_NOVEH": 0, "F_GROUPQ": 0, "F_THEME4": 0, "F_TOTAL": 5, "E_DAYPOP": 5827, "E_NOINT": 250, "M_NOINT": 117, "E_AFAM": 6, "M_AFAM": 11, "E_HISP": 3752, "M_HISP": 813, "E_ASIAN": 17, "M_ASIAN": 19, "E_AIAN": 0, "M_AIAN": 13, "E_NHPI": 0, "M_NHPI": 13, "E_TWOMORE": 11, "M_TWOMORE": 17, "E_OTHERRACE": 0, "M_OTHERRACE": 13, "EP_NOINT": 18.0, "MP_NOINT": 8.8, "EP_AFAM": 0.1, "MP_AFAM": 0.3, "EP_HISP": 86.1, "MP_HISP": 5.7, "EP_ASIAN": 0.4, "MP_ASIAN": 0.4, "EP_AIAN": 0.0, "MP_AIAN": 0.9, "EP_NHPI": 0.0, "MP_NHPI": 0.9, "EP_TWOMORE": 0.3, "MP_TWOMORE": 0.4, "EP_OTHERRACE": 0.0, "MP_OTHERRACE": 0.9, "Shape_Length": 0.33741427404010738, "Shape_Area": 0.0056274852689994735 }, "geometry": { "type": "MultiPolygon", "coordinates": [ [ [ [ -106.798153, 34.993675 ], [ -106.797801, 34.996322 ], [ -106.796196, 35.003563 ], [ -106.796182, 35.004427 ], [ -106.792236, 35.023837 ], [ -106.792079, 35.02425 ], [ -106.768577, 35.024398 ], [ -106.758708, 35.024583 ], [ -106.753094, 35.024501 ], [ -106.752392, 35.024515 ], [ -106.752074, 35.024525 ], [ -106.746168, 35.024575 ], [ -106.745145, 35.024551 ], [ -106.74437, 35.024539 ], [ -106.740467, 35.0246 ], [ -106.740125, 35.024613 ], [ -106.727437, 35.024642 ], [ -106.727371, 35.024641 ], [ -106.721015, 35.024714 ], [ -106.719774, 35.024896 ], [ -106.715697, 35.02659 ], [ -106.714214, 35.027059 ], [ -106.714125, 35.027929 ], [ -106.713836, 35.028399 ], [ -106.714031, 35.027111 ], [ -106.714437, 35.023918 ], [ -106.71457, 35.023027 ], [ -106.716166, 35.011838 ], [ -106.71793, 34.999792 ], [ -106.718914, 34.991849 ], [ -106.719169, 34.987049 ], [ -106.719237, 34.966579 ], [ -106.719053, 34.964932 ], [ -106.716482, 34.959543 ], [ -106.714966, 34.956593 ], [ -106.70998, 34.946983 ], [ -106.725312, 34.946847 ], [ -106.725391, 34.956505 ], [ -106.7272, 34.956651 ], [ -106.729356, 34.95664 ], [ -106.75228, 34.956728 ], [ -106.805392, 34.956834 ], [ -106.798153, 34.993675 ] ] ] ] } },
{ "type": "Feature", "properties": { "OBJECTID": 129, "ST": "35", "STATE": "New Mexico", "ST_ABBR": "NM", "STCNTY": "35001", "COUNTY": "Bernalillo County", "FIPS": "35001004716", "LOCATION": "Census Tract 47.16; Bernalillo County; New Mexico", "AREA_SQMI": 1.4250368446599999, "E_TOTPOP": 1947, "M_TOTPOP": 666, "E_HU": 1256, "M_HU": 225, "E_HH": 1192, "M_HH": 220, "E_POV150": 478, "M_POV150": 162, "E_UNEMP": 25, "M_UNEMP": 25, "E_HBURD": 496, "M_HBURD": 169, "E_NOHSDP": 61, "M_NOHSDP": 50, "E_UNINSUR": 542, "M_UNINSUR": 651, "E_AGE65": 383, "M_AGE65": 100, "E_AGE17": 341, "M_AGE17": 335, "E_DISABL": 488, "M_DISABL": 233, "E_SNGPNT": 64, "M_SNGPNT": 81, "E_LIMENG": 8, "M_LIMENG": 52, "E_MINRTY": 1251, "M_MINRTY": 688, "E_MUNIT": 664, "M_MUNIT": 161, "E_MOBILE": 26, "M_MOBILE": 30, "E_CROWD": 0, "M_CROWD": 18, "E_NOVEH": 116, "M_NOVEH": 73, "E_GROUPQ": 0, "M_GROUPQ": 13, "EP_POV150": 24.6, "MP_POV150": 11.8, "EP_UNEMP": 2.1, "MP_UNEMP": 2.4, "EP_HBURD": 41.6, "MP_HBURD": 11.9, "EP_NOHSDP": 4.4, "MP_NOHSDP": 3.9, "EP_UNINSUR": 27.8, "MP_UNINSUR": 25.1, "EP_AGE65": 19.7, "MP_AGE65": 9.6, "EP_AGE17": 17.5, "MP_AGE17": 11.8, "EP_DISABL": 25.1, "MP_DISABL": 7.0, "EP_SNGPNT": 5.4, "MP_SNGPNT": 6.7, "EP_LIMENG": 0.4, "MP_LIMENG": 2.7, "EP_MINRTY": 64.3, "MP_MINRTY": 27.7, "EP_MUNIT": 52.8, "MP_MUNIT": 8.7, "EP_MOBILE": 2.1, "MP_MOBILE": 2.4, "EP_CROWD": 0.0, "MP_CROWD": 1.5, "EP_NOVEH": 9.7, "MP_NOVEH": 6.8, "EP_GROUPQ": 0.0, "MP_GROUPQ": 0.7, "EPL_POV150": 0.3867, "EPL_UNEMP": 0.1714, "EPL_HBURD": 0.91, "EPL_NOHSDP": 0.2023, "EPL_UNINSUR": 0.9767, "SPL_THEME1": 2.6471, "RPL_THEME1": 0.5683, "EPL_AGE65": 0.6119, "EPL_AGE17": 0.2902, "EPL_DISABL": 0.895, "EPL_SNGPNT": 0.4417, "EPL_LIMENG": 0.2123, "SPL_THEME2": 2.4511, "RPL_THEME2": 0.45, "EPL_MINRTY": 0.5207, "SPL_THEME3": 0.5207, "RPL_THEME3": 0.5207, "EPL_MUNIT": 0.9867, "EPL_MOBILE": 0.3211, "EPL_CROWD": 0.0, "EPL_NOVEH": 0.7917, "EPL_GROUPQ": 0.0, "SPL_THEME4": 2.0995, "RPL_THEME4": 0.4133, "SPL_THEMES": 7.7184, "RPL_THEMES": 0.4783, "F_POV150": 0, "F_UNEMP": 0, "F_HBURD": 1, "F_NOHSDP": 0, "F_UNINSUR": 1, "F_THEME1": 2, "F_AGE65": 0, "F_AGE17": 0, "F_DISABL": 0, "F_SNGPNT": 0, "F_LIMENG": 0, "F_THEME2": 0, "F_MINRTY": 0, "F_THEME3": 0, "F_MUNIT": 1, "F_MOBILE": 0, "F_CROWD": 0, "F_NOVEH": 0, "F_GROUPQ": 0, "F_THEME4": 1, "F_TOTAL": 3, "E_DAYPOP": 10608, "E_NOINT": 183, "M_NOINT": 114, "E_AFAM": 67, "M_AFAM": 61, "E_HISP": 1082, "M_HISP": 588, "E_ASIAN": 20, "M_ASIAN": 25, "E_AIAN": 49, "M_AIAN": 63, "E_NHPI": 0, "M_NHPI": 13, "E_TWOMORE": 33, "M_TWOMORE": 41, "E_OTHERRACE": 0, "M_OTHERRACE": 13, "EP_NOINT": 15.4, "MP_NOINT": 8.6, "EP_AFAM": 3.4, "MP_AFAM": 3.3, "EP_HISP": 55.6, "MP_HISP": 13.0, "EP_ASIAN": 1.0, "MP_ASIAN": 1.4, "EP_AIAN": 2.5, "MP_AIAN": 3.3, "EP_NHPI": 0.0, "MP_NHPI": 2.0, "EP_TWOMORE": 1.7, "MP_TWOMORE": 2.2, "EP_OTHERRACE": 0.0, "MP_OTHERRACE": 2.0, "Shape_Length": 0.094077337990830234, "Shape_Area": 0.00039278189499967651 }, "geometry": { "type": "MultiPolygon", "coordinates": [ [ [ [ -106.662998, 35.216221 ], [ -106.662611, 35.217695 ], [ -106.662546, 35.217924 ], [ -106.660691, 35.217922 ], [ -106.658149, 35.217881 ], [ -106.648749, 35.214529 ], [ -106.649857, 35.21183 ], [ -106.651007, 35.210782 ], [ -106.647411, 35.209419 ], [ -106.646018, 35.208725 ], [ -106.642494, 35.207297 ], [ -106.644639, 35.206162 ], [ -106.645464, 35.20158 ], [ -106.644505, 35.198965 ], [ -106.643366, 35.197762 ], [ -106.642563, 35.197065 ], [ -106.642944, 35.195416 ], [ -106.646093, 35.189201 ], [ -106.64672, 35.188977 ], [ -106.650445, 35.186342 ], [ -106.650907, 35.186718 ], [ -106.655668, 35.189656 ], [ -106.657714, 35.190956 ], [ -106.656965, 35.192002 ], [ -106.656703, 35.192985 ], [ -106.656943, 35.194176 ], [ -106.660229, 35.197029 ], [ -106.660776, 35.198208 ], [ -106.660822, 35.199515 ], [ -106.65911, 35.205614 ], [ -106.658604, 35.209154 ], [ -106.659777, 35.211142 ], [ -106.662392, 35.213197 ], [ -106.663083, 35.215125 ], [ -106.662998, 35.216221 ] ] ] ] } },
{ "type": "Feature", "properties": { "OBJECTID": 130, "ST": "35", "STATE": "New Mexico", "ST_ABBR": "NM", "STCNTY": "35001", "COUNTY": "Bernalillo County", "FIPS": "35001004720", "LOCATION": "Census Tract 47.20; Bernalillo County; New Mexico", "AREA_SQMI": 1.0511202237799999, "E_TOTPOP": 3398, "M_TOTPOP": 561, "E_HU": 1746, "M_HU": 251, "E_HH": 1658, "M_HH": 248, "E_POV150": 798, "M_POV150": 462, "E_UNEMP": 194, "M_UNEMP": 111, "E_HBURD": 548, "M_HBURD": 227, "E_NOHSDP": 142, "M_NOHSDP": 100, "E_UNINSUR": 199, "M_UNINSUR": 121, "E_AGE65": 1025, "M_AGE65": 228, "E_AGE17": 641, "M_AGE17": 329, "E_DISABL": 576, "M_DISABL": 145, "E_SNGPNT": 148, "M_SNGPNT": 183, "E_LIMENG": 27, "M_LIMENG": 64, "E_MINRTY": 1650, "M_MINRTY": 668, "E_MUNIT": 266, "M_MUNIT": 124, "E_MOBILE": 0, "M_MOBILE": 13, "E_CROWD": 45, "M_CROWD": 39, "E_NOVEH": 97, "M_NOVEH": 69, "E_GROUPQ": 2, "M_GROUPQ": 1, "EP_POV150": 23.6, "MP_POV150": 13.1, "EP_UNEMP": 13.0, "MP_UNEMP": 7.0, "EP_HBURD": 33.1, "MP_HBURD": 12.8, "EP_NOHSDP": 5.5, "MP_NOHSDP": 3.7, "EP_UNINSUR": 5.9, "MP_UNINSUR": 3.4, "EP_AGE65": 30.2, "MP_AGE65": 7.5, "EP_AGE17": 18.9, "MP_AGE17": 7.1, "EP_DISABL": 17.0, "MP_DISABL": 4.4, "EP_SNGPNT": 8.9, "MP_SNGPNT": 11.0, "EP_LIMENG": 0.8, "MP_LIMENG": 1.9, "EP_MINRTY": 48.6, "MP_MINRTY": 17.9, "EP_MUNIT": 15.2, "MP_MUNIT": 6.8, "EP_MOBILE": 0.0, "MP_MOBILE": 2.3, "EP_CROWD": 2.7, "MP_CROWD": 2.3, "EP_NOVEH": 5.9, "MP_NOVEH": 4.0, "EP_GROUPQ": 0.1, "MP_GROUPQ": 0.0, "EPL_POV150": 0.365, "EPL_UNEMP": 0.8952, "EPL_HBURD": 0.765, "EPL_NOHSDP": 0.2537, "EPL_UNINSUR": 0.335, "SPL_THEME1": 2.6139, "RPL_THEME1": 0.5533, "EPL_AGE65": 0.8823, "EPL_AGE17": 0.3549, "EPL_DISABL": 0.5617, "EPL_SNGPNT": 0.6983, "EPL_LIMENG": 0.3002, "SPL_THEME2": 2.7974, "RPL_THEME2": 0.6867, "EPL_MINRTY": 0.2355, "SPL_THEME3": 0.2355, "RPL_THEME3": 0.2355, "EPL_MUNIT": 0.8752, "EPL_MOBILE": 0.0, "EPL_CROWD": 0.5467, "EPL_NOVEH": 0.6267, "EPL_GROUPQ": 0.4312, "SPL_THEME4": 2.4798, "RPL_THEME4": 0.5883, "SPL_THEMES": 8.1266, "RPL_THEMES": 0.5583, "F_POV150": 0, "F_UNEMP": 0, "F_HBURD": 0, "F_NOHSDP": 0, "F_UNINSUR": 0, "F_THEME1": 0, "F_AGE65": 0, "F_AGE17": 0, "F_DISABL": 0, "F_SNGPNT": 0, "F_LIMENG": 0, "F_THEME2": 0, "F_MINRTY": 0, "F_THEME3": 0, "F_MUNIT": 0, "F_MOBILE": 0, "F_CROWD": 0, "F_NOVEH": 0, "F_GROUPQ": 0, "F_THEME4": 0, "F_TOTAL": 0, "E_DAYPOP": 1530, "E_NOINT": 260, "M_NOINT": 205, "E_AFAM": 67, "M_AFAM": 55, "E_HISP": 1424, "M_HISP": 388, "E_ASIAN": 4, "M_ASIAN": 9, "E_AIAN": 58, "M_AIAN": 54, "E_NHPI": 0, "M_NHPI": 13, "E_TWOMORE": 97, "M_TWOMORE": 74, "E_OTHERRACE": 0, "M_OTHERRACE": 13, "EP_NOINT": 15.7, "MP_NOINT": 11.2, "EP_AFAM": 2.0, "MP_AFAM": 1.7, "EP_HISP": 41.9, "MP_HISP": 7.4, "EP_ASIAN": 0.1, "MP_ASIAN": 0.3, "EP_AIAN": 1.7, "MP_AIAN": 1.6, "EP_NHPI": 0.0, "MP_NHPI": 1.2, "EP_TWOMORE": 2.9, "MP_TWOMORE": 2.2, "EP_OTHERRACE": 0.0, "MP_OTHERRACE": 1.2, "Shape_Length": 0.072561553879156526, "Shape_Area": 0.00027343593549991033 }, "geometry": { "type": "MultiPolygon", "coordinates": [ [ [ [ -106.703289, 35.203334 ], [ -106.703156, 35.205263 ], [ -106.702922, 35.206147 ], [ -106.699979, 35.205665 ], [ -106.696768, 35.203946 ], [ -106.693998, 35.204209 ], [ -106.688159, 35.206259 ], [ -106.687124, 35.206048 ], [ -106.685632, 35.206578 ], [ -106.681856, 35.205032 ], [ -106.679822, 35.202315 ], [ -106.678737, 35.202326 ], [ -106.67953, 35.201187 ], [ -106.679882, 35.200457 ], [ -106.680996, 35.198254 ], [ -106.680935, 35.197421 ], [ -106.679648, 35.194436 ], [ -106.680662, 35.192174 ], [ -106.681136, 35.191389 ], [ -106.683129, 35.190235 ], [ -106.684091, 35.189751 ], [ -106.684742, 35.190106 ], [ -106.686544, 35.191063 ], [ -106.6919, 35.192433 ], [ -106.695778, 35.195285 ], [ -106.696945, 35.196067 ], [ -106.698529, 35.196769 ], [ -106.70024, 35.196937 ], [ -106.703262, 35.196946 ], [ -106.703288, 35.203213 ], [ -106.703289, 35.203334 ] ] ] ] } },
{ "type": "Feature", "properties": { "OBJECTID": 131, "ST": "35", "STATE": "New Mexico", "ST_ABBR": "NM", "STCNTY": "35001", "COUNTY": "Bernalillo County", "FIPS": "35001004722", "LOCATION": "Census Tract 47.22; Bernalillo County; New Mexico", "AREA_SQMI": 2.23890318097, "E_TOTPOP": 5468, "M_TOTPOP": 839, "E_HU": 2596, "M_HU": 513, "E_HH": 2453, "M_HH": 522, "E_POV150": 701, "M_POV150": 383, "E_UNEMP": 109, "M_UNEMP": 108, "E_HBURD": 547, "M_HBURD": 241, "E_NOHSDP": 119, "M_NOHSDP": 122, "E_UNINSUR": 345, "M_UNINSUR": 227, "E_AGE65": 764, "M_AGE65": 192, "E_AGE17": 1051, "M_AGE17": 309, "E_DISABL": 449, "M_DISABL": 237, "E_SNGPNT": 161, "M_SNGPNT": 125, "E_LIMENG": 79, "M_LIMENG": 133, "E_MINRTY": 3458, "M_MINRTY": 1025, "E_MUNIT": 316, "M_MUNIT": 168, "E_MOBILE": 0, "M_MOBILE": 19, "E_CROWD": 22, "M_CROWD": 43, "E_NOVEH": 134, "M_NOVEH": 134, "E_GROUPQ": 243, "M_GROUPQ": 14, "EP_POV150": 13.4, "MP_POV150": 7.0, "EP_UNEMP": 3.4, "MP_UNEMP": 3.4, "EP_HBURD": 22.3, "MP_HBURD": 8.6, "EP_NOHSDP": 3.2, "MP_NOHSDP": 3.2, "EP_UNINSUR": 6.3, "MP_UNINSUR": 4.2, "EP_AGE65": 14.0, "MP_AGE65": 3.9, "EP_AGE17": 19.2, "MP_AGE17": 4.6, "EP_DISABL": 8.2, "MP_DISABL": 4.1, "EP_SNGPNT": 6.5, "MP_SNGPNT": 4.9, "EP_LIMENG": 1.5, "MP_LIMENG": 2.6, "EP_MINRTY": 63.2, "MP_MINRTY": 16.0, "EP_MUNIT": 12.1, "MP_MUNIT": 6.0, "EP_MOBILE": 0.0, "MP_MOBILE": 1.5, "EP_CROWD": 0.9, "MP_CROWD": 1.7, "EP_NOVEH": 5.5, "MP_NOVEH": 5.5, "EP_GROUPQ": 4.4, "MP_GROUPQ": 0.7, "EPL_POV150": 0.17, "EPL_UNEMP": 0.3028, "EPL_HBURD": 0.4483, "EPL_NOHSDP": 0.141, "EPL_UNINSUR": 0.3783, "SPL_THEME1": 1.4404, "RPL_THEME1": 0.155, "EPL_AGE65": 0.2819, "EPL_AGE17": 0.3615, "EPL_DISABL": 0.0617, "EPL_SNGPNT": 0.54, "EPL_LIMENG": 0.4411, "SPL_THEME2": 1.6862, "RPL_THEME2": 0.1167, "EPL_MINRTY": 0.4992, "SPL_THEME3": 0.4992, "RPL_THEME3": 0.4992, "EPL_MUNIT": 0.8453, "EPL_MOBILE": 0.0, "EPL_CROWD": 0.3217, "EPL_NOVEH": 0.6, "EPL_GROUPQ": 0.8972, "SPL_THEME4": 2.6642, "RPL_THEME4": 0.6733, "SPL_THEMES": 6.29, "RPL_THEMES": 0.2617, "F_POV150": 0, "F_UNEMP": 0, "F_HBURD": 0, "F_NOHSDP": 0, "F_UNINSUR": 0, "F_THEME1": 0, "F_AGE65": 0, "F_AGE17": 0, "F_DISABL": 0, "F_SNGPNT": 0, "F_LIMENG": 0, "F_THEME2": 0, "F_MINRTY": 0, "F_THEME3": 0, "F_MUNIT": 0, "F_MOBILE": 0, "F_CROWD": 0, "F_NOVEH": 0, "F_GROUPQ": 0, "F_THEME4": 0, "F_TOTAL": 0, "E_DAYPOP": 4843, "E_NOINT": 177, "M_NOINT": 123, "E_AFAM": 67, "M_AFAM": 71, "E_HISP": 2365, "M_HISP": 665, "E_ASIAN": 448, "M_ASIAN": 275, "E_AIAN": 527, "M_AIAN": 433, "E_NHPI": 0, "M_NHPI": 19, "E_TWOMORE": 51, "M_TWOMORE": 74, "E_OTHERRACE": 0, "M_OTHERRACE": 19, "EP_NOINT": 7.2, "MP_NOINT": 5.1, "EP_AFAM": 1.2, "MP_AFAM": 1.4, "EP_HISP": 43.3, "MP_HISP": 10.5, "EP_ASIAN": 8.2, "MP_ASIAN": 5.2, "EP_AIAN": 9.6, "MP_AIAN": 7.4, "EP_NHPI": 0.0, "MP_NHPI": 0.7, "EP_TWOMORE": 0.9, "MP_TWOMORE": 1.3, "EP_OTHERRACE": 0.0, "MP_OTHERRACE": 0.7, "Shape_Length": 0.12444148810427356, "Shape_Area": 0.00061679401099933734 }, "geometry": { "type": "MultiPolygon", "coordinates": [ [ [ [ -106.694192, 35.15573 ], [ -106.692868, 35.157576 ], [ -106.692325, 35.159064 ], [ -106.690952, 35.15866 ], [ -106.688102, 35.159847 ], [ -106.685691, 35.159902 ], [ -106.683479, 35.159878 ], [ -106.682355, 35.159994 ], [ -106.679262, 35.160034 ], [ -106.679057, 35.160035 ], [ -106.677279, 35.163058 ], [ -106.673581, 35.174402 ], [ -106.672741, 35.176058 ], [ -106.668062, 35.18094 ], [ -106.665925, 35.180393 ], [ -106.660853, 35.181059 ], [ -106.652766, 35.182171 ], [ -106.653081, 35.179343 ], [ -106.652179, 35.176843 ], [ -106.652478, 35.175744 ], [ -106.654118, 35.172587 ], [ -106.659368, 35.166647 ], [ -106.664166, 35.163948 ], [ -106.665501, 35.16255 ], [ -106.666718, 35.159586 ], [ -106.667984, 35.157916 ], [ -106.670858, 35.152063 ], [ -106.674805, 35.147714 ], [ -106.678431, 35.145765 ], [ -106.682552, 35.147786 ], [ -106.683187, 35.148132 ], [ -106.686094, 35.149584 ], [ -106.686313, 35.149696 ], [ -106.689606, 35.151357 ], [ -106.691837, 35.152214 ], [ -106.693773, 35.15254 ], [ -106.694287, 35.15514 ], [ -106.694192, 35.15573 ] ] ] ] } },
{ "type": "Feature", "properties": { "OBJECTID": 132, "ST": "35", "STATE": "New Mexico", "ST_ABBR": "NM", "STCNTY": "35001", "COUNTY": "Bernalillo County", "FIPS": "35001004723", "LOCATION": "Census Tract 47.23; Bernalillo County; New Mexico", "AREA_SQMI": 1.7469764143, "E_TOTPOP": 7087, "M_TOTPOP": 1142, "E_HU": 2697, "M_HU": 356, "E_HH": 2622, "M_HH": 370, "E_POV150": 596, "M_POV150": 274, "E_UNEMP": 161, "M_UNEMP": 105, "E_HBURD": 351, "M_HBURD": 153, "E_NOHSDP": 545, "M_NOHSDP": 347, "E_UNINSUR": 306, "M_UNINSUR": 191, "E_AGE65": 1173, "M_AGE65": 152, "E_AGE17": 1472, "M_AGE17": 576, "E_DISABL": 590, "M_DISABL": 204, "E_SNGPNT": 91, "M_SNGPNT": 68, "E_LIMENG": 55, "M_LIMENG": 88, "E_MINRTY": 4293, "M_MINRTY": 1230, "E_MUNIT": 0, "M_MUNIT": 26, "E_MOBILE": 66, "M_MOBILE": 89, "E_CROWD": 0, "M_CROWD": 26, "E_NOVEH": 243, "M_NOVEH": 282, "E_GROUPQ": 57, "M_GROUPQ": 5, "EP_POV150": 8.5, "MP_POV150": 3.7, "EP_UNEMP": 4.1, "MP_UNEMP": 2.8, "EP_HBURD": 13.4, "MP_HBURD": 5.5, "EP_NOHSDP": 10.3, "MP_NOHSDP": 5.8, "EP_UNINSUR": 4.4, "MP_UNINSUR": 2.6, "EP_AGE65": 16.6, "MP_AGE65": 3.1, "EP_AGE17": 20.8, "MP_AGE17": 5.5, "EP_DISABL": 8.4, "MP_DISABL": 3.4, "EP_SNGPNT": 3.5, "MP_SNGPNT": 2.5, "EP_LIMENG": 0.8, "MP_LIMENG": 1.3, "EP_MINRTY": 60.6, "MP_MINRTY": 14.3, "EP_MUNIT": 0.0, "MP_MUNIT": 1.0, "EP_MOBILE": 2.4, "MP_MOBILE": 3.4, "EP_CROWD": 0.0, "MP_CROWD": 1.0, "EP_NOVEH": 9.3, "MP_NOVEH": 9.9, "EP_GROUPQ": 0.8, "MP_GROUPQ": 0.1, "EPL_POV150": 0.0867, "EPL_UNEMP": 0.3627, "EPL_HBURD": 0.1433, "EPL_NOHSDP": 0.4627, "EPL_UNINSUR": 0.2317, "SPL_THEME1": 1.2871, "RPL_THEME1": 0.1133, "EPL_AGE65": 0.4362, "EPL_AGE17": 0.4461, "EPL_DISABL": 0.07, "EPL_SNGPNT": 0.265, "EPL_LIMENG": 0.3002, "SPL_THEME2": 1.5175, "RPL_THEME2": 0.07, "EPL_MINRTY": 0.4428, "SPL_THEME3": 0.4428, "RPL_THEME3": 0.4428, "EPL_MUNIT": 0.0, "EPL_MOBILE": 0.3261, "EPL_CROWD": 0.0, "EPL_NOVEH": 0.78, "EPL_GROUPQ": 0.6633, "SPL_THEME4": 1.7694, "RPL_THEME4": 0.285, "SPL_THEMES": 5.0168, "RPL_THEMES": 0.1083, "F_POV150": 0, "F_UNEMP": 0, "F_HBURD": 0, "F_NOHSDP": 0, "F_UNINSUR": 0, "F_THEME1": 0, "F_AGE65": 0, "F_AGE17": 0, "F_DISABL": 0, "F_SNGPNT": 0, "F_LIMENG": 0, "F_THEME2": 0, "F_MINRTY": 0, "F_THEME3": 0, "F_MUNIT": 0, "F_MOBILE": 0, "F_CROWD": 0, "F_NOVEH": 0, "F_GROUPQ": 0, "F_THEME4": 0, "F_TOTAL": 0, "E_DAYPOP": 3336, "E_NOINT": 264, "M_NOINT": 294, "E_AFAM": 366, "M_AFAM": 247, "E_HISP": 3347, "M_HISP": 1002, "E_ASIAN": 198, "M_ASIAN": 165, "E_AIAN": 0, "M_AIAN": 19, "E_NHPI": 0, "M_NHPI": 19, "E_TWOMORE": 192, "M_TWOMORE": 105, "E_OTHERRACE": 190, "M_OTHERRACE": 279, "EP_NOINT": 10.1, "MP_NOINT": 10.2, "EP_AFAM": 5.2, "MP_AFAM": 3.5, "EP_HISP": 47.2, "MP_HISP": 8.5, "EP_ASIAN": 2.8, "MP_ASIAN": 2.3, "EP_AIAN": 0.0, "MP_AIAN": 0.6, "EP_NHPI": 0.0, "MP_NHPI": 0.6, "EP_TWOMORE": 2.7, "MP_TWOMORE": 1.5, "EP_OTHERRACE": 2.7, "MP_OTHERRACE": 3.9, "Shape_Length": 0.090196389506281394, "Shape_Area": 0.00045445457450056433 }, "geometry": { "type": "MultiPolygon", "coordinates": [ [ [ [ -106.698055, 35.177907 ], [ -106.696563, 35.179173 ], [ -106.694905, 35.179486 ], [ -106.691302, 35.179613 ], [ -106.690705, 35.179687 ], [ -106.68961, 35.179823 ], [ -106.687747, 35.179882 ], [ -106.686033, 35.179949 ], [ -106.681359, 35.181277 ], [ -106.679625, 35.181466 ], [ -106.674698, 35.181283 ], [ -106.671596, 35.181899 ], [ -106.670022, 35.181698 ], [ -106.668193, 35.180995 ], [ -106.668062, 35.18094 ], [ -106.672741, 35.176058 ], [ -106.673581, 35.174402 ], [ -106.677279, 35.163058 ], [ -106.679057, 35.160035 ], [ -106.679262, 35.160034 ], [ -106.682355, 35.159994 ], [ -106.683479, 35.159878 ], [ -106.685691, 35.159902 ], [ -106.688102, 35.159847 ], [ -106.690952, 35.15866 ], [ -106.692325, 35.159064 ], [ -106.69279, 35.159429 ], [ -106.69559, 35.162924 ], [ -106.696511, 35.164891 ], [ -106.696238, 35.166939 ], [ -106.695252, 35.169418 ], [ -106.695502, 35.170958 ], [ -106.696522, 35.17305 ], [ -106.697449, 35.173304 ], [ -106.698461, 35.176086 ], [ -106.698055, 35.177907 ] ] ] ] } },
{ "type": "Feature", "properties": { "OBJECTID": 133, "ST": "35", "STATE": "New Mexico", "ST_ABBR": "NM", "STCNTY": "35001", "COUNTY": "Bernalillo County", "FIPS": "35001004724", "LOCATION": "Census Tract 47.24; Bernalillo County; New Mexico", "AREA_SQMI": 0.64854286533799999, "E_TOTPOP": 3269, "M_TOTPOP": 365, "E_HU": 1266, "M_HU": 176, "E_HH": 1210, "M_HH": 161, "E_POV150": 403, "M_POV150": 281, "E_UNEMP": 34, "M_UNEMP": 35, "E_HBURD": 257, "M_HBURD": 93, "E_NOHSDP": 143, "M_NOHSDP": 84, "E_UNINSUR": 274, "M_UNINSUR": 212, "E_AGE65": 708, "M_AGE65": 190, "E_AGE17": 725, "M_AGE17": 154, "E_DISABL": 285, "M_DISABL": 104, "E_SNGPNT": 42, "M_SNGPNT": 40, "E_LIMENG": 51, "M_LIMENG": 80, "E_MINRTY": 2115, "M_MINRTY": 450, "E_MUNIT": 0, "M_MUNIT": 18, "E_MOBILE": 0, "M_MOBILE": 13, "E_CROWD": 6, "M_CROWD": 16, "E_NOVEH": 20, "M_NOVEH": 22, "E_GROUPQ": 16, "M_GROUPQ": 4, "EP_POV150": 12.4, "MP_POV150": 8.5, "EP_UNEMP": 2.0, "MP_UNEMP": 2.0, "EP_HBURD": 21.2, "MP_HBURD": 7.1, "EP_NOHSDP": 6.2, "MP_NOHSDP": 3.4, "EP_UNINSUR": 8.4, "MP_UNINSUR": 6.1, "EP_AGE65": 21.7, "MP_AGE65": 5.0, "EP_AGE17": 22.2, "MP_AGE17": 4.1, "EP_DISABL": 8.8, "MP_DISABL": 3.0, "EP_SNGPNT": 3.5, "MP_SNGPNT": 3.3, "EP_LIMENG": 1.7, "MP_LIMENG": 2.6, "EP_MINRTY": 64.7, "MP_MINRTY": 11.7, "EP_MUNIT": 0.0, "MP_MUNIT": 1.4, "EP_MOBILE": 0.0, "MP_MOBILE": 3.1, "EP_CROWD": 0.5, "MP_CROWD": 1.3, "EP_NOVEH": 1.7, "MP_NOVEH": 1.8, "EP_GROUPQ": 0.5, "MP_GROUPQ": 0.1, "EPL_POV150": 0.15, "EPL_UNEMP": 0.1581, "EPL_HBURD": 0.4183, "EPL_NOHSDP": 0.2886, "EPL_UNINSUR": 0.52, "SPL_THEME1": 1.535, "RPL_THEME1": 0.185, "EPL_AGE65": 0.6915, "EPL_AGE17": 0.5141, "EPL_DISABL": 0.0767, "EPL_SNGPNT": 0.265, "EPL_LIMENG": 0.4677, "SPL_THEME2": 2.015, "RPL_THEME2": 0.2333, "EPL_MINRTY": 0.529, "SPL_THEME3": 0.529, "RPL_THEME3": 0.529, "EPL_MUNIT": 0.0, "EPL_MOBILE": 0.0, "EPL_CROWD": 0.2583, "EPL_NOVEH": 0.2767, "EPL_GROUPQ": 0.597, "SPL_THEME4": 1.132, "RPL_THEME4": 0.095, "SPL_THEMES": 5.211, "RPL_THEMES": 0.1383, "F_POV150": 0, "F_UNEMP": 0, "F_HBURD": 0, "F_NOHSDP": 0, "F_UNINSUR": 0, "F_THEME1": 0, "F_AGE65": 0, "F_AGE17": 0, "F_DISABL": 0, "F_SNGPNT": 0, "F_LIMENG": 0, "F_THEME2": 0, "F_MINRTY": 0, "F_THEME3": 0, "F_MUNIT": 0, "F_MOBILE": 0, "F_CROWD": 0, "F_NOVEH": 0, "F_GROUPQ": 0, "F_THEME4": 0, "F_TOTAL": 0, "E_DAYPOP": 2130, "E_NOINT": 62, "M_NOINT": 56, "E_AFAM": 12, "M_AFAM": 21, "E_HISP": 1839, "M_HISP": 323, "E_ASIAN": 147, "M_ASIAN": 137, "E_AIAN": 20, "M_AIAN": 28, "E_NHPI": 50, "M_NHPI": 67, "E_TWOMORE": 0, "M_TWOMORE": 13, "E_OTHERRACE": 47, "M_OTHERRACE": 44, "EP_NOINT": 5.1, "MP_NOINT": 4.6, "EP_AFAM": 0.4, "MP_AFAM": 0.6, "EP_HISP": 56.3, "MP_HISP": 7.4, "EP_ASIAN": 4.5, "MP_ASIAN": 4.2, "EP_AIAN": 0.6, "MP_AIAN": 0.9, "EP_NHPI": 1.5, "MP_NHPI": 2.0, "EP_TWOMORE": 0.0, "MP_TWOMORE": 1.2, "EP_OTHERRACE": 1.4, "MP_OTHERRACE": 1.4, "Shape_Length": 0.076631312890960257, "Shape_Area": 0.00016584401700019661 }, "geometry": { "type": "MultiPolygon", "coordinates": [ [ [ [ -106.718392, 35.159512 ], [ -106.714377, 35.158684 ], [ -106.713815, 35.161338 ], [ -106.71293, 35.162078 ], [ -106.712707, 35.164068 ], [ -106.711395, 35.166058 ], [ -106.709827, 35.166426 ], [ -106.709868, 35.168091 ], [ -106.706983, 35.169249 ], [ -106.705336, 35.169119 ], [ -106.704519, 35.166532 ], [ -106.70492, 35.165512 ], [ -106.704082, 35.165765 ], [ -106.702788, 35.167051 ], [ -106.703354, 35.171487 ], [ -106.702193, 35.172328 ], [ -106.698087, 35.172115 ], [ -106.697449, 35.173304 ], [ -106.696522, 35.17305 ], [ -106.695502, 35.170958 ], [ -106.695252, 35.169418 ], [ -106.696238, 35.166939 ], [ -106.696511, 35.164891 ], [ -106.69559, 35.162924 ], [ -106.699019, 35.161582 ], [ -106.703016, 35.161969 ], [ -106.703304, 35.161516 ], [ -106.704088, 35.160399 ], [ -106.705538, 35.160038 ], [ -106.707452, 35.159997 ], [ -106.710097, 35.157821 ], [ -106.710764, 35.15759 ], [ -106.71835, 35.157625 ], [ -106.718392, 35.159512 ] ] ] ] } },
{ "type": "Feature", "properties": { "OBJECTID": 134, "ST": "35", "STATE": "New Mexico", "ST_ABBR": "NM", "STCNTY": "35001", "COUNTY": "Bernalillo County", "FIPS": "35001004725", "LOCATION": "Census Tract 47.25; Bernalillo County; New Mexico", "AREA_SQMI": 0.70144694748000003, "E_TOTPOP": 3578, "M_TOTPOP": 550, "E_HU": 1582, "M_HU": 298, "E_HH": 1568, "M_HH": 297, "E_POV150": 610, "M_POV150": 492, "E_UNEMP": 122, "M_UNEMP": 103, "E_HBURD": 258, "M_HBURD": 131, "E_NOHSDP": 399, "M_NOHSDP": 365, "E_UNINSUR": 78, "M_UNINSUR": 66, "E_AGE65": 684, "M_AGE65": 227, "E_AGE17": 590, "M_AGE17": 129, "E_DISABL": 434, "M_DISABL": 292, "E_SNGPNT": 134, "M_SNGPNT": 108, "E_LIMENG": 157, "M_LIMENG": 125, "E_MINRTY": 2674, "M_MINRTY": 618, "E_MUNIT": 0, "M_MUNIT": 18, "E_MOBILE": 0, "M_MOBILE": 13, "E_CROWD": 38, "M_CROWD": 72, "E_NOVEH": 6, "M_NOVEH": 9, "E_GROUPQ": 49, "M_GROUPQ": 8, "EP_POV150": 17.2, "MP_POV150": 13.6, "EP_UNEMP": 6.3, "MP_UNEMP": 5.3, "EP_HBURD": 16.5, "MP_HBURD": 7.7, "EP_NOHSDP": 15.2, "MP_NOHSDP": 12.9, "EP_UNINSUR": 2.2, "MP_UNINSUR": 1.8, "EP_AGE65": 19.1, "MP_AGE65": 5.5, "EP_AGE17": 16.5, "MP_AGE17": 3.9, "EP_DISABL": 12.2, "MP_DISABL": 7.4, "EP_SNGPNT": 8.5, "MP_SNGPNT": 6.7, "EP_LIMENG": 4.4, "MP_LIMENG": 3.5, "EP_MINRTY": 74.7, "MP_MINRTY": 12.9, "EP_MUNIT": 0.0, "MP_MUNIT": 1.1, "EP_MOBILE": 0.0, "MP_MOBILE": 2.5, "EP_CROWD": 2.4, "MP_CROWD": 4.6, "EP_NOVEH": 0.4, "MP_NOVEH": 0.5, "EP_GROUPQ": 1.4, "MP_GROUPQ": 0.1, "EPL_POV150": 0.2433, "EPL_UNEMP": 0.5807, "EPL_HBURD": 0.2483, "EPL_NOHSDP": 0.6335, "EPL_UNINSUR": 0.0767, "SPL_THEME1": 1.7825, "RPL_THEME1": 0.2517, "EPL_AGE65": 0.5821, "EPL_AGE17": 0.2338, "EPL_DISABL": 0.2483, "EPL_SNGPNT": 0.6817, "EPL_LIMENG": 0.7363, "SPL_THEME2": 2.4822, "RPL_THEME2": 0.47, "EPL_MINRTY": 0.665, "SPL_THEME3": 0.665, "RPL_THEME3": 0.665, "EPL_MUNIT": 0.0, "EPL_MOBILE": 0.0, "EPL_CROWD": 0.5083, "EPL_NOVEH": 0.1083, "EPL_GROUPQ": 0.728, "SPL_THEME4": 1.3446, "RPL_THEME4": 0.1417, "SPL_THEMES": 6.2743, "RPL_THEMES": 0.26, "F_POV150": 0, "F_UNEMP": 0, "F_HBURD": 0, "F_NOHSDP": 0, "F_UNINSUR": 0, "F_THEME1": 0, "F_AGE65": 0, "F_AGE17": 0, "F_DISABL": 0, "F_SNGPNT": 0, "F_LIMENG": 0, "F_THEME2": 0, "F_MINRTY": 0, "F_THEME3": 0, "F_MUNIT": 0, "F_MOBILE": 0, "F_CROWD": 0, "F_NOVEH": 0, "F_GROUPQ": 0, "F_THEME4": 0, "F_TOTAL": 0, "E_DAYPOP": 2457, "E_NOINT": 163, "M_NOINT": 154, "E_AFAM": 1, "M_AFAM": 3, "E_HISP": 2569, "M_HISP": 582, "E_ASIAN": 53, "M_ASIAN": 68, "E_AIAN": 1, "M_AIAN": 4, "E_NHPI": 0, "M_NHPI": 13, "E_TWOMORE": 39, "M_TWOMORE": 38, "E_OTHERRACE": 11, "M_OTHERRACE": 17, "EP_NOINT": 10.4, "MP_NOINT": 10.4, "EP_AFAM": 0.0, "MP_AFAM": 0.1, "EP_HISP": 71.8, "MP_HISP": 8.8, "EP_ASIAN": 1.5, "MP_ASIAN": 1.9, "EP_AIAN": 0.0, "MP_AIAN": 0.1, "EP_NHPI": 0.0, "MP_NHPI": 1.1, "EP_TWOMORE": 1.1, "MP_TWOMORE": 1.1, "EP_OTHERRACE": 0.3, "MP_OTHERRACE": 0.5, "Shape_Length": 0.067336344969682882, "Shape_Area": 0.00018156474499999098 }, "geometry": { "type": "MultiPolygon", "coordinates": [ [ [ [ -106.719166, 35.15763 ], [ -106.71835, 35.157625 ], [ -106.710764, 35.15759 ], [ -106.710097, 35.157821 ], [ -106.707452, 35.159997 ], [ -106.705538, 35.160038 ], [ -106.704088, 35.160399 ], [ -106.703304, 35.161516 ], [ -106.703016, 35.161969 ], [ -106.699019, 35.161582 ], [ -106.69559, 35.162924 ], [ -106.69279, 35.159429 ], [ -106.692325, 35.159064 ], [ -106.692868, 35.157576 ], [ -106.694192, 35.15573 ], [ -106.694287, 35.15514 ], [ -106.693773, 35.15254 ], [ -106.696738, 35.152542 ], [ -106.698279, 35.152537 ], [ -106.70188, 35.152519 ], [ -106.705548, 35.15284 ], [ -106.710033, 35.152852 ], [ -106.715517, 35.152772 ], [ -106.717294, 35.152168 ], [ -106.719021, 35.15477 ], [ -106.719166, 35.15763 ] ] ] ] } },
{ "type": "Feature", "properties": { "OBJECTID": 135, "ST": "35", "STATE": "New Mexico", "ST_ABBR": "NM", "STCNTY": "35001", "COUNTY": "Bernalillo County", "FIPS": "35001004726", "LOCATION": "Census Tract 47.26; Bernalillo County; New Mexico", "AREA_SQMI": 0.43910569645800002, "E_TOTPOP": 2111, "M_TOTPOP": 415, "E_HU": 1126, "M_HU": 242, "E_HH": 998, "M_HH": 230, "E_POV150": 206, "M_POV150": 104, "E_UNEMP": 24, "M_UNEMP": 22, "E_HBURD": 157, "M_HBURD": 71, "E_NOHSDP": 78, "M_NOHSDP": 71, "E_UNINSUR": 213, "M_UNINSUR": 107, "E_AGE65": 290, "M_AGE65": 61, "E_AGE17": 409, "M_AGE17": 129, "E_DISABL": 241, "M_DISABL": 71, "E_SNGPNT": 60, "M_SNGPNT": 43, "E_LIMENG": 31, "M_LIMENG": 64, "E_MINRTY": 1421, "M_MINRTY": 423, "E_MUNIT": 0, "M_MUNIT": 18, "E_MOBILE": 0, "M_MOBILE": 13, "E_CROWD": 0, "M_CROWD": 18, "E_NOVEH": 4, "M_NOVEH": 6, "E_GROUPQ": 0, "M_GROUPQ": 13, "EP_POV150": 9.8, "MP_POV150": 4.6, "EP_UNEMP": 2.1, "MP_UNEMP": 1.9, "EP_HBURD": 15.7, "MP_HBURD": 6.1, "EP_NOHSDP": 4.9, "MP_NOHSDP": 4.3, "EP_UNINSUR": 10.3, "MP_UNINSUR": 5.0, "EP_AGE65": 13.7, "MP_AGE65": 3.4, "EP_AGE17": 19.4, "MP_AGE17": 4.4, "EP_DISABL": 11.6, "MP_DISABL": 4.1, "EP_SNGPNT": 6.0, "MP_SNGPNT": 4.1, "EP_LIMENG": 1.5, "MP_LIMENG": 3.1, "EP_MINRTY": 67.3, "MP_MINRTY": 15.0, "EP_MUNIT": 0.0, "MP_MUNIT": 1.6, "EP_MOBILE": 0.0, "MP_MOBILE": 3.5, "EP_CROWD": 0.0, "MP_CROWD": 1.8, "EP_NOVEH": 0.4, "MP_NOVEH": 0.7, "EP_GROUPQ": 0.0, "MP_GROUPQ": 0.6, "EPL_POV150": 0.11, "EPL_UNEMP": 0.1714, "EPL_HBURD": 0.2233, "EPL_NOHSDP": 0.2355, "EPL_UNINSUR": 0.6217, "SPL_THEME1": 1.3619, "RPL_THEME1": 0.1383, "EPL_AGE65": 0.2736, "EPL_AGE17": 0.3682, "EPL_DISABL": 0.2167, "EPL_SNGPNT": 0.4967, "EPL_LIMENG": 0.4411, "SPL_THEME2": 1.7963, "RPL_THEME2": 0.155, "EPL_MINRTY": 0.5804, "SPL_THEME3": 0.5804, "RPL_THEME3": 0.5804, "EPL_MUNIT": 0.0, "EPL_MOBILE": 0.0, "EPL_CROWD": 0.0, "EPL_NOVEH": 0.1083, "EPL_GROUPQ": 0.0, "SPL_THEME4": 0.1083, "RPL_THEME4": 0.0033, "SPL_THEMES": 3.8469, "RPL_THEMES": 0.04, "F_POV150": 0, "F_UNEMP": 0, "F_HBURD": 0, "F_NOHSDP": 0, "F_UNINSUR": 0, "F_THEME1": 0, "F_AGE65": 0, "F_AGE17": 0, "F_DISABL": 0, "F_SNGPNT": 0, "F_LIMENG": 0, "F_THEME2": 0, "F_MINRTY": 0, "F_THEME3": 0, "F_MUNIT": 0, "F_MOBILE": 0, "F_CROWD": 0, "F_NOVEH": 0, "F_GROUPQ": 0, "F_THEME4": 0, "F_TOTAL": 0, "E_DAYPOP": 653, "E_NOINT": 44, "M_NOINT": 47, "E_AFAM": 54, "M_AFAM": 48, "E_HISP": 1241, "M_HISP": 401, "E_ASIAN": 63, "M_ASIAN": 93, "E_AIAN": 30, "M_AIAN": 33, "E_NHPI": 0, "M_NHPI": 13, "E_TWOMORE": 33, "M_TWOMORE": 30, "E_OTHERRACE": 0, "M_OTHERRACE": 13, "EP_NOINT": 4.4, "MP_NOINT": 5.0, "EP_AFAM": 2.6, "MP_AFAM": 2.3, "EP_HISP": 58.8, "MP_HISP": 8.6, "EP_ASIAN": 3.0, "MP_ASIAN": 4.3, "EP_AIAN": 1.4, "MP_AIAN": 1.6, "EP_NHPI": 0.0, "MP_NHPI": 1.9, "EP_TWOMORE": 1.6, "MP_TWOMORE": 1.4, "EP_OTHERRACE": 0.0, "MP_OTHERRACE": 1.9, "Shape_Length": 0.058215041075849974, "Shape_Area": 0.00011164306850006826 }, "geometry": { "type": "MultiPolygon", "coordinates": [ [ [ [ -106.725612, 35.145778 ], [ -106.722398, 35.146921 ], [ -106.723538, 35.148977 ], [ -106.722526, 35.152485 ], [ -106.719104, 35.151743 ], [ -106.718487, 35.152167 ], [ -106.721673, 35.155743 ], [ -106.719648, 35.156556 ], [ -106.719166, 35.15763 ], [ -106.719021, 35.15477 ], [ -106.717294, 35.152168 ], [ -106.712762, 35.145359 ], [ -106.71055, 35.142189 ], [ -106.713887, 35.140888 ], [ -106.71627, 35.140865 ], [ -106.718161, 35.14178 ], [ -106.719592, 35.140535 ], [ -106.720456, 35.141992 ], [ -106.724738, 35.14399 ], [ -106.725612, 35.145778 ] ] ] ] } },
{ "type": "Feature", "properties": { "OBJECTID": 136, "ST": "35", "STATE": "New Mexico", "ST_ABBR": "NM", "STCNTY": "35001", "COUNTY": "Bernalillo County", "FIPS": "35001004727", "LOCATION": "Census Tract 47.27; Bernalillo County; New Mexico", "AREA_SQMI": 0.36671890739599999, "E_TOTPOP": 1979, "M_TOTPOP": 415, "E_HU": 738, "M_HU": 74, "E_HH": 710, "M_HH": 80, "E_POV150": 502, "M_POV150": 413, "E_UNEMP": 11, "M_UNEMP": 13, "E_HBURD": 215, "M_HBURD": 96, "E_NOHSDP": 43, "M_NOHSDP": 32, "E_UNINSUR": 131, "M_UNINSUR": 98, "E_AGE65": 414, "M_AGE65": 93, "E_AGE17": 407, "M_AGE17": 139, "E_DISABL": 344, "M_DISABL": 86, "E_SNGPNT": 59, "M_SNGPNT": 36, "E_LIMENG": 49, "M_LIMENG": 62, "E_MINRTY": 1363, "M_MINRTY": 441, "E_MUNIT": 0, "M_MUNIT": 18, "E_MOBILE": 0, "M_MOBILE": 13, "E_CROWD": 10, "M_CROWD": 19, "E_NOVEH": 20, "M_NOVEH": 20, "E_GROUPQ": 14, "M_GROUPQ": 3, "EP_POV150": 25.4, "MP_POV150": 20.2, "EP_UNEMP": 1.2, "MP_UNEMP": 1.5, "EP_HBURD": 30.3, "MP_HBURD": 13.1, "EP_NOHSDP": 3.0, "MP_NOHSDP": 2.4, "EP_UNINSUR": 6.6, "MP_UNINSUR": 4.3, "EP_AGE65": 20.9, "MP_AGE65": 4.3, "EP_AGE17": 20.6, "MP_AGE17": 3.5, "EP_DISABL": 17.4, "MP_DISABL": 5.7, "EP_SNGPNT": 8.3, "MP_SNGPNT": 5.0, "EP_LIMENG": 2.6, "MP_LIMENG": 3.3, "EP_MINRTY": 68.9, "MP_MINRTY": 17.0, "EP_MUNIT": 0.0, "MP_MUNIT": 2.4, "EP_MOBILE": 0.0, "MP_MOBILE": 5.3, "EP_CROWD": 1.4, "MP_CROWD": 2.7, "EP_NOVEH": 2.8, "MP_NOVEH": 2.8, "EP_GROUPQ": 0.7, "MP_GROUPQ": 0.0, "EPL_POV150": 0.4083, "EPL_UNEMP": 0.0865, "EPL_HBURD": 0.6967, "EPL_NOHSDP": 0.1294, "EPL_UNINSUR": 0.3983, "SPL_THEME1": 1.7192, "RPL_THEME1": 0.235, "EPL_AGE65": 0.6633, "EPL_AGE17": 0.4262, "EPL_DISABL": 0.5833, "EPL_SNGPNT": 0.6717, "EPL_LIMENG": 0.592, "SPL_THEME2": 2.9365, "RPL_THEME2": 0.7883, "EPL_MINRTY": 0.6036, "SPL_THEME3": 0.6036, "RPL_THEME3": 0.6036, "EPL_MUNIT": 0.0, "EPL_MOBILE": 0.0, "EPL_CROWD": 0.39, "EPL_NOVEH": 0.3983, "EPL_GROUPQ": 0.6385, "SPL_THEME4": 1.4268, "RPL_THEME4": 0.16, "SPL_THEMES": 6.6861, "RPL_THEMES": 0.32, "F_POV150": 0, "F_UNEMP": 0, "F_HBURD": 0, "F_NOHSDP": 0, "F_UNINSUR": 0, "F_THEME1": 0, "F_AGE65": 0, "F_AGE17": 0, "F_DISABL": 0, "F_SNGPNT": 0, "F_LIMENG": 0, "F_THEME2": 0, "F_MINRTY": 0, "F_THEME3": 0, "F_MUNIT": 0, "F_MOBILE": 0, "F_CROWD": 0, "F_NOVEH": 0, "F_GROUPQ": 0, "F_THEME4": 0, "F_TOTAL": 0, "E_DAYPOP": 707, "E_NOINT": 78, "M_NOINT": 55, "E_AFAM": 21, "M_AFAM": 27, "E_HISP": 996, "M_HISP": 165, "E_ASIAN": 0, "M_ASIAN": 13, "E_AIAN": 308, "M_AIAN": 396, "E_NHPI": 0, "M_NHPI": 13, "E_TWOMORE": 38, "M_TWOMORE": 39, "E_OTHERRACE": 0, "M_OTHERRACE": 13, "EP_NOINT": 11.0, "MP_NOINT": 7.5, "EP_AFAM": 1.1, "MP_AFAM": 1.4, "EP_HISP": 50.3, "MP_HISP": 12.5, "EP_ASIAN": 0.0, "MP_ASIAN": 2.0, "EP_AIAN": 15.6, "MP_AIAN": 17.5, "EP_NHPI": 0.0, "MP_NHPI": 2.0, "EP_TWOMORE": 1.9, "MP_TWOMORE": 2.0, "EP_OTHERRACE": 0.0, "MP_OTHERRACE": 2.0, "Shape_Length": 0.045152566821976679, "Shape_Area": 9.5779579999809918e-05 }, "geometry": { "type": "MultiPolygon", "coordinates": [ [ [ [ -106.715517, 35.152772 ], [ -106.710033, 35.152852 ], [ -106.705548, 35.15284 ], [ -106.70188, 35.152519 ], [ -106.698279, 35.152537 ], [ -106.704841, 35.146648 ], [ -106.70492, 35.145468 ], [ -106.709337, 35.145476 ], [ -106.709996, 35.14546 ], [ -106.712762, 35.145359 ], [ -106.717294, 35.152168 ], [ -106.715517, 35.152772 ] ] ] ] } },
{ "type": "Feature", "properties": { "OBJECTID": 137, "ST": "35", "STATE": "New Mexico", "ST_ABBR": "NM", "STCNTY": "35001", "COUNTY": "Bernalillo County", "FIPS": "35001004728", "LOCATION": "Census Tract 47.28; Bernalillo County; New Mexico", "AREA_SQMI": 1.018046340358, "E_TOTPOP": 5103, "M_TOTPOP": 798, "E_HU": 2074, "M_HU": 287, "E_HH": 2074, "M_HH": 287, "E_POV150": 1027, "M_POV150": 495, "E_UNEMP": 78, "M_UNEMP": 93, "E_HBURD": 369, "M_HBURD": 181, "E_NOHSDP": 129, "M_NOHSDP": 103, "E_UNINSUR": 288, "M_UNINSUR": 253, "E_AGE65": 1535, "M_AGE65": 386, "E_AGE17": 668, "M_AGE17": 217, "E_DISABL": 543, "M_DISABL": 194, "E_SNGPNT": 110, "M_SNGPNT": 120, "E_LIMENG": 149, "M_LIMENG": 142, "E_MINRTY": 2922, "M_MINRTY": 1133, "E_MUNIT": 0, "M_MUNIT": 26, "E_MOBILE": 0, "M_MOBILE": 19, "E_CROWD": 33, "M_CROWD": 50, "E_NOVEH": 50, "M_NOVEH": 55, "E_GROUPQ": 33, "M_GROUPQ": 6, "EP_POV150": 20.2, "MP_POV150": 9.2, "EP_UNEMP": 3.2, "MP_UNEMP": 4.0, "EP_HBURD": 17.8, "MP_HBURD": 8.4, "EP_NOHSDP": 3.2, "MP_NOHSDP": 2.6, "EP_UNINSUR": 5.7, "MP_UNINSUR": 4.9, "EP_AGE65": 30.1, "MP_AGE65": 6.1, "EP_AGE17": 13.1, "MP_AGE17": 3.9, "EP_DISABL": 10.7, "MP_DISABL": 4.2, "EP_SNGPNT": 5.3, "MP_SNGPNT": 5.7, "EP_LIMENG": 3.1, "MP_LIMENG": 2.9, "EP_MINRTY": 57.3, "MP_MINRTY": 20.3, "EP_MUNIT": 0.0, "MP_MUNIT": 1.3, "EP_MOBILE": 0.0, "MP_MOBILE": 1.9, "EP_CROWD": 1.6, "MP_CROWD": 2.4, "EP_NOVEH": 2.4, "MP_NOVEH": 2.7, "EP_GROUPQ": 0.6, "MP_GROUPQ": 0.1, "EPL_POV150": 0.2933, "EPL_UNEMP": 0.2895, "EPL_HBURD": 0.2933, "EPL_NOHSDP": 0.141, "EPL_UNINSUR": 0.3067, "SPL_THEME1": 1.3238, "RPL_THEME1": 0.1217, "EPL_AGE65": 0.8806, "EPL_AGE17": 0.1393, "EPL_DISABL": 0.1617, "EPL_SNGPNT": 0.4267, "EPL_LIMENG": 0.6551, "SPL_THEME2": 2.2634, "RPL_THEME2": 0.3483, "EPL_MINRTY": 0.3798, "SPL_THEME3": 0.3798, "RPL_THEME3": 0.3798, "EPL_MUNIT": 0.0, "EPL_MOBILE": 0.0, "EPL_CROWD": 0.4183, "EPL_NOVEH": 0.345, "EPL_GROUPQ": 0.6219, "SPL_THEME4": 1.3852, "RPL_THEME4": 0.15, "SPL_THEMES": 5.3522, "RPL_THEMES": 0.1533, "F_POV150": 0, "F_UNEMP": 0, "F_HBURD": 0, "F_NOHSDP": 0, "F_UNINSUR": 0, "F_THEME1": 0, "F_AGE65": 0, "F_AGE17": 0, "F_DISABL": 0, "F_SNGPNT": 0, "F_LIMENG": 0, "F_THEME2": 0, "F_MINRTY": 0, "F_THEME3": 0, "F_MUNIT": 0, "F_MOBILE": 0, "F_CROWD": 0, "F_NOVEH": 0, "F_GROUPQ": 0, "F_THEME4": 0, "F_TOTAL": 0, "E_DAYPOP": 2348, "E_NOINT": 86, "M_NOINT": 80, "E_AFAM": 143, "M_AFAM": 159, "E_HISP": 2404, "M_HISP": 522, "E_ASIAN": 0, "M_ASIAN": 19, "E_AIAN": 268, "M_AIAN": 189, "E_NHPI": 0, "M_NHPI": 19, "E_TWOMORE": 107, "M_TWOMORE": 84, "E_OTHERRACE": 0, "M_OTHERRACE": 19, "EP_NOINT": 4.1, "MP_NOINT": 3.8, "EP_AFAM": 2.8, "MP_AFAM": 3.1, "EP_HISP": 47.1, "MP_HISP": 10.5, "EP_ASIAN": 0.0, "MP_ASIAN": 0.8, "EP_AIAN": 5.3, "MP_AIAN": 3.7, "EP_NHPI": 0.0, "MP_NHPI": 0.8, "EP_TWOMORE": 2.1, "MP_TWOMORE": 1.6, "EP_OTHERRACE": 0.0, "MP_OTHERRACE": 0.8, "Shape_Length": 0.083528852034906703, "Shape_Area": 0.00026025569700008485 }, "geometry": { "type": "MultiPolygon", "coordinates": [ [ [ [ -106.712762, 35.145359 ], [ -106.709996, 35.14546 ], [ -106.709337, 35.145476 ], [ -106.70492, 35.145468 ], [ -106.704841, 35.146648 ], [ -106.698279, 35.152537 ], [ -106.696738, 35.152542 ], [ -106.693773, 35.15254 ], [ -106.691837, 35.152214 ], [ -106.689606, 35.151357 ], [ -106.686313, 35.149696 ], [ -106.686094, 35.149584 ], [ -106.68769, 35.148229 ], [ -106.692623, 35.145024 ], [ -106.698601, 35.140906 ], [ -106.700196, 35.138892 ], [ -106.701371, 35.135817 ], [ -106.701532, 35.128021 ], [ -106.704259, 35.128044 ], [ -106.706544, 35.127696 ], [ -106.708435, 35.13483 ], [ -106.709243, 35.137965 ], [ -106.7093, 35.138385 ], [ -106.709917, 35.14117 ], [ -106.71055, 35.142189 ], [ -106.712762, 35.145359 ] ] ] ] } },
{ "type": "Feature", "properties": { "OBJECTID": 138, "ST": "35", "STATE": "New Mexico", "ST_ABBR": "NM", "STCNTY": "35001", "COUNTY": "Bernalillo County", "FIPS": "35001004729", "LOCATION": "Census Tract 47.29; Bernalillo County; New Mexico", "AREA_SQMI": 1.7861734893400001, "E_TOTPOP": 3938, "M_TOTPOP": 543, "E_HU": 2004, "M_HU": 187, "E_HH": 1821, "M_HH": 219, "E_POV150": 788, "M_POV150": 434, "E_UNEMP": 201, "M_UNEMP": 177, "E_HBURD": 439, "M_HBURD": 166, "E_NOHSDP": 121, "M_NOHSDP": 66, "E_UNINSUR": 237, "M_UNINSUR": 190, "E_AGE65": 1143, "M_AGE65": 279, "E_AGE17": 619, "M_AGE17": 294, "E_DISABL": 406, "M_DISABL": 215, "E_SNGPNT": 148, "M_SNGPNT": 106, "E_LIMENG": 31, "M_LIMENG": 58, "E_MINRTY": 2292, "M_MINRTY": 706, "E_MUNIT": 141, "M_MUNIT": 83, "E_MOBILE": 0, "M_MOBILE": 13, "E_CROWD": 0, "M_CROWD": 18, "E_NOVEH": 87, "M_NOVEH": 68, "E_GROUPQ": 120, "M_GROUPQ": 17, "EP_POV150": 20.6, "MP_POV150": 11.0, "EP_UNEMP": 10.9, "MP_UNEMP": 8.6, "EP_HBURD": 24.1, "MP_HBURD": 8.6, "EP_NOHSDP": 3.9, "MP_NOHSDP": 2.1, "EP_UNINSUR": 6.2, "MP_UNINSUR": 4.5, "EP_AGE65": 29.0, "MP_AGE65": 6.2, "EP_AGE17": 15.7, "MP_AGE17": 6.9, "EP_DISABL": 10.7, "MP_DISABL": 5.3, "EP_SNGPNT": 8.1, "MP_SNGPNT": 5.7, "EP_LIMENG": 0.8, "MP_LIMENG": 1.5, "EP_MINRTY": 58.2, "MP_MINRTY": 16.0, "EP_MUNIT": 7.0, "MP_MUNIT": 4.1, "EP_MOBILE": 0.0, "MP_MOBILE": 2.0, "EP_CROWD": 0.0, "MP_CROWD": 1.0, "EP_NOVEH": 4.8, "MP_NOVEH": 3.6, "EP_GROUPQ": 3.0, "MP_GROUPQ": 0.1, "EPL_POV150": 0.2983, "EPL_UNEMP": 0.8087, "EPL_HBURD": 0.51, "EPL_NOHSDP": 0.1824, "EPL_UNINSUR": 0.37, "SPL_THEME1": 2.1694, "RPL_THEME1": 0.38, "EPL_AGE65": 0.864, "EPL_AGE17": 0.2139, "EPL_DISABL": 0.1617, "EPL_SNGPNT": 0.66, "EPL_LIMENG": 0.3002, "SPL_THEME2": 2.1998, "RPL_THEME2": 0.305, "EPL_MINRTY": 0.398, "SPL_THEME3": 0.398, "RPL_THEME3": 0.398, "EPL_MUNIT": 0.7654, "EPL_MOBILE": 0.0, "EPL_CROWD": 0.0, "EPL_NOVEH": 0.565, "EPL_GROUPQ": 0.8458, "SPL_THEME4": 2.1762, "RPL_THEME4": 0.4483, "SPL_THEMES": 6.9434, "RPL_THEMES": 0.3517, "F_POV150": 0, "F_UNEMP": 0, "F_HBURD": 0, "F_NOHSDP": 0, "F_UNINSUR": 0, "F_THEME1": 0, "F_AGE65": 0, "F_AGE17": 0, "F_DISABL": 0, "F_SNGPNT": 0, "F_LIMENG": 0, "F_THEME2": 0, "F_MINRTY": 0, "F_THEME3": 0, "F_MUNIT": 0, "F_MOBILE": 0, "F_CROWD": 0, "F_NOVEH": 0, "F_GROUPQ": 0, "F_THEME4": 0, "F_TOTAL": 0, "E_DAYPOP": 5133, "E_NOINT": 164, "M_NOINT": 141, "E_AFAM": 92, "M_AFAM": 78, "E_HISP": 1966, "M_HISP": 409, "E_ASIAN": 61, "M_ASIAN": 73, "E_AIAN": 149, "M_AIAN": 71, "E_NHPI": 0, "M_NHPI": 13, "E_TWOMORE": 1, "M_TWOMORE": 2, "E_OTHERRACE": 23, "M_OTHERRACE": 37, "EP_NOINT": 9.0, "MP_NOINT": 7.3, "EP_AFAM": 2.3, "MP_AFAM": 2.0, "EP_HISP": 49.9, "MP_HISP": 8.4, "EP_ASIAN": 1.5, "MP_ASIAN": 1.8, "EP_AIAN": 3.8, "MP_AIAN": 1.8, "EP_NHPI": 0.0, "MP_NHPI": 1.0, "EP_TWOMORE": 0.0, "MP_TWOMORE": 0.1, "EP_OTHERRACE": 0.6, "MP_OTHERRACE": 0.9, "Shape_Length": 0.11559348829259136, "Shape_Area": 0.00049736539150033827 }, "geometry": { "type": "MultiPolygon", "coordinates": [ [ [ [ -106.702094, 35.11244 ], [ -106.701584, 35.115364 ], [ -106.701531, 35.11837 ], [ -106.701531, 35.121323 ], [ -106.701532, 35.128021 ], [ -106.701371, 35.135817 ], [ -106.700196, 35.138892 ], [ -106.698601, 35.140906 ], [ -106.692623, 35.145024 ], [ -106.68769, 35.148229 ], [ -106.686094, 35.149584 ], [ -106.683187, 35.148132 ], [ -106.682552, 35.147786 ], [ -106.678431, 35.145765 ], [ -106.683582, 35.138544 ], [ -106.688053, 35.133961 ], [ -106.689882, 35.130944 ], [ -106.691182, 35.125844 ], [ -106.690925, 35.122119 ], [ -106.691709, 35.119717 ], [ -106.692271, 35.118677 ], [ -106.692345, 35.11821 ], [ -106.692664, 35.116199 ], [ -106.691053, 35.109561 ], [ -106.692242, 35.106708 ], [ -106.692339, 35.106509 ], [ -106.694467, 35.106685 ], [ -106.701334, 35.107107 ], [ -106.704393, 35.106636 ], [ -106.702094, 35.11244 ] ] ] ] } },
{ "type": "Feature", "properties": { "OBJECTID": 139, "ST": "35", "STATE": "New Mexico", "ST_ABBR": "NM", "STCNTY": "35001", "COUNTY": "Bernalillo County", "FIPS": "35001004733", "LOCATION": "Census Tract 47.33; Bernalillo County; New Mexico", "AREA_SQMI": 0.9499460557, "E_TOTPOP": 6810, "M_TOTPOP": 1088, "E_HU": 2420, "M_HU": 356, "E_HH": 2368, "M_HH": 371, "E_POV150": 2037, "M_POV150": 764, "E_UNEMP": 265, "M_UNEMP": 185, "E_HBURD": 954, "M_HBURD": 407, "E_NOHSDP": 870, "M_NOHSDP": 282, "E_UNINSUR": 793, "M_UNINSUR": 362, "E_AGE65": 451, "M_AGE65": 151, "E_AGE17": 1652, "M_AGE17": 501, "E_DISABL": 890, "M_DISABL": 307, "E_SNGPNT": 234, "M_SNGPNT": 167, "E_LIMENG": 634, "M_LIMENG": 321, "E_MINRTY": 6009, "M_MINRTY": 1158, "E_MUNIT": 0, "M_MUNIT": 26, "E_MOBILE": 42, "M_MOBILE": 67, "E_CROWD": 102, "M_CROWD": 83, "E_NOVEH": 149, "M_NOVEH": 115, "E_GROUPQ": 0, "M_GROUPQ": 19, "EP_POV150": 30.3, "MP_POV150": 10.2, "EP_UNEMP": 6.8, "MP_UNEMP": 4.2, "EP_HBURD": 40.3, "MP_HBURD": 16.0, "EP_NOHSDP": 20.2, "MP_NOHSDP": 6.1, "EP_UNINSUR": 11.6, "MP_UNINSUR": 4.6, "EP_AGE65": 6.6, "MP_AGE65": 2.5, "EP_AGE17": 24.3, "MP_AGE17": 5.1, "EP_DISABL": 13.1, "MP_DISABL": 4.9, "EP_SNGPNT": 9.9, "MP_SNGPNT": 6.9, "EP_LIMENG": 9.7, "MP_LIMENG": 4.6, "EP_MINRTY": 88.2, "MP_MINRTY": 9.5, "EP_MUNIT": 0.0, "MP_MUNIT": 1.1, "EP_MOBILE": 1.7, "MP_MOBILE": 2.8, "EP_CROWD": 4.3, "MP_CROWD": 3.4, "EP_NOVEH": 6.3, "MP_NOVEH": 5.0, "EP_GROUPQ": 0.0, "MP_GROUPQ": 0.3, "EPL_POV150": 0.53, "EPL_UNEMP": 0.6339, "EPL_HBURD": 0.8933, "EPL_NOHSDP": 0.7645, "EPL_UNINSUR": 0.675, "SPL_THEME1": 3.4967, "RPL_THEME1": 0.8217, "EPL_AGE65": 0.0531, "EPL_AGE17": 0.6235, "EPL_DISABL": 0.31, "EPL_SNGPNT": 0.7667, "EPL_LIMENG": 0.8939, "SPL_THEME2": 2.6472, "RPL_THEME2": 0.58, "EPL_MINRTY": 0.8292, "SPL_THEME3": 0.8292, "RPL_THEME3": 0.8292, "EPL_MUNIT": 0.0, "EPL_MOBILE": 0.2995, "EPL_CROWD": 0.6917, "EPL_NOVEH": 0.6467, "EPL_GROUPQ": 0.0, "SPL_THEME4": 1.6379, "RPL_THEME4": 0.235, "SPL_THEMES": 8.611, "RPL_THEMES": 0.6383, "F_POV150": 0, "F_UNEMP": 0, "F_HBURD": 0, "F_NOHSDP": 0, "F_UNINSUR": 0, "F_THEME1": 0, "F_AGE65": 0, "F_AGE17": 0, "F_DISABL": 0, "F_SNGPNT": 0, "F_LIMENG": 0, "F_THEME2": 0, "F_MINRTY": 0, "F_THEME3": 0, "F_MUNIT": 0, "F_MOBILE": 0, "F_CROWD": 0, "F_NOVEH": 0, "F_GROUPQ": 0, "F_THEME4": 0, "F_TOTAL": 0, "E_DAYPOP": 4233, "E_NOINT": 202, "M_NOINT": 151, "E_AFAM": 184, "M_AFAM": 287, "E_HISP": 5825, "M_HISP": 1115, "E_ASIAN": 0, "M_ASIAN": 19, "E_AIAN": 0, "M_AIAN": 19, "E_NHPI": 0, "M_NHPI": 19, "E_TWOMORE": 0, "M_TWOMORE": 19, "E_OTHERRACE": 0, "M_OTHERRACE": 19, "EP_NOINT": 8.5, "MP_NOINT": 6.2, "EP_AFAM": 2.7, "MP_AFAM": 4.1, "EP_HISP": 85.5, "MP_HISP": 6.5, "EP_ASIAN": 0.0, "MP_ASIAN": 0.6, "EP_AIAN": 0.0, "MP_AIAN": 0.6, "EP_NHPI": 0.0, "MP_NHPI": 0.6, "EP_TWOMORE": 0.0, "MP_TWOMORE": 0.6, "EP_OTHERRACE": 0.0, "MP_OTHERRACE": 0.6, "Shape_Length": 0.064906967083280073, "Shape_Area": 0.00024347149950010365 }, "geometry": { "type": "MultiPolygon", "coordinates": [ [ [ [ -106.740553, 35.055691 ], [ -106.737358, 35.056809 ], [ -106.729583, 35.057488 ], [ -106.728142, 35.057605 ], [ -106.726782, 35.057715 ], [ -106.726053, 35.057774 ], [ -106.725911, 35.057786 ], [ -106.72527, 35.057846 ], [ -106.724537, 35.057916 ], [ -106.722539, 35.058105 ], [ -106.72206, 35.054698 ], [ -106.722092, 35.053124 ], [ -106.722642, 35.05104 ], [ -106.723365, 35.049673 ], [ -106.726337, 35.044295 ], [ -106.726187, 35.044183 ], [ -106.727261, 35.041089 ], [ -106.72772, 35.038503 ], [ -106.728004, 35.038535 ], [ -106.73246, 35.038979 ], [ -106.732954, 35.039036 ], [ -106.735426, 35.043449 ], [ -106.735286, 35.043465 ], [ -106.735373, 35.043632 ], [ -106.737328, 35.043331 ], [ -106.737328, 35.04665 ], [ -106.737372, 35.047489 ], [ -106.738099, 35.048886 ], [ -106.739956, 35.052242 ], [ -106.740553, 35.055691 ] ] ] ] } },
{ "type": "Feature", "properties": { "OBJECTID": 140, "ST": "35", "STATE": "New Mexico", "ST_ABBR": "NM", "STCNTY": "35001", "COUNTY": "Bernalillo County", "FIPS": "35001004734", "LOCATION": "Census Tract 47.34; Bernalillo County; New Mexico", "AREA_SQMI": 0.63153005291200004, "E_TOTPOP": 6873, "M_TOTPOP": 1349, "E_HU": 2310, "M_HU": 277, "E_HH": 2232, "M_HH": 304, "E_POV150": 1849, "M_POV150": 586, "E_UNEMP": 182, "M_UNEMP": 112, "E_HBURD": 809, "M_HBURD": 229, "E_NOHSDP": 1268, "M_NOHSDP": 401, "E_UNINSUR": 1835, "M_UNINSUR": 587, "E_AGE65": 545, "M_AGE65": 189, "E_AGE17": 1908, "M_AGE17": 561, "E_DISABL": 781, "M_DISABL": 238, "E_SNGPNT": 214, "M_SNGPNT": 118, "E_LIMENG": 1104, "M_LIMENG": 360, "E_MINRTY": 6554, "M_MINRTY": 1361, "E_MUNIT": 0, "M_MUNIT": 26, "E_MOBILE": 688, "M_MOBILE": 153, "E_CROWD": 178, "M_CROWD": 96, "E_NOVEH": 29, "M_NOVEH": 35, "E_GROUPQ": 5, "M_GROUPQ": 7, "EP_POV150": 26.9, "MP_POV150": 6.7, "EP_UNEMP": 4.9, "MP_UNEMP": 3.3, "EP_HBURD": 36.2, "MP_HBURD": 9.0, "EP_NOHSDP": 31.4, "MP_NOHSDP": 7.9, "EP_UNINSUR": 26.8, "MP_UNINSUR": 6.1, "EP_AGE65": 7.9, "MP_AGE65": 3.0, "EP_AGE17": 27.8, "MP_AGE17": 4.0, "EP_DISABL": 11.4, "MP_DISABL": 4.0, "EP_SNGPNT": 9.6, "MP_SNGPNT": 5.1, "EP_LIMENG": 16.9, "MP_LIMENG": 4.3, "EP_MINRTY": 95.4, "MP_MINRTY": 6.4, "EP_MUNIT": 0.0, "MP_MUNIT": 1.1, "EP_MOBILE": 29.8, "MP_MOBILE": 6.3, "EP_CROWD": 8.0, "MP_CROWD": 4.2, "EP_NOVEH": 1.3, "MP_NOVEH": 1.5, "EP_GROUPQ": 0.1, "MP_GROUPQ": 0.1, "EPL_POV150": 0.4483, "EPL_UNEMP": 0.4476, "EPL_HBURD": 0.82, "EPL_NOHSDP": 0.9254, "EPL_UNINSUR": 0.9717, "SPL_THEME1": 3.613, "RPL_THEME1": 0.8567, "EPL_AGE65": 0.0829, "EPL_AGE17": 0.8176, "EPL_DISABL": 0.205, "EPL_SNGPNT": 0.7417, "EPL_LIMENG": 0.9635, "SPL_THEME2": 2.8107, "RPL_THEME2": 0.6983, "EPL_MINRTY": 0.9287, "SPL_THEME3": 0.9287, "RPL_THEME3": 0.9287, "EPL_MUNIT": 0.0, "EPL_MOBILE": 0.7255, "EPL_CROWD": 0.8533, "EPL_NOVEH": 0.215, "EPL_GROUPQ": 0.4312, "SPL_THEME4": 2.225, "RPL_THEME4": 0.48, "SPL_THEMES": 9.5774, "RPL_THEMES": 0.7767, "F_POV150": 0, "F_UNEMP": 0, "F_HBURD": 0, "F_NOHSDP": 1, "F_UNINSUR": 1, "F_THEME1": 2, "F_AGE65": 0, "F_AGE17": 0, "F_DISABL": 0, "F_SNGPNT": 0, "F_LIMENG": 1, "F_THEME2": 1, "F_MINRTY": 1, "F_THEME3": 1, "F_MUNIT": 0, "F_MOBILE": 0, "F_CROWD": 0, "F_NOVEH": 0, "F_GROUPQ": 0, "F_THEME4": 0, "F_TOTAL": 4, "E_DAYPOP": 2021, "E_NOINT": 219, "M_NOINT": 99, "E_AFAM": 80, "M_AFAM": 56, "E_HISP": 6321, "M_HISP": 1372, "E_ASIAN": 0, "M_ASIAN": 19, "E_AIAN": 128, "M_AIAN": 76, "E_NHPI": 0, "M_NHPI": 19, "E_TWOMORE": 25, "M_TWOMORE": 42, "E_OTHERRACE": 0, "M_OTHERRACE": 19, "EP_NOINT": 9.8, "MP_NOINT": 4.5, "EP_AFAM": 1.2, "MP_AFAM": 0.8, "EP_HISP": 92.0, "MP_HISP": 3.1, "EP_ASIAN": 0.0, "MP_ASIAN": 0.6, "EP_AIAN": 1.9, "MP_AIAN": 1.2, "EP_NHPI": 0.0, "MP_NHPI": 0.6, "EP_TWOMORE": 0.4, "MP_TWOMORE": 0.6, "EP_OTHERRACE": 0.0, "MP_OTHERRACE": 0.6, "Shape_Length": 0.061515141649738883, "Shape_Area": 0.00016149420699978061 }, "geometry": { "type": "MultiPolygon", "coordinates": [ [ [ [ -106.72772, 35.038503 ], [ -106.727261, 35.041089 ], [ -106.726187, 35.044183 ], [ -106.726337, 35.044295 ], [ -106.723365, 35.049673 ], [ -106.722642, 35.05104 ], [ -106.722092, 35.053124 ], [ -106.72206, 35.054698 ], [ -106.722539, 35.058105 ], [ -106.720961, 35.058261 ], [ -106.720293, 35.058268 ], [ -106.715159, 35.058738 ], [ -106.712514, 35.059348 ], [ -106.715637, 35.052347 ], [ -106.717546, 35.044214 ], [ -106.717695, 35.04392 ], [ -106.720516, 35.037687 ], [ -106.723301, 35.037976 ], [ -106.723623, 35.038008 ], [ -106.727566, 35.038486 ], [ -106.72772, 35.038503 ] ] ] ] } },
{ "type": "Feature", "properties": { "OBJECTID": 141, "ST": "35", "STATE": "New Mexico", "ST_ABBR": "NM", "STCNTY": "35001", "COUNTY": "Bernalillo County", "FIPS": "35001004735", "LOCATION": "Census Tract 47.35; Bernalillo County; New Mexico", "AREA_SQMI": 0.74170966404000005, "E_TOTPOP": 1873, "M_TOTPOP": 481, "E_HU": 649, "M_HU": 65, "E_HH": 572, "M_HH": 85, "E_POV150": 844, "M_POV150": 296, "E_UNEMP": 52, "M_UNEMP": 52, "E_HBURD": 134, "M_HBURD": 64, "E_NOHSDP": 303, "M_NOHSDP": 141, "E_UNINSUR": 595, "M_UNINSUR": 276, "E_AGE65": 122, "M_AGE65": 69, "E_AGE17": 657, "M_AGE17": 274, "E_DISABL": 203, "M_DISABL": 84, "E_SNGPNT": 50, "M_SNGPNT": 38, "E_LIMENG": 352, "M_LIMENG": 167, "E_MINRTY": 1716, "M_MINRTY": 492, "E_MUNIT": 0, "M_MUNIT": 18, "E_MOBILE": 256, "M_MOBILE": 75, "E_CROWD": 56, "M_CROWD": 52, "E_NOVEH": 19, "M_NOVEH": 13, "E_GROUPQ": 0, "M_GROUPQ": 13, "EP_POV150": 45.1, "MP_POV150": 10.8, "EP_UNEMP": 7.0, "MP_UNEMP": 5.7, "EP_HBURD": 23.4, "MP_HBURD": 10.6, "EP_NOHSDP": 28.7, "MP_NOHSDP": 12.1, "EP_UNINSUR": 31.8, "MP_UNINSUR": 12.5, "EP_AGE65": 6.5, "MP_AGE65": 3.7, "EP_AGE17": 35.1, "MP_AGE17": 7.2, "EP_DISABL": 10.9, "MP_DISABL": 5.0, "EP_SNGPNT": 8.7, "MP_SNGPNT": 6.5, "EP_LIMENG": 19.7, "MP_LIMENG": 7.9, "EP_MINRTY": 91.6, "MP_MINRTY": 11.7, "EP_MUNIT": 0.0, "MP_MUNIT": 2.8, "EP_MOBILE": 39.4, "MP_MOBILE": 10.1, "EP_CROWD": 9.7, "MP_CROWD": 9.0, "EP_NOVEH": 3.3, "MP_NOVEH": 2.4, "EP_GROUPQ": 0.0, "MP_GROUPQ": 0.7, "EPL_POV150": 0.815, "EPL_UNEMP": 0.6456, "EPL_HBURD": 0.4867, "EPL_NOHSDP": 0.9005, "EPL_UNINSUR": 0.9883, "SPL_THEME1": 3.8361, "RPL_THEME1": 0.9283, "EPL_AGE65": 0.0514, "EPL_AGE17": 0.9635, "EPL_DISABL": 0.1717, "EPL_SNGPNT": 0.6867, "EPL_LIMENG": 0.9718, "SPL_THEME2": 2.8451, "RPL_THEME2": 0.73, "EPL_MINRTY": 0.8706, "SPL_THEME3": 0.8706, "RPL_THEME3": 0.8706, "EPL_MUNIT": 0.0, "EPL_MOBILE": 0.8486, "EPL_CROWD": 0.8833, "EPL_NOVEH": 0.46, "EPL_GROUPQ": 0.0, "SPL_THEME4": 2.1919, "RPL_THEME4": 0.4583, "SPL_THEMES": 9.7437, "RPL_THEMES": 0.8033, "F_POV150": 0, "F_UNEMP": 0, "F_HBURD": 0, "F_NOHSDP": 1, "F_UNINSUR": 1, "F_THEME1": 2, "F_AGE65": 0, "F_AGE17": 1, "F_DISABL": 0, "F_SNGPNT": 0, "F_LIMENG": 1, "F_THEME2": 2, "F_MINRTY": 0, "F_THEME3": 0, "F_MUNIT": 0, "F_MOBILE": 0, "F_CROWD": 0, "F_NOVEH": 0, "F_GROUPQ": 0, "F_THEME4": 0, "F_TOTAL": 4, "E_DAYPOP": 1406, "E_NOINT": 78, "M_NOINT": 53, "E_AFAM": 28, "M_AFAM": 46, "E_HISP": 1596, "M_HISP": 459, "E_ASIAN": 5, "M_ASIAN": 10, "E_AIAN": 34, "M_AIAN": 40, "E_NHPI": 0, "M_NHPI": 13, "E_TWOMORE": 4, "M_TWOMORE": 6, "E_OTHERRACE": 49, "M_OTHERRACE": 72, "EP_NOINT": 13.6, "MP_NOINT": 9.8, "EP_AFAM": 1.5, "MP_AFAM": 2.4, "EP_HISP": 85.2, "MP_HISP": 8.3, "EP_ASIAN": 0.3, "MP_ASIAN": 0.5, "EP_AIAN": 1.8, "MP_AIAN": 2.2, "EP_NHPI": 0.0, "MP_NHPI": 2.1, "EP_TWOMORE": 0.2, "MP_TWOMORE": 0.3, "EP_OTHERRACE": 2.6, "MP_OTHERRACE": 3.9, "Shape_Length": 0.066911810097595364, "Shape_Area": 0.00019008993250005412 }, "geometry": { "type": "MultiPolygon", "coordinates": [ [ [ [ -106.720516, 35.037687 ], [ -106.717695, 35.04392 ], [ -106.717546, 35.044214 ], [ -106.715637, 35.052347 ], [ -106.712514, 35.059348 ], [ -106.71111, 35.059651 ], [ -106.708995, 35.060083 ], [ -106.708032, 35.060291 ], [ -106.703506, 35.061238 ], [ -106.706005, 35.054783 ], [ -106.707343, 35.05143 ], [ -106.70912, 35.046534 ], [ -106.709557, 35.045379 ], [ -106.712359, 35.036519 ], [ -106.716401, 35.037284 ], [ -106.718476, 35.037488 ], [ -106.720516, 35.037687 ] ] ] ] } },
{ "type": "Feature", "properties": { "OBJECTID": 142, "ST": "35", "STATE": "New Mexico", "ST_ABBR": "NM", "STCNTY": "35001", "COUNTY": "Bernalillo County", "FIPS": "35001004736", "LOCATION": "Census Tract 47.36; Bernalillo County; New Mexico", "AREA_SQMI": 4.9402955538239999, "E_TOTPOP": 1452, "M_TOTPOP": 267, "E_HU": 471, "M_HU": 86, "E_HH": 457, "M_HH": 88, "E_POV150": 789, "M_POV150": 280, "E_UNEMP": 30, "M_UNEMP": 35, "E_HBURD": 181, "M_HBURD": 85, "E_NOHSDP": 320, "M_NOHSDP": 110, "E_UNINSUR": 645, "M_UNINSUR": 250, "E_AGE65": 63, "M_AGE65": 54, "E_AGE17": 415, "M_AGE17": 149, "E_DISABL": 148, "M_DISABL": 78, "E_SNGPNT": 29, "M_SNGPNT": 43, "E_LIMENG": 314, "M_LIMENG": 186, "E_MINRTY": 1350, "M_MINRTY": 282, "E_MUNIT": 0, "M_MUNIT": 18, "E_MOBILE": 416, "M_MOBILE": 87, "E_CROWD": 11, "M_CROWD": 20, "E_NOVEH": 0, "M_NOVEH": 13, "E_GROUPQ": 0, "M_GROUPQ": 13, "EP_POV150": 54.3, "MP_POV150": 16.5, "EP_UNEMP": 4.1, "MP_UNEMP": 4.9, "EP_HBURD": 39.6, "MP_HBURD": 17.0, "EP_NOHSDP": 36.0, "MP_NOHSDP": 11.7, "EP_UNINSUR": 44.4, "MP_UNINSUR": 12.7, "EP_AGE65": 4.3, "MP_AGE65": 3.4, "EP_AGE17": 28.6, "MP_AGE17": 7.4, "EP_DISABL": 10.2, "MP_DISABL": 5.8, "EP_SNGPNT": 6.3, "MP_SNGPNT": 9.3, "EP_LIMENG": 23.8, "MP_LIMENG": 13.3, "EP_MINRTY": 93.0, "MP_MINRTY": 9.2, "EP_MUNIT": 0.0, "MP_MUNIT": 3.8, "EP_MOBILE": 88.3, "MP_MOBILE": 8.5, "EP_CROWD": 2.4, "MP_CROWD": 4.4, "EP_NOVEH": 0.0, "MP_NOVEH": 8.4, "EP_GROUPQ": 0.0, "MP_GROUPQ": 0.9, "EPL_POV150": 0.9267, "EPL_UNEMP": 0.3627, "EPL_HBURD": 0.885, "EPL_NOHSDP": 0.9602, "EPL_UNINSUR": 0.995, "SPL_THEME1": 4.1296, "RPL_THEME1": 0.97, "EPL_AGE65": 0.0166, "EPL_AGE17": 0.8408, "EPL_DISABL": 0.135, "EPL_SNGPNT": 0.5267, "EPL_LIMENG": 0.9834, "SPL_THEME2": 2.5025, "RPL_THEME2": 0.48, "EPL_MINRTY": 0.8889, "SPL_THEME3": 0.8889, "RPL_THEME3": 0.8889, "EPL_MUNIT": 0.0, "EPL_MOBILE": 0.9933, "EPL_CROWD": 0.5083, "EPL_NOVEH": 0.0, "EPL_GROUPQ": 0.0, "SPL_THEME4": 1.5016, "RPL_THEME4": 0.185, "SPL_THEMES": 9.0226, "RPL_THEMES": 0.7, "F_POV150": 1, "F_UNEMP": 0, "F_HBURD": 0, "F_NOHSDP": 1, "F_UNINSUR": 1, "F_THEME1": 3, "F_AGE65": 0, "F_AGE17": 0, "F_DISABL": 0, "F_SNGPNT": 0, "F_LIMENG": 1, "F_THEME2": 1, "F_MINRTY": 0, "F_THEME3": 0, "F_MUNIT": 0, "F_MOBILE": 1, "F_CROWD": 0, "F_NOVEH": 0, "F_GROUPQ": 0, "F_THEME4": 1, "F_TOTAL": 5, "E_DAYPOP": 1565, "E_NOINT": 42, "M_NOINT": 34, "E_AFAM": 0, "M_AFAM": 13, "E_HISP": 1297, "M_HISP": 310, "E_ASIAN": 0, "M_ASIAN": 13, "E_AIAN": 53, "M_AIAN": 73, "E_NHPI": 0, "M_NHPI": 13, "E_TWOMORE": 0, "M_TWOMORE": 13, "E_OTHERRACE": 0, "M_OTHERRACE": 13, "EP_NOINT": 9.2, "MP_NOINT": 7.4, "EP_AFAM": 0.0, "MP_AFAM": 2.7, "EP_HISP": 89.3, "MP_HISP": 8.9, "EP_ASIAN": 0.0, "MP_ASIAN": 2.7, "EP_AIAN": 3.7, "MP_AIAN": 5.1, "EP_NHPI": 0.0, "MP_NHPI": 2.7, "EP_TWOMORE": 0.0, "MP_TWOMORE": 2.7, "EP_OTHERRACE": 0.0, "MP_OTHERRACE": 2.7, "Shape_Length": 0.14788226623854644, "Shape_Area": 0.0012840755550006912 }, "geometry": { "type": "MultiPolygon", "coordinates": [ [ [ [ -106.793075, 35.024259 ], [ -106.787521, 35.052294 ], [ -106.786633, 35.054369 ], [ -106.785756, 35.060209 ], [ -106.786595, 35.06312 ], [ -106.786022, 35.063006 ], [ -106.783408, 35.06335 ], [ -106.764708, 35.067581 ], [ -106.762832, 35.062068 ], [ -106.761442, 35.0605 ], [ -106.760935, 35.058502 ], [ -106.760265, 35.055877 ], [ -106.760144, 35.0554 ], [ -106.757248, 35.044319 ], [ -106.7572, 35.043822 ], [ -106.756278, 35.039955 ], [ -106.755514, 35.03694 ], [ -106.753865, 35.030499 ], [ -106.752392, 35.024515 ], [ -106.753094, 35.024501 ], [ -106.758708, 35.024583 ], [ -106.768577, 35.024398 ], [ -106.792079, 35.02425 ], [ -106.793075, 35.024259 ] ] ] ] } },
{ "type": "Feature", "properties": { "OBJECTID": 143, "ST": "35", "STATE": "New Mexico", "ST_ABBR": "NM", "STCNTY": "35001", "COUNTY": "Bernalillo County", "FIPS": "35001004737", "LOCATION": "Census Tract 47.37; Bernalillo County; New Mexico", "AREA_SQMI": 1.0362583855959999, "E_TOTPOP": 9052, "M_TOTPOP": 953, "E_HU": 2910, "M_HU": 334, "E_HH": 2845, "M_HH": 341, "E_POV150": 2363, "M_POV150": 1005, "E_UNEMP": 186, "M_UNEMP": 141, "E_HBURD": 898, "M_HBURD": 336, "E_NOHSDP": 367, "M_NOHSDP": 137, "E_UNINSUR": 424, "M_UNINSUR": 337, "E_AGE65": 269, "M_AGE65": 80, "E_AGE17": 3170, "M_AGE17": 612, "E_DISABL": 755, "M_DISABL": 292, "E_SNGPNT": 567, "M_SNGPNT": 228, "E_LIMENG": 184, "M_LIMENG": 146, "E_MINRTY": 7229, "M_MINRTY": 1179, "E_MUNIT": 0, "M_MUNIT": 26, "E_MOBILE": 47, "M_MOBILE": 63, "E_CROWD": 141, "M_CROWD": 112, "E_NOVEH": 0, "M_NOVEH": 19, "E_GROUPQ": 0, "M_GROUPQ": 19, "EP_POV150": 26.2, "MP_POV150": 10.8, "EP_UNEMP": 4.3, "MP_UNEMP": 3.2, "EP_HBURD": 31.6, "MP_HBURD": 11.2, "EP_NOHSDP": 7.7, "MP_NOHSDP": 2.7, "EP_UNINSUR": 4.7, "MP_UNINSUR": 3.8, "EP_AGE65": 3.0, "MP_AGE65": 1.0, "EP_AGE17": 35.0, "MP_AGE17": 4.2, "EP_DISABL": 8.4, "MP_DISABL": 3.1, "EP_SNGPNT": 20.0, "MP_SNGPNT": 7.6, "EP_LIMENG": 2.2, "MP_LIMENG": 1.8, "EP_MINRTY": 79.9, "MP_MINRTY": 9.9, "EP_MUNIT": 0.0, "MP_MUNIT": 0.9, "EP_MOBILE": 1.6, "MP_MOBILE": 2.1, "EP_CROWD": 4.9, "MP_CROWD": 3.9, "EP_NOVEH": 0.0, "MP_NOVEH": 1.4, "EP_GROUPQ": 0.0, "MP_GROUPQ": 0.2, "EPL_POV150": 0.4317, "EPL_UNEMP": 0.381, "EPL_HBURD": 0.7333, "EPL_NOHSDP": 0.3466, "EPL_UNINSUR": 0.245, "SPL_THEME1": 2.1376, "RPL_THEME1": 0.3733, "EPL_AGE65": 0.0116, "EPL_AGE17": 0.9602, "EPL_DISABL": 0.07, "EPL_SNGPNT": 0.975, "EPL_LIMENG": 0.5456, "SPL_THEME2": 2.5624, "RPL_THEME2": 0.525, "EPL_MINRTY": 0.738, "SPL_THEME3": 0.738, "RPL_THEME3": 0.738, "EPL_MUNIT": 0.0, "EPL_MOBILE": 0.2912, "EPL_CROWD": 0.7367, "EPL_NOVEH": 0.0, "EPL_GROUPQ": 0.0, "SPL_THEME4": 1.0279, "RPL_THEME4": 0.085, "SPL_THEMES": 6.4659, "RPL_THEMES": 0.2867, "F_POV150": 0, "F_UNEMP": 0, "F_HBURD": 0, "F_NOHSDP": 0, "F_UNINSUR": 0, "F_THEME1": 0, "F_AGE65": 0, "F_AGE17": 1, "F_DISABL": 0, "F_SNGPNT": 1, "F_LIMENG": 0, "F_THEME2": 2, "F_MINRTY": 0, "F_THEME3": 0, "F_MUNIT": 0, "F_MOBILE": 0, "F_CROWD": 0, "F_NOVEH": 0, "F_GROUPQ": 0, "F_THEME4": 0, "F_TOTAL": 2, "E_DAYPOP": 2444, "E_NOINT": 70, "M_NOINT": 55, "E_AFAM": 282, "M_AFAM": 199, "E_HISP": 6031, "M_HISP": 961, "E_ASIAN": 224, "M_ASIAN": 314, "E_AIAN": 370, "M_AIAN": 257, "E_NHPI": 0, "M_NHPI": 19, "E_TWOMORE": 307, "M_TWOMORE": 199, "E_OTHERRACE": 15, "M_OTHERRACE": 27, "EP_NOINT": 2.5, "MP_NOINT": 2.0, "EP_AFAM": 3.1, "MP_AFAM": 2.3, "EP_HISP": 66.6, "MP_HISP": 7.9, "EP_ASIAN": 2.5, "MP_ASIAN": 3.6, "EP_AIAN": 4.1, "MP_AIAN": 2.8, "EP_NHPI": 0.0, "MP_NHPI": 0.4, "EP_TWOMORE": 3.4, "MP_TWOMORE": 2.2, "EP_OTHERRACE": 0.2, "MP_OTHERRACE": 0.3, "Shape_Length": 0.066752925292838342, "Shape_Area": 0.00026540894199982593 }, "geometry": { "type": "MultiPolygon", "coordinates": [ [ [ [ -106.756278, 35.039955 ], [ -106.755312, 35.040314 ], [ -106.737328, 35.043331 ], [ -106.737292, 35.038783 ], [ -106.738475, 35.03584 ], [ -106.739996, 35.032488 ], [ -106.739927, 35.031948 ], [ -106.740188, 35.029856 ], [ -106.740125, 35.024613 ], [ -106.740467, 35.0246 ], [ -106.74437, 35.024539 ], [ -106.745145, 35.024551 ], [ -106.746168, 35.024575 ], [ -106.752074, 35.024525 ], [ -106.752392, 35.024515 ], [ -106.753865, 35.030499 ], [ -106.755514, 35.03694 ], [ -106.756278, 35.039955 ] ] ] ] } },
{ "type": "Feature", "properties": { "OBJECTID": 144, "ST": "35", "STATE": "New Mexico", "ST_ABBR": "NM", "STCNTY": "35001", "COUNTY": "Bernalillo County", "FIPS": "35001004738", "LOCATION": "Census Tract 47.38; Bernalillo County; New Mexico", "AREA_SQMI": 1.4017552801619999, "E_TOTPOP": 6354, "M_TOTPOP": 740, "E_HU": 2447, "M_HU": 321, "E_HH": 2343, "M_HH": 330, "E_POV150": 2462, "M_POV150": 746, "E_UNEMP": 343, "M_UNEMP": 203, "E_HBURD": 533, "M_HBURD": 197, "E_NOHSDP": 691, "M_NOHSDP": 223, "E_UNINSUR": 1331, "M_UNINSUR": 411, "E_AGE65": 378, "M_AGE65": 183, "E_AGE17": 1562, "M_AGE17": 327, "E_DISABL": 742, "M_DISABL": 301, "E_SNGPNT": 231, "M_SNGPNT": 120, "E_LIMENG": 462, "M_LIMENG": 203, "E_MINRTY": 5738, "M_MINRTY": 759, "E_MUNIT": 133, "M_MUNIT": 97, "E_MOBILE": 549, "M_MOBILE": 275, "E_CROWD": 74, "M_CROWD": 67, "E_NOVEH": 49, "M_NOVEH": 46, "E_GROUPQ": 0, "M_GROUPQ": 19, "EP_POV150": 38.7, "MP_POV150": 10.8, "EP_UNEMP": 9.8, "MP_UNEMP": 5.1, "EP_HBURD": 22.7, "MP_HBURD": 7.8, "EP_NOHSDP": 17.6, "MP_NOHSDP": 5.6, "EP_UNINSUR": 21.1, "MP_UNINSUR": 5.9, "EP_AGE65": 5.9, "MP_AGE65": 2.8, "EP_AGE17": 24.6, "MP_AGE17": 4.0, "EP_DISABL": 11.8, "MP_DISABL": 4.5, "EP_SNGPNT": 9.9, "MP_SNGPNT": 4.9, "EP_LIMENG": 7.7, "MP_LIMENG": 3.2, "EP_MINRTY": 90.3, "MP_MINRTY": 5.7, "EP_MUNIT": 5.4, "MP_MUNIT": 3.9, "EP_MOBILE": 22.4, "MP_MOBILE": 9.2, "EP_CROWD": 3.2, "MP_CROWD": 2.8, "EP_NOVEH": 2.1, "MP_NOVEH": 2.0, "EP_GROUPQ": 0.0, "MP_GROUPQ": 0.3, "EPL_POV150": 0.7067, "EPL_UNEMP": 0.7554, "EPL_HBURD": 0.4633, "EPL_NOHSDP": 0.6949, "EPL_UNINSUR": 0.9217, "SPL_THEME1": 3.542, "RPL_THEME1": 0.835, "EPL_AGE65": 0.0415, "EPL_AGE17": 0.6468, "EPL_DISABL": 0.23, "EPL_SNGPNT": 0.7667, "EPL_LIMENG": 0.8574, "SPL_THEME2": 2.5424, "RPL_THEME2": 0.5067, "EPL_MINRTY": 0.8574, "SPL_THEME3": 0.8574, "RPL_THEME3": 0.8574, "EPL_MUNIT": 0.7121, "EPL_MOBILE": 0.6339, "EPL_CROWD": 0.6033, "EPL_NOVEH": 0.3133, "EPL_GROUPQ": 0.0, "SPL_THEME4": 2.2626, "RPL_THEME4": 0.4867, "SPL_THEMES": 9.2044, "RPL_THEMES": 0.735, "F_POV150": 0, "F_UNEMP": 0, "F_HBURD": 0, "F_NOHSDP": 0, "F_UNINSUR": 1, "F_THEME1": 1, "F_AGE65": 0, "F_AGE17": 0, "F_DISABL": 0, "F_SNGPNT": 0, "F_LIMENG": 0, "F_THEME2": 0, "F_MINRTY": 0, "F_THEME3": 0, "F_MUNIT": 0, "F_MOBILE": 0, "F_CROWD": 0, "F_NOVEH": 0, "F_GROUPQ": 0, "F_THEME4": 0, "F_TOTAL": 1, "E_DAYPOP": 3686, "E_NOINT": 522, "M_NOINT": 313, "E_AFAM": 270, "M_AFAM": 196, "E_HISP": 5174, "M_HISP": 714, "E_ASIAN": 96, "M_ASIAN": 103, "E_AIAN": 11, "M_AIAN": 17, "E_NHPI": 0, "M_NHPI": 19, "E_TWOMORE": 187, "M_TWOMORE": 154, "E_OTHERRACE": 0, "M_OTHERRACE": 19, "EP_NOINT": 22.3, "MP_NOINT": 11.1, "EP_AFAM": 4.2, "MP_AFAM": 3.0, "EP_HISP": 81.4, "MP_HISP": 4.9, "EP_ASIAN": 1.5, "MP_ASIAN": 1.6, "EP_AIAN": 0.2, "MP_AIAN": 0.3, "EP_NHPI": 0.0, "MP_NHPI": 0.6, "EP_TWOMORE": 2.9, "MP_TWOMORE": 2.4, "EP_OTHERRACE": 0.0, "MP_OTHERRACE": 0.6, "Shape_Length": 0.083439057577963396, "Shape_Area": 0.00035882336650024858 }, "geometry": { "type": "MultiPolygon", "coordinates": [ [ [ [ -106.740188, 35.029856 ], [ -106.739927, 35.031948 ], [ -106.739996, 35.032488 ], [ -106.738475, 35.03584 ], [ -106.737292, 35.038783 ], [ -106.737328, 35.043331 ], [ -106.735373, 35.043632 ], [ -106.735286, 35.043465 ], [ -106.735426, 35.043449 ], [ -106.732954, 35.039036 ], [ -106.73246, 35.038979 ], [ -106.728004, 35.038535 ], [ -106.72772, 35.038503 ], [ -106.727566, 35.038486 ], [ -106.723623, 35.038008 ], [ -106.723301, 35.037976 ], [ -106.720516, 35.037687 ], [ -106.718476, 35.037488 ], [ -106.716401, 35.037284 ], [ -106.712359, 35.036519 ], [ -106.713731, 35.029308 ], [ -106.713836, 35.028399 ], [ -106.714125, 35.027929 ], [ -106.714214, 35.027059 ], [ -106.715697, 35.02659 ], [ -106.719774, 35.024896 ], [ -106.721015, 35.024714 ], [ -106.727371, 35.024641 ], [ -106.727437, 35.024642 ], [ -106.740125, 35.024613 ], [ -106.740188, 35.029856 ] ] ] ] } },
{ "type": "Feature", "properties": { "OBJECTID": 145, "ST": "35", "STATE": "New Mexico", "ST_ABBR": "NM", "STCNTY": "35001", "COUNTY": "Bernalillo County", "FIPS": "35001004739", "LOCATION": "Census Tract 47.39; Bernalillo County; New Mexico", "AREA_SQMI": 0.7817793296, "E_TOTPOP": 7000, "M_TOTPOP": 1432, "E_HU": 2289, "M_HU": 373, "E_HH": 2222, "M_HH": 372, "E_POV150": 2263, "M_POV150": 793, "E_UNEMP": 179, "M_UNEMP": 163, "E_HBURD": 943, "M_HBURD": 383, "E_NOHSDP": 933, "M_NOHSDP": 350, "E_UNINSUR": 868, "M_UNINSUR": 367, "E_AGE65": 588, "M_AGE65": 215, "E_AGE17": 2204, "M_AGE17": 461, "E_DISABL": 1063, "M_DISABL": 514, "E_SNGPNT": 317, "M_SNGPNT": 150, "E_LIMENG": 598, "M_LIMENG": 353, "E_MINRTY": 6507, "M_MINRTY": 1447, "E_MUNIT": 0, "M_MUNIT": 26, "E_MOBILE": 329, "M_MOBILE": 133, "E_CROWD": 88, "M_CROWD": 91, "E_NOVEH": 20, "M_NOVEH": 33, "E_GROUPQ": 0, "M_GROUPQ": 19, "EP_POV150": 32.4, "MP_POV150": 9.2, "EP_UNEMP": 5.5, "MP_UNEMP": 5.0, "EP_HBURD": 42.4, "MP_HBURD": 15.7, "EP_NOHSDP": 23.7, "MP_NOHSDP": 9.6, "EP_UNINSUR": 12.4, "MP_UNINSUR": 6.1, "EP_AGE65": 8.4, "MP_AGE65": 3.5, "EP_AGE17": 31.5, "MP_AGE17": 4.2, "EP_DISABL": 15.2, "MP_DISABL": 5.3, "EP_SNGPNT": 14.3, "MP_SNGPNT": 6.3, "EP_LIMENG": 9.2, "MP_LIMENG": 5.1, "EP_MINRTY": 93.0, "MP_MINRTY": 8.1, "EP_MUNIT": 0.0, "MP_MUNIT": 1.1, "EP_MOBILE": 14.4, "MP_MOBILE": 6.2, "EP_CROWD": 3.9, "MP_CROWD": 4.0, "EP_NOVEH": 0.9, "MP_NOVEH": 1.5, "EP_GROUPQ": 0.0, "MP_GROUPQ": 0.3, "EPL_POV150": 0.5667, "EPL_UNEMP": 0.4992, "EPL_HBURD": 0.92, "EPL_NOHSDP": 0.8325, "EPL_UNINSUR": 0.7133, "SPL_THEME1": 3.5317, "RPL_THEME1": 0.8317, "EPL_AGE65": 0.0995, "EPL_AGE17": 0.9071, "EPL_DISABL": 0.4533, "EPL_SNGPNT": 0.9083, "EPL_LIMENG": 0.8856, "SPL_THEME2": 3.2538, "RPL_THEME2": 0.92, "EPL_MINRTY": 0.8889, "SPL_THEME3": 0.8889, "RPL_THEME3": 0.8889, "EPL_MUNIT": 0.0, "EPL_MOBILE": 0.5291, "EPL_CROWD": 0.6733, "EPL_NOVEH": 0.1633, "EPL_GROUPQ": 0.0, "SPL_THEME4": 1.3657, "RPL_THEME4": 0.145, "SPL_THEMES": 9.0401, "RPL_THEMES": 0.705, "F_POV150": 0, "F_UNEMP": 0, "F_HBURD": 1, "F_NOHSDP": 0, "F_UNINSUR": 0, "F_THEME1": 1, "F_AGE65": 0, "F_AGE17": 1, "F_DISABL": 0, "F_SNGPNT": 1, "F_LIMENG": 0, "F_THEME2": 2, "F_MINRTY": 0, "F_THEME3": 0, "F_MUNIT": 0, "F_MOBILE": 0, "F_CROWD": 0, "F_NOVEH": 0, "F_GROUPQ": 0, "F_THEME4": 0, "F_TOTAL": 3, "E_DAYPOP": 3703, "E_NOINT": 162, "M_NOINT": 71, "E_AFAM": 77, "M_AFAM": 72, "E_HISP": 6043, "M_HISP": 1334, "E_ASIAN": 44, "M_ASIAN": 73, "E_AIAN": 112, "M_AIAN": 107, "E_NHPI": 0, "M_NHPI": 19, "E_TWOMORE": 231, "M_TWOMORE": 184, "E_OTHERRACE": 0, "M_OTHERRACE": 19, "EP_NOINT": 7.3, "MP_NOINT": 3.5, "EP_AFAM": 1.1, "MP_AFAM": 1.0, "EP_HISP": 86.3, "MP_HISP": 3.6, "EP_ASIAN": 0.6, "MP_ASIAN": 1.1, "EP_AIAN": 1.6, "MP_AIAN": 1.6, "EP_NHPI": 0.0, "MP_NHPI": 0.6, "EP_TWOMORE": 3.3, "MP_TWOMORE": 2.8, "EP_OTHERRACE": 0.0, "MP_OTHERRACE": 0.6, "Shape_Length": 0.06015713255736263, "Shape_Area": 0.00019997277850013448 }, "geometry": { "type": "MultiPolygon", "coordinates": [ [ [ [ -106.742726, 35.072724 ], [ -106.737863, 35.073799 ], [ -106.729975, 35.075572 ], [ -106.729816, 35.074733 ], [ -106.73113, 35.070238 ], [ -106.730424, 35.063741 ], [ -106.729583, 35.057488 ], [ -106.737358, 35.056809 ], [ -106.740553, 35.055691 ], [ -106.740794, 35.055648 ], [ -106.741434, 35.05758 ], [ -106.741862, 35.063517 ], [ -106.741706, 35.065827 ], [ -106.742232, 35.06979 ], [ -106.742726, 35.072724 ] ] ] ] } },
{ "type": "Feature", "properties": { "OBJECTID": 146, "ST": "35", "STATE": "New Mexico", "ST_ABBR": "NM", "STCNTY": "35001", "COUNTY": "Bernalillo County", "FIPS": "35001004742", "LOCATION": "Census Tract 47.42; Bernalillo County; New Mexico", "AREA_SQMI": 1.681820929596, "E_TOTPOP": 6078, "M_TOTPOP": 787, "E_HU": 3023, "M_HU": 534, "E_HH": 2964, "M_HH": 545, "E_POV150": 1473, "M_POV150": 486, "E_UNEMP": 157, "M_UNEMP": 86, "E_HBURD": 736, "M_HBURD": 242, "E_NOHSDP": 629, "M_NOHSDP": 230, "E_UNINSUR": 541, "M_UNINSUR": 303, "E_AGE65": 959, "M_AGE65": 217, "E_AGE17": 1255, "M_AGE17": 289, "E_DISABL": 792, "M_DISABL": 237, "E_SNGPNT": 190, "M_SNGPNT": 122, "E_LIMENG": 28, "M_LIMENG": 78, "E_MINRTY": 4334, "M_MINRTY": 862, "E_MUNIT": 56, "M_MUNIT": 49, "E_MOBILE": 40, "M_MOBILE": 46, "E_CROWD": 14, "M_CROWD": 29, "E_NOVEH": 50, "M_NOVEH": 50, "E_GROUPQ": 66, "M_GROUPQ": 15, "EP_POV150": 24.6, "MP_POV150": 7.4, "EP_UNEMP": 4.7, "MP_UNEMP": 2.8, "EP_HBURD": 24.8, "MP_HBURD": 6.8, "EP_NOHSDP": 14.5, "MP_NOHSDP": 5.4, "EP_UNINSUR": 9.0, "MP_UNINSUR": 4.8, "EP_AGE65": 15.8, "MP_AGE65": 3.9, "EP_AGE17": 20.6, "MP_AGE17": 4.5, "EP_DISABL": 13.1, "MP_DISABL": 4.0, "EP_SNGPNT": 6.4, "MP_SNGPNT": 3.9, "EP_LIMENG": 0.5, "MP_LIMENG": 1.4, "EP_MINRTY": 71.3, "MP_MINRTY": 10.8, "EP_MUNIT": 1.9, "MP_MUNIT": 1.6, "EP_MOBILE": 1.3, "MP_MOBILE": 1.5, "EP_CROWD": 0.5, "MP_CROWD": 1.0, "EP_NOVEH": 1.7, "MP_NOVEH": 1.7, "EP_GROUPQ": 1.1, "MP_GROUPQ": 0.2, "EPL_POV150": 0.3867, "EPL_UNEMP": 0.421, "EPL_HBURD": 0.5317, "EPL_NOHSDP": 0.6086, "EPL_UNINSUR": 0.5617, "SPL_THEME1": 2.5097, "RPL_THEME1": 0.5083, "EPL_AGE65": 0.3947, "EPL_AGE17": 0.4262, "EPL_DISABL": 0.31, "EPL_SNGPNT": 0.5333, "EPL_LIMENG": 0.2371, "SPL_THEME2": 1.9013, "RPL_THEME2": 0.1867, "EPL_MINRTY": 0.6352, "SPL_THEME3": 0.6352, "RPL_THEME3": 0.6352, "EPL_MUNIT": 0.579, "EPL_MOBILE": 0.2779, "EPL_CROWD": 0.2583, "EPL_NOVEH": 0.2767, "EPL_GROUPQ": 0.7081, "SPL_THEME4": 2.1, "RPL_THEME4": 0.415, "SPL_THEMES": 7.1462, "RPL_THEMES": 0.3967, "F_POV150": 0, "F_UNEMP": 0, "F_HBURD": 0, "F_NOHSDP": 0, "F_UNINSUR": 0, "F_THEME1": 0, "F_AGE65": 0, "F_AGE17": 0, "F_DISABL": 0, "F_SNGPNT": 0, "F_LIMENG": 0, "F_THEME2": 0, "F_MINRTY": 0, "F_THEME3": 0, "F_MUNIT": 0, "F_MOBILE": 0, "F_CROWD": 0, "F_NOVEH": 0, "F_GROUPQ": 0, "F_THEME4": 0, "F_TOTAL": 0, "E_DAYPOP": 4863, "E_NOINT": 234, "M_NOINT": 116, "E_AFAM": 195, "M_AFAM": 190, "E_HISP": 3588, "M_HISP": 688, "E_ASIAN": 159, "M_ASIAN": 109, "E_AIAN": 211, "M_AIAN": 144, "E_NHPI": 0, "M_NHPI": 19, "E_TWOMORE": 181, "M_TWOMORE": 149, "E_OTHERRACE": 0, "M_OTHERRACE": 19, "EP_NOINT": 7.9, "MP_NOINT": 4.0, "EP_AFAM": 3.2, "MP_AFAM": 3.1, "EP_HISP": 59.0, "MP_HISP": 6.5, "EP_ASIAN": 2.6, "MP_ASIAN": 1.9, "EP_AIAN": 3.5, "MP_AIAN": 2.4, "EP_NHPI": 0.0, "MP_NHPI": 0.7, "EP_TWOMORE": 3.0, "MP_TWOMORE": 2.4, "EP_OTHERRACE": 0.0, "MP_OTHERRACE": 0.7, "Shape_Length": 0.09481666167906197, "Shape_Area": 0.00043969920050015591 }, "geometry": { "type": "MultiPolygon", "coordinates": [ [ [ [ -106.730966, 35.110072 ], [ -106.730825, 35.11401 ], [ -106.72776, 35.117859 ], [ -106.727555, 35.122685 ], [ -106.726618, 35.123995 ], [ -106.7241, 35.126642 ], [ -106.717415, 35.133384 ], [ -106.711691, 35.135807 ], [ -106.710105, 35.136849 ], [ -106.7093, 35.138385 ], [ -106.709243, 35.137965 ], [ -106.708435, 35.13483 ], [ -106.706544, 35.127696 ], [ -106.708573, 35.127332 ], [ -106.709365, 35.126932 ], [ -106.71008, 35.126184 ], [ -106.710414, 35.125016 ], [ -106.710334, 35.124662 ], [ -106.710117, 35.124241 ], [ -106.709601, 35.123658 ], [ -106.709034, 35.123103 ], [ -106.708634, 35.122533 ], [ -106.708383, 35.121976 ], [ -106.708247, 35.121487 ], [ -106.707589, 35.119137 ], [ -106.707585, 35.11847 ], [ -106.708286, 35.116591 ], [ -106.714636, 35.112968 ], [ -106.718932, 35.110624 ], [ -106.720698, 35.108714 ], [ -106.723931, 35.106755 ], [ -106.728, 35.104537 ], [ -106.729705, 35.10434 ], [ -106.729784, 35.104888 ], [ -106.730908, 35.107108 ], [ -106.730966, 35.110072 ] ] ] ] } },
{ "type": "Feature", "properties": { "OBJECTID": 147, "ST": "35", "STATE": "New Mexico", "ST_ABBR": "NM", "STCNTY": "35001", "COUNTY": "Bernalillo County", "FIPS": "35001004743", "LOCATION": "Census Tract 47.43; Bernalillo County; New Mexico", "AREA_SQMI": 0.57985956666000005, "E_TOTPOP": 4131, "M_TOTPOP": 728, "E_HU": 1468, "M_HU": 174, "E_HH": 1427, "M_HH": 182, "E_POV150": 823, "M_POV150": 503, "E_UNEMP": 94, "M_UNEMP": 66, "E_HBURD": 392, "M_HBURD": 151, "E_NOHSDP": 271, "M_NOHSDP": 140, "E_UNINSUR": 212, "M_UNINSUR": 114, "E_AGE65": 327, "M_AGE65": 110, "E_AGE17": 992, "M_AGE17": 312, "E_DISABL": 293, "M_DISABL": 125, "E_SNGPNT": 180, "M_SNGPNT": 93, "E_LIMENG": 125, "M_LIMENG": 125, "E_MINRTY": 3086, "M_MINRTY": 786, "E_MUNIT": 0, "M_MUNIT": 18, "E_MOBILE": 0, "M_MOBILE": 13, "E_CROWD": 13, "M_CROWD": 23, "E_NOVEH": 7, "M_NOVEH": 11, "E_GROUPQ": 0, "M_GROUPQ": 13, "EP_POV150": 19.9, "MP_POV150": 11.7, "EP_UNEMP": 4.1, "MP_UNEMP": 2.8, "EP_HBURD": 27.5, "MP_HBURD": 10.0, "EP_NOHSDP": 10.1, "MP_NOHSDP": 5.5, "EP_UNINSUR": 5.1, "MP_UNINSUR": 2.8, "EP_AGE65": 7.9, "MP_AGE65": 3.0, "EP_AGE17": 24.0, "MP_AGE17": 5.4, "EP_DISABL": 7.1, "MP_DISABL": 2.9, "EP_SNGPNT": 12.6, "MP_SNGPNT": 6.3, "EP_LIMENG": 3.2, "MP_LIMENG": 3.1, "EP_MINRTY": 74.7, "MP_MINRTY": 13.7, "EP_MUNIT": 0.0, "MP_MUNIT": 1.2, "EP_MOBILE": 0.0, "MP_MOBILE": 2.7, "EP_CROWD": 0.9, "MP_CROWD": 1.6, "EP_NOVEH": 0.5, "MP_NOVEH": 0.8, "EP_GROUPQ": 0.0, "MP_GROUPQ": 0.3, "EPL_POV150": 0.29, "EPL_UNEMP": 0.3627, "EPL_HBURD": 0.6067, "EPL_NOHSDP": 0.4478, "EPL_UNINSUR": 0.27, "SPL_THEME1": 1.9772, "RPL_THEME1": 0.32, "EPL_AGE65": 0.0829, "EPL_AGE17": 0.6086, "EPL_DISABL": 0.035, "EPL_SNGPNT": 0.8733, "EPL_LIMENG": 0.6633, "SPL_THEME2": 2.2631, "RPL_THEME2": 0.3467, "EPL_MINRTY": 0.665, "SPL_THEME3": 0.665, "RPL_THEME3": 0.665, "EPL_MUNIT": 0.0, "EPL_MOBILE": 0.0, "EPL_CROWD": 0.3217, "EPL_NOVEH": 0.1183, "EPL_GROUPQ": 0.0, "SPL_THEME4": 0.44, "RPL_THEME4": 0.0167, "SPL_THEMES": 5.3453, "RPL_THEMES": 0.1517, "F_POV150": 0, "F_UNEMP": 0, "F_HBURD": 0, "F_NOHSDP": 0, "F_UNINSUR": 0, "F_THEME1": 0, "F_AGE65": 0, "F_AGE17": 0, "F_DISABL": 0, "F_SNGPNT": 0, "F_LIMENG": 0, "F_THEME2": 0, "F_MINRTY": 0, "F_THEME3": 0, "F_MUNIT": 0, "F_MOBILE": 0, "F_CROWD": 0, "F_NOVEH": 0, "F_GROUPQ": 0, "F_THEME4": 0, "F_TOTAL": 0, "E_DAYPOP": 2302, "E_NOINT": 169, "M_NOINT": 74, "E_AFAM": 5, "M_AFAM": 13, "E_HISP": 2688, "M_HISP": 763, "E_ASIAN": 74, "M_ASIAN": 108, "E_AIAN": 214, "M_AIAN": 219, "E_NHPI": 0, "M_NHPI": 13, "E_TWOMORE": 94, "M_TWOMORE": 74, "E_OTHERRACE": 11, "M_OTHERRACE": 17, "EP_NOINT": 11.8, "MP_NOINT": 5.3, "EP_AFAM": 0.1, "MP_AFAM": 0.3, "EP_HISP": 65.1, "MP_HISP": 9.1, "EP_ASIAN": 1.8, "MP_ASIAN": 2.6, "EP_AIAN": 5.2, "MP_AIAN": 5.2, "EP_NHPI": 0.0, "MP_NHPI": 1.0, "EP_TWOMORE": 2.3, "MP_TWOMORE": 1.9, "EP_OTHERRACE": 0.3, "MP_OTHERRACE": 0.4, "Shape_Length": 0.059861939777560332, "Shape_Area": 0.00014853212750006814 }, "geometry": { "type": "MultiPolygon", "coordinates": [ [ [ [ -106.749165, 35.093204 ], [ -106.745897, 35.094561 ], [ -106.741202, 35.094972 ], [ -106.740426, 35.095327 ], [ -106.736262, 35.099434 ], [ -106.731258, 35.104107 ], [ -106.729705, 35.10434 ], [ -106.729859, 35.094388 ], [ -106.739218, 35.089598 ], [ -106.746684, 35.085915 ], [ -106.749165, 35.093204 ] ] ] ] } },
{ "type": "Feature", "properties": { "OBJECTID": 148, "ST": "35", "STATE": "New Mexico", "ST_ABBR": "NM", "STCNTY": "35001", "COUNTY": "Bernalillo County", "FIPS": "35001004744", "LOCATION": "Census Tract 47.44; Bernalillo County; New Mexico", "AREA_SQMI": 7.9502270542040003, "E_TOTPOP": 7373, "M_TOTPOP": 825, "E_HU": 2599, "M_HU": 191, "E_HH": 2510, "M_HH": 207, "E_POV150": 668, "M_POV150": 301, "E_UNEMP": 67, "M_UNEMP": 58, "E_HBURD": 453, "M_HBURD": 158, "E_NOHSDP": 448, "M_NOHSDP": 232, "E_UNINSUR": 923, "M_UNINSUR": 442, "E_AGE65": 1086, "M_AGE65": 133, "E_AGE17": 1800, "M_AGE17": 409, "E_DISABL": 896, "M_DISABL": 236, "E_SNGPNT": 85, "M_SNGPNT": 70, "E_LIMENG": 58, "M_LIMENG": 84, "E_MINRTY": 5396, "M_MINRTY": 880, "E_MUNIT": 0, "M_MUNIT": 26, "E_MOBILE": 48, "M_MOBILE": 51, "E_CROWD": 16, "M_CROWD": 30, "E_NOVEH": 54, "M_NOVEH": 59, "E_GROUPQ": 0, "M_GROUPQ": 19, "EP_POV150": 9.1, "MP_POV150": 4.0, "EP_UNEMP": 1.9, "MP_UNEMP": 1.6, "EP_HBURD": 18.0, "MP_HBURD": 6.1, "EP_NOHSDP": 8.7, "MP_NOHSDP": 4.4, "EP_UNINSUR": 12.6, "MP_UNINSUR": 5.9, "EP_AGE65": 14.7, "MP_AGE65": 2.4, "EP_AGE17": 24.4, "MP_AGE17": 3.8, "EP_DISABL": 12.2, "MP_DISABL": 3.5, "EP_SNGPNT": 3.4, "MP_SNGPNT": 2.8, "EP_LIMENG": 0.8, "MP_LIMENG": 1.2, "EP_MINRTY": 73.2, "MP_MINRTY": 8.7, "EP_MUNIT": 0.0, "MP_MUNIT": 1.0, "EP_MOBILE": 1.8, "MP_MOBILE": 2.0, "EP_CROWD": 0.6, "MP_CROWD": 1.2, "EP_NOVEH": 2.2, "MP_NOVEH": 2.4, "EP_GROUPQ": 0.0, "MP_GROUPQ": 0.3, "EPL_POV150": 0.0983, "EPL_UNEMP": 0.1464, "EPL_HBURD": 0.3033, "EPL_NOHSDP": 0.3847, "EPL_UNINSUR": 0.725, "SPL_THEME1": 1.6577, "RPL_THEME1": 0.2233, "EPL_AGE65": 0.3217, "EPL_AGE17": 0.6269, "EPL_DISABL": 0.2483, "EPL_SNGPNT": 0.255, "EPL_LIMENG": 0.3002, "SPL_THEME2": 1.7521, "RPL_THEME2": 0.1383, "EPL_MINRTY": 0.6484, "SPL_THEME3": 0.6484, "RPL_THEME3": 0.6484, "EPL_MUNIT": 0.0, "EPL_MOBILE": 0.3062, "EPL_CROWD": 0.2833, "EPL_NOVEH": 0.33, "EPL_GROUPQ": 0.0, "SPL_THEME4": 0.9195, "RPL_THEME4": 0.07, "SPL_THEMES": 4.9777, "RPL_THEMES": 0.1033, "F_POV150": 0, "F_UNEMP": 0, "F_HBURD": 0, "F_NOHSDP": 0, "F_UNINSUR": 0, "F_THEME1": 0, "F_AGE65": 0, "F_AGE17": 0, "F_DISABL": 0, "F_SNGPNT": 0, "F_LIMENG": 0, "F_THEME2": 0, "F_MINRTY": 0, "F_THEME3": 0, "F_MUNIT": 0, "F_MOBILE": 0, "F_CROWD": 0, "F_NOVEH": 0, "F_GROUPQ": 0, "F_THEME4": 0, "F_TOTAL": 0, "E_DAYPOP": 2233, "E_NOINT": 165, "M_NOINT": 93, "E_AFAM": 198, "M_AFAM": 127, "E_HISP": 4400, "M_HISP": 706, "E_ASIAN": 260, "M_ASIAN": 128, "E_AIAN": 156, "M_AIAN": 147, "E_NHPI": 38, "M_NHPI": 48, "E_TWOMORE": 236, "M_TWOMORE": 144, "E_OTHERRACE": 108, "M_OTHERRACE": 165, "EP_NOINT": 6.6, "MP_NOINT": 3.9, "EP_AFAM": 2.7, "MP_AFAM": 1.7, "EP_HISP": 59.7, "MP_HISP": 5.4, "EP_ASIAN": 3.5, "MP_ASIAN": 1.8, "EP_AIAN": 2.1, "MP_AIAN": 1.9, "EP_NHPI": 0.5, "MP_NHPI": 0.6, "EP_TWOMORE": 3.2, "MP_TWOMORE": 1.9, "EP_OTHERRACE": 1.5, "MP_OTHERRACE": 2.2, "Shape_Length": 0.23591136190099127, "Shape_Area": 0.0020606799549995245 }, "geometry": { "type": "MultiPolygon", "coordinates": [ [ [ [ -106.797939, 35.102311 ], [ -106.797694, 35.106191 ], [ -106.797134, 35.109017 ], [ -106.79545, 35.114108 ], [ -106.791969, 35.119897 ], [ -106.787604, 35.115874 ], [ -106.784925, 35.115142 ], [ -106.780351, 35.114543 ], [ -106.780295, 35.111545 ], [ -106.775705, 35.111655 ], [ -106.765407, 35.10378 ], [ -106.761576, 35.101079 ], [ -106.75542, 35.101076 ], [ -106.755416, 35.110693 ], [ -106.753959, 35.111431 ], [ -106.752623, 35.112067 ], [ -106.74472, 35.112198 ], [ -106.744716, 35.113578 ], [ -106.737023, 35.113829 ], [ -106.733426, 35.115088 ], [ -106.729189, 35.11827 ], [ -106.728026, 35.117971 ], [ -106.72776, 35.117859 ], [ -106.730825, 35.11401 ], [ -106.730966, 35.110072 ], [ -106.730908, 35.107108 ], [ -106.729784, 35.104888 ], [ -106.729705, 35.10434 ], [ -106.731258, 35.104107 ], [ -106.736262, 35.099434 ], [ -106.740426, 35.095327 ], [ -106.741202, 35.094972 ], [ -106.745897, 35.094561 ], [ -106.749165, 35.093204 ], [ -106.746684, 35.085915 ], [ -106.751647, 35.083255 ], [ -106.763365, 35.077424 ], [ -106.787834, 35.065209 ], [ -106.790613, 35.069473 ], [ -106.795723, 35.076488 ], [ -106.796657, 35.078163 ], [ -106.797693, 35.081785 ], [ -106.797896, 35.085024 ], [ -106.797939, 35.102311 ] ] ] ] } },
{ "type": "Feature", "properties": { "OBJECTID": 149, "ST": "35", "STATE": "New Mexico", "ST_ABBR": "NM", "STCNTY": "35001", "COUNTY": "Bernalillo County", "FIPS": "35001004745", "LOCATION": "Census Tract 47.45; Bernalillo County; New Mexico", "AREA_SQMI": 1.1531106114880001, "E_TOTPOP": 6350, "M_TOTPOP": 1047, "E_HU": 2355, "M_HU": 298, "E_HH": 2281, "M_HH": 319, "E_POV150": 867, "M_POV150": 476, "E_UNEMP": 50, "M_UNEMP": 79, "E_HBURD": 572, "M_HBURD": 196, "E_NOHSDP": 329, "M_NOHSDP": 240, "E_UNINSUR": 194, "M_UNINSUR": 126, "E_AGE65": 876, "M_AGE65": 189, "E_AGE17": 1560, "M_AGE17": 365, "E_DISABL": 498, "M_DISABL": 308, "E_SNGPNT": 39, "M_SNGPNT": 38, "E_LIMENG": 13, "M_LIMENG": 74, "E_MINRTY": 4002, "M_MINRTY": 1173, "E_MUNIT": 106, "M_MUNIT": 64, "E_MOBILE": 0, "M_MOBILE": 19, "E_CROWD": 53, "M_CROWD": 59, "E_NOVEH": 14, "M_NOVEH": 26, "E_GROUPQ": 112, "M_GROUPQ": 4, "EP_POV150": 13.9, "MP_POV150": 7.3, "EP_UNEMP": 1.6, "MP_UNEMP": 2.4, "EP_HBURD": 25.1, "MP_HBURD": 7.8, "EP_NOHSDP": 7.2, "MP_NOHSDP": 4.7, "EP_UNINSUR": 3.2, "MP_UNINSUR": 2.1, "EP_AGE65": 13.8, "MP_AGE65": 3.8, "EP_AGE17": 24.6, "MP_AGE17": 3.5, "EP_DISABL": 8.1, "MP_DISABL": 4.7, "EP_SNGPNT": 1.7, "MP_SNGPNT": 1.6, "EP_LIMENG": 0.2, "MP_LIMENG": 1.2, "EP_MINRTY": 63.0, "MP_MINRTY": 15.3, "EP_MUNIT": 4.5, "MP_MUNIT": 2.7, "EP_MOBILE": 0.0, "MP_MOBILE": 1.7, "EP_CROWD": 2.3, "MP_CROWD": 2.6, "EP_NOVEH": 0.6, "MP_NOVEH": 1.1, "EP_GROUPQ": 1.8, "MP_GROUPQ": 0.3, "EPL_POV150": 0.1783, "EPL_UNEMP": 0.1148, "EPL_HBURD": 0.54, "EPL_NOHSDP": 0.33, "EPL_UNINSUR": 0.13, "SPL_THEME1": 1.2931, "RPL_THEME1": 0.115, "EPL_AGE65": 0.2753, "EPL_AGE17": 0.6468, "EPL_DISABL": 0.0567, "EPL_SNGPNT": 0.14, "EPL_LIMENG": 0.1708, "SPL_THEME2": 1.2896, "RPL_THEME2": 0.0183, "EPL_MINRTY": 0.4892, "SPL_THEME3": 0.4892, "RPL_THEME3": 0.4892, "EPL_MUNIT": 0.6839, "EPL_MOBILE": 0.0, "EPL_CROWD": 0.5017, "EPL_NOVEH": 0.1267, "EPL_GROUPQ": 0.7595, "SPL_THEME4": 2.0718, "RPL_THEME4": 0.3933, "SPL_THEMES": 5.1437, "RPL_THEMES": 0.125, "F_POV150": 0, "F_UNEMP": 0, "F_HBURD": 0, "F_NOHSDP": 0, "F_UNINSUR": 0, "F_THEME1": 0, "F_AGE65": 0, "F_AGE17": 0, "F_DISABL": 0, "F_SNGPNT": 0, "F_LIMENG": 0, "F_THEME2": 0, "F_MINRTY": 0, "F_THEME3": 0, "F_MUNIT": 0, "F_MOBILE": 0, "F_CROWD": 0, "F_NOVEH": 0, "F_GROUPQ": 0, "F_THEME4": 0, "F_TOTAL": 0, "E_DAYPOP": 2787, "E_NOINT": 251, "M_NOINT": 132, "E_AFAM": 96, "M_AFAM": 89, "E_HISP": 3585, "M_HISP": 931, "E_ASIAN": 45, "M_ASIAN": 59, "E_AIAN": 98, "M_AIAN": 70, "E_NHPI": 0, "M_NHPI": 19, "E_TWOMORE": 178, "M_TWOMORE": 126, "E_OTHERRACE": 0, "M_OTHERRACE": 19, "EP_NOINT": 11.0, "MP_NOINT": 6.0, "EP_AFAM": 1.5, "MP_AFAM": 1.4, "EP_HISP": 56.5, "MP_HISP": 8.4, "EP_ASIAN": 0.7, "MP_ASIAN": 1.0, "EP_AIAN": 1.5, "MP_AIAN": 1.0, "EP_NHPI": 0.0, "MP_NHPI": 0.6, "EP_TWOMORE": 2.8, "MP_TWOMORE": 2.0, "EP_OTHERRACE": 0.0, "MP_OTHERRACE": 0.6, "Shape_Length": 0.077490345678283085, "Shape_Area": 0.00030327869000033186 }, "geometry": { "type": "MultiPolygon", "coordinates": [ [ [ [ -106.702535, 35.207151 ], [ -106.699853, 35.210573 ], [ -106.698474, 35.213147 ], [ -106.69661, 35.217274 ], [ -106.696565, 35.217963 ], [ -106.686563, 35.217955 ], [ -106.67709, 35.217946 ], [ -106.676705, 35.215845 ], [ -106.676694, 35.2084 ], [ -106.675215, 35.205811 ], [ -106.675781, 35.204505 ], [ -106.678737, 35.202326 ], [ -106.679822, 35.202315 ], [ -106.681856, 35.205032 ], [ -106.685632, 35.206578 ], [ -106.687124, 35.206048 ], [ -106.688159, 35.206259 ], [ -106.693998, 35.204209 ], [ -106.696768, 35.203946 ], [ -106.699979, 35.205665 ], [ -106.702922, 35.206147 ], [ -106.702535, 35.207151 ] ] ] ] } },
{ "type": "Feature", "properties": { "OBJECTID": 150, "ST": "35", "STATE": "New Mexico", "ST_ABBR": "NM", "STCNTY": "35001", "COUNTY": "Bernalillo County", "FIPS": "35001004747", "LOCATION": "Census Tract 47.47; Bernalillo County; New Mexico", "AREA_SQMI": 1.0907103506560001, "E_TOTPOP": 4553, "M_TOTPOP": 565, "E_HU": 2011, "M_HU": 268, "E_HH": 1963, "M_HH": 252, "E_POV150": 1387, "M_POV150": 660, "E_UNEMP": 32, "M_UNEMP": 29, "E_HBURD": 588, "M_HBURD": 221, "E_NOHSDP": 53, "M_NOHSDP": 46, "E_UNINSUR": 109, "M_UNINSUR": 72, "E_AGE65": 928, "M_AGE65": 380, "E_AGE17": 1130, "M_AGE17": 361, "E_DISABL": 671, "M_DISABL": 163, "E_SNGPNT": 290, "M_SNGPNT": 146, "E_LIMENG": 27, "M_LIMENG": 59, "E_MINRTY": 2646, "M_MINRTY": 742, "E_MUNIT": 196, "M_MUNIT": 94, "E_MOBILE": 23, "M_MOBILE": 35, "E_CROWD": 91, "M_CROWD": 76, "E_NOVEH": 89, "M_NOVEH": 70, "E_GROUPQ": 0, "M_GROUPQ": 13, "EP_POV150": 30.5, "MP_POV150": 14.0, "EP_UNEMP": 1.5, "MP_UNEMP": 1.3, "EP_HBURD": 30.0, "MP_HBURD": 10.6, "EP_NOHSDP": 1.6, "MP_NOHSDP": 1.5, "EP_UNINSUR": 2.4, "MP_UNINSUR": 1.6, "EP_AGE65": 20.4, "MP_AGE65": 6.8, "EP_AGE17": 24.8, "MP_AGE17": 6.3, "EP_DISABL": 14.7, "MP_DISABL": 3.5, "EP_SNGPNT": 14.8, "MP_SNGPNT": 7.2, "EP_LIMENG": 0.6, "MP_LIMENG": 1.4, "EP_MINRTY": 58.1, "MP_MINRTY": 14.6, "EP_MUNIT": 9.8, "MP_MUNIT": 4.5, "EP_MOBILE": 1.1, "MP_MOBILE": 1.7, "EP_CROWD": 4.6, "MP_CROWD": 3.8, "EP_NOVEH": 4.5, "MP_NOVEH": 3.5, "EP_GROUPQ": 0.0, "MP_GROUPQ": 0.3, "EPL_POV150": 0.5317, "EPL_UNEMP": 0.1098, "EPL_HBURD": 0.6867, "EPL_NOHSDP": 0.0547, "EPL_UNINSUR": 0.0817, "SPL_THEME1": 1.4646, "RPL_THEME1": 0.1617, "EPL_AGE65": 0.6352, "EPL_AGE17": 0.6617, "EPL_DISABL": 0.425, "EPL_SNGPNT": 0.92, "EPL_LIMENG": 0.257, "SPL_THEME2": 2.8989, "RPL_THEME2": 0.7733, "EPL_MINRTY": 0.3947, "SPL_THEME3": 0.3947, "RPL_THEME3": 0.3947, "EPL_MUNIT": 0.812, "EPL_MOBILE": 0.2679, "EPL_CROWD": 0.7167, "EPL_NOVEH": 0.54, "EPL_GROUPQ": 0.0, "SPL_THEME4": 2.3366, "RPL_THEME4": 0.5233, "SPL_THEMES": 7.0948, "RPL_THEMES": 0.3833, "F_POV150": 0, "F_UNEMP": 0, "F_HBURD": 0, "F_NOHSDP": 0, "F_UNINSUR": 0, "F_THEME1": 0, "F_AGE65": 0, "F_AGE17": 0, "F_DISABL": 0, "F_SNGPNT": 1, "F_LIMENG": 0, "F_THEME2": 1, "F_MINRTY": 0, "F_THEME3": 0, "F_MUNIT": 0, "F_MOBILE": 0, "F_CROWD": 0, "F_NOVEH": 0, "F_GROUPQ": 0, "F_THEME4": 0, "F_TOTAL": 1, "E_DAYPOP": 2732, "E_NOINT": 191, "M_NOINT": 154, "E_AFAM": 197, "M_AFAM": 165, "E_HISP": 2166, "M_HISP": 520, "E_ASIAN": 46, "M_ASIAN": 59, "E_AIAN": 208, "M_AIAN": 241, "E_NHPI": 0, "M_NHPI": 13, "E_TWOMORE": 16, "M_TWOMORE": 43, "E_OTHERRACE": 13, "M_OTHERRACE": 21, "EP_NOINT": 9.7, "MP_NOINT": 7.4, "EP_AFAM": 4.3, "MP_AFAM": 3.5, "EP_HISP": 47.6, "MP_HISP": 9.2, "EP_ASIAN": 1.0, "MP_ASIAN": 1.3, "EP_AIAN": 4.6, "MP_AIAN": 5.3, "EP_NHPI": 0.0, "MP_NHPI": 0.9, "EP_TWOMORE": 0.4, "MP_TWOMORE": 0.9, "EP_OTHERRACE": 0.3, "MP_OTHERRACE": 0.5, "Shape_Length": 0.074564006961009607, "Shape_Area": 0.00028048693399998237 }, "geometry": { "type": "MultiPolygon", "coordinates": [ [ [ [ -106.727726, 35.206536 ], [ -106.725469, 35.205306 ], [ -106.721546, 35.204973 ], [ -106.720353, 35.205608 ], [ -106.717938, 35.20476 ], [ -106.716471, 35.205217 ], [ -106.714717, 35.20503 ], [ -106.712448, 35.205888 ], [ -106.710067, 35.205555 ], [ -106.70841, 35.205334 ], [ -106.707781, 35.205581 ], [ -106.707164, 35.205675 ], [ -106.705311, 35.20617 ], [ -106.702922, 35.206147 ], [ -106.703156, 35.205263 ], [ -106.703289, 35.203334 ], [ -106.703288, 35.203213 ], [ -106.703262, 35.196946 ], [ -106.703343, 35.196841 ], [ -106.705075, 35.196746 ], [ -106.706452, 35.196458 ], [ -106.719528, 35.192461 ], [ -106.721031, 35.192179 ], [ -106.727654, 35.192136 ], [ -106.727655, 35.194682 ], [ -106.72766, 35.203284 ], [ -106.727726, 35.206536 ] ] ] ] } },
{ "type": "Feature", "properties": { "OBJECTID": 151, "ST": "35", "STATE": "New Mexico", "ST_ABBR": "NM", "STCNTY": "35001", "COUNTY": "Bernalillo County", "FIPS": "35001004749", "LOCATION": "Census Tract 47.49; Bernalillo County; New Mexico", "AREA_SQMI": 0.476364539458, "E_TOTPOP": 4746, "M_TOTPOP": 729, "E_HU": 2143, "M_HU": 230, "E_HH": 1992, "M_HH": 236, "E_POV150": 2207, "M_POV150": 620, "E_UNEMP": 140, "M_UNEMP": 91, "E_HBURD": 1055, "M_HBURD": 277, "E_NOHSDP": 366, "M_NOHSDP": 239, "E_UNINSUR": 518, "M_UNINSUR": 247, "E_AGE65": 802, "M_AGE65": 229, "E_AGE17": 1015, "M_AGE17": 330, "E_DISABL": 441, "M_DISABL": 164, "E_SNGPNT": 180, "M_SNGPNT": 89, "E_LIMENG": 212, "M_LIMENG": 151, "E_MINRTY": 3537, "M_MINRTY": 784, "E_MUNIT": 857, "M_MUNIT": 251, "E_MOBILE": 0, "M_MOBILE": 13, "E_CROWD": 121, "M_CROWD": 124, "E_NOVEH": 266, "M_NOVEH": 174, "E_GROUPQ": 112, "M_GROUPQ": 8, "EP_POV150": 47.6, "MP_POV150": 11.1, "EP_UNEMP": 5.8, "MP_UNEMP": 3.8, "EP_HBURD": 53.0, "MP_HBURD": 12.4, "EP_NOHSDP": 10.8, "MP_NOHSDP": 6.6, "EP_UNINSUR": 11.2, "MP_UNINSUR": 4.5, "EP_AGE65": 16.9, "MP_AGE65": 5.1, "EP_AGE17": 21.4, "MP_AGE17": 4.6, "EP_DISABL": 9.5, "MP_DISABL": 3.3, "EP_SNGPNT": 9.1, "MP_SNGPNT": 4.3, "EP_LIMENG": 4.8, "MP_LIMENG": 3.3, "EP_MINRTY": 74.5, "MP_MINRTY": 11.9, "EP_MUNIT": 40.0, "MP_MUNIT": 10.9, "EP_MOBILE": 0.0, "MP_MOBILE": 1.8, "EP_CROWD": 6.1, "MP_CROWD": 6.2, "EP_NOVEH": 13.4, "MP_NOVEH": 7.9, "EP_GROUPQ": 2.4, "MP_GROUPQ": 0.4, "EPL_POV150": 0.8583, "EPL_UNEMP": 0.5291, "EPL_HBURD": 0.9817, "EPL_NOHSDP": 0.4776, "EPL_UNINSUR": 0.6533, "SPL_THEME1": 3.5, "RPL_THEME1": 0.8233, "EPL_AGE65": 0.461, "EPL_AGE17": 0.4776, "EPL_DISABL": 0.1133, "EPL_SNGPNT": 0.71, "EPL_LIMENG": 0.7529, "SPL_THEME2": 2.5148, "RPL_THEME2": 0.4967, "EPL_MINRTY": 0.66, "SPL_THEME3": 0.66, "RPL_THEME3": 0.66, "EPL_MUNIT": 0.975, "EPL_MOBILE": 0.0, "EPL_CROWD": 0.7917, "EPL_NOVEH": 0.8867, "EPL_GROUPQ": 0.8159, "SPL_THEME4": 3.4693, "RPL_THEME4": 0.945, "SPL_THEMES": 10.1441, "RPL_THEMES": 0.8633, "F_POV150": 0, "F_UNEMP": 0, "F_HBURD": 1, "F_NOHSDP": 0, "F_UNINSUR": 0, "F_THEME1": 1, "F_AGE65": 0, "F_AGE17": 0, "F_DISABL": 0, "F_SNGPNT": 0, "F_LIMENG": 0, "F_THEME2": 0, "F_MINRTY": 0, "F_THEME3": 0, "F_MUNIT": 1, "F_MOBILE": 0, "F_CROWD": 0, "F_NOVEH": 0, "F_GROUPQ": 0, "F_THEME4": 1, "F_TOTAL": 2, "E_DAYPOP": 2618, "E_NOINT": 358, "M_NOINT": 181, "E_AFAM": 331, "M_AFAM": 255, "E_HISP": 2953, "M_HISP": 659, "E_ASIAN": 31, "M_ASIAN": 26, "E_AIAN": 121, "M_AIAN": 107, "E_NHPI": 10, "M_NHPI": 17, "E_TWOMORE": 91, "M_TWOMORE": 79, "E_OTHERRACE": 0, "M_OTHERRACE": 13, "EP_NOINT": 18.0, "MP_NOINT": 8.2, "EP_AFAM": 7.0, "MP_AFAM": 5.3, "EP_HISP": 62.2, "MP_HISP": 7.0, "EP_ASIAN": 0.7, "MP_ASIAN": 0.6, "EP_AIAN": 2.5, "MP_AIAN": 2.3, "EP_NHPI": 0.2, "MP_NHPI": 0.4, "EP_TWOMORE": 1.9, "MP_TWOMORE": 1.8, "EP_OTHERRACE": 0.0, "MP_OTHERRACE": 0.8, "Shape_Length": 0.055240409996234377, "Shape_Area": 0.00012263003549970713 }, "geometry": { "type": "MultiPolygon", "coordinates": [ [ [ [ -106.714636, 35.112968 ], [ -106.708286, 35.116591 ], [ -106.707585, 35.11847 ], [ -106.707589, 35.119137 ], [ -106.708247, 35.121487 ], [ -106.708383, 35.121976 ], [ -106.708634, 35.122533 ], [ -106.709034, 35.123103 ], [ -106.709601, 35.123658 ], [ -106.710117, 35.124241 ], [ -106.710334, 35.124662 ], [ -106.710414, 35.125016 ], [ -106.71008, 35.126184 ], [ -106.709365, 35.126932 ], [ -106.708573, 35.127332 ], [ -106.706544, 35.127696 ], [ -106.704259, 35.128044 ], [ -106.701532, 35.128021 ], [ -106.701531, 35.121323 ], [ -106.701531, 35.11837 ], [ -106.701584, 35.115364 ], [ -106.702094, 35.11244 ], [ -106.702309, 35.112439 ], [ -106.711193, 35.112486 ], [ -106.714133, 35.112493 ], [ -106.714636, 35.112968 ] ] ] ] } },
{ "type": "Feature", "properties": { "OBJECTID": 152, "ST": "35", "STATE": "New Mexico", "ST_ABBR": "NM", "STCNTY": "35001", "COUNTY": "Bernalillo County", "FIPS": "35001004750", "LOCATION": "Census Tract 47.50; Bernalillo County; New Mexico", "AREA_SQMI": 0.93121779208800004, "E_TOTPOP": 6209, "M_TOTPOP": 908, "E_HU": 2557, "M_HU": 212, "E_HH": 2447, "M_HH": 246, "E_POV150": 1123, "M_POV150": 516, "E_UNEMP": 87, "M_UNEMP": 73, "E_HBURD": 644, "M_HBURD": 222, "E_NOHSDP": 183, "M_NOHSDP": 141, "E_UNINSUR": 572, "M_UNINSUR": 468, "E_AGE65": 798, "M_AGE65": 222, "E_AGE17": 1383, "M_AGE17": 410, "E_DISABL": 676, "M_DISABL": 196, "E_SNGPNT": 161, "M_SNGPNT": 137, "E_LIMENG": 0, "M_LIMENG": 76, "E_MINRTY": 4687, "M_MINRTY": 970, "E_MUNIT": 145, "M_MUNIT": 125, "E_MOBILE": 0, "M_MOBILE": 19, "E_CROWD": 68, "M_CROWD": 61, "E_NOVEH": 0, "M_NOVEH": 19, "E_GROUPQ": 12, "M_GROUPQ": 4, "EP_POV150": 18.2, "MP_POV150": 7.9, "EP_UNEMP": 2.4, "MP_UNEMP": 2.1, "EP_HBURD": 26.3, "MP_HBURD": 8.7, "EP_NOHSDP": 4.1, "MP_NOHSDP": 3.1, "EP_UNINSUR": 9.2, "MP_UNINSUR": 6.7, "EP_AGE65": 12.9, "MP_AGE65": 4.2, "EP_AGE17": 22.3, "MP_AGE17": 4.9, "EP_DISABL": 10.9, "MP_DISABL": 3.8, "EP_SNGPNT": 6.6, "MP_SNGPNT": 5.6, "EP_LIMENG": 0.0, "MP_LIMENG": 1.3, "EP_MINRTY": 75.5, "MP_MINRTY": 11.1, "EP_MUNIT": 5.7, "MP_MUNIT": 4.9, "EP_MOBILE": 0.0, "MP_MOBILE": 1.5, "EP_CROWD": 2.8, "MP_CROWD": 2.5, "EP_NOVEH": 0.0, "MP_NOVEH": 1.6, "EP_GROUPQ": 0.2, "MP_GROUPQ": 0.1, "EPL_POV150": 0.26, "EPL_UNEMP": 0.1947, "EPL_HBURD": 0.5633, "EPL_NOHSDP": 0.1907, "EPL_UNINSUR": 0.57, "SPL_THEME1": 1.7787, "RPL_THEME1": 0.25, "EPL_AGE65": 0.2355, "EPL_AGE17": 0.5174, "EPL_DISABL": 0.1717, "EPL_SNGPNT": 0.5467, "EPL_LIMENG": 0.0, "SPL_THEME2": 1.4713, "RPL_THEME2": 0.055, "EPL_MINRTY": 0.6833, "SPL_THEME3": 0.6833, "RPL_THEME3": 0.6833, "EPL_MUNIT": 0.7221, "EPL_MOBILE": 0.0, "EPL_CROWD": 0.5617, "EPL_NOVEH": 0.0, "EPL_GROUPQ": 0.5008, "SPL_THEME4": 1.7846, "RPL_THEME4": 0.2917, "SPL_THEMES": 5.7179, "RPL_THEMES": 0.19, "F_POV150": 0, "F_UNEMP": 0, "F_HBURD": 0, "F_NOHSDP": 0, "F_UNINSUR": 0, "F_THEME1": 0, "F_AGE65": 0, "F_AGE17": 0, "F_DISABL": 0, "F_SNGPNT": 0, "F_LIMENG": 0, "F_THEME2": 0, "F_MINRTY": 0, "F_THEME3": 0, "F_MUNIT": 0, "F_MOBILE": 0, "F_CROWD": 0, "F_NOVEH": 0, "F_GROUPQ": 0, "F_THEME4": 0, "F_TOTAL": 0, "E_DAYPOP": 3516, "E_NOINT": 187, "M_NOINT": 140, "E_AFAM": 302, "M_AFAM": 212, "E_HISP": 3784, "M_HISP": 734, "E_ASIAN": 24, "M_ASIAN": 40, "E_AIAN": 417, "M_AIAN": 370, "E_NHPI": 0, "M_NHPI": 19, "E_TWOMORE": 123, "M_TWOMORE": 97, "E_OTHERRACE": 37, "M_OTHERRACE": 60, "EP_NOINT": 7.6, "MP_NOINT": 5.7, "EP_AFAM": 4.9, "MP_AFAM": 3.4, "EP_HISP": 60.9, "MP_HISP": 7.5, "EP_ASIAN": 0.4, "MP_ASIAN": 0.6, "EP_AIAN": 6.7, "MP_AIAN": 5.7, "EP_NHPI": 0.0, "MP_NHPI": 0.6, "EP_TWOMORE": 2.0, "MP_TWOMORE": 1.6, "EP_OTHERRACE": 0.6, "MP_OTHERRACE": 0.9, "Shape_Length": 0.074837183762609921, "Shape_Area": 0.00023872758550011393 }, "geometry": { "type": "MultiPolygon", "coordinates": [ [ [ [ -106.729705, 35.10434 ], [ -106.728, 35.104537 ], [ -106.723931, 35.106755 ], [ -106.720698, 35.108714 ], [ -106.718932, 35.110624 ], [ -106.714636, 35.112968 ], [ -106.714133, 35.112493 ], [ -106.711193, 35.112486 ], [ -106.702309, 35.112439 ], [ -106.702094, 35.11244 ], [ -106.704393, 35.106636 ], [ -106.704594, 35.106585 ], [ -106.706281, 35.106048 ], [ -106.711246, 35.10377 ], [ -106.718073, 35.10031 ], [ -106.71875, 35.09997 ], [ -106.722428, 35.098125 ], [ -106.729859, 35.094388 ], [ -106.729705, 35.10434 ] ] ] ] } },
{ "type": "Feature", "properties": { "OBJECTID": 153, "ST": "35", "STATE": "New Mexico", "ST_ABBR": "NM", "STCNTY": "35001", "COUNTY": "Bernalillo County", "FIPS": "35001004752", "LOCATION": "Census Tract 47.52; Bernalillo County; New Mexico", "AREA_SQMI": 0.741585339196, "E_TOTPOP": 3847, "M_TOTPOP": 548, "E_HU": 1561, "M_HU": 164, "E_HH": 1485, "M_HH": 163, "E_POV150": 825, "M_POV150": 317, "E_UNEMP": 141, "M_UNEMP": 121, "E_HBURD": 400, "M_HBURD": 148, "E_NOHSDP": 243, "M_NOHSDP": 97, "E_UNINSUR": 440, "M_UNINSUR": 209, "E_AGE65": 637, "M_AGE65": 134, "E_AGE17": 789, "M_AGE17": 194, "E_DISABL": 392, "M_DISABL": 134, "E_SNGPNT": 104, "M_SNGPNT": 79, "E_LIMENG": 8, "M_LIMENG": 53, "E_MINRTY": 2201, "M_MINRTY": 641, "E_MUNIT": 163, "M_MUNIT": 84, "E_MOBILE": 0, "M_MOBILE": 13, "E_CROWD": 62, "M_CROWD": 54, "E_NOVEH": 42, "M_NOVEH": 66, "E_GROUPQ": 9, "M_GROUPQ": 3, "EP_POV150": 21.4, "MP_POV150": 7.7, "EP_UNEMP": 7.1, "MP_UNEMP": 5.5, "EP_HBURD": 26.9, "MP_HBURD": 9.5, "EP_NOHSDP": 9.3, "MP_NOHSDP": 3.6, "EP_UNINSUR": 11.5, "MP_UNINSUR": 4.8, "EP_AGE65": 16.6, "MP_AGE65": 3.1, "EP_AGE17": 20.5, "MP_AGE17": 4.3, "EP_DISABL": 10.3, "MP_DISABL": 3.6, "EP_SNGPNT": 7.0, "MP_SNGPNT": 5.3, "EP_LIMENG": 0.2, "MP_LIMENG": 1.4, "EP_MINRTY": 57.2, "MP_MINRTY": 14.5, "EP_MUNIT": 10.5, "MP_MUNIT": 5.3, "EP_MOBILE": 0.0, "MP_MOBILE": 2.5, "EP_CROWD": 4.1, "MP_CROWD": 3.6, "EP_NOVEH": 2.8, "MP_NOVEH": 4.3, "EP_GROUPQ": 0.2, "MP_GROUPQ": 0.1, "EPL_POV150": 0.315, "EPL_UNEMP": 0.6489, "EPL_HBURD": 0.585, "EPL_NOHSDP": 0.4163, "EPL_UNINSUR": 0.6633, "SPL_THEME1": 2.6285, "RPL_THEME1": 0.565, "EPL_AGE65": 0.4362, "EPL_AGE17": 0.4229, "EPL_DISABL": 0.1383, "EPL_SNGPNT": 0.58, "EPL_LIMENG": 0.1708, "SPL_THEME2": 1.7482, "RPL_THEME2": 0.135, "EPL_MINRTY": 0.3731, "SPL_THEME3": 0.3731, "RPL_THEME3": 0.3731, "EPL_MUNIT": 0.8203, "EPL_MOBILE": 0.0, "EPL_CROWD": 0.6783, "EPL_NOVEH": 0.3983, "EPL_GROUPQ": 0.5008, "SPL_THEME4": 2.3977, "RPL_THEME4": 0.55, "SPL_THEMES": 7.1475, "RPL_THEMES": 0.3983, "F_POV150": 0, "F_UNEMP": 0, "F_HBURD": 0, "F_NOHSDP": 0, "F_UNINSUR": 0, "F_THEME1": 0, "F_AGE65": 0, "F_AGE17": 0, "F_DISABL": 0, "F_SNGPNT": 0, "F_LIMENG": 0, "F_THEME2": 0, "F_MINRTY": 0, "F_THEME3": 0, "F_MUNIT": 0, "F_MOBILE": 0, "F_CROWD": 0, "F_NOVEH": 0, "F_GROUPQ": 0, "F_THEME4": 0, "F_TOTAL": 0, "E_DAYPOP": 3548, "E_NOINT": 70, "M_NOINT": 68, "E_AFAM": 74, "M_AFAM": 56, "E_HISP": 1385, "M_HISP": 414, "E_ASIAN": 155, "M_ASIAN": 151, "E_AIAN": 347, "M_AIAN": 261, "E_NHPI": 0, "M_NHPI": 13, "E_TWOMORE": 229, "M_TWOMORE": 141, "E_OTHERRACE": 11, "M_OTHERRACE": 18, "EP_NOINT": 4.7, "MP_NOINT": 4.3, "EP_AFAM": 1.9, "MP_AFAM": 1.4, "EP_HISP": 36.0, "MP_HISP": 8.8, "EP_ASIAN": 4.0, "MP_ASIAN": 3.8, "EP_AIAN": 9.0, "MP_AIAN": 6.8, "EP_NHPI": 0.0, "MP_NHPI": 1.0, "EP_TWOMORE": 6.0, "MP_TWOMORE": 3.6, "EP_OTHERRACE": 0.3, "MP_OTHERRACE": 0.5, "Shape_Length": 0.062543504663042482, "Shape_Area": 0.00018944768699973288 }, "geometry": { "type": "MultiPolygon", "coordinates": [ [ [ [ -106.687321, 35.182325 ], [ -106.68557, 35.185628 ], [ -106.684923, 35.18725 ], [ -106.684744, 35.188873 ], [ -106.684656, 35.189077 ], [ -106.684539, 35.189267 ], [ -106.684404, 35.189449 ], [ -106.68427, 35.189578 ], [ -106.684091, 35.189751 ], [ -106.683129, 35.190235 ], [ -106.681136, 35.191389 ], [ -106.680662, 35.192174 ], [ -106.680163, 35.191979 ], [ -106.678978, 35.191527 ], [ -106.676914, 35.190491 ], [ -106.667261, 35.189194 ], [ -106.665344, 35.189093 ], [ -106.665081, 35.188295 ], [ -106.664768, 35.187717 ], [ -106.662649, 35.186247 ], [ -106.667645, 35.181199 ], [ -106.668062, 35.18094 ], [ -106.668193, 35.180995 ], [ -106.670022, 35.181698 ], [ -106.671596, 35.181899 ], [ -106.674698, 35.181283 ], [ -106.679625, 35.181466 ], [ -106.681359, 35.181277 ], [ -106.686033, 35.179949 ], [ -106.687747, 35.179882 ], [ -106.687321, 35.182325 ] ] ] ] } },
{ "type": "Feature", "properties": { "OBJECTID": 154, "ST": "35", "STATE": "New Mexico", "ST_ABBR": "NM", "STCNTY": "35001", "COUNTY": "Bernalillo County", "FIPS": "35001004753", "LOCATION": "Census Tract 47.53; Bernalillo County; New Mexico", "AREA_SQMI": 1.0682233840740001, "E_TOTPOP": 4149, "M_TOTPOP": 1004, "E_HU": 1675, "M_HU": 222, "E_HH": 1664, "M_HH": 225, "E_POV150": 476, "M_POV150": 270, "E_UNEMP": 70, "M_UNEMP": 47, "E_HBURD": 380, "M_HBURD": 133, "E_NOHSDP": 170, "M_NOHSDP": 174, "E_UNINSUR": 314, "M_UNINSUR": 216, "E_AGE65": 469, "M_AGE65": 90, "E_AGE17": 981, "M_AGE17": 546, "E_DISABL": 373, "M_DISABL": 124, "E_SNGPNT": 67, "M_SNGPNT": 66, "E_LIMENG": 76, "M_LIMENG": 98, "E_MINRTY": 2596, "M_MINRTY": 1070, "E_MUNIT": 286, "M_MUNIT": 159, "E_MOBILE": 121, "M_MOBILE": 104, "E_CROWD": 57, "M_CROWD": 64, "E_NOVEH": 9, "M_NOVEH": 14, "E_GROUPQ": 7, "M_GROUPQ": 3, "EP_POV150": 11.5, "MP_POV150": 5.9, "EP_UNEMP": 3.0, "MP_UNEMP": 2.0, "EP_HBURD": 22.8, "MP_HBURD": 7.4, "EP_NOHSDP": 6.0, "MP_NOHSDP": 6.1, "EP_UNINSUR": 7.6, "MP_UNINSUR": 5.1, "EP_AGE65": 11.3, "MP_AGE65": 3.2, "EP_AGE17": 23.6, "MP_AGE17": 7.9, "EP_DISABL": 9.0, "MP_DISABL": 3.8, "EP_SNGPNT": 4.0, "MP_SNGPNT": 3.9, "EP_LIMENG": 2.0, "MP_LIMENG": 2.5, "EP_MINRTY": 62.6, "MP_MINRTY": 20.9, "EP_MUNIT": 17.1, "MP_MUNIT": 9.2, "EP_MOBILE": 7.2, "MP_MOBILE": 6.4, "EP_CROWD": 3.4, "MP_CROWD": 3.8, "EP_NOVEH": 0.5, "MP_NOVEH": 0.9, "EP_GROUPQ": 0.2, "MP_GROUPQ": 0.1, "EPL_POV150": 0.13, "EPL_UNEMP": 0.2679, "EPL_HBURD": 0.4683, "EPL_NOHSDP": 0.2786, "EPL_UNINSUR": 0.4683, "SPL_THEME1": 1.6131, "RPL_THEME1": 0.2117, "EPL_AGE65": 0.1725, "EPL_AGE17": 0.5937, "EPL_DISABL": 0.085, "EPL_SNGPNT": 0.3133, "EPL_LIMENG": 0.5274, "SPL_THEME2": 1.6919, "RPL_THEME2": 0.12, "EPL_MINRTY": 0.4793, "SPL_THEME3": 0.4793, "RPL_THEME3": 0.4793, "EPL_MUNIT": 0.8885, "EPL_MOBILE": 0.4393, "EPL_CROWD": 0.63, "EPL_NOVEH": 0.1183, "EPL_GROUPQ": 0.5008, "SPL_THEME4": 2.5769, "RPL_THEME4": 0.6317, "SPL_THEMES": 6.3612, "RPL_THEMES": 0.2683, "F_POV150": 0, "F_UNEMP": 0, "F_HBURD": 0, "F_NOHSDP": 0, "F_UNINSUR": 0, "F_THEME1": 0, "F_AGE65": 0, "F_AGE17": 0, "F_DISABL": 0, "F_SNGPNT": 0, "F_LIMENG": 0, "F_THEME2": 0, "F_MINRTY": 0, "F_THEME3": 0, "F_MUNIT": 0, "F_MOBILE": 0, "F_CROWD": 0, "F_NOVEH": 0, "F_GROUPQ": 0, "F_THEME4": 0, "F_TOTAL": 0, "E_DAYPOP": 2873, "E_NOINT": 74, "M_NOINT": 76, "E_AFAM": 173, "M_AFAM": 145, "E_HISP": 2173, "M_HISP": 993, "E_ASIAN": 41, "M_ASIAN": 47, "E_AIAN": 195, "M_AIAN": 183, "E_NHPI": 0, "M_NHPI": 13, "E_TWOMORE": 14, "M_TWOMORE": 27, "E_OTHERRACE": 0, "M_OTHERRACE": 13, "EP_NOINT": 4.4, "MP_NOINT": 4.6, "EP_AFAM": 4.2, "MP_AFAM": 3.6, "EP_HISP": 52.4, "MP_HISP": 13.3, "EP_ASIAN": 1.0, "MP_ASIAN": 1.2, "EP_AIAN": 4.7, "MP_AIAN": 4.5, "EP_NHPI": 0.0, "MP_NHPI": 1.0, "EP_TWOMORE": 0.3, "MP_TWOMORE": 0.7, "EP_OTHERRACE": 0.0, "MP_OTHERRACE": 1.0, "Shape_Length": 0.091865044532241369, "Shape_Area": 0.00028240912400003269 }, "geometry": { "type": "MultiPolygon", "coordinates": [ [ [ [ -106.680996, 35.198254 ], [ -106.679882, 35.200457 ], [ -106.67953, 35.201187 ], [ -106.678737, 35.202326 ], [ -106.677446, 35.202259 ], [ -106.674398, 35.200272 ], [ -106.667634, 35.197792 ], [ -106.666633, 35.197503 ], [ -106.663965, 35.195552 ], [ -106.661445, 35.193392 ], [ -106.657714, 35.190956 ], [ -106.655668, 35.189656 ], [ -106.650907, 35.186718 ], [ -106.650445, 35.186342 ], [ -106.652158, 35.184038 ], [ -106.652766, 35.182171 ], [ -106.660853, 35.181059 ], [ -106.665925, 35.180393 ], [ -106.668062, 35.18094 ], [ -106.667645, 35.181199 ], [ -106.662649, 35.186247 ], [ -106.664768, 35.187717 ], [ -106.665081, 35.188295 ], [ -106.665344, 35.189093 ], [ -106.667261, 35.189194 ], [ -106.676914, 35.190491 ], [ -106.678978, 35.191527 ], [ -106.680163, 35.191979 ], [ -106.680662, 35.192174 ], [ -106.679648, 35.194436 ], [ -106.680935, 35.197421 ], [ -106.680996, 35.198254 ] ] ] ] } },
{ "type": "Feature", "properties": { "OBJECTID": 155, "ST": "35", "STATE": "New Mexico", "ST_ABBR": "NM", "STCNTY": "35001", "COUNTY": "Bernalillo County", "FIPS": "35001004754", "LOCATION": "Census Tract 47.54; Bernalillo County; New Mexico", "AREA_SQMI": 0.83196486756, "E_TOTPOP": 4602, "M_TOTPOP": 959, "E_HU": 1745, "M_HU": 213, "E_HH": 1745, "M_HH": 213, "E_POV150": 499, "M_POV150": 264, "E_UNEMP": 150, "M_UNEMP": 100, "E_HBURD": 349, "M_HBURD": 167, "E_NOHSDP": 80, "M_NOHSDP": 68, "E_UNINSUR": 192, "M_UNINSUR": 198, "E_AGE65": 431, "M_AGE65": 86, "E_AGE17": 1528, "M_AGE17": 590, "E_DISABL": 274, "M_DISABL": 126, "E_SNGPNT": 116, "M_SNGPNT": 84, "E_LIMENG": 42, "M_LIMENG": 76, "E_MINRTY": 3279, "M_MINRTY": 1020, "E_MUNIT": 0, "M_MUNIT": 18, "E_MOBILE": 0, "M_MOBILE": 13, "E_CROWD": 0, "M_CROWD": 18, "E_NOVEH": 21, "M_NOVEH": 34, "E_GROUPQ": 2, "M_GROUPQ": 2, "EP_POV150": 11.0, "MP_POV150": 5.3, "EP_UNEMP": 6.3, "MP_UNEMP": 4.3, "EP_HBURD": 20.0, "MP_HBURD": 9.3, "EP_NOHSDP": 2.8, "MP_NOHSDP": 2.3, "EP_UNINSUR": 4.2, "MP_UNINSUR": 4.5, "EP_AGE65": 9.4, "MP_AGE65": 2.7, "EP_AGE17": 33.2, "MP_AGE17": 6.7, "EP_DISABL": 6.0, "MP_DISABL": 3.1, "EP_SNGPNT": 6.7, "MP_SNGPNT": 4.7, "EP_LIMENG": 1.0, "MP_LIMENG": 1.7, "EP_MINRTY": 71.3, "MP_MINRTY": 16.4, "EP_MUNIT": 0.0, "MP_MUNIT": 1.0, "EP_MOBILE": 0.0, "MP_MOBILE": 2.3, "EP_CROWD": 0.0, "MP_CROWD": 1.0, "EP_NOVEH": 1.2, "MP_NOVEH": 2.0, "EP_GROUPQ": 0.0, "MP_GROUPQ": 0.0, "EPL_POV150": 0.1233, "EPL_UNEMP": 0.5807, "EPL_HBURD": 0.3767, "EPL_NOHSDP": 0.1161, "EPL_UNINSUR": 0.22, "SPL_THEME1": 1.4168, "RPL_THEME1": 0.1483, "EPL_AGE65": 0.1227, "EPL_AGE17": 0.937, "EPL_DISABL": 0.025, "EPL_SNGPNT": 0.5583, "EPL_LIMENG": 0.3416, "SPL_THEME2": 1.9846, "RPL_THEME2": 0.21, "EPL_MINRTY": 0.6352, "SPL_THEME3": 0.6352, "RPL_THEME3": 0.6352, "EPL_MUNIT": 0.0, "EPL_MOBILE": 0.0, "EPL_CROWD": 0.0, "EPL_NOVEH": 0.2067, "EPL_GROUPQ": 0.0, "SPL_THEME4": 0.2067, "RPL_THEME4": 0.0067, "SPL_THEMES": 4.2433, "RPL_THEMES": 0.065, "F_POV150": 0, "F_UNEMP": 0, "F_HBURD": 0, "F_NOHSDP": 0, "F_UNINSUR": 0, "F_THEME1": 0, "F_AGE65": 0, "F_AGE17": 1, "F_DISABL": 0, "F_SNGPNT": 0, "F_LIMENG": 0, "F_THEME2": 1, "F_MINRTY": 0, "F_THEME3": 0, "F_MUNIT": 0, "F_MOBILE": 0, "F_CROWD": 0, "F_NOVEH": 0, "F_GROUPQ": 0, "F_THEME4": 0, "F_TOTAL": 1, "E_DAYPOP": 1280, "E_NOINT": 97, "M_NOINT": 66, "E_AFAM": 304, "M_AFAM": 280, "E_HISP": 2601, "M_HISP": 913, "E_ASIAN": 0, "M_ASIAN": 13, "E_AIAN": 265, "M_AIAN": 228, "E_NHPI": 0, "M_NHPI": 13, "E_TWOMORE": 88, "M_TWOMORE": 67, "E_OTHERRACE": 21, "M_OTHERRACE": 33, "EP_NOINT": 5.6, "MP_NOINT": 4.1, "EP_AFAM": 6.6, "MP_AFAM": 6.1, "EP_HISP": 56.5, "MP_HISP": 9.2, "EP_ASIAN": 0.0, "MP_ASIAN": 0.9, "EP_AIAN": 5.8, "MP_AIAN": 5.3, "EP_NHPI": 0.0, "MP_NHPI": 0.9, "EP_TWOMORE": 1.9, "MP_TWOMORE": 1.5, "EP_OTHERRACE": 0.5, "MP_OTHERRACE": 0.7, "Shape_Length": 0.069178978307442351, "Shape_Area": 0.00021428502199990354 }, "geometry": { "type": "MultiPolygon", "coordinates": [ [ [ [ -106.727728, 35.211933 ], [ -106.724621, 35.212001 ], [ -106.719966, 35.212792 ], [ -106.714316, 35.214045 ], [ -106.710521, 35.21415 ], [ -106.706466, 35.214217 ], [ -106.705521, 35.214152 ], [ -106.703019, 35.214193 ], [ -106.701382, 35.214068 ], [ -106.698474, 35.213147 ], [ -106.699853, 35.210573 ], [ -106.702535, 35.207151 ], [ -106.702922, 35.206147 ], [ -106.705311, 35.20617 ], [ -106.707164, 35.205675 ], [ -106.707781, 35.205581 ], [ -106.70841, 35.205334 ], [ -106.710067, 35.205555 ], [ -106.712448, 35.205888 ], [ -106.714717, 35.20503 ], [ -106.716471, 35.205217 ], [ -106.717938, 35.20476 ], [ -106.720353, 35.205608 ], [ -106.721546, 35.204973 ], [ -106.725469, 35.205306 ], [ -106.727726, 35.206536 ], [ -106.727727, 35.206927 ], [ -106.727728, 35.211933 ] ] ] ] } },
{ "type": "Feature", "properties": { "OBJECTID": 156, "ST": "35", "STATE": "New Mexico", "ST_ABBR": "NM", "STCNTY": "35001", "COUNTY": "Bernalillo County", "FIPS": "35001004755", "LOCATION": "Census Tract 47.55; Bernalillo County; New Mexico", "AREA_SQMI": 2.0157798544959999, "E_TOTPOP": 3775, "M_TOTPOP": 578, "E_HU": 1419, "M_HU": 142, "E_HH": 1389, "M_HH": 152, "E_POV150": 178, "M_POV150": 123, "E_UNEMP": 114, "M_UNEMP": 90, "E_HBURD": 182, "M_HBURD": 102, "E_NOHSDP": 108, "M_NOHSDP": 124, "E_UNINSUR": 303, "M_UNINSUR": 191, "E_AGE65": 436, "M_AGE65": 143, "E_AGE17": 996, "M_AGE17": 258, "E_DISABL": 278, "M_DISABL": 115, "E_SNGPNT": 78, "M_SNGPNT": 57, "E_LIMENG": 33, "M_LIMENG": 57, "E_MINRTY": 2490, "M_MINRTY": 645, "E_MUNIT": 0, "M_MUNIT": 18, "E_MOBILE": 0, "M_MOBILE": 13, "E_CROWD": 17, "M_CROWD": 29, "E_NOVEH": 10, "M_NOVEH": 24, "E_GROUPQ": 0, "M_GROUPQ": 13, "EP_POV150": 4.7, "MP_POV150": 3.2, "EP_UNEMP": 5.8, "MP_UNEMP": 4.5, "EP_HBURD": 13.1, "MP_HBURD": 7.2, "EP_NOHSDP": 4.1, "MP_NOHSDP": 4.3, "EP_UNINSUR": 8.2, "MP_UNINSUR": 4.7, "EP_AGE65": 11.5, "MP_AGE65": 4.1, "EP_AGE17": 26.4, "MP_AGE17": 4.8, "EP_DISABL": 7.6, "MP_DISABL": 3.3, "EP_SNGPNT": 5.6, "MP_SNGPNT": 4.1, "EP_LIMENG": 0.9, "MP_LIMENG": 1.6, "EP_MINRTY": 66.0, "MP_MINRTY": 13.8, "EP_MUNIT": 0.0, "MP_MUNIT": 1.3, "EP_MOBILE": 0.0, "MP_MOBILE": 2.8, "EP_CROWD": 1.2, "MP_CROWD": 2.1, "EP_NOVEH": 0.7, "MP_NOVEH": 1.7, "EP_GROUPQ": 0.0, "MP_GROUPQ": 0.3, "EPL_POV150": 0.0233, "EPL_UNEMP": 0.5291, "EPL_HBURD": 0.13, "EPL_NOHSDP": 0.1907, "EPL_UNINSUR": 0.5033, "SPL_THEME1": 1.3764, "RPL_THEME1": 0.14, "EPL_AGE65": 0.1808, "EPL_AGE17": 0.743, "EPL_DISABL": 0.0467, "EPL_SNGPNT": 0.4567, "EPL_LIMENG": 0.3234, "SPL_THEME2": 1.7506, "RPL_THEME2": 0.1367, "EPL_MINRTY": 0.5556, "SPL_THEME3": 0.5556, "RPL_THEME3": 0.5556, "EPL_MUNIT": 0.0, "EPL_MOBILE": 0.0, "EPL_CROWD": 0.3683, "EPL_NOVEH": 0.1417, "EPL_GROUPQ": 0.0, "SPL_THEME4": 0.51, "RPL_THEME4": 0.0217, "SPL_THEMES": 4.1926, "RPL_THEMES": 0.06, "F_POV150": 0, "F_UNEMP": 0, "F_HBURD": 0, "F_NOHSDP": 0, "F_UNINSUR": 0, "F_THEME1": 0, "F_AGE65": 0, "F_AGE17": 0, "F_DISABL": 0, "F_SNGPNT": 0, "F_LIMENG": 0, "F_THEME2": 0, "F_MINRTY": 0, "F_THEME3": 0, "F_MUNIT": 0, "F_MOBILE": 0, "F_CROWD": 0, "F_NOVEH": 0, "F_GROUPQ": 0, "F_THEME4": 0, "F_TOTAL": 0, "E_DAYPOP": 3240, "E_NOINT": 47, "M_NOINT": 54, "E_AFAM": 60, "M_AFAM": 62, "E_HISP": 1796, "M_HISP": 561, "E_ASIAN": 142, "M_ASIAN": 90, "E_AIAN": 368, "M_AIAN": 321, "E_NHPI": 0, "M_NHPI": 13, "E_TWOMORE": 124, "M_TWOMORE": 94, "E_OTHERRACE": 0, "M_OTHERRACE": 13, "EP_NOINT": 3.4, "MP_NOINT": 3.9, "EP_AFAM": 1.6, "MP_AFAM": 1.7, "EP_HISP": 47.6, "MP_HISP": 10.2, "EP_ASIAN": 3.8, "MP_ASIAN": 2.5, "EP_AIAN": 9.7, "MP_AIAN": 8.0, "EP_NHPI": 0.0, "MP_NHPI": 1.1, "EP_TWOMORE": 3.3, "MP_TWOMORE": 2.7, "EP_OTHERRACE": 0.0, "MP_OTHERRACE": 1.1, "Shape_Length": 0.15119104858864379, "Shape_Area": 0.00052476839849996653 }, "geometry": { "type": "MultiPolygon", "coordinates": [ [ [ [ -106.763062, 35.217994 ], [ -106.729715, 35.217977 ], [ -106.72899, 35.217978 ], [ -106.728077, 35.217978 ], [ -106.713955, 35.217971 ], [ -106.709948, 35.21797 ], [ -106.702829, 35.217966 ], [ -106.696565, 35.217963 ], [ -106.69661, 35.217274 ], [ -106.698474, 35.213147 ], [ -106.701382, 35.214068 ], [ -106.703019, 35.214193 ], [ -106.705521, 35.214152 ], [ -106.706466, 35.214217 ], [ -106.710521, 35.21415 ], [ -106.714316, 35.214045 ], [ -106.719966, 35.212792 ], [ -106.724621, 35.212001 ], [ -106.727728, 35.211933 ], [ -106.727727, 35.206927 ], [ -106.728575, 35.206926 ], [ -106.7303, 35.207634 ], [ -106.733852, 35.207201 ], [ -106.736529, 35.205858 ], [ -106.736906, 35.205771 ], [ -106.737522, 35.205714 ], [ -106.737864, 35.205611 ], [ -106.739269, 35.20545 ], [ -106.739758, 35.205312 ], [ -106.739979, 35.205197 ], [ -106.740137, 35.205011 ], [ -106.740504, 35.20501 ], [ -106.743136, 35.205014 ], [ -106.743137, 35.204403 ], [ -106.744892, 35.204568 ], [ -106.74538, 35.204792 ], [ -106.748434, 35.204698 ], [ -106.750749, 35.203375 ], [ -106.752349, 35.202914 ], [ -106.752627, 35.2033 ], [ -106.752676, 35.203368 ], [ -106.763062, 35.217994 ] ] ] ] } },
{ "type": "Feature", "properties": { "OBJECTID": 157, "ST": "35", "STATE": "New Mexico", "ST_ABBR": "NM", "STCNTY": "35001", "COUNTY": "Bernalillo County", "FIPS": "35001004756", "LOCATION": "Census Tract 47.56; Bernalillo County; New Mexico", "AREA_SQMI": 1.5482473982880001, "E_TOTPOP": 4394, "M_TOTPOP": 594, "E_HU": 1566, "M_HU": 104, "E_HH": 1502, "M_HH": 123, "E_POV150": 548, "M_POV150": 261, "E_UNEMP": 146, "M_UNEMP": 63, "E_HBURD": 345, "M_HBURD": 117, "E_NOHSDP": 135, "M_NOHSDP": 100, "E_UNINSUR": 147, "M_UNINSUR": 98, "E_AGE65": 470, "M_AGE65": 84, "E_AGE17": 1063, "M_AGE17": 189, "E_DISABL": 720, "M_DISABL": 380, "E_SNGPNT": 145, "M_SNGPNT": 75, "E_LIMENG": 39, "M_LIMENG": 57, "E_MINRTY": 2788, "M_MINRTY": 729, "E_MUNIT": 65, "M_MUNIT": 73, "E_MOBILE": 0, "M_MOBILE": 13, "E_CROWD": 0, "M_CROWD": 18, "E_NOVEH": 0, "M_NOVEH": 13, "E_GROUPQ": 5, "M_GROUPQ": 4, "EP_POV150": 12.5, "MP_POV150": 5.7, "EP_UNEMP": 5.9, "MP_UNEMP": 2.9, "EP_HBURD": 23.0, "MP_HBURD": 7.6, "EP_NOHSDP": 4.7, "MP_NOHSDP": 3.3, "EP_UNINSUR": 3.3, "MP_UNINSUR": 2.2, "EP_AGE65": 10.7, "MP_AGE65": 2.2, "EP_AGE17": 24.2, "MP_AGE17": 4.2, "EP_DISABL": 16.4, "MP_DISABL": 6.9, "EP_SNGPNT": 9.6, "MP_SNGPNT": 4.9, "EP_LIMENG": 0.9, "MP_LIMENG": 1.4, "EP_MINRTY": 63.5, "MP_MINRTY": 14.2, "EP_MUNIT": 4.2, "MP_MUNIT": 4.7, "EP_MOBILE": 0.0, "MP_MOBILE": 2.5, "EP_CROWD": 0.0, "MP_CROWD": 1.2, "EP_NOVEH": 0.0, "MP_NOVEH": 2.6, "EP_GROUPQ": 0.1, "MP_GROUPQ": 0.1, "EPL_POV150": 0.155, "EPL_UNEMP": 0.5474, "EPL_HBURD": 0.4733, "EPL_NOHSDP": 0.2239, "EPL_UNINSUR": 0.1417, "SPL_THEME1": 1.5413, "RPL_THEME1": 0.1883, "EPL_AGE65": 0.1493, "EPL_AGE17": 0.6169, "EPL_DISABL": 0.5233, "EPL_SNGPNT": 0.7417, "EPL_LIMENG": 0.3234, "SPL_THEME2": 2.3546, "RPL_THEME2": 0.4067, "EPL_MINRTY": 0.5041, "SPL_THEME3": 0.5041, "RPL_THEME3": 0.5041, "EPL_MUNIT": 0.6722, "EPL_MOBILE": 0.0, "EPL_CROWD": 0.0, "EPL_NOVEH": 0.0, "EPL_GROUPQ": 0.4312, "SPL_THEME4": 1.1034, "RPL_THEME4": 0.09, "SPL_THEMES": 5.5034, "RPL_THEMES": 0.1633, "F_POV150": 0, "F_UNEMP": 0, "F_HBURD": 0, "F_NOHSDP": 0, "F_UNINSUR": 0, "F_THEME1": 0, "F_AGE65": 0, "F_AGE17": 0, "F_DISABL": 0, "F_SNGPNT": 0, "F_LIMENG": 0, "F_THEME2": 0, "F_MINRTY": 0, "F_THEME3": 0, "F_MUNIT": 0, "F_MOBILE": 0, "F_CROWD": 0, "F_NOVEH": 0, "F_GROUPQ": 0, "F_THEME4": 0, "F_TOTAL": 0, "E_DAYPOP": 3778, "E_NOINT": 125, "M_NOINT": 71, "E_AFAM": 185, "M_AFAM": 129, "E_HISP": 2084, "M_HISP": 545, "E_ASIAN": 84, "M_ASIAN": 62, "E_AIAN": 144, "M_AIAN": 113, "E_NHPI": 0, "M_NHPI": 13, "E_TWOMORE": 185, "M_TWOMORE": 105, "E_OTHERRACE": 106, "M_OTHERRACE": 102, "EP_NOINT": 8.3, "MP_NOINT": 4.7, "EP_AFAM": 4.2, "MP_AFAM": 2.8, "EP_HISP": 47.4, "MP_HISP": 8.9, "EP_ASIAN": 1.9, "MP_ASIAN": 1.4, "EP_AIAN": 3.3, "MP_AIAN": 2.6, "EP_NHPI": 0.0, "MP_NHPI": 0.9, "EP_TWOMORE": 4.2, "MP_TWOMORE": 2.4, "EP_OTHERRACE": 2.4, "MP_OTHERRACE": 2.3, "Shape_Length": 0.14799291669308712, "Shape_Area": 0.00040050811150005338 }, "geometry": { "type": "MultiPolygon", "coordinates": [ [ [ [ -106.727654, 35.192136 ], [ -106.721031, 35.192179 ], [ -106.719528, 35.192461 ], [ -106.706452, 35.196458 ], [ -106.705075, 35.196746 ], [ -106.703343, 35.196841 ], [ -106.703262, 35.196946 ], [ -106.70024, 35.196937 ], [ -106.698529, 35.196769 ], [ -106.696945, 35.196067 ], [ -106.695778, 35.195285 ], [ -106.6919, 35.192433 ], [ -106.686544, 35.191063 ], [ -106.684742, 35.190106 ], [ -106.684091, 35.189751 ], [ -106.68427, 35.189578 ], [ -106.684404, 35.189449 ], [ -106.684539, 35.189267 ], [ -106.684656, 35.189077 ], [ -106.684744, 35.188873 ], [ -106.684923, 35.18725 ], [ -106.68557, 35.185628 ], [ -106.687321, 35.182325 ], [ -106.687747, 35.179882 ], [ -106.68961, 35.179823 ], [ -106.690705, 35.179687 ], [ -106.691302, 35.179613 ], [ -106.690867, 35.183669 ], [ -106.691228, 35.185378 ], [ -106.69033, 35.186954 ], [ -106.686326, 35.189901 ], [ -106.688536, 35.190614 ], [ -106.688781, 35.189384 ], [ -106.691021, 35.190856 ], [ -106.692939, 35.190203 ], [ -106.693248, 35.189305 ], [ -106.697178, 35.189374 ], [ -106.698431, 35.190757 ], [ -106.703287, 35.190693 ], [ -106.703287, 35.188805 ], [ -106.7076, 35.188826 ], [ -106.707595, 35.187063 ], [ -106.703851, 35.187089 ], [ -106.703851, 35.185502 ], [ -106.700996, 35.185515 ], [ -106.701026, 35.179601 ], [ -106.702181, 35.179675 ], [ -106.713879, 35.179773 ], [ -106.716669, 35.18064 ], [ -106.720102, 35.18397 ], [ -106.724882, 35.188541 ], [ -106.727675, 35.189103 ], [ -106.727654, 35.192136 ] ] ] ] } },
{ "type": "Feature", "properties": { "OBJECTID": 158, "ST": "35", "STATE": "New Mexico", "ST_ABBR": "NM", "STCNTY": "35001", "COUNTY": "Bernalillo County", "FIPS": "35001004757", "LOCATION": "Census Tract 47.57; Bernalillo County; New Mexico", "AREA_SQMI": 0.65177531128199995, "E_TOTPOP": 5434, "M_TOTPOP": 738, "E_HU": 1984, "M_HU": 338, "E_HH": 1934, "M_HH": 350, "E_POV150": 796, "M_POV150": 463, "E_UNEMP": 85, "M_UNEMP": 62, "E_HBURD": 507, "M_HBURD": 290, "E_NOHSDP": 40, "M_NOHSDP": 42, "E_UNINSUR": 20, "M_UNINSUR": 32, "E_AGE65": 788, "M_AGE65": 267, "E_AGE17": 1402, "M_AGE17": 289, "E_DISABL": 735, "M_DISABL": 433, "E_SNGPNT": 285, "M_SNGPNT": 217, "E_LIMENG": 71, "M_LIMENG": 95, "E_MINRTY": 2775, "M_MINRTY": 960, "E_MUNIT": 0, "M_MUNIT": 26, "E_MOBILE": 0, "M_MOBILE": 19, "E_CROWD": 14, "M_CROWD": 30, "E_NOVEH": 192, "M_NOVEH": 224, "E_GROUPQ": 0, "M_GROUPQ": 19, "EP_POV150": 14.6, "MP_POV150": 8.3, "EP_UNEMP": 2.7, "MP_UNEMP": 2.0, "EP_HBURD": 26.2, "MP_HBURD": 14.2, "EP_NOHSDP": 1.1, "MP_NOHSDP": 1.2, "EP_UNINSUR": 0.4, "MP_UNINSUR": 0.6, "EP_AGE65": 14.5, "MP_AGE65": 4.5, "EP_AGE17": 25.8, "MP_AGE17": 4.5, "EP_DISABL": 13.6, "MP_DISABL": 7.1, "EP_SNGPNT": 14.8, "MP_SNGPNT": 10.9, "EP_LIMENG": 1.4, "MP_LIMENG": 1.8, "EP_MINRTY": 51.1, "MP_MINRTY": 16.2, "EP_MUNIT": 0.0, "MP_MUNIT": 1.3, "EP_MOBILE": 0.0, "MP_MOBILE": 2.0, "EP_CROWD": 0.7, "MP_CROWD": 1.5, "EP_NOVEH": 9.9, "MP_NOVEH": 10.7, "EP_GROUPQ": 0.0, "MP_GROUPQ": 0.3, "EPL_POV150": 0.1917, "EPL_UNEMP": 0.2296, "EPL_HBURD": 0.5583, "EPL_NOHSDP": 0.0415, "EPL_UNINSUR": 0.0117, "SPL_THEME1": 1.0328, "RPL_THEME1": 0.06, "EPL_AGE65": 0.3101, "EPL_AGE17": 0.7164, "EPL_DISABL": 0.3517, "EPL_SNGPNT": 0.92, "EPL_LIMENG": 0.4229, "SPL_THEME2": 2.7211, "RPL_THEME2": 0.645, "EPL_MINRTY": 0.2753, "SPL_THEME3": 0.2753, "RPL_THEME3": 0.2753, "EPL_MUNIT": 0.0, "EPL_MOBILE": 0.0, "EPL_CROWD": 0.2917, "EPL_NOVEH": 0.7983, "EPL_GROUPQ": 0.0, "SPL_THEME4": 1.09, "RPL_THEME4": 0.0883, "SPL_THEMES": 5.1192, "RPL_THEMES": 0.1217, "F_POV150": 0, "F_UNEMP": 0, "F_HBURD": 0, "F_NOHSDP": 0, "F_UNINSUR": 0, "F_THEME1": 0, "F_AGE65": 0, "F_AGE17": 0, "F_DISABL": 0, "F_SNGPNT": 1, "F_LIMENG": 0, "F_THEME2": 1, "F_MINRTY": 0, "F_THEME3": 0, "F_MUNIT": 0, "F_MOBILE": 0, "F_CROWD": 0, "F_NOVEH": 0, "F_GROUPQ": 0, "F_THEME4": 0, "F_TOTAL": 1, "E_DAYPOP": 1462, "E_NOINT": 204, "M_NOINT": 221, "E_AFAM": 9, "M_AFAM": 19, "E_HISP": 2541, "M_HISP": 435, "E_ASIAN": 62, "M_ASIAN": 67, "E_AIAN": 33, "M_AIAN": 52, "E_NHPI": 0, "M_NHPI": 19, "E_TWOMORE": 89, "M_TWOMORE": 99, "E_OTHERRACE": 41, "M_OTHERRACE": 74, "EP_NOINT": 10.5, "MP_NOINT": 10.5, "EP_AFAM": 0.2, "MP_AFAM": 0.3, "EP_HISP": 46.8, "MP_HISP": 6.8, "EP_ASIAN": 1.1, "MP_ASIAN": 1.2, "EP_AIAN": 0.6, "MP_AIAN": 1.0, "EP_NHPI": 0.0, "MP_NHPI": 0.7, "EP_TWOMORE": 1.6, "MP_TWOMORE": 1.8, "EP_OTHERRACE": 0.8, "MP_OTHERRACE": 1.4, "Shape_Length": 0.056449990127377427, "Shape_Area": 0.00016952641900025084 }, "geometry": { "type": "MultiPolygon", "coordinates": [ [ [ [ -106.752349, 35.202914 ], [ -106.750749, 35.203375 ], [ -106.748434, 35.204698 ], [ -106.74538, 35.204792 ], [ -106.744892, 35.204568 ], [ -106.743137, 35.204403 ], [ -106.743136, 35.205014 ], [ -106.740504, 35.20501 ], [ -106.740498, 35.203244 ], [ -106.73655, 35.203241 ], [ -106.736685, 35.201329 ], [ -106.737086, 35.200155 ], [ -106.737629, 35.197647 ], [ -106.736922, 35.195192 ], [ -106.736375, 35.193542 ], [ -106.736554, 35.189084 ], [ -106.742354, 35.189044 ], [ -106.743191, 35.188968 ], [ -106.74453, 35.191169 ], [ -106.745433, 35.192656 ], [ -106.75225, 35.202768 ], [ -106.752349, 35.202914 ] ] ] ] } },
{ "type": "Feature", "properties": { "OBJECTID": 159, "ST": "35", "STATE": "New Mexico", "ST_ABBR": "NM", "STCNTY": "35001", "COUNTY": "Bernalillo County", "FIPS": "35001004758", "LOCATION": "Census Tract 47.58; Bernalillo County; New Mexico", "AREA_SQMI": 0.66523559920599995, "E_TOTPOP": 3846, "M_TOTPOP": 477, "E_HU": 1363, "M_HU": 193, "E_HH": 1363, "M_HH": 193, "E_POV150": 636, "M_POV150": 343, "E_UNEMP": 183, "M_UNEMP": 134, "E_HBURD": 265, "M_HBURD": 128, "E_NOHSDP": 78, "M_NOHSDP": 104, "E_UNINSUR": 221, "M_UNINSUR": 203, "E_AGE65": 357, "M_AGE65": 116, "E_AGE17": 1197, "M_AGE17": 187, "E_DISABL": 404, "M_DISABL": 225, "E_SNGPNT": 344, "M_SNGPNT": 209, "E_LIMENG": 11, "M_LIMENG": 53, "E_MINRTY": 2347, "M_MINRTY": 553, "E_MUNIT": 0, "M_MUNIT": 18, "E_MOBILE": 0, "M_MOBILE": 13, "E_CROWD": 19, "M_CROWD": 32, "E_NOVEH": 35, "M_NOVEH": 39, "E_GROUPQ": 0, "M_GROUPQ": 13, "EP_POV150": 16.5, "MP_POV150": 8.7, "EP_UNEMP": 9.5, "MP_UNEMP": 6.0, "EP_HBURD": 19.4, "MP_HBURD": 9.0, "EP_NOHSDP": 3.4, "MP_NOHSDP": 4.5, "EP_UNINSUR": 5.7, "MP_UNINSUR": 4.8, "EP_AGE65": 9.3, "MP_AGE65": 3.2, "EP_AGE17": 31.1, "MP_AGE17": 3.2, "EP_DISABL": 10.5, "MP_DISABL": 5.5, "EP_SNGPNT": 25.2, "MP_SNGPNT": 14.9, "EP_LIMENG": 0.3, "MP_LIMENG": 1.4, "EP_MINRTY": 61.0, "MP_MINRTY": 12.2, "EP_MUNIT": 0.0, "MP_MUNIT": 1.3, "EP_MOBILE": 0.0, "MP_MOBILE": 2.9, "EP_CROWD": 1.4, "MP_CROWD": 2.3, "EP_NOVEH": 2.6, "MP_NOVEH": 2.9, "EP_GROUPQ": 0.0, "MP_GROUPQ": 0.3, "EPL_POV150": 0.23, "EPL_UNEMP": 0.7521, "EPL_HBURD": 0.3567, "EPL_NOHSDP": 0.1526, "EPL_UNINSUR": 0.3067, "SPL_THEME1": 1.7981, "RPL_THEME1": 0.2567, "EPL_AGE65": 0.1194, "EPL_AGE17": 0.8988, "EPL_DISABL": 0.1417, "EPL_SNGPNT": 0.9983, "EPL_LIMENG": 0.1891, "SPL_THEME2": 2.3473, "RPL_THEME2": 0.4033, "EPL_MINRTY": 0.4527, "SPL_THEME3": 0.4527, "RPL_THEME3": 0.4527, "EPL_MUNIT": 0.0, "EPL_MOBILE": 0.0, "EPL_CROWD": 0.39, "EPL_NOVEH": 0.365, "EPL_GROUPQ": 0.0, "SPL_THEME4": 0.755, "RPL_THEME4": 0.0383, "SPL_THEMES": 5.3531, "RPL_THEMES": 0.155, "F_POV150": 0, "F_UNEMP": 0, "F_HBURD": 0, "F_NOHSDP": 0, "F_UNINSUR": 0, "F_THEME1": 0, "F_AGE65": 0, "F_AGE17": 0, "F_DISABL": 0, "F_SNGPNT": 1, "F_LIMENG": 0, "F_THEME2": 1, "F_MINRTY": 0, "F_THEME3": 0, "F_MUNIT": 0, "F_MOBILE": 0, "F_CROWD": 0, "F_NOVEH": 0, "F_GROUPQ": 0, "F_THEME4": 0, "F_TOTAL": 1, "E_DAYPOP": 3099, "E_NOINT": 57, "M_NOINT": 49, "E_AFAM": 0, "M_AFAM": 13, "E_HISP": 1681, "M_HISP": 256, "E_ASIAN": 85, "M_ASIAN": 118, "E_AIAN": 284, "M_AIAN": 307, "E_NHPI": 0, "M_NHPI": 13, "E_TWOMORE": 297, "M_TWOMORE": 194, "E_OTHERRACE": 0, "M_OTHERRACE": 13, "EP_NOINT": 4.2, "MP_NOINT": 3.6, "EP_AFAM": 0.0, "MP_AFAM": 1.0, "EP_HISP": 43.7, "MP_HISP": 8.2, "EP_ASIAN": 2.2, "MP_ASIAN": 3.1, "EP_AIAN": 7.4, "MP_AIAN": 7.4, "EP_NHPI": 0.0, "MP_NHPI": 1.0, "EP_TWOMORE": 7.7, "MP_TWOMORE": 4.5, "EP_OTHERRACE": 0.0, "MP_OTHERRACE": 1.0, "Shape_Length": 0.060327031824643759, "Shape_Area": 0.00017272803550005743 }, "geometry": { "type": "MultiPolygon", "coordinates": [ [ [ [ -106.740504, 35.20501 ], [ -106.740137, 35.205011 ], [ -106.739979, 35.205197 ], [ -106.739758, 35.205312 ], [ -106.739269, 35.20545 ], [ -106.737864, 35.205611 ], [ -106.737522, 35.205714 ], [ -106.736906, 35.205771 ], [ -106.736529, 35.205858 ], [ -106.733852, 35.207201 ], [ -106.7303, 35.207634 ], [ -106.728575, 35.206926 ], [ -106.727727, 35.206927 ], [ -106.727726, 35.206536 ], [ -106.72766, 35.203284 ], [ -106.727655, 35.194682 ], [ -106.727654, 35.192136 ], [ -106.727675, 35.189103 ], [ -106.736554, 35.189084 ], [ -106.736375, 35.193542 ], [ -106.736922, 35.195192 ], [ -106.737629, 35.197647 ], [ -106.737086, 35.200155 ], [ -106.736685, 35.201329 ], [ -106.73655, 35.203241 ], [ -106.740498, 35.203244 ], [ -106.740504, 35.20501 ] ] ] ] } },
{ "type": "Feature", "properties": { "OBJECTID": 160, "ST": "35", "STATE": "New Mexico", "ST_ABBR": "NM", "STCNTY": "35001", "COUNTY": "Bernalillo County", "FIPS": "35001004759", "LOCATION": "Census Tract 47.59; Bernalillo County; New Mexico", "AREA_SQMI": 1.195505383292, "E_TOTPOP": 3251, "M_TOTPOP": 736, "E_HU": 1229, "M_HU": 238, "E_HH": 1199, "M_HH": 244, "E_POV150": 1478, "M_POV150": 626, "E_UNEMP": 185, "M_UNEMP": 168, "E_HBURD": 330, "M_HBURD": 239, "E_NOHSDP": 469, "M_NOHSDP": 249, "E_UNINSUR": 247, "M_UNINSUR": 173, "E_AGE65": 176, "M_AGE65": 50, "E_AGE17": 832, "M_AGE17": 389, "E_DISABL": 505, "M_DISABL": 265, "E_SNGPNT": 126, "M_SNGPNT": 95, "E_LIMENG": 298, "M_LIMENG": 186, "E_MINRTY": 2997, "M_MINRTY": 749, "E_MUNIT": 134, "M_MUNIT": 123, "E_MOBILE": 707, "M_MOBILE": 263, "E_CROWD": 52, "M_CROWD": 62, "E_NOVEH": 0, "M_NOVEH": 13, "E_GROUPQ": 5, "M_GROUPQ": 2, "EP_POV150": 45.5, "MP_POV150": 16.3, "EP_UNEMP": 10.5, "MP_UNEMP": 9.0, "EP_HBURD": 27.5, "MP_HBURD": 19.1, "EP_NOHSDP": 23.7, "MP_NOHSDP": 12.6, "EP_UNINSUR": 7.6, "MP_UNINSUR": 5.2, "EP_AGE65": 5.4, "MP_AGE65": 2.0, "EP_AGE17": 25.6, "MP_AGE17": 7.2, "EP_DISABL": 15.5, "MP_DISABL": 7.7, "EP_SNGPNT": 10.5, "MP_SNGPNT": 7.6, "EP_LIMENG": 9.7, "MP_LIMENG": 5.7, "EP_MINRTY": 92.2, "MP_MINRTY": 9.8, "EP_MUNIT": 10.9, "MP_MUNIT": 9.8, "EP_MOBILE": 57.5, "MP_MOBILE": 14.8, "EP_CROWD": 4.3, "MP_CROWD": 5.1, "EP_NOVEH": 0.0, "MP_NOVEH": 3.3, "EP_GROUPQ": 0.2, "MP_GROUPQ": 0.0, "EPL_POV150": 0.82, "EPL_UNEMP": 0.7987, "EPL_HBURD": 0.6067, "EPL_NOHSDP": 0.8325, "EPL_UNINSUR": 0.4683, "SPL_THEME1": 3.5262, "RPL_THEME1": 0.83, "EPL_AGE65": 0.0299, "EPL_AGE17": 0.7032, "EPL_DISABL": 0.475, "EPL_SNGPNT": 0.7967, "EPL_LIMENG": 0.8939, "SPL_THEME2": 2.8987, "RPL_THEME2": 0.7717, "EPL_MINRTY": 0.8756, "SPL_THEME3": 0.8756, "RPL_THEME3": 0.8756, "EPL_MUNIT": 0.827, "EPL_MOBILE": 0.9517, "EPL_CROWD": 0.6917, "EPL_NOVEH": 0.0, "EPL_GROUPQ": 0.5008, "SPL_THEME4": 2.9712, "RPL_THEME4": 0.82, "SPL_THEMES": 10.2717, "RPL_THEMES": 0.8833, "F_POV150": 0, "F_UNEMP": 0, "F_HBURD": 0, "F_NOHSDP": 0, "F_UNINSUR": 0, "F_THEME1": 0, "F_AGE65": 0, "F_AGE17": 0, "F_DISABL": 0, "F_SNGPNT": 0, "F_LIMENG": 0, "F_THEME2": 0, "F_MINRTY": 0, "F_THEME3": 0, "F_MUNIT": 0, "F_MOBILE": 1, "F_CROWD": 0, "F_NOVEH": 0, "F_GROUPQ": 0, "F_THEME4": 1, "F_TOTAL": 1, "E_DAYPOP": 3665, "E_NOINT": 290, "M_NOINT": 211, "E_AFAM": 0, "M_AFAM": 13, "E_HISP": 2858, "M_HISP": 697, "E_ASIAN": 8, "M_ASIAN": 74, "E_AIAN": 131, "M_AIAN": 199, "E_NHPI": 0, "M_NHPI": 13, "E_TWOMORE": 0, "M_TWOMORE": 13, "E_OTHERRACE": 0, "M_OTHERRACE": 13, "EP_NOINT": 24.2, "MP_NOINT": 14.4, "EP_AFAM": 0.0, "MP_AFAM": 1.2, "EP_HISP": 87.9, "MP_HISP": 7.4, "EP_ASIAN": 0.2, "MP_ASIAN": 2.3, "EP_AIAN": 4.0, "MP_AIAN": 5.9, "EP_NHPI": 0.0, "MP_NHPI": 1.2, "EP_TWOMORE": 0.0, "MP_TWOMORE": 1.2, "EP_OTHERRACE": 0.0, "MP_OTHERRACE": 1.2, "Shape_Length": 0.071936074318972754, "Shape_Area": 0.00030610156699924251 }, "geometry": { "type": "MultiPolygon", "coordinates": [ [ [ [ -106.746684, 35.085915 ], [ -106.739218, 35.089598 ], [ -106.729859, 35.094388 ], [ -106.729425, 35.090163 ], [ -106.727472, 35.086606 ], [ -106.72475, 35.082537 ], [ -106.72381, 35.08019 ], [ -106.722801, 35.077193 ], [ -106.729975, 35.075572 ], [ -106.737863, 35.073799 ], [ -106.742726, 35.072724 ], [ -106.743036, 35.07449 ], [ -106.744561, 35.07929 ], [ -106.746684, 35.085915 ] ] ] ] } },
{ "type": "Feature", "properties": { "OBJECTID": 161, "ST": "35", "STATE": "New Mexico", "ST_ABBR": "NM", "STCNTY": "35001", "COUNTY": "Bernalillo County", "FIPS": "35001004760", "LOCATION": "Census Tract 47.60; Bernalillo County; New Mexico", "AREA_SQMI": 1.516856919586, "E_TOTPOP": 4031, "M_TOTPOP": 573, "E_HU": 1780, "M_HU": 252, "E_HH": 1780, "M_HH": 252, "E_POV150": 1935, "M_POV150": 530, "E_UNEMP": 8, "M_UNEMP": 22, "E_HBURD": 732, "M_HBURD": 333, "E_NOHSDP": 349, "M_NOHSDP": 163, "E_UNINSUR": 174, "M_UNINSUR": 194, "E_AGE65": 719, "M_AGE65": 304, "E_AGE17": 1078, "M_AGE17": 309, "E_DISABL": 859, "M_DISABL": 449, "E_SNGPNT": 365, "M_SNGPNT": 130, "E_LIMENG": 102, "M_LIMENG": 128, "E_MINRTY": 3592, "M_MINRTY": 599, "E_MUNIT": 993, "M_MUNIT": 326, "E_MOBILE": 8, "M_MOBILE": 22, "E_CROWD": 38, "M_CROWD": 55, "E_NOVEH": 134, "M_NOVEH": 102, "E_GROUPQ": 0, "M_GROUPQ": 13, "EP_POV150": 48.0, "MP_POV150": 11.2, "EP_UNEMP": 0.5, "MP_UNEMP": 1.3, "EP_HBURD": 41.1, "MP_HBURD": 17.8, "EP_NOHSDP": 14.2, "MP_NOHSDP": 6.7, "EP_UNINSUR": 4.3, "MP_UNINSUR": 4.8, "EP_AGE65": 17.8, "MP_AGE65": 6.6, "EP_AGE17": 26.7, "MP_AGE17": 5.8, "EP_DISABL": 21.3, "MP_DISABL": 9.5, "EP_SNGPNT": 20.5, "MP_SNGPNT": 6.7, "EP_LIMENG": 2.7, "MP_LIMENG": 3.4, "EP_MINRTY": 89.1, "MP_MINRTY": 7.8, "EP_MUNIT": 55.8, "MP_MUNIT": 16.5, "EP_MOBILE": 0.4, "MP_MOBILE": 1.2, "EP_CROWD": 2.1, "MP_CROWD": 3.1, "EP_NOVEH": 7.5, "MP_NOVEH": 5.9, "EP_GROUPQ": 0.0, "MP_GROUPQ": 0.3, "EPL_POV150": 0.865, "EPL_UNEMP": 0.0549, "EPL_HBURD": 0.9017, "EPL_NOHSDP": 0.5987, "EPL_UNINSUR": 0.225, "SPL_THEME1": 2.6453, "RPL_THEME1": 0.5667, "EPL_AGE65": 0.5141, "EPL_AGE17": 0.7529, "EPL_DISABL": 0.77, "EPL_SNGPNT": 0.9783, "EPL_LIMENG": 0.6053, "SPL_THEME2": 3.6206, "RPL_THEME2": 0.9633, "EPL_MINRTY": 0.8441, "SPL_THEME3": 0.8441, "RPL_THEME3": 0.8441, "EPL_MUNIT": 0.9917, "EPL_MOBILE": 0.2113, "EPL_CROWD": 0.475, "EPL_NOVEH": 0.71, "EPL_GROUPQ": 0.0, "SPL_THEME4": 2.388, "RPL_THEME4": 0.5417, "SPL_THEMES": 9.498, "RPL_THEMES": 0.765, "F_POV150": 0, "F_UNEMP": 0, "F_HBURD": 1, "F_NOHSDP": 0, "F_UNINSUR": 0, "F_THEME1": 1, "F_AGE65": 0, "F_AGE17": 0, "F_DISABL": 0, "F_SNGPNT": 1, "F_LIMENG": 0, "F_THEME2": 1, "F_MINRTY": 0, "F_THEME3": 0, "F_MUNIT": 1, "F_MOBILE": 0, "F_CROWD": 0, "F_NOVEH": 0, "F_GROUPQ": 0, "F_THEME4": 1, "F_TOTAL": 3, "E_DAYPOP": 6617, "E_NOINT": 400, "M_NOINT": 218, "E_AFAM": 32, "M_AFAM": 36, "E_HISP": 3090, "M_HISP": 532, "E_ASIAN": 129, "M_ASIAN": 198, "E_AIAN": 78, "M_AIAN": 164, "E_NHPI": 0, "M_NHPI": 13, "E_TWOMORE": 105, "M_TWOMORE": 85, "E_OTHERRACE": 158, "M_OTHERRACE": 245, "EP_NOINT": 22.5, "MP_NOINT": 11.8, "EP_AFAM": 0.8, "MP_AFAM": 0.9, "EP_HISP": 76.7, "MP_HISP": 8.8, "EP_ASIAN": 3.2, "MP_ASIAN": 4.9, "EP_AIAN": 1.9, "MP_AIAN": 4.1, "EP_NHPI": 0.0, "MP_NHPI": 1.0, "EP_TWOMORE": 2.6, "MP_TWOMORE": 2.2, "EP_OTHERRACE": 3.9, "MP_OTHERRACE": 5.8, "Shape_Length": 0.087255742271032499, "Shape_Area": 0.00038900413899983462 }, "geometry": { "type": "MultiPolygon", "coordinates": [ [ [ [ -106.729859, 35.094388 ], [ -106.722428, 35.098125 ], [ -106.71875, 35.09997 ], [ -106.718073, 35.10031 ], [ -106.711246, 35.10377 ], [ -106.706281, 35.106048 ], [ -106.704594, 35.106585 ], [ -106.707122, 35.100397 ], [ -106.709613, 35.094361 ], [ -106.710237, 35.09259 ], [ -106.710592, 35.091078 ], [ -106.710753, 35.089323 ], [ -106.710818, 35.083123 ], [ -106.710827, 35.08173 ], [ -106.710591, 35.079984 ], [ -106.722801, 35.077193 ], [ -106.72381, 35.08019 ], [ -106.72475, 35.082537 ], [ -106.727472, 35.086606 ], [ -106.729425, 35.090163 ], [ -106.729859, 35.094388 ] ] ] ] } },
{ "type": "Feature", "properties": { "OBJECTID": 162, "ST": "35", "STATE": "New Mexico", "ST_ABBR": "NM", "STCNTY": "35001", "COUNTY": "Bernalillo County", "FIPS": "35001004761", "LOCATION": "Census Tract 47.61; Bernalillo County; New Mexico", "AREA_SQMI": 0.87343685558399997, "E_TOTPOP": 2557, "M_TOTPOP": 1261, "E_HU": 879, "M_HU": 424, "E_HH": 879, "M_HH": 424, "E_POV150": 345, "M_POV150": 378, "E_UNEMP": 36, "M_UNEMP": 44, "E_HBURD": 125, "M_HBURD": 69, "E_NOHSDP": 65, "M_NOHSDP": 70, "E_UNINSUR": 313, "M_UNINSUR": 159, "E_AGE65": 90, "M_AGE65": 58, "E_AGE17": 688, "M_AGE17": 414, "E_DISABL": 186, "M_DISABL": 150, "E_SNGPNT": 3, "M_SNGPNT": 15, "E_LIMENG": 80, "M_LIMENG": 94, "E_MINRTY": 2462, "M_MINRTY": 1263, "E_MUNIT": 7, "M_MUNIT": 19, "E_MOBILE": 0, "M_MOBILE": 13, "E_CROWD": 5, "M_CROWD": 18, "E_NOVEH": 0, "M_NOVEH": 13, "E_GROUPQ": 0, "M_GROUPQ": 13, "EP_POV150": 13.5, "MP_POV150": 13.2, "EP_UNEMP": 2.8, "MP_UNEMP": 3.7, "EP_HBURD": 14.2, "MP_HBURD": 3.8, "EP_NOHSDP": 4.8, "MP_NOHSDP": 5.2, "EP_UNINSUR": 12.4, "MP_UNINSUR": 8.5, "EP_AGE65": 3.5, "MP_AGE65": 3.2, "EP_AGE17": 26.9, "MP_AGE17": 5.6, "EP_DISABL": 7.4, "MP_DISABL": 7.1, "EP_SNGPNT": 0.3, "MP_SNGPNT": 1.7, "EP_LIMENG": 3.3, "MP_LIMENG": 3.5, "EP_MINRTY": 96.3, "MP_MINRTY": 13.6, "EP_MUNIT": 0.8, "MP_MUNIT": 2.1, "EP_MOBILE": 0.0, "MP_MOBILE": 4.4, "EP_CROWD": 0.6, "MP_CROWD": 2.0, "EP_NOVEH": 0.0, "MP_NOVEH": 4.4, "EP_GROUPQ": 0.0, "MP_GROUPQ": 0.5, "EPL_POV150": 0.1717, "EPL_UNEMP": 0.2413, "EPL_HBURD": 0.1767, "EPL_NOHSDP": 0.2322, "EPL_UNINSUR": 0.7133, "SPL_THEME1": 1.5352, "RPL_THEME1": 0.1867, "EPL_AGE65": 0.0133, "EPL_AGE17": 0.7595, "EPL_DISABL": 0.0417, "EPL_SNGPNT": 0.0717, "EPL_LIMENG": 0.67, "SPL_THEME2": 1.5562, "RPL_THEME2": 0.085, "EPL_MINRTY": 0.9337, "SPL_THEME3": 0.9337, "RPL_THEME3": 0.9337, "EPL_MUNIT": 0.4992, "EPL_MOBILE": 0.0, "EPL_CROWD": 0.2833, "EPL_NOVEH": 0.0, "EPL_GROUPQ": 0.0, "SPL_THEME4": 0.7825, "RPL_THEME4": 0.0417, "SPL_THEMES": 4.8076, "RPL_THEMES": 0.0983, "F_POV150": 0, "F_UNEMP": 0, "F_HBURD": 0, "F_NOHSDP": 0, "F_UNINSUR": 0, "F_THEME1": 0, "F_AGE65": 0, "F_AGE17": 0, "F_DISABL": 0, "F_SNGPNT": 0, "F_LIMENG": 0, "F_THEME2": 0, "F_MINRTY": 1, "F_THEME3": 1, "F_MUNIT": 0, "F_MOBILE": 0, "F_CROWD": 0, "F_NOVEH": 0, "F_GROUPQ": 0, "F_THEME4": 0, "F_TOTAL": 1, "E_DAYPOP": 1050, "E_NOINT": 54, "M_NOINT": 52, "E_AFAM": 106, "M_AFAM": 112, "E_HISP": 2286, "M_HISP": 1270, "E_ASIAN": 0, "M_ASIAN": 13, "E_AIAN": 61, "M_AIAN": 63, "E_NHPI": 0, "M_NHPI": 13, "E_TWOMORE": 9, "M_TWOMORE": 23, "E_OTHERRACE": 0, "M_OTHERRACE": 13, "EP_NOINT": 6.1, "MP_NOINT": 7.0, "EP_AFAM": 4.1, "MP_AFAM": 5.0, "EP_HISP": 89.4, "MP_HISP": 8.1, "EP_ASIAN": 0.0, "MP_ASIAN": 1.5, "EP_AIAN": 2.4, "MP_AIAN": 2.9, "EP_NHPI": 0.0, "MP_NHPI": 1.5, "EP_TWOMORE": 0.4, "MP_TWOMORE": 1.0, "EP_OTHERRACE": 0.0, "MP_OTHERRACE": 1.5, "Shape_Length": 0.063074582466352114, "Shape_Area": 0.00022338293550017084 }, "geometry": { "type": "MultiPolygon", "coordinates": [ [ [ [ -106.723795, 35.070135 ], [ -106.723125, 35.071956 ], [ -106.717535, 35.070897 ], [ -106.708958, 35.069341 ], [ -106.700953, 35.067925 ], [ -106.703506, 35.061238 ], [ -106.708032, 35.060291 ], [ -106.708995, 35.060083 ], [ -106.71111, 35.059651 ], [ -106.712514, 35.059348 ], [ -106.715159, 35.058738 ], [ -106.720293, 35.058268 ], [ -106.720961, 35.058261 ], [ -106.722539, 35.058105 ], [ -106.722973, 35.061231 ], [ -106.723313, 35.064303 ], [ -106.72378, 35.06748 ], [ -106.723795, 35.070135 ] ] ] ] } },
{ "type": "Feature", "properties": { "OBJECTID": 163, "ST": "35", "STATE": "New Mexico", "ST_ABBR": "NM", "STCNTY": "35001", "COUNTY": "Bernalillo County", "FIPS": "35001004762", "LOCATION": "Census Tract 47.62; Bernalillo County; New Mexico", "AREA_SQMI": 0.95427155640600003, "E_TOTPOP": 4540, "M_TOTPOP": 886, "E_HU": 1898, "M_HU": 233, "E_HH": 1725, "M_HH": 264, "E_POV150": 1237, "M_POV150": 609, "E_UNEMP": 39, "M_UNEMP": 61, "E_HBURD": 607, "M_HBURD": 265, "E_NOHSDP": 427, "M_NOHSDP": 266, "E_UNINSUR": 161, "M_UNINSUR": 99, "E_AGE65": 355, "M_AGE65": 144, "E_AGE17": 1544, "M_AGE17": 457, "E_DISABL": 596, "M_DISABL": 204, "E_SNGPNT": 144, "M_SNGPNT": 115, "E_LIMENG": 243, "M_LIMENG": 168, "E_MINRTY": 4192, "M_MINRTY": 901, "E_MUNIT": 157, "M_MUNIT": 109, "E_MOBILE": 50, "M_MOBILE": 58, "E_CROWD": 61, "M_CROWD": 60, "E_NOVEH": 204, "M_NOVEH": 113, "E_GROUPQ": 0, "M_GROUPQ": 13, "EP_POV150": 27.4, "MP_POV150": 12.4, "EP_UNEMP": 1.7, "MP_UNEMP": 2.8, "EP_HBURD": 35.2, "MP_HBURD": 14.4, "EP_NOHSDP": 15.7, "MP_NOHSDP": 7.9, "EP_UNINSUR": 3.6, "MP_UNINSUR": 2.2, "EP_AGE65": 7.8, "MP_AGE65": 3.5, "EP_AGE17": 34.0, "MP_AGE17": 5.4, "EP_DISABL": 13.2, "MP_DISABL": 5.4, "EP_SNGPNT": 8.3, "MP_SNGPNT": 6.5, "EP_LIMENG": 5.7, "MP_LIMENG": 3.8, "EP_MINRTY": 92.3, "MP_MINRTY": 8.3, "EP_MUNIT": 8.3, "MP_MUNIT": 5.7, "EP_MOBILE": 2.6, "MP_MOBILE": 3.1, "EP_CROWD": 3.5, "MP_CROWD": 3.4, "EP_NOVEH": 11.8, "MP_NOVEH": 6.4, "EP_GROUPQ": 0.0, "MP_GROUPQ": 0.3, "EPL_POV150": 0.46, "EPL_UNEMP": 0.1265, "EPL_HBURD": 0.795, "EPL_NOHSDP": 0.6484, "EPL_UNINSUR": 0.1683, "SPL_THEME1": 2.1982, "RPL_THEME1": 0.3967, "EPL_AGE65": 0.0779, "EPL_AGE17": 0.9502, "EPL_DISABL": 0.32, "EPL_SNGPNT": 0.6717, "EPL_LIMENG": 0.7944, "SPL_THEME2": 2.8142, "RPL_THEME2": 0.7, "EPL_MINRTY": 0.8773, "SPL_THEME3": 0.8773, "RPL_THEME3": 0.8773, "EPL_MUNIT": 0.787, "EPL_MOBILE": 0.3311, "EPL_CROWD": 0.6417, "EPL_NOVEH": 0.8517, "EPL_GROUPQ": 0.0, "SPL_THEME4": 2.6115, "RPL_THEME4": 0.6483, "SPL_THEMES": 8.5012, "RPL_THEMES": 0.62, "F_POV150": 0, "F_UNEMP": 0, "F_HBURD": 0, "F_NOHSDP": 0, "F_UNINSUR": 0, "F_THEME1": 0, "F_AGE65": 0, "F_AGE17": 1, "F_DISABL": 0, "F_SNGPNT": 0, "F_LIMENG": 0, "F_THEME2": 1, "F_MINRTY": 0, "F_THEME3": 0, "F_MUNIT": 0, "F_MOBILE": 0, "F_CROWD": 0, "F_NOVEH": 0, "F_GROUPQ": 0, "F_THEME4": 0, "F_TOTAL": 1, "E_DAYPOP": 2258, "E_NOINT": 231, "M_NOINT": 118, "E_AFAM": 157, "M_AFAM": 200, "E_HISP": 3960, "M_HISP": 870, "E_ASIAN": 0, "M_ASIAN": 13, "E_AIAN": 63, "M_AIAN": 76, "E_NHPI": 0, "M_NHPI": 13, "E_TWOMORE": 12, "M_TWOMORE": 19, "E_OTHERRACE": 0, "M_OTHERRACE": 13, "EP_NOINT": 13.4, "MP_NOINT": 7.0, "EP_AFAM": 3.5, "MP_AFAM": 4.2, "EP_HISP": 87.2, "MP_HISP": 5.8, "EP_ASIAN": 0.0, "MP_ASIAN": 0.9, "EP_AIAN": 1.4, "MP_AIAN": 1.7, "EP_NHPI": 0.0, "MP_NHPI": 0.9, "EP_TWOMORE": 0.3, "MP_TWOMORE": 0.4, "EP_OTHERRACE": 0.0, "MP_OTHERRACE": 0.9, "Shape_Length": 0.086003705909389258, "Shape_Area": 0.00024405033350023692 }, "geometry": { "type": "MultiPolygon", "coordinates": [ [ [ [ -106.73113, 35.070238 ], [ -106.729816, 35.074733 ], [ -106.729975, 35.075572 ], [ -106.722801, 35.077193 ], [ -106.710591, 35.079984 ], [ -106.710787, 35.078388 ], [ -106.709847, 35.076878 ], [ -106.708936, 35.073999 ], [ -106.707595, 35.069867 ], [ -106.708958, 35.069341 ], [ -106.717535, 35.070897 ], [ -106.723125, 35.071956 ], [ -106.723795, 35.070135 ], [ -106.72378, 35.06748 ], [ -106.723313, 35.064303 ], [ -106.722973, 35.061231 ], [ -106.722539, 35.058105 ], [ -106.724537, 35.057916 ], [ -106.72527, 35.057846 ], [ -106.725911, 35.057786 ], [ -106.726053, 35.057774 ], [ -106.726782, 35.057715 ], [ -106.728142, 35.057605 ], [ -106.729583, 35.057488 ], [ -106.730424, 35.063741 ], [ -106.73113, 35.070238 ] ] ] ] } },
{ "type": "Feature", "properties": { "OBJECTID": 164, "ST": "35", "STATE": "New Mexico", "ST_ABBR": "NM", "STCNTY": "35001", "COUNTY": "Bernalillo County", "FIPS": "35001004763", "LOCATION": "Census Tract 47.63; Bernalillo County; New Mexico", "AREA_SQMI": 0.73712238617799997, "E_TOTPOP": 4697, "M_TOTPOP": 704, "E_HU": 2033, "M_HU": 239, "E_HH": 1914, "M_HH": 259, "E_POV150": 918, "M_POV150": 240, "E_UNEMP": 120, "M_UNEMP": 82, "E_HBURD": 747, "M_HBURD": 276, "E_NOHSDP": 138, "M_NOHSDP": 94, "E_UNINSUR": 708, "M_UNINSUR": 334, "E_AGE65": 540, "M_AGE65": 114, "E_AGE17": 1051, "M_AGE17": 239, "E_DISABL": 669, "M_DISABL": 259, "E_SNGPNT": 259, "M_SNGPNT": 121, "E_LIMENG": 125, "M_LIMENG": 107, "E_MINRTY": 2777, "M_MINRTY": 843, "E_MUNIT": 629, "M_MUNIT": 257, "E_MOBILE": 0, "M_MOBILE": 13, "E_CROWD": 194, "M_CROWD": 220, "E_NOVEH": 95, "M_NOVEH": 73, "E_GROUPQ": 2, "M_GROUPQ": 4, "EP_POV150": 19.5, "MP_POV150": 4.2, "EP_UNEMP": 4.9, "MP_UNEMP": 3.3, "EP_HBURD": 39.0, "MP_HBURD": 13.4, "EP_NOHSDP": 4.6, "MP_NOHSDP": 3.2, "EP_UNINSUR": 15.1, "MP_UNINSUR": 6.3, "EP_AGE65": 11.5, "MP_AGE65": 3.0, "EP_AGE17": 22.4, "MP_AGE17": 4.1, "EP_DISABL": 14.2, "MP_DISABL": 4.7, "EP_SNGPNT": 13.5, "MP_SNGPNT": 6.1, "EP_LIMENG": 2.7, "MP_LIMENG": 2.3, "EP_MINRTY": 59.1, "MP_MINRTY": 15.6, "EP_MUNIT": 31.0, "MP_MUNIT": 12.1, "EP_MOBILE": 0.0, "MP_MOBILE": 1.9, "EP_CROWD": 10.2, "MP_CROWD": 11.4, "EP_NOVEH": 5.0, "MP_NOVEH": 3.7, "EP_GROUPQ": 0.0, "MP_GROUPQ": 0.1, "EPL_POV150": 0.2767, "EPL_UNEMP": 0.4476, "EPL_HBURD": 0.875, "EPL_NOHSDP": 0.2189, "EPL_UNINSUR": 0.8083, "SPL_THEME1": 2.6265, "RPL_THEME1": 0.5617, "EPL_AGE65": 0.1808, "EPL_AGE17": 0.524, "EPL_DISABL": 0.3933, "EPL_SNGPNT": 0.895, "EPL_LIMENG": 0.6053, "SPL_THEME2": 2.5984, "RPL_THEME2": 0.55, "EPL_MINRTY": 0.408, "SPL_THEME3": 0.408, "RPL_THEME3": 0.408, "EPL_MUNIT": 0.9484, "EPL_MOBILE": 0.0, "EPL_CROWD": 0.8933, "EPL_NOVEH": 0.5733, "EPL_GROUPQ": 0.0, "SPL_THEME4": 2.415, "RPL_THEME4": 0.5533, "SPL_THEMES": 8.0479, "RPL_THEMES": 0.5417, "F_POV150": 0, "F_UNEMP": 0, "F_HBURD": 0, "F_NOHSDP": 0, "F_UNINSUR": 0, "F_THEME1": 0, "F_AGE65": 0, "F_AGE17": 0, "F_DISABL": 0, "F_SNGPNT": 0, "F_LIMENG": 0, "F_THEME2": 0, "F_MINRTY": 0, "F_THEME3": 0, "F_MUNIT": 1, "F_MOBILE": 0, "F_CROWD": 0, "F_NOVEH": 0, "F_GROUPQ": 0, "F_THEME4": 1, "F_TOTAL": 1, "E_DAYPOP": 1566, "E_NOINT": 88, "M_NOINT": 58, "E_AFAM": 150, "M_AFAM": 112, "E_HISP": 1719, "M_HISP": 522, "E_ASIAN": 54, "M_ASIAN": 95, "E_AIAN": 699, "M_AIAN": 275, "E_NHPI": 124, "M_NHPI": 114, "E_TWOMORE": 31, "M_TWOMORE": 40, "E_OTHERRACE": 0, "M_OTHERRACE": 13, "EP_NOINT": 4.6, "MP_NOINT": 3.1, "EP_AFAM": 3.2, "MP_AFAM": 2.4, "EP_HISP": 36.6, "MP_HISP": 8.4, "EP_ASIAN": 1.1, "MP_ASIAN": 2.1, "EP_AIAN": 14.9, "MP_AIAN": 5.6, "EP_NHPI": 2.6, "MP_NHPI": 2.5, "EP_TWOMORE": 0.7, "MP_TWOMORE": 0.8, "EP_OTHERRACE": 0.0, "MP_OTHERRACE": 0.8, "Shape_Length": 0.057447495636669288, "Shape_Area": 0.00018936633499992497 }, "geometry": { "type": "MultiPolygon", "coordinates": [ [ [ [ -106.67709, 35.217946 ], [ -106.672009, 35.217937 ], [ -106.663867, 35.217926 ], [ -106.662546, 35.217924 ], [ -106.662611, 35.217695 ], [ -106.662998, 35.216221 ], [ -106.663083, 35.215125 ], [ -106.662392, 35.213197 ], [ -106.659777, 35.211142 ], [ -106.658604, 35.209154 ], [ -106.65911, 35.205614 ], [ -106.666193, 35.206137 ], [ -106.66757, 35.205904 ], [ -106.668672, 35.205795 ], [ -106.671739, 35.206149 ], [ -106.674069, 35.205688 ], [ -106.675215, 35.205811 ], [ -106.676694, 35.2084 ], [ -106.676705, 35.215845 ], [ -106.67709, 35.217946 ] ] ] ] } },
{ "type": "Feature", "properties": { "OBJECTID": 165, "ST": "35", "STATE": "New Mexico", "ST_ABBR": "NM", "STCNTY": "35001", "COUNTY": "Bernalillo County", "FIPS": "35001004764", "LOCATION": "Census Tract 47.64; Bernalillo County; New Mexico", "AREA_SQMI": 0.57172980294800002, "E_TOTPOP": 3194, "M_TOTPOP": 546, "E_HU": 1555, "M_HU": 214, "E_HH": 1555, "M_HH": 214, "E_POV150": 629, "M_POV150": 324, "E_UNEMP": 147, "M_UNEMP": 137, "E_HBURD": 554, "M_HBURD": 209, "E_NOHSDP": 85, "M_NOHSDP": 93, "E_UNINSUR": 478, "M_UNINSUR": 305, "E_AGE65": 314, "M_AGE65": 257, "E_AGE17": 386, "M_AGE17": 162, "E_DISABL": 306, "M_DISABL": 198, "E_SNGPNT": 82, "M_SNGPNT": 104, "E_LIMENG": 71, "M_LIMENG": 95, "E_MINRTY": 2073, "M_MINRTY": 632, "E_MUNIT": 662, "M_MUNIT": 213, "E_MOBILE": 0, "M_MOBILE": 13, "E_CROWD": 22, "M_CROWD": 40, "E_NOVEH": 104, "M_NOVEH": 108, "E_GROUPQ": 0, "M_GROUPQ": 13, "EP_POV150": 19.7, "MP_POV150": 9.6, "EP_UNEMP": 6.5, "MP_UNEMP": 6.0, "EP_HBURD": 35.6, "MP_HBURD": 12.5, "EP_NOHSDP": 3.6, "MP_NOHSDP": 3.9, "EP_UNINSUR": 15.0, "MP_UNINSUR": 8.6, "EP_AGE65": 9.8, "MP_AGE65": 7.3, "EP_AGE17": 12.1, "MP_AGE17": 4.7, "EP_DISABL": 9.6, "MP_DISABL": 5.4, "EP_SNGPNT": 5.3, "MP_SNGPNT": 6.6, "EP_LIMENG": 2.3, "MP_LIMENG": 3.0, "EP_MINRTY": 64.9, "MP_MINRTY": 16.4, "EP_MUNIT": 42.5, "MP_MUNIT": 12.4, "EP_MOBILE": 0.0, "MP_MOBILE": 2.5, "EP_CROWD": 1.4, "MP_CROWD": 2.6, "EP_NOVEH": 6.7, "MP_NOVEH": 6.8, "EP_GROUPQ": 0.0, "MP_GROUPQ": 0.4, "EPL_POV150": 0.2817, "EPL_UNEMP": 0.6057, "EPL_HBURD": 0.8, "EPL_NOHSDP": 0.1625, "EPL_UNINSUR": 0.8067, "SPL_THEME1": 2.6566, "RPL_THEME1": 0.5733, "EPL_AGE65": 0.1327, "EPL_AGE17": 0.1128, "EPL_DISABL": 0.1167, "EPL_SNGPNT": 0.4267, "EPL_LIMENG": 0.5655, "SPL_THEME2": 1.3544, "RPL_THEME2": 0.03, "EPL_MINRTY": 0.5323, "SPL_THEME3": 0.5323, "RPL_THEME3": 0.5323, "EPL_MUNIT": 0.9784, "EPL_MOBILE": 0.0, "EPL_CROWD": 0.39, "EPL_NOVEH": 0.6783, "EPL_GROUPQ": 0.0, "SPL_THEME4": 2.0467, "RPL_THEME4": 0.3817, "SPL_THEMES": 6.59, "RPL_THEMES": 0.305, "F_POV150": 0, "F_UNEMP": 0, "F_HBURD": 0, "F_NOHSDP": 0, "F_UNINSUR": 0, "F_THEME1": 0, "F_AGE65": 0, "F_AGE17": 0, "F_DISABL": 0, "F_SNGPNT": 0, "F_LIMENG": 0, "F_THEME2": 0, "F_MINRTY": 0, "F_THEME3": 0, "F_MUNIT": 1, "F_MOBILE": 0, "F_CROWD": 0, "F_NOVEH": 0, "F_GROUPQ": 0, "F_THEME4": 1, "F_TOTAL": 1, "E_DAYPOP": 4606, "E_NOINT": 236, "M_NOINT": 150, "E_AFAM": 251, "M_AFAM": 212, "E_HISP": 1660, "M_HISP": 492, "E_ASIAN": 43, "M_ASIAN": 69, "E_AIAN": 37, "M_AIAN": 58, "E_NHPI": 0, "M_NHPI": 13, "E_TWOMORE": 68, "M_TWOMORE": 87, "E_OTHERRACE": 14, "M_OTHERRACE": 23, "EP_NOINT": 15.2, "MP_NOINT": 9.5, "EP_AFAM": 7.9, "MP_AFAM": 6.7, "EP_HISP": 52.0, "MP_HISP": 10.7, "EP_ASIAN": 1.3, "MP_ASIAN": 2.1, "EP_AIAN": 1.2, "MP_AIAN": 1.8, "EP_NHPI": 0.0, "MP_NHPI": 1.2, "EP_TWOMORE": 2.1, "MP_TWOMORE": 2.7, "EP_OTHERRACE": 0.4, "MP_OTHERRACE": 0.7, "Shape_Length": 0.062387289989433846, "Shape_Area": 0.00014915547650012212 }, "geometry": { "type": "MultiPolygon", "coordinates": [ [ [ [ -106.678737, 35.202326 ], [ -106.675781, 35.204505 ], [ -106.675215, 35.205811 ], [ -106.674069, 35.205688 ], [ -106.671739, 35.206149 ], [ -106.668672, 35.205795 ], [ -106.66757, 35.205904 ], [ -106.666193, 35.206137 ], [ -106.65911, 35.205614 ], [ -106.660822, 35.199515 ], [ -106.660776, 35.198208 ], [ -106.660229, 35.197029 ], [ -106.656943, 35.194176 ], [ -106.656703, 35.192985 ], [ -106.656965, 35.192002 ], [ -106.657714, 35.190956 ], [ -106.661445, 35.193392 ], [ -106.663965, 35.195552 ], [ -106.666633, 35.197503 ], [ -106.667634, 35.197792 ], [ -106.674398, 35.200272 ], [ -106.677446, 35.202259 ], [ -106.678737, 35.202326 ] ] ] ] } },
{ "type": "Feature", "properties": { "OBJECTID": 166, "ST": "35", "STATE": "New Mexico", "ST_ABBR": "NM", "STCNTY": "35001", "COUNTY": "Bernalillo County", "FIPS": "35001004800", "LOCATION": "Census Tract 48; Bernalillo County; New Mexico", "AREA_SQMI": 1.5944371666499999, "E_TOTPOP": 3865, "M_TOTPOP": 596, "E_HU": 2044, "M_HU": 278, "E_HH": 1873, "M_HH": 277, "E_POV150": 1341, "M_POV150": 406, "E_UNEMP": 78, "M_UNEMP": 43, "E_HBURD": 681, "M_HBURD": 165, "E_NOHSDP": 243, "M_NOHSDP": 98, "E_UNINSUR": 299, "M_UNINSUR": 179, "E_AGE65": 830, "M_AGE65": 229, "E_AGE17": 684, "M_AGE17": 239, "E_DISABL": 694, "M_DISABL": 243, "E_SNGPNT": 94, "M_SNGPNT": 84, "E_LIMENG": 79, "M_LIMENG": 79, "E_MINRTY": 2844, "M_MINRTY": 620, "E_MUNIT": 251, "M_MUNIT": 106, "E_MOBILE": 138, "M_MOBILE": 82, "E_CROWD": 72, "M_CROWD": 68, "E_NOVEH": 145, "M_NOVEH": 81, "E_GROUPQ": 0, "M_GROUPQ": 13, "EP_POV150": 34.7, "MP_POV150": 9.0, "EP_UNEMP": 3.7, "MP_UNEMP": 2.6, "EP_HBURD": 36.4, "MP_HBURD": 7.0, "EP_NOHSDP": 8.2, "MP_NOHSDP": 3.4, "EP_UNINSUR": 7.7, "MP_UNINSUR": 4.5, "EP_AGE65": 21.5, "MP_AGE65": 6.4, "EP_AGE17": 17.7, "MP_AGE17": 6.2, "EP_DISABL": 18.0, "MP_DISABL": 6.4, "EP_SNGPNT": 5.0, "MP_SNGPNT": 4.4, "EP_LIMENG": 2.1, "MP_LIMENG": 2.1, "EP_MINRTY": 73.6, "MP_MINRTY": 11.3, "EP_MUNIT": 12.3, "MP_MUNIT": 4.9, "EP_MOBILE": 6.8, "MP_MOBILE": 4.1, "EP_CROWD": 3.8, "MP_CROWD": 3.6, "EP_NOVEH": 7.7, "MP_NOVEH": 4.2, "EP_GROUPQ": 0.0, "MP_GROUPQ": 0.3, "EPL_POV150": 0.6133, "EPL_UNEMP": 0.3278, "EPL_HBURD": 0.8283, "EPL_NOHSDP": 0.3632, "EPL_UNINSUR": 0.4767, "SPL_THEME1": 2.6093, "RPL_THEME1": 0.5467, "EPL_AGE65": 0.6833, "EPL_AGE17": 0.3018, "EPL_DISABL": 0.6233, "EPL_SNGPNT": 0.4017, "EPL_LIMENG": 0.5373, "SPL_THEME2": 2.5474, "RPL_THEME2": 0.5133, "EPL_MINRTY": 0.6517, "SPL_THEME3": 0.6517, "RPL_THEME3": 0.6517, "EPL_MUNIT": 0.8486, "EPL_MOBILE": 0.4309, "EPL_CROWD": 0.665, "EPL_NOVEH": 0.7183, "EPL_GROUPQ": 0.0, "SPL_THEME4": 2.6628, "RPL_THEME4": 0.67, "SPL_THEMES": 8.4712, "RPL_THEMES": 0.6167, "F_POV150": 0, "F_UNEMP": 0, "F_HBURD": 0, "F_NOHSDP": 0, "F_UNINSUR": 0, "F_THEME1": 0, "F_AGE65": 0, "F_AGE17": 0, "F_DISABL": 0, "F_SNGPNT": 0, "F_LIMENG": 0, "F_THEME2": 0, "F_MINRTY": 0, "F_THEME3": 0, "F_MUNIT": 0, "F_MOBILE": 0, "F_CROWD": 0, "F_NOVEH": 0, "F_GROUPQ": 0, "F_THEME4": 0, "F_TOTAL": 0, "E_DAYPOP": 6756, "E_NOINT": 192, "M_NOINT": 88, "E_AFAM": 180, "M_AFAM": 196, "E_HISP": 2553, "M_HISP": 560, "E_ASIAN": 18, "M_ASIAN": 21, "E_AIAN": 24, "M_AIAN": 22, "E_NHPI": 0, "M_NHPI": 13, "E_TWOMORE": 69, "M_TWOMORE": 73, "E_OTHERRACE": 0, "M_OTHERRACE": 13, "EP_NOINT": 10.3, "MP_NOINT": 4.8, "EP_AFAM": 4.7, "MP_AFAM": 5.0, "EP_HISP": 66.1, "MP_HISP": 6.2, "EP_ASIAN": 0.5, "MP_ASIAN": 0.6, "EP_AIAN": 0.6, "MP_AIAN": 0.6, "EP_NHPI": 0.0, "MP_NHPI": 1.0, "EP_TWOMORE": 1.8, "MP_TWOMORE": 1.7, "EP_OTHERRACE": 0.0, "MP_OTHERRACE": 1.0, "Shape_Length": 0.10657999439561723, "Shape_Area": 0.00043136557650075318 }, "geometry": { "type": "MultiPolygon", "coordinates": [ [ [ [ -106.692339, 35.106509 ], [ -106.684207, 35.105834 ], [ -106.673028, 35.10498 ], [ -106.670766, 35.105242 ], [ -106.664772, 35.106406 ], [ -106.66388, 35.106485 ], [ -106.658281, 35.106413 ], [ -106.657277, 35.106485 ], [ -106.653355, 35.107102 ], [ -106.653188, 35.10661 ], [ -106.655135, 35.100304 ], [ -106.656114, 35.100489 ], [ -106.660084, 35.099365 ], [ -106.661527, 35.098392 ], [ -106.661741, 35.09838 ], [ -106.662266, 35.096599 ], [ -106.663566, 35.090696 ], [ -106.664978, 35.090228 ], [ -106.671275, 35.095191 ], [ -106.675319, 35.095447 ], [ -106.676187, 35.095279 ], [ -106.677497, 35.094469 ], [ -106.678846, 35.091675 ], [ -106.681167, 35.089069 ], [ -106.684855, 35.090628 ], [ -106.68814, 35.092685 ], [ -106.688631, 35.095331 ], [ -106.69181, 35.100429 ], [ -106.692339, 35.106509 ] ] ] ] } },
{ "type": "Feature", "properties": { "OBJECTID": 167, "ST": "35", "STATE": "New Mexico", "ST_ABBR": "NM", "STCNTY": "35001", "COUNTY": "Bernalillo County", "FIPS": "35001004900", "LOCATION": "Census Tract 49; Bernalillo County; New Mexico", "AREA_SQMI": 0.65751510361400001, "E_TOTPOP": 3375, "M_TOTPOP": 407, "E_HU": 2601, "M_HU": 272, "E_HH": 2224, "M_HH": 307, "E_POV150": 1376, "M_POV150": 341, "E_UNEMP": 141, "M_UNEMP": 74, "E_HBURD": 1210, "M_HBURD": 300, "E_NOHSDP": 159, "M_NOHSDP": 92, "E_UNINSUR": 266, "M_UNINSUR": 98, "E_AGE65": 486, "M_AGE65": 152, "E_AGE17": 282, "M_AGE17": 89, "E_DISABL": 609, "M_DISABL": 160, "E_SNGPNT": 71, "M_SNGPNT": 51, "E_LIMENG": 23, "M_LIMENG": 57, "E_MINRTY": 1837, "M_MINRTY": 483, "E_MUNIT": 1026, "M_MUNIT": 248, "E_MOBILE": 0, "M_MOBILE": 13, "E_CROWD": 30, "M_CROWD": 28, "E_NOVEH": 591, "M_NOVEH": 231, "E_GROUPQ": 124, "M_GROUPQ": 9, "EP_POV150": 42.0, "MP_POV150": 9.0, "EP_UNEMP": 6.5, "MP_UNEMP": 3.3, "EP_HBURD": 54.4, "MP_HBURD": 11.2, "EP_NOHSDP": 6.6, "MP_NOHSDP": 3.8, "EP_UNINSUR": 7.9, "MP_UNINSUR": 3.0, "EP_AGE65": 14.4, "MP_AGE65": 4.3, "EP_AGE17": 8.4, "MP_AGE17": 2.4, "EP_DISABL": 18.0, "MP_DISABL": 4.2, "EP_SNGPNT": 3.2, "MP_SNGPNT": 2.3, "EP_LIMENG": 0.7, "MP_LIMENG": 1.7, "EP_MINRTY": 54.4, "MP_MINRTY": 12.7, "EP_MUNIT": 39.4, "MP_MUNIT": 8.6, "EP_MOBILE": 0.0, "MP_MOBILE": 1.5, "EP_CROWD": 1.3, "MP_CROWD": 1.2, "EP_NOVEH": 26.6, "MP_NOVEH": 8.6, "EP_GROUPQ": 3.7, "MP_GROUPQ": 0.5, "EPL_POV150": 0.7617, "EPL_UNEMP": 0.6057, "EPL_HBURD": 0.9867, "EPL_NOHSDP": 0.3118, "EPL_UNINSUR": 0.4933, "SPL_THEME1": 3.1592, "RPL_THEME1": 0.7233, "EPL_AGE65": 0.3051, "EPL_AGE17": 0.0481, "EPL_DISABL": 0.6233, "EPL_SNGPNT": 0.245, "EPL_LIMENG": 0.2769, "SPL_THEME2": 1.4984, "RPL_THEME2": 0.065, "EPL_MINRTY": 0.3333, "SPL_THEME3": 0.3333, "RPL_THEME3": 0.3333, "EPL_MUNIT": 0.9717, "EPL_MOBILE": 0.0, "EPL_CROWD": 0.3767, "EPL_NOVEH": 0.99, "EPL_GROUPQ": 0.8706, "SPL_THEME4": 3.209, "RPL_THEME4": 0.8917, "SPL_THEMES": 8.1999, "RPL_THEMES": 0.57, "F_POV150": 0, "F_UNEMP": 0, "F_HBURD": 1, "F_NOHSDP": 0, "F_UNINSUR": 0, "F_THEME1": 1, "F_AGE65": 0, "F_AGE17": 0, "F_DISABL": 0, "F_SNGPNT": 0, "F_LIMENG": 0, "F_THEME2": 0, "F_MINRTY": 0, "F_THEME3": 0, "F_MUNIT": 1, "F_MOBILE": 0, "F_CROWD": 0, "F_NOVEH": 1, "F_GROUPQ": 0, "F_THEME4": 2, "F_TOTAL": 3, "E_DAYPOP": 16580, "E_NOINT": 510, "M_NOINT": 248, "E_AFAM": 52, "M_AFAM": 77, "E_HISP": 1178, "M_HISP": 226, "E_ASIAN": 255, "M_ASIAN": 120, "E_AIAN": 130, "M_AIAN": 120, "E_NHPI": 38, "M_NHPI": 54, "E_TWOMORE": 166, "M_TWOMORE": 103, "E_OTHERRACE": 18, "M_OTHERRACE": 21, "EP_NOINT": 22.9, "MP_NOINT": 8.9, "EP_AFAM": 1.5, "MP_AFAM": 2.2, "EP_HISP": 34.9, "MP_HISP": 4.7, "EP_ASIAN": 7.6, "MP_ASIAN": 3.3, "EP_AIAN": 3.9, "MP_AIAN": 3.5, "EP_NHPI": 1.1, "MP_NHPI": 1.6, "EP_TWOMORE": 4.9, "MP_TWOMORE": 3.1, "EP_OTHERRACE": 0.5, "MP_OTHERRACE": 0.6, "Shape_Length": 0.06122103371529114, "Shape_Area": 0.00016831164500008709 }, "geometry": { "type": "MultiPolygon", "coordinates": [ [ [ [ -106.639027, 35.076054 ], [ -106.637854, 35.077507 ], [ -106.637329, 35.078688 ], [ -106.636516, 35.082751 ], [ -106.636058, 35.085205 ], [ -106.634993, 35.089561 ], [ -106.634312, 35.091391 ], [ -106.632181, 35.092028 ], [ -106.628712, 35.091826 ], [ -106.625259, 35.09031 ], [ -106.625385, 35.087765 ], [ -106.625539, 35.0869 ], [ -106.626121, 35.084122 ], [ -106.626444, 35.08347 ], [ -106.626824, 35.08141 ], [ -106.624006, 35.081092 ], [ -106.624031, 35.077998 ], [ -106.624077, 35.075035 ], [ -106.62667, 35.075045 ], [ -106.628149, 35.076651 ], [ -106.632272, 35.076642 ], [ -106.6335, 35.077788 ], [ -106.633483, 35.076617 ], [ -106.638439, 35.076636 ], [ -106.639027, 35.076054 ] ] ] ] } },
{ "type": "Feature", "properties": { "OBJECTID": 168, "ST": "35", "STATE": "New Mexico", "ST_ABBR": "NM", "STCNTY": "35001", "COUNTY": "Bernalillo County", "FIPS": "35001940500", "LOCATION": "Census Tract 9405; Bernalillo County; New Mexico", "AREA_SQMI": 16.653210536770001, "E_TOTPOP": 3065, "M_TOTPOP": 418, "E_HU": 1366, "M_HU": 142, "E_HH": 1325, "M_HH": 148, "E_POV150": 250, "M_POV150": 131, "E_UNEMP": 15, "M_UNEMP": 18, "E_HBURD": 148, "M_HBURD": 70, "E_NOHSDP": 118, "M_NOHSDP": 80, "E_UNINSUR": 41, "M_UNINSUR": 31, "E_AGE65": 1301, "M_AGE65": 314, "E_AGE17": 443, "M_AGE17": 143, "E_DISABL": 457, "M_DISABL": 167, "E_SNGPNT": 0, "M_SNGPNT": 18, "E_LIMENG": 2, "M_LIMENG": 50, "E_MINRTY": 959, "M_MINRTY": 591, "E_MUNIT": 19, "M_MUNIT": 24, "E_MOBILE": 28, "M_MOBILE": 13, "E_CROWD": 7, "M_CROWD": 15, "E_NOVEH": 2, "M_NOVEH": 4, "E_GROUPQ": 0, "M_GROUPQ": 13, "EP_POV150": 8.2, "MP_POV150": 4.1, "EP_UNEMP": 1.4, "MP_UNEMP": 1.6, "EP_HBURD": 11.2, "MP_HBURD": 5.1, "EP_NOHSDP": 4.7, "MP_NOHSDP": 3.1, "EP_UNINSUR": 1.3, "MP_UNINSUR": 1.0, "EP_AGE65": 42.4, "MP_AGE65": 8.1, "EP_AGE17": 14.5, "MP_AGE17": 3.6, "EP_DISABL": 14.9, "MP_DISABL": 4.5, "EP_SNGPNT": 0.0, "MP_SNGPNT": 1.4, "EP_LIMENG": 0.1, "MP_LIMENG": 1.7, "EP_MINRTY": 31.3, "MP_MINRTY": 18.8, "EP_MUNIT": 1.4, "MP_MUNIT": 1.8, "EP_MOBILE": 2.0, "MP_MOBILE": 1.0, "EP_CROWD": 0.5, "MP_CROWD": 1.1, "EP_NOVEH": 0.2, "MP_NOVEH": 0.3, "EP_GROUPQ": 0.0, "MP_GROUPQ": 0.4, "EPL_POV150": 0.075, "EPL_UNEMP": 0.1015, "EPL_HBURD": 0.08, "EPL_NOHSDP": 0.2239, "EPL_UNINSUR": 0.0333, "SPL_THEME1": 0.5137, "RPL_THEME1": 0.015, "EPL_AGE65": 0.9668, "EPL_AGE17": 0.1741, "EPL_DISABL": 0.4383, "EPL_SNGPNT": 0.0, "EPL_LIMENG": 0.1575, "SPL_THEME2": 1.7367, "RPL_THEME2": 0.1317, "EPL_MINRTY": 0.0713, "SPL_THEME3": 0.0713, "RPL_THEME3": 0.0713, "EPL_MUNIT": 0.5391, "EPL_MOBILE": 0.3161, "EPL_CROWD": 0.2583, "EPL_NOVEH": 0.105, "EPL_GROUPQ": 0.0, "SPL_THEME4": 1.2185, "RPL_THEME4": 0.11, "SPL_THEMES": 3.5402, "RPL_THEMES": 0.025, "F_POV150": 0, "F_UNEMP": 0, "F_HBURD": 0, "F_NOHSDP": 0, "F_UNINSUR": 0, "F_THEME1": 0, "F_AGE65": 1, "F_AGE17": 0, "F_DISABL": 0, "F_SNGPNT": 0, "F_LIMENG": 0, "F_THEME2": 1, "F_MINRTY": 0, "F_THEME3": 0, "F_MUNIT": 0, "F_MOBILE": 0, "F_CROWD": 0, "F_NOVEH": 0, "F_GROUPQ": 0, "F_THEME4": 0, "F_TOTAL": 1, "E_DAYPOP": 4125, "E_NOINT": 88, "M_NOINT": 42, "E_AFAM": 59, "M_AFAM": 61, "E_HISP": 511, "M_HISP": 143, "E_ASIAN": 139, "M_ASIAN": 109, "E_AIAN": 20, "M_AIAN": 23, "E_NHPI": 0, "M_NHPI": 13, "E_TWOMORE": 55, "M_TWOMORE": 39, "E_OTHERRACE": 175, "M_OTHERRACE": 157, "EP_NOINT": 6.6, "MP_NOINT": 3.1, "EP_AFAM": 1.9, "MP_AFAM": 2.0, "EP_HISP": 16.7, "MP_HISP": 5.0, "EP_ASIAN": 4.5, "MP_ASIAN": 3.6, "EP_AIAN": 0.7, "MP_AIAN": 0.8, "EP_NHPI": 0.0, "MP_NHPI": 1.3, "EP_TWOMORE": 1.8, "MP_TWOMORE": 1.3, "EP_OTHERRACE": 5.7, "MP_OTHERRACE": 5.1, "Shape_Length": 0.42071203278613484, "Shape_Area": 0.0043291737464997782 }, "geometry": { "type": "MultiPolygon", "coordinates": [ [ [ [ -106.621413, 35.209322 ], [ -106.618601, 35.211765 ], [ -106.615162, 35.212735 ], [ -106.611408, 35.214634 ], [ -106.610505, 35.213675 ], [ -106.605382, 35.217442 ], [ -106.604484, 35.21786 ], [ -106.598725, 35.217852 ], [ -106.598658, 35.217853 ], [ -106.574704, 35.217796 ], [ -106.574047, 35.217943 ], [ -106.504214, 35.217924 ], [ -106.502427, 35.21788 ], [ -106.459379, 35.217942 ], [ -106.457424, 35.214449 ], [ -106.453772, 35.210326 ], [ -106.448491, 35.205482 ], [ -106.441636, 35.201833 ], [ -106.439034, 35.199637 ], [ -106.436749, 35.197057 ], [ -106.442315, 35.196017 ], [ -106.443455, 35.193419 ], [ -106.44316, 35.191624 ], [ -106.445865, 35.190158 ], [ -106.446326, 35.187799 ], [ -106.449904, 35.186997 ], [ -106.449756, 35.185901 ], [ -106.452029, 35.184889 ], [ -106.453955, 35.184987 ], [ -106.457125, 35.181449 ], [ -106.459933, 35.181266 ], [ -106.462625, 35.17962 ], [ -106.464272, 35.178015 ], [ -106.468007, 35.176751 ], [ -106.470971, 35.174736 ], [ -106.471938, 35.172727 ], [ -106.476772, 35.170035 ], [ -106.480405, 35.168606 ], [ -106.484077, 35.167669 ], [ -106.486406, 35.167593 ], [ -106.491681, 35.168421 ], [ -106.49442, 35.171054 ], [ -106.496194, 35.171405 ], [ -106.496247, 35.17503 ], [ -106.496088, 35.191077 ], [ -106.524401, 35.195197 ], [ -106.56058, 35.199943 ], [ -106.564336, 35.200314 ], [ -106.570775, 35.200936 ], [ -106.577764, 35.20163 ], [ -106.578488, 35.20169 ], [ -106.598899, 35.203991 ], [ -106.599678, 35.204061 ], [ -106.600043, 35.204096 ], [ -106.60146, 35.204609 ], [ -106.613396, 35.205749 ], [ -106.616478, 35.206777 ], [ -106.620817, 35.208158 ], [ -106.623081, 35.208844 ], [ -106.621413, 35.209322 ] ] ] ] } },
{ "type": "Feature", "properties": { "OBJECTID": 169, "ST": "35", "STATE": "New Mexico", "ST_ABBR": "NM", "STCNTY": "35001", "COUNTY": "Bernalillo County", "FIPS": "35001940601", "LOCATION": "Census Tract 9406.01; Bernalillo County; New Mexico", "AREA_SQMI": 4.9071568052660002, "E_TOTPOP": 10519, "M_TOTPOP": 1167, "E_HU": 3479, "M_HU": 385, "E_HH": 3402, "M_HH": 412, "E_POV150": 732, "M_POV150": 488, "E_UNEMP": 250, "M_UNEMP": 144, "E_HBURD": 634, "M_HBURD": 215, "E_NOHSDP": 131, "M_NOHSDP": 78, "E_UNINSUR": 427, "M_UNINSUR": 314, "E_AGE65": 569, "M_AGE65": 113, "E_AGE17": 2936, "M_AGE17": 535, "E_DISABL": 998, "M_DISABL": 348, "E_SNGPNT": 327, "M_SNGPNT": 200, "E_LIMENG": 30, "M_LIMENG": 89, "E_MINRTY": 7027, "M_MINRTY": 1464, "E_MUNIT": 46, "M_MUNIT": 56, "E_MOBILE": 0, "M_MOBILE": 21, "E_CROWD": 8, "M_CROWD": 24, "E_NOVEH": 16, "M_NOVEH": 27, "E_GROUPQ": 0, "M_GROUPQ": 21, "EP_POV150": 7.0, "MP_POV150": 4.6, "EP_UNEMP": 4.4, "MP_UNEMP": 2.5, "EP_HBURD": 18.6, "MP_HBURD": 5.9, "EP_NOHSDP": 2.0, "MP_NOHSDP": 1.1, "EP_UNINSUR": 4.1, "MP_UNINSUR": 3.0, "EP_AGE65": 5.4, "MP_AGE65": 1.2, "EP_AGE17": 27.9, "MP_AGE17": 3.3, "EP_DISABL": 9.5, "MP_DISABL": 3.0, "EP_SNGPNT": 9.6, "MP_SNGPNT": 5.8, "EP_LIMENG": 0.3, "MP_LIMENG": 0.9, "EP_MINRTY": 66.8, "MP_MINRTY": 11.8, "EP_MUNIT": 1.3, "MP_MUNIT": 1.6, "EP_MOBILE": 0.0, "MP_MOBILE": 1.1, "EP_CROWD": 0.2, "MP_CROWD": 0.7, "EP_NOVEH": 0.5, "MP_NOVEH": 0.8, "EP_GROUPQ": 0.0, "MP_GROUPQ": 0.2, "EPL_POV150": 0.045, "EPL_UNEMP": 0.386, "EPL_HBURD": 0.3267, "EPL_NOHSDP": 0.073, "EPL_UNINSUR": 0.2133, "SPL_THEME1": 1.044, "RPL_THEME1": 0.0633, "EPL_AGE65": 0.0299, "EPL_AGE17": 0.8242, "EPL_DISABL": 0.1133, "EPL_SNGPNT": 0.7417, "EPL_LIMENG": 0.1891, "SPL_THEME2": 1.8982, "RPL_THEME2": 0.1833, "EPL_MINRTY": 0.5721, "SPL_THEME3": 0.5721, "RPL_THEME3": 0.5721, "EPL_MUNIT": 0.5341, "EPL_MOBILE": 0.0, "EPL_CROWD": 0.2333, "EPL_NOVEH": 0.1183, "EPL_GROUPQ": 0.0, "SPL_THEME4": 0.8857, "RPL_THEME4": 0.0617, "SPL_THEMES": 4.4, "RPL_THEMES": 0.0733, "F_POV150": 0, "F_UNEMP": 0, "F_HBURD": 0, "F_NOHSDP": 0, "F_UNINSUR": 0, "F_THEME1": 0, "F_AGE65": 0, "F_AGE17": 0, "F_DISABL": 0, "F_SNGPNT": 0, "F_LIMENG": 0, "F_THEME2": 0, "F_MINRTY": 0, "F_THEME3": 0, "F_MUNIT": 0, "F_MOBILE": 0, "F_CROWD": 0, "F_NOVEH": 0, "F_GROUPQ": 0, "F_THEME4": 0, "F_TOTAL": 0, "E_DAYPOP": 5586, "E_NOINT": 181, "M_NOINT": 96, "E_AFAM": 522, "M_AFAM": 231, "E_HISP": 4850, "M_HISP": 693, "E_ASIAN": 378, "M_ASIAN": 202, "E_AIAN": 260, "M_AIAN": 203, "E_NHPI": 0, "M_NHPI": 21, "E_TWOMORE": 489, "M_TWOMORE": 176, "E_OTHERRACE": 528, "M_OTHERRACE": 551, "EP_NOINT": 5.3, "MP_NOINT": 2.9, "EP_AFAM": 5.0, "MP_AFAM": 2.3, "EP_HISP": 46.1, "MP_HISP": 6.1, "EP_ASIAN": 3.6, "MP_ASIAN": 1.9, "EP_AIAN": 2.5, "MP_AIAN": 2.0, "EP_NHPI": 0.0, "MP_NHPI": 0.4, "EP_TWOMORE": 4.6, "MP_TWOMORE": 1.7, "EP_OTHERRACE": 5.0, "MP_OTHERRACE": 5.0, "Shape_Length": 0.25855136158991571, "Shape_Area": 0.0012580613445002647 }, "geometry": { "type": "MultiPolygon", "coordinates": [ [ [ [ -106.758606, 35.174331 ], [ -106.745348, 35.17428 ], [ -106.745353, 35.179855 ], [ -106.745356, 35.183449 ], [ -106.745739, 35.184271 ], [ -106.749752, 35.184306 ], [ -106.749734, 35.18879 ], [ -106.748633, 35.188787 ], [ -106.749733, 35.1906 ], [ -106.749733, 35.196044 ], [ -106.754114, 35.196061 ], [ -106.754101, 35.194259 ], [ -106.758489, 35.194204 ], [ -106.758531, 35.199756 ], [ -106.754148, 35.199775 ], [ -106.754151, 35.203299 ], [ -106.752627, 35.2033 ], [ -106.752349, 35.202914 ], [ -106.75225, 35.202768 ], [ -106.745433, 35.192656 ], [ -106.74453, 35.191169 ], [ -106.743191, 35.188968 ], [ -106.742354, 35.189044 ], [ -106.736554, 35.189084 ], [ -106.727675, 35.189103 ], [ -106.724882, 35.188541 ], [ -106.720102, 35.18397 ], [ -106.716669, 35.18064 ], [ -106.713879, 35.179773 ], [ -106.702181, 35.179675 ], [ -106.70179, 35.176976 ], [ -106.698766, 35.17378 ], [ -106.70326, 35.172873 ], [ -106.704844, 35.171348 ], [ -106.708191, 35.172984 ], [ -106.7104, 35.171953 ], [ -106.709651, 35.17081 ], [ -106.710985, 35.170367 ], [ -106.710728, 35.167425 ], [ -106.713544, 35.165506 ], [ -106.714865, 35.162967 ], [ -106.71917, 35.163274 ], [ -106.720503, 35.164777 ], [ -106.724812, 35.167197 ], [ -106.725936, 35.165371 ], [ -106.726304, 35.164746 ], [ -106.724235, 35.162154 ], [ -106.72548, 35.160827 ], [ -106.723467, 35.156926 ], [ -106.723977, 35.155182 ], [ -106.725441, 35.154497 ], [ -106.723118, 35.151834 ], [ -106.724462, 35.149151 ], [ -106.723672, 35.147111 ], [ -106.72778, 35.146416 ], [ -106.727745, 35.159959 ], [ -106.736541, 35.160044 ], [ -106.758534, 35.159767 ], [ -106.758606, 35.174331 ] ] ] ] } },
{ "type": "Feature", "properties": { "OBJECTID": 170, "ST": "35", "STATE": "New Mexico", "ST_ABBR": "NM", "STCNTY": "35001", "COUNTY": "Bernalillo County", "FIPS": "35001940602", "LOCATION": "Census Tract 9406.02; Bernalillo County; New Mexico", "AREA_SQMI": 352.001594140436, "E_TOTPOP": 1820, "M_TOTPOP": 395, "E_HU": 664, "M_HU": 108, "E_HH": 601, "M_HH": 107, "E_POV150": 855, "M_POV150": 233, "E_UNEMP": 194, "M_UNEMP": 99, "E_HBURD": 114, "M_HBURD": 80, "E_NOHSDP": 433, "M_NOHSDP": 136, "E_UNINSUR": 316, "M_UNINSUR": 175, "E_AGE65": 319, "M_AGE65": 161, "E_AGE17": 315, "M_AGE17": 160, "E_DISABL": 533, "M_DISABL": 158, "E_SNGPNT": 54, "M_SNGPNT": 42, "E_LIMENG": 9, "M_LIMENG": 52, "E_MINRTY": 1724, "M_MINRTY": 399, "E_MUNIT": 0, "M_MUNIT": 18, "E_MOBILE": 104, "M_MOBILE": 82, "E_CROWD": 47, "M_CROWD": 34, "E_NOVEH": 71, "M_NOVEH": 64, "E_GROUPQ": 100, "M_GROUPQ": 16, "EP_POV150": 47.0, "MP_POV150": 7.7, "EP_UNEMP": 23.8, "MP_UNEMP": 9.5, "EP_HBURD": 19.0, "MP_HBURD": 12.9, "EP_NOHSDP": 32.3, "MP_NOHSDP": 7.0, "EP_UNINSUR": 17.4, "MP_UNINSUR": 7.4, "EP_AGE65": 17.5, "MP_AGE65": 7.9, "EP_AGE17": 17.3, "MP_AGE17": 6.9, "EP_DISABL": 29.3, "MP_DISABL": 7.2, "EP_SNGPNT": 9.0, "MP_SNGPNT": 6.8, "EP_LIMENG": 0.5, "MP_LIMENG": 2.9, "EP_MINRTY": 94.7, "MP_MINRTY": 7.6, "EP_MUNIT": 0.0, "MP_MUNIT": 2.7, "EP_MOBILE": 15.7, "MP_MOBILE": 12.1, "EP_CROWD": 7.8, "MP_CROWD": 5.5, "EP_NOVEH": 11.8, "MP_NOVEH": 10.0, "EP_GROUPQ": 5.5, "MP_GROUPQ": 1.5, "EPL_POV150": 0.85, "EPL_UNEMP": 0.9917, "EPL_HBURD": 0.3417, "EPL_NOHSDP": 0.9337, "EPL_UNINSUR": 0.8583, "SPL_THEME1": 3.9754, "RPL_THEME1": 0.9517, "EPL_AGE65": 0.4909, "EPL_AGE17": 0.2803, "EPL_DISABL": 0.95, "EPL_SNGPNT": 0.7067, "EPL_LIMENG": 0.2371, "SPL_THEME2": 2.665, "RPL_THEME2": 0.6017, "EPL_MINRTY": 0.9154, "SPL_THEME3": 0.9154, "RPL_THEME3": 0.9154, "EPL_MUNIT": 0.0, "EPL_MOBILE": 0.5524, "EPL_CROWD": 0.8517, "EPL_NOVEH": 0.8517, "EPL_GROUPQ": 0.9187, "SPL_THEME4": 3.1745, "RPL_THEME4": 0.8833, "SPL_THEMES": 10.7303, "RPL_THEMES": 0.9433, "F_POV150": 0, "F_UNEMP": 1, "F_HBURD": 0, "F_NOHSDP": 1, "F_UNINSUR": 0, "F_THEME1": 2, "F_AGE65": 0, "F_AGE17": 0, "F_DISABL": 1, "F_SNGPNT": 0, "F_LIMENG": 0, "F_THEME2": 1, "F_MINRTY": 1, "F_THEME3": 1, "F_MUNIT": 0, "F_MOBILE": 0, "F_CROWD": 0, "F_NOVEH": 0, "F_GROUPQ": 1, "F_THEME4": 1, "F_TOTAL": 5, "E_DAYPOP": 1294, "E_NOINT": 301, "M_NOINT": 109, "E_AFAM": 10, "M_AFAM": 2, "E_HISP": 350, "M_HISP": 275, "E_ASIAN": 0, "M_ASIAN": 13, "E_AIAN": 1317, "M_AIAN": 424, "E_NHPI": 0, "M_NHPI": 13, "E_TWOMORE": 47, "M_TWOMORE": 31, "E_OTHERRACE": 0, "M_OTHERRACE": 13, "EP_NOINT": 50.1, "MP_NOINT": 13.3, "EP_AFAM": 0.5, "MP_AFAM": 0.2, "EP_HISP": 19.2, "MP_HISP": 14.9, "EP_ASIAN": 0.0, "MP_ASIAN": 2.2, "EP_AIAN": 72.4, "MP_AIAN": 14.9, "EP_NHPI": 0.0, "MP_NHPI": 2.2, "EP_TWOMORE": 2.6, "MP_TWOMORE": 1.4, "EP_OTHERRACE": 0.0, "MP_OTHERRACE": 2.2, "Shape_Length": 1.8444635885937601, "Shape_Area": 0.09037334798399925 }, "geometry": { "type": "MultiPolygon", "coordinates": [ [ [ [ -107.196763, 35.219458 ], [ -107.170874, 35.219433 ], [ -107.16397, 35.219426 ], [ -107.134751, 35.219418 ], [ -107.132307, 35.219362 ], [ -107.0984, 35.218501 ], [ -107.080691, 35.218545 ], [ -107.039393, 35.218441 ], [ -106.962038, 35.218392 ], [ -106.947099, 35.218325 ], [ -106.853128, 35.217992 ], [ -106.836389, 35.217988 ], [ -106.763062, 35.217994 ], [ -106.752676, 35.203368 ], [ -106.752627, 35.2033 ], [ -106.754151, 35.203299 ], [ -106.754148, 35.199775 ], [ -106.758531, 35.199756 ], [ -106.758489, 35.194204 ], [ -106.754101, 35.194259 ], [ -106.754114, 35.196061 ], [ -106.749733, 35.196044 ], [ -106.749733, 35.1906 ], [ -106.748633, 35.188787 ], [ -106.749734, 35.18879 ], [ -106.749752, 35.184306 ], [ -106.757442, 35.184479 ], [ -106.758798, 35.184463 ], [ -106.758817, 35.179814 ], [ -106.783497, 35.179842 ], [ -106.784092, 35.178054 ], [ -106.785812, 35.176519 ], [ -106.786579, 35.175078 ], [ -106.786605, 35.173981 ], [ -106.784601, 35.167324 ], [ -106.784546, 35.165984 ], [ -106.785912, 35.158549 ], [ -106.785709, 35.155585 ], [ -106.786591, 35.150702 ], [ -106.786402, 35.146661 ], [ -106.785818, 35.142654 ], [ -106.785781, 35.12984 ], [ -106.785944, 35.127912 ], [ -106.787528, 35.125222 ], [ -106.791969, 35.119897 ], [ -106.79545, 35.114108 ], [ -106.797134, 35.109017 ], [ -106.797694, 35.106191 ], [ -106.797939, 35.102311 ], [ -106.797896, 35.085024 ], [ -106.797693, 35.081785 ], [ -106.796657, 35.078163 ], [ -106.795723, 35.076488 ], [ -106.790613, 35.069473 ], [ -106.787834, 35.065209 ], [ -106.791801, 35.063236 ], [ -106.788933, 35.062751 ], [ -106.786595, 35.06312 ], [ -106.785756, 35.060209 ], [ -106.786633, 35.054369 ], [ -106.787521, 35.052294 ], [ -106.793075, 35.024259 ], [ -106.792079, 35.02425 ], [ -106.792236, 35.023837 ], [ -106.796182, 35.004427 ], [ -106.796196, 35.003563 ], [ -106.797801, 34.996322 ], [ -106.798153, 34.993675 ], [ -106.805392, 34.956834 ], [ -106.829845, 34.956932 ], [ -106.94567, 34.957361 ], [ -106.948204, 34.956211 ], [ -106.946507, 34.955639 ], [ -106.947035, 34.954815 ], [ -106.949426, 34.954584 ], [ -106.951677, 34.953003 ], [ -106.957014, 34.951236 ], [ -106.960434, 34.950775 ], [ -106.960964, 34.951897 ], [ -106.963774, 34.952948 ], [ -106.963744, 34.951139 ], [ -106.968886, 34.949417 ], [ -106.968832, 34.950677 ], [ -106.971948, 34.951888 ], [ -106.971891, 34.950766 ], [ -106.975228, 34.951015 ], [ -106.977899, 34.952317 ], [ -106.981264, 34.952428 ], [ -106.981173, 34.94698 ], [ -106.98223, 34.946795 ], [ -106.982705, 34.948627 ], [ -106.983538, 34.947504 ], [ -106.9854, 34.946769 ], [ -106.989343, 34.943652 ], [ -106.990983, 34.943329 ], [ -106.994539, 34.940969 ], [ -106.995953, 34.938429 ], [ -106.998428, 34.93868 ], [ -106.999174, 34.936253 ], [ -107.001381, 34.935519 ], [ -107.005834, 34.932434 ], [ -107.009644, 34.930952 ], [ -107.012204, 34.929124 ], [ -107.014261, 34.929584 ], [ -107.017433, 34.926611 ], [ -107.015629, 34.924823 ], [ -107.018133, 34.922628 ], [ -107.021108, 34.922309 ], [ -107.020999, 34.920043 ], [ -107.024501, 34.920412 ], [ -107.025531, 34.919291 ], [ -107.027342, 34.915537 ], [ -107.028619, 34.916362 ], [ -107.031208, 34.912861 ], [ -107.032652, 34.913641 ], [ -107.034209, 34.913115 ], [ -107.034155, 34.911467 ], [ -107.032241, 34.90826 ], [ -107.031993, 34.906176 ], [ -107.035411, 34.906728 ], [ -107.037274, 34.905928 ], [ -107.036663, 34.904898 ], [ -107.034634, 34.905491 ], [ -107.033023, 34.904987 ], [ -107.033913, 34.903408 ], [ -107.033442, 34.902514 ], [ -107.030691, 34.902261 ], [ -107.031526, 34.901231 ], [ -107.034612, 34.899882 ], [ -107.029389, 34.897978 ], [ -107.030197, 34.896491 ], [ -107.029784, 34.893239 ], [ -107.02781, 34.893948 ], [ -107.027979, 34.891384 ], [ -107.025039, 34.887008 ], [ -107.027428, 34.886987 ], [ -107.02743, 34.885957 ], [ -107.02379, 34.885451 ], [ -107.022402, 34.884671 ], [ -107.022959, 34.883733 ], [ -107.025655, 34.883025 ], [ -107.025851, 34.881354 ], [ -107.024156, 34.881376 ], [ -107.023852, 34.880505 ], [ -107.026381, 34.879614 ], [ -107.026715, 34.878745 ], [ -107.024605, 34.877736 ], [ -107.023643, 34.87657 ], [ -107.025734, 34.875791 ], [ -107.023999, 34.871243 ], [ -107.024996, 34.871018 ], [ -107.066562, 34.95719 ], [ -107.084164, 34.99294 ], [ -107.110102, 35.044638 ], [ -107.170835, 35.167073 ], [ -107.178524, 35.182169 ], [ -107.180697, 35.18654 ], [ -107.184297, 35.19374 ], [ -107.197244, 35.219459 ], [ -107.196763, 35.219458 ] ], [ [ -107.009792, 35.015472 ], [ -106.996472, 35.015457 ], [ -106.992115, 35.01227 ], [ -106.989014, 35.010697 ], [ -106.986262, 35.010133 ], [ -106.982273, 35.008116 ], [ -106.980066, 35.007666 ], [ -106.974396, 35.004736 ], [ -106.971981, 35.006815 ], [ -106.970729, 35.009908 ], [ -106.967715, 35.012166 ], [ -106.967797, 35.013573 ], [ -106.966627, 35.01383 ], [ -106.965688, 35.013454 ], [ -106.965613, 35.010862 ], [ -106.967191, 35.009622 ], [ -106.965237, 35.008232 ], [ -106.965125, 35.00703 ], [ -106.961593, 35.003724 ], [ -106.961556, 35.002334 ], [ -106.960014, 35.000071 ], [ -106.926945, 35.000063 ], [ -106.926139, 35.001782 ], [ -106.926614, 35.003751 ], [ -106.926254, 35.007162 ], [ -106.926535, 35.011421 ], [ -106.92929, 35.010847 ], [ -106.930125, 35.011373 ], [ -106.928902, 35.013251 ], [ -106.929598, 35.014808 ], [ -106.933191, 35.018332 ], [ -106.935365, 35.022154 ], [ -106.937397, 35.02252 ], [ -106.938759, 35.020985 ], [ -106.939263, 35.024579 ], [ -106.9374, 35.026503 ], [ -106.938013, 35.02735 ], [ -106.940212, 35.027647 ], [ -106.940047, 35.029936 ], [ -106.941449, 35.033038 ], [ -106.94157, 35.033345 ], [ -106.941531, 35.033809 ], [ -106.934139, 35.035614 ], [ -106.930777, 35.036048 ], [ -106.92158, 35.038381 ], [ -106.942905, 35.038611 ], [ -106.942331, 35.039543 ], [ -106.943369, 35.041107 ], [ -106.944003, 35.041866 ], [ -106.946162, 35.04443 ], [ -106.946461, 35.04443 ], [ -106.956866, 35.044444 ], [ -106.95703, 35.044445 ], [ -106.972699, 35.044486 ], [ -106.972483, 35.032597 ], [ -106.968713, 35.032568 ], [ -106.967877, 35.029691 ], [ -106.97243, 35.029638 ], [ -106.991804, 35.030023 ], [ -107.009732, 35.030305 ], [ -107.009792, 35.015472 ] ], [ [ -106.864925, 35.007662 ], [ -106.864654, 35.004504 ], [ -106.855565, 35.004466 ], [ -106.85549, 35.010782 ], [ -106.866305, 35.010733 ], [ -106.864925, 35.007662 ] ] ] ] } },
{ "type": "Feature", "properties": { "OBJECTID": 171, "ST": "35", "STATE": "New Mexico", "ST_ABBR": "NM", "STCNTY": "35001", "COUNTY": "Bernalillo County", "FIPS": "35001940700", "LOCATION": "Census Tract 9407; Bernalillo County; New Mexico", "AREA_SQMI": 178.458278384918, "E_TOTPOP": 2928, "M_TOTPOP": 492, "E_HU": 1158, "M_HU": 119, "E_HH": 985, "M_HH": 117, "E_POV150": 834, "M_POV150": 249, "E_UNEMP": 66, "M_UNEMP": 47, "E_HBURD": 88, "M_HBURD": 47, "E_NOHSDP": 209, "M_NOHSDP": 91, "E_UNINSUR": 508, "M_UNINSUR": 194, "E_AGE65": 596, "M_AGE65": 123, "E_AGE17": 678, "M_AGE17": 243, "E_DISABL": 614, "M_DISABL": 156, "E_SNGPNT": 57, "M_SNGPNT": 39, "E_LIMENG": 0, "M_LIMENG": 52, "E_MINRTY": 2868, "M_MINRTY": 493, "E_MUNIT": 0, "M_MUNIT": 18, "E_MOBILE": 174, "M_MOBILE": 57, "E_CROWD": 29, "M_CROWD": 26, "E_NOVEH": 63, "M_NOVEH": 39, "E_GROUPQ": 0, "M_GROUPQ": 13, "EP_POV150": 29.4, "MP_POV150": 7.7, "EP_UNEMP": 5.4, "MP_UNEMP": 3.5, "EP_HBURD": 8.9, "MP_HBURD": 4.7, "EP_NOHSDP": 10.1, "MP_NOHSDP": 3.6, "EP_UNINSUR": 17.3, "MP_UNINSUR": 5.1, "EP_AGE65": 20.4, "MP_AGE65": 5.7, "EP_AGE17": 23.2, "MP_AGE17": 5.6, "EP_DISABL": 21.0, "MP_DISABL": 5.0, "EP_SNGPNT": 5.8, "MP_SNGPNT": 3.9, "EP_LIMENG": 0.0, "MP_LIMENG": 1.9, "EP_MINRTY": 98.0, "MP_MINRTY": 3.5, "EP_MUNIT": 0.0, "MP_MUNIT": 1.6, "EP_MOBILE": 15.0, "MP_MOBILE": 5.2, "EP_CROWD": 2.9, "MP_CROWD": 2.6, "EP_NOVEH": 6.4, "MP_NOVEH": 3.9, "EP_GROUPQ": 0.0, "MP_GROUPQ": 0.4, "EPL_POV150": 0.5, "EPL_UNEMP": 0.4892, "EPL_HBURD": 0.0433, "EPL_NOHSDP": 0.4478, "EPL_UNINSUR": 0.8567, "SPL_THEME1": 2.337, "RPL_THEME1": 0.445, "EPL_AGE65": 0.6352, "EPL_AGE17": 0.5705, "EPL_DISABL": 0.7583, "EPL_SNGPNT": 0.4717, "EPL_LIMENG": 0.0, "SPL_THEME2": 2.4357, "RPL_THEME2": 0.44, "EPL_MINRTY": 0.9486, "SPL_THEME3": 0.9486, "RPL_THEME3": 0.9486, "EPL_MUNIT": 0.0, "EPL_MOBILE": 0.5391, "EPL_CROWD": 0.575, "EPL_NOVEH": 0.6517, "EPL_GROUPQ": 0.0, "SPL_THEME4": 1.7658, "RPL_THEME4": 0.2833, "SPL_THEMES": 7.4871, "RPL_THEMES": 0.4433, "F_POV150": 0, "F_UNEMP": 0, "F_HBURD": 0, "F_NOHSDP": 0, "F_UNINSUR": 0, "F_THEME1": 0, "F_AGE65": 0, "F_AGE17": 0, "F_DISABL": 0, "F_SNGPNT": 0, "F_LIMENG": 0, "F_THEME2": 0, "F_MINRTY": 1, "F_THEME3": 1, "F_MUNIT": 0, "F_MOBILE": 0, "F_CROWD": 0, "F_NOVEH": 0, "F_GROUPQ": 0, "F_THEME4": 0, "F_TOTAL": 1, "E_DAYPOP": 1643, "E_NOINT": 196, "M_NOINT": 67, "E_AFAM": 0, "M_AFAM": 13, "E_HISP": 515, "M_HISP": 168, "E_ASIAN": 0, "M_ASIAN": 13, "E_AIAN": 2211, "M_AIAN": 374, "E_NHPI": 0, "M_NHPI": 13, "E_TWOMORE": 142, "M_TWOMORE": 145, "E_OTHERRACE": 0, "M_OTHERRACE": 13, "EP_NOINT": 19.9, "MP_NOINT": 6.3, "EP_AFAM": 0.0, "MP_AFAM": 1.4, "EP_HISP": 17.6, "MP_HISP": 5.6, "EP_ASIAN": 0.0, "MP_ASIAN": 1.4, "EP_AIAN": 75.5, "MP_AIAN": 5.3, "EP_NHPI": 0.0, "MP_NHPI": 1.4, "EP_TWOMORE": 4.8, "MP_TWOMORE": 4.4, "EP_OTHERRACE": 0.0, "MP_OTHERRACE": 1.4, "Shape_Length": 1.6813769642127732, "Shape_Area": 0.045732589206506573 }, "geometry": { "type": "MultiPolygon", "coordinates": [ [ [ [ -107.037274, 34.905928 ], [ -107.035411, 34.906728 ], [ -107.031993, 34.906176 ], [ -107.032241, 34.90826 ], [ -107.034155, 34.911467 ], [ -107.034209, 34.913115 ], [ -107.032652, 34.913641 ], [ -107.031208, 34.912861 ], [ -107.028619, 34.916362 ], [ -107.027342, 34.915537 ], [ -107.025531, 34.919291 ], [ -107.024501, 34.920412 ], [ -107.020999, 34.920043 ], [ -107.021108, 34.922309 ], [ -107.018133, 34.922628 ], [ -107.015629, 34.924823 ], [ -107.017433, 34.926611 ], [ -107.014261, 34.929584 ], [ -107.012204, 34.929124 ], [ -107.009644, 34.930952 ], [ -107.005834, 34.932434 ], [ -107.001381, 34.935519 ], [ -106.999174, 34.936253 ], [ -106.998428, 34.93868 ], [ -106.995953, 34.938429 ], [ -106.994539, 34.940969 ], [ -106.990983, 34.943329 ], [ -106.989343, 34.943652 ], [ -106.9854, 34.946769 ], [ -106.983538, 34.947504 ], [ -106.982705, 34.948627 ], [ -106.98223, 34.946795 ], [ -106.981173, 34.94698 ], [ -106.981264, 34.952428 ], [ -106.977899, 34.952317 ], [ -106.975228, 34.951015 ], [ -106.971891, 34.950766 ], [ -106.971948, 34.951888 ], [ -106.968832, 34.950677 ], [ -106.968886, 34.949417 ], [ -106.963744, 34.951139 ], [ -106.963774, 34.952948 ], [ -106.960964, 34.951897 ], [ -106.960434, 34.950775 ], [ -106.957014, 34.951236 ], [ -106.951677, 34.953003 ], [ -106.949426, 34.954584 ], [ -106.947035, 34.954815 ], [ -106.946507, 34.955639 ], [ -106.948204, 34.956211 ], [ -106.94567, 34.957361 ], [ -106.829845, 34.956932 ], [ -106.805392, 34.956834 ], [ -106.75228, 34.956728 ], [ -106.729356, 34.95664 ], [ -106.7272, 34.956651 ], [ -106.725391, 34.956505 ], [ -106.725312, 34.946847 ], [ -106.70998, 34.946983 ], [ -106.698257, 34.946892 ], [ -106.693324, 34.946858 ], [ -106.682581, 34.946951 ], [ -106.680774, 34.946926 ], [ -106.679446, 34.946879 ], [ -106.673278, 34.946905 ], [ -106.665736, 34.946805 ], [ -106.663667, 34.946792 ], [ -106.663552, 34.946791 ], [ -106.56905, 34.947543 ], [ -106.464776, 34.947541 ], [ -106.437729, 34.947334 ], [ -106.436898, 34.949384 ], [ -106.431505, 34.947921 ], [ -106.431768, 34.947295 ], [ -106.380476, 34.946884 ], [ -106.375105, 34.947186 ], [ -106.357768, 34.947195 ], [ -106.325714, 34.947253 ], [ -106.325753, 34.942254 ], [ -106.324625, 34.94223 ], [ -106.316477, 34.942061 ], [ -106.316543, 34.938527 ], [ -106.322334, 34.938191 ], [ -106.322648, 34.935676 ], [ -106.321928, 34.933497 ], [ -106.326794, 34.933536 ], [ -106.326862, 34.927048 ], [ -106.320368, 34.927034 ], [ -106.320211, 34.920713 ], [ -106.318128, 34.914586 ], [ -106.318129, 34.903387 ], [ -106.318761, 34.901542 ], [ -106.320985, 34.900814 ], [ -106.324483, 34.895332 ], [ -106.328315, 34.894993 ], [ -106.33649, 34.884061 ], [ -106.33645, 34.883287 ], [ -106.338533, 34.883771 ], [ -106.349872, 34.875048 ], [ -106.352808, 34.875053 ], [ -106.355631, 34.871851 ], [ -106.359432, 34.871482 ], [ -106.37321, 34.871458 ], [ -106.373193, 34.870338 ], [ -106.411781, 34.870252 ], [ -106.411558, 34.889733 ], [ -106.413359, 34.890187 ], [ -106.41521, 34.893026 ], [ -106.41811, 34.892278 ], [ -106.418954, 34.894058 ], [ -106.420683, 34.895063 ], [ -106.420804, 34.896646 ], [ -106.422902, 34.898041 ], [ -106.422913, 34.900708 ], [ -106.423996, 34.901868 ], [ -106.428803, 34.902666 ], [ -106.429486, 34.9034 ], [ -106.686187, 34.906247 ], [ -106.689213, 34.902905 ], [ -106.692383, 34.900925 ], [ -106.696436, 34.897032 ], [ -106.700072, 34.890505 ], [ -106.700478, 34.888809 ], [ -106.702871, 34.885331 ], [ -106.709369, 34.881821 ], [ -106.710814, 34.880626 ], [ -106.712997, 34.880444 ], [ -106.714449, 34.879562 ], [ -106.718454, 34.875019 ], [ -106.720091, 34.872141 ], [ -106.720587, 34.870635 ], [ -106.72083, 34.870054 ], [ -106.721834, 34.870057 ], [ -106.766228, 34.869967 ], [ -107.024481, 34.869953 ], [ -107.024996, 34.871018 ], [ -107.023999, 34.871243 ], [ -107.025734, 34.875791 ], [ -107.023643, 34.87657 ], [ -107.024605, 34.877736 ], [ -107.026715, 34.878745 ], [ -107.026381, 34.879614 ], [ -107.023852, 34.880505 ], [ -107.024156, 34.881376 ], [ -107.025851, 34.881354 ], [ -107.025655, 34.883025 ], [ -107.022959, 34.883733 ], [ -107.022402, 34.884671 ], [ -107.02379, 34.885451 ], [ -107.02743, 34.885957 ], [ -107.027428, 34.886987 ], [ -107.025039, 34.887008 ], [ -107.027979, 34.891384 ], [ -107.02781, 34.893948 ], [ -107.029784, 34.893239 ], [ -107.030197, 34.896491 ], [ -107.029389, 34.897978 ], [ -107.034612, 34.899882 ], [ -107.031526, 34.901231 ], [ -107.030691, 34.902261 ], [ -107.033442, 34.902514 ], [ -107.033913, 34.903408 ], [ -107.033023, 34.904987 ], [ -107.034634, 34.905491 ], [ -107.036663, 34.904898 ], [ -107.037274, 34.905928 ] ] ] ] } },
{ "type": "Feature", "properties": { "OBJECTID": 172, "ST": "35", "STATE": "New Mexico", "ST_ABBR": "NM", "STCNTY": "35001", "COUNTY": "Bernalillo County", "FIPS": "35001940800", "LOCATION": "Census Tract 9408; Bernalillo County; New Mexico", "AREA_SQMI": 8.9391516512120006, "E_TOTPOP": 0, "M_TOTPOP": 13, "E_HU": 0, "M_HU": 13, "E_HH": 0, "M_HH": 13, "E_POV150": 0, "M_POV150": 13, "E_UNEMP": 0, "M_UNEMP": 13, "E_HBURD": 0, "M_HBURD": 26, "E_NOHSDP": 0, "M_NOHSDP": 13, "E_UNINSUR": 0, "M_UNINSUR": 13, "E_AGE65": 0, "M_AGE65": 13, "E_AGE17": 0, "M_AGE17": 13, "E_DISABL": 0, "M_DISABL": 13, "E_SNGPNT": 0, "M_SNGPNT": 18, "E_LIMENG": 0, "M_LIMENG": 52, "E_MINRTY": 0, "M_MINRTY": 18, "E_MUNIT": 0, "M_MUNIT": 18, "E_MOBILE": 0, "M_MOBILE": 13, "E_CROWD": 0, "M_CROWD": 18, "E_NOVEH": 0, "M_NOVEH": 13, "E_GROUPQ": 0, "M_GROUPQ": 13, "EP_POV150": -999.0, "MP_POV150": -999.0, "EP_UNEMP": -999.0, "MP_UNEMP": -999.0, "EP_HBURD": -999.0, "MP_HBURD": -999.0, "EP_NOHSDP": -999.0, "MP_NOHSDP": -999.0, "EP_UNINSUR": -999.0, "MP_UNINSUR": -999.0, "EP_AGE65": -999.0, "MP_AGE65": -999.0, "EP_AGE17": -999.0, "MP_AGE17": -999.0, "EP_DISABL": -999.0, "MP_DISABL": -999.0, "EP_SNGPNT": -999.0, "MP_SNGPNT": -999.0, "EP_LIMENG": -999.0, "MP_LIMENG": -999.0, "EP_MINRTY": -999.0, "MP_MINRTY": -999.0, "EP_MUNIT": -999.0, "MP_MUNIT": -999.0, "EP_MOBILE": -999.0, "MP_MOBILE": -999.0, "EP_CROWD": -999.0, "MP_CROWD": -999.0, "EP_NOVEH": -999.0, "MP_NOVEH": -999.0, "EP_GROUPQ": -999.0, "MP_GROUPQ": -999.0, "EPL_POV150": -999.0, "EPL_UNEMP": -999.0, "EPL_HBURD": -999.0, "EPL_NOHSDP": -999.0, "EPL_UNINSUR": -999.0, "SPL_THEME1": -999.0, "RPL_THEME1": -999.0, "EPL_AGE65": -999.0, "EPL_AGE17": -999.0, "EPL_DISABL": -999.0, "EPL_SNGPNT": -999.0, "EPL_LIMENG": -999.0, "SPL_THEME2": -999.0, "RPL_THEME2": -999.0, "EPL_MINRTY": -999.0, "SPL_THEME3": -999.0, "RPL_THEME3": -999.0, "EPL_MUNIT": -999.0, "EPL_MOBILE": -999.0, "EPL_CROWD": -999.0, "EPL_NOVEH": -999.0, "EPL_GROUPQ": -999.0, "SPL_THEME4": -999.0, "RPL_THEME4": -999.0, "SPL_THEMES": -999.0, "RPL_THEMES": -999.0, "F_POV150": -999, "F_UNEMP": -999, "F_HBURD": -999, "F_NOHSDP": -999, "F_UNINSUR": -999, "F_THEME1": -999, "F_AGE65": -999, "F_AGE17": -999, "F_DISABL": -999, "F_SNGPNT": -999, "F_LIMENG": -999, "F_THEME2": -999, "F_MINRTY": -999, "F_THEME3": -999, "F_MUNIT": -999, "F_MOBILE": -999, "F_CROWD": -999, "F_NOVEH": -999, "F_GROUPQ": -999, "F_THEME4": -999, "F_TOTAL": -999, "E_DAYPOP": 62, "E_NOINT": 0, "M_NOINT": 13, "E_AFAM": 0, "M_AFAM": 13, "E_HISP": 0, "M_HISP": 13, "E_ASIAN": 0, "M_ASIAN": 13, "E_AIAN": 0, "M_AIAN": 13, "E_NHPI": 0, "M_NHPI": 13, "E_TWOMORE": 0, "M_TWOMORE": 13, "E_OTHERRACE": 0, "M_OTHERRACE": 13, "EP_NOINT": -999.0, "MP_NOINT": -999.0, "EP_AFAM": -999.0, "MP_AFAM": -999.0, "EP_HISP": -999.0, "MP_HISP": -999.0, "EP_ASIAN": -999.0, "MP_ASIAN": -999.0, "EP_AIAN": -999.0, "MP_AIAN": -999.0, "EP_NHPI": -999.0, "MP_NHPI": -999.0, "EP_TWOMORE": -999.0, "MP_TWOMORE": -999.0, "EP_OTHERRACE": -999.0, "MP_OTHERRACE": -999.0, "Shape_Length": 0.30225606278574851, "Shape_Area": 0.0022842235324997723 }, "geometry": { "type": "MultiPolygon", "coordinates": [ [ [ [ -107.009732, 35.030305 ], [ -106.991804, 35.030023 ], [ -106.97243, 35.029638 ], [ -106.967877, 35.029691 ], [ -106.968713, 35.032568 ], [ -106.972483, 35.032597 ], [ -106.972699, 35.044486 ], [ -106.95703, 35.044445 ], [ -106.956866, 35.044444 ], [ -106.946461, 35.04443 ], [ -106.946162, 35.04443 ], [ -106.944003, 35.041866 ], [ -106.943369, 35.041107 ], [ -106.942331, 35.039543 ], [ -106.942905, 35.038611 ], [ -106.92158, 35.038381 ], [ -106.930777, 35.036048 ], [ -106.934139, 35.035614 ], [ -106.941531, 35.033809 ], [ -106.94157, 35.033345 ], [ -106.941449, 35.033038 ], [ -106.940047, 35.029936 ], [ -106.940212, 35.027647 ], [ -106.938013, 35.02735 ], [ -106.9374, 35.026503 ], [ -106.939263, 35.024579 ], [ -106.938759, 35.020985 ], [ -106.937397, 35.02252 ], [ -106.935365, 35.022154 ], [ -106.933191, 35.018332 ], [ -106.929598, 35.014808 ], [ -106.928902, 35.013251 ], [ -106.930125, 35.011373 ], [ -106.92929, 35.010847 ], [ -106.926535, 35.011421 ], [ -106.926254, 35.007162 ], [ -106.926614, 35.003751 ], [ -106.926139, 35.001782 ], [ -106.926945, 35.000063 ], [ -106.960014, 35.000071 ], [ -106.961556, 35.002334 ], [ -106.961593, 35.003724 ], [ -106.965125, 35.00703 ], [ -106.965237, 35.008232 ], [ -106.967191, 35.009622 ], [ -106.965613, 35.010862 ], [ -106.965688, 35.013454 ], [ -106.966627, 35.01383 ], [ -106.967797, 35.013573 ], [ -106.967715, 35.012166 ], [ -106.970729, 35.009908 ], [ -106.971981, 35.006815 ], [ -106.974396, 35.004736 ], [ -106.980066, 35.007666 ], [ -106.982273, 35.008116 ], [ -106.986262, 35.010133 ], [ -106.989014, 35.010697 ], [ -106.992115, 35.01227 ], [ -106.996472, 35.015457 ], [ -107.009792, 35.015472 ], [ -107.009732, 35.030305 ] ] ] ] } },
{ "type": "Feature", "properties": { "OBJECTID": 173, "ST": "35", "STATE": "New Mexico", "ST_ABBR": "NM", "STCNTY": "35001", "COUNTY": "Bernalillo County", "FIPS": "35001980000", "LOCATION": "Census Tract 9800; Bernalillo County; New Mexico", "AREA_SQMI": 48.109167504745997, "E_TOTPOP": 4409, "M_TOTPOP": 454, "E_HU": 1421, "M_HU": 243, "E_HH": 1359, "M_HH": 237, "E_POV150": 763, "M_POV150": 390, "E_UNEMP": 138, "M_UNEMP": 74, "E_HBURD": 452, "M_HBURD": 164, "E_NOHSDP": 33, "M_NOHSDP": 33, "E_UNINSUR": 78, "M_UNINSUR": 73, "E_AGE65": 247, "M_AGE65": 109, "E_AGE17": 1345, "M_AGE17": 300, "E_DISABL": 318, "M_DISABL": 129, "E_SNGPNT": 81, "M_SNGPNT": 79, "E_LIMENG": 7, "M_LIMENG": 52, "E_MINRTY": 2082, "M_MINRTY": 670, "E_MUNIT": 0, "M_MUNIT": 18, "E_MOBILE": 10, "M_MOBILE": 16, "E_CROWD": 20, "M_CROWD": 27, "E_NOVEH": 15, "M_NOVEH": 18, "E_GROUPQ": 726, "M_GROUPQ": 57, "EP_POV150": 20.7, "MP_POV150": 10.3, "EP_UNEMP": 13.3, "MP_UNEMP": 7.7, "EP_HBURD": 33.3, "MP_HBURD": 10.6, "EP_NOHSDP": 1.7, "MP_NOHSDP": 1.7, "EP_UNINSUR": 2.7, "MP_UNINSUR": 2.4, "EP_AGE65": 5.6, "MP_AGE65": 2.4, "EP_AGE17": 30.5, "MP_AGE17": 5.1, "EP_DISABL": 10.9, "MP_DISABL": 3.8, "EP_SNGPNT": 6.0, "MP_SNGPNT": 5.7, "EP_LIMENG": 0.2, "MP_LIMENG": 1.3, "EP_MINRTY": 47.2, "MP_MINRTY": 14.4, "EP_MUNIT": 0.0, "MP_MUNIT": 1.3, "EP_MOBILE": 0.7, "MP_MOBILE": 1.1, "EP_CROWD": 1.5, "MP_CROWD": 2.0, "EP_NOVEH": 1.1, "MP_NOVEH": 1.3, "EP_GROUPQ": 16.5, "MP_GROUPQ": 2.1, "EPL_POV150": 0.3033, "EPL_UNEMP": 0.9052, "EPL_HBURD": 0.77, "EPL_NOHSDP": 0.058, "EPL_UNINSUR": 0.1, "SPL_THEME1": 2.1365, "RPL_THEME1": 0.3717, "EPL_AGE65": 0.0348, "EPL_AGE17": 0.8889, "EPL_DISABL": 0.1717, "EPL_SNGPNT": 0.4967, "EPL_LIMENG": 0.1708, "SPL_THEME2": 1.7629, "RPL_THEME2": 0.1433, "EPL_MINRTY": 0.2172, "SPL_THEME3": 0.2172, "RPL_THEME3": 0.2172, "EPL_MUNIT": 0.0, "EPL_MOBILE": 0.2496, "EPL_CROWD": 0.4017, "EPL_NOVEH": 0.195, "EPL_GROUPQ": 0.9668, "SPL_THEME4": 1.8131, "RPL_THEME4": 0.3017, "SPL_THEMES": 5.9297, "RPL_THEMES": 0.2167, "F_POV150": 0, "F_UNEMP": 1, "F_HBURD": 0, "F_NOHSDP": 0, "F_UNINSUR": 0, "F_THEME1": 1, "F_AGE65": 0, "F_AGE17": 0, "F_DISABL": 0, "F_SNGPNT": 0, "F_LIMENG": 0, "F_THEME2": 0, "F_MINRTY": 0, "F_THEME3": 0, "F_MUNIT": 0, "F_MOBILE": 0, "F_CROWD": 0, "F_NOVEH": 0, "F_GROUPQ": 1, "F_THEME4": 1, "F_TOTAL": 2, "E_DAYPOP": 25234, "E_NOINT": 85, "M_NOINT": 90, "E_AFAM": 329, "M_AFAM": 188, "E_HISP": 1197, "M_HISP": 405, "E_ASIAN": 287, "M_ASIAN": 241, "E_AIAN": 7, "M_AIAN": 19, "E_NHPI": 18, "M_NHPI": 24, "E_TWOMORE": 244, "M_TWOMORE": 102, "E_OTHERRACE": 0, "M_OTHERRACE": 13, "EP_NOINT": 6.3, "MP_NOINT": 6.2, "EP_AFAM": 7.5, "MP_AFAM": 3.8, "EP_HISP": 27.1, "MP_HISP": 9.0, "EP_ASIAN": 6.5, "MP_ASIAN": 5.2, "EP_AIAN": 0.2, "MP_AIAN": 0.4, "EP_NHPI": 0.4, "MP_NHPI": 0.6, "EP_TWOMORE": 5.5, "MP_TWOMORE": 2.4, "EP_OTHERRACE": 0.0, "MP_OTHERRACE": 0.9, "Shape_Length": 0.5548250952361139, "Shape_Area": 0.012384379766500952 }, "geometry": { "type": "MultiPolygon", "coordinates": [ [ [ [ -106.612326, 35.030379 ], [ -106.612167, 35.037011 ], [ -106.61171, 35.038174 ], [ -106.611673, 35.04154 ], [ -106.611168, 35.046595 ], [ -106.610464, 35.058466 ], [ -106.60916, 35.058435 ], [ -106.60874, 35.058435 ], [ -106.607291, 35.058388 ], [ -106.606524, 35.05838 ], [ -106.6043, 35.058258 ], [ -106.603041, 35.058241 ], [ -106.602978, 35.062889 ], [ -106.595176, 35.062867 ], [ -106.595254, 35.058226 ], [ -106.587643, 35.058191 ], [ -106.586478, 35.058356 ], [ -106.58652, 35.052549 ], [ -106.58336, 35.052497 ], [ -106.583352, 35.051258 ], [ -106.569982, 35.051247 ], [ -106.568897, 35.052489 ], [ -106.568768, 35.058227 ], [ -106.56877, 35.058513 ], [ -106.566146, 35.059195 ], [ -106.564329, 35.065426 ], [ -106.559514, 35.065485 ], [ -106.559421, 35.065486 ], [ -106.550491, 35.065501 ], [ -106.550458, 35.067327 ], [ -106.535471, 35.067369 ], [ -106.534827, 35.067386 ], [ -106.53254, 35.067341 ], [ -106.532588, 35.057953 ], [ -106.53258, 35.055756 ], [ -106.532754, 35.046828 ], [ -106.532847, 35.043178 ], [ -106.529209, 35.04293 ], [ -106.528183, 35.043019 ], [ -106.508868, 35.042789 ], [ -106.500868, 35.042743 ], [ -106.497729, 35.042852 ], [ -106.495159, 35.042749 ], [ -106.479909, 35.042656 ], [ -106.46278, 35.042954 ], [ -106.462739, 35.040665 ], [ -106.462445, 35.023381 ], [ -106.462706, 35.016735 ], [ -106.462829, 35.002482 ], [ -106.462915, 35.001512 ], [ -106.462739, 34.979272 ], [ -106.464776, 34.947541 ], [ -106.56905, 34.947543 ], [ -106.568931, 35.011016 ], [ -106.586073, 35.011337 ], [ -106.586365, 35.023392 ], [ -106.586586, 35.028551 ], [ -106.593932, 35.028587 ], [ -106.593971, 35.029596 ], [ -106.612337, 35.029701 ], [ -106.612326, 35.030379 ] ] ] ] } },
{ "type": "Feature", "properties": { "OBJECTID": 174, "ST": "35", "STATE": "New Mexico", "ST_ABBR": "NM", "STCNTY": "35001", "COUNTY": "Bernalillo County", "FIPS": "35001980300", "LOCATION": "Census Tract 9803; Bernalillo County; New Mexico", "AREA_SQMI": 0.33569831440999998, "E_TOTPOP": 0, "M_TOTPOP": 13, "E_HU": 0, "M_HU": 13, "E_HH": 0, "M_HH": 13, "E_POV150": 0, "M_POV150": 13, "E_UNEMP": 0, "M_UNEMP": 13, "E_HBURD": 0, "M_HBURD": 26, "E_NOHSDP": 0, "M_NOHSDP": 13, "E_UNINSUR": 0, "M_UNINSUR": 13, "E_AGE65": 0, "M_AGE65": 13, "E_AGE17": 0, "M_AGE17": 13, "E_DISABL": 0, "M_DISABL": 13, "E_SNGPNT": 0, "M_SNGPNT": 18, "E_LIMENG": 0, "M_LIMENG": 52, "E_MINRTY": 0, "M_MINRTY": 18, "E_MUNIT": 0, "M_MUNIT": 18, "E_MOBILE": 0, "M_MOBILE": 13, "E_CROWD": 0, "M_CROWD": 18, "E_NOVEH": 0, "M_NOVEH": 13, "E_GROUPQ": 0, "M_GROUPQ": 13, "EP_POV150": -999.0, "MP_POV150": -999.0, "EP_UNEMP": -999.0, "MP_UNEMP": -999.0, "EP_HBURD": -999.0, "MP_HBURD": -999.0, "EP_NOHSDP": -999.0, "MP_NOHSDP": -999.0, "EP_UNINSUR": -999.0, "MP_UNINSUR": -999.0, "EP_AGE65": -999.0, "MP_AGE65": -999.0, "EP_AGE17": -999.0, "MP_AGE17": -999.0, "EP_DISABL": -999.0, "MP_DISABL": -999.0, "EP_SNGPNT": -999.0, "MP_SNGPNT": -999.0, "EP_LIMENG": -999.0, "MP_LIMENG": -999.0, "EP_MINRTY": -999.0, "MP_MINRTY": -999.0, "EP_MUNIT": -999.0, "MP_MUNIT": -999.0, "EP_MOBILE": -999.0, "MP_MOBILE": -999.0, "EP_CROWD": -999.0, "MP_CROWD": -999.0, "EP_NOVEH": -999.0, "MP_NOVEH": -999.0, "EP_GROUPQ": -999.0, "MP_GROUPQ": -999.0, "EPL_POV150": -999.0, "EPL_UNEMP": -999.0, "EPL_HBURD": -999.0, "EPL_NOHSDP": -999.0, "EPL_UNINSUR": -999.0, "SPL_THEME1": -999.0, "RPL_THEME1": -999.0, "EPL_AGE65": -999.0, "EPL_AGE17": -999.0, "EPL_DISABL": -999.0, "EPL_SNGPNT": -999.0, "EPL_LIMENG": -999.0, "SPL_THEME2": -999.0, "RPL_THEME2": -999.0, "EPL_MINRTY": -999.0, "SPL_THEME3": -999.0, "RPL_THEME3": -999.0, "EPL_MUNIT": -999.0, "EPL_MOBILE": -999.0, "EPL_CROWD": -999.0, "EPL_NOVEH": -999.0, "EPL_GROUPQ": -999.0, "SPL_THEME4": -999.0, "RPL_THEME4": -999.0, "SPL_THEMES": -999.0, "RPL_THEMES": -999.0, "F_POV150": -999, "F_UNEMP": -999, "F_HBURD": -999, "F_NOHSDP": -999, "F_UNINSUR": -999, "F_THEME1": -999, "F_AGE65": -999, "F_AGE17": -999, "F_DISABL": -999, "F_SNGPNT": -999, "F_LIMENG": -999, "F_THEME2": -999, "F_MINRTY": -999, "F_THEME3": -999, "F_MUNIT": -999, "F_MOBILE": -999, "F_CROWD": -999, "F_NOVEH": -999, "F_GROUPQ": -999, "F_THEME4": -999, "F_TOTAL": -999, "E_DAYPOP": 548, "E_NOINT": 0, "M_NOINT": 13, "E_AFAM": 0, "M_AFAM": 13, "E_HISP": 0, "M_HISP": 13, "E_ASIAN": 0, "M_ASIAN": 13, "E_AIAN": 0, "M_AIAN": 13, "E_NHPI": 0, "M_NHPI": 13, "E_TWOMORE": 0, "M_TWOMORE": 13, "E_OTHERRACE": 0, "M_OTHERRACE": 13, "EP_NOINT": -999.0, "MP_NOINT": -999.0, "EP_AFAM": -999.0, "MP_AFAM": -999.0, "EP_HISP": -999.0, "MP_HISP": -999.0, "EP_ASIAN": -999.0, "MP_ASIAN": -999.0, "EP_AIAN": -999.0, "MP_AIAN": -999.0, "EP_NHPI": -999.0, "MP_NHPI": -999.0, "EP_TWOMORE": -999.0, "MP_TWOMORE": -999.0, "EP_OTHERRACE": -999.0, "MP_OTHERRACE": -999.0, "Shape_Length": 0.039898911217277705, "Shape_Area": 8.5766684000125506e-05 }, "geometry": { "type": "MultiPolygon", "coordinates": [ [ [ [ -106.57748, 35.087355 ], [ -106.568634, 35.08725 ], [ -106.568613, 35.081777 ], [ -106.568599, 35.078153 ], [ -106.56859, 35.07589 ], [ -106.572267, 35.076393 ], [ -106.572273, 35.076709 ], [ -106.572087, 35.077071 ], [ -106.572076, 35.078425 ], [ -106.573501, 35.078444 ], [ -106.577453, 35.078849 ], [ -106.57748, 35.087355 ] ] ] ] } },
{ "type": "Feature", "properties": { "OBJECTID": 175, "ST": "35", "STATE": "New Mexico", "ST_ABBR": "NM", "STCNTY": "35001", "COUNTY": "Bernalillo County", "FIPS": "35001980500", "LOCATION": "Census Tract 9805; Bernalillo County; New Mexico", "AREA_SQMI": 0.240258147132, "E_TOTPOP": 1261, "M_TOTPOP": 82, "E_HU": 0, "M_HU": 13, "E_HH": 0, "M_HH": 13, "E_POV150": 0, "M_POV150": 13, "E_UNEMP": 0, "M_UNEMP": 13, "E_HBURD": 0, "M_HBURD": 26, "E_NOHSDP": 341, "M_NOHSDP": 129, "E_UNINSUR": 0, "M_UNINSUR": 13, "E_AGE65": 0, "M_AGE65": 13, "E_AGE17": 0, "M_AGE17": 13, "E_DISABL": 0, "M_DISABL": 13, "E_SNGPNT": 0, "M_SNGPNT": 18, "E_LIMENG": 18, "M_LIMENG": 52, "E_MINRTY": 959, "M_MINRTY": 136, "E_MUNIT": 0, "M_MUNIT": 18, "E_MOBILE": 0, "M_MOBILE": 13, "E_CROWD": 0, "M_CROWD": 18, "E_NOVEH": 0, "M_NOVEH": 13, "E_GROUPQ": 1261, "M_GROUPQ": 82, "EP_POV150": -999.0, "MP_POV150": -999.0, "EP_UNEMP": -999.0, "MP_UNEMP": -999.0, "EP_HBURD": -999.0, "MP_HBURD": -999.0, "EP_NOHSDP": 31.5, "MP_NOHSDP": 10.2, "EP_UNINSUR": -999.0, "MP_UNINSUR": -999.0, "EP_AGE65": 0.0, "MP_AGE65": 3.1, "EP_AGE17": 0.0, "MP_AGE17": 3.1, "EP_DISABL": -999.0, "MP_DISABL": -999.0, "EP_SNGPNT": -999.0, "MP_SNGPNT": -999.0, "EP_LIMENG": 1.4, "MP_LIMENG": 4.1, "EP_MINRTY": 76.1, "MP_MINRTY": 9.6, "EP_MUNIT": -999.0, "MP_MUNIT": -999.0, "EP_MOBILE": -999.0, "MP_MOBILE": -999.0, "EP_CROWD": -999.0, "MP_CROWD": -999.0, "EP_NOVEH": -999.0, "MP_NOVEH": -999.0, "EP_GROUPQ": 100.0, "MP_GROUPQ": 0.0, "EPL_POV150": -999.0, "EPL_UNEMP": -999.0, "EPL_HBURD": -999.0, "EPL_NOHSDP": 0.927, "EPL_UNINSUR": -999.0, "SPL_THEME1": -999.0, "RPL_THEME1": -999.0, "EPL_AGE65": 0.0, "EPL_AGE17": 0.0, "EPL_DISABL": -999.0, "EPL_SNGPNT": -999.0, "EPL_LIMENG": 0.4229, "SPL_THEME2": -999.0, "RPL_THEME2": -999.0, "EPL_MINRTY": 0.6899, "SPL_THEME3": 0.6899, "RPL_THEME3": 0.6899, "EPL_MUNIT": -999.0, "EPL_MOBILE": -999.0, "EPL_CROWD": -999.0, "EPL_NOVEH": -999.0, "EPL_GROUPQ": 0.9967, "SPL_THEME4": -999.0, "RPL_THEME4": -999.0, "SPL_THEMES": -999.0, "RPL_THEMES": -999.0, "F_POV150": -999, "F_UNEMP": -999, "F_HBURD": -999, "F_NOHSDP": 1, "F_UNINSUR": -999, "F_THEME1": -999, "F_AGE65": 0, "F_AGE17": 0, "F_DISABL": -999, "F_SNGPNT": -999, "F_LIMENG": 0, "F_THEME2": -999, "F_MINRTY": 0, "F_THEME3": 0, "F_MUNIT": -999, "F_MOBILE": -999, "F_CROWD": -999, "F_NOVEH": -999, "F_GROUPQ": 1, "F_THEME4": -999, "F_TOTAL": -999, "E_DAYPOP": 2573, "E_NOINT": 0, "M_NOINT": 13, "E_AFAM": 87, "M_AFAM": 38, "E_HISP": 745, "M_HISP": 124, "E_ASIAN": 0, "M_ASIAN": 13, "E_AIAN": 63, "M_AIAN": 36, "E_NHPI": 0, "M_NHPI": 13, "E_TWOMORE": 58, "M_TWOMORE": 56, "E_OTHERRACE": 6, "M_OTHERRACE": 13, "EP_NOINT": -999.0, "MP_NOINT": -999.0, "EP_AFAM": 6.9, "MP_AFAM": 3.0, "EP_HISP": 59.1, "MP_HISP": 8.9, "EP_ASIAN": 0.0, "MP_ASIAN": 3.1, "EP_AIAN": 5.0, "MP_AIAN": 2.8, "EP_NHPI": 0.0, "MP_NHPI": 3.1, "EP_TWOMORE": 4.6, "MP_TWOMORE": 4.5, "EP_OTHERRACE": 0.5, "MP_OTHERRACE": 1.0, "Shape_Length": 0.032757056830154466, "Shape_Area": 6.0665354500243928e-05 }, "geometry": { "type": "MultiPolygon", "coordinates": [ [ [ [ -106.866305, 35.010733 ], [ -106.85549, 35.010782 ], [ -106.855565, 35.004466 ], [ -106.864654, 35.004504 ], [ -106.864925, 35.007662 ], [ -106.866305, 35.010733 ] ] ] ] } },
{ "type": "Feature", "properties": { "OBJECTID": 176, "ST": "35", "STATE": "New Mexico", "ST_ABBR": "NM", "STCNTY": "35001", "COUNTY": "Bernalillo County", "FIPS": "35001980600", "LOCATION": "Census Tract 9806; Bernalillo County; New Mexico", "AREA_SQMI": 15.910914383791999, "E_TOTPOP": 8, "M_TOTPOP": 11, "E_HU": 4, "M_HU": 5, "E_HH": 4, "M_HH": 5, "E_POV150": 0, "M_POV150": 13, "E_UNEMP": 0, "M_UNEMP": 13, "E_HBURD": 0, "M_HBURD": 26, "E_NOHSDP": 4, "M_NOHSDP": 6, "E_UNINSUR": 4, "M_UNINSUR": 5, "E_AGE65": 8, "M_AGE65": 11, "E_AGE17": 0, "M_AGE17": 13, "E_DISABL": 4, "M_DISABL": 6, "E_SNGPNT": 0, "M_SNGPNT": 18, "E_LIMENG": 0, "M_LIMENG": 52, "E_MINRTY": 8, "M_MINRTY": 17, "E_MUNIT": 0, "M_MUNIT": 18, "E_MOBILE": 4, "M_MOBILE": 5, "E_CROWD": 0, "M_CROWD": 18, "E_NOVEH": 0, "M_NOVEH": 13, "E_GROUPQ": 0, "M_GROUPQ": 13, "EP_POV150": 0.0, "MP_POV150": 100.0, "EP_UNEMP": 0.0, "MP_UNEMP": 100.0, "EP_HBURD": 0.0, "MP_HBURD": 100.0, "EP_NOHSDP": 50.0, "MP_NOHSDP": 19.1, "EP_UNINSUR": 50.0, "MP_UNINSUR": 19.1, "EP_AGE65": 100.0, "MP_AGE65": 100.0, "EP_AGE17": 0.0, "MP_AGE17": 100.0, "EP_DISABL": 50.0, "MP_DISABL": 19.1, "EP_SNGPNT": 0.0, "MP_SNGPNT": 100.0, "EP_LIMENG": 0.0, "MP_LIMENG": 100.0, "EP_MINRTY": 100.0, "MP_MINRTY": 100.0, "EP_MUNIT": 0.0, "MP_MUNIT": 100.0, "EP_MOBILE": 100.0, "MP_MOBILE": 100.0, "EP_CROWD": 0.0, "MP_CROWD": 100.0, "EP_NOVEH": 0.0, "MP_NOVEH": 100.0, "EP_GROUPQ": 0.0, "MP_GROUPQ": 100.0, "EPL_POV150": 0.0, "EPL_UNEMP": 0.0, "EPL_HBURD": 0.0, "EPL_NOHSDP": 0.9967, "EPL_UNINSUR": 0.9983, "SPL_THEME1": 1.995, "RPL_THEME1": 0.3283, "EPL_AGE65": 1.0, "EPL_AGE17": 0.0, "EPL_DISABL": 0.9983, "EPL_SNGPNT": 0.0, "EPL_LIMENG": 0.0, "SPL_THEME2": 1.9983, "RPL_THEME2": 0.225, "EPL_MINRTY": 0.9867, "SPL_THEME3": 0.9867, "RPL_THEME3": 0.9867, "EPL_MUNIT": 0.0, "EPL_MOBILE": 0.9967, "EPL_CROWD": 0.0, "EPL_NOVEH": 0.0, "EPL_GROUPQ": 0.0, "SPL_THEME4": 0.9967, "RPL_THEME4": 0.0783, "SPL_THEMES": 5.9767, "RPL_THEMES": 0.225, "F_POV150": 0, "F_UNEMP": 0, "F_HBURD": 0, "F_NOHSDP": 1, "F_UNINSUR": 1, "F_THEME1": 2, "F_AGE65": 1, "F_AGE17": 0, "F_DISABL": 1, "F_SNGPNT": 0, "F_LIMENG": 0, "F_THEME2": 2, "F_MINRTY": 1, "F_THEME3": 1, "F_MUNIT": 0, "F_MOBILE": 1, "F_CROWD": 0, "F_NOVEH": 0, "F_GROUPQ": 0, "F_THEME4": 1, "F_TOTAL": 6, "E_DAYPOP": 134, "E_NOINT": 0, "M_NOINT": 13, "E_AFAM": 0, "M_AFAM": 13, "E_HISP": 0, "M_HISP": 13, "E_ASIAN": 0, "M_ASIAN": 13, "E_AIAN": 0, "M_AIAN": 13, "E_NHPI": 0, "M_NHPI": 13, "E_TWOMORE": 8, "M_TWOMORE": 11, "E_OTHERRACE": 0, "M_OTHERRACE": 13, "EP_NOINT": 0.0, "MP_NOINT": 100.0, "EP_AFAM": 0.0, "MP_AFAM": 100.0, "EP_HISP": 0.0, "MP_HISP": 100.0, "EP_ASIAN": 0.0, "MP_ASIAN": 100.0, "EP_AIAN": 0.0, "MP_AIAN": 100.0, "EP_NHPI": 0.0, "MP_NHPI": 100.0, "EP_TWOMORE": 100.0, "MP_TWOMORE": 100.0, "EP_OTHERRACE": 0.0, "MP_OTHERRACE": 100.0, "Shape_Length": 0.52774761567450212, "Shape_Area": 0.0040820890405003363 }, "geometry": { "type": "MultiPolygon", "coordinates": [ [ [ [ -106.791969, 35.119897 ], [ -106.787528, 35.125222 ], [ -106.785944, 35.127912 ], [ -106.785781, 35.12984 ], [ -106.785818, 35.142654 ], [ -106.786402, 35.146661 ], [ -106.786591, 35.150702 ], [ -106.785709, 35.155585 ], [ -106.785912, 35.158549 ], [ -106.784546, 35.165984 ], [ -106.784601, 35.167324 ], [ -106.786605, 35.173981 ], [ -106.786579, 35.175078 ], [ -106.785812, 35.176519 ], [ -106.784092, 35.178054 ], [ -106.783497, 35.179842 ], [ -106.758817, 35.179814 ], [ -106.758798, 35.184463 ], [ -106.757442, 35.184479 ], [ -106.749752, 35.184306 ], [ -106.745739, 35.184271 ], [ -106.745356, 35.183449 ], [ -106.745353, 35.179855 ], [ -106.745348, 35.17428 ], [ -106.758606, 35.174331 ], [ -106.758534, 35.159767 ], [ -106.736541, 35.160044 ], [ -106.727745, 35.159959 ], [ -106.72778, 35.146416 ], [ -106.723672, 35.147111 ], [ -106.724462, 35.149151 ], [ -106.723118, 35.151834 ], [ -106.725441, 35.154497 ], [ -106.723977, 35.155182 ], [ -106.723467, 35.156926 ], [ -106.72548, 35.160827 ], [ -106.724235, 35.162154 ], [ -106.726304, 35.164746 ], [ -106.725936, 35.165371 ], [ -106.724812, 35.167197 ], [ -106.720503, 35.164777 ], [ -106.71917, 35.163274 ], [ -106.714865, 35.162967 ], [ -106.713544, 35.165506 ], [ -106.710728, 35.167425 ], [ -106.710985, 35.170367 ], [ -106.709651, 35.17081 ], [ -106.7104, 35.171953 ], [ -106.708191, 35.172984 ], [ -106.704844, 35.171348 ], [ -106.70326, 35.172873 ], [ -106.698766, 35.17378 ], [ -106.70179, 35.176976 ], [ -106.702181, 35.179675 ], [ -106.701026, 35.179601 ], [ -106.700996, 35.185515 ], [ -106.703851, 35.185502 ], [ -106.703851, 35.187089 ], [ -106.707595, 35.187063 ], [ -106.7076, 35.188826 ], [ -106.703287, 35.188805 ], [ -106.703287, 35.190693 ], [ -106.698431, 35.190757 ], [ -106.697178, 35.189374 ], [ -106.693248, 35.189305 ], [ -106.692939, 35.190203 ], [ -106.691021, 35.190856 ], [ -106.688781, 35.189384 ], [ -106.688536, 35.190614 ], [ -106.686326, 35.189901 ], [ -106.69033, 35.186954 ], [ -106.691228, 35.185378 ], [ -106.690867, 35.183669 ], [ -106.691302, 35.179613 ], [ -106.694905, 35.179486 ], [ -106.696563, 35.179173 ], [ -106.698055, 35.177907 ], [ -106.698461, 35.176086 ], [ -106.697449, 35.173304 ], [ -106.698087, 35.172115 ], [ -106.702193, 35.172328 ], [ -106.703354, 35.171487 ], [ -106.702788, 35.167051 ], [ -106.704082, 35.165765 ], [ -106.70492, 35.165512 ], [ -106.704519, 35.166532 ], [ -106.705336, 35.169119 ], [ -106.706983, 35.169249 ], [ -106.709868, 35.168091 ], [ -106.709827, 35.166426 ], [ -106.711395, 35.166058 ], [ -106.712707, 35.164068 ], [ -106.71293, 35.162078 ], [ -106.713815, 35.161338 ], [ -106.714377, 35.158684 ], [ -106.718392, 35.159512 ], [ -106.71835, 35.157625 ], [ -106.719166, 35.15763 ], [ -106.719648, 35.156556 ], [ -106.721673, 35.155743 ], [ -106.718487, 35.152167 ], [ -106.719104, 35.151743 ], [ -106.722526, 35.152485 ], [ -106.723538, 35.148977 ], [ -106.722398, 35.146921 ], [ -106.725612, 35.145778 ], [ -106.724738, 35.14399 ], [ -106.720456, 35.141992 ], [ -106.719592, 35.140535 ], [ -106.718161, 35.14178 ], [ -106.71627, 35.140865 ], [ -106.713887, 35.140888 ], [ -106.71055, 35.142189 ], [ -106.709917, 35.14117 ], [ -106.7093, 35.138385 ], [ -106.710105, 35.136849 ], [ -106.711691, 35.135807 ], [ -106.717415, 35.133384 ], [ -106.7241, 35.126642 ], [ -106.726618, 35.123995 ], [ -106.727555, 35.122685 ], [ -106.72776, 35.117859 ], [ -106.728026, 35.117971 ], [ -106.729189, 35.11827 ], [ -106.733426, 35.115088 ], [ -106.737023, 35.113829 ], [ -106.744716, 35.113578 ], [ -106.74472, 35.112198 ], [ -106.752623, 35.112067 ], [ -106.753959, 35.111431 ], [ -106.755416, 35.110693 ], [ -106.75542, 35.101076 ], [ -106.761576, 35.101079 ], [ -106.765407, 35.10378 ], [ -106.775705, 35.111655 ], [ -106.780295, 35.111545 ], [ -106.780351, 35.114543 ], [ -106.784925, 35.115142 ], [ -106.787604, 35.115874 ], [ -106.791969, 35.119897 ] ] ] ] } }
]
}
