{
"type": "FeatureCollection",
"name": "TransitRiders",
"crs": { "type": "name", "properties": { "name": "urn:ogc:def:crs:OGC:1.3:CRS84" } },
"features": [
{ "type": "Feature", "properties": { "fid": 466, "OBJECTID": 466, "COGID": 20001, "RTE": "AMERICAS PKWY", "LOCAT": " WEST OF LOUISIANA (SOUTH) - SOUTH OF INDIAN SCHOOL", "LENGTH": 1573.911, "MILES": 0.29800000786781311, "ADT22": 3483, "AWDT22": 3894, "Shape_Length": 1565.1797051227165, "ADT23": 3540, "AWDT23": 3809, "RT1_NB": 0, "RT1_SB": 0, "RT2_NB": 0, "RT2_SB": 0, "RT5_EB": 0, "RT5_WB": 0, "RT8_EB": 0, "RT8_WB": 0, "RT10_NB": 0, "RT10_SB": 0, "RT11_EB": 0, "RT11_WB": 0, "RT16_EB": 0, "RT16_WB": 0, "RT31_NB": 0, "RT31_SB": 0, "RT36": 0, "RT50_NB": 0, "RT50_SB": 0, "RT51_NB": 0, "RT51_SB": 0, "RT53_NB": 0, "RT53_SB": 0, "RT54_EB": 0, "RT54_WB": 0, "RT66_EB": 0, "RT66_WB": 0, "RT97_EB": 0, "RT97_WB": 0, "RT140_NB": 0, "RT140_SB": 0, "RT141_NB": 0, "RT141_SB": 0, "RT155_NB": 0, "RT155_SB": 0, "RT157_NB": 187, "RT157_SB": 185, "RT198_NB": 0, "RT198_SB": 0, "RT766_EB": 0, "RT766_WB": 0, "RT777_EB": 0, "RT777_WB": 0, "AWDT23*1.2": 4571, "Total_Users": 4943, "TransitUsersTTL": 372, "TrnstModeShare": 7.53 }, "geometry": { "type": "MultiLineString", "coordinates": [ [ [ -106.568765360321237, 35.099773121163842 ], [ -106.569652998533755, 35.099775995508523 ], [ -106.569865233102448, 35.099783649826271 ], [ -106.570045909735086, 35.099805069347674 ], [ -106.570303380982665, 35.099852692037111 ], [ -106.57083592932149, 35.099968137642243 ], [ -106.571333989342222, 35.100076103705128 ], [ -106.571521816783772, 35.10011102658337 ], [ -106.571598566491943, 35.100129556141383 ], [ -106.571670660308399, 35.100155423217281 ], [ -106.571742040177725, 35.100186333976012 ], [ -106.571801396868025, 35.100223566048136 ], [ -106.571941173228694, 35.100358449107333 ], [ -106.571986113419044, 35.100416487059945 ], [ -106.57202223431436, 35.100485565987867 ], [ -106.572061146006334, 35.100570890702421 ], [ -106.572080173567272, 35.100658456956545 ], [ -106.572078140528831, 35.100742268710192 ], [ -106.572072201558129, 35.100807692167756 ], [ -106.572067701891186, 35.100889342475405 ], [ -106.572061810461364, 35.100930880886793 ], [ -106.572044609354307, 35.100973892566486 ], [ -106.571997751108285, 35.101071977096261 ], [ -106.571996069477379, 35.101075298010549 ], [ -106.571846852587953, 35.10137006661688 ], [ -106.5717519296755, 35.101679040292652 ], [ -106.571723098866414, 35.101848215976496 ] ] ] } },
{ "type": "Feature", "properties": { "fid": 467, "OBJECTID": 467, "COGID": 20002, "RTE": "AMERICAS PKWY", "LOCAT": " NORTH OF INDIAN SCHOOL - SOUTH OF UPTOWN BLVD.", "LENGTH": 686.502, "MILES": 0.12999999523162842, "ADT22": 2459, "AWDT22": 2712, "Shape_Length": 681.16557725302846, "ADT23": 2584, "AWDT23": 2850, "RT1_NB": 0, "RT1_SB": 0, "RT2_NB": 0, "RT2_SB": 0, "RT5_EB": 0, "RT5_WB": 0, "RT8_EB": 165, "RT8_WB": 170, "RT10_NB": 0, "RT10_SB": 0, "RT11_EB": 0, "RT11_WB": 0, "RT16_EB": 0, "RT16_WB": 0, "RT31_NB": 0, "RT31_SB": 0, "RT36": 0, "RT50_NB": 0, "RT50_SB": 0, "RT51_NB": 0, "RT51_SB": 0, "RT53_NB": 0, "RT53_SB": 0, "RT54_EB": 0, "RT54_WB": 0, "RT66_EB": 0, "RT66_WB": 0, "RT97_EB": 0, "RT97_WB": 0, "RT140_NB": 0, "RT140_SB": 0, "RT141_NB": 0, "RT141_SB": 0, "RT155_NB": 0, "RT155_SB": 0, "RT157_NB": 187, "RT157_SB": 181, "RT198_NB": 0, "RT198_SB": 0, "RT766_EB": 246, "RT766_WB": 298, "RT777_EB": 0, "RT777_WB": 0, "AWDT23*1.2": 3420, "Total_Users": 4667, "TransitUsersTTL": 1247, "TrnstModeShare": 26.72 }, "geometry": { "type": "MultiLineString", "coordinates": [ [ [ -106.571723098866414, 35.101848215976496 ], [ -106.571707496288866, 35.102439466677282 ], [ -106.571698587629626, 35.102777118901443 ], [ -106.571708442967775, 35.103719547846843 ] ] ] } },
{ "type": "Feature", "properties": { "fid": 468, "OBJECTID": 468, "COGID": 20003, "RTE": "AMERICAS PKWY", "LOCAT": " NORTH OF UPTOWN BLVD. - SOUTHWEST OF CORONADO ENT.", "LENGTH": 499.223, "MILES": 0.094999998807907104, "ADT22": 1943, "AWDT22": 2173, "Shape_Length": 495.06585055941065, "ADT23": 2042, "AWDT23": 2284, "RT1_NB": 0, "RT1_SB": 0, "RT2_NB": 0, "RT2_SB": 0, "RT5_EB": 0, "RT5_WB": 0, "RT8_EB": 165, "RT8_WB": 166, "RT10_NB": 0, "RT10_SB": 0, "RT11_EB": 0, "RT11_WB": 0, "RT16_EB": 0, "RT16_WB": 0, "RT31_NB": 0, "RT31_SB": 0, "RT36": 0, "RT50_NB": 0, "RT50_SB": 0, "RT51_NB": 0, "RT51_SB": 0, "RT53_NB": 0, "RT53_SB": 0, "RT54_EB": 0, "RT54_WB": 0, "RT66_EB": 0, "RT66_WB": 0, "RT97_EB": 0, "RT97_WB": 0, "RT140_NB": 0, "RT140_SB": 0, "RT141_NB": 0, "RT141_SB": 0, "RT155_NB": 0, "RT155_SB": 0, "RT157_NB": 187, "RT157_SB": 175, "RT198_NB": 0, "RT198_SB": 0, "RT766_EB": 0, "RT766_WB": 0, "RT777_EB": 0, "RT777_WB": 0, "AWDT23*1.2": 2741, "Total_Users": 3434, "TransitUsersTTL": 693, "TrnstModeShare": 20.18 }, "geometry": { "type": "MultiLineString", "coordinates": [ [ [ -106.571708442967775, 35.103719547846843 ], [ -106.571711602014361, 35.104292954795426 ], [ -106.571712852551386, 35.104471076830698 ], [ -106.571695499930343, 35.104533828862564 ], [ -106.571663447470428, 35.104601376862163 ], [ -106.57162907731815, 35.104651658256898 ], [ -106.571565782508799, 35.104721329097217 ], [ -106.571460724208293, 35.104793023531627 ], [ -106.571362273967509, 35.104836566005559 ], [ -106.57121756200776, 35.104868523807404 ] ] ] } },
{ "type": "Feature", "properties": { "fid": 469, "OBJECTID": 469, "COGID": 20004, "RTE": "AMERICAS PKWY", "LOCAT": " EAST OF CORONADO ENT. - WEST OF LOUISIANA (NORTH)", "LENGTH": 732.897, "MILES": 0.13899999856948853, "ADT22": 4520, "AWDT22": 5056, "Shape_Length": 725.86203060935929, "ADT23": 4789, "AWDT23": 5152, "RT1_NB": 0, "RT1_SB": 0, "RT2_NB": 0, "RT2_SB": 0, "RT5_EB": 0, "RT5_WB": 0, "RT8_EB": 165, "RT8_WB": 166, "RT10_NB": 0, "RT10_SB": 0, "RT11_EB": 0, "RT11_WB": 0, "RT16_EB": 0, "RT16_WB": 0, "RT31_NB": 0, "RT31_SB": 0, "RT36": 0, "RT50_NB": 0, "RT50_SB": 0, "RT51_NB": 0, "RT51_SB": 0, "RT53_NB": 0, "RT53_SB": 0, "RT54_EB": 0, "RT54_WB": 0, "RT66_EB": 0, "RT66_WB": 0, "RT97_EB": 0, "RT97_WB": 0, "RT140_NB": 0, "RT140_SB": 0, "RT141_NB": 0, "RT141_SB": 0, "RT155_NB": 0, "RT155_SB": 0, "RT157_NB": 187, "RT157_SB": 175, "RT198_NB": 0, "RT198_SB": 0, "RT766_EB": 0, "RT766_WB": 0, "RT777_EB": 0, "RT777_WB": 0, "AWDT23*1.2": 6182, "Total_Users": 6875, "TransitUsersTTL": 693, "TrnstModeShare": 10.08 }, "geometry": { "type": "MultiLineString", "coordinates": [ [ [ -106.57121756200776, 35.104868523807404 ], [ -106.570699507074494, 35.104873842760149 ], [ -106.57005488473709, 35.104878753601191 ], [ -106.569877363826066, 35.104880937579161 ], [ -106.569701568011396, 35.104863360499586 ], [ -106.569457760114332, 35.104800833844592 ], [ -106.568843010730887, 35.104617198097451 ] ] ] } },
{ "type": "Feature", "properties": { "fid": 470, "OBJECTID": 470, "COGID": 20005, "RTE": "LOUISIANA", "LOCAT": " NORTH OF AMERICAS PKWY N. - SOUTH OF MENAUL", "LENGTH": 1643.606, "MILES": 0.31099998950958252, "ADT22": 22756, "AWDT22": 24594, "Shape_Length": 1638.1640839653526, "ADT23": 24202, "AWDT23": 25849, "RT1_NB": 0, "RT1_SB": 0, "RT2_NB": 0, "RT2_SB": 0, "RT5_EB": 0, "RT5_WB": 0, "RT8_EB": 165, "RT8_WB": 168, "RT10_NB": 0, "RT10_SB": 0, "RT11_EB": 0, "RT11_WB": 0, "RT16_EB": 0, "RT16_WB": 0, "RT31_NB": 0, "RT31_SB": 0, "RT36": 0, "RT50_NB": 0, "RT50_SB": 0, "RT51_NB": 0, "RT51_SB": 0, "RT53_NB": 0, "RT53_SB": 0, "RT54_EB": 0, "RT54_WB": 0, "RT66_EB": 0, "RT66_WB": 0, "RT97_EB": 0, "RT97_WB": 0, "RT140_NB": 0, "RT140_SB": 0, "RT141_NB": 0, "RT141_SB": 0, "RT155_NB": 0, "RT155_SB": 0, "RT157_NB": 181, "RT157_SB": 175, "RT198_NB": 0, "RT198_SB": 0, "RT766_EB": 0, "RT766_WB": 0, "RT777_EB": 0, "RT777_WB": 0, "AWDT23*1.2": 31019, "Total_Users": 31708, "TransitUsersTTL": 689, "TrnstModeShare": 2.17 }, "geometry": { "type": "MultiLineString", "coordinates": [ [ [ -106.568843010730887, 35.104617198097451 ], [ -106.568838006651447, 35.105450740870836 ], [ -106.568830546363998, 35.106694108550059 ], [ -106.568823368296322, 35.107889686516089 ], [ -106.568815995893104, 35.109118195723021 ] ] ] } },
{ "type": "Feature", "properties": { "fid": 471, "OBJECTID": 471, "COGID": 20006, "RTE": "INDIAN SCHOOL", "LOCAT": " EAST OF AMERICAS PKWY - WEST OF LOUISIANA", "LENGTH": 866.623, "MILES": 0.164000004529953, "ADT22": 8246, "AWDT22": 8738, "Shape_Length": 881.23364888378501, "ADT23": 11726, "AWDT23": 12616, "RT1_NB": 0, "RT1_SB": 0, "RT2_NB": 0, "RT2_SB": 0, "RT5_EB": 0, "RT5_WB": 0, "RT8_EB": 165, "RT8_WB": 170, "RT10_NB": 0, "RT10_SB": 0, "RT11_EB": 0, "RT11_WB": 0, "RT16_EB": 0, "RT16_WB": 0, "RT31_NB": 0, "RT31_SB": 0, "RT36": 0, "RT50_NB": 0, "RT50_SB": 0, "RT51_NB": 0, "RT51_SB": 0, "RT53_NB": 0, "RT53_SB": 0, "RT54_EB": 0, "RT54_WB": 0, "RT66_EB": 0, "RT66_WB": 0, "RT97_EB": 0, "RT97_WB": 0, "RT140_NB": 0, "RT140_SB": 0, "RT141_NB": 0, "RT141_SB": 0, "RT155_NB": 0, "RT155_SB": 0, "RT157_NB": 0, "RT157_SB": 0, "RT198_NB": 0, "RT198_SB": 0, "RT766_EB": 246, "RT766_WB": 298, "RT777_EB": 0, "RT777_WB": 0, "AWDT23*1.2": 15139, "Total_Users": 16018, "TransitUsersTTL": 879, "TrnstModeShare": 5.49 }, "geometry": { "type": "MultiLineString", "coordinates": [ [ [ -106.571723098866414, 35.101848215976496 ], [ -106.570729482672746, 35.101845705760589 ], [ -106.569789074939933, 35.10186570781029 ], [ -106.568777182484908, 35.101860496591662 ] ] ] } },
{ "type": "Feature", "properties": { "fid": 499, "OBJECTID": 499, "COGID": 20141, "RTE": "JEFFERSON", "LOCAT": "NORTH OF HAWKINS - SOUTH OF MASTHEAD", "LENGTH": 856.384, "MILES": 0.16200000047683716, "ADT22": 18170, "AWDT22": 19253, "Shape_Length": 859.71921678816466, "ADT23": 17399, "AWDT23": 18719, "RT1_NB": 0, "RT1_SB": 0, "RT2_NB": 0, "RT2_SB": 0, "RT5_EB": 0, "RT5_WB": 0, "RT8_EB": 0, "RT8_WB": 0, "RT10_NB": 0, "RT10_SB": 0, "RT11_EB": 0, "RT11_WB": 0, "RT16_EB": 0, "RT16_WB": 0, "RT31_NB": 0, "RT31_SB": 0, "RT36": 0, "RT50_NB": 0, "RT50_SB": 0, "RT51_NB": 0, "RT51_SB": 0, "RT53_NB": 0, "RT53_SB": 0, "RT54_EB": 0, "RT54_WB": 0, "RT66_EB": 0, "RT66_WB": 0, "RT97_EB": 0, "RT97_WB": 0, "RT140_NB": 35, "RT140_SB": 27, "RT141_NB": 0, "RT141_SB": 0, "RT155_NB": 0, "RT155_SB": 0, "RT157_NB": 0, "RT157_SB": 0, "RT198_NB": 0, "RT198_SB": 0, "RT766_EB": 0, "RT766_WB": 0, "RT777_EB": 0, "RT777_WB": 0, "AWDT23*1.2": 22463, "Total_Users": 22525, "TransitUsersTTL": 62, "TrnstModeShare": 0.28 }, "geometry": { "type": "MultiLineString", "coordinates": [ [ [ -106.593301400548057, 35.162768548960983 ], [ -106.593279589830843, 35.163621207141809 ], [ -106.593281329401279, 35.163736600533369 ], [ -106.593278052770955, 35.163852352488007 ], [ -106.593269335509277, 35.163967777307867 ], [ -106.59325518087509, 35.164082872278286 ], [ -106.593236003457136, 35.164197297280033 ], [ -106.593211388273531, 35.164311048077785 ], [ -106.593181749162383, 35.16442412800324 ], [ -106.593146669709924, 35.164536192077968 ], [ -106.593106986361747, 35.164647237928392 ], [ -106.593061857908523, 35.164756927186531 ], [ -106.593011706607754, 35.16486491429945 ], [ -106.592861239820422, 35.165067508788297 ] ] ] } },
{ "type": "Feature", "properties": { "fid": 500, "OBJECTID": 500, "COGID": 20142, "RTE": "JEFFERSON", "LOCAT": "NORTH OF MASTHEAD - SOUTH OF SAN FRANCISCO", "LENGTH": 1460.424, "MILES": 0.27700001001358032, "ADT22": 14260, "AWDT22": 15110, "Shape_Length": 1440.1439330473524, "ADT23": 13655, "AWDT23": 14691, "RT1_NB": 0, "RT1_SB": 0, "RT2_NB": 0, "RT2_SB": 0, "RT5_EB": 0, "RT5_WB": 0, "RT8_EB": 0, "RT8_WB": 0, "RT10_NB": 0, "RT10_SB": 0, "RT11_EB": 0, "RT11_WB": 0, "RT16_EB": 0, "RT16_WB": 0, "RT31_NB": 0, "RT31_SB": 0, "RT36": 0, "RT50_NB": 0, "RT50_SB": 0, "RT51_NB": 0, "RT51_SB": 0, "RT53_NB": 0, "RT53_SB": 0, "RT54_EB": 0, "RT54_WB": 0, "RT66_EB": 0, "RT66_WB": 0, "RT97_EB": 0, "RT97_WB": 0, "RT140_NB": 35, "RT140_SB": 25, "RT141_NB": 0, "RT141_SB": 0, "RT155_NB": 0, "RT155_SB": 0, "RT157_NB": 0, "RT157_SB": 0, "RT198_NB": 0, "RT198_SB": 0, "RT766_EB": 0, "RT766_WB": 0, "RT777_EB": 0, "RT777_WB": 0, "AWDT23*1.2": 17629, "Total_Users": 17689, "TransitUsersTTL": 60, "TrnstModeShare": 0.34 }, "geometry": { "type": "MultiLineString", "coordinates": [ [ [ -106.592861239820422, 35.165067508788297 ], [ -106.592744181019924, 35.165226123597073 ], [ -106.592450596016263, 35.165512500509578 ], [ -106.592302811810811, 35.165639657523123 ], [ -106.592162868702943, 35.165748803002849 ], [ -106.591941643063464, 35.165904629156557 ], [ -106.591920409212918, 35.165919586343882 ], [ -106.591710224601727, 35.166069020325345 ], [ -106.591383944979412, 35.166273194080652 ], [ -106.590887309103067, 35.166632467422119 ], [ -106.590592924766611, 35.166831530949857 ], [ -106.590374725871996, 35.1669790767818 ], [ -106.58986830914175, 35.167318096344182 ], [ -106.589687700237192, 35.167453316404448 ], [ -106.589479971997832, 35.167627023594299 ], [ -106.589350197385201, 35.167754219364049 ] ] ] } },
{ "type": "Feature", "properties": { "fid": 501, "OBJECTID": 501, "COGID": 20143, "RTE": "JEFFERSON", "LOCAT": "NORTHWEST OF HEADLINE - SOUTH OF TIBURION", "LENGTH": 1002.911, "MILES": 0.18999999761581421, "ADT22": 15510, "AWDT22": 16435, "Shape_Length": 1021.1984669491533, "ADT23": 14853, "AWDT23": 15980, "RT1_NB": 0, "RT1_SB": 0, "RT2_NB": 0, "RT2_SB": 0, "RT5_EB": 0, "RT5_WB": 0, "RT8_EB": 0, "RT8_WB": 0, "RT10_NB": 0, "RT10_SB": 0, "RT11_EB": 0, "RT11_WB": 0, "RT16_EB": 0, "RT16_WB": 0, "RT31_NB": 0, "RT31_SB": 0, "RT36": 0, "RT50_NB": 0, "RT50_SB": 0, "RT51_NB": 0, "RT51_SB": 0, "RT53_NB": 0, "RT53_SB": 0, "RT54_EB": 0, "RT54_WB": 0, "RT66_EB": 0, "RT66_WB": 0, "RT97_EB": 0, "RT97_WB": 0, "RT140_NB": 30, "RT140_SB": 23, "RT141_NB": 0, "RT141_SB": 0, "RT155_NB": 0, "RT155_SB": 0, "RT157_NB": 0, "RT157_SB": 0, "RT198_NB": 0, "RT198_SB": 0, "RT766_EB": 0, "RT766_WB": 0, "RT777_EB": 0, "RT777_WB": 0, "AWDT23*1.2": 19176, "Total_Users": 19229, "TransitUsersTTL": 53, "TrnstModeShare": 0.28 }, "geometry": { "type": "MultiLineString", "coordinates": [ [ [ -106.589891222491374, 35.17120184793481 ], [ -106.590033570641452, 35.17128875767748 ], [ -106.59030671865213, 35.171444127719887 ], [ -106.591085484073801, 35.17167992820778 ], [ -106.591780655919365, 35.171874797882573 ], [ -106.591874503744464, 35.171904277055582 ], [ -106.591982421149368, 35.171942060188186 ], [ -106.592127544456815, 35.17201262727874 ], [ -106.592408080258622, 35.172156099681821 ], [ -106.592870794780836, 35.172502175235643 ] ] ] } },
{ "type": "Feature", "properties": { "fid": 505, "OBJECTID": 505, "COGID": 20147, "RTE": "GOLF COURSE ROAD", "LOCAT": "NORTH OF PROGRESS - SOUTH OF IRVING", "LENGTH": 3224.308, "MILES": 0.61100000143051147, "ADT22": 18715, "AWDT22": 19831, "Shape_Length": 3210.9424759519306, "ADT23": 18177, "AWDT23": 19556, "RT1_NB": 0, "RT1_SB": 0, "RT2_NB": 0, "RT2_SB": 0, "RT5_EB": 0, "RT5_WB": 0, "RT8_EB": 0, "RT8_WB": 0, "RT10_NB": 0, "RT10_SB": 0, "RT11_EB": 0, "RT11_WB": 0, "RT16_EB": 0, "RT16_WB": 0, "RT31_NB": 0, "RT31_SB": 0, "RT36": 0, "RT50_NB": 0, "RT50_SB": 0, "RT51_NB": 0, "RT51_SB": 0, "RT53_NB": 0, "RT53_SB": 0, "RT54_EB": 0, "RT54_WB": 0, "RT66_EB": 0, "RT66_WB": 0, "RT97_EB": 0, "RT97_WB": 0, "RT140_NB": 0, "RT140_SB": 0, "RT141_NB": 0, "RT141_SB": 0, "RT155_NB": 0, "RT155_SB": 0, "RT157_NB": 89, "RT157_SB": 75, "RT198_NB": 0, "RT198_SB": 0, "RT766_EB": 0, "RT766_WB": 0, "RT777_EB": 0, "RT777_WB": 0, "AWDT23*1.2": 23467, "Total_Users": 23631, "TransitUsersTTL": 164, "TrnstModeShare": 0.69 }, "geometry": { "type": "MultiLineString", "coordinates": [ [ [ -106.680658506190753, 35.192164664634575 ], [ -106.679849174670011, 35.193717862565457 ], [ -106.679731352333633, 35.193986858209854 ], [ -106.679688062733362, 35.194188270951514 ], [ -106.679644550230194, 35.194426435109875 ], [ -106.67964560986384, 35.194627691372901 ], [ -106.679669553382737, 35.194884162325678 ], [ -106.679722749665643, 35.195134003065967 ], [ -106.679820842803849, 35.195408413517818 ], [ -106.680244281588827, 35.19620576770712 ], [ -106.680623895979309, 35.196863839357704 ], [ -106.68093163781937, 35.197411960505697 ], [ -106.680931806324224, 35.197412260084128 ], [ -106.681024116153907, 35.198016055618389 ], [ -106.680988297221646, 35.198284760394252 ], [ -106.68087893475969, 35.198651263966909 ], [ -106.68079032923545, 35.198828454355287 ], [ -106.680024870505633, 35.2003018180448 ], [ -106.679945807340303, 35.200439674023912 ] ] ] } },
{ "type": "Feature", "properties": { "fid": 511, "OBJECTID": 511, "COGID": 20154, "RTE": "JEFFERSON", "LOCAT": "NORTH OF TIBURION - SOUTH OF JEFFERSON SOUTH RAMPS", "LENGTH": 373.087, "MILES": 0.071000002324581146, "ADT22": 20742, "AWDT22": 21979, "Shape_Length": 461.78196689145051, "ADT23": 19863, "AWDT23": 21370, "RT1_NB": 0, "RT1_SB": 0, "RT2_NB": 0, "RT2_SB": 0, "RT5_EB": 0, "RT5_WB": 0, "RT8_EB": 0, "RT8_WB": 0, "RT10_NB": 0, "RT10_SB": 0, "RT11_EB": 0, "RT11_WB": 0, "RT16_EB": 0, "RT16_WB": 0, "RT31_NB": 0, "RT31_SB": 0, "RT36": 0, "RT50_NB": 0, "RT50_SB": 0, "RT51_NB": 0, "RT51_SB": 0, "RT53_NB": 0, "RT53_SB": 0, "RT54_EB": 0, "RT54_WB": 0, "RT66_EB": 0, "RT66_WB": 0, "RT97_EB": 0, "RT97_WB": 0, "RT140_NB": 30, "RT140_SB": 20, "RT141_NB": 0, "RT141_SB": 0, "RT155_NB": 0, "RT155_SB": 0, "RT157_NB": 0, "RT157_SB": 0, "RT198_NB": 0, "RT198_SB": 0, "RT766_EB": 0, "RT766_WB": 0, "RT777_EB": 0, "RT777_WB": 0, "AWDT23*1.2": 25644, "Total_Users": 25694, "TransitUsersTTL": 50, "TrnstModeShare": 0.19 }, "geometry": { "type": "MultiLineString", "coordinates": [ [ [ -106.592870794780836, 35.172502175235643 ], [ -106.593109141581508, 35.17280515304099 ], [ -106.593241441501874, 35.172992810096979 ], [ -106.593343354546917, 35.173172369840564 ], [ -106.593415033384176, 35.173351996279948 ], [ -106.593462934261694, 35.173653583116597 ] ] ] } },
{ "type": "Feature", "properties": { "fid": 512, "OBJECTID": 512, "COGID": 20155, "RTE": "JEFFERSON", "LOCAT": "N. OF JEFFERSON SOUTH RAMPS - S. OF JEFFERSON RAMPS INT.", "LENGTH": 408.195, "MILES": 0.076999999582767487, "ADT22": 21680, "AWDT22": 23191, "Shape_Length": 275.46631638198977, "ADT23": 21079, "AWDT23": 22548, "RT1_NB": 0, "RT1_SB": 0, "RT2_NB": 0, "RT2_SB": 0, "RT5_EB": 0, "RT5_WB": 0, "RT8_EB": 0, "RT8_WB": 0, "RT10_NB": 0, "RT10_SB": 0, "RT11_EB": 0, "RT11_WB": 0, "RT16_EB": 0, "RT16_WB": 0, "RT31_NB": 0, "RT31_SB": 0, "RT36": 0, "RT50_NB": 0, "RT50_SB": 0, "RT51_NB": 0, "RT51_SB": 0, "RT53_NB": 0, "RT53_SB": 0, "RT54_EB": 0, "RT54_WB": 0, "RT66_EB": 0, "RT66_WB": 0, "RT97_EB": 0, "RT97_WB": 0, "RT140_NB": 30, "RT140_SB": 20, "RT141_NB": 0, "RT141_SB": 0, "RT155_NB": 0, "RT155_SB": 0, "RT157_NB": 0, "RT157_SB": 0, "RT198_NB": 0, "RT198_SB": 0, "RT766_EB": 0, "RT766_WB": 0, "RT777_EB": 0, "RT777_WB": 0, "AWDT23*1.2": 27058, "Total_Users": 27108, "TransitUsersTTL": 50, "TrnstModeShare": 0.18 }, "geometry": { "type": "MultiLineString", "coordinates": [ [ [ -106.593462934261694, 35.173653583116597 ], [ -106.593487517015276, 35.173916831899774 ], [ -106.593484397536145, 35.174145120164937 ], [ -106.593483603777173, 35.174409535233529 ], [ -106.593483602116066, 35.174409662341574 ] ] ] } },
{ "type": "Feature", "properties": { "fid": 539, "OBJECTID": 539, "COGID": 20197, "RTE": "WYOMING", "LOCAT": "NORTH OF HOLLY - SOUTH OF CARMEL", "LENGTH": 523.469, "MILES": 0.098999999463558197, "ADT22": 15683, "AWDT22": 17299, "Shape_Length": 531.78274227846191, "ADT23": 17054, "AWDT23": 18348, "RT1_NB": 0, "RT1_SB": 0, "RT2_NB": 0, "RT2_SB": 0, "RT5_EB": 0, "RT5_WB": 0, "RT8_EB": 0, "RT8_WB": 0, "RT10_NB": 0, "RT10_SB": 0, "RT11_EB": 0, "RT11_WB": 0, "RT16_EB": 0, "RT16_WB": 0, "RT31_NB": 18, "RT31_SB": 30, "RT36": 0, "RT50_NB": 0, "RT50_SB": 0, "RT51_NB": 0, "RT51_SB": 0, "RT53_NB": 0, "RT53_SB": 0, "RT54_EB": 0, "RT54_WB": 0, "RT66_EB": 0, "RT66_WB": 0, "RT97_EB": 0, "RT97_WB": 0, "RT140_NB": 0, "RT140_SB": 0, "RT141_NB": 0, "RT141_SB": 0, "RT155_NB": 0, "RT155_SB": 0, "RT157_NB": 0, "RT157_SB": 0, "RT198_NB": 0, "RT198_SB": 0, "RT766_EB": 0, "RT766_WB": 0, "RT777_EB": 0, "RT777_WB": 0, "AWDT23*1.2": 22018, "Total_Users": 22066, "TransitUsersTTL": 48, "TrnstModeShare": 0.22 }, "geometry": { "type": "MultiLineString", "coordinates": [ [ [ -106.559872106950067, 35.175722907039891 ], [ -106.559878047903695, 35.177184019842173 ] ] ] } },
{ "type": "Feature", "properties": { "fid": 540, "OBJECTID": 540, "COGID": 20198, "RTE": "WYOMING", "LOCAT": "NORTH OF CARMEL - SOUTH OF WILSHIRE", "LENGTH": 1598.592, "MILES": 0.30300000309944153, "ADT22": 13015, "AWDT22": 14356, "Shape_Length": 1580.1729714435733, "ADT23": 14153, "AWDT23": 15226, "RT1_NB": 0, "RT1_SB": 0, "RT2_NB": 0, "RT2_SB": 0, "RT5_EB": 0, "RT5_WB": 0, "RT8_EB": 0, "RT8_WB": 0, "RT10_NB": 0, "RT10_SB": 0, "RT11_EB": 0, "RT11_WB": 0, "RT16_EB": 0, "RT16_WB": 0, "RT31_NB": 14, "RT31_SB": 12, "RT36": 0, "RT50_NB": 0, "RT50_SB": 0, "RT51_NB": 0, "RT51_SB": 0, "RT53_NB": 0, "RT53_SB": 0, "RT54_EB": 0, "RT54_WB": 0, "RT66_EB": 0, "RT66_WB": 0, "RT97_EB": 0, "RT97_WB": 0, "RT140_NB": 0, "RT140_SB": 0, "RT141_NB": 0, "RT141_SB": 0, "RT155_NB": 0, "RT155_SB": 0, "RT157_NB": 0, "RT157_SB": 0, "RT198_NB": 0, "RT198_SB": 0, "RT766_EB": 0, "RT766_WB": 0, "RT777_EB": 0, "RT777_WB": 0, "AWDT23*1.2": 18271, "Total_Users": 18297, "TransitUsersTTL": 26, "TrnstModeShare": 0.14 }, "geometry": { "type": "MultiLineString", "coordinates": [ [ [ -106.559878047903695, 35.177184019842173 ], [ -106.559877468497973, 35.177291719393459 ], [ -106.559870346301963, 35.178618196032694 ], [ -106.55987028341481, 35.178629977146116 ], [ -106.559889850865787, 35.180092928483823 ], [ -106.559889964147445, 35.180101368398425 ], [ -106.559890225926893, 35.181521238372518 ], [ -106.559890225946049, 35.18152558242199 ] ] ] } },
{ "type": "Feature", "properties": { "fid": 541, "OBJECTID": 541, "COGID": 20199, "RTE": "WYOMING", "LOCAT": "NORTH OF WILSHIRE - SOUTH OF ALAMEDA", "LENGTH": 1046.958, "MILES": 0.19799999892711639, "ADT22": 10287, "AWDT22": 11347, "Shape_Length": 1059.0185522269126, "ADT23": 11186, "AWDT23": 12035, "RT1_NB": 0, "RT1_SB": 0, "RT2_NB": 0, "RT2_SB": 0, "RT5_EB": 0, "RT5_WB": 0, "RT8_EB": 0, "RT8_WB": 0, "RT10_NB": 0, "RT10_SB": 0, "RT11_EB": 0, "RT11_WB": 0, "RT16_EB": 0, "RT16_WB": 0, "RT31_NB": 11, "RT31_SB": 0, "RT36": 0, "RT50_NB": 0, "RT50_SB": 0, "RT51_NB": 0, "RT51_SB": 0, "RT53_NB": 0, "RT53_SB": 0, "RT54_EB": 0, "RT54_WB": 0, "RT66_EB": 0, "RT66_WB": 0, "RT97_EB": 0, "RT97_WB": 0, "RT140_NB": 0, "RT140_SB": 0, "RT141_NB": 0, "RT141_SB": 0, "RT155_NB": 0, "RT155_SB": 0, "RT157_NB": 0, "RT157_SB": 0, "RT198_NB": 0, "RT198_SB": 0, "RT766_EB": 0, "RT766_WB": 0, "RT777_EB": 0, "RT777_WB": 0, "AWDT23*1.2": 14442, "Total_Users": 14453, "TransitUsersTTL": 11, "TrnstModeShare": 0.08 }, "geometry": { "type": "MultiLineString", "coordinates": [ [ [ -106.559890225946049, 35.18152558242199 ], [ -106.559885655875291, 35.18299033639952 ], [ -106.559885654237078, 35.182990483338742 ], [ -106.559897686532508, 35.184011957400905 ], [ -106.559890816773105, 35.184435237916425 ] ] ] } },
{ "type": "Feature", "properties": { "fid": 542, "OBJECTID": 542, "COGID": 20200, "RTE": "ELLISON", "LOCAT": " EAST  OF COORS BYPASS - SOUTHWEST OF N.M. 528", "LENGTH": 2374.119, "MILES": 0.44999998807907104, "ADT22": 22143, "AWDT22": 23931, "Shape_Length": 2376.7748222774644, "ADT23": 22096, "AWDT23": 23599, "RT1_NB": 0, "RT1_SB": 0, "RT2_NB": 0, "RT2_SB": 0, "RT5_EB": 0, "RT5_WB": 0, "RT8_EB": 0, "RT8_WB": 0, "RT10_NB": 0, "RT10_SB": 0, "RT11_EB": 0, "RT11_WB": 0, "RT16_EB": 0, "RT16_WB": 0, "RT31_NB": 0, "RT31_SB": 0, "RT36": 0, "RT50_NB": 0, "RT50_SB": 0, "RT51_NB": 0, "RT51_SB": 0, "RT53_NB": 0, "RT53_SB": 0, "RT54_EB": 0, "RT54_WB": 0, "RT66_EB": 0, "RT66_WB": 0, "RT97_EB": 0, "RT97_WB": 0, "RT140_NB": 0, "RT140_SB": 0, "RT141_NB": 0, "RT141_SB": 0, "RT155_NB": 50, "RT155_SB": 63, "RT157_NB": 0, "RT157_SB": 0, "RT198_NB": 0, "RT198_SB": 0, "RT766_EB": 0, "RT766_WB": 0, "RT777_EB": 0, "RT777_WB": 0, "AWDT23*1.2": 28319, "Total_Users": 28432, "TransitUsersTTL": 113, "TrnstModeShare": 0.4 }, "geometry": { "type": "MultiLineString", "coordinates": [ [ [ -106.659139435519123, 35.2057102238429 ], [ -106.65803394259278, 35.205615573381877 ], [ -106.657554081848176, 35.205599853078894 ], [ -106.65697264871676, 35.205652865104668 ], [ -106.656566582671005, 35.205733601519491 ], [ -106.65618397645602, 35.205849201116507 ], [ -106.655756639554014, 35.205988971757449 ], [ -106.655377283359826, 35.206176680852302 ], [ -106.654678414293201, 35.206755322372601 ], [ -106.654476925230512, 35.206905261566561 ], [ -106.65397882389594, 35.207275919736077 ], [ -106.653091937566302, 35.207663194273827 ], [ -106.652344043769318, 35.207896134574767 ], [ -106.652051958158779, 35.207980563274056 ] ] ] } },
{ "type": "Feature", "properties": { "fid": 543, "OBJECTID": 543, "COGID": 20201, "RTE": "BARSTOW", "LOCAT": "NORTH OF PASEO DEL NORTE - SOUTH OF SIGNAL", "LENGTH": 2659.345, "MILES": 0.50400000810623169, "ADT22": 5530, "AWDT22": 6100, "Shape_Length": 2644.0289964958565, "ADT23": 6014, "AWDT23": 6470, "RT1_NB": 0, "RT1_SB": 0, "RT2_NB": 0, "RT2_SB": 0, "RT5_EB": 0, "RT5_WB": 0, "RT8_EB": 0, "RT8_WB": 0, "RT10_NB": 0, "RT10_SB": 0, "RT11_EB": 0, "RT11_WB": 0, "RT16_EB": 0, "RT16_WB": 0, "RT31_NB": 6, "RT31_SB": 0, "RT36": 0, "RT50_NB": 0, "RT50_SB": 0, "RT51_NB": 0, "RT51_SB": 0, "RT53_NB": 0, "RT53_SB": 0, "RT54_EB": 0, "RT54_WB": 0, "RT66_EB": 0, "RT66_WB": 0, "RT97_EB": 0, "RT97_WB": 0, "RT140_NB": 0, "RT140_SB": 0, "RT141_NB": 0, "RT141_SB": 0, "RT155_NB": 0, "RT155_SB": 0, "RT157_NB": 0, "RT157_SB": 0, "RT198_NB": 0, "RT198_SB": 0, "RT766_EB": 0, "RT766_WB": 0, "RT777_EB": 0, "RT777_WB": 0, "AWDT23*1.2": 7764, "Total_Users": 7770, "TransitUsersTTL": 6, "TrnstModeShare": 0.08 }, "geometry": { "type": "MultiLineString", "coordinates": [ [ [ -106.551089429120466, 35.17570460225879 ], [ -106.55109594849884, 35.17728868030256 ], [ -106.551101483010555, 35.178632947756952 ], [ -106.551109819411522, 35.18065826491047 ], [ -106.551113468560999, 35.181544697354681 ], [ -106.551119334410572, 35.182969268914334 ] ] ] } },
{ "type": "Feature", "properties": { "fid": 545, "OBJECTID": 545, "COGID": 20204, "RTE": "ELLISON", "LOCAT": " EAST OF GOLF COURSE - WEST OF SEVEN BAR LOOP .", "LENGTH": 511.053, "MILES": 0.097000002861022949, "ADT22": 21953, "AWDT22": 23726, "Shape_Length": 604.56181301822335, "ADT23": 21905, "AWDT23": 23396, "RT1_NB": 0, "RT1_SB": 0, "RT2_NB": 0, "RT2_SB": 0, "RT5_EB": 0, "RT5_WB": 0, "RT8_EB": 0, "RT8_WB": 0, "RT10_NB": 0, "RT10_SB": 0, "RT11_EB": 0, "RT11_WB": 0, "RT16_EB": 0, "RT16_WB": 0, "RT31_NB": 0, "RT31_SB": 0, "RT36": 0, "RT50_NB": 0, "RT50_SB": 0, "RT51_NB": 0, "RT51_SB": 0, "RT53_NB": 0, "RT53_SB": 0, "RT54_EB": 0, "RT54_WB": 0, "RT66_EB": 0, "RT66_WB": 0, "RT97_EB": 0, "RT97_WB": 0, "RT140_NB": 0, "RT140_SB": 0, "RT141_NB": 0, "RT141_SB": 0, "RT155_NB": 0, "RT155_SB": 0, "RT157_NB": 77, "RT157_SB": 64, "RT198_NB": 0, "RT198_SB": 0, "RT766_EB": 0, "RT766_WB": 0, "RT777_EB": 0, "RT777_WB": 0, "AWDT23*1.2": 28075, "Total_Users": 28216, "TransitUsersTTL": 141, "TrnstModeShare": 0.5 }, "geometry": { "type": "MultiLineString", "coordinates": [ [ [ -106.675196883315564, 35.205796662902351 ], [ -106.674164704231529, 35.205721491398599 ], [ -106.673513396878732, 35.205762987229654 ], [ -106.673188465917647, 35.205827506775158 ] ] ] } },
{ "type": "Feature", "properties": { "fid": 546, "OBJECTID": 546, "COGID": 20205, "RTE": "ELLISON", "LOCAT": " EAST OF SEVEN BAR LOOP - WET OF ENT. CIBOLA H.S.", "LENGTH": 1804.963, "MILES": 0.34200000762939453, "ADT22": 20081, "AWDT22": 21703, "Shape_Length": 1627.0144396444111, "ADT23": 20039, "AWDT23": 21402, "RT1_NB": 0, "RT1_SB": 0, "RT2_NB": 0, "RT2_SB": 0, "RT5_EB": 0, "RT5_WB": 0, "RT8_EB": 0, "RT8_WB": 0, "RT10_NB": 0, "RT10_SB": 0, "RT11_EB": 0, "RT11_WB": 0, "RT16_EB": 0, "RT16_WB": 0, "RT31_NB": 0, "RT31_SB": 0, "RT36": 0, "RT50_NB": 0, "RT50_SB": 0, "RT51_NB": 0, "RT51_SB": 0, "RT53_NB": 0, "RT53_SB": 0, "RT54_EB": 0, "RT54_WB": 0, "RT66_EB": 0, "RT66_WB": 0, "RT97_EB": 0, "RT97_WB": 0, "RT140_NB": 0, "RT140_SB": 0, "RT141_NB": 0, "RT141_SB": 0, "RT155_NB": 0, "RT155_SB": 0, "RT157_NB": 76, "RT157_SB": 63, "RT198_NB": 0, "RT198_SB": 0, "RT766_EB": 0, "RT766_WB": 0, "RT777_EB": 0, "RT777_WB": 0, "AWDT23*1.2": 25682, "Total_Users": 25821, "TransitUsersTTL": 139, "TrnstModeShare": 0.54 }, "geometry": { "type": "MultiLineString", "coordinates": [ [ [ -106.671677048507746, 35.206136109814977 ], [ -106.670933936799244, 35.206115262652474 ], [ -106.670429280089195, 35.206057964802909 ], [ -106.669457918067238, 35.205855175564977 ], [ -106.66900562976457, 35.205807165325403 ], [ -106.668512512823781, 35.205803407134937 ], [ -106.667924566554191, 35.205866779615214 ], [ -106.66776786393936, 35.205891920534562 ], [ -106.667414370767659, 35.2059486337862 ], [ -106.666302978258898, 35.206112585494587 ] ] ] } },
{ "type": "Feature", "properties": { "fid": 547, "OBJECTID": 547, "COGID": 20206, "RTE": "ELLISON", "LOCAT": " EAST OF ENT. CIBOLA H.S. - WEST OF COORS BYPASS", "LENGTH": 1999.953, "MILES": 0.37900000810623169, "ADT22": 22663, "AWDT22": 24493, "Shape_Length": 2149.882373235484, "ADT23": 22614, "AWDT23": 24153, "RT1_NB": 0, "RT1_SB": 0, "RT2_NB": 0, "RT2_SB": 0, "RT5_EB": 0, "RT5_WB": 0, "RT8_EB": 0, "RT8_WB": 0, "RT10_NB": 0, "RT10_SB": 0, "RT11_EB": 0, "RT11_WB": 0, "RT16_EB": 0, "RT16_WB": 0, "RT31_NB": 0, "RT31_SB": 0, "RT36": 0, "RT50_NB": 0, "RT50_SB": 0, "RT51_NB": 0, "RT51_SB": 0, "RT53_NB": 0, "RT53_SB": 0, "RT54_EB": 0, "RT54_WB": 0, "RT66_EB": 0, "RT66_WB": 0, "RT97_EB": 0, "RT97_WB": 0, "RT140_NB": 0, "RT140_SB": 0, "RT141_NB": 0, "RT141_SB": 0, "RT155_NB": 0, "RT155_SB": 0, "RT157_NB": 76, "RT157_SB": 63, "RT198_NB": 0, "RT198_SB": 0, "RT766_EB": 0, "RT766_WB": 0, "RT777_EB": 0, "RT777_WB": 0, "AWDT23*1.2": 28984, "Total_Users": 29123, "TransitUsersTTL": 139, "TrnstModeShare": 0.48 }, "geometry": { "type": "MultiLineString", "coordinates": [ [ [ -106.666302978258898, 35.206112585494587 ], [ -106.665822372975242, 35.206174435655718 ], [ -106.665419251372725, 35.206189003764308 ], [ -106.664103316159654, 35.206085864737666 ], [ -106.661807973944974, 35.205904413280898 ], [ -106.659139435519123, 35.2057102238429 ] ] ] } },
{ "type": "Feature", "properties": { "fid": 548, "OBJECTID": 548, "COGID": 20207, "RTE": "ELLISON", "LOCAT": "EAST OF 7 BAR LOOP - WEST OF 7 BAR LOOP (NORTH)", "LENGTH": 455.181, "MILES": 0.086000002920627594, "ADT22": 19869, "AWDT22": 21474, "Shape_Length": 468.43323813695571, "ADT23": 19827, "AWDT23": 21176, "RT1_NB": 0, "RT1_SB": 0, "RT2_NB": 0, "RT2_SB": 0, "RT5_EB": 0, "RT5_WB": 0, "RT8_EB": 0, "RT8_WB": 0, "RT10_NB": 0, "RT10_SB": 0, "RT11_EB": 0, "RT11_WB": 0, "RT16_EB": 0, "RT16_WB": 0, "RT31_NB": 0, "RT31_SB": 0, "RT36": 0, "RT50_NB": 0, "RT50_SB": 0, "RT51_NB": 0, "RT51_SB": 0, "RT53_NB": 0, "RT53_SB": 0, "RT54_EB": 0, "RT54_WB": 0, "RT66_EB": 0, "RT66_WB": 0, "RT97_EB": 0, "RT97_WB": 0, "RT140_NB": 0, "RT140_SB": 0, "RT141_NB": 0, "RT141_SB": 0, "RT155_NB": 0, "RT155_SB": 0, "RT157_NB": 76, "RT157_SB": 64, "RT198_NB": 0, "RT198_SB": 0, "RT766_EB": 0, "RT766_WB": 0, "RT777_EB": 0, "RT777_WB": 0, "AWDT23*1.2": 25411, "Total_Users": 25551, "TransitUsersTTL": 140, "TrnstModeShare": 0.55 }, "geometry": { "type": "MultiLineString", "coordinates": [ [ [ -106.673188465917647, 35.205827506775158 ], [ -106.672375871673964, 35.206062743837322 ], [ -106.671972247250082, 35.206126460995812 ], [ -106.671677048507746, 35.206136109814977 ] ] ] } },
{ "type": "Feature", "properties": { "fid": 554, "OBJECTID": 554, "COGID": 20222, "RTE": "SEN. DENNIS CHAVEZ", "LOCAT": "EAST OF UNSER BLCD. - WEST OF CONDERSHINE DR.", "LENGTH": 2280.095, "MILES": 0.43200001120567322, "ADT22": 20377, "AWDT22": 22023, "Shape_Length": 2246.3357076087245, "ADT23": 21259, "AWDT23": 22706, "RT1_NB": 0, "RT1_SB": 0, "RT2_NB": 0, "RT2_SB": 0, "RT5_EB": 0, "RT5_WB": 0, "RT8_EB": 0, "RT8_WB": 0, "RT10_NB": 0, "RT10_SB": 0, "RT11_EB": 0, "RT11_WB": 0, "RT16_EB": 0, "RT16_WB": 0, "RT31_NB": 0, "RT31_SB": 0, "RT36": 0, "RT50_NB": 0, "RT50_SB": 0, "RT51_NB": 0, "RT51_SB": 0, "RT53_NB": 0, "RT53_SB": 0, "RT54_EB": 0, "RT54_WB": 0, "RT66_EB": 0, "RT66_WB": 0, "RT97_EB": 0, "RT97_WB": 0, "RT140_NB": 0, "RT140_SB": 0, "RT141_NB": 0, "RT141_SB": 0, "RT155_NB": 0, "RT155_SB": 0, "RT157_NB": 0, "RT157_SB": 0, "RT198_NB": 16, "RT198_SB": 16, "RT766_EB": 0, "RT766_WB": 0, "RT777_EB": 0, "RT777_WB": 0, "AWDT23*1.2": 27247, "Total_Users": 27279, "TransitUsersTTL": 32, "TrnstModeShare": 0.12 }, "geometry": { "type": "MultiLineString", "coordinates": [ [ [ -106.731157274416177, 35.024629059783656 ], [ -106.729751495611495, 35.024634625316303 ], [ -106.725342983265421, 35.024634153129931 ], [ -106.723654251786712, 35.02464365780007 ] ] ] } },
{ "type": "Feature", "properties": { "fid": 591, "OBJECTID": 591, "COGID": 20316, "RTE": "GOLF COURSE ROAD", "LOCAT": " NORTH OF IRVING - SOUTH OF ELLISON", "LENGTH": 2575.829, "MILES": 0.48800000548362732, "ADT22": 27172, "AWDT22": 28792, "Shape_Length": 2493.7435081292033, "ADT23": 26390, "AWDT23": 28392, "RT1_NB": 0, "RT1_SB": 0, "RT2_NB": 0, "RT2_SB": 0, "RT5_EB": 0, "RT5_WB": 0, "RT8_EB": 0, "RT8_WB": 0, "RT10_NB": 0, "RT10_SB": 0, "RT11_EB": 0, "RT11_WB": 0, "RT16_EB": 0, "RT16_WB": 0, "RT31_NB": 0, "RT31_SB": 0, "RT36": 0, "RT50_NB": 0, "RT50_SB": 0, "RT51_NB": 0, "RT51_SB": 0, "RT53_NB": 0, "RT53_SB": 0, "RT54_EB": 0, "RT54_WB": 0, "RT66_EB": 0, "RT66_WB": 0, "RT97_EB": 0, "RT97_WB": 0, "RT140_NB": 0, "RT140_SB": 0, "RT141_NB": 0, "RT141_SB": 0, "RT155_NB": 0, "RT155_SB": 0, "RT157_NB": 87, "RT157_SB": 73, "RT198_NB": 0, "RT198_SB": 0, "RT766_EB": 0, "RT766_WB": 0, "RT777_EB": 0, "RT777_WB": 0, "AWDT23*1.2": 34070, "Total_Users": 34230, "TransitUsersTTL": 160, "TrnstModeShare": 0.47 }, "geometry": { "type": "MultiLineString", "coordinates": [ [ [ -106.679945807340303, 35.200439674023912 ], [ -106.679562213822123, 35.201198093065337 ], [ -106.67950596283913, 35.201309309736146 ], [ -106.679117767030377, 35.201828618155893 ], [ -106.678527442867306, 35.202618309558467 ], [ -106.678280271582381, 35.202876211968643 ], [ -106.67727492141843, 35.203577409325433 ], [ -106.676040629530462, 35.204224909626866 ], [ -106.67558334779055, 35.204706435252177 ], [ -106.675275019880416, 35.205244523922154 ], [ -106.675196883315564, 35.205796662902351 ] ] ] } },
{ "type": "Feature", "properties": { "fid": 596, "OBJECTID": 596, "COGID": 20332, "RTE": "SEVEN BAR LOOP", "LOCAT": "EAST OF COTTONWOOD DR. - WEST OF COORS", "LENGTH": 1836.181, "MILES": 0.34799998998641968, "ADT22": 4768, "AWDT22": 5259, "Shape_Length": 1833.1445320370549, "ADT23": 4820, "AWDT23": 5186, "RT1_NB": 0, "RT1_SB": 0, "RT2_NB": 0, "RT2_SB": 0, "RT5_EB": 0, "RT5_WB": 0, "RT8_EB": 0, "RT8_WB": 0, "RT10_NB": 0, "RT10_SB": 0, "RT11_EB": 0, "RT11_WB": 0, "RT16_EB": 0, "RT16_WB": 0, "RT31_NB": 0, "RT31_SB": 0, "RT36": 0, "RT50_NB": 0, "RT50_SB": 0, "RT51_NB": 0, "RT51_SB": 0, "RT53_NB": 0, "RT53_SB": 0, "RT54_EB": 0, "RT54_WB": 0, "RT66_EB": 0, "RT66_WB": 0, "RT97_EB": 0, "RT97_WB": 0, "RT140_NB": 0, "RT140_SB": 0, "RT141_NB": 0, "RT141_SB": 0, "RT155_NB": 76, "RT155_SB": 82, "RT157_NB": 0, "RT157_SB": 0, "RT198_NB": 0, "RT198_SB": 0, "RT766_EB": 0, "RT766_WB": 0, "RT777_EB": 0, "RT777_WB": 0, "AWDT23*1.2": 6223, "Total_Users": 6381, "TransitUsersTTL": 158, "TrnstModeShare": 2.48 }, "geometry": { "type": "MultiLineString", "coordinates": [ [ [ -106.656441571482219, 35.200751103904409 ], [ -106.656388860693284, 35.200717039767781 ], [ -106.656230596379487, 35.20061476202445 ], [ -106.65584472785423, 35.200317548035912 ], [ -106.655577382478967, 35.200102121618713 ], [ -106.655370857896543, 35.199975874719037 ], [ -106.655163482922276, 35.199863797279185 ], [ -106.654736780352223, 35.199699564584634 ], [ -106.654639871518043, 35.199671055109775 ], [ -106.654362447618709, 35.199589440905655 ], [ -106.653826337157227, 35.199448465857863 ], [ -106.653514865441224, 35.199317637546471 ], [ -106.653250314799436, 35.199174701844505 ], [ -106.653211388625209, 35.199153052761588 ], [ -106.652201594835532, 35.198591441001277 ], [ -106.651310623843372, 35.198072162308641 ] ] ] } },
{ "type": "Feature", "properties": { "fid": 604, "OBJECTID": 604, "COGID": 20345, "RTE": "BALLOON FIESTA PRKWY", "LOCAT": "EAST OF SAN MATEO - WEST OF PAN AMERICAN WEST", "LENGTH": 2380.829, "MILES": 0.45100000500679016, "ADT22": 3775, "AWDT22": 4221, "Shape_Length": 2335.4269869132286, "ADT23": 3670, "AWDT23": 4104, "RT1_NB": 0, "RT1_SB": 0, "RT2_NB": 0, "RT2_SB": 0, "RT5_EB": 0, "RT5_WB": 0, "RT8_EB": 0, "RT8_WB": 0, "RT10_NB": 0, "RT10_SB": 0, "RT11_EB": 0, "RT11_WB": 0, "RT16_EB": 0, "RT16_WB": 0, "RT31_NB": 0, "RT31_SB": 0, "RT36": 0, "RT50_NB": 0, "RT50_SB": 0, "RT51_NB": 0, "RT51_SB": 0, "RT53_NB": 0, "RT53_SB": 0, "RT54_EB": 0, "RT54_WB": 0, "RT66_EB": 0, "RT66_WB": 0, "RT97_EB": 0, "RT97_WB": 0, "RT140_NB": 20, "RT140_SB": 0, "RT141_NB": 0, "RT141_SB": 0, "RT155_NB": 0, "RT155_SB": 0, "RT157_NB": 0, "RT157_SB": 0, "RT198_NB": 0, "RT198_SB": 0, "RT766_EB": 0, "RT766_WB": 0, "RT777_EB": 0, "RT777_WB": 0, "AWDT23*1.2": 4925, "Total_Users": 4945, "TransitUsersTTL": 20, "TrnstModeShare": 0.4 }, "geometry": { "type": "MultiLineString", "coordinates": [ [ [ -106.586428810496926, 35.198979948619481 ], [ -106.582143578320839, 35.198978115931872 ], [ -106.578611428919515, 35.198976491753704 ] ] ] } },
{ "type": "Feature", "properties": { "fid": 620, "OBJECTID": 620, "COGID": 20366, "RTE": "PRINCE ST.", "LOCAT": "NORTH OF PROSPERITY AVE. - SOUTH OF RIO BRAVO BLVD.", "LENGTH": 4428.936, "MILES": 0.83899998664855957, "ADT22": 1303, "AWDT22": 1429, "Shape_Length": 4451.2587789507206, "ADT23": 1461, "AWDT23": 1602, "RT1_NB": 0, "RT1_SB": 0, "RT2_NB": 0, "RT2_SB": 0, "RT5_EB": 0, "RT5_WB": 0, "RT8_EB": 0, "RT8_WB": 0, "RT10_NB": 0, "RT10_SB": 0, "RT11_EB": 0, "RT11_WB": 0, "RT16_EB": 0, "RT16_WB": 0, "RT31_NB": 0, "RT31_SB": 0, "RT36": 0, "RT50_NB": 0, "RT50_SB": 0, "RT51_NB": 26, "RT51_SB": 0, "RT53_NB": 0, "RT53_SB": 0, "RT54_EB": 0, "RT54_WB": 0, "RT66_EB": 0, "RT66_WB": 0, "RT97_EB": 0, "RT97_WB": 0, "RT140_NB": 0, "RT140_SB": 0, "RT141_NB": 0, "RT141_SB": 0, "RT155_NB": 0, "RT155_SB": 0, "RT157_NB": 0, "RT157_SB": 0, "RT198_NB": 0, "RT198_SB": 0, "RT766_EB": 0, "RT766_WB": 0, "RT777_EB": 0, "RT777_WB": 0, "AWDT23*1.2": 1922, "Total_Users": 1948, "TransitUsersTTL": 26, "TrnstModeShare": 1.33 }, "geometry": { "type": "MultiLineString", "coordinates": [ [ [ -106.654869044866516, 35.014977442857194 ], [ -106.654857118321132, 35.016219489361369 ], [ -106.654845796420872, 35.017398385191662 ], [ -106.654841790750339, 35.018591925898214 ], [ -106.654837716594386, 35.019806241714001 ], [ -106.654829470457102, 35.021007605465805 ], [ -106.65480456743839, 35.022195806396077 ], [ -106.654788795832488, 35.022372025518827 ], [ -106.65472526785986, 35.022654555624968 ], [ -106.654615279748228, 35.023088221131587 ], [ -106.654377208595406, 35.023941512288438 ], [ -106.654260804688462, 35.024362399811231 ], [ -106.654239994755599, 35.024441956466987 ], [ -106.654210974239362, 35.024515872972806 ], [ -106.654166813912965, 35.024604171340037 ], [ -106.654111311961699, 35.0246870319761 ], [ -106.654041821630287, 35.024767750409005 ], [ -106.653918545910628, 35.024874929059479 ], [ -106.653727876867933, 35.02501253169094 ], [ -106.653528428143701, 35.02513027696034 ], [ -106.653300131470786, 35.025266823114769 ], [ -106.653127511192011, 35.025457456431837 ], [ -106.653011087617983, 35.025681129881349 ], [ -106.652770077661245, 35.026496700279019 ], [ -106.652701461039854, 35.02672889129412 ] ] ] } },
{ "type": "Feature", "properties": { "fid": 621, "OBJECTID": 621, "COGID": 20367, "RTE": "PROSPERITY AVE.", "LOCAT": "EAST OF 2ND ST. - WEST OF PRINCE ST.", "LENGTH": 1718.098, "MILES": 0.32499998807907104, "ADT22": 3411, "AWDT22": 3741, "Shape_Length": 1695.6047289916446, "ADT23": 3129, "AWDT23": 3366, "RT1_NB": 0, "RT1_SB": 0, "RT2_NB": 0, "RT2_SB": 0, "RT5_EB": 0, "RT5_WB": 0, "RT8_EB": 0, "RT8_WB": 0, "RT10_NB": 0, "RT10_SB": 0, "RT11_EB": 0, "RT11_WB": 0, "RT16_EB": 0, "RT16_WB": 0, "RT31_NB": 0, "RT31_SB": 0, "RT36": 0, "RT50_NB": 0, "RT50_SB": 0, "RT51_NB": 21, "RT51_SB": 0, "RT53_NB": 0, "RT53_SB": 0, "RT54_EB": 0, "RT54_WB": 0, "RT66_EB": 0, "RT66_WB": 0, "RT97_EB": 0, "RT97_WB": 0, "RT140_NB": 0, "RT140_SB": 0, "RT141_NB": 0, "RT141_SB": 0, "RT155_NB": 0, "RT155_SB": 0, "RT157_NB": 0, "RT157_SB": 0, "RT198_NB": 0, "RT198_SB": 0, "RT766_EB": 0, "RT766_WB": 0, "RT777_EB": 0, "RT777_WB": 0, "AWDT23*1.2": 4039, "Total_Users": 4060, "TransitUsersTTL": 21, "TrnstModeShare": 0.52 }, "geometry": { "type": "MultiLineString", "coordinates": [ [ [ -106.660530403733247, 35.015070924838611 ], [ -106.660382243962616, 35.015069781617996 ], [ -106.660367688785541, 35.015069670370643 ], [ -106.657283948860069, 35.015045855146489 ], [ -106.657283194968201, 35.01504584956313 ], [ -106.654869044866516, 35.014977442857194 ] ] ] } },
{ "type": "Feature", "properties": { "fid": 625, "OBJECTID": 625, "COGID": 20372, "RTE": "4TH STREET", "LOCAT": " NORTH OF ALAMEDA BLVD. - SOUTH OF ALAMEDA ROAD", "LENGTH": 2283.095, "MILES": 0.43200001120567322, "ADT22": 6867, "AWDT22": 7346, "Shape_Length": 2329.6902989321052, "ADT23": 6677, "AWDT23": 7142, "RT1_NB": 0, "RT1_SB": 0, "RT2_NB": 0, "RT2_SB": 0, "RT5_EB": 0, "RT5_WB": 0, "RT8_EB": 0, "RT8_WB": 0, "RT10_NB": 9, "RT10_SB": 21, "RT11_EB": 0, "RT11_WB": 0, "RT16_EB": 0, "RT16_WB": 0, "RT31_NB": 0, "RT31_SB": 0, "RT36": 0, "RT50_NB": 0, "RT50_SB": 0, "RT51_NB": 0, "RT51_SB": 0, "RT53_NB": 0, "RT53_SB": 0, "RT54_EB": 0, "RT54_WB": 0, "RT66_EB": 0, "RT66_WB": 0, "RT97_EB": 0, "RT97_WB": 0, "RT140_NB": 0, "RT140_SB": 0, "RT141_NB": 0, "RT141_SB": 0, "RT155_NB": 0, "RT155_SB": 0, "RT157_NB": 0, "RT157_SB": 0, "RT198_NB": 0, "RT198_SB": 0, "RT766_EB": 0, "RT766_WB": 0, "RT777_EB": 0, "RT777_WB": 0, "AWDT23*1.2": 8570, "Total_Users": 8600, "TransitUsersTTL": 30, "TrnstModeShare": 0.35 }, "geometry": { "type": "MultiLineString", "coordinates": [ [ [ -106.617236428005995, 35.189037364450115 ], [ -106.617028224272303, 35.189918484379291 ], [ -106.616907436157831, 35.190405383162386 ], [ -106.616765321584595, 35.191033488274826 ], [ -106.616692254488811, 35.191360729924668 ], [ -106.616533970760344, 35.192069609278349 ], [ -106.616531052701021, 35.192082480739671 ], [ -106.616351772156762, 35.192873241503996 ], [ -106.616123574256605, 35.193940817515696 ], [ -106.61606901969644, 35.194196031832817 ], [ -106.615888885589854, 35.194957369494212 ], [ -106.615801012076858, 35.195328757118659 ] ] ] } },
{ "type": "Feature", "properties": { "fid": 632, "OBJECTID": 632, "COGID": 20380, "RTE": "COORS", "LOCAT": " NORTH OF COORS BYPASS - SOUTH OF 7 BAR LOOP", "LENGTH": 3046.947, "MILES": 0.57700002193450928, "ADT22": 23860, "AWDT22": 25787, "Shape_Length": 2516.7393525913785, "ADT23": 19550, "AWDT23": 20880, "RT1_NB": 0, "RT1_SB": 0, "RT2_NB": 0, "RT2_SB": 0, "RT5_EB": 0, "RT5_WB": 0, "RT8_EB": 0, "RT8_WB": 0, "RT10_NB": 0, "RT10_SB": 0, "RT11_EB": 0, "RT11_WB": 0, "RT16_EB": 0, "RT16_WB": 0, "RT31_NB": 0, "RT31_SB": 0, "RT36": 0, "RT50_NB": 0, "RT50_SB": 0, "RT51_NB": 0, "RT51_SB": 0, "RT53_NB": 0, "RT53_SB": 0, "RT54_EB": 0, "RT54_WB": 0, "RT66_EB": 0, "RT66_WB": 0, "RT97_EB": 0, "RT97_WB": 0, "RT140_NB": 0, "RT140_SB": 0, "RT141_NB": 0, "RT141_SB": 0, "RT155_NB": 95, "RT155_SB": 91, "RT157_NB": 0, "RT157_SB": 0, "RT198_NB": 0, "RT198_SB": 0, "RT766_EB": 0, "RT766_WB": 0, "RT777_EB": 0, "RT777_WB": 0, "AWDT23*1.2": 25056, "Total_Users": 25242, "TransitUsersTTL": 186, "TrnstModeShare": 0.74 }, "geometry": { "type": "MultiLineString", "coordinates": [ [ [ -106.656630511236429, 35.192977759451999 ], [ -106.65630024166299, 35.193003789988452 ], [ -106.655567844110863, 35.193263066223516 ], [ -106.654916460716095, 35.193640809893672 ], [ -106.654772552551862, 35.193779645353949 ], [ -106.654481146731897, 35.194060773940009 ], [ -106.653307459015736, 35.19554579540889 ], [ -106.651310623843372, 35.198072162308641 ] ] ] } },
{ "type": "Feature", "properties": { "fid": 637, "OBJECTID": 637, "COGID": 20392, "RTE": "GOLF COURSE ROAD", "LOCAT": "NORTH OF PARADISE BLVD. - SOUTH OF PROGRESS", "LENGTH": 1388.368, "MILES": 0.2630000114440918, "ADT22": 17786, "AWDT22": 18846, "Shape_Length": 1394.866108635511, "ADT23": 17274, "AWDT23": 18584, "RT1_NB": 0, "RT1_SB": 0, "RT2_NB": 0, "RT2_SB": 0, "RT5_EB": 0, "RT5_WB": 0, "RT8_EB": 0, "RT8_WB": 0, "RT10_NB": 0, "RT10_SB": 0, "RT11_EB": 0, "RT11_WB": 0, "RT16_EB": 0, "RT16_WB": 0, "RT31_NB": 0, "RT31_SB": 0, "RT36": 0, "RT50_NB": 0, "RT50_SB": 0, "RT51_NB": 0, "RT51_SB": 0, "RT53_NB": 0, "RT53_SB": 0, "RT54_EB": 0, "RT54_WB": 0, "RT66_EB": 0, "RT66_WB": 0, "RT97_EB": 0, "RT97_WB": 0, "RT140_NB": 0, "RT140_SB": 0, "RT141_NB": 0, "RT141_SB": 0, "RT155_NB": 0, "RT155_SB": 0, "RT157_NB": 90, "RT157_SB": 76, "RT198_NB": 0, "RT198_SB": 0, "RT766_EB": 0, "RT766_WB": 0, "RT777_EB": 0, "RT777_WB": 0, "AWDT23*1.2": 22301, "Total_Users": 22467, "TransitUsersTTL": 166, "TrnstModeShare": 0.74 }, "geometry": { "type": "MultiLineString", "coordinates": [ [ [ -106.684060950041186, 35.189680009830774 ], [ -106.683892848284032, 35.189809057004439 ], [ -106.68353699214228, 35.190000820284084 ], [ -106.681752313536165, 35.190916074716938 ], [ -106.681752237974578, 35.190916113748095 ], [ -106.681463244886274, 35.191094019050027 ], [ -106.681133404247873, 35.191379912437384 ], [ -106.680658506190753, 35.192164664634575 ] ] ] } },
{ "type": "Feature", "properties": { "fid": 646, "OBJECTID": 646, "COGID": 20424, "RTE": "COORS", "LOCAT": " NORTH OF IRVING - SOUTH OF COORS BYPASS", "LENGTH": 2428.077, "MILES": 0.46000000834465027, "ADT22": 54849, "AWDT22": 59279, "Shape_Length": 3095.1772830244158, "ADT23": 54732, "AWDT23": 58456, "RT1_NB": 0, "RT1_SB": 0, "RT2_NB": 0, "RT2_SB": 0, "RT5_EB": 0, "RT5_WB": 0, "RT8_EB": 0, "RT8_WB": 0, "RT10_NB": 0, "RT10_SB": 0, "RT11_EB": 0, "RT11_WB": 0, "RT16_EB": 0, "RT16_WB": 0, "RT31_NB": 0, "RT31_SB": 0, "RT36": 0, "RT50_NB": 0, "RT50_SB": 0, "RT51_NB": 0, "RT51_SB": 0, "RT53_NB": 0, "RT53_SB": 0, "RT54_EB": 0, "RT54_WB": 0, "RT66_EB": 0, "RT66_WB": 0, "RT97_EB": 0, "RT97_WB": 0, "RT140_NB": 0, "RT140_SB": 0, "RT141_NB": 0, "RT141_SB": 0, "RT155_NB": 100, "RT155_SB": 91, "RT157_NB": 0, "RT157_SB": 0, "RT198_NB": 0, "RT198_SB": 0, "RT766_EB": 0, "RT766_WB": 0, "RT777_EB": 0, "RT777_WB": 0, "AWDT23*1.2": 70147, "Total_Users": 70338, "TransitUsersTTL": 191, "TrnstModeShare": 0.27 }, "geometry": { "type": "MultiLineString", "coordinates": [ [ [ -106.662555083512103, 35.186176165087787 ], [ -106.661751336468171, 35.186944475285308 ], [ -106.661552659636897, 35.187155619190555 ], [ -106.661209215620104, 35.187470643890492 ], [ -106.660671586722287, 35.187982886532644 ], [ -106.660231044747576, 35.188396860345868 ], [ -106.659790496589238, 35.188810490018362 ], [ -106.659343232414969, 35.189220361047553 ], [ -106.658909388612358, 35.189638088004294 ], [ -106.658468828169177, 35.190051712871963 ], [ -106.658028262167377, 35.19046533614285 ], [ -106.657432603535881, 35.191072153810218 ], [ -106.657113310339014, 35.191468798145628 ], [ -106.65686144510056, 35.191946261540565 ], [ -106.656693072619277, 35.192426557590757 ], [ -106.656630511236429, 35.192977759451999 ] ] ] } },
{ "type": "Feature", "properties": { "fid": 652, "OBJECTID": 652, "COGID": 20446, "RTE": "PAN AM. WEST", "LOCAT": "NORTH OF SAN DIEGO - SOUTH OF BALLOON FIESTA PKWY", "LENGTH": 2108.771, "MILES": 0.39899998903274536, "ADT22": 2592, "AWDT22": 2899, "Shape_Length": 2165.5241101350189, "ADT23": 2520, "AWDT23": 2819, "RT1_NB": 0, "RT1_SB": 0, "RT2_NB": 0, "RT2_SB": 0, "RT5_EB": 0, "RT5_WB": 0, "RT8_EB": 0, "RT8_WB": 0, "RT10_NB": 0, "RT10_SB": 0, "RT11_EB": 0, "RT11_WB": 0, "RT16_EB": 0, "RT16_WB": 0, "RT31_NB": 0, "RT31_SB": 0, "RT36": 0, "RT50_NB": 0, "RT50_SB": 0, "RT51_NB": 0, "RT51_SB": 0, "RT53_NB": 0, "RT53_SB": 0, "RT54_EB": 0, "RT54_WB": 0, "RT66_EB": 0, "RT66_WB": 0, "RT97_EB": 0, "RT97_WB": 0, "RT140_NB": 20, "RT140_SB": 0, "RT141_NB": 0, "RT141_SB": 0, "RT155_NB": 0, "RT155_SB": 0, "RT157_NB": 0, "RT157_SB": 0, "RT198_NB": 0, "RT198_SB": 0, "RT766_EB": 0, "RT766_WB": 0, "RT777_EB": 0, "RT777_WB": 0, "AWDT23*1.2": 3383, "Total_Users": 3403, "TransitUsersTTL": 20, "TrnstModeShare": 0.59 }, "geometry": { "type": "MultiLineString", "coordinates": [ [ [ -106.578611428919515, 35.198976491753704 ], [ -106.578936193633353, 35.197544021133439 ], [ -106.579277601938571, 35.196038089957817 ], [ -106.579605427216677, 35.194592014882723 ], [ -106.579937541505259, 35.1931269705453 ] ] ] } },
{ "type": "Feature", "properties": { "fid": 653, "OBJECTID": 653, "COGID": 20447, "RTE": "SAN DIEGO", "LOCAT": "EAST OF JEFFERSON - WEST OF SAN MATEO", "LENGTH": 1754.785, "MILES": 0.33199998736381531, "ADT22": 669, "AWDT22": 748, "Shape_Length": 1819.7559310724118, "ADT23": 650, "AWDT23": 727, "RT1_NB": 0, "RT1_SB": 0, "RT2_NB": 0, "RT2_SB": 0, "RT5_EB": 0, "RT5_WB": 0, "RT8_EB": 0, "RT8_WB": 0, "RT10_NB": 0, "RT10_SB": 0, "RT11_EB": 0, "RT11_WB": 0, "RT16_EB": 0, "RT16_WB": 0, "RT31_NB": 0, "RT31_SB": 0, "RT36": 0, "RT50_NB": 0, "RT50_SB": 0, "RT51_NB": 0, "RT51_SB": 0, "RT53_NB": 0, "RT53_SB": 0, "RT54_EB": 0, "RT54_WB": 0, "RT66_EB": 0, "RT66_WB": 0, "RT97_EB": 0, "RT97_WB": 0, "RT140_NB": 13, "RT140_SB": 9, "RT141_NB": 0, "RT141_SB": 0, "RT155_NB": 0, "RT155_SB": 0, "RT157_NB": 0, "RT157_SB": 0, "RT198_NB": 0, "RT198_SB": 0, "RT766_EB": 0, "RT766_WB": 0, "RT777_EB": 0, "RT777_WB": 0, "AWDT23*1.2": 872, "Total_Users": 894, "TransitUsersTTL": 22, "TrnstModeShare": 2.46 }, "geometry": { "type": "MultiLineString", "coordinates": [ [ [ -106.592482083689944, 35.192925353553171 ], [ -106.59242477100716, 35.19296128653923 ], [ -106.592366535123546, 35.192991287030928 ], [ -106.592278153979393, 35.193014045799032 ], [ -106.591951962318248, 35.193063954205179 ], [ -106.591477874553689, 35.193123138195773 ], [ -106.5911563408755, 35.193154034391796 ], [ -106.590854139446478, 35.193174426739731 ], [ -106.590574908273069, 35.193186371252217 ], [ -106.590283289833394, 35.193192172363617 ], [ -106.587914289858205, 35.193188320197159 ], [ -106.586435611911369, 35.193178733431253 ] ] ] } },
{ "type": "Feature", "properties": { "fid": 655, "OBJECTID": 655, "COGID": 20449, "RTE": "PAN AM. WEST", "LOCAT": "NORTH OF EAGLE ROCK - SOUTH OF SAN DIEGO", "LENGTH": 2140.861, "MILES": 0.4050000011920929, "ADT22": 3704, "AWDT22": 4143, "Shape_Length": 2133.1976256826406, "ADT23": 3000, "AWDT23": 3228, "RT1_NB": 0, "RT1_SB": 0, "RT2_NB": 0, "RT2_SB": 0, "RT5_EB": 0, "RT5_WB": 0, "RT8_EB": 0, "RT8_WB": 0, "RT10_NB": 0, "RT10_SB": 0, "RT11_EB": 0, "RT11_WB": 0, "RT16_EB": 0, "RT16_WB": 0, "RT31_NB": 0, "RT31_SB": 0, "RT36": 0, "RT50_NB": 0, "RT50_SB": 0, "RT51_NB": 0, "RT51_SB": 0, "RT53_NB": 0, "RT53_SB": 0, "RT54_EB": 0, "RT54_WB": 0, "RT66_EB": 0, "RT66_WB": 0, "RT97_EB": 0, "RT97_WB": 0, "RT140_NB": 20, "RT140_SB": 0, "RT141_NB": 0, "RT141_SB": 0, "RT155_NB": 0, "RT155_SB": 0, "RT157_NB": 0, "RT157_SB": 0, "RT198_NB": 0, "RT198_SB": 0, "RT766_EB": 0, "RT766_WB": 0, "RT777_EB": 0, "RT777_WB": 0, "AWDT23*1.2": 3874, "Total_Users": 3894, "TransitUsersTTL": 20, "TrnstModeShare": 0.51 }, "geometry": { "type": "MultiLineString", "coordinates": [ [ [ -106.579937541505259, 35.1931269705453 ], [ -106.580101092427057, 35.192404818600501 ], [ -106.580443508016714, 35.190892856812575 ], [ -106.580925196632194, 35.188821784281167 ], [ -106.58126334870137, 35.187367796350934 ] ] ] } },
{ "type": "Feature", "properties": { "fid": 678, "OBJECTID": 678, "COGID": 20525, "RTE": "GOLF COURSE ROAD", "LOCAT": " NORTH OF PASEO DEL NORTE - SOUTH OF PARADISE BLVD.", "LENGTH": 3803.088, "MILES": 0.72000002861022949, "ADT22": 21165, "AWDT22": 22426, "Shape_Length": 3816.766694925328, "ADT23": 20556, "AWDT23": 22115, "RT1_NB": 0, "RT1_SB": 0, "RT2_NB": 0, "RT2_SB": 0, "RT5_EB": 0, "RT5_WB": 0, "RT8_EB": 0, "RT8_WB": 0, "RT10_NB": 0, "RT10_SB": 0, "RT11_EB": 0, "RT11_WB": 0, "RT16_EB": 0, "RT16_WB": 0, "RT31_NB": 0, "RT31_SB": 0, "RT36": 0, "RT50_NB": 0, "RT50_SB": 0, "RT51_NB": 0, "RT51_SB": 0, "RT53_NB": 0, "RT53_SB": 0, "RT54_EB": 0, "RT54_WB": 0, "RT66_EB": 0, "RT66_WB": 0, "RT97_EB": 0, "RT97_WB": 0, "RT140_NB": 0, "RT140_SB": 0, "RT141_NB": 0, "RT141_SB": 0, "RT155_NB": 0, "RT155_SB": 0, "RT157_NB": 94, "RT157_SB": 79, "RT198_NB": 0, "RT198_SB": 0, "RT766_EB": 0, "RT766_WB": 0, "RT777_EB": 0, "RT777_WB": 0, "AWDT23*1.2": 26538, "Total_Users": 26711, "TransitUsersTTL": 173, "TrnstModeShare": 0.65 }, "geometry": { "type": "MultiLineString", "coordinates": [ [ [ -106.687751926636722, 35.179803775188446 ], [ -106.687732797837924, 35.180683242914327 ], [ -106.687449733488123, 35.181646404315622 ], [ -106.687183923379692, 35.182550837094347 ], [ -106.686834477020895, 35.183529945753421 ], [ -106.686755696939201, 35.18375067367306 ], [ -106.6859615437061, 35.185053485861459 ], [ -106.685606418737677, 35.185633865813273 ], [ -106.685370557485726, 35.186019329171302 ], [ -106.685021097199325, 35.186856537031119 ], [ -106.684835242209388, 35.187782464550104 ], [ -106.684827517134465, 35.18782094758172 ], [ -106.684751039441309, 35.188621456418758 ], [ -106.684635017141062, 35.188989019909471 ], [ -106.684487851386038, 35.189296941474787 ], [ -106.684293671936388, 35.189512239368931 ], [ -106.684193507015976, 35.189584448425649 ], [ -106.684060950041186, 35.189680009830774 ] ] ] } },
{ "type": "Feature", "properties": { "fid": 698, "OBJECTID": 698, "COGID": 20568, "RTE": "COORS", "LOCAT": " NORTH OF P.D.N. N. RAMPS - SOUTH OF IRVING", "LENGTH": 1865.133, "MILES": 0.3529999852180481, "ADT22": 60637, "AWDT22": 65534, "Shape_Length": 1876.867483413442, "ADT23": 60507, "AWDT23": 64624, "RT1_NB": 0, "RT1_SB": 0, "RT2_NB": 0, "RT2_SB": 0, "RT5_EB": 0, "RT5_WB": 0, "RT8_EB": 0, "RT8_WB": 0, "RT10_NB": 0, "RT10_SB": 0, "RT11_EB": 0, "RT11_WB": 0, "RT16_EB": 0, "RT16_WB": 0, "RT31_NB": 0, "RT31_SB": 0, "RT36": 0, "RT50_NB": 0, "RT50_SB": 0, "RT51_NB": 0, "RT51_SB": 0, "RT53_NB": 0, "RT53_SB": 0, "RT54_EB": 0, "RT54_WB": 0, "RT66_EB": 0, "RT66_WB": 0, "RT97_EB": 0, "RT97_WB": 0, "RT140_NB": 0, "RT140_SB": 0, "RT141_NB": 0, "RT141_SB": 0, "RT155_NB": 110, "RT155_SB": 102, "RT157_NB": 0, "RT157_SB": 0, "RT198_NB": 0, "RT198_SB": 0, "RT766_EB": 0, "RT766_WB": 0, "RT777_EB": 0, "RT777_WB": 0, "AWDT23*1.2": 77549, "Total_Users": 77761, "TransitUsersTTL": 212, "TrnstModeShare": 0.27 }, "geometry": { "type": "MultiLineString", "coordinates": [ [ [ -106.666640857823495, 35.182259569983025 ], [ -106.665315992353186, 35.183551160490715 ], [ -106.66413702194231, 35.1846855514273 ], [ -106.663927726587914, 35.184882769594395 ], [ -106.662555083512103, 35.186176165087787 ] ] ] } },
{ "type": "Feature", "properties": { "fid": 699, "OBJECTID": 699, "COGID": 20569, "RTE": "COORS", "LOCAT": " NORTH OF P.D.N. S. RAMPS - SOUTH OF P.D.N. N. RAMPS", "LENGTH": 676.831, "MILES": 0.12800000607967377, "ADT22": 25791, "AWDT22": 27921, "Shape_Length": 656.67532222846148, "ADT23": 25433, "AWDT23": 27533, "RT1_NB": 0, "RT1_SB": 0, "RT2_NB": 0, "RT2_SB": 0, "RT5_EB": 0, "RT5_WB": 0, "RT8_EB": 0, "RT8_WB": 0, "RT10_NB": 0, "RT10_SB": 0, "RT11_EB": 0, "RT11_WB": 0, "RT16_EB": 0, "RT16_WB": 0, "RT31_NB": 0, "RT31_SB": 0, "RT36": 0, "RT50_NB": 0, "RT50_SB": 0, "RT51_NB": 0, "RT51_SB": 0, "RT53_NB": 0, "RT53_SB": 0, "RT54_EB": 0, "RT54_WB": 0, "RT66_EB": 0, "RT66_WB": 0, "RT97_EB": 0, "RT97_WB": 0, "RT140_NB": 0, "RT140_SB": 0, "RT141_NB": 0, "RT141_SB": 0, "RT155_NB": 110, "RT155_SB": 102, "RT157_NB": 0, "RT157_SB": 0, "RT198_NB": 0, "RT198_SB": 0, "RT766_EB": 0, "RT766_WB": 0, "RT777_EB": 0, "RT777_WB": 0, "AWDT23*1.2": 33040, "Total_Users": 33252, "TransitUsersTTL": 212, "TrnstModeShare": 0.64 }, "geometry": { "type": "MultiLineString", "coordinates": [ [ [ -106.668115610617036, 35.180921905953781 ], [ -106.666640857823495, 35.182259569983025 ] ] ] } },
{ "type": "Feature", "properties": { "fid": 711, "OBJECTID": 711, "COGID": 20588, "RTE": "4TH STREET", "LOCAT": " NORTH OF EL PUEBLO - SOUTH OF ORTEGA", "LENGTH": 2063.318, "MILES": 0.39100000262260437, "ADT22": 7569, "AWDT22": 8020, "Shape_Length": 2056.8858727632496, "ADT23": 7359, "AWDT23": 7798, "RT1_NB": 0, "RT1_SB": 0, "RT2_NB": 0, "RT2_SB": 0, "RT5_EB": 0, "RT5_WB": 0, "RT8_EB": 0, "RT8_WB": 0, "RT10_NB": 29, "RT10_SB": 32, "RT11_EB": 0, "RT11_WB": 0, "RT16_EB": 0, "RT16_WB": 0, "RT31_NB": 0, "RT31_SB": 0, "RT36": 0, "RT50_NB": 0, "RT50_SB": 0, "RT51_NB": 0, "RT51_SB": 0, "RT53_NB": 0, "RT53_SB": 0, "RT54_EB": 0, "RT54_WB": 0, "RT66_EB": 0, "RT66_WB": 0, "RT97_EB": 0, "RT97_WB": 0, "RT140_NB": 0, "RT140_SB": 0, "RT141_NB": 0, "RT141_SB": 0, "RT155_NB": 0, "RT155_SB": 0, "RT157_NB": 0, "RT157_SB": 0, "RT198_NB": 0, "RT198_SB": 0, "RT766_EB": 0, "RT766_WB": 0, "RT777_EB": 0, "RT777_WB": 0, "AWDT23*1.2": 9358, "Total_Users": 9419, "TransitUsersTTL": 61, "TrnstModeShare": 0.65 }, "geometry": { "type": "MultiLineString", "coordinates": [ [ [ -106.629316363615033, 35.177499654898249 ], [ -106.628762973109886, 35.178008283712749 ], [ -106.628318518936425, 35.178417529426802 ], [ -106.628304286650533, 35.178430579860375 ], [ -106.627817787361806, 35.17887665176827 ], [ -106.627808940455694, 35.178884762579067 ], [ -106.627545102652221, 35.179129069686788 ], [ -106.627353691517101, 35.179306311503908 ], [ -106.626325269277331, 35.180264283273338 ], [ -106.626250710492243, 35.180333984389812 ], [ -106.625808685843921, 35.180747217467335 ], [ -106.62569142141102, 35.180855132972553 ], [ -106.624745783501737, 35.181725366775254 ] ] ] } },
{ "type": "Feature", "properties": { "fid": 713, "OBJECTID": 713, "COGID": 20590, "RTE": "4TH STREET", "LOCAT": " NORTH OF ORTEGA - SOUTH OF ALAMEDA BLVD.", "LENGTH": 3538.616, "MILES": 0.67000001668930054, "ADT22": 6529, "AWDT22": 6918, "Shape_Length": 3496.566542453998, "ADT23": 5487, "AWDT23": 5903, "RT1_NB": 0, "RT1_SB": 0, "RT2_NB": 0, "RT2_SB": 0, "RT5_EB": 0, "RT5_WB": 0, "RT8_EB": 0, "RT8_WB": 0, "RT10_NB": 24, "RT10_SB": 27, "RT11_EB": 0, "RT11_WB": 0, "RT16_EB": 0, "RT16_WB": 0, "RT31_NB": 0, "RT31_SB": 0, "RT36": 0, "RT50_NB": 0, "RT50_SB": 0, "RT51_NB": 0, "RT51_SB": 0, "RT53_NB": 0, "RT53_SB": 0, "RT54_EB": 0, "RT54_WB": 0, "RT66_EB": 0, "RT66_WB": 0, "RT97_EB": 0, "RT97_WB": 0, "RT140_NB": 0, "RT140_SB": 0, "RT141_NB": 0, "RT141_SB": 0, "RT155_NB": 0, "RT155_SB": 0, "RT157_NB": 0, "RT157_SB": 0, "RT198_NB": 0, "RT198_SB": 0, "RT766_EB": 0, "RT766_WB": 0, "RT777_EB": 0, "RT777_WB": 0, "AWDT23*1.2": 7084, "Total_Users": 7135, "TransitUsersTTL": 51, "TrnstModeShare": 0.71 }, "geometry": { "type": "MultiLineString", "coordinates": [ [ [ -106.624745783501737, 35.181725366775254 ], [ -106.623204515194615, 35.183145673039959 ], [ -106.621752348667286, 35.184483640636259 ], [ -106.621547882503123, 35.184671755787654 ], [ -106.620920524927485, 35.185248935135647 ], [ -106.620661048968131, 35.185487651880074 ], [ -106.620218635360132, 35.185900113771474 ], [ -106.620069162445375, 35.186039350807675 ], [ -106.619776217925633, 35.186312230595881 ], [ -106.619202570282908, 35.186847013546902 ], [ -106.619130258224487, 35.186912129489649 ], [ -106.618371336619688, 35.18759551550815 ], [ -106.618127165109343, 35.187827756570258 ], [ -106.617858304026953, 35.188083480705217 ], [ -106.617636143864942, 35.188295828554885 ], [ -106.617515825682091, 35.188433158409339 ], [ -106.617401635422311, 35.188607824293626 ], [ -106.617301309244198, 35.188836512738902 ], [ -106.617282781679947, 35.188893868009636 ], [ -106.617236428005995, 35.189037364450115 ] ] ] } },
{ "type": "Feature", "properties": { "fid": 742, "OBJECTID": 742, "COGID": 20656, "RTE": "GOLF COURSE ROAD", "LOCAT": " NORTH OF CALLE NORTENA - SOUTH OF PASEO DEL NORTE", "LENGTH": 1598.325, "MILES": 0.30300000309944153, "ADT22": 24791, "AWDT22": 26269, "Shape_Length": 1552.0289948693444, "ADT23": 24078, "AWDT23": 25904, "RT1_NB": 0, "RT1_SB": 0, "RT2_NB": 0, "RT2_SB": 0, "RT5_EB": 0, "RT5_WB": 0, "RT8_EB": 0, "RT8_WB": 0, "RT10_NB": 0, "RT10_SB": 0, "RT11_EB": 0, "RT11_WB": 0, "RT16_EB": 0, "RT16_WB": 0, "RT31_NB": 0, "RT31_SB": 0, "RT36": 0, "RT50_NB": 0, "RT50_SB": 0, "RT51_NB": 0, "RT51_SB": 0, "RT53_NB": 0, "RT53_SB": 0, "RT54_EB": 0, "RT54_WB": 0, "RT66_EB": 0, "RT66_WB": 0, "RT97_EB": 0, "RT97_WB": 0, "RT140_NB": 0, "RT140_SB": 0, "RT141_NB": 0, "RT141_SB": 0, "RT155_NB": 0, "RT155_SB": 0, "RT157_NB": 98, "RT157_SB": 83, "RT198_NB": 0, "RT198_SB": 0, "RT766_EB": 0, "RT766_WB": 0, "RT777_EB": 0, "RT777_WB": 0, "AWDT23*1.2": 31085, "Total_Users": 31266, "TransitUsersTTL": 181, "TrnstModeShare": 0.58 }, "geometry": { "type": "MultiLineString", "coordinates": [ [ [ -106.687620280739992, 35.175544073644261 ], [ -106.687734218720749, 35.176500720979966 ], [ -106.687734801436022, 35.176609423330092 ], [ -106.687736042418791, 35.176840919937227 ], [ -106.687741810800503, 35.177916731413681 ], [ -106.687746374124345, 35.178768124135999 ], [ -106.687751926636722, 35.179803775188446 ] ] ] } },
{ "type": "Feature", "properties": { "fid": 750, "OBJECTID": 750, "COGID": 20668, "RTE": "JEFFERSON", "LOCAT": "NORTH OF JEFFERSON NORTH RAMPS -SOUTH OF ALAMEDA", "LENGTH": 3461.937, "MILES": 0.65600001811981201, "ADT22": 19581, "AWDT22": 20749, "Shape_Length": 3483.2747107088717, "ADT23": 12720, "AWDT23": 13685, "RT1_NB": 0, "RT1_SB": 0, "RT2_NB": 0, "RT2_SB": 0, "RT5_EB": 0, "RT5_WB": 0, "RT8_EB": 0, "RT8_WB": 0, "RT10_NB": 0, "RT10_SB": 0, "RT11_EB": 0, "RT11_WB": 0, "RT16_EB": 0, "RT16_WB": 0, "RT31_NB": 0, "RT31_SB": 0, "RT36": 0, "RT50_NB": 0, "RT50_SB": 0, "RT51_NB": 0, "RT51_SB": 0, "RT53_NB": 0, "RT53_SB": 0, "RT54_EB": 0, "RT54_WB": 0, "RT66_EB": 0, "RT66_WB": 0, "RT97_EB": 0, "RT97_WB": 0, "RT140_NB": 86, "RT140_SB": 20, "RT141_NB": 0, "RT141_SB": 0, "RT155_NB": 0, "RT155_SB": 0, "RT157_NB": 0, "RT157_SB": 0, "RT198_NB": 0, "RT198_SB": 0, "RT766_EB": 0, "RT766_WB": 0, "RT777_EB": 0, "RT777_WB": 0, "AWDT23*1.2": 16422, "Total_Users": 16528, "TransitUsersTTL": 106, "TrnstModeShare": 0.64 }, "geometry": { "type": "MultiLineString", "coordinates": [ [ [ -106.593486152994075, 35.175186573785965 ], [ -106.593481020613353, 35.175494101757657 ], [ -106.593426974418634, 35.175866736225814 ], [ -106.593249421817745, 35.176442192653809 ], [ -106.593084328424808, 35.176868028236356 ], [ -106.59286827464588, 35.177425298310389 ], [ -106.592685140396171, 35.177943395528281 ], [ -106.591859803669976, 35.180137625112927 ], [ -106.591759961772567, 35.180429538460473 ], [ -106.591722817622056, 35.180566096232454 ], [ -106.591708224733893, 35.180659750276263 ], [ -106.591690635825586, 35.180772635102279 ], [ -106.591690554708919, 35.181584367801484 ], [ -106.591690551227373, 35.181610557380502 ], [ -106.591677673010238, 35.184547724377751 ] ] ] } },
{ "type": "Feature", "properties": { "fid": 766, "OBJECTID": 766, "COGID": 20728, "RTE": "WYOMING", "LOCAT": "NORTH OF PASEO DEL NORTE - SOUTH OF HOLLY", "LENGTH": 539.77, "MILES": 0.10199999809265137, "ADT22": 21531, "AWDT22": 23750, "Shape_Length": 536.15612528039458, "ADT23": 23414, "AWDT23": 25190, "RT1_NB": 0, "RT1_SB": 0, "RT2_NB": 0, "RT2_SB": 0, "RT5_EB": 0, "RT5_WB": 0, "RT8_EB": 0, "RT8_WB": 0, "RT10_NB": 0, "RT10_SB": 0, "RT11_EB": 0, "RT11_WB": 0, "RT16_EB": 0, "RT16_WB": 0, "RT31_NB": 18, "RT31_SB": 0, "RT36": 0, "RT50_NB": 0, "RT50_SB": 0, "RT51_NB": 0, "RT51_SB": 0, "RT53_NB": 0, "RT53_SB": 0, "RT54_EB": 0, "RT54_WB": 0, "RT66_EB": 0, "RT66_WB": 0, "RT97_EB": 0, "RT97_WB": 0, "RT140_NB": 0, "RT140_SB": 0, "RT141_NB": 0, "RT141_SB": 0, "RT155_NB": 0, "RT155_SB": 0, "RT157_NB": 0, "RT157_SB": 0, "RT198_NB": 0, "RT198_SB": 0, "RT766_EB": 0, "RT766_WB": 0, "RT777_EB": 0, "RT777_WB": 0, "AWDT23*1.2": 30228, "Total_Users": 30246, "TransitUsersTTL": 18, "TrnstModeShare": 0.06 }, "geometry": { "type": "MultiLineString", "coordinates": [ [ [ -106.559897081225699, 35.17424991220124 ], [ -106.559872106950067, 35.175722907039891 ] ] ] } },
{ "type": "Feature", "properties": { "fid": 767, "OBJECTID": 767, "COGID": 20729, "RTE": "ALAMEDA BLVD.", "LOCAT": " WEST OF BARSTOW - EAST OF WYOMING", "LENGTH": 2645.02, "MILES": 0.50099998712539673, "ADT22": 5285, "AWDT22": 5830, "Shape_Length": 2613.6343120978836, "ADT23": 5747, "AWDT23": 6183, "RT1_NB": 0, "RT1_SB": 0, "RT2_NB": 0, "RT2_SB": 0, "RT5_EB": 0, "RT5_WB": 0, "RT8_EB": 0, "RT8_WB": 0, "RT10_NB": 0, "RT10_SB": 0, "RT11_EB": 0, "RT11_WB": 0, "RT16_EB": 0, "RT16_WB": 0, "RT31_NB": 7, "RT31_SB": 0, "RT36": 0, "RT50_NB": 0, "RT50_SB": 0, "RT51_NB": 0, "RT51_SB": 0, "RT53_NB": 0, "RT53_SB": 0, "RT54_EB": 0, "RT54_WB": 0, "RT66_EB": 0, "RT66_WB": 0, "RT97_EB": 0, "RT97_WB": 0, "RT140_NB": 0, "RT140_SB": 0, "RT141_NB": 0, "RT141_SB": 0, "RT155_NB": 0, "RT155_SB": 0, "RT157_NB": 0, "RT157_SB": 0, "RT198_NB": 0, "RT198_SB": 0, "RT766_EB": 0, "RT766_WB": 0, "RT777_EB": 0, "RT777_WB": 0, "AWDT23*1.2": 7420, "Total_Users": 7427, "TransitUsersTTL": 7, "TrnstModeShare": 0.09 }, "geometry": { "type": "MultiLineString", "coordinates": [ [ [ -106.559890816773105, 35.184435237916425 ], [ -106.556584949380621, 35.18442960045774 ], [ -106.552892620937655, 35.184411119005127 ], [ -106.551143843146932, 35.184402325934165 ] ] ] } },
{ "type": "Feature", "properties": { "fid": 774, "OBJECTID": 774, "COGID": 20739, "RTE": "BARSTOW", "LOCAT": "NORTH OF SIGNAL - SOUTH OF ALAMEDA", "LENGTH": 521.509, "MILES": 0.098999999463558197, "ADT22": 2875, "AWDT22": 3216, "Shape_Length": 521.67997875197784, "ADT23": 3049, "AWDT23": 3411, "RT1_NB": 0, "RT1_SB": 0, "RT2_NB": 0, "RT2_SB": 0, "RT5_EB": 0, "RT5_WB": 0, "RT8_EB": 0, "RT8_WB": 0, "RT10_NB": 0, "RT10_SB": 0, "RT11_EB": 0, "RT11_WB": 0, "RT16_EB": 0, "RT16_WB": 0, "RT31_NB": 7, "RT31_SB": 0, "RT36": 0, "RT50_NB": 0, "RT50_SB": 0, "RT51_NB": 0, "RT51_SB": 0, "RT53_NB": 0, "RT53_SB": 0, "RT54_EB": 0, "RT54_WB": 0, "RT66_EB": 0, "RT66_WB": 0, "RT97_EB": 0, "RT97_WB": 0, "RT140_NB": 0, "RT140_SB": 0, "RT141_NB": 0, "RT141_SB": 0, "RT155_NB": 0, "RT155_SB": 0, "RT157_NB": 0, "RT157_SB": 0, "RT198_NB": 0, "RT198_SB": 0, "RT766_EB": 0, "RT766_WB": 0, "RT777_EB": 0, "RT777_WB": 0, "AWDT23*1.2": 4093, "Total_Users": 4100, "TransitUsersTTL": 7, "TrnstModeShare": 0.17 }, "geometry": { "type": "MultiLineString", "coordinates": [ [ [ -106.551119334410572, 35.182969268914334 ], [ -106.551130982593463, 35.183454075182262 ], [ -106.551147683412324, 35.18392385893641 ], [ -106.551143843146932, 35.184402325934165 ] ] ] } },
{ "type": "Feature", "properties": { "fid": 787, "OBJECTID": 787, "COGID": 20764, "RTE": "JEFFERSON", "LOCAT": "N. OF JEFFERSON RAMPS INT. - S. OF JEFFERSON NORTH RAMPS", "LENGTH": 273.122, "MILES": 0.052000001072883606, "ADT22": 22514, "AWDT22": 23856, "Shape_Length": 282.76263899451783, "ADT23": 21560, "AWDT23": 23195, "RT1_NB": 0, "RT1_SB": 0, "RT2_NB": 0, "RT2_SB": 0, "RT5_EB": 0, "RT5_WB": 0, "RT8_EB": 0, "RT8_WB": 0, "RT10_NB": 0, "RT10_SB": 0, "RT11_EB": 0, "RT11_WB": 0, "RT16_EB": 0, "RT16_WB": 0, "RT31_NB": 0, "RT31_SB": 0, "RT36": 0, "RT50_NB": 0, "RT50_SB": 0, "RT51_NB": 0, "RT51_SB": 0, "RT53_NB": 0, "RT53_SB": 0, "RT54_EB": 0, "RT54_WB": 0, "RT66_EB": 0, "RT66_WB": 0, "RT97_EB": 0, "RT97_WB": 0, "RT140_NB": 30, "RT140_SB": 20, "RT141_NB": 0, "RT141_SB": 0, "RT155_NB": 0, "RT155_SB": 0, "RT157_NB": 0, "RT157_SB": 0, "RT198_NB": 0, "RT198_SB": 0, "RT766_EB": 0, "RT766_WB": 0, "RT777_EB": 0, "RT777_WB": 0, "AWDT23*1.2": 27834, "Total_Users": 27884, "TransitUsersTTL": 50, "TrnstModeShare": 0.18 }, "geometry": { "type": "MultiLineString", "coordinates": [ [ [ -106.593483602116066, 35.174409662341574 ], [ -106.593486152994075, 35.175186573785965 ] ] ] } },
{ "type": "Feature", "properties": { "fid": 791, "OBJECTID": 791, "COGID": 20773, "RTE": "SAN MATEO (NORTH)", "LOCAT": "NORTH OF EAGLE ROCK AVE. - SOUTH OF SAN DIEGO", "LENGTH": 2125.001, "MILES": 0.40200001001358032, "ADT22": 5930, "AWDT22": 6504, "Shape_Length": 2109.213376689821, "ADT23": 3588, "AWDT23": 3860, "RT1_NB": 0, "RT1_SB": 0, "RT2_NB": 0, "RT2_SB": 0, "RT5_EB": 0, "RT5_WB": 0, "RT8_EB": 0, "RT8_WB": 0, "RT10_NB": 0, "RT10_SB": 0, "RT11_EB": 0, "RT11_WB": 0, "RT16_EB": 0, "RT16_WB": 0, "RT31_NB": 0, "RT31_SB": 0, "RT36": 0, "RT50_NB": 0, "RT50_SB": 0, "RT51_NB": 0, "RT51_SB": 0, "RT53_NB": 0, "RT53_SB": 0, "RT54_EB": 0, "RT54_WB": 0, "RT66_EB": 0, "RT66_WB": 0, "RT97_EB": 0, "RT97_WB": 0, "RT140_NB": 0, "RT140_SB": 7, "RT141_NB": 0, "RT141_SB": 0, "RT155_NB": 0, "RT155_SB": 0, "RT157_NB": 0, "RT157_SB": 0, "RT198_NB": 0, "RT198_SB": 0, "RT766_EB": 0, "RT766_WB": 0, "RT777_EB": 0, "RT777_WB": 0, "AWDT23*1.2": 4632, "Total_Users": 4639, "TransitUsersTTL": 7, "TrnstModeShare": 0.15 }, "geometry": { "type": "MultiLineString", "coordinates": [ [ [ -106.586429934001046, 35.18738382859938 ], [ -106.586425636860156, 35.188750909060353 ], [ -106.586431848491813, 35.188878752988131 ], [ -106.586443724765658, 35.189123200493583 ], [ -106.586435106999303, 35.190293413564234 ], [ -106.586432663045969, 35.191561485791695 ], [ -106.586435234243041, 35.192971521463022 ], [ -106.586435611911369, 35.193178733431253 ] ] ] } },
{ "type": "Feature", "properties": { "fid": 792, "OBJECTID": 792, "COGID": 20775, "RTE": "SAN MATEO (NORTH)", "LOCAT": "NORTH OF SAN DIEGO - SOUTH OF BALBOA", "LENGTH": 2122.25, "MILES": 0.40200001001358032, "ADT22": 5705, "AWDT22": 6257, "Shape_Length": 2111.3946613641874, "ADT23": 2993, "AWDT23": 3220, "RT1_NB": 0, "RT1_SB": 0, "RT2_NB": 0, "RT2_SB": 0, "RT5_EB": 0, "RT5_WB": 0, "RT8_EB": 0, "RT8_WB": 0, "RT10_NB": 0, "RT10_SB": 0, "RT11_EB": 0, "RT11_WB": 0, "RT16_EB": 0, "RT16_WB": 0, "RT31_NB": 0, "RT31_SB": 0, "RT36": 0, "RT50_NB": 0, "RT50_SB": 0, "RT51_NB": 0, "RT51_SB": 0, "RT53_NB": 0, "RT53_SB": 0, "RT54_EB": 0, "RT54_WB": 0, "RT66_EB": 0, "RT66_WB": 0, "RT97_EB": 0, "RT97_WB": 0, "RT140_NB": 13, "RT140_SB": 0, "RT141_NB": 0, "RT141_SB": 0, "RT155_NB": 0, "RT155_SB": 0, "RT157_NB": 0, "RT157_SB": 0, "RT198_NB": 0, "RT198_SB": 0, "RT766_EB": 0, "RT766_WB": 0, "RT777_EB": 0, "RT777_WB": 0, "AWDT23*1.2": 3864, "Total_Users": 3877, "TransitUsersTTL": 13, "TrnstModeShare": 0.34 }, "geometry": { "type": "MultiLineString", "coordinates": [ [ [ -106.586435611911369, 35.193178733431253 ], [ -106.586433947086178, 35.194599222768076 ], [ -106.586432223289293, 35.196069829248607 ], [ -106.586430482969746, 35.197553169144818 ], [ -106.586428810496926, 35.198979948619481 ] ] ] } },
{ "type": "Feature", "properties": { "fid": 793, "OBJECTID": 793, "COGID": 20776, "RTE": "4TH STREET", "LOCAT": " NORTH OF RANCHITOS ROAD - SOUTH OF EL PUEBLO", "LENGTH": 2449.199, "MILES": 0.46399998664855957, "ADT22": 8148, "AWDT22": 8715, "Shape_Length": 2434.2204915977572, "ADT23": 9135, "AWDT23": 9771, "RT1_NB": 0, "RT1_SB": 0, "RT2_NB": 0, "RT2_SB": 0, "RT5_EB": 0, "RT5_WB": 0, "RT8_EB": 0, "RT8_WB": 0, "RT10_NB": 35, "RT10_SB": 39, "RT11_EB": 0, "RT11_WB": 0, "RT16_EB": 0, "RT16_WB": 0, "RT31_NB": 0, "RT31_SB": 0, "RT36": 0, "RT50_NB": 0, "RT50_SB": 0, "RT51_NB": 0, "RT51_SB": 0, "RT53_NB": 0, "RT53_SB": 0, "RT54_EB": 0, "RT54_WB": 0, "RT66_EB": 0, "RT66_WB": 0, "RT97_EB": 0, "RT97_WB": 0, "RT140_NB": 0, "RT140_SB": 0, "RT141_NB": 0, "RT141_SB": 0, "RT155_NB": 0, "RT155_SB": 0, "RT157_NB": 0, "RT157_SB": 0, "RT198_NB": 0, "RT198_SB": 0, "RT766_EB": 0, "RT766_WB": 0, "RT777_EB": 0, "RT777_WB": 0, "AWDT23*1.2": 11725, "Total_Users": 11799, "TransitUsersTTL": 74, "TrnstModeShare": 0.63 }, "geometry": { "type": "MultiLineString", "coordinates": [ [ [ -106.634675245709332, 35.172467161332769 ], [ -106.634596274007393, 35.172576362056404 ], [ -106.6344798809927, 35.17271355406465 ], [ -106.634279796443806, 35.172912094031055 ], [ -106.63315459426066, 35.173949584081861 ], [ -106.633121717064668, 35.173980107193977 ], [ -106.631886602453477, 35.175126778333997 ], [ -106.631878275796922, 35.175134450605491 ], [ -106.631304034282778, 35.175663524911528 ], [ -106.631217556938466, 35.175743198702605 ], [ -106.63056771003491, 35.176343584204609 ], [ -106.629316363615033, 35.177499654898249 ] ] ] } },
{ "type": "Feature", "properties": { "fid": 794, "OBJECTID": 794, "COGID": 20777, "RTE": "JEFFERSON", "LOCAT": "NORTH OF ALAMEDA - SOUTH WEST OF SAN DIEGO", "LENGTH": 3307.352, "MILES": 0.62599998712539673, "ADT22": 4324, "AWDT22": 4834, "Shape_Length": 3246.8655284756687, "ADT23": 3602, "AWDT23": 3875, "RT1_NB": 0, "RT1_SB": 0, "RT2_NB": 0, "RT2_SB": 0, "RT5_EB": 0, "RT5_WB": 0, "RT8_EB": 0, "RT8_WB": 0, "RT10_NB": 0, "RT10_SB": 0, "RT11_EB": 0, "RT11_WB": 0, "RT16_EB": 0, "RT16_WB": 0, "RT31_NB": 0, "RT31_SB": 0, "RT36": 0, "RT50_NB": 0, "RT50_SB": 0, "RT51_NB": 0, "RT51_SB": 0, "RT53_NB": 0, "RT53_SB": 0, "RT54_EB": 0, "RT54_WB": 0, "RT66_EB": 0, "RT66_WB": 0, "RT97_EB": 0, "RT97_WB": 0, "RT140_NB": 56, "RT140_SB": 11, "RT141_NB": 0, "RT141_SB": 0, "RT155_NB": 0, "RT155_SB": 0, "RT157_NB": 0, "RT157_SB": 0, "RT198_NB": 0, "RT198_SB": 0, "RT766_EB": 0, "RT766_WB": 0, "RT777_EB": 0, "RT777_WB": 0, "AWDT23*1.2": 4650, "Total_Users": 4717, "TransitUsersTTL": 67, "TrnstModeShare": 1.42 }, "geometry": { "type": "MultiLineString", "coordinates": [ [ [ -106.591677673010238, 35.184547724377751 ], [ -106.591674785318702, 35.185423148561561 ], [ -106.591672273449902, 35.186184526722883 ], [ -106.591667989159902, 35.187483097893747 ], [ -106.591675534504319, 35.187672651293411 ], [ -106.591676557288551, 35.18767801738597 ], [ -106.591700055218539, 35.187801224844797 ], [ -106.591738708291757, 35.187959257240593 ], [ -106.591806467334166, 35.188161268971825 ], [ -106.591968536677385, 35.188514768235272 ], [ -106.592146651091312, 35.188874515783795 ], [ -106.592380139316788, 35.189255180377231 ], [ -106.592619634830825, 35.189577186125149 ], [ -106.592829325617672, 35.189821194832319 ], [ -106.593111183372159, 35.19011793668345 ], [ -106.593446487515948, 35.190370445897742 ], [ -106.593372549265112, 35.190671940157458 ], [ -106.593331173493326, 35.190818947965965 ], [ -106.593260631147231, 35.19099363149823 ], [ -106.592558821555699, 35.192734958934963 ], [ -106.592482083689944, 35.192925353553171 ] ] ] } },
{ "type": "Feature", "properties": { "fid": 809, "OBJECTID": 809, "COGID": 20820, "RTE": "WYOMING", "LOCAT": " NORTH OF SAN FRANCISCO - SOUTH OF PASEO DEL NORTE", "LENGTH": 2643.738, "MILES": 0.50099998712539673, "ADT22": 28055, "AWDT22": 30321, "Shape_Length": 2627.8484098791751, "ADT23": 30110, "AWDT23": 32159, "RT1_NB": 0, "RT1_SB": 0, "RT2_NB": 0, "RT2_SB": 0, "RT5_EB": 0, "RT5_WB": 0, "RT8_EB": 0, "RT8_WB": 0, "RT10_NB": 0, "RT10_SB": 0, "RT11_EB": 0, "RT11_WB": 0, "RT16_EB": 0, "RT16_WB": 0, "RT31_NB": 34, "RT31_SB": 34, "RT36": 0, "RT50_NB": 0, "RT50_SB": 0, "RT51_NB": 0, "RT51_SB": 0, "RT53_NB": 0, "RT53_SB": 0, "RT54_EB": 0, "RT54_WB": 0, "RT66_EB": 0, "RT66_WB": 0, "RT97_EB": 0, "RT97_WB": 0, "RT140_NB": 0, "RT140_SB": 0, "RT141_NB": 0, "RT141_SB": 0, "RT155_NB": 0, "RT155_SB": 0, "RT157_NB": 0, "RT157_SB": 0, "RT198_NB": 0, "RT198_SB": 0, "RT766_EB": 0, "RT766_WB": 0, "RT777_EB": 0, "RT777_WB": 0, "AWDT23*1.2": 38591, "Total_Users": 38659, "TransitUsersTTL": 68, "TrnstModeShare": 0.18 }, "geometry": { "type": "MultiLineString", "coordinates": [ [ [ -106.559913398194979, 35.167029667701492 ], [ -106.559911707882449, 35.167777990608464 ], [ -106.559906498576339, 35.170082805082856 ], [ -106.559905420647254, 35.170559658975719 ], [ -106.559904271202115, 35.171068584576709 ], [ -106.559900294661858, 35.172827922256246 ], [ -106.559897081225699, 35.17424991220124 ] ] ] } },
{ "type": "Feature", "properties": { "fid": 823, "OBJECTID": 823, "COGID": 20872, "RTE": "4TH STREET", "LOCAT": "NORTH OF PUEBLO SOLANO - SOUTH OF LOS RANCHOS RD.", "LENGTH": 2726.428, "MILES": 0.51599997282028198, "ADT22": 9325, "AWDT22": 9881, "Shape_Length": 2695.1817967710999, "ADT23": 9488, "AWDT23": 10208, "RT1_NB": 0, "RT1_SB": 0, "RT2_NB": 0, "RT2_SB": 0, "RT5_EB": 0, "RT5_WB": 0, "RT8_EB": 0, "RT8_WB": 0, "RT10_NB": 40, "RT10_SB": 46, "RT11_EB": 0, "RT11_WB": 0, "RT16_EB": 0, "RT16_WB": 0, "RT31_NB": 0, "RT31_SB": 0, "RT36": 0, "RT50_NB": 0, "RT50_SB": 0, "RT51_NB": 0, "RT51_SB": 0, "RT53_NB": 0, "RT53_SB": 0, "RT54_EB": 0, "RT54_WB": 0, "RT66_EB": 0, "RT66_WB": 0, "RT97_EB": 0, "RT97_WB": 0, "RT140_NB": 0, "RT140_SB": 0, "RT141_NB": 0, "RT141_SB": 0, "RT155_NB": 0, "RT155_SB": 0, "RT157_NB": 0, "RT157_SB": 0, "RT198_NB": 0, "RT198_SB": 0, "RT766_EB": 0, "RT766_WB": 0, "RT777_EB": 0, "RT777_WB": 0, "AWDT23*1.2": 12250, "Total_Users": 12336, "TransitUsersTTL": 86, "TrnstModeShare": 0.7 }, "geometry": { "type": "MultiLineString", "coordinates": [ [ [ -106.636576027526758, 35.163062817403173 ], [ -106.636419097175676, 35.163874202370096 ], [ -106.636361610044759, 35.164181687376278 ], [ -106.636211552033899, 35.164984304229947 ], [ -106.636196239229065, 35.165063167029103 ], [ -106.636184133866564, 35.165125514196497 ], [ -106.636176552092039, 35.165165294664767 ], [ -106.636091691031893, 35.165610552993869 ], [ -106.635999739427646, 35.16609871902525 ], [ -106.63591055628109, 35.166568501141143 ], [ -106.635823245712956, 35.167019391087322 ], [ -106.635725284044909, 35.167540118896731 ], [ -106.635625048341637, 35.168051691572259 ], [ -106.635566994868014, 35.168359727691424 ], [ -106.635495154835681, 35.168741716835115 ], [ -106.635399976560649, 35.169241301094203 ], [ -106.635390631433722, 35.169291183243431 ], [ -106.635186726961223, 35.170379618244517 ] ] ] } },
{ "type": "Feature", "properties": { "fid": 824, "OBJECTID": 824, "COGID": 20873, "RTE": "4TH STREET", "LOCAT": "NORTH OF LOS RANCHOS RD. - SOUTH OF RANCHITOS RD.", "LENGTH": 749.437, "MILES": 0.14200000464916229, "ADT22": 7626, "AWDT22": 8157, "Shape_Length": 777.93234472612198, "ADT23": 8550, "AWDT23": 9145, "RT1_NB": 0, "RT1_SB": 0, "RT2_NB": 0, "RT2_SB": 0, "RT5_EB": 0, "RT5_WB": 0, "RT8_EB": 0, "RT8_WB": 0, "RT10_NB": 40, "RT10_SB": 44, "RT11_EB": 0, "RT11_WB": 0, "RT16_EB": 0, "RT16_WB": 0, "RT31_NB": 0, "RT31_SB": 0, "RT36": 0, "RT50_NB": 0, "RT50_SB": 0, "RT51_NB": 0, "RT51_SB": 0, "RT53_NB": 0, "RT53_SB": 0, "RT54_EB": 0, "RT54_WB": 0, "RT66_EB": 0, "RT66_WB": 0, "RT97_EB": 0, "RT97_WB": 0, "RT140_NB": 0, "RT140_SB": 0, "RT141_NB": 0, "RT141_SB": 0, "RT155_NB": 0, "RT155_SB": 0, "RT157_NB": 0, "RT157_SB": 0, "RT198_NB": 0, "RT198_SB": 0, "RT766_EB": 0, "RT766_WB": 0, "RT777_EB": 0, "RT777_WB": 0, "AWDT23*1.2": 10974, "Total_Users": 11058, "TransitUsersTTL": 84, "TrnstModeShare": 0.76 }, "geometry": { "type": "MultiLineString", "coordinates": [ [ [ -106.635186726961223, 35.170379618244517 ], [ -106.635105098472067, 35.170791614694032 ], [ -106.635006393195226, 35.171313911598482 ], [ -106.635000089642631, 35.1713488805079 ], [ -106.634953123174924, 35.171609444405448 ], [ -106.634900291098006, 35.171873123362651 ], [ -106.634865214094248, 35.172037808210774 ], [ -106.634808097055867, 35.172210246945049 ], [ -106.634731712852727, 35.172378295527984 ], [ -106.634675245709332, 35.172467161332769 ] ] ] } },
{ "type": "Feature", "properties": { "fid": 835, "OBJECTID": 835, "COGID": 20908, "RTE": "JEFFERSON", "LOCAT": "NORTH OF SAN ANTONIO - SOUTH OF HAWKINS", "LENGTH": 662.027, "MILES": 0.125, "ADT22": 20395, "AWDT22": 21611, "Shape_Length": 662.36197170758817, "ADT23": 19531, "AWDT23": 21012, "RT1_NB": 0, "RT1_SB": 0, "RT2_NB": 0, "RT2_SB": 0, "RT5_EB": 0, "RT5_WB": 0, "RT8_EB": 0, "RT8_WB": 0, "RT10_NB": 0, "RT10_SB": 0, "RT11_EB": 0, "RT11_WB": 0, "RT16_EB": 0, "RT16_WB": 0, "RT31_NB": 0, "RT31_SB": 0, "RT36": 0, "RT50_NB": 0, "RT50_SB": 0, "RT51_NB": 0, "RT51_SB": 0, "RT53_NB": 0, "RT53_SB": 0, "RT54_EB": 0, "RT54_WB": 0, "RT66_EB": 0, "RT66_WB": 0, "RT97_EB": 0, "RT97_WB": 0, "RT140_NB": 89, "RT140_SB": 27, "RT141_NB": 0, "RT141_SB": 0, "RT155_NB": 0, "RT155_SB": 0, "RT157_NB": 0, "RT157_SB": 0, "RT198_NB": 0, "RT198_SB": 0, "RT766_EB": 0, "RT766_WB": 0, "RT777_EB": 0, "RT777_WB": 0, "AWDT23*1.2": 25214, "Total_Users": 25330, "TransitUsersTTL": 116, "TrnstModeShare": 0.46 }, "geometry": { "type": "MultiLineString", "coordinates": [ [ [ -106.593269660184305, 35.160948836176992 ], [ -106.593301400548057, 35.162768548960983 ] ] ] } },
{ "type": "Feature", "properties": { "fid": 837, "OBJECTID": 837, "COGID": 20910, "RTE": "JEFFERSON", "LOCAT": "NORTH OF SAN FRANCISCO - SOUTHEAST OF HEADLINE", "LENGTH": 1381.343, "MILES": 0.26199999451637268, "ADT22": 14265, "AWDT22": 15116, "Shape_Length": 1407.0152192457333, "ADT23": 13661, "AWDT23": 14697, "RT1_NB": 0, "RT1_SB": 0, "RT2_NB": 0, "RT2_SB": 0, "RT5_EB": 0, "RT5_WB": 0, "RT8_EB": 0, "RT8_WB": 0, "RT10_NB": 0, "RT10_SB": 0, "RT11_EB": 0, "RT11_WB": 0, "RT16_EB": 0, "RT16_WB": 0, "RT31_NB": 0, "RT31_SB": 0, "RT36": 0, "RT50_NB": 0, "RT50_SB": 0, "RT51_NB": 0, "RT51_SB": 0, "RT53_NB": 0, "RT53_SB": 0, "RT54_EB": 0, "RT54_WB": 0, "RT66_EB": 0, "RT66_WB": 0, "RT97_EB": 0, "RT97_WB": 0, "RT140_NB": 33, "RT140_SB": 23, "RT141_NB": 0, "RT141_SB": 0, "RT155_NB": 0, "RT155_SB": 0, "RT157_NB": 0, "RT157_SB": 0, "RT198_NB": 0, "RT198_SB": 0, "RT766_EB": 0, "RT766_WB": 0, "RT777_EB": 0, "RT777_WB": 0, "AWDT23*1.2": 17636, "Total_Users": 17692, "TransitUsersTTL": 56, "TrnstModeShare": 0.32 }, "geometry": { "type": "MultiLineString", "coordinates": [ [ [ -106.589350197385201, 35.167754219364049 ], [ -106.589241634170591, 35.16786328616525 ], [ -106.589180616921141, 35.16793485042497 ], [ -106.589126122000323, 35.168007857634265 ], [ -106.589043577054071, 35.168137889297803 ], [ -106.588983550655186, 35.16825334736118 ], [ -106.588877605553321, 35.168492057470715 ], [ -106.588819779796594, 35.16862684975434 ], [ -106.588791415040689, 35.1687020165947 ], [ -106.588775441315804, 35.168773280683517 ], [ -106.588750921163509, 35.168914675702567 ], [ -106.588740297031265, 35.169019053760152 ], [ -106.588729343324133, 35.16931900892245 ], [ -106.588755454117504, 35.169598694245188 ], [ -106.588819663705223, 35.169860178329252 ], [ -106.588836579041839, 35.169921380459932 ], [ -106.588859428247034, 35.170004059093053 ], [ -106.588932050891501, 35.170161271297196 ], [ -106.58897794348151, 35.17025244012197 ], [ -106.589046701234466, 35.170367882990057 ], [ -106.589167231505456, 35.170552150264903 ], [ -106.589291466764948, 35.170707178653345 ], [ -106.589389119440369, 35.170805839350123 ], [ -106.589745511315016, 35.171100784887813 ], [ -106.589891222491374, 35.17120184793481 ] ] ] } },
{ "type": "Feature", "properties": { "fid": 840, "OBJECTID": 840, "COGID": 20916, "RTE": "SAN ANTONIO", "LOCAT": " EAST OF JEFFERSON - WEST OF PAN AM. WEST", "LENGTH": 1490.596, "MILES": 0.28200000524520874, "ADT22": 13709, "AWDT22": 15122, "Shape_Length": 1527.839740343522, "ADT23": 13666, "AWDT23": 14703, "RT1_NB": 0, "RT1_SB": 0, "RT2_NB": 0, "RT2_SB": 0, "RT5_EB": 0, "RT5_WB": 0, "RT8_EB": 0, "RT8_WB": 0, "RT10_NB": 0, "RT10_SB": 0, "RT11_EB": 0, "RT11_WB": 0, "RT16_EB": 0, "RT16_WB": 0, "RT31_NB": 0, "RT31_SB": 0, "RT36": 0, "RT50_NB": 0, "RT50_SB": 0, "RT51_NB": 0, "RT51_SB": 0, "RT53_NB": 0, "RT53_SB": 0, "RT54_EB": 0, "RT54_WB": 0, "RT66_EB": 0, "RT66_WB": 0, "RT97_EB": 0, "RT97_WB": 0, "RT140_NB": 0, "RT140_SB": 0, "RT141_NB": 0, "RT141_SB": 33, "RT155_NB": 0, "RT155_SB": 0, "RT157_NB": 0, "RT157_SB": 0, "RT198_NB": 0, "RT198_SB": 0, "RT766_EB": 0, "RT766_WB": 0, "RT777_EB": 0, "RT777_WB": 0, "AWDT23*1.2": 17644, "Total_Users": 17677, "TransitUsersTTL": 33, "TrnstModeShare": 0.19 }, "geometry": { "type": "MultiLineString", "coordinates": [ [ [ -106.593269660184305, 35.160948836176992 ], [ -106.593119583070646, 35.160947789252418 ], [ -106.591512211283131, 35.160936561041055 ], [ -106.590926438806093, 35.160897964968775 ], [ -106.590506824590435, 35.160836366674765 ], [ -106.589654803270093, 35.160711286917568 ], [ -106.589171250055102, 35.160623857461431 ], [ -106.588210831742202, 35.160465210892077 ] ] ] } },
{ "type": "Feature", "properties": { "fid": 843, "OBJECTID": 843, "COGID": 20939, "RTE": "COORS", "LOCAT": "NORTH OD PDN SOUTH RAMPS - SOUTH OF PDN RAMPS", "LENGTH": 535.366, "MILES": 0.10100000351667404, "ADT22": 26395, "AWDT22": 28577, "Shape_Length": 540.68856323356977, "ADT23": 26028, "AWDT23": 28180, "RT1_NB": 0, "RT1_SB": 0, "RT2_NB": 0, "RT2_SB": 0, "RT5_EB": 0, "RT5_WB": 0, "RT8_EB": 0, "RT8_WB": 0, "RT10_NB": 0, "RT10_SB": 0, "RT11_EB": 0, "RT11_WB": 0, "RT16_EB": 0, "RT16_WB": 0, "RT31_NB": 0, "RT31_SB": 0, "RT36": 0, "RT50_NB": 0, "RT50_SB": 0, "RT51_NB": 0, "RT51_SB": 0, "RT53_NB": 0, "RT53_SB": 0, "RT54_EB": 0, "RT54_WB": 0, "RT66_EB": 0, "RT66_WB": 0, "RT97_EB": 0, "RT97_WB": 0, "RT140_NB": 0, "RT140_SB": 0, "RT141_NB": 0, "RT141_SB": 0, "RT155_NB": 110, "RT155_SB": 102, "RT157_NB": 0, "RT157_SB": 0, "RT198_NB": 0, "RT198_SB": 0, "RT766_EB": 0, "RT766_WB": 0, "RT777_EB": 0, "RT777_WB": 0, "AWDT23*1.2": 33816, "Total_Users": 34028, "TransitUsersTTL": 212, "TrnstModeShare": 0.62 }, "geometry": { "type": "MultiLineString", "coordinates": [ [ [ -106.669296176968928, 35.179796093607614 ], [ -106.668115610617036, 35.180921905953781 ] ] ] } },
{ "type": "Feature", "properties": { "fid": 844, "OBJECTID": 844, "COGID": 20940, "RTE": "COORS", "LOCAT": "NORTH OF LA ORILLA - SOUTH OF EAGLE RANCH RD.", "LENGTH": 5537.614, "MILES": 1.0490000247955322, "ADT22": 39270, "AWDT22": 42441, "Shape_Length": 5537.9903368304394, "ADT23": 39186, "AWDT23": 41852, "RT1_NB": 0, "RT1_SB": 0, "RT2_NB": 0, "RT2_SB": 0, "RT5_EB": 0, "RT5_WB": 0, "RT8_EB": 0, "RT8_WB": 0, "RT10_NB": 0, "RT10_SB": 0, "RT11_EB": 0, "RT11_WB": 0, "RT16_EB": 0, "RT16_WB": 0, "RT31_NB": 0, "RT31_SB": 0, "RT36": 0, "RT50_NB": 0, "RT50_SB": 0, "RT51_NB": 0, "RT51_SB": 0, "RT53_NB": 0, "RT53_SB": 0, "RT54_EB": 0, "RT54_WB": 0, "RT66_EB": 0, "RT66_WB": 0, "RT97_EB": 0, "RT97_WB": 0, "RT140_NB": 0, "RT140_SB": 0, "RT141_NB": 0, "RT141_SB": 0, "RT155_NB": 112, "RT155_SB": 104, "RT157_NB": 0, "RT157_SB": 0, "RT198_NB": 0, "RT198_SB": 0, "RT766_EB": 0, "RT766_WB": 0, "RT777_EB": 0, "RT777_WB": 0, "AWDT23*1.2": 50222, "Total_Users": 50438, "TransitUsersTTL": 216, "TrnstModeShare": 0.43 }, "geometry": { "type": "MultiLineString", "coordinates": [ [ [ -106.679209319394559, 35.159969748049321 ], [ -106.679103635620947, 35.160135926292625 ], [ -106.67838398824324, 35.161267484781391 ], [ -106.678081260156929, 35.161782513236226 ], [ -106.677780125322727, 35.162319741374262 ], [ -106.677485481993983, 35.162901497735071 ], [ -106.677478033029146, 35.162916203081942 ], [ -106.677307693549423, 35.163305539546805 ], [ -106.676870371628084, 35.164374179745501 ], [ -106.676561861405872, 35.165443731310916 ], [ -106.675953738482519, 35.167378576337725 ], [ -106.675953032389046, 35.167380848646964 ], [ -106.675434170094078, 35.1690144372281 ], [ -106.675186407107404, 35.169833784839987 ], [ -106.67517886441361, 35.169858731620074 ], [ -106.674638638576354, 35.171584621120893 ], [ -106.674389264379116, 35.172389288010393 ], [ -106.674110073258504, 35.17329014763272 ], [ -106.673934138631921, 35.173842636403158 ], [ -106.673765685882401, 35.174286391434379 ], [ -106.673754136900584, 35.174311463904559 ], [ -106.673694196715275, 35.17444158991001 ] ] ] } },
{ "type": "Feature", "properties": { "fid": 845, "OBJECTID": 845, "COGID": 20941, "RTE": "COORS", "LOCAT": " NORTH OF S.I.P.I. ENTRANCE - SOUTH OF P.D.N. S. RAMPS", "LENGTH": 640.35, "MILES": 0.12099999934434891, "ADT22": 38995, "AWDT22": 42144, "Shape_Length": 639.71162390403811, "ADT23": 38911, "AWDT23": 41559, "RT1_NB": 0, "RT1_SB": 0, "RT2_NB": 0, "RT2_SB": 0, "RT5_EB": 0, "RT5_WB": 0, "RT8_EB": 0, "RT8_WB": 0, "RT10_NB": 0, "RT10_SB": 0, "RT11_EB": 0, "RT11_WB": 0, "RT16_EB": 0, "RT16_WB": 0, "RT31_NB": 0, "RT31_SB": 0, "RT36": 0, "RT50_NB": 0, "RT50_SB": 0, "RT51_NB": 0, "RT51_SB": 0, "RT53_NB": 0, "RT53_SB": 0, "RT54_EB": 0, "RT54_WB": 0, "RT66_EB": 0, "RT66_WB": 0, "RT97_EB": 0, "RT97_WB": 0, "RT140_NB": 0, "RT140_SB": 0, "RT141_NB": 0, "RT141_SB": 0, "RT155_NB": 110, "RT155_SB": 102, "RT157_NB": 0, "RT157_SB": 0, "RT198_NB": 0, "RT198_SB": 0, "RT766_EB": 0, "RT766_WB": 0, "RT777_EB": 0, "RT777_WB": 0, "AWDT23*1.2": 49871, "Total_Users": 50083, "TransitUsersTTL": 212, "TrnstModeShare": 0.42 }, "geometry": { "type": "MultiLineString", "coordinates": [ [ [ -106.670668776010515, 35.178448202301645 ], [ -106.670305142324779, 35.178771514486918 ], [ -106.669296176968928, 35.179796093607614 ] ] ] } },
{ "type": "Feature", "properties": { "fid": 851, "OBJECTID": 851, "COGID": 20955, "RTE": "COORS", "LOCAT": "NORTH OF EAGLE RANCH RD. - SOUTH OF S.I.P.I. ENTRANCE", "LENGTH": 1714.917, "MILES": 0.32499998807907104, "ADT22": 36434, "AWDT22": 39376, "Shape_Length": 1728.618785945727, "ADT23": 36355, "AWDT23": 38829, "RT1_NB": 0, "RT1_SB": 0, "RT2_NB": 0, "RT2_SB": 0, "RT5_EB": 0, "RT5_WB": 0, "RT8_EB": 0, "RT8_WB": 0, "RT10_NB": 0, "RT10_SB": 0, "RT11_EB": 0, "RT11_WB": 0, "RT16_EB": 0, "RT16_WB": 0, "RT31_NB": 0, "RT31_SB": 0, "RT36": 0, "RT50_NB": 0, "RT50_SB": 0, "RT51_NB": 0, "RT51_SB": 0, "RT53_NB": 0, "RT53_SB": 0, "RT54_EB": 0, "RT54_WB": 0, "RT66_EB": 0, "RT66_WB": 0, "RT97_EB": 0, "RT97_WB": 0, "RT140_NB": 0, "RT140_SB": 0, "RT141_NB": 0, "RT141_SB": 0, "RT155_NB": 110, "RT155_SB": 102, "RT157_NB": 0, "RT157_SB": 0, "RT198_NB": 0, "RT198_SB": 0, "RT766_EB": 0, "RT766_WB": 0, "RT777_EB": 0, "RT777_WB": 0, "AWDT23*1.2": 46595, "Total_Users": 46807, "TransitUsersTTL": 212, "TrnstModeShare": 0.45 }, "geometry": { "type": "MultiLineString", "coordinates": [ [ [ -106.673694196715275, 35.17444158991001 ], [ -106.673471118121739, 35.174911003919469 ], [ -106.673268772030241, 35.175323535449195 ], [ -106.672728379244433, 35.176194664979491 ], [ -106.672159607323124, 35.176941544635518 ], [ -106.671546650751324, 35.177614440112109 ], [ -106.670668776010515, 35.178448202301645 ] ] ] } },
{ "type": "Feature", "properties": { "fid": 856, "OBJECTID": 856, "COGID": 20968, "RTE": "GOLF COURSE ROAD", "LOCAT": " NORTH OF LA ORILLA - SOUTH OF CALLE NORTENA", "LENGTH": 6717.96, "MILES": 1.2719999551773071, "ADT22": 15253, "AWDT22": 16162, "Shape_Length": 6635.4819067902481, "ADT23": 14814, "AWDT23": 15938, "RT1_NB": 0, "RT1_SB": 0, "RT2_NB": 0, "RT2_SB": 0, "RT5_EB": 0, "RT5_WB": 0, "RT8_EB": 0, "RT8_WB": 0, "RT10_NB": 0, "RT10_SB": 0, "RT11_EB": 0, "RT11_WB": 0, "RT16_EB": 0, "RT16_WB": 0, "RT31_NB": 0, "RT31_SB": 0, "RT36": 0, "RT50_NB": 0, "RT50_SB": 0, "RT51_NB": 0, "RT51_SB": 0, "RT53_NB": 0, "RT53_SB": 0, "RT54_EB": 0, "RT54_WB": 0, "RT66_EB": 0, "RT66_WB": 0, "RT97_EB": 0, "RT97_WB": 0, "RT140_NB": 0, "RT140_SB": 0, "RT141_NB": 0, "RT141_SB": 0, "RT155_NB": 0, "RT155_SB": 0, "RT157_NB": 100, "RT157_SB": 85, "RT198_NB": 0, "RT198_SB": 0, "RT766_EB": 0, "RT766_WB": 0, "RT777_EB": 0, "RT777_WB": 0, "AWDT23*1.2": 19126, "Total_Users": 19311, "TransitUsersTTL": 185, "TrnstModeShare": 0.96 }, "geometry": { "type": "MultiLineString", "coordinates": [ [ [ -106.692340153494555, 35.15908447962255 ], [ -106.690036229708554, 35.161460299815019 ], [ -106.68919630461366, 35.162368335320039 ], [ -106.68749019893545, 35.16421265078187 ], [ -106.686938233534121, 35.165092500433694 ], [ -106.68678575175683, 35.165751098858003 ], [ -106.686984401779483, 35.166998819074522 ], [ -106.68701627431517, 35.167249767709642 ], [ -106.6871976135632, 35.168387645271018 ], [ -106.687229463368965, 35.169571745130376 ], [ -106.68693549561533, 35.1707577045958 ], [ -106.68692931912463, 35.170782297404699 ], [ -106.686815089547295, 35.171237251098383 ], [ -106.686498349621516, 35.172370622056604 ], [ -106.6865377721398, 35.173506043408466 ], [ -106.686763715903609, 35.174145073830367 ], [ -106.687297714372534, 35.174875265984653 ], [ -106.687620280739992, 35.175544073644261 ] ] ] } },
{ "type": "Feature", "properties": { "fid": 859, "OBJECTID": 859, "COGID": 20976, "RTE": "PAN AM. WEST", "LOCAT": " NORTH OF SAN ANTONIO INTCH ON RAMP - SOUTH OF SAN ANTONIO", "LENGTH": 524.163, "MILES": 0.098999999463558197, "ADT22": 12859, "AWDT22": 14184, "Shape_Length": 360.63556171980014, "ADT23": 12819, "AWDT23": 13791, "RT1_NB": 0, "RT1_SB": 0, "RT2_NB": 0, "RT2_SB": 0, "RT5_EB": 0, "RT5_WB": 0, "RT8_EB": 0, "RT8_WB": 0, "RT10_NB": 0, "RT10_SB": 0, "RT11_EB": 0, "RT11_WB": 0, "RT16_EB": 0, "RT16_WB": 0, "RT31_NB": 0, "RT31_SB": 0, "RT36": 0, "RT50_NB": 0, "RT50_SB": 0, "RT51_NB": 0, "RT51_SB": 0, "RT53_NB": 0, "RT53_SB": 0, "RT54_EB": 0, "RT54_WB": 0, "RT66_EB": 0, "RT66_WB": 0, "RT97_EB": 0, "RT97_WB": 0, "RT140_NB": 0, "RT140_SB": 0, "RT141_NB": 0, "RT141_SB": 33, "RT155_NB": 0, "RT155_SB": 0, "RT157_NB": 0, "RT157_SB": 0, "RT198_NB": 0, "RT198_SB": 0, "RT766_EB": 0, "RT766_WB": 0, "RT777_EB": 0, "RT777_WB": 0, "AWDT23*1.2": 16549, "Total_Users": 16582, "TransitUsersTTL": 33, "TrnstModeShare": 0.2 }, "geometry": { "type": "MultiLineString", "coordinates": [ [ [ -106.588210831742202, 35.160465210892077 ], [ -106.588241669587873, 35.160324833911645 ], [ -106.588259746896554, 35.16024254376623 ], [ -106.588267648626967, 35.16003005395676 ], [ -106.588243241735825, 35.159697263729498 ], [ -106.588224723958973, 35.159586408005424 ], [ -106.588198690129417, 35.159481829282541 ] ] ] } },
{ "type": "Feature", "properties": { "fid": 861, "OBJECTID": 861, "COGID": 20984, "RTE": "WYOMING", "LOCAT": "NORTH OF SAN ANTONIO - SOUTH OF SAN FRANCISCO (S.)", "LENGTH": 2697.39, "MILES": 0.51099997758865356, "ADT22": 24550, "AWDT22": 26533, "Shape_Length": 2675.801361430511, "ADT23": 26349, "AWDT23": 28142, "RT1_NB": 0, "RT1_SB": 0, "RT2_NB": 0, "RT2_SB": 0, "RT5_EB": 0, "RT5_WB": 0, "RT8_EB": 0, "RT8_WB": 0, "RT10_NB": 0, "RT10_SB": 0, "RT11_EB": 0, "RT11_WB": 0, "RT16_EB": 0, "RT16_WB": 0, "RT31_NB": 40, "RT31_SB": 41, "RT36": 0, "RT50_NB": 0, "RT50_SB": 0, "RT51_NB": 0, "RT51_SB": 0, "RT53_NB": 0, "RT53_SB": 0, "RT54_EB": 0, "RT54_WB": 0, "RT66_EB": 0, "RT66_WB": 0, "RT97_EB": 0, "RT97_WB": 0, "RT140_NB": 0, "RT140_SB": 0, "RT141_NB": 0, "RT141_SB": 0, "RT155_NB": 0, "RT155_SB": 0, "RT157_NB": 0, "RT157_SB": 0, "RT198_NB": 0, "RT198_SB": 0, "RT766_EB": 0, "RT766_WB": 0, "RT777_EB": 0, "RT777_WB": 0, "AWDT23*1.2": 33770, "Total_Users": 33851, "TransitUsersTTL": 81, "TrnstModeShare": 0.24 }, "geometry": { "type": "MultiLineString", "coordinates": [ [ [ -106.559871792894612, 35.158932112943909 ], [ -106.559876230723603, 35.159738776241092 ], [ -106.559935670005302, 35.162411480269448 ], [ -106.559935643363218, 35.162421240282029 ], [ -106.559933982763766, 35.163022016991846 ], [ -106.559929281306964, 35.164723747534609 ], [ -106.559928511176878, 35.165002230976938 ], [ -106.559921353459671, 35.1662836607114 ] ] ] } },
{ "type": "Feature", "properties": { "fid": 870, "OBJECTID": 870, "COGID": 20998, "RTE": "EAGLE ROCK AVE.", "LOCAT": "EAST OF SAN MATEO -WEST OF PAN AMERICAN WEST", "LENGTH": 1585.533, "MILES": 0.30000001192092896, "ADT22": 528, "AWDT22": 591, "Shape_Length": 1543.7373500571725, "ADT23": 513, "AWDT23": 575, "RT1_NB": 0, "RT1_SB": 0, "RT2_NB": 0, "RT2_SB": 0, "RT5_EB": 0, "RT5_WB": 0, "RT8_EB": 0, "RT8_WB": 0, "RT10_NB": 0, "RT10_SB": 0, "RT11_EB": 0, "RT11_WB": 0, "RT16_EB": 0, "RT16_WB": 0, "RT31_NB": 0, "RT31_SB": 0, "RT36": 0, "RT50_NB": 0, "RT50_SB": 0, "RT51_NB": 0, "RT51_SB": 0, "RT53_NB": 0, "RT53_SB": 0, "RT54_EB": 0, "RT54_WB": 0, "RT66_EB": 0, "RT66_WB": 0, "RT97_EB": 0, "RT97_WB": 0, "RT140_NB": 20, "RT140_SB": 7, "RT141_NB": 0, "RT141_SB": 0, "RT155_NB": 0, "RT155_SB": 0, "RT157_NB": 0, "RT157_SB": 0, "RT198_NB": 0, "RT198_SB": 0, "RT766_EB": 0, "RT766_WB": 0, "RT777_EB": 0, "RT777_WB": 0, "AWDT23*1.2": 690, "Total_Users": 717, "TransitUsersTTL": 27, "TrnstModeShare": 3.77 }, "geometry": { "type": "MultiLineString", "coordinates": [ [ [ -106.586429934001046, 35.18738382859938 ], [ -106.58126334870137, 35.187367796350934 ] ] ] } },
{ "type": "Feature", "properties": { "fid": 877, "OBJECTID": 877, "COGID": 21028, "RTE": "JEFFERSON", "LOCAT": " NORTH OF OSUNA - SOUTH OF SAN ANTONIO", "LENGTH": 1755.963, "MILES": 0.33300000429153442, "ADT22": 20694, "AWDT22": 21928, "Shape_Length": 1752.5184282068392, "ADT23": 19817, "AWDT23": 21320, "RT1_NB": 0, "RT1_SB": 0, "RT2_NB": 0, "RT2_SB": 0, "RT5_EB": 0, "RT5_WB": 0, "RT8_EB": 0, "RT8_WB": 0, "RT10_NB": 0, "RT10_SB": 0, "RT11_EB": 0, "RT11_WB": 0, "RT16_EB": 0, "RT16_WB": 0, "RT31_NB": 0, "RT31_SB": 0, "RT36": 0, "RT50_NB": 0, "RT50_SB": 0, "RT51_NB": 0, "RT51_SB": 0, "RT53_NB": 0, "RT53_SB": 0, "RT54_EB": 0, "RT54_WB": 0, "RT66_EB": 0, "RT66_WB": 0, "RT97_EB": 0, "RT97_WB": 0, "RT140_NB": 89, "RT140_SB": 35, "RT141_NB": 0, "RT141_SB": 21, "RT155_NB": 0, "RT155_SB": 0, "RT157_NB": 0, "RT157_SB": 0, "RT198_NB": 0, "RT198_SB": 0, "RT766_EB": 0, "RT766_WB": 0, "RT777_EB": 0, "RT777_WB": 0, "AWDT23*1.2": 25584, "Total_Users": 25729, "TransitUsersTTL": 145, "TrnstModeShare": 0.56 }, "geometry": { "type": "MultiLineString", "coordinates": [ [ [ -106.593594510531688, 35.156159870347004 ], [ -106.59333576031878, 35.157185126504608 ], [ -106.593289571877079, 35.157378776827045 ], [ -106.593279157889214, 35.157447597379807 ], [ -106.593274427820376, 35.157533483301613 ], [ -106.593285555427727, 35.15787046496137 ], [ -106.593277592135109, 35.159412576897076 ], [ -106.593269660184305, 35.160948836176992 ] ] ] } },
{ "type": "Feature", "properties": { "fid": 879, "OBJECTID": 879, "COGID": 21044, "RTE": "PAN AM. WEST", "LOCAT": " NORTH OF OSUNA - SOUTH OF SAN ANTONIO INTCH. ON RAMP", "LENGTH": 1972.693, "MILES": 0.37400001287460327, "ADT22": 7315, "AWDT22": 8180, "Shape_Length": 2098.3831457883998, "ADT23": 4954, "AWDT23": 5330, "RT1_NB": 0, "RT1_SB": 0, "RT2_NB": 0, "RT2_SB": 0, "RT5_EB": 0, "RT5_WB": 0, "RT8_EB": 0, "RT8_WB": 0, "RT10_NB": 0, "RT10_SB": 0, "RT11_EB": 0, "RT11_WB": 0, "RT16_EB": 0, "RT16_WB": 0, "RT31_NB": 0, "RT31_SB": 0, "RT36": 0, "RT50_NB": 0, "RT50_SB": 0, "RT51_NB": 0, "RT51_SB": 0, "RT53_NB": 0, "RT53_SB": 0, "RT54_EB": 0, "RT54_WB": 0, "RT66_EB": 0, "RT66_WB": 0, "RT97_EB": 0, "RT97_WB": 0, "RT140_NB": 0, "RT140_SB": 0, "RT141_NB": 0, "RT141_SB": 33, "RT155_NB": 0, "RT155_SB": 0, "RT157_NB": 0, "RT157_SB": 0, "RT198_NB": 0, "RT198_SB": 0, "RT766_EB": 0, "RT766_WB": 0, "RT777_EB": 0, "RT777_WB": 0, "AWDT23*1.2": 6396, "Total_Users": 6429, "TransitUsersTTL": 33, "TrnstModeShare": 0.51 }, "geometry": { "type": "MultiLineString", "coordinates": [ [ [ -106.588198690129417, 35.159481829282541 ], [ -106.588158241381393, 35.159261775174713 ], [ -106.58807914042535, 35.159021193940767 ], [ -106.588043171840894, 35.158852890929396 ], [ -106.588026673096905, 35.158726106406654 ], [ -106.588016974331737, 35.158651580387669 ], [ -106.588008513843846, 35.158497207253177 ], [ -106.588016837521963, 35.158296109580093 ], [ -106.588045348503442, 35.158066464513119 ], [ -106.588089580415755, 35.157866142830486 ], [ -106.588225321356248, 35.157412487772554 ], [ -106.588275297223802, 35.157242850475328 ], [ -106.588672331433585, 35.155895176352892 ], [ -106.588770487824988, 35.155537326625719 ], [ -106.58891896726746, 35.155147863888963 ], [ -106.588991951475009, 35.155003570913209 ], [ -106.589192565334997, 35.154672345838996 ], [ -106.589358436977818, 35.154463129187846 ], [ -106.589626876330314, 35.154184215359557 ], [ -106.589801066270951, 35.154050647500796 ] ] ] } },
{ "type": "Feature", "properties": { "fid": 881, "OBJECTID": 881, "COGID": 21052, "RTE": "OSUNA", "LOCAT": " EAST OF JEFFERSON - WEST OF PAN AM. WEST", "LENGTH": 1380.247, "MILES": 0.26100000739097595, "ADT22": 21011, "AWDT22": 22708, "Shape_Length": 1385.2091443264217, "ADT23": 20672, "AWDT23": 22079, "RT1_NB": 0, "RT1_SB": 0, "RT2_NB": 0, "RT2_SB": 0, "RT5_EB": 0, "RT5_WB": 0, "RT8_EB": 0, "RT8_WB": 0, "RT10_NB": 0, "RT10_SB": 0, "RT11_EB": 0, "RT11_WB": 0, "RT16_EB": 0, "RT16_WB": 0, "RT31_NB": 0, "RT31_SB": 0, "RT36": 0, "RT50_NB": 0, "RT50_SB": 0, "RT51_NB": 0, "RT51_SB": 0, "RT53_NB": 0, "RT53_SB": 0, "RT54_EB": 0, "RT54_WB": 0, "RT66_EB": 0, "RT66_WB": 0, "RT97_EB": 0, "RT97_WB": 0, "RT140_NB": 50, "RT140_SB": 35, "RT141_NB": 53, "RT141_SB": 14, "RT155_NB": 0, "RT155_SB": 0, "RT157_NB": 0, "RT157_SB": 0, "RT198_NB": 0, "RT198_SB": 0, "RT766_EB": 0, "RT766_WB": 0, "RT777_EB": 0, "RT777_WB": 0, "AWDT23*1.2": 26495, "Total_Users": 26647, "TransitUsersTTL": 152, "TrnstModeShare": 0.57 }, "geometry": { "type": "MultiLineString", "coordinates": [ [ [ -106.593594510531688, 35.156159870347004 ], [ -106.593514512363313, 35.15614707401371 ], [ -106.593416555732688, 35.156124029523312 ], [ -106.593168516056295, 35.15606136705631 ], [ -106.592894406560575, 35.155978164522708 ], [ -106.592753801939764, 35.155928623222145 ], [ -106.592664047753715, 35.155891573505812 ], [ -106.592459006228282, 35.155797695325916 ], [ -106.592201917428625, 35.155664289413394 ], [ -106.591837580993641, 35.155472269842434 ], [ -106.591620878952654, 35.155344170021586 ], [ -106.591460948397867, 35.155237904183018 ], [ -106.591445478509357, 35.155227624431397 ], [ -106.590716247481922, 35.154702244470514 ], [ -106.589801066270951, 35.154050647500796 ] ] ] } },
{ "type": "Feature", "properties": { "fid": 884, "OBJECTID": 884, "COGID": 21064, "RTE": "4TH STREET", "LOCAT": " NORTH OF OSUNA - SOUTH OF PUEBLO SOLANO", "LENGTH": 3505.323, "MILES": 0.66399997472763062, "ADT22": 11403, "AWDT22": 12083, "Shape_Length": 3518.8544288609246, "ADT23": 12592, "AWDT23": 13547, "RT1_NB": 0, "RT1_SB": 0, "RT2_NB": 0, "RT2_SB": 0, "RT5_EB": 0, "RT5_WB": 0, "RT8_EB": 0, "RT8_WB": 0, "RT10_NB": 49, "RT10_SB": 59, "RT11_EB": 0, "RT11_WB": 0, "RT16_EB": 0, "RT16_WB": 0, "RT31_NB": 0, "RT31_SB": 0, "RT36": 0, "RT50_NB": 0, "RT50_SB": 0, "RT51_NB": 0, "RT51_SB": 0, "RT53_NB": 0, "RT53_SB": 0, "RT54_EB": 0, "RT54_WB": 0, "RT66_EB": 0, "RT66_WB": 0, "RT97_EB": 0, "RT97_WB": 0, "RT140_NB": 0, "RT140_SB": 0, "RT141_NB": 0, "RT141_SB": 0, "RT155_NB": 0, "RT155_SB": 0, "RT157_NB": 0, "RT157_SB": 0, "RT198_NB": 0, "RT198_SB": 0, "RT766_EB": 0, "RT766_WB": 0, "RT777_EB": 0, "RT777_WB": 0, "AWDT23*1.2": 16256, "Total_Users": 16364, "TransitUsersTTL": 108, "TrnstModeShare": 0.66 }, "geometry": { "type": "MultiLineString", "coordinates": [ [ [ -106.638383912596922, 35.153510007249558 ], [ -106.638258330502069, 35.154283395871445 ], [ -106.638249776501311, 35.154323045334259 ], [ -106.638123702839067, 35.154907472005497 ], [ -106.638038050836172, 35.155330194320463 ], [ -106.637922419322479, 35.1559024087517 ], [ -106.637878655805821, 35.156109305716591 ], [ -106.637720722176951, 35.157078142497035 ], [ -106.637558089252707, 35.157914848716402 ], [ -106.637556362343986, 35.157923577505279 ], [ -106.63725871310514, 35.15942867883917 ], [ -106.637257728751393, 35.159434059092341 ], [ -106.637218174475322, 35.159649962994003 ], [ -106.637032269878262, 35.160664720709114 ], [ -106.637026566966554, 35.160698459194542 ], [ -106.636921687950263, 35.161318794729937 ], [ -106.63691611254869, 35.161347721800446 ], [ -106.636723497383585, 35.16234682322861 ], [ -106.636635981521991, 35.162771730622751 ], [ -106.636576027526758, 35.163062817403173 ] ] ] } },
{ "type": "Feature", "properties": { "fid": 885, "OBJECTID": 885, "COGID": 21076, "RTE": "OSUNA", "LOCAT": " EAST OF PAN AM. WEST - I-25 UNDERPASS", "LENGTH": 333.183, "MILES": 0.063000001013278961, "ADT22": 33554, "AWDT22": 36264, "Shape_Length": 388.28453032338865, "ADT23": 33013, "AWDT23": 35259, "RT1_NB": 0, "RT1_SB": 0, "RT2_NB": 0, "RT2_SB": 0, "RT5_EB": 0, "RT5_WB": 0, "RT8_EB": 0, "RT8_WB": 0, "RT10_NB": 0, "RT10_SB": 0, "RT11_EB": 0, "RT11_WB": 0, "RT16_EB": 0, "RT16_WB": 0, "RT31_NB": 0, "RT31_SB": 0, "RT36": 0, "RT50_NB": 0, "RT50_SB": 0, "RT51_NB": 0, "RT51_SB": 0, "RT53_NB": 0, "RT53_SB": 0, "RT54_EB": 0, "RT54_WB": 0, "RT66_EB": 0, "RT66_WB": 0, "RT97_EB": 0, "RT97_WB": 0, "RT140_NB": 115, "RT140_SB": 35, "RT141_NB": 53, "RT141_SB": 14, "RT155_NB": 0, "RT155_SB": 0, "RT157_NB": 0, "RT157_SB": 0, "RT198_NB": 0, "RT198_SB": 0, "RT766_EB": 0, "RT766_WB": 0, "RT777_EB": 0, "RT777_WB": 0, "AWDT23*1.2": 42311, "Total_Users": 42528, "TransitUsersTTL": 217, "TrnstModeShare": 0.51 }, "geometry": { "type": "MultiLineString", "coordinates": [ [ [ -106.589801066270951, 35.154050647500796 ], [ -106.588808312742671, 35.153362619394812 ] ] ] } },
{ "type": "Feature", "properties": { "fid": 889, "OBJECTID": 889, "COGID": 21108, "RTE": "SAN MATEO", "LOCAT": " WEST OF PAN AM. EAST - I-25 UNDERPASS", "LENGTH": 356.5, "MILES": 0.068000003695487976, "ADT22": 37752, "AWDT22": 40649, "Shape_Length": 276.04462216565008, "ADT23": 40156, "AWDT23": 42888, "RT1_NB": 0, "RT1_SB": 0, "RT2_NB": 0, "RT2_SB": 0, "RT5_EB": 0, "RT5_WB": 0, "RT8_EB": 0, "RT8_WB": 0, "RT10_NB": 0, "RT10_SB": 0, "RT11_EB": 0, "RT11_WB": 0, "RT16_EB": 0, "RT16_WB": 0, "RT31_NB": 0, "RT31_SB": 0, "RT36": 0, "RT50_NB": 0, "RT50_SB": 0, "RT51_NB": 0, "RT51_SB": 0, "RT53_NB": 0, "RT53_SB": 0, "RT54_EB": 0, "RT54_WB": 0, "RT66_EB": 0, "RT66_WB": 0, "RT97_EB": 0, "RT97_WB": 0, "RT140_NB": 115, "RT140_SB": 35, "RT141_NB": 53, "RT141_SB": 14, "RT155_NB": 0, "RT155_SB": 0, "RT157_NB": 0, "RT157_SB": 0, "RT198_NB": 0, "RT198_SB": 0, "RT766_EB": 0, "RT766_WB": 0, "RT777_EB": 0, "RT777_WB": 0, "AWDT23*1.2": 51466, "Total_Users": 51683, "TransitUsersTTL": 217, "TrnstModeShare": 0.42 }, "geometry": { "type": "MultiLineString", "coordinates": [ [ [ -106.587789880725623, 35.152620989762603 ], [ -106.588477470462166, 35.153127302269432 ] ] ] } },
{ "type": "Feature", "properties": { "fid": 894, "OBJECTID": 894, "COGID": 21124, "RTE": "TAYLOR RANCH RD.", "LOCAT": " NORTH OF MONTANO - S. OF LA ORILLA (GOLF COURSE)", "LENGTH": 2481.804, "MILES": 0.4699999988079071, "ADT22": 16890, "AWDT22": 17897, "Shape_Length": 2555.1654846250904, "ADT23": 16404, "AWDT23": 17648, "RT1_NB": 0, "RT1_SB": 0, "RT2_NB": 0, "RT2_SB": 0, "RT5_EB": 0, "RT5_WB": 0, "RT8_EB": 0, "RT8_WB": 0, "RT10_NB": 0, "RT10_SB": 0, "RT11_EB": 0, "RT11_WB": 0, "RT16_EB": 0, "RT16_WB": 0, "RT31_NB": 0, "RT31_SB": 0, "RT36": 0, "RT50_NB": 0, "RT50_SB": 0, "RT51_NB": 0, "RT51_SB": 0, "RT53_NB": 0, "RT53_SB": 0, "RT54_EB": 0, "RT54_WB": 0, "RT66_EB": 0, "RT66_WB": 0, "RT97_EB": 0, "RT97_WB": 0, "RT140_NB": 0, "RT140_SB": 0, "RT141_NB": 0, "RT141_SB": 0, "RT155_NB": 0, "RT155_SB": 0, "RT157_NB": 102, "RT157_SB": 88, "RT198_NB": 0, "RT198_SB": 0, "RT766_EB": 0, "RT766_WB": 0, "RT777_EB": 0, "RT777_WB": 0, "AWDT23*1.2": 21178, "Total_Users": 21368, "TransitUsersTTL": 190, "TrnstModeShare": 0.89 }, "geometry": { "type": "MultiLineString", "coordinates": [ [ [ -106.693765075416749, 35.152508250811103 ], [ -106.69375829220489, 35.1532007595317 ], [ -106.693835382501575, 35.153629751753208 ], [ -106.693869953723009, 35.153812745742677 ], [ -106.693945228534957, 35.154006516953579 ], [ -106.69417602287804, 35.154447882194575 ], [ -106.694268242547935, 35.154806588180648 ], [ -106.694283564672162, 35.155131163553541 ], [ -106.694282090088578, 35.15534831084161 ], [ -106.694255255340593, 35.155572756333036 ], [ -106.694199046589858, 35.155721370296824 ], [ -106.694195649995635, 35.155730351188232 ], [ -106.694126753321925, 35.155873647155225 ], [ -106.693908905403461, 35.156298036332338 ], [ -106.693331627153796, 35.156994732958999 ], [ -106.69301545177963, 35.157396121195042 ], [ -106.692813965195342, 35.157748964237364 ], [ -106.692696799410299, 35.1581458190986 ], [ -106.692623147290362, 35.158507924771648 ], [ -106.692551776815222, 35.158746247910777 ], [ -106.692407719188324, 35.158976492712036 ], [ -106.692402225755103, 35.158985273875082 ], [ -106.692340153494555, 35.15908447962255 ] ] ] } },
{ "type": "Feature", "properties": { "fid": 911, "OBJECTID": 911, "COGID": 21164, "RTE": "WYOMING", "LOCAT": " NORTH OF BURLISON - SOUTH OF SAN ANTONIO", "LENGTH": 2416.734, "MILES": 0.45800000429153442, "ADT22": 28787, "AWDT22": 31112, "Shape_Length": 2439.6554179702184, "ADT23": 31733, "AWDT23": 33892, "RT1_NB": 0, "RT1_SB": 0, "RT2_NB": 0, "RT2_SB": 0, "RT5_EB": 0, "RT5_WB": 0, "RT8_EB": 0, "RT8_WB": 0, "RT10_NB": 0, "RT10_SB": 0, "RT11_EB": 0, "RT11_WB": 0, "RT16_EB": 0, "RT16_WB": 0, "RT31_NB": 49, "RT31_SB": 51, "RT36": 0, "RT50_NB": 0, "RT50_SB": 0, "RT51_NB": 0, "RT51_SB": 0, "RT53_NB": 0, "RT53_SB": 0, "RT54_EB": 0, "RT54_WB": 0, "RT66_EB": 0, "RT66_WB": 0, "RT97_EB": 0, "RT97_WB": 0, "RT140_NB": 0, "RT140_SB": 0, "RT141_NB": 0, "RT141_SB": 0, "RT155_NB": 0, "RT155_SB": 0, "RT157_NB": 0, "RT157_SB": 0, "RT198_NB": 0, "RT198_SB": 0, "RT766_EB": 0, "RT766_WB": 0, "RT777_EB": 0, "RT777_WB": 0, "AWDT23*1.2": 40670, "Total_Users": 40770, "TransitUsersTTL": 100, "TrnstModeShare": 0.25 }, "geometry": { "type": "MultiLineString", "coordinates": [ [ [ -106.560726425414671, 35.152405437850433 ], [ -106.560894436917039, 35.152835120288159 ], [ -106.560942463417049, 35.152976389806113 ], [ -106.560987196908073, 35.153148989406404 ], [ -106.561092548363845, 35.153744941815383 ], [ -106.561093008368587, 35.154093006130317 ], [ -106.561045530727398, 35.154487246578114 ], [ -106.560987116064538, 35.154771590020786 ], [ -106.560912801905516, 35.155042896946732 ], [ -106.56037049883372, 35.156355561248624 ], [ -106.560080944036571, 35.157129522280052 ], [ -106.559982283557702, 35.157410112640427 ], [ -106.559911244709554, 35.157713286488637 ], [ -106.559904261860609, 35.157929007669246 ], [ -106.559871792894612, 35.158932112943909 ] ] ] } },
{ "type": "Feature", "properties": { "fid": 919, "OBJECTID": 919, "COGID": 21195, "RTE": "SAN MATEO", "LOCAT": " NORTHWEST OF PAN AM. ROAD - EAST OF PAN AM. EAST", "LENGTH": 478.746, "MILES": 0.090999998152256012, "ADT22": 44437, "AWDT22": 48026, "Shape_Length": 472.66217941513344, "ADT23": 47131, "AWDT23": 50938, "RT1_NB": 0, "RT1_SB": 0, "RT2_NB": 0, "RT2_SB": 0, "RT5_EB": 0, "RT5_WB": 0, "RT8_EB": 0, "RT8_WB": 0, "RT10_NB": 0, "RT10_SB": 0, "RT11_EB": 0, "RT11_WB": 0, "RT16_EB": 0, "RT16_WB": 0, "RT31_NB": 0, "RT31_SB": 0, "RT36": 0, "RT50_NB": 0, "RT50_SB": 0, "RT51_NB": 0, "RT51_SB": 0, "RT53_NB": 0, "RT53_SB": 0, "RT54_EB": 0, "RT54_WB": 0, "RT66_EB": 0, "RT66_WB": 0, "RT97_EB": 0, "RT97_WB": 0, "RT140_NB": 115, "RT140_SB": 35, "RT141_NB": 53, "RT141_SB": 14, "RT155_NB": 0, "RT155_SB": 0, "RT157_NB": 0, "RT157_SB": 0, "RT198_NB": 0, "RT198_SB": 0, "RT766_EB": 0, "RT766_WB": 0, "RT777_EB": 0, "RT777_WB": 0, "AWDT23*1.2": 61126, "Total_Users": 61343, "TransitUsersTTL": 217, "TrnstModeShare": 0.35 }, "geometry": { "type": "MultiLineString", "coordinates": [ [ [ -106.586880644575842, 35.151568107693819 ], [ -106.586992036410024, 35.151767265340034 ], [ -106.587151801810336, 35.151983424764381 ], [ -106.587320441371077, 35.152184025551541 ], [ -106.587539485669154, 35.152397387177729 ], [ -106.587789880725623, 35.152620989762603 ] ] ] } },
{ "type": "Feature", "properties": { "fid": 920, "OBJECTID": 920, "COGID": 21196, "RTE": "SAN MATEO", "LOCAT": " NORTH OF ACADEMY - SOUTHEAST OF PAN AM. ROAD", "LENGTH": 1309.384, "MILES": 0.24799999594688416, "ADT22": 41083, "AWDT22": 44401, "Shape_Length": 1308.7657156462722, "ADT23": 44093, "AWDT23": 47093, "RT1_NB": 0, "RT1_SB": 0, "RT2_NB": 0, "RT2_SB": 0, "RT5_EB": 0, "RT5_WB": 0, "RT8_EB": 0, "RT8_WB": 0, "RT10_NB": 0, "RT10_SB": 0, "RT11_EB": 0, "RT11_WB": 0, "RT16_EB": 0, "RT16_WB": 0, "RT31_NB": 0, "RT31_SB": 0, "RT36": 0, "RT50_NB": 0, "RT50_SB": 0, "RT51_NB": 0, "RT51_SB": 0, "RT53_NB": 0, "RT53_SB": 0, "RT54_EB": 0, "RT54_WB": 0, "RT66_EB": 0, "RT66_WB": 0, "RT97_EB": 0, "RT97_WB": 0, "RT140_NB": 115, "RT140_SB": 47, "RT141_NB": 53, "RT141_SB": 69, "RT155_NB": 0, "RT155_SB": 0, "RT157_NB": 0, "RT157_SB": 0, "RT198_NB": 0, "RT198_SB": 0, "RT766_EB": 0, "RT766_WB": 0, "RT777_EB": 0, "RT777_WB": 0, "AWDT23*1.2": 56512, "Total_Users": 56796, "TransitUsersTTL": 284, "TrnstModeShare": 0.5 }, "geometry": { "type": "MultiLineString", "coordinates": [ [ [ -106.586423267242935, 35.148027144541054 ], [ -106.58642420723686, 35.148979286382719 ], [ -106.58642441400545, 35.149463657141624 ], [ -106.586420453836993, 35.149930792064964 ], [ -106.586455290629871, 35.150340014908792 ], [ -106.586480896184312, 35.150528193659447 ], [ -106.586540492851583, 35.150746183460356 ], [ -106.586647274258482, 35.151072225551211 ], [ -106.586741665369402, 35.151282190337874 ], [ -106.586880644575842, 35.151568107693819 ] ] ] } },
{ "type": "Feature", "properties": { "fid": 924, "OBJECTID": 924, "COGID": 21208, "RTE": "ACADEMY", "LOCAT": " EAST OF ADMIRAL DEWEY - WEST OF EUBANK", "LENGTH": 4198.126, "MILES": 0.79500001668930054, "ADT22": 15540, "AWDT22": 16467, "Shape_Length": 4226.2817843529647, "ADT23": 16234, "AWDT23": 17465, "RT1_NB": 0, "RT1_SB": 0, "RT2_NB": 5, "RT2_SB": 0, "RT5_EB": 0, "RT5_WB": 0, "RT8_EB": 0, "RT8_WB": 0, "RT10_NB": 0, "RT10_SB": 0, "RT11_EB": 0, "RT11_WB": 0, "RT16_EB": 0, "RT16_WB": 0, "RT31_NB": 0, "RT31_SB": 0, "RT36": 0, "RT50_NB": 0, "RT50_SB": 0, "RT51_NB": 0, "RT51_SB": 0, "RT53_NB": 0, "RT53_SB": 0, "RT54_EB": 0, "RT54_WB": 0, "RT66_EB": 0, "RT66_WB": 0, "RT97_EB": 0, "RT97_WB": 0, "RT140_NB": 0, "RT140_SB": 0, "RT141_NB": 0, "RT141_SB": 0, "RT155_NB": 0, "RT155_SB": 0, "RT157_NB": 0, "RT157_SB": 0, "RT198_NB": 0, "RT198_SB": 0, "RT766_EB": 0, "RT766_WB": 0, "RT777_EB": 0, "RT777_WB": 0, "AWDT23*1.2": 20958, "Total_Users": 20963, "TransitUsersTTL": 5, "TrnstModeShare": 0.02 }, "geometry": { "type": "MultiLineString", "coordinates": [ [ [ -106.537454632035619, 35.151437249269975 ], [ -106.53716028541109, 35.151492862481803 ], [ -106.536951230102602, 35.151540966788765 ], [ -106.536772595685648, 35.151600311902094 ], [ -106.536527216155704, 35.15169199987654 ], [ -106.536392878321109, 35.151751175668885 ], [ -106.536224287481573, 35.151826362605853 ], [ -106.536022928883142, 35.15192960127397 ], [ -106.535807998406582, 35.152048561309144 ], [ -106.535086011804623, 35.15254263803449 ], [ -106.533754764780156, 35.153491618041031 ], [ -106.533212613623405, 35.153874377063545 ], [ -106.533050210325854, 35.153964779565342 ], [ -106.532846758571324, 35.154056734419399 ], [ -106.532584045132623, 35.154146257135451 ], [ -106.532565130954652, 35.154151554879782 ], [ -106.532312341466934, 35.154222347937278 ], [ -106.532117166115157, 35.154271627615707 ], [ -106.53193304034582, 35.154304437975689 ], [ -106.531795123735733, 35.154318541939972 ], [ -106.53165739028546, 35.154328160623074 ], [ -106.531355305490337, 35.154324488662319 ], [ -106.53134127205972, 35.154324317522111 ], [ -106.528473376083795, 35.154321372241171 ], [ -106.524669050666859, 35.154317359318497 ], [ -106.524428010892493, 35.154317102315538 ] ] ] } },
{ "type": "Feature", "properties": { "fid": 925, "OBJECTID": 925, "COGID": 21212, "RTE": "ACADEMY", "LOCAT": " EAST OF LAYTON - WEST OF ADMIRAL DEWEY", "LENGTH": 704.98, "MILES": 0.13400000333786011, "ADT22": 18006, "AWDT22": 19080, "Shape_Length": 726.08660417648343, "ADT23": 18810, "AWDT23": 20237, "RT1_NB": 0, "RT1_SB": 0, "RT2_NB": 5, "RT2_SB": 0, "RT5_EB": 0, "RT5_WB": 0, "RT8_EB": 0, "RT8_WB": 0, "RT10_NB": 0, "RT10_SB": 0, "RT11_EB": 0, "RT11_WB": 0, "RT16_EB": 0, "RT16_WB": 0, "RT31_NB": 0, "RT31_SB": 0, "RT36": 0, "RT50_NB": 0, "RT50_SB": 0, "RT51_NB": 0, "RT51_SB": 0, "RT53_NB": 0, "RT53_SB": 0, "RT54_EB": 0, "RT54_WB": 0, "RT66_EB": 0, "RT66_WB": 0, "RT97_EB": 0, "RT97_WB": 0, "RT140_NB": 0, "RT140_SB": 0, "RT141_NB": 0, "RT141_SB": 0, "RT155_NB": 0, "RT155_SB": 0, "RT157_NB": 0, "RT157_SB": 0, "RT198_NB": 0, "RT198_SB": 0, "RT766_EB": 0, "RT766_WB": 0, "RT777_EB": 0, "RT777_WB": 0, "AWDT23*1.2": 24284, "Total_Users": 24289, "TransitUsersTTL": 5, "TrnstModeShare": 0.02 }, "geometry": { "type": "MultiLineString", "coordinates": [ [ [ -106.539877073525844, 35.151331512081654 ], [ -106.538728822780399, 35.151347831297478 ], [ -106.538111382797197, 35.151366197754399 ], [ -106.537949824088344, 35.151376543696344 ], [ -106.53776761435627, 35.151396766949297 ], [ -106.537454632035619, 35.151437249269975 ] ] ] } },
{ "type": "Feature", "properties": { "fid": 929, "OBJECTID": 929, "COGID": 21224, "RTE": "ACADEMY", "LOCAT": " EAST OF EUBANK - WEST OF CARRUTHERS", "LENGTH": 2613.373, "MILES": 0.49500000476837158, "ADT22": 13952, "AWDT22": 14784, "Shape_Length": 2590.1938519111573, "ADT23": 14574, "AWDT23": 15680, "RT1_NB": 0, "RT1_SB": 11, "RT2_NB": 0, "RT2_SB": 0, "RT5_EB": 0, "RT5_WB": 0, "RT8_EB": 0, "RT8_WB": 0, "RT10_NB": 0, "RT10_SB": 0, "RT11_EB": 0, "RT11_WB": 0, "RT16_EB": 0, "RT16_WB": 0, "RT31_NB": 0, "RT31_SB": 0, "RT36": 0, "RT50_NB": 0, "RT50_SB": 0, "RT51_NB": 0, "RT51_SB": 0, "RT53_NB": 0, "RT53_SB": 0, "RT54_EB": 0, "RT54_WB": 0, "RT66_EB": 0, "RT66_WB": 0, "RT97_EB": 0, "RT97_WB": 0, "RT140_NB": 0, "RT140_SB": 0, "RT141_NB": 0, "RT141_SB": 0, "RT155_NB": 0, "RT155_SB": 0, "RT157_NB": 0, "RT157_SB": 0, "RT198_NB": 0, "RT198_SB": 0, "RT766_EB": 0, "RT766_WB": 0, "RT777_EB": 0, "RT777_WB": 0, "AWDT23*1.2": 18816, "Total_Users": 18827, "TransitUsersTTL": 11, "TrnstModeShare": 0.06 }, "geometry": { "type": "MultiLineString", "coordinates": [ [ [ -106.524428010892493, 35.154317102315538 ], [ -106.523832521329609, 35.154309627152131 ], [ -106.52357875206765, 35.154299021571603 ], [ -106.523312388835905, 35.154265724696323 ], [ -106.522984026527197, 35.15422678144941 ], [ -106.522617802991888, 35.154147423188306 ], [ -106.522384165426843, 35.15408246933039 ], [ -106.522177564062048, 35.154013827767599 ], [ -106.521929521312501, 35.15390270621743 ], [ -106.521522070830116, 35.153686113380445 ], [ -106.521040641920081, 35.153397138894384 ], [ -106.520683500791392, 35.153153001415831 ], [ -106.52053706268029, 35.153050119958536 ], [ -106.520049610562737, 35.152717198554974 ], [ -106.519230950820173, 35.152127598707708 ], [ -106.518386178356977, 35.151595398484908 ], [ -106.518197659817162, 35.151488834803907 ], [ -106.517916992395698, 35.151353752688941 ], [ -106.517525423180558, 35.15119126562503 ], [ -106.517003379067759, 35.151015389908942 ] ] ] } },
{ "type": "Feature", "properties": { "fid": 930, "OBJECTID": 930, "COGID": 21226, "RTE": "ACADEMY", "LOCAT": " EAST OF CARRUTHERS - WEST OF LOWELL", "LENGTH": 3168.786, "MILES": 0.60000002384185791, "ADT22": 10096, "AWDT22": 10698, "Shape_Length": 3154.0026607417467, "ADT23": 10547, "AWDT23": 11347, "RT1_NB": 0, "RT1_SB": 11, "RT2_NB": 0, "RT2_SB": 0, "RT5_EB": 0, "RT5_WB": 0, "RT8_EB": 0, "RT8_WB": 0, "RT10_NB": 0, "RT10_SB": 0, "RT11_EB": 0, "RT11_WB": 0, "RT16_EB": 0, "RT16_WB": 0, "RT31_NB": 0, "RT31_SB": 0, "RT36": 0, "RT50_NB": 0, "RT50_SB": 0, "RT51_NB": 0, "RT51_SB": 0, "RT53_NB": 0, "RT53_SB": 0, "RT54_EB": 0, "RT54_WB": 0, "RT66_EB": 0, "RT66_WB": 0, "RT97_EB": 0, "RT97_WB": 0, "RT140_NB": 0, "RT140_SB": 0, "RT141_NB": 0, "RT141_SB": 0, "RT155_NB": 0, "RT155_SB": 0, "RT157_NB": 0, "RT157_SB": 0, "RT198_NB": 0, "RT198_SB": 0, "RT766_EB": 0, "RT766_WB": 0, "RT777_EB": 0, "RT777_WB": 0, "AWDT23*1.2": 13616, "Total_Users": 13627, "TransitUsersTTL": 11, "TrnstModeShare": 0.08 }, "geometry": { "type": "MultiLineString", "coordinates": [ [ [ -106.517003379067759, 35.151015389908942 ], [ -106.516683045667193, 35.150948747303396 ], [ -106.516391461874647, 35.15089952422592 ], [ -106.516057690094698, 35.150862964680364 ], [ -106.51562507697929, 35.150842563041643 ], [ -106.514972962078744, 35.150835124221913 ], [ -106.512547505403575, 35.150812846752125 ], [ -106.512305273617088, 35.150824067962773 ], [ -106.512222511567344, 35.150827901569102 ], [ -106.511833207290195, 35.150889169308897 ], [ -106.511506077250019, 35.150981779289182 ], [ -106.51121450513439, 35.151083990581654 ], [ -106.510827891356527, 35.151273601053646 ], [ -106.510542995806446, 35.151443575323029 ], [ -106.510103124941921, 35.151710473641479 ], [ -106.509777099244872, 35.151872480855197 ], [ -106.509243875600731, 35.152069682399791 ], [ -106.508834976079001, 35.152186819015576 ], [ -106.508294084198468, 35.152299428277146 ], [ -106.507973361901435, 35.1523346261868 ], [ -106.507632816486094, 35.152353614097876 ], [ -106.506913548090552, 35.152355603781771 ] ] ] } },
{ "type": "Feature", "properties": { "fid": 932, "OBJECTID": 932, "COGID": 21232, "RTE": "COORS", "LOCAT": "NORTH OF MANTANO - SOUTH OF MANTANO PLAZA", "LENGTH": 1913.672, "MILES": 0.3619999885559082, "ADT22": 37859, "AWDT22": 40916, "Shape_Length": 1925.488272464956, "ADT23": 37777, "AWDT23": 40348, "RT1_NB": 0, "RT1_SB": 0, "RT2_NB": 0, "RT2_SB": 0, "RT5_EB": 0, "RT5_WB": 0, "RT8_EB": 0, "RT8_WB": 0, "RT10_NB": 0, "RT10_SB": 0, "RT11_EB": 0, "RT11_WB": 0, "RT16_EB": 0, "RT16_WB": 0, "RT31_NB": 0, "RT31_SB": 0, "RT36": 0, "RT50_NB": 0, "RT50_SB": 0, "RT51_NB": 0, "RT51_SB": 0, "RT53_NB": 0, "RT53_SB": 0, "RT54_EB": 0, "RT54_WB": 0, "RT66_EB": 0, "RT66_WB": 0, "RT97_EB": 0, "RT97_WB": 0, "RT140_NB": 0, "RT140_SB": 0, "RT141_NB": 0, "RT141_SB": 0, "RT155_NB": 115, "RT155_SB": 110, "RT157_NB": 0, "RT157_SB": 0, "RT198_NB": 0, "RT198_SB": 0, "RT766_EB": 0, "RT766_WB": 0, "RT777_EB": 0, "RT777_WB": 0, "AWDT23*1.2": 48418, "Total_Users": 48643, "TransitUsersTTL": 225, "TrnstModeShare": 0.46 }, "geometry": { "type": "MultiLineString", "coordinates": [ [ [ -106.686246003592089, 35.149618095378131 ], [ -106.685831085114316, 35.150039517362835 ], [ -106.685473925823686, 35.150408767596439 ], [ -106.684901256054033, 35.151054966272049 ], [ -106.684649498430559, 35.15136701236483 ], [ -106.684344186028341, 35.151778887226627 ], [ -106.684016398918416, 35.152244489337129 ], [ -106.683723712853208, 35.152700153598197 ], [ -106.68340402900003, 35.153214059420982 ], [ -106.683139292808434, 35.153655654397568 ], [ -106.682862043764672, 35.154099387527914 ] ] ] } },
{ "type": "Feature", "properties": { "fid": 933, "OBJECTID": 933, "COGID": 21233, "RTE": "COORS", "LOCAT": "NORTH OF MANTANO PLAZA - SOUTH OF LA ORILLA", "LENGTH": 2418.416, "MILES": 0.45800000429153442, "ADT22": 40357, "AWDT22": 43616, "Shape_Length": 2399.3863314105402, "ADT23": 40270, "AWDT23": 43010, "RT1_NB": 0, "RT1_SB": 0, "RT2_NB": 0, "RT2_SB": 0, "RT5_EB": 0, "RT5_WB": 0, "RT8_EB": 0, "RT8_WB": 0, "RT10_NB": 0, "RT10_SB": 0, "RT11_EB": 0, "RT11_WB": 0, "RT16_EB": 0, "RT16_WB": 0, "RT31_NB": 0, "RT31_SB": 0, "RT36": 0, "RT50_NB": 0, "RT50_SB": 0, "RT51_NB": 0, "RT51_SB": 0, "RT53_NB": 0, "RT53_SB": 0, "RT54_EB": 0, "RT54_WB": 0, "RT66_EB": 0, "RT66_WB": 0, "RT97_EB": 0, "RT97_WB": 0, "RT140_NB": 0, "RT140_SB": 0, "RT141_NB": 0, "RT141_SB": 0, "RT155_NB": 113, "RT155_SB": 106, "RT157_NB": 0, "RT157_SB": 0, "RT198_NB": 0, "RT198_SB": 0, "RT766_EB": 0, "RT766_WB": 0, "RT777_EB": 0, "RT777_WB": 0, "AWDT23*1.2": 51612, "Total_Users": 51831, "TransitUsersTTL": 219, "TrnstModeShare": 0.42 }, "geometry": { "type": "MultiLineString", "coordinates": [ [ [ -106.682862043764672, 35.154099387527914 ], [ -106.681993538046896, 35.15549156948407 ], [ -106.68190657778355, 35.155630961154074 ], [ -106.681604413184644, 35.156118436948532 ], [ -106.681261836160871, 35.156666904029038 ], [ -106.681255259856172, 35.156677431936366 ], [ -106.680890958685865, 35.157273663319792 ], [ -106.680545672258674, 35.157820115107469 ], [ -106.68009522415484, 35.15853298024124 ], [ -106.68006058376379, 35.158589162044841 ], [ -106.679209319394559, 35.159969748049321 ] ] ] } },
{ "type": "Feature", "properties": { "fid": 934, "OBJECTID": 934, "COGID": 21236, "RTE": "MONTAÑO", "LOCAT": " EAST OF TAYLOR RANCH RD. - WEST OF COORS", "LENGTH": 2522.132, "MILES": 0.4779999852180481, "ADT22": 23593, "AWDT22": 25498, "Shape_Length": 2507.2713197937092, "ADT23": 23542, "AWDT23": 25144, "RT1_NB": 0, "RT1_SB": 0, "RT2_NB": 0, "RT2_SB": 0, "RT5_EB": 0, "RT5_WB": 0, "RT8_EB": 0, "RT8_WB": 0, "RT10_NB": 0, "RT10_SB": 0, "RT11_EB": 0, "RT11_WB": 0, "RT16_EB": 0, "RT16_WB": 0, "RT31_NB": 0, "RT31_SB": 0, "RT36": 0, "RT50_NB": 0, "RT50_SB": 0, "RT51_NB": 0, "RT51_SB": 0, "RT53_NB": 0, "RT53_SB": 0, "RT54_EB": 0, "RT54_WB": 0, "RT66_EB": 0, "RT66_WB": 0, "RT97_EB": 0, "RT97_WB": 0, "RT140_NB": 0, "RT140_SB": 0, "RT141_NB": 0, "RT141_SB": 0, "RT155_NB": 0, "RT155_SB": 0, "RT157_NB": 109, "RT157_SB": 93, "RT198_NB": 0, "RT198_SB": 0, "RT766_EB": 0, "RT766_WB": 0, "RT777_EB": 0, "RT777_WB": 0, "AWDT23*1.2": 30173, "Total_Users": 30375, "TransitUsersTTL": 202, "TrnstModeShare": 0.67 }, "geometry": { "type": "MultiLineString", "coordinates": [ [ [ -106.693765075416749, 35.152508250811103 ], [ -106.693468941857347, 35.152484557120289 ], [ -106.693180237827988, 35.15244951161894 ], [ -106.692552238344675, 35.152333260223656 ], [ -106.691858772550418, 35.15217267703941 ], [ -106.691235327805003, 35.151993042541697 ], [ -106.690549439457698, 35.151742851558495 ], [ -106.690060479450636, 35.151539823495014 ], [ -106.689621769788658, 35.151319792024339 ], [ -106.689608511776456, 35.151313142412967 ], [ -106.688902418879636, 35.150957392465592 ], [ -106.688156173947291, 35.150581153155514 ], [ -106.688151278833303, 35.150578684679239 ], [ -106.68746973397954, 35.150235005189991 ], [ -106.686246003592089, 35.149618095378131 ] ] ] } },
{ "type": "Feature", "properties": { "fid": 935, "OBJECTID": 935, "COGID": 21238, "RTE": "MONTAÑO", "LOCAT": "EAST OF COORS - WEST OF WINTER HAVEN", "LENGTH": 782.248, "MILES": 0.14800000190734863, "ADT22": 24788, "AWDT22": 26789, "Shape_Length": 781.00462701735228, "ADT23": 24734, "AWDT23": 26417, "RT1_NB": 0, "RT1_SB": 0, "RT2_NB": 0, "RT2_SB": 0, "RT5_EB": 0, "RT5_WB": 0, "RT8_EB": 0, "RT8_WB": 0, "RT10_NB": 0, "RT10_SB": 0, "RT11_EB": 0, "RT11_WB": 0, "RT16_EB": 0, "RT16_WB": 0, "RT31_NB": 0, "RT31_SB": 0, "RT36": 0, "RT50_NB": 0, "RT50_SB": 0, "RT51_NB": 0, "RT51_SB": 0, "RT53_NB": 0, "RT53_SB": 0, "RT54_EB": 0, "RT54_WB": 0, "RT66_EB": 0, "RT66_WB": 0, "RT97_EB": 0, "RT97_WB": 0, "RT140_NB": 0, "RT140_SB": 0, "RT141_NB": 0, "RT141_SB": 0, "RT155_NB": 0, "RT155_SB": 0, "RT157_NB": 112, "RT157_SB": 109, "RT198_NB": 0, "RT198_SB": 0, "RT766_EB": 0, "RT766_WB": 0, "RT777_EB": 0, "RT777_WB": 0, "AWDT23*1.2": 31700, "Total_Users": 31921, "TransitUsersTTL": 221, "TrnstModeShare": 0.69 }, "geometry": { "type": "MultiLineString", "coordinates": [ [ [ -106.686246003592089, 35.149618095378131 ], [ -106.684630667418162, 35.148803621894672 ], [ -106.684023914055388, 35.148489529227916 ] ] ] } },
{ "type": "Feature", "properties": { "fid": 940, "OBJECTID": 940, "COGID": 21256, "RTE": "EUBANK", "LOCAT": " NORTH OF JUAN TABO - SOUTH OF ACADEMY", "LENGTH": 2209.631, "MILES": 0.41800001263618469, "ADT22": 23039, "AWDT22": 24900, "Shape_Length": 2212.2016153686368, "ADT23": 24727, "AWDT23": 26410, "RT1_NB": 5, "RT1_SB": 0, "RT2_NB": 0, "RT2_SB": 4, "RT5_EB": 0, "RT5_WB": 0, "RT8_EB": 0, "RT8_WB": 0, "RT10_NB": 0, "RT10_SB": 0, "RT11_EB": 0, "RT11_WB": 0, "RT16_EB": 0, "RT16_WB": 0, "RT31_NB": 0, "RT31_SB": 0, "RT36": 0, "RT50_NB": 0, "RT50_SB": 0, "RT51_NB": 0, "RT51_SB": 0, "RT53_NB": 0, "RT53_SB": 0, "RT54_EB": 0, "RT54_WB": 0, "RT66_EB": 0, "RT66_WB": 0, "RT97_EB": 0, "RT97_WB": 0, "RT140_NB": 0, "RT140_SB": 0, "RT141_NB": 0, "RT141_SB": 0, "RT155_NB": 0, "RT155_SB": 0, "RT157_NB": 0, "RT157_SB": 0, "RT198_NB": 0, "RT198_SB": 0, "RT766_EB": 0, "RT766_WB": 0, "RT777_EB": 0, "RT777_WB": 0, "AWDT23*1.2": 31692, "Total_Users": 31701, "TransitUsersTTL": 9, "TrnstModeShare": 0.03 }, "geometry": { "type": "MultiLineString", "coordinates": [ [ [ -106.526949268117463, 35.148741686698791 ], [ -106.525767273210249, 35.150217715121258 ], [ -106.52541245315328, 35.15071491060538 ], [ -106.525412268539881, 35.150715169740501 ], [ -106.525206464758895, 35.151030922262841 ], [ -106.52501494244855, 35.151391505249975 ], [ -106.524791657079291, 35.151950257546474 ], [ -106.524704295152105, 35.152191667654982 ], [ -106.524608231326098, 35.152534732001449 ], [ -106.524557199292062, 35.152772876628902 ], [ -106.524480148450976, 35.153246575163507 ], [ -106.524445301410722, 35.15362025260233 ], [ -106.52443350956527, 35.154037540285799 ], [ -106.524428010892493, 35.154317102315538 ] ] ] } },
{ "type": "Feature", "properties": { "fid": 955, "OBJECTID": 955, "COGID": 21284, "RTE": "WYOMING", "LOCAT": " NORTH OF ACADEMY - SOUTH OF BURLISON", "LENGTH": 3102.981, "MILES": 0.58799999952316284, "ADT22": 32015, "AWDT22": 34600, "Shape_Length": 3116.2553751585551, "ADT23": 34360, "AWDT23": 36698, "RT1_NB": 0, "RT1_SB": 0, "RT2_NB": 0, "RT2_SB": 0, "RT5_EB": 0, "RT5_WB": 0, "RT8_EB": 0, "RT8_WB": 0, "RT10_NB": 0, "RT10_SB": 0, "RT11_EB": 0, "RT11_WB": 0, "RT16_EB": 0, "RT16_WB": 0, "RT31_NB": 54, "RT31_SB": 52, "RT36": 0, "RT50_NB": 0, "RT50_SB": 0, "RT51_NB": 0, "RT51_SB": 0, "RT53_NB": 0, "RT53_SB": 0, "RT54_EB": 0, "RT54_WB": 0, "RT66_EB": 0, "RT66_WB": 0, "RT97_EB": 0, "RT97_WB": 0, "RT140_NB": 0, "RT140_SB": 0, "RT141_NB": 0, "RT141_SB": 0, "RT155_NB": 0, "RT155_SB": 0, "RT157_NB": 0, "RT157_SB": 0, "RT198_NB": 0, "RT198_SB": 0, "RT766_EB": 0, "RT766_WB": 0, "RT777_EB": 0, "RT777_WB": 0, "AWDT23*1.2": 44038, "Total_Users": 44144, "TransitUsersTTL": 106, "TrnstModeShare": 0.24 }, "geometry": { "type": "MultiLineString", "coordinates": [ [ [ -106.553794345894246, 35.146135160263569 ], [ -106.55411774487348, 35.146670058554662 ], [ -106.554420195911959, 35.147067694680537 ], [ -106.554511124781058, 35.147155382567284 ], [ -106.554602009161698, 35.14722872215831 ], [ -106.554819555673191, 35.147426801806368 ], [ -106.554993346522409, 35.147568391124288 ], [ -106.555160999442379, 35.147699651538673 ], [ -106.555326772389265, 35.14782461533774 ], [ -106.555773510598229, 35.148172479608931 ], [ -106.556315553595581, 35.148570066723664 ], [ -106.556766789456049, 35.148921564956005 ], [ -106.556769575444491, 35.148923734897274 ], [ -106.557135113433134, 35.14919583737111 ], [ -106.557942367890789, 35.14978163104518 ], [ -106.558238856033498, 35.149980643209695 ], [ -106.558790857854675, 35.150390382197131 ], [ -106.559559200508318, 35.150946698433899 ], [ -106.559768094083879, 35.15112890853699 ], [ -106.559934133908456, 35.151286691421149 ], [ -106.560091403767473, 35.151452288620767 ], [ -106.560238959895514, 35.151628919848555 ], [ -106.560442520740764, 35.151884337165605 ], [ -106.560546129081516, 35.152040928759334 ], [ -106.560616494731448, 35.152165800650735 ], [ -106.560726425414671, 35.152405437850433 ] ] ] } },
{ "type": "Feature", "properties": { "fid": 960, "OBJECTID": 960, "COGID": 21312, "RTE": "EUBANK", "LOCAT": " NORTH OF LAYTON - SOUTH OF JUAN TABO", "LENGTH": 1338.061, "MILES": 0.25299999117851257, "ADT22": 16977, "AWDT22": 18348, "Shape_Length": 1326.0216093543854, "ADT23": 18220, "AWDT23": 19460, "RT1_NB": 0, "RT1_SB": 0, "RT2_NB": 0, "RT2_SB": 6, "RT5_EB": 0, "RT5_WB": 0, "RT8_EB": 0, "RT8_WB": 0, "RT10_NB": 0, "RT10_SB": 0, "RT11_EB": 0, "RT11_WB": 0, "RT16_EB": 0, "RT16_WB": 0, "RT31_NB": 0, "RT31_SB": 0, "RT36": 0, "RT50_NB": 0, "RT50_SB": 0, "RT51_NB": 0, "RT51_SB": 0, "RT53_NB": 0, "RT53_SB": 0, "RT54_EB": 0, "RT54_WB": 0, "RT66_EB": 0, "RT66_WB": 0, "RT97_EB": 0, "RT97_WB": 0, "RT140_NB": 0, "RT140_SB": 0, "RT141_NB": 0, "RT141_SB": 0, "RT155_NB": 0, "RT155_SB": 0, "RT157_NB": 0, "RT157_SB": 0, "RT198_NB": 0, "RT198_SB": 0, "RT766_EB": 0, "RT766_WB": 0, "RT777_EB": 0, "RT777_WB": 0, "AWDT23*1.2": 23352, "Total_Users": 23358, "TransitUsersTTL": 6, "TrnstModeShare": 0.03 }, "geometry": { "type": "MultiLineString", "coordinates": [ [ [ -106.529390732907629, 35.145699818230035 ], [ -106.526949268117463, 35.148741686698791 ] ] ] } },
{ "type": "Feature", "properties": { "fid": 961, "OBJECTID": 961, "COGID": 21316, "RTE": "LAYTON/VENTURA", "LOCAT": " NORTHWEST OF EUBANK - SOUTHEAST OF ACADEMY", "LENGTH": 4148.382, "MILES": 0.78600001335144043, "ADT22": 6405, "AWDT22": 6850, "Shape_Length": 4166.244285084681, "ADT23": 6793, "AWDT23": 7265, "RT1_NB": 0, "RT1_SB": 0, "RT2_NB": 5, "RT2_SB": 0, "RT5_EB": 0, "RT5_WB": 0, "RT8_EB": 0, "RT8_WB": 0, "RT10_NB": 0, "RT10_SB": 0, "RT11_EB": 0, "RT11_WB": 0, "RT16_EB": 0, "RT16_WB": 0, "RT31_NB": 0, "RT31_SB": 0, "RT36": 0, "RT50_NB": 0, "RT50_SB": 0, "RT51_NB": 0, "RT51_SB": 0, "RT53_NB": 0, "RT53_SB": 0, "RT54_EB": 0, "RT54_WB": 0, "RT66_EB": 0, "RT66_WB": 0, "RT97_EB": 0, "RT97_WB": 0, "RT140_NB": 0, "RT140_SB": 0, "RT141_NB": 0, "RT141_SB": 0, "RT155_NB": 0, "RT155_SB": 0, "RT157_NB": 0, "RT157_SB": 0, "RT198_NB": 0, "RT198_SB": 0, "RT766_EB": 0, "RT766_WB": 0, "RT777_EB": 0, "RT777_WB": 0, "AWDT23*1.2": 8718, "Total_Users": 8723, "TransitUsersTTL": 5, "TrnstModeShare": 0.06 }, "geometry": { "type": "MultiLineString", "coordinates": [ [ [ -106.529390732907629, 35.145699818230035 ], [ -106.530524220811571, 35.146281837304876 ], [ -106.531244336902077, 35.146665862549582 ], [ -106.532197434937544, 35.147162510694493 ], [ -106.53231337191967, 35.147219327532525 ], [ -106.532481976429096, 35.147288902279598 ], [ -106.532696111834326, 35.147349092873135 ], [ -106.532911877425335, 35.147380762877013 ], [ -106.533359350250464, 35.147395924429411 ], [ -106.533403574440626, 35.147395944502343 ], [ -106.533843238253468, 35.147396134156871 ], [ -106.534444875952872, 35.147396392824547 ], [ -106.535508236275845, 35.147396841523218 ], [ -106.535510605181003, 35.14739697927174 ], [ -106.535860022240257, 35.147417345794238 ], [ -106.536052338422948, 35.14743136378867 ], [ -106.53617222817563, 35.147450184187434 ], [ -106.536295917554824, 35.147470569417948 ], [ -106.536477057477597, 35.147505736770199 ], [ -106.53652987488384, 35.147515991157228 ], [ -106.536870281977059, 35.147596360208539 ], [ -106.537168878036141, 35.147695228650498 ], [ -106.537452632801916, 35.147805551101825 ], [ -106.537467518986844, 35.147811339139267 ], [ -106.537760067473172, 35.1479436894152 ], [ -106.537964305528519, 35.148052163100949 ], [ -106.538319314243708, 35.148277817544326 ], [ -106.538538195993752, 35.148438238287007 ], [ -106.538722204525456, 35.148595798501582 ], [ -106.538962382525099, 35.148851953733903 ], [ -106.538963050148624, 35.148852666989669 ], [ -106.539240221442455, 35.149191178916979 ], [ -106.539439786404159, 35.14948362773125 ], [ -106.539446986288695, 35.149494178200861 ], [ -106.539575514896583, 35.149732858338481 ], [ -106.539671263718262, 35.149941436240034 ], [ -106.539761435729588, 35.150205552943838 ], [ -106.539821600056356, 35.150434956298795 ], [ -106.53985806892338, 35.150568825932012 ], [ -106.539881758570246, 35.150735968794919 ], [ -106.539894814372531, 35.15095115447928 ], [ -106.539877073525844, 35.151331512081654 ] ] ] } },
{ "type": "Feature", "properties": { "fid": 962, "OBJECTID": 962, "COGID": 21320, "RTE": "COORS", "LOCAT": " NORTH OF DELLYNE - SOUTH OF MONTANO", "LENGTH": 2556.922, "MILES": 0.48399999737739563, "ADT22": 41333, "AWDT22": 44671, "Shape_Length": 2580.6075049815072, "ADT23": 41245, "AWDT23": 44051, "RT1_NB": 0, "RT1_SB": 0, "RT2_NB": 0, "RT2_SB": 0, "RT5_EB": 0, "RT5_WB": 0, "RT8_EB": 0, "RT8_WB": 0, "RT10_NB": 0, "RT10_SB": 0, "RT11_EB": 0, "RT11_WB": 0, "RT16_EB": 0, "RT16_WB": 0, "RT31_NB": 0, "RT31_SB": 0, "RT36": 0, "RT50_NB": 0, "RT50_SB": 0, "RT51_NB": 0, "RT51_SB": 0, "RT53_NB": 0, "RT53_SB": 0, "RT54_EB": 0, "RT54_WB": 0, "RT66_EB": 0, "RT66_WB": 0, "RT97_EB": 0, "RT97_WB": 0, "RT140_NB": 0, "RT140_SB": 0, "RT141_NB": 0, "RT141_SB": 0, "RT155_NB": 131, "RT155_SB": 120, "RT157_NB": 0, "RT157_SB": 0, "RT198_NB": 0, "RT198_SB": 0, "RT766_EB": 0, "RT766_WB": 0, "RT777_EB": 0, "RT777_WB": 0, "AWDT23*1.2": 52861, "Total_Users": 53112, "TransitUsersTTL": 251, "TrnstModeShare": 0.47 }, "geometry": { "type": "MultiLineString", "coordinates": [ [ [ -106.692800419967924, 35.145026854902859 ], [ -106.691627263554011, 35.145773272478415 ], [ -106.690958931959827, 35.146211545003275 ], [ -106.689994677960598, 35.146830170370336 ], [ -106.689778270693367, 35.1469619689653 ], [ -106.689232800017535, 35.147294188285073 ], [ -106.688859938188415, 35.14755175273914 ], [ -106.688042838072434, 35.148113496544617 ], [ -106.687003312622565, 35.148923112706761 ], [ -106.686398886785582, 35.149461078778188 ], [ -106.686246003592089, 35.149618095378131 ] ] ] } },
{ "type": "Feature", "properties": { "fid": 971, "OBJECTID": 971, "COGID": 21352, "RTE": "LOWELL", "LOCAT": " NORTH OF SPAIN - SOUTH OF ACADEMY", "LENGTH": 2631.684, "MILES": 0.49799999594688416, "ADT22": 2712, "AWDT22": 3032, "Shape_Length": 2651.6290171856213, "ADT23": 2876, "AWDT23": 3216, "RT1_NB": 0, "RT1_SB": 11, "RT2_NB": 0, "RT2_SB": 0, "RT5_EB": 0, "RT5_WB": 0, "RT8_EB": 0, "RT8_WB": 0, "RT10_NB": 0, "RT10_SB": 0, "RT11_EB": 0, "RT11_WB": 0, "RT16_EB": 0, "RT16_WB": 0, "RT31_NB": 0, "RT31_SB": 0, "RT36": 0, "RT50_NB": 0, "RT50_SB": 0, "RT51_NB": 0, "RT51_SB": 0, "RT53_NB": 0, "RT53_SB": 0, "RT54_EB": 0, "RT54_WB": 0, "RT66_EB": 0, "RT66_WB": 0, "RT97_EB": 0, "RT97_WB": 0, "RT140_NB": 0, "RT140_SB": 0, "RT141_NB": 0, "RT141_SB": 0, "RT155_NB": 0, "RT155_SB": 0, "RT157_NB": 0, "RT157_SB": 0, "RT198_NB": 0, "RT198_SB": 0, "RT766_EB": 0, "RT766_WB": 0, "RT777_EB": 0, "RT777_WB": 0, "AWDT23*1.2": 3859, "Total_Users": 3870, "TransitUsersTTL": 11, "TrnstModeShare": 0.28 }, "geometry": { "type": "MultiLineString", "coordinates": [ [ [ -106.506892592815902, 35.145070892350667 ], [ -106.506902430579103, 35.146320824056161 ], [ -106.506874081286014, 35.147146888795589 ], [ -106.506902595771393, 35.147970770356338 ], [ -106.506903623394038, 35.14896265892181 ], [ -106.50690362447628, 35.148963003272783 ], [ -106.506919551036916, 35.149373394416891 ], [ -106.506920777377559, 35.149763209594745 ], [ -106.506924782511874, 35.151037753212663 ], [ -106.506913548090552, 35.152355603781771 ] ] ] } },
{ "type": "Feature", "properties": { "fid": 972, "OBJECTID": 972, "COGID": 21356, "RTE": "SAN MATEO", "LOCAT": " NORTH OF OSUNA - SOUTH OF ACADEMY", "LENGTH": 1140.864, "MILES": 0.21600000560283661, "ADT22": 33476, "AWDT22": 36179, "Shape_Length": 1139.4140655723797, "ADT23": 35927, "AWDT23": 38372, "RT1_NB": 0, "RT1_SB": 0, "RT2_NB": 0, "RT2_SB": 0, "RT5_EB": 0, "RT5_WB": 0, "RT8_EB": 0, "RT8_WB": 0, "RT10_NB": 0, "RT10_SB": 0, "RT11_EB": 0, "RT11_WB": 0, "RT16_EB": 0, "RT16_WB": 0, "RT31_NB": 0, "RT31_SB": 0, "RT36": 0, "RT50_NB": 0, "RT50_SB": 0, "RT51_NB": 0, "RT51_SB": 0, "RT53_NB": 0, "RT53_SB": 0, "RT54_EB": 0, "RT54_WB": 0, "RT66_EB": 0, "RT66_WB": 0, "RT97_EB": 0, "RT97_WB": 0, "RT140_NB": 69, "RT140_SB": 47, "RT141_NB": 81, "RT141_SB": 69, "RT155_NB": 0, "RT155_SB": 0, "RT157_NB": 0, "RT157_SB": 0, "RT198_NB": 0, "RT198_SB": 0, "RT766_EB": 0, "RT766_WB": 0, "RT777_EB": 0, "RT777_WB": 0, "AWDT23*1.2": 46046, "Total_Users": 46312, "TransitUsersTTL": 266, "TrnstModeShare": 0.57 }, "geometry": { "type": "MultiLineString", "coordinates": [ [ [ -106.586440444888211, 35.144896523632994 ], [ -106.586423267242935, 35.148027144541054 ] ] ] } },
{ "type": "Feature", "properties": { "fid": 981, "OBJECTID": 981, "COGID": 21398, "RTE": "EUBANK", "LOCAT": "NORTH OF CAMINO DEL SOL - SOUTH OF MALGUENA", "LENGTH": 1133.9, "MILES": 0.21500000357627869, "ADT22": 20304, "AWDT22": 21944, "Shape_Length": 1131.0647172745767, "ADT23": 21791, "AWDT23": 23274, "RT1_NB": 0, "RT1_SB": 0, "RT2_NB": 8, "RT2_SB": 9, "RT5_EB": 0, "RT5_WB": 0, "RT8_EB": 0, "RT8_WB": 0, "RT10_NB": 0, "RT10_SB": 0, "RT11_EB": 0, "RT11_WB": 0, "RT16_EB": 0, "RT16_WB": 0, "RT31_NB": 0, "RT31_SB": 0, "RT36": 0, "RT50_NB": 0, "RT50_SB": 0, "RT51_NB": 0, "RT51_SB": 0, "RT53_NB": 0, "RT53_SB": 0, "RT54_EB": 0, "RT54_WB": 0, "RT66_EB": 0, "RT66_WB": 0, "RT97_EB": 0, "RT97_WB": 0, "RT140_NB": 0, "RT140_SB": 0, "RT141_NB": 0, "RT141_SB": 0, "RT155_NB": 0, "RT155_SB": 0, "RT157_NB": 0, "RT157_SB": 0, "RT198_NB": 0, "RT198_SB": 0, "RT766_EB": 0, "RT766_WB": 0, "RT777_EB": 0, "RT777_WB": 0, "AWDT23*1.2": 27929, "Total_Users": 27946, "TransitUsersTTL": 17, "TrnstModeShare": 0.06 }, "geometry": { "type": "MultiLineString", "coordinates": [ [ [ -106.531450133469335, 35.143093228904462 ], [ -106.53022201935768, 35.144689608914902 ], [ -106.530210640964157, 35.144704397346011 ], [ -106.529390732907629, 35.145699818230035 ] ] ] } },
{ "type": "Feature", "properties": { "fid": 982, "OBJECTID": 982, "COGID": 21400, "RTE": "EUBANK", "LOCAT": " NORTH OF SPAIN - SOUTH OF CAMINO DEL SOL", "LENGTH": 1661.376, "MILES": 0.31499999761581421, "ADT22": 23045, "AWDT22": 24906, "Shape_Length": 1668.8108605097407, "ADT23": 23992, "AWDT23": 25624, "RT1_NB": 0, "RT1_SB": 0, "RT2_NB": 10, "RT2_SB": 10, "RT5_EB": 0, "RT5_WB": 0, "RT8_EB": 0, "RT8_WB": 0, "RT10_NB": 0, "RT10_SB": 0, "RT11_EB": 0, "RT11_WB": 0, "RT16_EB": 0, "RT16_WB": 0, "RT31_NB": 0, "RT31_SB": 0, "RT36": 0, "RT50_NB": 0, "RT50_SB": 0, "RT51_NB": 0, "RT51_SB": 0, "RT53_NB": 0, "RT53_SB": 0, "RT54_EB": 0, "RT54_WB": 0, "RT66_EB": 0, "RT66_WB": 0, "RT97_EB": 0, "RT97_WB": 0, "RT140_NB": 0, "RT140_SB": 0, "RT141_NB": 0, "RT141_SB": 0, "RT155_NB": 0, "RT155_SB": 0, "RT157_NB": 0, "RT157_SB": 0, "RT198_NB": 0, "RT198_SB": 0, "RT766_EB": 0, "RT766_WB": 0, "RT777_EB": 0, "RT777_WB": 0, "AWDT23*1.2": 30749, "Total_Users": 30769, "TransitUsersTTL": 20, "TrnstModeShare": 0.07 }, "geometry": { "type": "MultiLineString", "coordinates": [ [ [ -106.533359359771751, 35.138883830622412 ], [ -106.533329342476407, 35.139389556984852 ], [ -106.533300201625295, 35.139794864333844 ], [ -106.533234532985887, 35.140157676184579 ], [ -106.533118969095753, 35.140529496452181 ], [ -106.532982652157528, 35.140908043888082 ], [ -106.53282253745374, 35.141238074826823 ], [ -106.532619220680033, 35.141562902178102 ], [ -106.532459869113907, 35.141793778676238 ], [ -106.532450920428104, 35.141806742535827 ], [ -106.532077667637594, 35.142292119913236 ], [ -106.531699668033085, 35.142784090426908 ], [ -106.531450133469335, 35.143093228904462 ] ] ] } },
{ "type": "Feature", "properties": { "fid": 983, "OBJECTID": 983, "COGID": 21404, "RTE": "4TH STREET", "LOCAT": "NORTH OF GUADALUPE TRAIL - SOUTH OF CHAVEZ", "LENGTH": 3133.809, "MILES": 0.59399998188018799, "ADT22": 14450, "AWDT22": 15280, "Shape_Length": 3122.4084673275906, "ADT23": 14973, "AWDT23": 16109, "RT1_NB": 0, "RT1_SB": 0, "RT2_NB": 0, "RT2_SB": 0, "RT5_EB": 0, "RT5_WB": 0, "RT8_EB": 0, "RT8_WB": 0, "RT10_NB": 60, "RT10_SB": 82, "RT11_EB": 0, "RT11_WB": 0, "RT16_EB": 0, "RT16_WB": 0, "RT31_NB": 0, "RT31_SB": 0, "RT36": 0, "RT50_NB": 0, "RT50_SB": 0, "RT51_NB": 0, "RT51_SB": 0, "RT53_NB": 0, "RT53_SB": 0, "RT54_EB": 0, "RT54_WB": 0, "RT66_EB": 0, "RT66_WB": 0, "RT97_EB": 0, "RT97_WB": 0, "RT140_NB": 0, "RT140_SB": 0, "RT141_NB": 0, "RT141_SB": 0, "RT155_NB": 0, "RT155_SB": 0, "RT157_NB": 0, "RT157_SB": 0, "RT198_NB": 0, "RT198_SB": 0, "RT766_EB": 0, "RT766_WB": 0, "RT777_EB": 0, "RT777_WB": 0, "AWDT23*1.2": 19331, "Total_Users": 19473, "TransitUsersTTL": 142, "TrnstModeShare": 0.73 }, "geometry": { "type": "MultiLineString", "coordinates": [ [ [ -106.640099763408784, 35.144678499740273 ], [ -106.639983560054191, 35.145321739220115 ], [ -106.639857905906496, 35.146017290025952 ], [ -106.639530001660205, 35.147731001069751 ], [ -106.639411820434418, 35.14834376011602 ], [ -106.639411377455076, 35.148346382038646 ], [ -106.639291035430219, 35.149059569657055 ], [ -106.639279877693824, 35.149118278712997 ], [ -106.639202726207131, 35.149524264831982 ], [ -106.639137253774905, 35.149854360444245 ], [ -106.639082801771551, 35.150127845980492 ], [ -106.639082226907448, 35.150130664839523 ], [ -106.638935838291516, 35.150848309356945 ], [ -106.638927613824862, 35.150878647715487 ], [ -106.638813740412729, 35.151298744463425 ], [ -106.638806361494858, 35.151333575599786 ], [ -106.638585430895532, 35.152376593330523 ], [ -106.6385498243841, 35.152578797710774 ], [ -106.638449502842718, 35.153148511855079 ] ] ] } },
{ "type": "Feature", "properties": { "fid": 995, "OBJECTID": 995, "COGID": 21440, "RTE": "SPAIN", "LOCAT": " EAST OF JUAN TABO - WEST OF LOWELL", "LENGTH": 3347.553, "MILES": 0.63400000333786011, "ADT22": 9321, "AWDT22": 9877, "Shape_Length": 3358.8845211468338, "ADT23": 9737, "AWDT23": 10476, "RT1_NB": 0, "RT1_SB": 12, "RT2_NB": 0, "RT2_SB": 0, "RT5_EB": 0, "RT5_WB": 0, "RT8_EB": 0, "RT8_WB": 0, "RT10_NB": 0, "RT10_SB": 0, "RT11_EB": 0, "RT11_WB": 0, "RT16_EB": 0, "RT16_WB": 0, "RT31_NB": 0, "RT31_SB": 0, "RT36": 0, "RT50_NB": 0, "RT50_SB": 0, "RT51_NB": 0, "RT51_SB": 0, "RT53_NB": 0, "RT53_SB": 0, "RT54_EB": 0, "RT54_WB": 0, "RT66_EB": 0, "RT66_WB": 0, "RT97_EB": 0, "RT97_WB": 0, "RT140_NB": 0, "RT140_SB": 0, "RT141_NB": 0, "RT141_SB": 0, "RT155_NB": 0, "RT155_SB": 0, "RT157_NB": 0, "RT157_SB": 0, "RT198_NB": 0, "RT198_SB": 0, "RT766_EB": 0, "RT766_WB": 0, "RT777_EB": 0, "RT777_WB": 0, "AWDT23*1.2": 12571, "Total_Users": 12583, "TransitUsersTTL": 12, "TrnstModeShare": 0.1 }, "geometry": { "type": "MultiLineString", "coordinates": [ [ [ -106.517405946970129, 35.141876890427447 ], [ -106.516293174027624, 35.142284648600089 ], [ -106.515810852690578, 35.142461382844154 ], [ -106.515634696834809, 35.142524960699511 ], [ -106.514920215033627, 35.142782826595571 ], [ -106.513985485837182, 35.14313217857751 ], [ -106.513985358687862, 35.143132226631316 ], [ -106.512502344789425, 35.143673905411475 ], [ -106.511564278606272, 35.143944736043991 ], [ -106.511562978217825, 35.143945112050773 ], [ -106.509864193343603, 35.144357170249897 ], [ -106.507480959450248, 35.144975996567645 ], [ -106.506892592815902, 35.145070892350667 ] ] ] } },
{ "type": "Feature", "properties": { "fid": 996, "OBJECTID": 996, "COGID": 21444, "RTE": "JUAN TABO", "LOCAT": " NORTH OF SPAIN - EAST OF EUBANK", "LENGTH": 3902.657, "MILES": 0.73900002241134644, "ADT22": 11589, "AWDT22": 12525, "Shape_Length": 3891.6376247519338, "ADT23": 12438, "AWDT23": 13284, "RT1_NB": 13, "RT1_SB": 0, "RT2_NB": 0, "RT2_SB": 0, "RT5_EB": 0, "RT5_WB": 0, "RT8_EB": 0, "RT8_WB": 0, "RT10_NB": 0, "RT10_SB": 0, "RT11_EB": 0, "RT11_WB": 0, "RT16_EB": 0, "RT16_WB": 0, "RT31_NB": 0, "RT31_SB": 0, "RT36": 0, "RT50_NB": 0, "RT50_SB": 0, "RT51_NB": 0, "RT51_SB": 0, "RT53_NB": 0, "RT53_SB": 0, "RT54_EB": 0, "RT54_WB": 0, "RT66_EB": 0, "RT66_WB": 0, "RT97_EB": 0, "RT97_WB": 0, "RT140_NB": 0, "RT140_SB": 0, "RT141_NB": 0, "RT141_SB": 0, "RT155_NB": 0, "RT155_SB": 0, "RT157_NB": 0, "RT157_SB": 0, "RT198_NB": 0, "RT198_SB": 0, "RT766_EB": 0, "RT766_WB": 0, "RT777_EB": 0, "RT777_WB": 0, "AWDT23*1.2": 15941, "Total_Users": 15954, "TransitUsersTTL": 13, "TrnstModeShare": 0.08 }, "geometry": { "type": "MultiLineString", "coordinates": [ [ [ -106.517405946970129, 35.141876890427447 ], [ -106.518194767882505, 35.14335125102987 ], [ -106.518194851711328, 35.143351379751536 ], [ -106.518397928416121, 35.143664721778762 ], [ -106.518616612368305, 35.143940911695445 ], [ -106.518835511090785, 35.144186845400171 ], [ -106.518867137657651, 35.144218816326457 ], [ -106.519048803148706, 35.144402457395337 ], [ -106.519291384624097, 35.144596428645407 ], [ -106.51948635845018, 35.144739348975527 ], [ -106.519744422507529, 35.144910895590421 ], [ -106.520430521322268, 35.145285700411868 ], [ -106.520469502962868, 35.145306995769275 ], [ -106.520764821803212, 35.145464667567801 ], [ -106.520774344374104, 35.145469881000977 ], [ -106.521182379975372, 35.145693220974209 ], [ -106.521207242584126, 35.145706830388207 ], [ -106.521935885534688, 35.146086152202848 ], [ -106.521952553470484, 35.146094829097791 ], [ -106.52271471267818, 35.146511168266173 ], [ -106.522760215544977, 35.146536026051102 ], [ -106.523469218024474, 35.146905211728168 ], [ -106.523510213122748, 35.146926558345235 ], [ -106.524219248685412, 35.147305223655692 ], [ -106.524844237206196, 35.147638997630459 ], [ -106.525422881048669, 35.147938081413002 ], [ -106.525532989149085, 35.147994993710412 ], [ -106.526949268117463, 35.148741686698791 ] ] ] } },
{ "type": "Feature", "properties": { "fid": 1004, "OBJECTID": 1004, "COGID": 21488, "RTE": "WYOMING", "LOCAT": " NORTH OF SPAIN - SOUTH OF ACADEMY", "LENGTH": 2426.515, "MILES": 0.46000000834465027, "ADT22": 42020, "AWDT22": 45413, "Shape_Length": 2434.0724888616533, "ADT23": 45097, "AWDT23": 48166, "RT1_NB": 0, "RT1_SB": 0, "RT2_NB": 0, "RT2_SB": 0, "RT5_EB": 0, "RT5_WB": 0, "RT8_EB": 0, "RT8_WB": 0, "RT10_NB": 0, "RT10_SB": 0, "RT11_EB": 0, "RT11_WB": 0, "RT16_EB": 0, "RT16_WB": 0, "RT31_NB": 64, "RT31_SB": 60, "RT36": 0, "RT50_NB": 0, "RT50_SB": 0, "RT51_NB": 0, "RT51_SB": 0, "RT53_NB": 0, "RT53_SB": 0, "RT54_EB": 0, "RT54_WB": 0, "RT66_EB": 0, "RT66_WB": 0, "RT97_EB": 0, "RT97_WB": 0, "RT140_NB": 0, "RT140_SB": 0, "RT141_NB": 0, "RT141_SB": 0, "RT155_NB": 0, "RT155_SB": 0, "RT157_NB": 0, "RT157_SB": 0, "RT198_NB": 0, "RT198_SB": 0, "RT766_EB": 0, "RT766_WB": 0, "RT777_EB": 0, "RT777_WB": 0, "AWDT23*1.2": 57799, "Total_Users": 57923, "TransitUsersTTL": 124, "TrnstModeShare": 0.21 }, "geometry": { "type": "MultiLineString", "coordinates": [ [ [ -106.551028210631387, 35.1399527625858 ], [ -106.551072461404502, 35.141207815949052 ], [ -106.551456526798873, 35.14229114113725 ], [ -106.551652387346536, 35.142792780185772 ], [ -106.552405456564884, 35.143973182914571 ], [ -106.552416976477346, 35.143991240816099 ], [ -106.552851842211211, 35.144669846430865 ], [ -106.553794345894246, 35.146135160263569 ] ] ] } },
{ "type": "Feature", "properties": { "fid": 1006, "OBJECTID": 1006, "COGID": 21492, "RTE": "MONTAÑO", "LOCAT": "WEST OF WINTER HAVEN - EAST OF RANCHO CABALLERO", "LENGTH": 8723.097, "MILES": 1.6519999504089355, "ADT22": 26641, "AWDT22": 28792, "Shape_Length": 8729.1753051169926, "ADT23": 27366, "AWDT23": 29229, "RT1_NB": 0, "RT1_SB": 0, "RT2_NB": 0, "RT2_SB": 0, "RT5_EB": 0, "RT5_WB": 0, "RT8_EB": 0, "RT8_WB": 0, "RT10_NB": 0, "RT10_SB": 0, "RT11_EB": 0, "RT11_WB": 0, "RT16_EB": 0, "RT16_WB": 0, "RT31_NB": 0, "RT31_SB": 0, "RT36": 0, "RT50_NB": 0, "RT50_SB": 0, "RT51_NB": 0, "RT51_SB": 0, "RT53_NB": 0, "RT53_SB": 0, "RT54_EB": 0, "RT54_WB": 0, "RT66_EB": 0, "RT66_WB": 0, "RT97_EB": 0, "RT97_WB": 0, "RT140_NB": 0, "RT140_SB": 0, "RT141_NB": 0, "RT141_SB": 0, "RT155_NB": 0, "RT155_SB": 0, "RT157_NB": 126, "RT157_SB": 110, "RT198_NB": 0, "RT198_SB": 0, "RT766_EB": 0, "RT766_WB": 0, "RT777_EB": 0, "RT777_WB": 0, "AWDT23*1.2": 35075, "Total_Users": 35311, "TransitUsersTTL": 236, "TrnstModeShare": 0.67 }, "geometry": { "type": "MultiLineString", "coordinates": [ [ [ -106.684023914055388, 35.148489529227916 ], [ -106.682473805392647, 35.147729406032873 ], [ -106.68245904624888, 35.147722170543574 ], [ -106.678484519127494, 35.145773033758552 ], [ -106.677496488504929, 35.145371320210202 ], [ -106.676475824071332, 35.145032024785081 ], [ -106.675592231155491, 35.144785994910272 ], [ -106.675053727451882, 35.144663309147639 ], [ -106.674955659138092, 35.144640966475869 ], [ -106.674887803019587, 35.14462833811961 ], [ -106.67465450863736, 35.144584921173838 ], [ -106.674651549202196, 35.144584369945605 ], [ -106.671573218726252, 35.144011426568071 ], [ -106.668612205658832, 35.143450055468499 ], [ -106.667425145946964, 35.143303647999645 ], [ -106.666414505966799, 35.143076415864165 ], [ -106.664863390734553, 35.142711153329984 ], [ -106.664810016584568, 35.142698584217293 ], [ -106.662324314511679, 35.142113190595843 ], [ -106.661241523970403, 35.141885917256083 ], [ -106.659328259079373, 35.141484303886102 ], [ -106.659312756515732, 35.141481166037515 ], [ -106.657141845387443, 35.141041687200193 ], [ -106.656583701614963, 35.140947913347034 ], [ -106.656557669979279, 35.140943540335535 ] ] ] } },
{ "type": "Feature", "properties": { "fid": 1011, "OBJECTID": 1011, "COGID": 21512, "RTE": "4TH STREET", "LOCAT": " NORTH OF MONTANO - SOUTH OF GUADALUPE TRAIL", "LENGTH": 2229.561, "MILES": 0.42199999094009399, "ADT22": 15956, "AWDT22": 16906, "Shape_Length": 2228.7686178439922, "ADT23": 17618, "AWDT23": 18955, "RT1_NB": 0, "RT1_SB": 0, "RT2_NB": 0, "RT2_SB": 0, "RT5_EB": 0, "RT5_WB": 0, "RT8_EB": 0, "RT8_WB": 0, "RT10_NB": 87, "RT10_SB": 108, "RT11_EB": 0, "RT11_WB": 0, "RT16_EB": 0, "RT16_WB": 0, "RT31_NB": 0, "RT31_SB": 0, "RT36": 0, "RT50_NB": 0, "RT50_SB": 0, "RT51_NB": 0, "RT51_SB": 0, "RT53_NB": 0, "RT53_SB": 0, "RT54_EB": 0, "RT54_WB": 0, "RT66_EB": 0, "RT66_WB": 0, "RT97_EB": 0, "RT97_WB": 0, "RT140_NB": 0, "RT140_SB": 0, "RT141_NB": 0, "RT141_SB": 0, "RT155_NB": 0, "RT155_SB": 0, "RT157_NB": 0, "RT157_SB": 0, "RT198_NB": 0, "RT198_SB": 0, "RT766_EB": 0, "RT766_WB": 0, "RT777_EB": 0, "RT777_WB": 0, "AWDT23*1.2": 22746, "Total_Users": 22941, "TransitUsersTTL": 195, "TrnstModeShare": 0.85 }, "geometry": { "type": "MultiLineString", "coordinates": [ [ [ -106.641244618968813, 35.138627439015238 ], [ -106.641024205427655, 35.139842557380383 ], [ -106.64101857036006, 35.139872181742341 ], [ -106.640922790875976, 35.140375736286167 ], [ -106.640773504029454, 35.141138883056882 ], [ -106.640752554640784, 35.141245971116618 ], [ -106.640751535890928, 35.141251181150508 ], [ -106.640688706301987, 35.141587196489539 ], [ -106.640500646080767, 35.1425812828506 ], [ -106.640499099358038, 35.14258946484486 ], [ -106.640234366590974, 35.14396247945831 ], [ -106.640232108295493, 35.143974493077614 ], [ -106.640099763408784, 35.144678499740273 ] ] ] } },
{ "type": "Feature", "properties": { "fid": 1012, "OBJECTID": 1012, "COGID": 21516, "RTE": "MONTAÑO", "LOCAT": "EAST OF RANCHO CABALLERO - WEST OF 4TH ST.", "LENGTH": 4676.427, "MILES": 0.88599997758865356, "ADT22": 24024, "AWDT22": 25964, "Shape_Length": 4674.8401091409605, "ADT23": 27255, "AWDT23": 29110, "RT1_NB": 0, "RT1_SB": 0, "RT2_NB": 0, "RT2_SB": 0, "RT5_EB": 0, "RT5_WB": 0, "RT8_EB": 0, "RT8_WB": 0, "RT10_NB": 0, "RT10_SB": 0, "RT11_EB": 0, "RT11_WB": 0, "RT16_EB": 0, "RT16_WB": 0, "RT31_NB": 0, "RT31_SB": 0, "RT36": 0, "RT50_NB": 0, "RT50_SB": 0, "RT51_NB": 0, "RT51_SB": 0, "RT53_NB": 0, "RT53_SB": 0, "RT54_EB": 0, "RT54_WB": 0, "RT66_EB": 0, "RT66_WB": 0, "RT97_EB": 0, "RT97_WB": 0, "RT140_NB": 0, "RT140_SB": 0, "RT141_NB": 0, "RT141_SB": 0, "RT155_NB": 0, "RT155_SB": 0, "RT157_NB": 129, "RT157_SB": 113, "RT198_NB": 0, "RT198_SB": 0, "RT766_EB": 0, "RT766_WB": 0, "RT777_EB": 0, "RT777_WB": 0, "AWDT23*1.2": 34932, "Total_Users": 35174, "TransitUsersTTL": 242, "TrnstModeShare": 0.69 }, "geometry": { "type": "MultiLineString", "coordinates": [ [ [ -106.656557669979279, 35.140943540335535 ], [ -106.653372146232954, 35.14039151998572 ], [ -106.6529422292286, 35.140308682273705 ], [ -106.652413133606004, 35.140165833284151 ], [ -106.651896641858457, 35.139963478144125 ], [ -106.651586159193016, 35.139836886238875 ], [ -106.651260804998614, 35.139726292047101 ], [ -106.650929958436805, 35.139657172617895 ], [ -106.650529137724291, 35.139594973204069 ], [ -106.649964453018427, 35.139524266498661 ], [ -106.64972253524202, 35.139492036647738 ], [ -106.648987088915959, 35.139394054587115 ], [ -106.648613790728959, 35.139347692156562 ], [ -106.648127890646961, 35.139306589803695 ], [ -106.647370707293845, 35.139268208902998 ], [ -106.647347119996027, 35.139266426563204 ], [ -106.647081934741195, 35.139246382248452 ], [ -106.646538582747993, 35.139204095164573 ], [ -106.645851988383356, 35.139132095038896 ], [ -106.645811159982316, 35.139127814020604 ], [ -106.645245798950313, 35.139067127806477 ], [ -106.644327512551499, 35.138968553468274 ], [ -106.64265593197733, 35.138770686239752 ], [ -106.642495643885539, 35.138754416965497 ], [ -106.641244618968813, 35.138627439015238 ] ] ] } },
{ "type": "Feature", "properties": { "fid": 1016, "OBJECTID": 1016, "COGID": 21536, "RTE": "SAN MATEO", "LOCAT": " NORTH OF MCLEOD - SOUTH OF OSUNA", "LENGTH": 2296.328, "MILES": 0.43500000238418579, "ADT22": 28492, "AWDT22": 30793, "Shape_Length": 2293.6843449304852, "ADT23": 30579, "AWDT23": 32660, "RT1_NB": 0, "RT1_SB": 0, "RT2_NB": 0, "RT2_SB": 0, "RT5_EB": 0, "RT5_WB": 0, "RT8_EB": 0, "RT8_WB": 0, "RT10_NB": 0, "RT10_SB": 0, "RT11_EB": 0, "RT11_WB": 0, "RT16_EB": 0, "RT16_WB": 0, "RT31_NB": 0, "RT31_SB": 0, "RT36": 0, "RT50_NB": 0, "RT50_SB": 0, "RT51_NB": 0, "RT51_SB": 0, "RT53_NB": 0, "RT53_SB": 0, "RT54_EB": 0, "RT54_WB": 0, "RT66_EB": 0, "RT66_WB": 0, "RT97_EB": 0, "RT97_WB": 0, "RT140_NB": 237, "RT140_SB": 62, "RT141_NB": 116, "RT141_SB": 116, "RT155_NB": 0, "RT155_SB": 0, "RT157_NB": 0, "RT157_SB": 0, "RT198_NB": 0, "RT198_SB": 0, "RT766_EB": 0, "RT766_WB": 0, "RT777_EB": 0, "RT777_WB": 0, "AWDT23*1.2": 39192, "Total_Users": 39723, "TransitUsersTTL": 531, "TrnstModeShare": 1.34 }, "geometry": { "type": "MultiLineString", "coordinates": [ [ [ -106.586406055480225, 35.138594734111663 ], [ -106.586415532374787, 35.139237543637073 ], [ -106.586424064780033, 35.139787043278481 ], [ -106.586433015436342, 35.140336540806601 ], [ -106.586441548139049, 35.140886041247235 ], [ -106.58644118315452, 35.141435567242084 ], [ -106.586440819882526, 35.141984969684145 ], [ -106.586440820375856, 35.141985089575257 ], [ -106.586423957276978, 35.143012746430422 ], [ -106.586437929677004, 35.144156249879622 ], [ -106.586440444888211, 35.144896523632994 ] ] ] } },
{ "type": "Feature", "properties": { "fid": 1020, "OBJECTID": 1020, "COGID": 21544, "RTE": "MONTAÑO", "LOCAT": " EAST OF 4TH ST. - WEST OF 2ND ST.", "LENGTH": 1385.952, "MILES": 0.26199999451637268, "ADT22": 24664, "AWDT22": 26557, "Shape_Length": 1359.474862939893, "ADT23": 25988, "AWDT23": 27756, "RT1_NB": 0, "RT1_SB": 0, "RT2_NB": 0, "RT2_SB": 0, "RT5_EB": 0, "RT5_WB": 0, "RT8_EB": 0, "RT8_WB": 0, "RT10_NB": 125, "RT10_SB": 0, "RT11_EB": 0, "RT11_WB": 0, "RT16_EB": 0, "RT16_WB": 0, "RT31_NB": 0, "RT31_SB": 0, "RT36": 0, "RT50_NB": 0, "RT50_SB": 0, "RT51_NB": 0, "RT51_SB": 0, "RT53_NB": 0, "RT53_SB": 0, "RT54_EB": 0, "RT54_WB": 0, "RT66_EB": 0, "RT66_WB": 0, "RT97_EB": 0, "RT97_WB": 0, "RT140_NB": 0, "RT140_SB": 0, "RT141_NB": 0, "RT141_SB": 0, "RT155_NB": 0, "RT155_SB": 0, "RT157_NB": 130, "RT157_SB": 129, "RT198_NB": 0, "RT198_SB": 0, "RT766_EB": 0, "RT766_WB": 0, "RT777_EB": 0, "RT777_WB": 0, "AWDT23*1.2": 33307, "Total_Users": 33691, "TransitUsersTTL": 384, "TrnstModeShare": 1.14 }, "geometry": { "type": "MultiLineString", "coordinates": [ [ [ -106.641244618968813, 35.138627439015238 ], [ -106.640736042498318, 35.138584467331405 ], [ -106.640161156884261, 35.138586319570926 ], [ -106.639683456954529, 35.138580126712199 ], [ -106.639274481374756, 35.13854452421532 ], [ -106.638900126105383, 35.13850169322599 ], [ -106.638290653980803, 35.138433370851985 ], [ -106.637433473101538, 35.138328551084996 ], [ -106.636976118482124, 35.138274432845151 ], [ -106.636728455382851, 35.13824512596436 ] ] ] } },
{ "type": "Feature", "properties": { "fid": 1023, "OBJECTID": 1023, "COGID": 21552, "RTE": "JUAN TABO", "LOCAT": " AT BEAR ARROYO CROSSING - SOUTH OF SPAIN", "LENGTH": 1327.437, "MILES": 0.25099998712539673, "ADT22": 18666, "AWDT22": 20208, "Shape_Length": 1336.4375777387436, "ADT23": 19798, "AWDT23": 21433, "RT1_NB": 17, "RT1_SB": 16, "RT2_NB": 0, "RT2_SB": 0, "RT5_EB": 0, "RT5_WB": 0, "RT8_EB": 0, "RT8_WB": 0, "RT10_NB": 0, "RT10_SB": 0, "RT11_EB": 0, "RT11_WB": 0, "RT16_EB": 0, "RT16_WB": 0, "RT31_NB": 0, "RT31_SB": 0, "RT36": 0, "RT50_NB": 0, "RT50_SB": 0, "RT51_NB": 0, "RT51_SB": 0, "RT53_NB": 0, "RT53_SB": 0, "RT54_EB": 0, "RT54_WB": 0, "RT66_EB": 0, "RT66_WB": 0, "RT97_EB": 0, "RT97_WB": 0, "RT140_NB": 0, "RT140_SB": 0, "RT141_NB": 0, "RT141_SB": 0, "RT155_NB": 0, "RT155_SB": 0, "RT157_NB": 0, "RT157_SB": 0, "RT198_NB": 0, "RT198_SB": 0, "RT766_EB": 0, "RT766_WB": 0, "RT777_EB": 0, "RT777_WB": 0, "AWDT23*1.2": 25720, "Total_Users": 25753, "TransitUsersTTL": 33, "TrnstModeShare": 0.13 }, "geometry": { "type": "MultiLineString", "coordinates": [ [ [ -106.515957740942085, 35.138403474552398 ], [ -106.516965281783641, 35.140906887624872 ], [ -106.516966048907733, 35.140908576152313 ], [ -106.517405946970129, 35.141876890427447 ] ] ] } },
{ "type": "Feature", "properties": { "fid": 1026, "OBJECTID": 1026, "COGID": 21558, "RTE": "UPTOWN LOOP", "LOCAT": "NORTH OF WINROCK LOOP - SOUTH OF INDIAN SCHOOL", "LENGTH": 971.898, "MILES": 0.18400000035762787, "ADT22": 6776, "AWDT22": 7474, "Shape_Length": 932.94732967833249, "ADT23": 7301, "AWDT23": 7855, "RT1_NB": 0, "RT1_SB": 0, "RT2_NB": 0, "RT2_SB": 0, "RT5_EB": 0, "RT5_WB": 0, "RT8_EB": 0, "RT8_WB": 0, "RT10_NB": 0, "RT10_SB": 0, "RT11_EB": 0, "RT11_WB": 0, "RT16_EB": 0, "RT16_WB": 0, "RT31_NB": 0, "RT31_SB": 0, "RT36": 0, "RT50_NB": 0, "RT50_SB": 0, "RT51_NB": 0, "RT51_SB": 0, "RT53_NB": 0, "RT53_SB": 0, "RT54_EB": 0, "RT54_WB": 0, "RT66_EB": 0, "RT66_WB": 0, "RT97_EB": 0, "RT97_WB": 0, "RT140_NB": 0, "RT140_SB": 0, "RT141_NB": 0, "RT141_SB": 0, "RT155_NB": 0, "RT155_SB": 0, "RT157_NB": 0, "RT157_SB": 0, "RT198_NB": 0, "RT198_SB": 0, "RT766_EB": 374, "RT766_WB": 401, "RT777_EB": 0, "RT777_WB": 0, "AWDT23*1.2": 9426, "Total_Users": 10201, "TransitUsersTTL": 775, "TrnstModeShare": 7.6 }, "geometry": { "type": "MultiLineString", "coordinates": [ [ [ -106.567659867837918, 35.099767505663706 ], [ -106.56746939451422, 35.099805746632782 ], [ -106.567351517701994, 35.099852285396835 ], [ -106.567241575647643, 35.099920092924336 ], [ -106.567156039874362, 35.099986475315447 ], [ -106.567073601488801, 35.100059645607381 ], [ -106.567021461525243, 35.100132434636613 ], [ -106.566995081028338, 35.100179863300511 ], [ -106.566986622672871, 35.100195073111649 ], [ -106.566954666057129, 35.10026783638417 ], [ -106.566912111352977, 35.100389347330719 ], [ -106.56686402188528, 35.10048455027011 ], [ -106.566805032479564, 35.100597297822432 ], [ -106.566573190775372, 35.100923684336117 ], [ -106.566464777902269, 35.101113255549258 ], [ -106.566438815417897, 35.101181310963675 ], [ -106.566423387795211, 35.101234988634111 ], [ -106.566401723504242, 35.10133216871111 ], [ -106.566356691199644, 35.101508048984471 ], [ -106.566266500189414, 35.101700567086894 ], [ -106.566165298178078, 35.101886571080321 ] ] ] } },
{ "type": "Feature", "properties": { "fid": 1027, "OBJECTID": 1027, "COGID": 21559, "RTE": "WINROCK LOOP", "LOCAT": "EAST OF AMERICAS PKWY - SOUTH OF UPTOWN  LOOP", "LENGTH": 338.166, "MILES": 0.064000003039836884, "ADT22": 6533, "AWDT22": 7306, "Shape_Length": 330.68549327856897, "ADT23": 6390, "AWDT23": 6875, "RT1_NB": 0, "RT1_SB": 0, "RT2_NB": 0, "RT2_SB": 0, "RT5_EB": 0, "RT5_WB": 0, "RT8_EB": 0, "RT8_WB": 0, "RT10_NB": 0, "RT10_SB": 0, "RT11_EB": 0, "RT11_WB": 0, "RT16_EB": 0, "RT16_WB": 0, "RT31_NB": 0, "RT31_SB": 0, "RT36": 0, "RT50_NB": 0, "RT50_SB": 0, "RT51_NB": 0, "RT51_SB": 0, "RT53_NB": 0, "RT53_SB": 0, "RT54_EB": 0, "RT54_WB": 0, "RT66_EB": 0, "RT66_WB": 0, "RT97_EB": 0, "RT97_WB": 0, "RT140_NB": 0, "RT140_SB": 0, "RT141_NB": 0, "RT141_SB": 0, "RT155_NB": 0, "RT155_SB": 0, "RT157_NB": 0, "RT157_SB": 0, "RT198_NB": 0, "RT198_SB": 0, "RT766_EB": 374, "RT766_WB": 401, "RT777_EB": 0, "RT777_WB": 0, "AWDT23*1.2": 8250, "Total_Users": 9025, "TransitUsersTTL": 775, "TrnstModeShare": 8.59 }, "geometry": { "type": "MultiLineString", "coordinates": [ [ [ -106.567659867837918, 35.099767505663706 ], [ -106.568077501008958, 35.099773796355642 ], [ -106.568765360321237, 35.099773121163842 ] ] ] } },
{ "type": "Feature", "properties": { "fid": 1032, "OBJECTID": 1032, "COGID": 21576, "RTE": "WYOMING", "LOCAT": " NORTH OF OSUNA - SOUTH OF SPAIN", "LENGTH": 909.375, "MILES": 0.17200000584125519, "ADT22": 40417, "AWDT22": 43681, "Shape_Length": 904.10240101321062, "ADT23": 43377, "AWDT23": 46329, "RT1_NB": 0, "RT1_SB": 0, "RT2_NB": 0, "RT2_SB": 0, "RT5_EB": 0, "RT5_WB": 0, "RT8_EB": 0, "RT8_WB": 0, "RT10_NB": 0, "RT10_SB": 0, "RT11_EB": 0, "RT11_WB": 0, "RT16_EB": 0, "RT16_WB": 0, "RT31_NB": 69, "RT31_SB": 72, "RT36": 0, "RT50_NB": 0, "RT50_SB": 0, "RT51_NB": 0, "RT51_SB": 0, "RT53_NB": 0, "RT53_SB": 0, "RT54_EB": 0, "RT54_WB": 0, "RT66_EB": 0, "RT66_WB": 0, "RT97_EB": 0, "RT97_WB": 0, "RT140_NB": 0, "RT140_SB": 0, "RT141_NB": 0, "RT141_SB": 0, "RT155_NB": 0, "RT155_SB": 0, "RT157_NB": 0, "RT157_SB": 0, "RT198_NB": 0, "RT198_SB": 0, "RT766_EB": 0, "RT766_WB": 0, "RT777_EB": 0, "RT777_WB": 0, "AWDT23*1.2": 55595, "Total_Users": 55736, "TransitUsersTTL": 141, "TrnstModeShare": 0.25 }, "geometry": { "type": "MultiLineString", "coordinates": [ [ [ -106.551010280619238, 35.137468686675838 ], [ -106.551016835145361, 35.138376728659892 ], [ -106.551028210631387, 35.1399527625858 ] ] ] } },
{ "type": "Feature", "properties": { "fid": 1037, "OBJECTID": 1037, "COGID": 21592, "RTE": "MONTAÑO", "LOCAT": " EAST OF 2ND ST. - WEST OF EDITH", "LENGTH": 2555.887, "MILES": 0.48399999737739563, "ADT22": 24652, "AWDT22": 26643, "Shape_Length": 2570.688310231485, "ADT23": 27968, "AWDT23": 29871, "RT1_NB": 0, "RT1_SB": 0, "RT2_NB": 0, "RT2_SB": 0, "RT5_EB": 0, "RT5_WB": 0, "RT8_EB": 0, "RT8_WB": 0, "RT10_NB": 0, "RT10_SB": 0, "RT11_EB": 0, "RT11_WB": 0, "RT16_EB": 0, "RT16_WB": 0, "RT31_NB": 0, "RT31_SB": 0, "RT36": 0, "RT50_NB": 0, "RT50_SB": 0, "RT51_NB": 0, "RT51_SB": 0, "RT53_NB": 0, "RT53_SB": 0, "RT54_EB": 0, "RT54_WB": 0, "RT66_EB": 0, "RT66_WB": 0, "RT97_EB": 0, "RT97_WB": 0, "RT140_NB": 0, "RT140_SB": 0, "RT141_NB": 0, "RT141_SB": 0, "RT155_NB": 0, "RT155_SB": 0, "RT157_NB": 143, "RT157_SB": 135, "RT198_NB": 0, "RT198_SB": 0, "RT766_EB": 0, "RT766_WB": 0, "RT777_EB": 0, "RT777_WB": 0, "AWDT23*1.2": 35845, "Total_Users": 36123, "TransitUsersTTL": 278, "TrnstModeShare": 0.77 }, "geometry": { "type": "MultiLineString", "coordinates": [ [ [ -106.636728455382851, 35.13824512596436 ], [ -106.636180223283375, 35.138199635772573 ], [ -106.635326252043924, 35.138112325780504 ], [ -106.63473914939685, 35.138056169551959 ], [ -106.634460535394979, 35.138015030156289 ], [ -106.63412014281954, 35.137939606538168 ], [ -106.633435368048268, 35.13774562492992 ], [ -106.632210285115917, 35.137449264629865 ], [ -106.631697469460349, 35.137321448542963 ], [ -106.631027372840634, 35.137156407472673 ], [ -106.630162337072292, 35.13694998498481 ], [ -106.629734500713255, 35.136865838567573 ], [ -106.629493608799464, 35.1368266518583 ], [ -106.628373681124913, 35.13666602641235 ] ] ] } },
{ "type": "Feature", "properties": { "fid": 1038, "OBJECTID": 1038, "COGID": 21595, "RTE": "EUBANK", "LOCAT": " NORTH OF OSUNA - SOUTH OF SPAIN", "LENGTH": 853.283, "MILES": 0.16200000047683716, "ADT22": 24171, "AWDT22": 26123, "Shape_Length": 853.88476181275087, "ADT23": 25942, "AWDT23": 27707, "RT1_NB": 0, "RT1_SB": 0, "RT2_NB": 12, "RT2_SB": 12, "RT5_EB": 0, "RT5_WB": 0, "RT8_EB": 0, "RT8_WB": 0, "RT10_NB": 0, "RT10_SB": 0, "RT11_EB": 0, "RT11_WB": 0, "RT16_EB": 0, "RT16_WB": 0, "RT31_NB": 0, "RT31_SB": 0, "RT36": 0, "RT50_NB": 0, "RT50_SB": 0, "RT51_NB": 0, "RT51_SB": 0, "RT53_NB": 0, "RT53_SB": 0, "RT54_EB": 0, "RT54_WB": 0, "RT66_EB": 0, "RT66_WB": 0, "RT97_EB": 0, "RT97_WB": 0, "RT140_NB": 0, "RT140_SB": 0, "RT141_NB": 0, "RT141_SB": 0, "RT155_NB": 0, "RT155_SB": 0, "RT157_NB": 0, "RT157_SB": 0, "RT198_NB": 0, "RT198_SB": 0, "RT766_EB": 0, "RT766_WB": 0, "RT777_EB": 0, "RT777_WB": 0, "AWDT23*1.2": 33248, "Total_Users": 33272, "TransitUsersTTL": 24, "TrnstModeShare": 0.07 }, "geometry": { "type": "MultiLineString", "coordinates": [ [ [ -106.533349647058543, 35.136538383071006 ], [ -106.533338943435083, 35.136702148288478 ], [ -106.533355005254549, 35.137150516041544 ], [ -106.533355609158491, 35.137167402383291 ], [ -106.533358628437597, 35.137533627175209 ], [ -106.533343412665857, 35.138071538643779 ], [ -106.533359359771751, 35.138883830622412 ] ] ] } },
{ "type": "Feature", "properties": { "fid": 1039, "OBJECTID": 1039, "COGID": 21596, "RTE": "EUBANK", "LOCAT": " NORTH OF LAGRIMA DE ORO - SOUTH OF OSUNA", "LENGTH": 1421.996, "MILES": 0.26899999380111694, "ADT22": 24165, "AWDT22": 26116, "Shape_Length": 1421.8194394324039, "ADT23": 25934, "AWDT23": 27699, "RT1_NB": 0, "RT1_SB": 0, "RT2_NB": 13, "RT2_SB": 12, "RT5_EB": 0, "RT5_WB": 0, "RT8_EB": 0, "RT8_WB": 0, "RT10_NB": 0, "RT10_SB": 0, "RT11_EB": 0, "RT11_WB": 0, "RT16_EB": 0, "RT16_WB": 0, "RT31_NB": 0, "RT31_SB": 0, "RT36": 0, "RT50_NB": 0, "RT50_SB": 0, "RT51_NB": 0, "RT51_SB": 0, "RT53_NB": 0, "RT53_SB": 0, "RT54_EB": 0, "RT54_WB": 0, "RT66_EB": 0, "RT66_WB": 0, "RT97_EB": 0, "RT97_WB": 0, "RT140_NB": 0, "RT140_SB": 0, "RT141_NB": 0, "RT141_SB": 0, "RT155_NB": 0, "RT155_SB": 0, "RT157_NB": 0, "RT157_SB": 0, "RT198_NB": 0, "RT198_SB": 0, "RT766_EB": 0, "RT766_WB": 0, "RT777_EB": 0, "RT777_WB": 0, "AWDT23*1.2": 33239, "Total_Users": 33264, "TransitUsersTTL": 25, "TrnstModeShare": 0.08 }, "geometry": { "type": "MultiLineString", "coordinates": [ [ [ -106.533328680410477, 35.132632335531859 ], [ -106.533345267237394, 35.133316798434052 ], [ -106.533352692436324, 35.134011930602924 ], [ -106.533352692528894, 35.134012274055138 ], [ -106.533356540536843, 35.134983895465552 ], [ -106.533361693895728, 35.13641264686418 ], [ -106.533349647058543, 35.136538383071006 ] ] ] } },
{ "type": "Feature", "properties": { "fid": 1045, "OBJECTID": 1045, "COGID": 21608, "RTE": "MONTAÑO", "LOCAT": " EAST OF EDITH - WEST OF RENAISSANCE", "LENGTH": 2745.543, "MILES": 0.51999998092651367, "ADT22": 30277, "AWDT22": 32722, "Shape_Length": 2743.6019143427197, "ADT23": 34350, "AWDT23": 36687, "RT1_NB": 0, "RT1_SB": 0, "RT2_NB": 0, "RT2_SB": 0, "RT5_EB": 0, "RT5_WB": 0, "RT8_EB": 0, "RT8_WB": 0, "RT10_NB": 0, "RT10_SB": 0, "RT11_EB": 0, "RT11_WB": 0, "RT16_EB": 0, "RT16_WB": 0, "RT31_NB": 0, "RT31_SB": 0, "RT36": 0, "RT50_NB": 0, "RT50_SB": 0, "RT51_NB": 0, "RT51_SB": 0, "RT53_NB": 0, "RT53_SB": 0, "RT54_EB": 0, "RT54_WB": 0, "RT66_EB": 0, "RT66_WB": 0, "RT97_EB": 0, "RT97_WB": 0, "RT140_NB": 0, "RT140_SB": 0, "RT141_NB": 0, "RT141_SB": 0, "RT155_NB": 0, "RT155_SB": 0, "RT157_NB": 152, "RT157_SB": 149, "RT198_NB": 0, "RT198_SB": 0, "RT766_EB": 0, "RT766_WB": 0, "RT777_EB": 0, "RT777_WB": 0, "AWDT23*1.2": 44024, "Total_Users": 44325, "TransitUsersTTL": 301, "TrnstModeShare": 0.68 }, "geometry": { "type": "MultiLineString", "coordinates": [ [ [ -106.628373681124913, 35.13666602641235 ], [ -106.627482440695857, 35.136546491187822 ], [ -106.626959537995532, 35.13645916136398 ], [ -106.62640127757804, 35.136336356297356 ], [ -106.625243894575917, 35.13608343703482 ], [ -106.624198780096691, 35.135855041818402 ], [ -106.622739834993368, 35.135530510639221 ], [ -106.622045515791854, 35.135375000005922 ], [ -106.621380850129029, 35.13530422698927 ], [ -106.620333017306578, 35.135281332094628 ], [ -106.619465860400155, 35.135272299707012 ], [ -106.619399799905452, 35.135271471631775 ] ] ] } },
{ "type": "Feature", "properties": { "fid": 1048, "OBJECTID": 1048, "COGID": 21620, "RTE": "COORS", "LOCAT": " NORTH OF WESTERN TRAIL - SOUTH OF DELLYNE", "LENGTH": 4808.569, "MILES": 0.91100001335144043, "ADT22": 46763, "AWDT22": 50628, "Shape_Length": 4739.8003821415241, "ADT23": 46114, "AWDT23": 49925, "RT1_NB": 0, "RT1_SB": 0, "RT2_NB": 0, "RT2_SB": 0, "RT5_EB": 0, "RT5_WB": 0, "RT8_EB": 0, "RT8_WB": 0, "RT10_NB": 0, "RT10_SB": 0, "RT11_EB": 0, "RT11_WB": 0, "RT16_EB": 0, "RT16_WB": 0, "RT31_NB": 0, "RT31_SB": 0, "RT36": 0, "RT50_NB": 0, "RT50_SB": 0, "RT51_NB": 0, "RT51_SB": 0, "RT53_NB": 0, "RT53_SB": 0, "RT54_EB": 0, "RT54_WB": 0, "RT66_EB": 0, "RT66_WB": 0, "RT97_EB": 0, "RT97_WB": 0, "RT140_NB": 0, "RT140_SB": 0, "RT141_NB": 0, "RT141_SB": 0, "RT155_NB": 135, "RT155_SB": 123, "RT157_NB": 0, "RT157_SB": 0, "RT198_NB": 0, "RT198_SB": 0, "RT766_EB": 0, "RT766_WB": 0, "RT777_EB": 0, "RT777_WB": 0, "AWDT23*1.2": 59910, "Total_Users": 60168, "TransitUsersTTL": 258, "TrnstModeShare": 0.43 }, "geometry": { "type": "MultiLineString", "coordinates": [ [ [ -106.701621147123774, 35.134830438073458 ], [ -106.701598908926144, 35.135227950463339 ], [ -106.701555442328598, 35.135523493066664 ], [ -106.701481466869922, 35.135950797065796 ], [ -106.70141300983444, 35.136256143037258 ], [ -106.701307324165569, 35.13665588256228 ], [ -106.701231304768527, 35.13689792653684 ], [ -106.701138735191293, 35.137161581980628 ], [ -106.701105393272982, 35.137256545183249 ], [ -106.701002240787162, 35.137525938830606 ], [ -106.700858731963507, 35.137842345877438 ], [ -106.700692066661588, 35.138204618674727 ], [ -106.700557957438733, 35.13846179889638 ], [ -106.700370034877537, 35.138783931454149 ], [ -106.700315130705263, 35.13886946612692 ], [ -106.700154406334775, 35.139119856851778 ], [ -106.699961389940256, 35.139399522647658 ], [ -106.699803116707045, 35.139612111679888 ], [ -106.699669950708724, 35.139789295098346 ], [ -106.699407869888503, 35.140122579893145 ], [ -106.699116419946321, 35.140473385239162 ], [ -106.699109847807705, 35.140481421624081 ], [ -106.6989781596493, 35.140642477380013 ], [ -106.698635899708691, 35.141004819867995 ], [ -106.698358425319185, 35.141261716965133 ], [ -106.698107596811511, 35.141471355893501 ], [ -106.697838940221885, 35.1416933766059 ], [ -106.697547021835064, 35.141917539727544 ], [ -106.69726720687423, 35.142119700119892 ], [ -106.696828901808374, 35.142416331478259 ], [ -106.69682144143917, 35.142421150157062 ], [ -106.694840279452606, 35.143700893596964 ], [ -106.694809935075483, 35.143720494184691 ], [ -106.693989797816002, 35.1442718271541 ], [ -106.692800419967924, 35.145026854902859 ] ] ] } },
{ "type": "Feature", "properties": { "fid": 1050, "OBJECTID": 1050, "COGID": 21632, "RTE": "GRIEGOS", "LOCAT": " EAST OF RIO GRANDE BLVD. - WEST OF SAN ISIDRO", "LENGTH": 2058.946, "MILES": 0.38999998569488525, "ADT22": 4305, "AWDT22": 4815, "Shape_Length": 2055.4975496967977, "ADT23": 5056, "AWDT23": 5440, "RT1_NB": 0, "RT1_SB": 0, "RT2_NB": 0, "RT2_SB": 0, "RT5_EB": 0, "RT5_WB": 0, "RT8_EB": 0, "RT8_WB": 0, "RT10_NB": 0, "RT10_SB": 0, "RT11_EB": 0, "RT11_WB": 0, "RT16_EB": 0, "RT16_WB": 0, "RT31_NB": 0, "RT31_SB": 0, "RT36": 19, "RT50_NB": 0, "RT50_SB": 0, "RT51_NB": 0, "RT51_SB": 0, "RT53_NB": 0, "RT53_SB": 0, "RT54_EB": 0, "RT54_WB": 0, "RT66_EB": 0, "RT66_WB": 0, "RT97_EB": 0, "RT97_WB": 0, "RT140_NB": 0, "RT140_SB": 0, "RT141_NB": 0, "RT141_SB": 0, "RT155_NB": 0, "RT155_SB": 0, "RT157_NB": 0, "RT157_SB": 0, "RT198_NB": 0, "RT198_SB": 0, "RT766_EB": 0, "RT766_WB": 0, "RT777_EB": 0, "RT777_WB": 0, "AWDT23*1.2": 6528, "Total_Users": 6547, "TransitUsersTTL": 19, "TrnstModeShare": 0.29 }, "geometry": { "type": "MultiLineString", "coordinates": [ [ [ -106.669013546694359, 35.136754188682957 ], [ -106.668864369979204, 35.136688762773041 ], [ -106.668601006696846, 35.136614112731522 ], [ -106.668107541839746, 35.136465980731693 ], [ -106.66760288015773, 35.136286454607678 ], [ -106.667378679920475, 35.136162010829153 ], [ -106.667021241594981, 35.135918231230775 ], [ -106.666752372915298, 35.135755124646955 ], [ -106.666732049917172, 35.13574540934485 ], [ -106.666635952753765, 35.13569947578101 ], [ -106.666634758962161, 35.135699068826106 ], [ -106.666403276836363, 35.135620374067848 ], [ -106.666077749832098, 35.135552325136906 ], [ -106.665595407845899, 35.135477658425671 ], [ -106.665267081962966, 35.135401026134716 ], [ -106.664814922127221, 35.135295490157141 ], [ -106.664124147391334, 35.135082131306241 ], [ -106.663802962549312, 35.134982926380204 ], [ -106.663482770869692, 35.134820639459754 ], [ -106.663084067901252, 35.134634771576799 ], [ -106.662806380644611, 35.134552239399611 ], [ -106.662761324595593, 35.134541660252196 ] ] ] } },
{ "type": "Feature", "properties": { "fid": 1057, "OBJECTID": 1057, "COGID": 21652, "RTE": "MONTAÑO", "LOCAT": "EAST OF CULTURE BLVD. - WEST OF PAN AM. WEST", "LENGTH": 787.504, "MILES": 0.14900000393390656, "ADT22": 42309, "AWDT22": 45726, "Shape_Length": 770.0447309988906, "ADT23": 48000, "AWDT23": 51266, "RT1_NB": 0, "RT1_SB": 0, "RT2_NB": 0, "RT2_SB": 0, "RT5_EB": 0, "RT5_WB": 0, "RT8_EB": 0, "RT8_WB": 0, "RT10_NB": 0, "RT10_SB": 0, "RT11_EB": 0, "RT11_WB": 0, "RT16_EB": 0, "RT16_WB": 0, "RT31_NB": 0, "RT31_SB": 0, "RT36": 0, "RT50_NB": 0, "RT50_SB": 0, "RT51_NB": 0, "RT51_SB": 0, "RT53_NB": 0, "RT53_SB": 0, "RT54_EB": 0, "RT54_WB": 0, "RT66_EB": 0, "RT66_WB": 0, "RT97_EB": 0, "RT97_WB": 0, "RT140_NB": 0, "RT140_SB": 0, "RT141_NB": 0, "RT141_SB": 0, "RT155_NB": 0, "RT155_SB": 0, "RT157_NB": 175, "RT157_SB": 160, "RT198_NB": 0, "RT198_SB": 0, "RT766_EB": 0, "RT766_WB": 0, "RT777_EB": 0, "RT777_WB": 0, "AWDT23*1.2": 61519, "Total_Users": 61854, "TransitUsersTTL": 335, "TrnstModeShare": 0.54 }, "geometry": { "type": "MultiLineString", "coordinates": [ [ [ -106.613021941157015, 35.134836673444461 ], [ -106.612798170846048, 35.134723834178992 ], [ -106.612302709146718, 35.134444355952418 ], [ -106.611841688792694, 35.134149117411411 ], [ -106.610941832623681, 35.133591190512114 ] ] ] } },
{ "type": "Feature", "properties": { "fid": 1058, "OBJECTID": 1058, "COGID": 21654, "RTE": "MONTAÑO", "LOCAT": "EAST OF RENAISSANCE - WEST OF CULTURE BLVD.", "LENGTH": 1937.61, "MILES": 0.36700001358985901, "ADT22": 24247, "AWDT22": 26205, "Shape_Length": 1934.5829721056957, "ADT23": 27508, "AWDT23": 29380, "RT1_NB": 0, "RT1_SB": 0, "RT2_NB": 0, "RT2_SB": 0, "RT5_EB": 0, "RT5_WB": 0, "RT8_EB": 0, "RT8_WB": 0, "RT10_NB": 0, "RT10_SB": 0, "RT11_EB": 0, "RT11_WB": 0, "RT16_EB": 0, "RT16_WB": 0, "RT31_NB": 0, "RT31_SB": 0, "RT36": 0, "RT50_NB": 0, "RT50_SB": 0, "RT51_NB": 0, "RT51_SB": 0, "RT53_NB": 0, "RT53_SB": 0, "RT54_EB": 0, "RT54_WB": 0, "RT66_EB": 0, "RT66_WB": 0, "RT97_EB": 0, "RT97_WB": 0, "RT140_NB": 0, "RT140_SB": 0, "RT141_NB": 0, "RT141_SB": 0, "RT155_NB": 0, "RT155_SB": 0, "RT157_NB": 160, "RT157_SB": 160, "RT198_NB": 0, "RT198_SB": 0, "RT766_EB": 0, "RT766_WB": 0, "RT777_EB": 0, "RT777_WB": 0, "AWDT23*1.2": 35256, "Total_Users": 35576, "TransitUsersTTL": 320, "TrnstModeShare": 0.9 }, "geometry": { "type": "MultiLineString", "coordinates": [ [ [ -106.619399799905452, 35.135271471631775 ], [ -106.61669286843393, 35.135298093652715 ], [ -106.615268473741295, 35.135312077616035 ], [ -106.614833536479196, 35.135292486787591 ], [ -106.614330520223362, 35.135221162196267 ], [ -106.614029994158486, 35.135160478408267 ], [ -106.613640206808768, 35.135055701518255 ], [ -106.613021941157015, 35.134836673444461 ] ] ] } },
{ "type": "Feature", "properties": { "fid": 1069, "OBJECTID": 1069, "COGID": 21692, "RTE": "MONTGOMERY", "LOCAT": "I-25 OVERPASS - WEST OF PAN AM. EAST", "LENGTH": 412.649, "MILES": 0.078000001609325409, "ADT22": 42319, "AWDT22": 45737, "Shape_Length": 420.20767908434436, "ADT23": 45420, "AWDT23": 48510, "RT1_NB": 0, "RT1_SB": 0, "RT2_NB": 0, "RT2_SB": 0, "RT5_EB": 0, "RT5_WB": 0, "RT8_EB": 0, "RT8_WB": 0, "RT10_NB": 0, "RT10_SB": 0, "RT11_EB": 0, "RT11_WB": 0, "RT16_EB": 0, "RT16_WB": 0, "RT31_NB": 0, "RT31_SB": 0, "RT36": 0, "RT50_NB": 0, "RT50_SB": 0, "RT51_NB": 0, "RT51_SB": 0, "RT53_NB": 0, "RT53_SB": 0, "RT54_EB": 0, "RT54_WB": 0, "RT66_EB": 0, "RT66_WB": 0, "RT97_EB": 0, "RT97_WB": 0, "RT140_NB": 0, "RT140_SB": 0, "RT141_NB": 0, "RT141_SB": 0, "RT155_NB": 0, "RT155_SB": 0, "RT157_NB": 175, "RT157_SB": 160, "RT198_NB": 0, "RT198_SB": 0, "RT766_EB": 0, "RT766_WB": 0, "RT777_EB": 0, "RT777_WB": 0, "AWDT23*1.2": 58212, "Total_Users": 58547, "TransitUsersTTL": 335, "TrnstModeShare": 0.57 }, "geometry": { "type": "MultiLineString", "coordinates": [ [ [ -106.61004546549006, 35.132987503412473 ], [ -106.60986758547422, 35.132871003981734 ], [ -106.609803265622844, 35.132828880093243 ], [ -106.609608074684004, 35.132701043678161 ], [ -106.608946537001728, 35.132267777654342 ] ] ] } },
{ "type": "Feature", "properties": { "fid": 1077, "OBJECTID": 1077, "COGID": 21740, "RTE": "MONTGOMERY", "LOCAT": " EAST OF PAN AM. EAST - WEST OF CARLISLE", "LENGTH": 1591.251, "MILES": 0.30099999904632568, "ADT22": 39569, "AWDT22": 42765, "Shape_Length": 1581.6711003789062, "ADT23": 42468, "AWDT23": 45358, "RT1_NB": 0, "RT1_SB": 0, "RT2_NB": 0, "RT2_SB": 0, "RT5_EB": 0, "RT5_WB": 0, "RT8_EB": 0, "RT8_WB": 0, "RT10_NB": 0, "RT10_SB": 0, "RT11_EB": 0, "RT11_WB": 0, "RT16_EB": 0, "RT16_WB": 0, "RT31_NB": 0, "RT31_SB": 0, "RT36": 0, "RT50_NB": 0, "RT50_SB": 0, "RT51_NB": 0, "RT51_SB": 0, "RT53_NB": 0, "RT53_SB": 0, "RT54_EB": 0, "RT54_WB": 0, "RT66_EB": 0, "RT66_WB": 0, "RT97_EB": 0, "RT97_WB": 0, "RT140_NB": 0, "RT140_SB": 0, "RT141_NB": 0, "RT141_SB": 0, "RT155_NB": 0, "RT155_SB": 0, "RT157_NB": 175, "RT157_SB": 160, "RT198_NB": 0, "RT198_SB": 0, "RT766_EB": 0, "RT766_WB": 0, "RT777_EB": 0, "RT777_WB": 0, "AWDT23*1.2": 54430, "Total_Users": 54765, "TransitUsersTTL": 335, "TrnstModeShare": 0.61 }, "geometry": { "type": "MultiLineString", "coordinates": [ [ [ -106.608946537001728, 35.132267777654342 ], [ -106.60863516042572, 35.132043964897413 ], [ -106.608299941998794, 35.131833339686068 ], [ -106.608242089666419, 35.131797120152392 ], [ -106.607994584418449, 35.131642165121228 ], [ -106.607804663328579, 35.13153977159277 ], [ -106.607560655499654, 35.13141716101407 ], [ -106.607335649783053, 35.131326108600817 ], [ -106.607210913928299, 35.131279315249138 ], [ -106.607061711395431, 35.131223344094117 ], [ -106.60673255700334, 35.131130375277444 ], [ -106.60647756280099, 35.131068723719324 ], [ -106.606218454421807, 35.131022250580727 ], [ -106.606022924271585, 35.130988656629761 ], [ -106.605815277447064, 35.130965517775657 ], [ -106.605602434323032, 35.130952298023296 ], [ -106.60541391353037, 35.130952172224191 ], [ -106.604099235011333, 35.130943603892923 ] ] ] } },
{ "type": "Feature", "properties": { "fid": 1079, "OBJECTID": 1079, "COGID": 21748, "RTE": "MONTGOMERY", "LOCAT": " EAST OF CARLISLE - WEST OF JEFFERSON", "LENGTH": 3267.863, "MILES": 0.61900001764297485, "ADT22": 39196, "AWDT22": 42361, "Shape_Length": 3255.7616858996244, "ADT23": 38503, "AWDT23": 41123, "RT1_NB": 0, "RT1_SB": 0, "RT2_NB": 0, "RT2_SB": 0, "RT5_EB": 236, "RT5_WB": 235, "RT8_EB": 0, "RT8_WB": 0, "RT10_NB": 0, "RT10_SB": 0, "RT11_EB": 0, "RT11_WB": 0, "RT16_EB": 0, "RT16_WB": 0, "RT31_NB": 0, "RT31_SB": 0, "RT36": 0, "RT50_NB": 0, "RT50_SB": 0, "RT51_NB": 0, "RT51_SB": 0, "RT53_NB": 0, "RT53_SB": 0, "RT54_EB": 0, "RT54_WB": 0, "RT66_EB": 0, "RT66_WB": 0, "RT97_EB": 0, "RT97_WB": 0, "RT140_NB": 0, "RT140_SB": 0, "RT141_NB": 0, "RT141_SB": 0, "RT155_NB": 0, "RT155_SB": 0, "RT157_NB": 183, "RT157_SB": 182, "RT198_NB": 0, "RT198_SB": 0, "RT766_EB": 0, "RT766_WB": 0, "RT777_EB": 0, "RT777_WB": 0, "AWDT23*1.2": 49348, "Total_Users": 50184, "TransitUsersTTL": 836, "TrnstModeShare": 1.67 }, "geometry": { "type": "MultiLineString", "coordinates": [ [ [ -106.604099235011333, 35.130943603892923 ], [ -106.603417729789967, 35.130903771333806 ], [ -106.602889400744189, 35.13088786960359 ], [ -106.602452902453507, 35.13088798952478 ], [ -106.600775996942346, 35.130901375032082 ], [ -106.599692099928589, 35.13090499586044 ], [ -106.599676287158474, 35.130905044188758 ], [ -106.598595770443964, 35.13090833806546 ], [ -106.597957422581132, 35.130911701308264 ], [ -106.597390074068741, 35.130919612842725 ], [ -106.597198133983213, 35.130922287568829 ], [ -106.595295799236766, 35.130927386109207 ], [ -106.595295203410217, 35.13092738600384 ], [ -106.59429109864287, 35.130928287344183 ], [ -106.593212648419367, 35.130936012064367 ] ] ] } },
{ "type": "Feature", "properties": { "fid": 1080, "OBJECTID": 1080, "COGID": 21752, "RTE": "SAN MATEO", "LOCAT": " NORTH OF MONTGOMERY - SOUTH OF MCLEOD", "LENGTH": 2790.411, "MILES": 0.52799999713897705, "ADT22": 29837, "AWDT22": 32247, "Shape_Length": 2778.3350919953346, "ADT23": 32023, "AWDT23": 34202, "RT1_NB": 0, "RT1_SB": 0, "RT2_NB": 0, "RT2_SB": 0, "RT5_EB": 0, "RT5_WB": 0, "RT8_EB": 0, "RT8_WB": 0, "RT10_NB": 0, "RT10_SB": 0, "RT11_EB": 0, "RT11_WB": 0, "RT16_EB": 0, "RT16_WB": 0, "RT31_NB": 0, "RT31_SB": 0, "RT36": 0, "RT50_NB": 0, "RT50_SB": 0, "RT51_NB": 0, "RT51_SB": 0, "RT53_NB": 0, "RT53_SB": 0, "RT54_EB": 0, "RT54_WB": 0, "RT66_EB": 0, "RT66_WB": 0, "RT97_EB": 0, "RT97_WB": 0, "RT140_NB": 351, "RT140_SB": 73, "RT141_NB": 158, "RT141_SB": 150, "RT155_NB": 0, "RT155_SB": 0, "RT157_NB": 0, "RT157_SB": 0, "RT198_NB": 0, "RT198_SB": 0, "RT766_EB": 0, "RT766_WB": 0, "RT777_EB": 0, "RT777_WB": 0, "AWDT23*1.2": 41042, "Total_Users": 41774, "TransitUsersTTL": 732, "TrnstModeShare": 1.75 }, "geometry": { "type": "MultiLineString", "coordinates": [ [ [ -106.586427071889602, 35.130961204745923 ], [ -106.586442331608296, 35.132787701147841 ], [ -106.586442738820267, 35.132836545006811 ], [ -106.586447955028319, 35.13431878308306 ], [ -106.586448190985536, 35.134386010640505 ], [ -106.586444971156368, 35.135788754119822 ], [ -106.586444957176823, 35.135794425168655 ], [ -106.586406055480225, 35.138594734111663 ] ] ] } },
{ "type": "Feature", "properties": { "fid": 1081, "OBJECTID": 1081, "COGID": 21756, "RTE": "MONTGOMERY", "LOCAT": " EAST OF JEFFERSON - WEST OF SAN MATEO", "LENGTH": 2007.876, "MILES": 0.37999999523162842, "ADT22": 41486, "AWDT22": 44836, "Shape_Length": 2028.9199214873217, "ADT23": 44524, "AWDT23": 47554, "RT1_NB": 0, "RT1_SB": 0, "RT2_NB": 0, "RT2_SB": 0, "RT5_EB": 218, "RT5_WB": 224, "RT8_EB": 0, "RT8_WB": 0, "RT10_NB": 0, "RT10_SB": 0, "RT11_EB": 0, "RT11_WB": 0, "RT16_EB": 0, "RT16_WB": 0, "RT31_NB": 0, "RT31_SB": 0, "RT36": 0, "RT50_NB": 0, "RT50_SB": 0, "RT51_NB": 0, "RT51_SB": 0, "RT53_NB": 0, "RT53_SB": 0, "RT54_EB": 0, "RT54_WB": 0, "RT66_EB": 0, "RT66_WB": 0, "RT97_EB": 0, "RT97_WB": 0, "RT140_NB": 0, "RT140_SB": 0, "RT141_NB": 0, "RT141_SB": 0, "RT155_NB": 0, "RT155_SB": 0, "RT157_NB": 184, "RT157_SB": 185, "RT198_NB": 0, "RT198_SB": 0, "RT766_EB": 0, "RT766_WB": 0, "RT777_EB": 0, "RT777_WB": 0, "AWDT23*1.2": 57065, "Total_Users": 57876, "TransitUsersTTL": 811, "TrnstModeShare": 1.4 }, "geometry": { "type": "MultiLineString", "coordinates": [ [ [ -106.593212648419367, 35.130936012064367 ], [ -106.591103886086856, 35.130940364473226 ], [ -106.591082989110575, 35.130940564812647 ], [ -106.588600802011513, 35.13096418376513 ], [ -106.586427071889602, 35.130961204745923 ] ] ] } },
{ "type": "Feature", "properties": { "fid": 1083, "OBJECTID": 1083, "COGID": 21764, "RTE": "MONTGOMERY", "LOCAT": " EAST OF SAN MATEO - WEST OF SAN PEDRO", "LENGTH": 2640.35, "MILES": 0.5, "ADT22": 37279, "AWDT22": 40290, "Shape_Length": 2624.9916106534129, "ADT23": 40011, "AWDT23": 42733, "RT1_NB": 0, "RT1_SB": 0, "RT2_NB": 0, "RT2_SB": 0, "RT5_EB": 201, "RT5_WB": 207, "RT8_EB": 0, "RT8_WB": 0, "RT10_NB": 0, "RT10_SB": 0, "RT11_EB": 0, "RT11_WB": 0, "RT16_EB": 0, "RT16_WB": 0, "RT31_NB": 0, "RT31_SB": 0, "RT36": 0, "RT50_NB": 0, "RT50_SB": 0, "RT51_NB": 0, "RT51_SB": 0, "RT53_NB": 0, "RT53_SB": 0, "RT54_EB": 0, "RT54_WB": 0, "RT66_EB": 0, "RT66_WB": 0, "RT97_EB": 0, "RT97_WB": 0, "RT140_NB": 0, "RT140_SB": 0, "RT141_NB": 0, "RT141_SB": 0, "RT155_NB": 0, "RT155_SB": 0, "RT157_NB": 166, "RT157_SB": 177, "RT198_NB": 0, "RT198_SB": 0, "RT766_EB": 0, "RT766_WB": 0, "RT777_EB": 0, "RT777_WB": 0, "AWDT23*1.2": 51280, "Total_Users": 52031, "TransitUsersTTL": 751, "TrnstModeShare": 1.44 }, "geometry": { "type": "MultiLineString", "coordinates": [ [ [ -106.586427071889602, 35.130961204745923 ], [ -106.582471146186577, 35.130921423850751 ], [ -106.580764073291022, 35.130895183138605 ], [ -106.577648870877596, 35.130848006604829 ] ] ] } },
{ "type": "Feature", "properties": { "fid": 1085, "OBJECTID": 1085, "COGID": 21772, "RTE": "MONTGOMERY", "LOCAT": " EAST OF SAN PEDRO - WEST OF LOUISIANA", "LENGTH": 2687.381, "MILES": 0.50900000333786011, "ADT22": 33947, "AWDT22": 36689, "Shape_Length": 2673.7228233238884, "ADT23": 36434, "AWDT23": 38913, "RT1_NB": 0, "RT1_SB": 0, "RT2_NB": 0, "RT2_SB": 0, "RT5_EB": 194, "RT5_WB": 200, "RT8_EB": 0, "RT8_WB": 0, "RT10_NB": 0, "RT10_SB": 0, "RT11_EB": 0, "RT11_WB": 0, "RT16_EB": 0, "RT16_WB": 0, "RT31_NB": 0, "RT31_SB": 0, "RT36": 0, "RT50_NB": 0, "RT50_SB": 0, "RT51_NB": 0, "RT51_SB": 0, "RT53_NB": 0, "RT53_SB": 0, "RT54_EB": 0, "RT54_WB": 0, "RT66_EB": 0, "RT66_WB": 0, "RT97_EB": 0, "RT97_WB": 0, "RT140_NB": 0, "RT140_SB": 0, "RT141_NB": 0, "RT141_SB": 0, "RT155_NB": 0, "RT155_SB": 0, "RT157_NB": 167, "RT157_SB": 174, "RT198_NB": 0, "RT198_SB": 0, "RT766_EB": 0, "RT766_WB": 0, "RT777_EB": 0, "RT777_WB": 0, "AWDT23*1.2": 46696, "Total_Users": 47431, "TransitUsersTTL": 735, "TrnstModeShare": 1.55 }, "geometry": { "type": "MultiLineString", "coordinates": [ [ [ -106.577648870877596, 35.130848006604829 ], [ -106.576924801222034, 35.130834097317788 ], [ -106.575732483150119, 35.130814439727118 ], [ -106.57573131228429, 35.130814423943512 ], [ -106.574123421812743, 35.130792425876081 ], [ -106.574019573551467, 35.130791004326333 ], [ -106.572611454687703, 35.130771859422573 ], [ -106.570685572707205, 35.130745648815832 ], [ -106.57026402522996, 35.130739907967232 ], [ -106.568707920820117, 35.130721673874802 ] ] ] } },
{ "type": "Feature", "properties": { "fid": 1088, "OBJECTID": 1088, "COGID": 21780, "RTE": "MONTGOMERY", "LOCAT": " EAST OF LOUISIANA - WEST OF PENNSYLVANIA", "LENGTH": 2631.33, "MILES": 0.49799999594688416, "ADT22": 35472, "AWDT22": 38337, "Shape_Length": 2647.0986915468502, "ADT23": 38071, "AWDT23": 40661, "RT1_NB": 0, "RT1_SB": 0, "RT2_NB": 0, "RT2_SB": 0, "RT5_EB": 198, "RT5_WB": 193, "RT8_EB": 0, "RT8_WB": 0, "RT10_NB": 0, "RT10_SB": 0, "RT11_EB": 0, "RT11_WB": 0, "RT16_EB": 0, "RT16_WB": 0, "RT31_NB": 0, "RT31_SB": 0, "RT36": 0, "RT50_NB": 0, "RT50_SB": 0, "RT51_NB": 0, "RT51_SB": 0, "RT53_NB": 0, "RT53_SB": 0, "RT54_EB": 0, "RT54_WB": 0, "RT66_EB": 0, "RT66_WB": 0, "RT97_EB": 0, "RT97_WB": 0, "RT140_NB": 0, "RT140_SB": 0, "RT141_NB": 0, "RT141_SB": 0, "RT155_NB": 0, "RT155_SB": 0, "RT157_NB": 0, "RT157_SB": 0, "RT198_NB": 0, "RT198_SB": 0, "RT766_EB": 0, "RT766_WB": 0, "RT777_EB": 0, "RT777_WB": 0, "AWDT23*1.2": 48793, "Total_Users": 49184, "TransitUsersTTL": 391, "TrnstModeShare": 0.79 }, "geometry": { "type": "MultiLineString", "coordinates": [ [ [ -106.568707920820117, 35.130721673874802 ], [ -106.566894312567584, 35.130724553566864 ], [ -106.565852119644447, 35.130726195972429 ], [ -106.564801239466604, 35.130727843867653 ], [ -106.563817522687074, 35.130730586116371 ], [ -106.559854702379511, 35.13074155755173 ] ] ] } },
{ "type": "Feature", "properties": { "fid": 1089, "OBJECTID": 1089, "COGID": 21784, "RTE": "WYOMING", "LOCAT": " NORTH OF MONTGOMERY - SOUTH OF OSUNA", "LENGTH": 2470.712, "MILES": 0.46799999475479126, "ADT22": 38160, "AWDT22": 41200, "Shape_Length": 2467.0136090030478, "ADT23": 40473, "AWDT23": 43698, "RT1_NB": 0, "RT1_SB": 0, "RT2_NB": 0, "RT2_SB": 0, "RT5_EB": 0, "RT5_WB": 0, "RT8_EB": 0, "RT8_WB": 0, "RT10_NB": 0, "RT10_SB": 0, "RT11_EB": 0, "RT11_WB": 0, "RT16_EB": 0, "RT16_WB": 0, "RT31_NB": 71, "RT31_SB": 69, "RT36": 0, "RT50_NB": 0, "RT50_SB": 0, "RT51_NB": 0, "RT51_SB": 0, "RT53_NB": 0, "RT53_SB": 0, "RT54_EB": 0, "RT54_WB": 0, "RT66_EB": 0, "RT66_WB": 0, "RT97_EB": 0, "RT97_WB": 0, "RT140_NB": 0, "RT140_SB": 0, "RT141_NB": 0, "RT141_SB": 0, "RT155_NB": 0, "RT155_SB": 0, "RT157_NB": 0, "RT157_SB": 0, "RT198_NB": 0, "RT198_SB": 0, "RT766_EB": 0, "RT766_WB": 0, "RT777_EB": 0, "RT777_WB": 0, "AWDT23*1.2": 52438, "Total_Users": 52578, "TransitUsersTTL": 140, "TrnstModeShare": 0.27 }, "geometry": { "type": "MultiLineString", "coordinates": [ [ [ -106.550992774495953, 35.130690457073896 ], [ -106.55102359004529, 35.133144423293103 ], [ -106.55102359394084, 35.133151444673977 ], [ -106.551024077444652, 35.133932766707737 ], [ -106.551024899218518, 35.135260625680345 ], [ -106.551024759305022, 35.135281643316794 ], [ -106.551010280619238, 35.137468686675838 ] ] ] } },
{ "type": "Feature", "properties": { "fid": 1090, "OBJECTID": 1090, "COGID": 21788, "RTE": "MONTGOMERY", "LOCAT": " EAST OF PENNSYLVANIA - WEST OF WYOMING", "LENGTH": 2652.053, "MILES": 0.50199997425079346, "ADT22": 33561, "AWDT22": 36271, "Shape_Length": 2649.7564546673489, "ADT23": 36019, "AWDT23": 38470, "RT1_NB": 0, "RT1_SB": 0, "RT2_NB": 0, "RT2_SB": 0, "RT5_EB": 183, "RT5_WB": 181, "RT8_EB": 0, "RT8_WB": 0, "RT10_NB": 0, "RT10_SB": 0, "RT11_EB": 0, "RT11_WB": 0, "RT16_EB": 0, "RT16_WB": 0, "RT31_NB": 0, "RT31_SB": 0, "RT36": 0, "RT50_NB": 0, "RT50_SB": 0, "RT51_NB": 0, "RT51_SB": 0, "RT53_NB": 0, "RT53_SB": 0, "RT54_EB": 0, "RT54_WB": 0, "RT66_EB": 0, "RT66_WB": 0, "RT97_EB": 0, "RT97_WB": 0, "RT140_NB": 0, "RT140_SB": 0, "RT141_NB": 0, "RT141_SB": 0, "RT155_NB": 0, "RT155_SB": 0, "RT157_NB": 0, "RT157_SB": 0, "RT198_NB": 0, "RT198_SB": 0, "RT766_EB": 0, "RT766_WB": 0, "RT777_EB": 0, "RT777_WB": 0, "AWDT23*1.2": 46164, "Total_Users": 46528, "TransitUsersTTL": 364, "TrnstModeShare": 0.78 }, "geometry": { "type": "MultiLineString", "coordinates": [ [ [ -106.559854702379511, 35.13074155755173 ], [ -106.557748985484864, 35.13072947430323 ], [ -106.554975256406536, 35.130713501458253 ], [ -106.55303005558126, 35.130702261832873 ], [ -106.550992774495953, 35.130690457073896 ] ] ] } },
{ "type": "Feature", "properties": { "fid": 1091, "OBJECTID": 1091, "COGID": 21792, "RTE": "MONTGOMERY", "LOCAT": " EAST OF WYOMING - WEST OF MOON", "LENGTH": 2644.385, "MILES": 0.50099998712539673, "ADT22": 31975, "AWDT22": 34557, "Shape_Length": 2644.3219996032331, "ADT23": 34317, "AWDT23": 36652, "RT1_NB": 0, "RT1_SB": 0, "RT2_NB": 0, "RT2_SB": 0, "RT5_EB": 161, "RT5_WB": 149, "RT8_EB": 0, "RT8_WB": 0, "RT10_NB": 0, "RT10_SB": 0, "RT11_EB": 0, "RT11_WB": 0, "RT16_EB": 0, "RT16_WB": 0, "RT31_NB": 0, "RT31_SB": 0, "RT36": 0, "RT50_NB": 0, "RT50_SB": 0, "RT51_NB": 0, "RT51_SB": 0, "RT53_NB": 0, "RT53_SB": 0, "RT54_EB": 0, "RT54_WB": 0, "RT66_EB": 0, "RT66_WB": 0, "RT97_EB": 0, "RT97_WB": 0, "RT140_NB": 0, "RT140_SB": 0, "RT141_NB": 0, "RT141_SB": 0, "RT155_NB": 0, "RT155_SB": 0, "RT157_NB": 0, "RT157_SB": 0, "RT198_NB": 0, "RT198_SB": 0, "RT766_EB": 0, "RT766_WB": 0, "RT777_EB": 0, "RT777_WB": 0, "AWDT23*1.2": 43982, "Total_Users": 44292, "TransitUsersTTL": 310, "TrnstModeShare": 0.7 }, "geometry": { "type": "MultiLineString", "coordinates": [ [ [ -106.550992774495953, 35.130690457073896 ], [ -106.547716373329138, 35.130685155054486 ], [ -106.546124376927992, 35.130675300042597 ], [ -106.545053232521326, 35.13066865636906 ], [ -106.542148899320651, 35.130661268914949 ] ] ] } },
{ "type": "Feature", "properties": { "fid": 1093, "OBJECTID": 1093, "COGID": 21800, "RTE": "EUBANK", "LOCAT": " NORTH OF MONTGOMERY - SOUTH OF LAGRIMA DE ORO", "LENGTH": 727.031, "MILES": 0.1379999965429306, "ADT22": 25575, "AWDT22": 27640, "Shape_Length": 727.03066572949831, "ADT23": 27448, "AWDT23": 29316, "RT1_NB": 0, "RT1_SB": 0, "RT2_NB": 13, "RT2_SB": 16, "RT5_EB": 0, "RT5_WB": 0, "RT8_EB": 0, "RT8_WB": 0, "RT10_NB": 0, "RT10_SB": 0, "RT11_EB": 0, "RT11_WB": 0, "RT16_EB": 0, "RT16_WB": 0, "RT31_NB": 0, "RT31_SB": 0, "RT36": 0, "RT50_NB": 0, "RT50_SB": 0, "RT51_NB": 0, "RT51_SB": 0, "RT53_NB": 0, "RT53_SB": 0, "RT54_EB": 0, "RT54_WB": 0, "RT66_EB": 0, "RT66_WB": 0, "RT97_EB": 0, "RT97_WB": 0, "RT140_NB": 0, "RT140_SB": 0, "RT141_NB": 0, "RT141_SB": 0, "RT155_NB": 0, "RT155_SB": 0, "RT157_NB": 0, "RT157_SB": 0, "RT198_NB": 0, "RT198_SB": 0, "RT766_EB": 0, "RT766_WB": 0, "RT777_EB": 0, "RT777_WB": 0, "AWDT23*1.2": 35179, "Total_Users": 35208, "TransitUsersTTL": 29, "TrnstModeShare": 0.08 }, "geometry": { "type": "MultiLineString", "coordinates": [ [ [ -106.533333465938469, 35.130634800713288 ], [ -106.53332300304659, 35.131355733952169 ], [ -106.533324828970919, 35.131641482210874 ], [ -106.533325372074515, 35.131751705770668 ], [ -106.533326237947051, 35.131927232332231 ], [ -106.533328062815286, 35.132212981467831 ], [ -106.533329470726159, 35.132498730663215 ], [ -106.533328680410477, 35.132632335531859 ] ] ] } },
{ "type": "Feature", "properties": { "fid": 1094, "OBJECTID": 1094, "COGID": 21804, "RTE": "MONTGOMERY", "LOCAT": " EAST OF MOON - WEST OF EUBANK", "LENGTH": 2635.851, "MILES": 0.49900001287460327, "ADT22": 30183, "AWDT22": 32620, "Shape_Length": 2635.8092125959811, "ADT23": 32394, "AWDT23": 34598, "RT1_NB": 0, "RT1_SB": 0, "RT2_NB": 0, "RT2_SB": 0, "RT5_EB": 151, "RT5_WB": 144, "RT8_EB": 0, "RT8_WB": 0, "RT10_NB": 0, "RT10_SB": 0, "RT11_EB": 0, "RT11_WB": 0, "RT16_EB": 0, "RT16_WB": 0, "RT31_NB": 0, "RT31_SB": 0, "RT36": 0, "RT50_NB": 0, "RT50_SB": 0, "RT51_NB": 0, "RT51_SB": 0, "RT53_NB": 0, "RT53_SB": 0, "RT54_EB": 0, "RT54_WB": 0, "RT66_EB": 0, "RT66_WB": 0, "RT97_EB": 0, "RT97_WB": 0, "RT140_NB": 0, "RT140_SB": 0, "RT141_NB": 0, "RT141_SB": 0, "RT155_NB": 0, "RT155_SB": 0, "RT157_NB": 0, "RT157_SB": 0, "RT198_NB": 0, "RT198_SB": 0, "RT766_EB": 0, "RT766_WB": 0, "RT777_EB": 0, "RT777_WB": 0, "AWDT23*1.2": 41518, "Total_Users": 41813, "TransitUsersTTL": 295, "TrnstModeShare": 0.71 }, "geometry": { "type": "MultiLineString", "coordinates": [ [ [ -106.542148899320651, 35.130661268914949 ], [ -106.542136776631267, 35.130661298136296 ], [ -106.539972657648519, 35.1306527941043 ], [ -106.539929357121622, 35.130652623654868 ], [ -106.538996229865077, 35.13065100039659 ], [ -106.535826844840059, 35.130645430916054 ], [ -106.534561346409177, 35.130640165038116 ], [ -106.533333465938469, 35.130634800713288 ] ] ] } },
{ "type": "Feature", "properties": { "fid": 1095, "OBJECTID": 1095, "COGID": 21808, "RTE": "MONTGOMERY", "LOCAT": " EAST OF EUBANK - WEST OF MORRIS", "LENGTH": 2638.631, "MILES": 0.5, "ADT22": 29148, "AWDT22": 31502, "Shape_Length": 2638.3971426816461, "ADT23": 31283, "AWDT23": 33412, "RT1_NB": 0, "RT1_SB": 0, "RT2_NB": 0, "RT2_SB": 0, "RT5_EB": 129, "RT5_WB": 119, "RT8_EB": 0, "RT8_WB": 0, "RT10_NB": 0, "RT10_SB": 0, "RT11_EB": 0, "RT11_WB": 0, "RT16_EB": 0, "RT16_WB": 0, "RT31_NB": 0, "RT31_SB": 0, "RT36": 0, "RT50_NB": 0, "RT50_SB": 0, "RT51_NB": 0, "RT51_SB": 0, "RT53_NB": 0, "RT53_SB": 0, "RT54_EB": 0, "RT54_WB": 0, "RT66_EB": 0, "RT66_WB": 0, "RT97_EB": 0, "RT97_WB": 0, "RT140_NB": 0, "RT140_SB": 0, "RT141_NB": 0, "RT141_SB": 0, "RT155_NB": 0, "RT155_SB": 0, "RT157_NB": 0, "RT157_SB": 0, "RT198_NB": 0, "RT198_SB": 0, "RT766_EB": 0, "RT766_WB": 0, "RT777_EB": 0, "RT777_WB": 0, "AWDT23*1.2": 40094, "Total_Users": 40342, "TransitUsersTTL": 248, "TrnstModeShare": 0.61 }, "geometry": { "type": "MultiLineString", "coordinates": [ [ [ -106.533333465938469, 35.130634800713288 ], [ -106.529336414981955, 35.130661547336217 ], [ -106.529325558698403, 35.130661620134191 ], [ -106.526199419694677, 35.130675696085483 ], [ -106.524509508099044, 35.130683271084138 ] ] ] } },
{ "type": "Feature", "properties": { "fid": 1096, "OBJECTID": 1096, "COGID": 21812, "RTE": "4TH STREET", "LOCAT": " NORTH OF GRIEGOS - SOUTH OF MONTANO", "LENGTH": 3053.861, "MILES": 0.57800000905990601, "ADT22": 20550, "AWDT22": 21775, "Shape_Length": 3060.9390447678838, "ADT23": 22692, "AWDT23": 24413, "RT1_NB": 0, "RT1_SB": 0, "RT2_NB": 0, "RT2_SB": 0, "RT5_EB": 0, "RT5_WB": 0, "RT8_EB": 0, "RT8_WB": 0, "RT10_NB": 118, "RT10_SB": 137, "RT11_EB": 0, "RT11_WB": 0, "RT16_EB": 0, "RT16_WB": 0, "RT31_NB": 0, "RT31_SB": 0, "RT36": 0, "RT50_NB": 0, "RT50_SB": 0, "RT51_NB": 0, "RT51_SB": 0, "RT53_NB": 0, "RT53_SB": 0, "RT54_EB": 0, "RT54_WB": 0, "RT66_EB": 0, "RT66_WB": 0, "RT97_EB": 0, "RT97_WB": 0, "RT140_NB": 0, "RT140_SB": 0, "RT141_NB": 0, "RT141_SB": 0, "RT155_NB": 0, "RT155_SB": 0, "RT157_NB": 0, "RT157_SB": 0, "RT198_NB": 0, "RT198_SB": 0, "RT766_EB": 0, "RT766_WB": 0, "RT777_EB": 0, "RT777_WB": 0, "AWDT23*1.2": 29296, "Total_Users": 29551, "TransitUsersTTL": 255, "TrnstModeShare": 0.86 }, "geometry": { "type": "MultiLineString", "coordinates": [ [ [ -106.642854547977677, 35.130322055903122 ], [ -106.642809959543541, 35.130513171066831 ], [ -106.642541871765687, 35.131926717787387 ], [ -106.642541739073053, 35.131927420444192 ], [ -106.642457899378044, 35.132373214886854 ], [ -106.642192284693209, 35.133785519254481 ], [ -106.641960205487919, 35.134966072328538 ], [ -106.641957726593418, 35.134979121569984 ], [ -106.641786359076931, 35.135881037227477 ], [ -106.641711172140745, 35.136276739302531 ], [ -106.641566991577335, 35.137035538661614 ], [ -106.641521030947743, 35.137277422527951 ], [ -106.641520208518486, 35.137281443831284 ], [ -106.641387975301612, 35.137927279233978 ], [ -106.641244618968813, 35.138627439015238 ] ] ] } },
{ "type": "Feature", "properties": { "fid": 1098, "OBJECTID": 1098, "COGID": 21820, "RTE": "JUAN TABO", "LOCAT": " NORTH OF MONTGOMERY - AT BEAR ARROYO CROSSING", "LENGTH": 2829.203, "MILES": 0.53600001335144043, "ADT22": 18188, "AWDT22": 19657, "Shape_Length": 2824.8653618795806, "ADT23": 19521, "AWDT23": 20849, "RT1_NB": 19, "RT1_SB": 18, "RT2_NB": 0, "RT2_SB": 0, "RT5_EB": 0, "RT5_WB": 0, "RT8_EB": 0, "RT8_WB": 0, "RT10_NB": 0, "RT10_SB": 0, "RT11_EB": 0, "RT11_WB": 0, "RT16_EB": 0, "RT16_WB": 0, "RT31_NB": 0, "RT31_SB": 0, "RT36": 0, "RT50_NB": 0, "RT50_SB": 0, "RT51_NB": 0, "RT51_SB": 0, "RT53_NB": 0, "RT53_SB": 0, "RT54_EB": 0, "RT54_WB": 0, "RT66_EB": 0, "RT66_WB": 0, "RT97_EB": 0, "RT97_WB": 0, "RT140_NB": 0, "RT140_SB": 0, "RT141_NB": 0, "RT141_SB": 0, "RT155_NB": 0, "RT155_SB": 0, "RT157_NB": 0, "RT157_SB": 0, "RT198_NB": 0, "RT198_SB": 0, "RT766_EB": 0, "RT766_WB": 0, "RT777_EB": 0, "RT777_WB": 0, "AWDT23*1.2": 25019, "Total_Users": 25056, "TransitUsersTTL": 37, "TrnstModeShare": 0.15 }, "geometry": { "type": "MultiLineString", "coordinates": [ [ [ -106.515679951829782, 35.130666702632887 ], [ -106.515683839028625, 35.132396865621992 ], [ -106.515683840097395, 35.13239719464913 ], [ -106.515673673537194, 35.133384645109118 ], [ -106.515673669172088, 35.133384990374196 ], [ -106.515679727328589, 35.134348362524754 ], [ -106.515691890571603, 35.134746053920153 ], [ -106.515671217265336, 35.136232221828941 ], [ -106.515671215089014, 35.136232565286171 ], [ -106.515699384446265, 35.137053355757679 ], [ -106.515708473959648, 35.137484647141711 ], [ -106.515716400837789, 35.137530740723612 ], [ -106.515717068585616, 35.137534622705388 ], [ -106.515766741677893, 35.137823422135938 ], [ -106.515957740942085, 35.138403474552398 ] ] ] } },
{ "type": "Feature", "properties": { "fid": 1099, "OBJECTID": 1099, "COGID": 21824, "RTE": "MONTGOMERY", "LOCAT": " EAST OF MORRIS - WEST OF JUAN TABO", "LENGTH": 2640.59, "MILES": 0.5, "ADT22": 22369, "AWDT22": 24175, "Shape_Length": 2640.0166551601651, "ADT23": 24007, "AWDT23": 25641, "RT1_NB": 0, "RT1_SB": 0, "RT2_NB": 0, "RT2_SB": 0, "RT5_EB": 116, "RT5_WB": 106, "RT8_EB": 0, "RT8_WB": 0, "RT10_NB": 0, "RT10_SB": 0, "RT11_EB": 0, "RT11_WB": 0, "RT16_EB": 0, "RT16_WB": 0, "RT31_NB": 0, "RT31_SB": 0, "RT36": 0, "RT50_NB": 0, "RT50_SB": 0, "RT51_NB": 0, "RT51_SB": 0, "RT53_NB": 0, "RT53_SB": 0, "RT54_EB": 0, "RT54_WB": 0, "RT66_EB": 0, "RT66_WB": 0, "RT97_EB": 0, "RT97_WB": 0, "RT140_NB": 0, "RT140_SB": 0, "RT141_NB": 0, "RT141_SB": 0, "RT155_NB": 0, "RT155_SB": 0, "RT157_NB": 0, "RT157_SB": 0, "RT198_NB": 0, "RT198_SB": 0, "RT766_EB": 0, "RT766_WB": 0, "RT777_EB": 0, "RT777_WB": 0, "AWDT23*1.2": 30769, "Total_Users": 30991, "TransitUsersTTL": 222, "TrnstModeShare": 0.72 }, "geometry": { "type": "MultiLineString", "coordinates": [ [ [ -106.524509508099044, 35.130683271084138 ], [ -106.522299176777835, 35.130678296241364 ], [ -106.520446294804174, 35.130676607219634 ], [ -106.518651537728147, 35.130675446144664 ], [ -106.515679951829782, 35.130666702632887 ] ] ] } },
{ "type": "Feature", "properties": { "fid": 1100, "OBJECTID": 1100, "COGID": 21828, "RTE": "MONTGOMERY", "LOCAT": " EAST OF JUAN TABO - WEST OF BERMUDA", "LENGTH": 2886.483, "MILES": 0.54699999094009399, "ADT22": 18503, "AWDT22": 19997, "Shape_Length": 2886.8201330695301, "ADT23": 19858, "AWDT23": 21209, "RT1_NB": 0, "RT1_SB": 0, "RT2_NB": 0, "RT2_SB": 0, "RT5_EB": 73, "RT5_WB": 72, "RT8_EB": 0, "RT8_WB": 0, "RT10_NB": 0, "RT10_SB": 0, "RT11_EB": 0, "RT11_WB": 0, "RT16_EB": 0, "RT16_WB": 0, "RT31_NB": 0, "RT31_SB": 0, "RT36": 0, "RT50_NB": 0, "RT50_SB": 0, "RT51_NB": 0, "RT51_SB": 0, "RT53_NB": 0, "RT53_SB": 0, "RT54_EB": 0, "RT54_WB": 0, "RT66_EB": 0, "RT66_WB": 0, "RT97_EB": 0, "RT97_WB": 0, "RT140_NB": 0, "RT140_SB": 0, "RT141_NB": 0, "RT141_SB": 0, "RT155_NB": 0, "RT155_SB": 0, "RT157_NB": 0, "RT157_SB": 0, "RT198_NB": 0, "RT198_SB": 0, "RT766_EB": 0, "RT766_WB": 0, "RT777_EB": 0, "RT777_WB": 0, "AWDT23*1.2": 25451, "Total_Users": 25596, "TransitUsersTTL": 145, "TrnstModeShare": 0.57 }, "geometry": { "type": "MultiLineString", "coordinates": [ [ [ -106.515679951829782, 35.130666702632887 ], [ -106.515079158405129, 35.130675414559391 ], [ -106.512540637594356, 35.130668229674583 ], [ -106.507948175436596, 35.130667443896442 ], [ -106.506025047342433, 35.130661219895678 ] ] ] } },
{ "type": "Feature", "properties": { "fid": 1102, "OBJECTID": 1102, "COGID": 21836, "RTE": "MONTGOMERY", "LOCAT": " EAST OF BERMUDA - WEST OF TRAMWAY", "LENGTH": 2394.585, "MILES": 0.45399999618530273, "ADT22": 12310, "AWDT22": 13255, "Shape_Length": 2400.1522595218735, "ADT23": 13056, "AWDT23": 14059, "RT1_NB": 0, "RT1_SB": 0, "RT2_NB": 0, "RT2_SB": 0, "RT5_EB": 64, "RT5_WB": 65, "RT8_EB": 0, "RT8_WB": 0, "RT10_NB": 0, "RT10_SB": 0, "RT11_EB": 0, "RT11_WB": 0, "RT16_EB": 0, "RT16_WB": 0, "RT31_NB": 0, "RT31_SB": 0, "RT36": 0, "RT50_NB": 0, "RT50_SB": 0, "RT51_NB": 0, "RT51_SB": 0, "RT53_NB": 0, "RT53_SB": 0, "RT54_EB": 0, "RT54_WB": 0, "RT66_EB": 0, "RT66_WB": 0, "RT97_EB": 0, "RT97_WB": 0, "RT140_NB": 0, "RT140_SB": 0, "RT141_NB": 0, "RT141_SB": 0, "RT155_NB": 0, "RT155_SB": 0, "RT157_NB": 0, "RT157_SB": 0, "RT198_NB": 0, "RT198_SB": 0, "RT766_EB": 0, "RT766_WB": 0, "RT777_EB": 0, "RT777_WB": 0, "AWDT23*1.2": 16871, "Total_Users": 17000, "TransitUsersTTL": 129, "TrnstModeShare": 0.76 }, "geometry": { "type": "MultiLineString", "coordinates": [ [ [ -106.506025047342433, 35.130661219895678 ], [ -106.50448036579985, 35.130662885668762 ], [ -106.501989467326112, 35.130665531920073 ], [ -106.501121101556606, 35.1306664418425 ], [ -106.500255749966783, 35.130667343826616 ], [ -106.499565741778525, 35.130668057186057 ], [ -106.497997692847008, 35.130669665914219 ] ] ] } },
{ "type": "Feature", "properties": { "fid": 1103, "OBJECTID": 1103, "COGID": 21840, "RTE": "2ND STREET", "LOCAT": " NORTH OF GRIEGOS - SOUTH OF MONTANO", "LENGTH": 3106.786, "MILES": 0.58799999952316284, "ADT22": 19026, "AWDT22": 20562, "Shape_Length": 3109.3017113973106, "ADT23": 21584, "AWDT23": 23053, "RT1_NB": 0, "RT1_SB": 0, "RT2_NB": 0, "RT2_SB": 0, "RT5_EB": 0, "RT5_WB": 0, "RT8_EB": 0, "RT8_WB": 0, "RT10_NB": 126, "RT10_SB": 0, "RT11_EB": 0, "RT11_WB": 0, "RT16_EB": 0, "RT16_WB": 0, "RT31_NB": 0, "RT31_SB": 0, "RT36": 0, "RT50_NB": 0, "RT50_SB": 0, "RT51_NB": 0, "RT51_SB": 0, "RT53_NB": 0, "RT53_SB": 0, "RT54_EB": 0, "RT54_WB": 0, "RT66_EB": 0, "RT66_WB": 0, "RT97_EB": 0, "RT97_WB": 0, "RT140_NB": 0, "RT140_SB": 0, "RT141_NB": 0, "RT141_SB": 0, "RT155_NB": 0, "RT155_SB": 0, "RT157_NB": 0, "RT157_SB": 0, "RT198_NB": 0, "RT198_SB": 0, "RT766_EB": 0, "RT766_WB": 0, "RT777_EB": 0, "RT777_WB": 0, "AWDT23*1.2": 27664, "Total_Users": 27790, "TransitUsersTTL": 126, "TrnstModeShare": 0.45 }, "geometry": { "type": "MultiLineString", "coordinates": [ [ [ -106.63957178486163, 35.130047929375039 ], [ -106.639383033614848, 35.130856158621874 ], [ -106.63918181282969, 35.131717758925106 ], [ -106.639179279224024, 35.131728607861625 ], [ -106.639015420882103, 35.132569000249646 ], [ -106.638931449660646, 35.132866009809838 ], [ -106.638830724234055, 35.13314066849734 ], [ -106.638544900299379, 35.133800108212441 ], [ -106.638306502758198, 35.134372627411921 ], [ -106.638297010865983, 35.13439528052708 ], [ -106.638112433131354, 35.134835745227399 ], [ -106.638112178110262, 35.134836346407475 ], [ -106.637911562715644, 35.135309846061219 ], [ -106.637698045625015, 35.135842359249466 ], [ -106.637390432663565, 35.136587247999969 ], [ -106.636728455382851, 35.13824512596436 ] ] ] } },
{ "type": "Feature", "properties": { "fid": 1104, "OBJECTID": 1104, "COGID": 21844, "RTE": "GRIEGOS", "LOCAT": " EAST OF 4TH ST. - WEST OF 2ND ST.", "LENGTH": 1019.741, "MILES": 0.19300000369548798, "ADT22": 10271, "AWDT22": 11329, "Shape_Length": 1000.6174822631474, "ADT23": 11806, "AWDT23": 12702, "RT1_NB": 0, "RT1_SB": 0, "RT2_NB": 0, "RT2_SB": 0, "RT5_EB": 0, "RT5_WB": 0, "RT8_EB": 0, "RT8_WB": 0, "RT10_NB": 126, "RT10_SB": 0, "RT11_EB": 0, "RT11_WB": 0, "RT16_EB": 0, "RT16_WB": 0, "RT31_NB": 0, "RT31_SB": 0, "RT36": 0, "RT50_NB": 0, "RT50_SB": 0, "RT51_NB": 0, "RT51_SB": 0, "RT53_NB": 0, "RT53_SB": 0, "RT54_EB": 0, "RT54_WB": 0, "RT66_EB": 0, "RT66_WB": 0, "RT97_EB": 0, "RT97_WB": 0, "RT140_NB": 0, "RT140_SB": 0, "RT141_NB": 0, "RT141_SB": 0, "RT155_NB": 0, "RT155_SB": 0, "RT157_NB": 0, "RT157_SB": 0, "RT198_NB": 0, "RT198_SB": 0, "RT766_EB": 0, "RT766_WB": 0, "RT777_EB": 0, "RT777_WB": 0, "AWDT23*1.2": 15242, "Total_Users": 15368, "TransitUsersTTL": 126, "TrnstModeShare": 0.82 }, "geometry": { "type": "MultiLineString", "coordinates": [ [ [ -106.642854547977677, 35.130322055903122 ], [ -106.642346271075297, 35.130146548219273 ], [ -106.641710178655472, 35.130019409443655 ], [ -106.641019471188869, 35.13002187782002 ], [ -106.640542790504426, 35.130023577055645 ], [ -106.640532317505375, 35.130024362609873 ], [ -106.640072020718179, 35.13005885503145 ], [ -106.639807856779697, 35.13005308562326 ], [ -106.63957178486163, 35.130047929375039 ] ] ] } },
{ "type": "Feature", "properties": { "fid": 1105, "OBJECTID": 1105, "COGID": 21848, "RTE": "MONTGOMERY", "LOCAT": " EAST OF TRAMWAY - WEST OF CAMINO DE LA SIERRA", "LENGTH": 2484.78, "MILES": 0.47099998593330383, "ADT22": 13392, "AWDT22": 14772, "Shape_Length": 2495.7993324902504, "ADT23": 14563, "AWDT23": 15668, "RT1_NB": 0, "RT1_SB": 0, "RT2_NB": 0, "RT2_SB": 0, "RT5_EB": 64, "RT5_WB": 65, "RT8_EB": 0, "RT8_WB": 0, "RT10_NB": 0, "RT10_SB": 0, "RT11_EB": 0, "RT11_WB": 0, "RT16_EB": 0, "RT16_WB": 0, "RT31_NB": 0, "RT31_SB": 0, "RT36": 0, "RT50_NB": 0, "RT50_SB": 0, "RT51_NB": 0, "RT51_SB": 0, "RT53_NB": 0, "RT53_SB": 0, "RT54_EB": 0, "RT54_WB": 0, "RT66_EB": 0, "RT66_WB": 0, "RT97_EB": 0, "RT97_WB": 0, "RT140_NB": 0, "RT140_SB": 0, "RT141_NB": 0, "RT141_SB": 0, "RT155_NB": 0, "RT155_SB": 0, "RT157_NB": 0, "RT157_SB": 0, "RT198_NB": 0, "RT198_SB": 0, "RT766_EB": 0, "RT766_WB": 0, "RT777_EB": 0, "RT777_WB": 0, "AWDT23*1.2": 18802, "Total_Users": 18931, "TransitUsersTTL": 129, "TrnstModeShare": 0.68 }, "geometry": { "type": "MultiLineString", "coordinates": [ [ [ -106.497997692847008, 35.130669665914219 ], [ -106.497774951610523, 35.130671488989179 ], [ -106.496819632330073, 35.130679304908931 ], [ -106.495842323759931, 35.130687294925309 ], [ -106.495840606547972, 35.130687308324511 ], [ -106.495643569125392, 35.130702286110768 ], [ -106.495449552020034, 35.130726625342362 ], [ -106.495348737747619, 35.130750040038258 ], [ -106.495345960132326, 35.130750278235574 ], [ -106.495254631091314, 35.13075807043041 ], [ -106.494422392844029, 35.13077422448432 ], [ -106.494409311748896, 35.13077447893177 ], [ -106.493469166434508, 35.130777533168924 ], [ -106.492569248263365, 35.130780450028126 ], [ -106.492184472028285, 35.130781785633168 ], [ -106.491205594350561, 35.130785178251173 ], [ -106.49114639903884, 35.130782214885237 ], [ -106.49109630927677, 35.130775243553252 ], [ -106.491043300803412, 35.130765314934578 ], [ -106.490968439931791, 35.130749818206986 ], [ -106.49086942522311, 35.130725617246995 ], [ -106.490768242905474, 35.130691171910598 ], [ -106.490668350205127, 35.130649716044907 ], [ -106.489835816333454, 35.130223705173798 ] ] ] } },
{ "type": "Feature", "properties": { "fid": 1107, "OBJECTID": 1107, "COGID": 21856, "RTE": "COORS", "LOCAT": " NORTH OF ST. JOSEPHS - SOUTH OF WESTERN TRAIL", "LENGTH": 2465.444, "MILES": 0.46700000762939453, "ADT22": 44924, "AWDT22": 48552, "Shape_Length": 2484.4813602944528, "ADT23": 44828, "AWDT23": 47878, "RT1_NB": 0, "RT1_SB": 0, "RT2_NB": 0, "RT2_SB": 0, "RT5_EB": 0, "RT5_WB": 0, "RT8_EB": 0, "RT8_WB": 0, "RT10_NB": 0, "RT10_SB": 0, "RT11_EB": 0, "RT11_WB": 0, "RT16_EB": 0, "RT16_WB": 0, "RT31_NB": 0, "RT31_SB": 0, "RT36": 0, "RT50_NB": 0, "RT50_SB": 0, "RT51_NB": 0, "RT51_SB": 0, "RT53_NB": 0, "RT53_SB": 0, "RT54_EB": 0, "RT54_WB": 0, "RT66_EB": 0, "RT66_WB": 0, "RT97_EB": 0, "RT97_WB": 0, "RT140_NB": 0, "RT140_SB": 0, "RT141_NB": 0, "RT141_SB": 0, "RT155_NB": 136, "RT155_SB": 125, "RT157_NB": 0, "RT157_SB": 0, "RT198_NB": 0, "RT198_SB": 0, "RT766_EB": 0, "RT766_WB": 0, "RT777_EB": 0, "RT777_WB": 0, "AWDT23*1.2": 57454, "Total_Users": 57715, "TransitUsersTTL": 261, "TrnstModeShare": 0.45 }, "geometry": { "type": "MultiLineString", "coordinates": [ [ [ -106.701641565784442, 35.128005003693787 ], [ -106.701646524143186, 35.130034846133 ], [ -106.701652448143207, 35.131543908119248 ], [ -106.701652622517457, 35.13158840367052 ], [ -106.70165359911941, 35.132043067876346 ], [ -106.701655774654398, 35.133057415417689 ], [ -106.701667782207096, 35.133920717129143 ], [ -106.701621147123774, 35.134830438073458 ] ] ] } },
{ "type": "Feature", "properties": { "fid": 1115, "OBJECTID": 1115, "COGID": 21880, "RTE": "RIO GRANDE BLVD.", "LOCAT": " NORTH OF CANDELARIA - SOUTH OF GRIEGOS", "LENGTH": 4524.285, "MILES": 0.85699999332427979, "ADT22": 8752, "AWDT22": 9274, "Shape_Length": 4509.4306505418572, "ADT23": 9665, "AWDT23": 10398, "RT1_NB": 0, "RT1_SB": 0, "RT2_NB": 0, "RT2_SB": 0, "RT5_EB": 0, "RT5_WB": 0, "RT8_EB": 0, "RT8_WB": 0, "RT10_NB": 0, "RT10_SB": 0, "RT11_EB": 0, "RT11_WB": 0, "RT16_EB": 0, "RT16_WB": 0, "RT31_NB": 0, "RT31_SB": 0, "RT36": 19, "RT50_NB": 0, "RT50_SB": 0, "RT51_NB": 0, "RT51_SB": 0, "RT53_NB": 0, "RT53_SB": 0, "RT54_EB": 0, "RT54_WB": 0, "RT66_EB": 0, "RT66_WB": 0, "RT97_EB": 0, "RT97_WB": 0, "RT140_NB": 0, "RT140_SB": 0, "RT141_NB": 0, "RT141_SB": 0, "RT155_NB": 0, "RT155_SB": 0, "RT157_NB": 0, "RT157_SB": 0, "RT198_NB": 0, "RT198_SB": 0, "RT766_EB": 0, "RT766_WB": 0, "RT777_EB": 0, "RT777_WB": 0, "AWDT23*1.2": 12478, "Total_Users": 12497, "TransitUsersTTL": 19, "TrnstModeShare": 0.15 }, "geometry": { "type": "MultiLineString", "coordinates": [ [ [ -106.67381767963866, 35.125109341481121 ], [ -106.673746121402473, 35.125566973938341 ], [ -106.673635011126294, 35.126150911016147 ], [ -106.673529038361892, 35.126754702374093 ], [ -106.673400504307281, 35.127396743242429 ], [ -106.673305813495148, 35.127891978789627 ], [ -106.673043652362324, 35.128844540892494 ], [ -106.673040218993151, 35.128853864814324 ], [ -106.672846563591548, 35.129379679789672 ], [ -106.672509323315495, 35.130190070409135 ], [ -106.672509197603304, 35.130190374634644 ], [ -106.672276493755177, 35.130704779011843 ], [ -106.672275224415699, 35.130707583325218 ], [ -106.672063291672742, 35.131194805708482 ], [ -106.671549940027731, 35.13221747871107 ], [ -106.671524405818047, 35.132266014817183 ], [ -106.67141481207635, 35.132474345021706 ], [ -106.671275475424281, 35.132698676407649 ], [ -106.671221967824764, 35.132784821534933 ], [ -106.671029253911783, 35.133112799743792 ], [ -106.670770133882826, 35.133536236005902 ], [ -106.670740281044218, 35.133585021309138 ], [ -106.670466847133582, 35.13403905477464 ], [ -106.670466683932801, 35.134039326675911 ], [ -106.670302302249723, 35.134309159512597 ], [ -106.669894763438123, 35.134978127629616 ], [ -106.669884653280675, 35.134994722208162 ], [ -106.669757935145867, 35.135195507389128 ], [ -106.66959324891009, 35.135469977318323 ], [ -106.669176419561282, 35.136164669891528 ], [ -106.669092125006784, 35.136429705038545 ], [ -106.669013546694359, 35.136754188682957 ] ] ] } },
{ "type": "Feature", "properties": { "fid": 1123, "OBJECTID": 1123, "COGID": 21912, "RTE": "COORS", "LOCAT": " NORTH OF SEQUOIA - SOUTH OF ST. JOSEPHS", "LENGTH": 2439.166, "MILES": 0.46200001239776611, "ADT22": 45292, "AWDT22": 48950, "Shape_Length": 2430.3016050798269, "ADT23": 45194, "AWDT23": 48270, "RT1_NB": 0, "RT1_SB": 0, "RT2_NB": 0, "RT2_SB": 0, "RT5_EB": 0, "RT5_WB": 0, "RT8_EB": 0, "RT8_WB": 0, "RT10_NB": 0, "RT10_SB": 0, "RT11_EB": 0, "RT11_WB": 0, "RT16_EB": 0, "RT16_WB": 0, "RT31_NB": 0, "RT31_SB": 0, "RT36": 0, "RT50_NB": 0, "RT50_SB": 0, "RT51_NB": 0, "RT51_SB": 0, "RT53_NB": 0, "RT53_SB": 0, "RT54_EB": 0, "RT54_WB": 0, "RT66_EB": 0, "RT66_WB": 0, "RT97_EB": 0, "RT97_WB": 0, "RT140_NB": 0, "RT140_SB": 0, "RT141_NB": 0, "RT141_SB": 0, "RT155_NB": 138, "RT155_SB": 124, "RT157_NB": 0, "RT157_SB": 0, "RT198_NB": 0, "RT198_SB": 0, "RT766_EB": 0, "RT766_WB": 0, "RT777_EB": 0, "RT777_WB": 0, "AWDT23*1.2": 57924, "Total_Users": 58186, "TransitUsersTTL": 262, "TrnstModeShare": 0.45 }, "geometry": { "type": "MultiLineString", "coordinates": [ [ [ -106.701631152616201, 35.121327561475859 ], [ -106.701630190607673, 35.122350296928147 ], [ -106.701631508142327, 35.123047356616233 ], [ -106.701636196659067, 35.123801722084451 ], [ -106.701636339980524, 35.123824903126284 ], [ -106.701637338353066, 35.12457739912827 ], [ -106.701638845795074, 35.125712471967653 ], [ -106.701639878122421, 35.126581578564576 ], [ -106.701641565784442, 35.128005003693787 ] ] ] } },
{ "type": "Feature", "properties": { "fid": 1133, "OBJECTID": 1133, "COGID": 21956, "RTE": "CARLISLE", "LOCAT": " NORTH OF COMANCHE - SOUTH OF MONTGOMERY", "LENGTH": 2624.196, "MILES": 0.49700000882148743, "ADT22": 18726, "AWDT22": 19842, "Shape_Length": 2656.272150262379, "ADT23": 19385, "AWDT23": 20855, "RT1_NB": 0, "RT1_SB": 0, "RT2_NB": 0, "RT2_SB": 0, "RT5_EB": 242, "RT5_WB": 237, "RT8_EB": 0, "RT8_WB": 0, "RT10_NB": 0, "RT10_SB": 0, "RT11_EB": 0, "RT11_WB": 0, "RT16_EB": 0, "RT16_WB": 0, "RT31_NB": 0, "RT31_SB": 0, "RT36": 0, "RT50_NB": 0, "RT50_SB": 0, "RT51_NB": 0, "RT51_SB": 0, "RT53_NB": 0, "RT53_SB": 0, "RT54_EB": 0, "RT54_WB": 0, "RT66_EB": 0, "RT66_WB": 0, "RT97_EB": 0, "RT97_WB": 0, "RT140_NB": 0, "RT140_SB": 0, "RT141_NB": 0, "RT141_SB": 0, "RT155_NB": 0, "RT155_SB": 0, "RT157_NB": 0, "RT157_SB": 0, "RT198_NB": 0, "RT198_SB": 0, "RT766_EB": 0, "RT766_WB": 0, "RT777_EB": 0, "RT777_WB": 0, "AWDT23*1.2": 25026, "Total_Users": 25505, "TransitUsersTTL": 479, "TrnstModeShare": 1.88 }, "geometry": { "type": "MultiLineString", "coordinates": [ [ [ -106.604114285083853, 35.123645256508532 ], [ -106.60410975548146, 35.124329376899666 ], [ -106.604103414843607, 35.126194670286708 ], [ -106.604100357459714, 35.127095223956118 ], [ -106.604100349499575, 35.127097187334904 ], [ -106.604101224863172, 35.127569136487637 ], [ -106.604102724991748, 35.128377045580166 ], [ -106.604105458365538, 35.129850032426887 ], [ -106.604105519830313, 35.129883494913798 ], [ -106.604099235011333, 35.130943603892923 ] ] ] } },
{ "type": "Feature", "properties": { "fid": 1137, "OBJECTID": 1137, "COGID": 21964, "RTE": "LOUISIANA", "LOCAT": " NORTH OF COMANCHE - SOUTH OF MONTGOMERY", "LENGTH": 2628.198, "MILES": 0.49799999594688416, "ADT22": 13347, "AWDT22": 14143, "Shape_Length": 2608.8397977149975, "ADT23": 13817, "AWDT23": 14865, "RT1_NB": 0, "RT1_SB": 0, "RT2_NB": 0, "RT2_SB": 0, "RT5_EB": 0, "RT5_WB": 0, "RT8_EB": 0, "RT8_WB": 0, "RT10_NB": 0, "RT10_SB": 0, "RT11_EB": 0, "RT11_WB": 0, "RT16_EB": 0, "RT16_WB": 0, "RT31_NB": 0, "RT31_SB": 0, "RT36": 0, "RT50_NB": 0, "RT50_SB": 0, "RT51_NB": 0, "RT51_SB": 0, "RT53_NB": 0, "RT53_SB": 0, "RT54_EB": 0, "RT54_WB": 0, "RT66_EB": 0, "RT66_WB": 0, "RT97_EB": 0, "RT97_WB": 0, "RT140_NB": 0, "RT140_SB": 0, "RT141_NB": 0, "RT141_SB": 0, "RT155_NB": 0, "RT155_SB": 0, "RT157_NB": 177, "RT157_SB": 186, "RT198_NB": 0, "RT198_SB": 0, "RT766_EB": 0, "RT766_WB": 0, "RT777_EB": 0, "RT777_WB": 0, "AWDT23*1.2": 17838, "Total_Users": 18201, "TransitUsersTTL": 363, "TrnstModeShare": 1.99 }, "geometry": { "type": "MultiLineString", "coordinates": [ [ [ -106.568781810294936, 35.123553919547554 ], [ -106.568765808198918, 35.125380560513484 ], [ -106.568749650261623, 35.126187577559115 ], [ -106.568749647545985, 35.126187725404058 ], [ -106.568713892883054, 35.12890143955191 ], [ -106.568707920820117, 35.130721673874802 ] ] ] } },
{ "type": "Feature", "properties": { "fid": 1139, "OBJECTID": 1139, "COGID": 21972, "RTE": "WYOMING", "LOCAT": " NORTH OF COMANCHE - SOUTH OF MONTGOMERY", "LENGTH": 2597.97, "MILES": 0.49200001358985901, "ADT22": 33084, "AWDT22": 35756, "Shape_Length": 2597.6248318559119, "ADT23": 35187, "AWDT23": 37581, "RT1_NB": 0, "RT1_SB": 0, "RT2_NB": 0, "RT2_SB": 0, "RT5_EB": 0, "RT5_WB": 0, "RT8_EB": 0, "RT8_WB": 0, "RT10_NB": 0, "RT10_SB": 0, "RT11_EB": 0, "RT11_WB": 0, "RT16_EB": 0, "RT16_WB": 0, "RT31_NB": 79, "RT31_SB": 78, "RT36": 0, "RT50_NB": 0, "RT50_SB": 0, "RT51_NB": 0, "RT51_SB": 0, "RT53_NB": 0, "RT53_SB": 0, "RT54_EB": 0, "RT54_WB": 0, "RT66_EB": 0, "RT66_WB": 0, "RT97_EB": 0, "RT97_WB": 0, "RT140_NB": 0, "RT140_SB": 0, "RT141_NB": 0, "RT141_SB": 0, "RT155_NB": 0, "RT155_SB": 0, "RT157_NB": 0, "RT157_SB": 0, "RT198_NB": 0, "RT198_SB": 0, "RT766_EB": 0, "RT766_WB": 0, "RT777_EB": 0, "RT777_WB": 0, "AWDT23*1.2": 45097, "Total_Users": 45254, "TransitUsersTTL": 157, "TrnstModeShare": 0.35 }, "geometry": { "type": "MultiLineString", "coordinates": [ [ [ -106.550952526369159, 35.123553408732263 ], [ -106.550973554360468, 35.124555678878053 ], [ -106.550977340758593, 35.125162614486079 ], [ -106.550987301913182, 35.126758961442299 ], [ -106.550991905756575, 35.127496727704404 ], [ -106.550992160225746, 35.127537559169276 ], [ -106.550999386002104, 35.128170182678183 ], [ -106.550999357143013, 35.128181424736418 ], [ -106.550992774495953, 35.130690457073896 ] ] ] } },
{ "type": "Feature", "properties": { "fid": 1141, "OBJECTID": 1141, "COGID": 21980, "RTE": "JUAN TABO", "LOCAT": " NORTH OF COMANCHE - SOUTH OF MONTGOMERY", "LENGTH": 2588.908, "MILES": 0.49000000953674316, "ADT22": 25649, "AWDT22": 27720, "Shape_Length": 2585.4383349538803, "ADT23": 27279, "AWDT23": 29135, "RT1_NB": 31, "RT1_SB": 36, "RT2_NB": 0, "RT2_SB": 0, "RT5_EB": 0, "RT5_WB": 0, "RT8_EB": 0, "RT8_WB": 0, "RT10_NB": 0, "RT10_SB": 0, "RT11_EB": 0, "RT11_WB": 0, "RT16_EB": 0, "RT16_WB": 0, "RT31_NB": 0, "RT31_SB": 0, "RT36": 0, "RT50_NB": 0, "RT50_SB": 0, "RT51_NB": 0, "RT51_SB": 0, "RT53_NB": 0, "RT53_SB": 0, "RT54_EB": 0, "RT54_WB": 0, "RT66_EB": 0, "RT66_WB": 0, "RT97_EB": 0, "RT97_WB": 0, "RT140_NB": 0, "RT140_SB": 0, "RT141_NB": 0, "RT141_SB": 0, "RT155_NB": 0, "RT155_SB": 0, "RT157_NB": 0, "RT157_SB": 0, "RT198_NB": 0, "RT198_SB": 0, "RT766_EB": 0, "RT766_WB": 0, "RT777_EB": 0, "RT777_WB": 0, "AWDT23*1.2": 34962, "Total_Users": 35029, "TransitUsersTTL": 67, "TrnstModeShare": 0.19 }, "geometry": { "type": "MultiLineString", "coordinates": [ [ [ -106.51568008005961, 35.123563117598174 ], [ -106.515700234876661, 35.126394161817778 ], [ -106.515670572201557, 35.128312189888725 ], [ -106.515679951829782, 35.130666702632887 ] ] ] } },
{ "type": "Feature", "properties": { "fid": 1145, "OBJECTID": 1145, "COGID": 21996, "RTE": "SAN MATEO", "LOCAT": " NORTH OF COMANCHE - SOUTH OF MONTGOMERY", "LENGTH": 2780.14, "MILES": 0.52700001001358032, "ADT22": 32456, "AWDT22": 35077, "Shape_Length": 2793.9338207872352, "ADT23": 34518, "AWDT23": 36867, "RT1_NB": 0, "RT1_SB": 0, "RT2_NB": 0, "RT2_SB": 0, "RT5_EB": 0, "RT5_WB": 0, "RT8_EB": 0, "RT8_WB": 0, "RT10_NB": 0, "RT10_SB": 0, "RT11_EB": 0, "RT11_WB": 0, "RT16_EB": 0, "RT16_WB": 0, "RT31_NB": 0, "RT31_SB": 0, "RT36": 0, "RT50_NB": 0, "RT50_SB": 0, "RT51_NB": 0, "RT51_SB": 0, "RT53_NB": 0, "RT53_SB": 0, "RT54_EB": 0, "RT54_WB": 0, "RT66_EB": 0, "RT66_WB": 0, "RT97_EB": 0, "RT97_WB": 0, "RT140_NB": 298, "RT140_SB": 93, "RT141_NB": 225, "RT141_SB": 218, "RT155_NB": 0, "RT155_SB": 0, "RT157_NB": 0, "RT157_SB": 0, "RT198_NB": 0, "RT198_SB": 0, "RT766_EB": 0, "RT766_WB": 0, "RT777_EB": 0, "RT777_WB": 0, "AWDT23*1.2": 44240, "Total_Users": 45074, "TransitUsersTTL": 834, "TrnstModeShare": 1.85 }, "geometry": { "type": "MultiLineString", "coordinates": [ [ [ -106.586446984929822, 35.123284846371092 ], [ -106.58645453406541, 35.124195599905903 ], [ -106.586455602353325, 35.12432437535665 ], [ -106.586456690179403, 35.124897593423647 ], [ -106.58645721472385, 35.125174552471798 ], [ -106.586457220010828, 35.125177172069876 ], [ -106.586457831741967, 35.125499340365273 ], [ -106.586459903544224, 35.126592185340577 ], [ -106.586461523713638, 35.127446056255522 ], [ -106.586464532472888, 35.129032058568505 ], [ -106.586463521113899, 35.129084155218315 ], [ -106.586427071889602, 35.130961204745923 ] ] ] } },
{ "type": "Feature", "properties": { "fid": 1147, "OBJECTID": 1147, "COGID": 22004, "RTE": "EUBANK", "LOCAT": " NORTH OF COMANCHE - SOUTH OF MONTGOMERY", "LENGTH": 2628.382, "MILES": 0.49799999594688416, "ADT22": 26368, "AWDT22": 28497, "Shape_Length": 2627.037973132411, "ADT23": 28043, "AWDT23": 29951, "RT1_NB": 0, "RT1_SB": 0, "RT2_NB": 21, "RT2_SB": 19, "RT5_EB": 0, "RT5_WB": 0, "RT8_EB": 0, "RT8_WB": 0, "RT10_NB": 0, "RT10_SB": 0, "RT11_EB": 0, "RT11_WB": 0, "RT16_EB": 0, "RT16_WB": 0, "RT31_NB": 0, "RT31_SB": 0, "RT36": 0, "RT50_NB": 0, "RT50_SB": 0, "RT51_NB": 0, "RT51_SB": 0, "RT53_NB": 0, "RT53_SB": 0, "RT54_EB": 0, "RT54_WB": 0, "RT66_EB": 0, "RT66_WB": 0, "RT97_EB": 0, "RT97_WB": 0, "RT140_NB": 0, "RT140_SB": 0, "RT141_NB": 0, "RT141_SB": 0, "RT155_NB": 0, "RT155_SB": 0, "RT157_NB": 0, "RT157_SB": 0, "RT198_NB": 0, "RT198_SB": 0, "RT766_EB": 0, "RT766_WB": 0, "RT777_EB": 0, "RT777_WB": 0, "AWDT23*1.2": 35941, "Total_Users": 35981, "TransitUsersTTL": 40, "TrnstModeShare": 0.11 }, "geometry": { "type": "MultiLineString", "coordinates": [ [ [ -106.533287567277597, 35.123416888416166 ], [ -106.533297343407739, 35.124166041114407 ], [ -106.533311468829112, 35.125248127354652 ], [ -106.533317703406496, 35.126357124833611 ], [ -106.533321422917666, 35.127018317823989 ], [ -106.533324924355952, 35.127640594717079 ], [ -106.533321266453058, 35.128519848619028 ], [ -106.53332027482513, 35.128757859163926 ], [ -106.533322101718539, 35.129043608444455 ], [ -106.53332351176303, 35.129329701237133 ], [ -106.533325336500027, 35.129615450495642 ], [ -106.533326744296019, 35.129901200715331 ], [ -106.533328153203001, 35.130186950017432 ], [ -106.533329977996402, 35.13047269923527 ], [ -106.533333465938469, 35.130634800713288 ] ] ] } },
{ "type": "Feature", "properties": { "fid": 1151, "OBJECTID": 1151, "COGID": 22024, "RTE": "TRAMWAY", "LOCAT": " SOUTH OF MONTGOMERY - NORTH OF COMANCHE", "LENGTH": 2630.141, "MILES": 0.49799999594688416, "ADT22": 25107, "AWDT22": 27135, "Shape_Length": 2636.1874836184211, "ADT23": 26703, "AWDT23": 28520, "RT1_NB": 0, "RT1_SB": 0, "RT2_NB": 0, "RT2_SB": 0, "RT5_EB": 0, "RT5_WB": 0, "RT8_EB": 44, "RT8_WB": 39, "RT10_NB": 0, "RT10_SB": 0, "RT11_EB": 0, "RT11_WB": 0, "RT16_EB": 0, "RT16_WB": 0, "RT31_NB": 0, "RT31_SB": 0, "RT36": 0, "RT50_NB": 0, "RT50_SB": 0, "RT51_NB": 0, "RT51_SB": 0, "RT53_NB": 0, "RT53_SB": 0, "RT54_EB": 0, "RT54_WB": 0, "RT66_EB": 0, "RT66_WB": 0, "RT97_EB": 0, "RT97_WB": 0, "RT140_NB": 0, "RT140_SB": 0, "RT141_NB": 0, "RT141_SB": 0, "RT155_NB": 0, "RT155_SB": 0, "RT157_NB": 0, "RT157_SB": 0, "RT198_NB": 0, "RT198_SB": 0, "RT766_EB": 0, "RT766_WB": 0, "RT777_EB": 0, "RT777_WB": 0, "AWDT23*1.2": 34224, "Total_Users": 34307, "TransitUsersTTL": 83, "TrnstModeShare": 0.24 }, "geometry": { "type": "MultiLineString", "coordinates": [ [ [ -106.497827527215946, 35.123427922214191 ], [ -106.497849113874764, 35.124791417469467 ], [ -106.497902065648432, 35.126125971153023 ], [ -106.497997692847008, 35.130669665914219 ] ] ] } },
{ "type": "Feature", "properties": { "fid": 1157, "OBJECTID": 1157, "COGID": 22043, "RTE": "SAN ISIDRO", "LOCAT": " NORTH OF CANDELARIA - SOUTH OF GRIEGOS", "LENGTH": 4067.244, "MILES": 0.76999998092651367, "ADT22": 2199, "AWDT22": 2459, "Shape_Length": 4052.2012870159087, "ADT23": 2465, "AWDT23": 2757, "RT1_NB": 0, "RT1_SB": 0, "RT2_NB": 0, "RT2_SB": 0, "RT5_EB": 0, "RT5_WB": 0, "RT8_EB": 0, "RT8_WB": 0, "RT10_NB": 0, "RT10_SB": 0, "RT11_EB": 0, "RT11_WB": 0, "RT16_EB": 0, "RT16_WB": 0, "RT31_NB": 0, "RT31_SB": 0, "RT36": 19, "RT50_NB": 0, "RT50_SB": 0, "RT51_NB": 0, "RT51_SB": 0, "RT53_NB": 0, "RT53_SB": 0, "RT54_EB": 0, "RT54_WB": 0, "RT66_EB": 0, "RT66_WB": 0, "RT97_EB": 0, "RT97_WB": 0, "RT140_NB": 0, "RT140_SB": 0, "RT141_NB": 0, "RT141_SB": 0, "RT155_NB": 0, "RT155_SB": 0, "RT157_NB": 0, "RT157_SB": 0, "RT198_NB": 0, "RT198_SB": 0, "RT766_EB": 0, "RT766_WB": 0, "RT777_EB": 0, "RT777_WB": 0, "AWDT23*1.2": 3308, "Total_Users": 3327, "TransitUsersTTL": 19, "TrnstModeShare": 0.57 }, "geometry": { "type": "MultiLineString", "coordinates": [ [ [ -106.665935108634258, 35.123845859967105 ], [ -106.665819118218849, 35.124686048693725 ], [ -106.665815913921492, 35.124709270142858 ], [ -106.665680903744132, 35.125890761157152 ], [ -106.665677965480228, 35.125916474186297 ], [ -106.665605217836969, 35.126490327741152 ], [ -106.665559707160327, 35.126849315454614 ], [ -106.665494391239122, 35.12745634816369 ], [ -106.665489259992839, 35.1274730866864 ], [ -106.66538538774752, 35.127811880010036 ], [ -106.665381986669232, 35.127822973148284 ], [ -106.665080984962103, 35.128629354839632 ], [ -106.664997558259913, 35.128835602098015 ], [ -106.664986103949261, 35.128863922395141 ], [ -106.664699291007153, 35.129532861411995 ], [ -106.664693490342273, 35.129546393038098 ], [ -106.664565112953184, 35.129856276193806 ], [ -106.664526694615162, 35.129949011369007 ], [ -106.6644432913656, 35.130142664025655 ], [ -106.664430584204311, 35.130201424077619 ], [ -106.664448176643674, 35.130421425861435 ], [ -106.664448872502859, 35.130430125141629 ], [ -106.664467000400563, 35.130560667371782 ], [ -106.664498828646899, 35.130789881907468 ], [ -106.664509845055647, 35.130903502159562 ], [ -106.664498180388364, 35.13101599024067 ], [ -106.66446955552756, 35.131101523588434 ], [ -106.664444593345436, 35.131155005208029 ], [ -106.663291604601426, 35.133453123299809 ], [ -106.663004787047882, 35.134043347292049 ], [ -106.662919035407498, 35.134227415417847 ], [ -106.662870592129224, 35.134331400859587 ], [ -106.662761324595593, 35.134541660252196 ] ] ] } },
{ "type": "Feature", "properties": { "fid": 1158, "OBJECTID": 1158, "COGID": 22044, "RTE": "CANDELARIA", "LOCAT": " EAST OF SAN ISIDRO - WEST OF 12TH ST.", "LENGTH": 3322.451, "MILES": 0.62900000810623169, "ADT22": 6280, "AWDT22": 6717, "Shape_Length": 3312.8188710401782, "ADT23": 7041, "AWDT23": 7531, "RT1_NB": 0, "RT1_SB": 0, "RT2_NB": 0, "RT2_SB": 0, "RT5_EB": 0, "RT5_WB": 0, "RT8_EB": 0, "RT8_WB": 0, "RT10_NB": 0, "RT10_SB": 0, "RT11_EB": 0, "RT11_WB": 0, "RT16_EB": 0, "RT16_WB": 0, "RT31_NB": 0, "RT31_SB": 0, "RT36": 18, "RT50_NB": 0, "RT50_SB": 0, "RT51_NB": 0, "RT51_SB": 0, "RT53_NB": 0, "RT53_SB": 0, "RT54_EB": 0, "RT54_WB": 0, "RT66_EB": 0, "RT66_WB": 0, "RT97_EB": 0, "RT97_WB": 0, "RT140_NB": 0, "RT140_SB": 0, "RT141_NB": 0, "RT141_SB": 0, "RT155_NB": 0, "RT155_SB": 0, "RT157_NB": 0, "RT157_SB": 0, "RT198_NB": 0, "RT198_SB": 0, "RT766_EB": 0, "RT766_WB": 0, "RT777_EB": 0, "RT777_WB": 0, "AWDT23*1.2": 9037, "Total_Users": 9055, "TransitUsersTTL": 18, "TrnstModeShare": 0.2 }, "geometry": { "type": "MultiLineString", "coordinates": [ [ [ -106.665935108634258, 35.123845859967105 ], [ -106.665343144857403, 35.123677642613124 ], [ -106.66498690633577, 35.12357640884607 ], [ -106.664580529678034, 35.123497485975555 ], [ -106.664042578947829, 35.123434451252976 ], [ -106.663013929844482, 35.123466580786982 ], [ -106.662014431186577, 35.123517277790334 ], [ -106.662009413954081, 35.123517532827179 ], [ -106.661478092597577, 35.123549082794028 ], [ -106.661026409156108, 35.123552521001251 ], [ -106.660561397090234, 35.123523820102513 ], [ -106.659995546618646, 35.123424415489353 ], [ -106.659493606926333, 35.123310487256667 ], [ -106.659093763077763, 35.12323468797242 ], [ -106.658443423906121, 35.12314696453744 ], [ -106.658086338390973, 35.12309879593252 ], [ -106.657128009947215, 35.122999243736857 ], [ -106.656137070491297, 35.12287034023214 ], [ -106.655021992881487, 35.122730703396961 ] ] ] } },
{ "type": "Feature", "properties": { "fid": 1171, "OBJECTID": 1171, "COGID": 22104, "RTE": "4TH STREET", "LOCAT": " NORTH OF CANDELARIA - SOUTH OF GRIEGOS", "LENGTH": 3826.503, "MILES": 0.72500002384185791, "ADT22": 16127, "AWDT22": 17089, "Shape_Length": 3828.6599727134812, "ADT23": 17808, "AWDT23": 19159, "RT1_NB": 0, "RT1_SB": 0, "RT2_NB": 0, "RT2_SB": 0, "RT5_EB": 0, "RT5_WB": 0, "RT8_EB": 0, "RT8_WB": 0, "RT10_NB": 137, "RT10_SB": 166, "RT11_EB": 0, "RT11_WB": 0, "RT16_EB": 0, "RT16_WB": 0, "RT31_NB": 0, "RT31_SB": 0, "RT36": 0, "RT50_NB": 0, "RT50_SB": 0, "RT51_NB": 0, "RT51_SB": 0, "RT53_NB": 0, "RT53_SB": 0, "RT54_EB": 0, "RT54_WB": 0, "RT66_EB": 0, "RT66_WB": 0, "RT97_EB": 0, "RT97_WB": 0, "RT140_NB": 0, "RT140_SB": 0, "RT141_NB": 0, "RT141_SB": 0, "RT155_NB": 0, "RT155_SB": 0, "RT157_NB": 0, "RT157_SB": 0, "RT198_NB": 0, "RT198_SB": 0, "RT766_EB": 0, "RT766_WB": 0, "RT777_EB": 0, "RT777_WB": 0, "AWDT23*1.2": 22991, "Total_Users": 23294, "TransitUsersTTL": 303, "TrnstModeShare": 1.3 }, "geometry": { "type": "MultiLineString", "coordinates": [ [ [ -106.644814506279204, 35.119930731926416 ], [ -106.644568095212406, 35.121188568888613 ], [ -106.6443482203141, 35.122490285111816 ], [ -106.644344064643931, 35.122510403628915 ], [ -106.644074940379454, 35.123813807272953 ], [ -106.64393850426373, 35.124475396087838 ], [ -106.6438477832736, 35.124994989738177 ], [ -106.643666310304909, 35.125941103250483 ], [ -106.643646954225915, 35.126088852080095 ], [ -106.643656791010855, 35.126135186989622 ], [ -106.643627491219291, 35.126214619451545 ], [ -106.643465058585818, 35.127034965608004 ], [ -106.643185914702315, 35.128434731192129 ], [ -106.643185842946778, 35.128435097412506 ], [ -106.643037356884037, 35.129375611765397 ], [ -106.642854547977677, 35.130322055903122 ] ] ] } },
{ "type": "Feature", "properties": { "fid": 1179, "OBJECTID": 1179, "COGID": 22144, "RTE": "WYOMING", "LOCAT": " NORTH OF CANDELARIA - SOUTH OF COMANCHE", "LENGTH": 2589.355, "MILES": 0.49000000953674316, "ADT22": 33435, "AWDT22": 36135, "Shape_Length": 2593.1526812686152, "ADT23": 35560, "AWDT23": 37979, "RT1_NB": 0, "RT1_SB": 0, "RT2_NB": 0, "RT2_SB": 0, "RT5_EB": 0, "RT5_WB": 0, "RT8_EB": 0, "RT8_WB": 0, "RT10_NB": 0, "RT10_SB": 0, "RT11_EB": 0, "RT11_WB": 0, "RT16_EB": 0, "RT16_WB": 0, "RT31_NB": 86, "RT31_SB": 83, "RT36": 0, "RT50_NB": 0, "RT50_SB": 0, "RT51_NB": 0, "RT51_SB": 0, "RT53_NB": 0, "RT53_SB": 0, "RT54_EB": 0, "RT54_WB": 0, "RT66_EB": 0, "RT66_WB": 0, "RT97_EB": 0, "RT97_WB": 0, "RT140_NB": 0, "RT140_SB": 0, "RT141_NB": 0, "RT141_SB": 0, "RT155_NB": 0, "RT155_SB": 0, "RT157_NB": 0, "RT157_SB": 0, "RT198_NB": 0, "RT198_SB": 0, "RT766_EB": 0, "RT766_WB": 0, "RT777_EB": 0, "RT777_WB": 0, "AWDT23*1.2": 45575, "Total_Users": 45744, "TransitUsersTTL": 169, "TrnstModeShare": 0.37 }, "geometry": { "type": "MultiLineString", "coordinates": [ [ [ -106.550906249075155, 35.116428519403406 ], [ -106.550919286380989, 35.11843578692217 ], [ -106.550924443282696, 35.119229820538017 ], [ -106.55092711734882, 35.119641633946074 ], [ -106.550929473223661, 35.120004204524705 ], [ -106.550940728714465, 35.121737127611731 ], [ -106.550952526369159, 35.123553408732263 ] ] ] } },
{ "type": "Feature", "properties": { "fid": 1181, "OBJECTID": 1181, "COGID": 22160, "RTE": "CARLISLE", "LOCAT": " NORTH OF CANDELARIA - SOUTH OF COMANCHE", "LENGTH": 2619.299, "MILES": 0.49599999189376831, "ADT22": 18358, "AWDT22": 19452, "Shape_Length": 2596.4296823108489, "ADT23": 19004, "AWDT23": 20445, "RT1_NB": 0, "RT1_SB": 0, "RT2_NB": 0, "RT2_SB": 0, "RT5_EB": 250, "RT5_WB": 255, "RT8_EB": 0, "RT8_WB": 0, "RT10_NB": 0, "RT10_SB": 0, "RT11_EB": 0, "RT11_WB": 0, "RT16_EB": 0, "RT16_WB": 0, "RT31_NB": 0, "RT31_SB": 0, "RT36": 0, "RT50_NB": 0, "RT50_SB": 0, "RT51_NB": 0, "RT51_SB": 0, "RT53_NB": 0, "RT53_SB": 0, "RT54_EB": 0, "RT54_WB": 0, "RT66_EB": 0, "RT66_WB": 0, "RT97_EB": 0, "RT97_WB": 0, "RT140_NB": 0, "RT140_SB": 0, "RT141_NB": 0, "RT141_SB": 0, "RT155_NB": 0, "RT155_SB": 0, "RT157_NB": 0, "RT157_SB": 0, "RT198_NB": 0, "RT198_SB": 0, "RT766_EB": 0, "RT766_WB": 0, "RT777_EB": 0, "RT777_WB": 0, "AWDT23*1.2": 24534, "Total_Users": 25039, "TransitUsersTTL": 505, "TrnstModeShare": 2.02 }, "geometry": { "type": "MultiLineString", "coordinates": [ [ [ -106.604141273818655, 35.1165115325242 ], [ -106.604149140391939, 35.119155060922225 ], [ -106.604149215258531, 35.119180725886409 ], [ -106.604142215620612, 35.120107825388061 ], [ -106.604136899688498, 35.120811756030328 ], [ -106.604136761726366, 35.120830072990962 ], [ -106.604138772914993, 35.121610130297917 ], [ -106.60413978445763, 35.122002538272561 ], [ -106.604139349628554, 35.122591076112236 ], [ -106.604139344051944, 35.12259992746106 ], [ -106.604114285083853, 35.123645256508532 ] ] ] } },
{ "type": "Feature", "properties": { "fid": 1182, "OBJECTID": 1182, "COGID": 22164, "RTE": "SAN MATEO", "LOCAT": " NORTH OF CANDELARIA - SOUTH OF COMANCHE", "LENGTH": 2476.313, "MILES": 0.46900001168251038, "ADT22": 30688, "AWDT22": 35700, "Shape_Length": 2477.0459453917383, "ADT23": 32637, "AWDT23": 34858, "RT1_NB": 0, "RT1_SB": 0, "RT2_NB": 0, "RT2_SB": 0, "RT5_EB": 0, "RT5_WB": 0, "RT8_EB": 0, "RT8_WB": 0, "RT10_NB": 0, "RT10_SB": 0, "RT11_EB": 0, "RT11_WB": 0, "RT16_EB": 0, "RT16_WB": 0, "RT31_NB": 0, "RT31_SB": 0, "RT36": 0, "RT50_NB": 0, "RT50_SB": 0, "RT51_NB": 0, "RT51_SB": 0, "RT53_NB": 0, "RT53_SB": 0, "RT54_EB": 0, "RT54_WB": 0, "RT66_EB": 0, "RT66_WB": 0, "RT97_EB": 0, "RT97_WB": 0, "RT140_NB": 424, "RT140_SB": 95, "RT141_NB": 256, "RT141_SB": 236, "RT155_NB": 0, "RT155_SB": 0, "RT157_NB": 0, "RT157_SB": 0, "RT198_NB": 0, "RT198_SB": 0, "RT766_EB": 0, "RT766_WB": 0, "RT777_EB": 0, "RT777_WB": 0, "AWDT23*1.2": 41830, "Total_Users": 42841, "TransitUsersTTL": 1011, "TrnstModeShare": 2.36 }, "geometry": { "type": "MultiLineString", "coordinates": [ [ [ -106.586380661042625, 35.11647946975306 ], [ -106.586408948364593, 35.117195787819362 ], [ -106.586408948753686, 35.117195882470611 ], [ -106.586413858491071, 35.118194880950533 ], [ -106.586432952308954, 35.119034074009022 ], [ -106.586433484947932, 35.119843848247449 ], [ -106.586433704732997, 35.12017483319795 ], [ -106.586435014281605, 35.120830374190767 ], [ -106.586436869391648, 35.121758142546476 ], [ -106.586436870811212, 35.121758487797962 ], [ -106.586440768180807, 35.12189276601304 ], [ -106.586443473973219, 35.122550815285777 ], [ -106.586446984929822, 35.123284846371092 ] ] ] } },
{ "type": "Feature", "properties": { "fid": 1185, "OBJECTID": 1185, "COGID": 22176, "RTE": "LOUISIANA", "LOCAT": " NORTH OF CANDELARIA - SOUTH OF COMANCHE", "LENGTH": 2591.322, "MILES": 0.49099999666213989, "ADT22": 15641, "AWDT22": 16574, "Shape_Length": 2599.2865182122928, "ADT23": 16192, "AWDT23": 17420, "RT1_NB": 0, "RT1_SB": 0, "RT2_NB": 0, "RT2_SB": 0, "RT5_EB": 0, "RT5_WB": 0, "RT8_EB": 0, "RT8_WB": 0, "RT10_NB": 0, "RT10_SB": 0, "RT11_EB": 0, "RT11_WB": 0, "RT16_EB": 0, "RT16_WB": 0, "RT31_NB": 0, "RT31_SB": 0, "RT36": 0, "RT50_NB": 0, "RT50_SB": 0, "RT51_NB": 0, "RT51_SB": 0, "RT53_NB": 0, "RT53_SB": 0, "RT54_EB": 0, "RT54_WB": 0, "RT66_EB": 0, "RT66_WB": 0, "RT97_EB": 0, "RT97_WB": 0, "RT140_NB": 0, "RT140_SB": 0, "RT141_NB": 0, "RT141_SB": 0, "RT155_NB": 0, "RT155_SB": 0, "RT157_NB": 184, "RT157_SB": 186, "RT198_NB": 0, "RT198_SB": 0, "RT766_EB": 0, "RT766_WB": 0, "RT777_EB": 0, "RT777_WB": 0, "AWDT23*1.2": 20904, "Total_Users": 21274, "TransitUsersTTL": 370, "TrnstModeShare": 1.74 }, "geometry": { "type": "MultiLineString", "coordinates": [ [ [ -106.568880639553626, 35.116412598320863 ], [ -106.568869459407239, 35.117303301431406 ], [ -106.568857138247679, 35.118284711436928 ], [ -106.568846732155365, 35.119113705202629 ], [ -106.568846629354837, 35.119125052939715 ], [ -106.568843886874575, 35.119429528866831 ], [ -106.568833203335004, 35.120615931369073 ], [ -106.568833172961604, 35.12061939933055 ], [ -106.568828863183668, 35.120930784418704 ], [ -106.568828833917166, 35.120932847015212 ], [ -106.568817673928351, 35.121739381855029 ], [ -106.568806098960792, 35.122575742172067 ], [ -106.568781810294936, 35.123553919547554 ] ] ] } },
{ "type": "Feature", "properties": { "fid": 1195, "OBJECTID": 1195, "COGID": 22220, "RTE": "JUAN TABO", "LOCAT": " NORTH OF CANDELARIA - SOUTH OF COMANCHE", "LENGTH": 2653.809, "MILES": 0.50300002098083496, "ADT22": 23744, "AWDT22": 25661, "Shape_Length": 2660.8465407570529, "ADT23": 25252, "AWDT23": 26970, "RT1_NB": 35, "RT1_SB": 41, "RT2_NB": 0, "RT2_SB": 0, "RT5_EB": 0, "RT5_WB": 0, "RT8_EB": 0, "RT8_WB": 0, "RT10_NB": 0, "RT10_SB": 0, "RT11_EB": 0, "RT11_WB": 0, "RT16_EB": 0, "RT16_WB": 0, "RT31_NB": 0, "RT31_SB": 0, "RT36": 0, "RT50_NB": 0, "RT50_SB": 0, "RT51_NB": 0, "RT51_SB": 0, "RT53_NB": 0, "RT53_SB": 0, "RT54_EB": 0, "RT54_WB": 0, "RT66_EB": 0, "RT66_WB": 0, "RT97_EB": 0, "RT97_WB": 0, "RT140_NB": 0, "RT140_SB": 0, "RT141_NB": 0, "RT141_SB": 0, "RT155_NB": 0, "RT155_SB": 0, "RT157_NB": 0, "RT157_SB": 0, "RT198_NB": 0, "RT198_SB": 0, "RT766_EB": 0, "RT766_WB": 0, "RT777_EB": 0, "RT777_WB": 0, "AWDT23*1.2": 32364, "Total_Users": 32440, "TransitUsersTTL": 76, "TrnstModeShare": 0.23 }, "geometry": { "type": "MultiLineString", "coordinates": [ [ [ -106.515661557432196, 35.116254063583156 ], [ -106.515680170966277, 35.117621821610939 ], [ -106.51568813995398, 35.117887981514656 ], [ -106.515722766402348, 35.119025424401208 ], [ -106.515740076094147, 35.119592428049955 ], [ -106.515740075021085, 35.119592773308611 ], [ -106.515700932400762, 35.120024579126891 ], [ -106.515686098056946, 35.121635754837484 ], [ -106.51568008005961, 35.123563117598174 ] ] ] } },
{ "type": "Feature", "properties": { "fid": 1198, "OBJECTID": 1198, "COGID": 22228, "RTE": "EUBANK", "LOCAT": " NORTH OF CANDELARIA - SOUTH OF COMANCHE", "LENGTH": 2639.113, "MILES": 0.5, "ADT22": 28600, "AWDT22": 30910, "Shape_Length": 2639.2049272182185, "ADT23": 30417, "AWDT23": 32487, "RT1_NB": 0, "RT1_SB": 0, "RT2_NB": 24, "RT2_SB": 22, "RT5_EB": 0, "RT5_WB": 0, "RT8_EB": 0, "RT8_WB": 0, "RT10_NB": 0, "RT10_SB": 0, "RT11_EB": 0, "RT11_WB": 0, "RT16_EB": 0, "RT16_WB": 0, "RT31_NB": 0, "RT31_SB": 0, "RT36": 0, "RT50_NB": 0, "RT50_SB": 0, "RT51_NB": 0, "RT51_SB": 0, "RT53_NB": 0, "RT53_SB": 0, "RT54_EB": 0, "RT54_WB": 0, "RT66_EB": 0, "RT66_WB": 0, "RT97_EB": 0, "RT97_WB": 0, "RT140_NB": 0, "RT140_SB": 0, "RT141_NB": 0, "RT141_SB": 0, "RT155_NB": 0, "RT155_SB": 0, "RT157_NB": 0, "RT157_SB": 0, "RT198_NB": 0, "RT198_SB": 0, "RT766_EB": 0, "RT766_WB": 0, "RT777_EB": 0, "RT777_WB": 0, "AWDT23*1.2": 38984, "Total_Users": 39030, "TransitUsersTTL": 46, "TrnstModeShare": 0.12 }, "geometry": { "type": "MultiLineString", "coordinates": [ [ [ -106.533260156946028, 35.116165585869396 ], [ -106.53328066129248, 35.117922357861737 ], [ -106.533290671171542, 35.118779910319418 ], [ -106.533298608616278, 35.119459931022703 ], [ -106.533299730029441, 35.119555995246706 ], [ -106.53330048019464, 35.120217928800741 ], [ -106.533301634307023, 35.121234191404568 ], [ -106.533302880695743, 35.122331891665823 ], [ -106.533287567277597, 35.123416888416166 ] ] ] } },
{ "type": "Feature", "properties": { "fid": 1204, "OBJECTID": 1204, "COGID": 22243, "RTE": "COORS", "LOCAT": " NORTH OF REDLANDS - SOUTH OF SEQUOIA", "LENGTH": 1074.434, "MILES": 0.20299999415874481, "ADT22": 49672, "AWDT22": 53683, "Shape_Length": 1079.4822055536308, "ADT23": 49564, "AWDT23": 52937, "RT1_NB": 0, "RT1_SB": 0, "RT2_NB": 0, "RT2_SB": 0, "RT5_EB": 0, "RT5_WB": 0, "RT8_EB": 0, "RT8_WB": 0, "RT10_NB": 0, "RT10_SB": 0, "RT11_EB": 0, "RT11_WB": 0, "RT16_EB": 0, "RT16_WB": 0, "RT31_NB": 0, "RT31_SB": 0, "RT36": 0, "RT50_NB": 0, "RT50_SB": 0, "RT51_NB": 0, "RT51_SB": 0, "RT53_NB": 0, "RT53_SB": 0, "RT54_EB": 0, "RT54_WB": 0, "RT66_EB": 0, "RT66_WB": 0, "RT97_EB": 0, "RT97_WB": 0, "RT140_NB": 0, "RT140_SB": 0, "RT141_NB": 0, "RT141_SB": 0, "RT155_NB": 141, "RT155_SB": 126, "RT157_NB": 0, "RT157_SB": 0, "RT198_NB": 0, "RT198_SB": 0, "RT766_EB": 0, "RT766_WB": 0, "RT777_EB": 0, "RT777_WB": 0, "AWDT23*1.2": 63524, "Total_Users": 63791, "TransitUsersTTL": 267, "TrnstModeShare": 0.42 }, "geometry": { "type": "MultiLineString", "coordinates": [ [ [ -106.701638374471955, 35.118361609737185 ], [ -106.701629929455621, 35.119744688850922 ], [ -106.701631152616201, 35.121327561475859 ] ] ] } },
{ "type": "Feature", "properties": { "fid": 1205, "OBJECTID": 1205, "COGID": 22244, "RTE": "COORS", "LOCAT": " NORTH OF QUAIL - SOUTH OF REDLANDS", "LENGTH": 1094.103, "MILES": 0.2070000022649765, "ADT22": 49603, "AWDT22": 53609, "Shape_Length": 1094.0486314333577, "ADT23": 49496, "AWDT23": 52864, "RT1_NB": 0, "RT1_SB": 0, "RT2_NB": 0, "RT2_SB": 0, "RT5_EB": 0, "RT5_WB": 0, "RT8_EB": 0, "RT8_WB": 0, "RT10_NB": 0, "RT10_SB": 0, "RT11_EB": 0, "RT11_WB": 0, "RT16_EB": 0, "RT16_WB": 0, "RT31_NB": 0, "RT31_SB": 0, "RT36": 0, "RT50_NB": 0, "RT50_SB": 0, "RT51_NB": 0, "RT51_SB": 0, "RT53_NB": 0, "RT53_SB": 0, "RT54_EB": 0, "RT54_WB": 0, "RT66_EB": 0, "RT66_WB": 0, "RT97_EB": 0, "RT97_WB": 0, "RT140_NB": 0, "RT140_SB": 0, "RT141_NB": 0, "RT141_SB": 0, "RT155_NB": 141, "RT155_SB": 148, "RT157_NB": 0, "RT157_SB": 0, "RT198_NB": 0, "RT198_SB": 0, "RT766_EB": 0, "RT766_WB": 0, "RT777_EB": 0, "RT777_WB": 0, "AWDT23*1.2": 63437, "Total_Users": 63726, "TransitUsersTTL": 289, "TrnstModeShare": 0.45 }, "geometry": { "type": "MultiLineString", "coordinates": [ [ [ -106.70165480750552, 35.115356000940317 ], [ -106.701626441273532, 35.116199280321638 ], [ -106.701624545264053, 35.116877953259845 ], [ -106.701623755885734, 35.117160547101783 ], [ -106.701638374471955, 35.118361609737185 ] ] ] } },
{ "type": "Feature", "properties": { "fid": 1208, "OBJECTID": 1208, "COGID": 22264, "RTE": "TRAMWAY", "LOCAT": " SOUTH OF COMANCHE - NORTH OF CANDELARIA", "LENGTH": 2863.493, "MILES": 0.54199999570846558, "ADT22": 24399, "AWDT22": 26369, "Shape_Length": 2849.6311449426712, "ADT23": 25949, "AWDT23": 27715, "RT1_NB": 0, "RT1_SB": 0, "RT2_NB": 0, "RT2_SB": 0, "RT5_EB": 0, "RT5_WB": 0, "RT8_EB": 44, "RT8_WB": 39, "RT10_NB": 0, "RT10_SB": 0, "RT11_EB": 0, "RT11_WB": 0, "RT16_EB": 0, "RT16_WB": 0, "RT31_NB": 0, "RT31_SB": 0, "RT36": 0, "RT50_NB": 0, "RT50_SB": 0, "RT51_NB": 0, "RT51_SB": 0, "RT53_NB": 0, "RT53_SB": 0, "RT54_EB": 0, "RT54_WB": 0, "RT66_EB": 0, "RT66_WB": 0, "RT97_EB": 0, "RT97_WB": 0, "RT140_NB": 0, "RT140_SB": 0, "RT141_NB": 0, "RT141_SB": 0, "RT155_NB": 0, "RT155_SB": 0, "RT157_NB": 0, "RT157_SB": 0, "RT198_NB": 0, "RT198_SB": 0, "RT766_EB": 0, "RT766_WB": 0, "RT777_EB": 0, "RT777_WB": 0, "AWDT23*1.2": 33258, "Total_Users": 33341, "TransitUsersTTL": 83, "TrnstModeShare": 0.25 }, "geometry": { "type": "MultiLineString", "coordinates": [ [ [ -106.497587365850549, 35.115600759907373 ], [ -106.49762930278338, 35.116967658960256 ], [ -106.497684349496652, 35.118280859282848 ], [ -106.497812750974134, 35.122896718411404 ], [ -106.497812965285988, 35.122904445223575 ], [ -106.49782460057456, 35.123322727804975 ], [ -106.497827527215946, 35.123427922214191 ] ] ] } },
{ "type": "Feature", "properties": { "fid": 1232, "OBJECTID": 1232, "COGID": 22363, "RTE": "COORS", "LOCAT": "NORTH OF I-40 SOUTH RAMPS TO SOUTH OF I-40 WBD ON", "LENGTH": 1186.918, "MILES": 0.22499999403953552, "ADT22": 35151, "AWDT22": 37990, "Shape_Length": 1085.072203373363, "ADT23": 36673, "AWDT23": 39168, "RT1_NB": 0, "RT1_SB": 0, "RT2_NB": 0, "RT2_SB": 0, "RT5_EB": 0, "RT5_WB": 0, "RT8_EB": 0, "RT8_WB": 0, "RT10_NB": 0, "RT10_SB": 0, "RT11_EB": 0, "RT11_WB": 0, "RT16_EB": 0, "RT16_WB": 0, "RT31_NB": 0, "RT31_SB": 0, "RT36": 0, "RT50_NB": 0, "RT50_SB": 0, "RT51_NB": 0, "RT51_SB": 0, "RT53_NB": 0, "RT53_SB": 0, "RT54_EB": 0, "RT54_WB": 0, "RT66_EB": 0, "RT66_WB": 0, "RT97_EB": 0, "RT97_WB": 0, "RT140_NB": 0, "RT140_SB": 0, "RT141_NB": 0, "RT141_SB": 0, "RT155_NB": 165, "RT155_SB": 148, "RT157_NB": 0, "RT157_SB": 0, "RT198_NB": 0, "RT198_SB": 0, "RT766_EB": 0, "RT766_WB": 0, "RT777_EB": 0, "RT777_WB": 0, "AWDT23*1.2": 47002, "Total_Users": 47315, "TransitUsersTTL": 313, "TrnstModeShare": 0.66 }, "geometry": { "type": "MultiLineString", "coordinates": [ [ [ -106.705378335562003, 35.104442887938362 ], [ -106.704845477391459, 35.105718389470397 ], [ -106.704725244649438, 35.106013430153396 ], [ -106.704556564990099, 35.106427348739871 ], [ -106.704471675304063, 35.106635655409526 ], [ -106.704393145373388, 35.106828352140823 ], [ -106.704211958791134, 35.107265920596319 ] ] ] } },
{ "type": "Feature", "properties": { "fid": 1233, "OBJECTID": 1233, "COGID": 22364, "RTE": "COORS", "LOCAT": "NORTH OF I-40 N. RAMPS - SOUTH OF QUAIL", "LENGTH": 1723.993, "MILES": 0.32699999213218689, "ADT22": 55322, "AWDT22": 59790, "Shape_Length": 1524.5021463944577, "ADT23": 55204, "AWDT23": 58960, "RT1_NB": 0, "RT1_SB": 0, "RT2_NB": 0, "RT2_SB": 0, "RT5_EB": 0, "RT5_WB": 0, "RT8_EB": 0, "RT8_WB": 0, "RT10_NB": 0, "RT10_SB": 0, "RT11_EB": 0, "RT11_WB": 0, "RT16_EB": 0, "RT16_WB": 0, "RT31_NB": 0, "RT31_SB": 0, "RT36": 0, "RT50_NB": 0, "RT50_SB": 0, "RT51_NB": 0, "RT51_SB": 0, "RT53_NB": 0, "RT53_SB": 0, "RT54_EB": 0, "RT54_WB": 0, "RT66_EB": 0, "RT66_WB": 0, "RT97_EB": 0, "RT97_WB": 0, "RT140_NB": 0, "RT140_SB": 0, "RT141_NB": 0, "RT141_SB": 0, "RT155_NB": 165, "RT155_SB": 148, "RT157_NB": 0, "RT157_SB": 0, "RT198_NB": 0, "RT198_SB": 0, "RT766_EB": 0, "RT766_WB": 0, "RT777_EB": 0, "RT777_WB": 0, "AWDT23*1.2": 70752, "Total_Users": 71065, "TransitUsersTTL": 313, "TrnstModeShare": 0.44 }, "geometry": { "type": "MultiLineString", "coordinates": [ [ [ -106.702588492733724, 35.111244652682579 ], [ -106.702425059699735, 35.111702042377928 ], [ -106.70226562035424, 35.11223053030249 ], [ -106.702251413665863, 35.112285898816111 ], [ -106.702217411632006, 35.112418420327444 ], [ -106.702171224834572, 35.112598422334337 ], [ -106.702108175914873, 35.112865332635579 ], [ -106.701950625946466, 35.113552184658772 ], [ -106.701780282880648, 35.114421499107529 ], [ -106.701713363715726, 35.114892064934459 ], [ -106.70165480750552, 35.115356000940317 ] ] ] } },
{ "type": "Feature", "properties": { "fid": 1234, "OBJECTID": 1234, "COGID": 22365, "RTE": "COORS", "LOCAT": "NORTH OF I-40 WBD ON TO SOUTH OF I-40 WBD OFF", "LENGTH": 863.146, "MILES": 0.16300000250339508, "ADT22": 23642, "AWDT22": 25596, "Shape_Length": 1027.8601370680158, "ADT23": 23314, "AWDT23": 25241, "RT1_NB": 0, "RT1_SB": 0, "RT2_NB": 0, "RT2_SB": 0, "RT5_EB": 0, "RT5_WB": 0, "RT8_EB": 0, "RT8_WB": 0, "RT10_NB": 0, "RT10_SB": 0, "RT11_EB": 0, "RT11_WB": 0, "RT16_EB": 0, "RT16_WB": 0, "RT31_NB": 0, "RT31_SB": 0, "RT36": 0, "RT50_NB": 0, "RT50_SB": 0, "RT51_NB": 0, "RT51_SB": 0, "RT53_NB": 0, "RT53_SB": 0, "RT54_EB": 0, "RT54_WB": 0, "RT66_EB": 0, "RT66_WB": 0, "RT97_EB": 0, "RT97_WB": 0, "RT140_NB": 0, "RT140_SB": 0, "RT141_NB": 0, "RT141_SB": 0, "RT155_NB": 165, "RT155_SB": 148, "RT157_NB": 0, "RT157_SB": 0, "RT198_NB": 0, "RT198_SB": 0, "RT766_EB": 0, "RT766_WB": 0, "RT777_EB": 0, "RT777_WB": 0, "AWDT23*1.2": 30289, "Total_Users": 30602, "TransitUsersTTL": 313, "TrnstModeShare": 1.02 }, "geometry": { "type": "MultiLineString", "coordinates": [ [ [ -106.704211958791134, 35.107265920596319 ], [ -106.704106447581751, 35.107503869036684 ], [ -106.703968649820766, 35.107814628340016 ], [ -106.703929870492345, 35.107924767320505 ], [ -106.703881851960162, 35.108061151376965 ], [ -106.70380805458565, 35.108235773074306 ], [ -106.70363640701332, 35.108639153534355 ], [ -106.70321038742037, 35.109681380007103 ], [ -106.703105775035141, 35.109939300224497 ] ] ] } },
{ "type": "Feature", "properties": { "fid": 1235, "OBJECTID": 1235, "COGID": 22366, "RTE": "COORS", "LOCAT": "NORTH OF I-40 WBD OFF - SOUTH OF I-40 WBD ON", "LENGTH": 330.709, "MILES": 0.063000001013278961, "ADT22": 75642, "AWDT22": 81893, "Shape_Length": 499.70938955867206, "ADT23": 74591, "AWDT23": 80756, "RT1_NB": 0, "RT1_SB": 0, "RT2_NB": 0, "RT2_SB": 0, "RT5_EB": 0, "RT5_WB": 0, "RT8_EB": 0, "RT8_WB": 0, "RT10_NB": 0, "RT10_SB": 0, "RT11_EB": 0, "RT11_WB": 0, "RT16_EB": 0, "RT16_WB": 0, "RT31_NB": 0, "RT31_SB": 0, "RT36": 0, "RT50_NB": 0, "RT50_SB": 0, "RT51_NB": 0, "RT51_SB": 0, "RT53_NB": 0, "RT53_SB": 0, "RT54_EB": 0, "RT54_WB": 0, "RT66_EB": 0, "RT66_WB": 0, "RT97_EB": 0, "RT97_WB": 0, "RT140_NB": 0, "RT140_SB": 0, "RT141_NB": 0, "RT141_SB": 0, "RT155_NB": 165, "RT155_SB": 148, "RT157_NB": 0, "RT157_SB": 0, "RT198_NB": 0, "RT198_SB": 0, "RT766_EB": 0, "RT766_WB": 0, "RT777_EB": 0, "RT777_WB": 0, "AWDT23*1.2": 96907, "Total_Users": 97220, "TransitUsersTTL": 313, "TrnstModeShare": 0.32 }, "geometry": { "type": "MultiLineString", "coordinates": [ [ [ -106.703105775035141, 35.109939300224497 ], [ -106.702782409077273, 35.110720279510616 ], [ -106.702588492733724, 35.111244652682579 ] ] ] } },
{ "type": "Feature", "properties": { "fid": 1236, "OBJECTID": 1236, "COGID": 22368, "RTE": "12TH STREET", "LOCAT": " NORTH OF MENAUL - SOUTH OF MATTHEW", "LENGTH": 2220.257, "MILES": 0.42100000381469727, "ADT22": 10243, "AWDT22": 10956, "Shape_Length": 2184.4872459563794, "ADT23": 11484, "AWDT23": 12283, "RT1_NB": 0, "RT1_SB": 0, "RT2_NB": 0, "RT2_SB": 0, "RT5_EB": 0, "RT5_WB": 0, "RT8_EB": 0, "RT8_WB": 0, "RT10_NB": 0, "RT10_SB": 0, "RT11_EB": 0, "RT11_WB": 0, "RT16_EB": 0, "RT16_WB": 0, "RT31_NB": 0, "RT31_SB": 0, "RT36": 17, "RT50_NB": 0, "RT50_SB": 0, "RT51_NB": 0, "RT51_SB": 0, "RT53_NB": 0, "RT53_SB": 0, "RT54_EB": 0, "RT54_WB": 0, "RT66_EB": 0, "RT66_WB": 0, "RT97_EB": 0, "RT97_WB": 0, "RT140_NB": 0, "RT140_SB": 0, "RT141_NB": 0, "RT141_SB": 0, "RT155_NB": 0, "RT155_SB": 0, "RT157_NB": 0, "RT157_SB": 0, "RT198_NB": 0, "RT198_SB": 0, "RT766_EB": 0, "RT766_WB": 0, "RT777_EB": 0, "RT777_WB": 0, "AWDT23*1.2": 14740, "Total_Users": 14757, "TransitUsersTTL": 17, "TrnstModeShare": 0.12 }, "geometry": { "type": "MultiLineString", "coordinates": [ [ [ -106.657938371115705, 35.112332541631645 ], [ -106.657856521789341, 35.112560920616147 ], [ -106.657837680433374, 35.112784224256629 ], [ -106.657828712775725, 35.11284754335972 ], [ -106.657804692204067, 35.113017133542151 ], [ -106.657674061829937, 35.113674376742793 ], [ -106.657659750695629, 35.113746383029095 ], [ -106.657658821699883, 35.113751050249817 ], [ -106.657492949511564, 35.114521387567898 ], [ -106.657488191518084, 35.114544297656899 ], [ -106.657344344648848, 35.115236889118179 ], [ -106.657344190699803, 35.115237478281486 ], [ -106.657151884979911, 35.115976708260291 ], [ -106.657147546707037, 35.115993386108741 ], [ -106.656797018781958, 35.117126062020411 ], [ -106.656794137969698, 35.117135144766593 ], [ -106.65654829200632, 35.117910412870437 ], [ -106.656455906594985, 35.11820174625803 ] ] ] } },
{ "type": "Feature", "properties": { "fid": 1238, "OBJECTID": 1238, "COGID": 22370, "RTE": "12TH STREET", "LOCAT": " NORTH OF MATTHEW - SOUTH OF CANDELARIA", "LENGTH": 1689.931, "MILES": 0.31999999284744263, "ADT22": 9596, "AWDT22": 10168, "Shape_Length": 1703.1945424217156, "ADT23": 10596, "AWDT23": 11400, "RT1_NB": 0, "RT1_SB": 0, "RT2_NB": 0, "RT2_SB": 0, "RT5_EB": 0, "RT5_WB": 0, "RT8_EB": 0, "RT8_WB": 0, "RT10_NB": 0, "RT10_SB": 0, "RT11_EB": 0, "RT11_WB": 0, "RT16_EB": 0, "RT16_WB": 0, "RT31_NB": 0, "RT31_SB": 0, "RT36": 17, "RT50_NB": 0, "RT50_SB": 0, "RT51_NB": 0, "RT51_SB": 0, "RT53_NB": 0, "RT53_SB": 0, "RT54_EB": 0, "RT54_WB": 0, "RT66_EB": 0, "RT66_WB": 0, "RT97_EB": 0, "RT97_WB": 0, "RT140_NB": 0, "RT140_SB": 0, "RT141_NB": 0, "RT141_SB": 0, "RT155_NB": 0, "RT155_SB": 0, "RT157_NB": 0, "RT157_SB": 0, "RT198_NB": 0, "RT198_SB": 0, "RT766_EB": 0, "RT766_WB": 0, "RT777_EB": 0, "RT777_WB": 0, "AWDT23*1.2": 13680, "Total_Users": 13697, "TransitUsersTTL": 17, "TrnstModeShare": 0.12 }, "geometry": { "type": "MultiLineString", "coordinates": [ [ [ -106.656455906594985, 35.11820174625803 ], [ -106.656155630531359, 35.11914856395471 ], [ -106.656106658667682, 35.119302975729241 ], [ -106.655991120664993, 35.119667277365892 ], [ -106.655473704698693, 35.121298696527866 ], [ -106.655411657858451, 35.1214943307521 ], [ -106.655313010561883, 35.121805356363858 ], [ -106.655021992881487, 35.122730703396961 ] ] ] } },
{ "type": "Feature", "properties": { "fid": 1242, "OBJECTID": 1242, "COGID": 22380, "RTE": "MENAUL", "LOCAT": " EAST OF 12TH ST. - WEST OF 6TH ST.", "LENGTH": 2905.914, "MILES": 0.55000001192092896, "ADT22": 12880, "AWDT22": 13648, "Shape_Length": 2908.3096770517236, "ADT23": 14223, "AWDT23": 15302, "RT1_NB": 0, "RT1_SB": 0, "RT2_NB": 0, "RT2_SB": 0, "RT5_EB": 0, "RT5_WB": 0, "RT8_EB": 183, "RT8_WB": 205, "RT10_NB": 0, "RT10_SB": 0, "RT11_EB": 0, "RT11_WB": 0, "RT16_EB": 0, "RT16_WB": 0, "RT31_NB": 0, "RT31_SB": 0, "RT36": 0, "RT50_NB": 0, "RT50_SB": 0, "RT51_NB": 0, "RT51_SB": 0, "RT53_NB": 0, "RT53_SB": 0, "RT54_EB": 0, "RT54_WB": 0, "RT66_EB": 0, "RT66_WB": 0, "RT97_EB": 0, "RT97_WB": 0, "RT140_NB": 0, "RT140_SB": 0, "RT141_NB": 0, "RT141_SB": 0, "RT155_NB": 0, "RT155_SB": 0, "RT157_NB": 0, "RT157_SB": 0, "RT198_NB": 0, "RT198_SB": 0, "RT766_EB": 0, "RT766_WB": 0, "RT777_EB": 0, "RT777_WB": 0, "AWDT23*1.2": 18362, "Total_Users": 18750, "TransitUsersTTL": 388, "TrnstModeShare": 2.07 }, "geometry": { "type": "MultiLineString", "coordinates": [ [ [ -106.657938371115705, 35.112332541631645 ], [ -106.657669205447377, 35.112241193717267 ], [ -106.657449538293108, 35.112205355945846 ], [ -106.656462802365596, 35.112095205763914 ], [ -106.655963390903736, 35.112039830134769 ], [ -106.654875650920303, 35.111918106091188 ], [ -106.653396575028907, 35.111770545121445 ], [ -106.65281959359487, 35.111734341456327 ], [ -106.651558139218864, 35.111643391219729 ], [ -106.650456072875073, 35.111495229100406 ], [ -106.649980923109155, 35.111426390063095 ], [ -106.64833083507186, 35.111176980749484 ] ] ] } },
{ "type": "Feature", "properties": { "fid": 1245, "OBJECTID": 1245, "COGID": 22383, "RTE": "86TH STREET", "LOCAT": "NORTH OF CAMINO SAN MARTIN - SOUTH OF ARENAL", "LENGTH": 2197.991, "MILES": 0.41600000858306885, "ADT22": 2187, "AWDT22": 2446, "Shape_Length": 2197.9909424080415, "ADT23": 2255, "AWDT23": 2522, "RT1_NB": 0, "RT1_SB": 0, "RT2_NB": 0, "RT2_SB": 0, "RT5_EB": 0, "RT5_WB": 0, "RT8_EB": 0, "RT8_WB": 0, "RT10_NB": 0, "RT10_SB": 0, "RT11_EB": 0, "RT11_WB": 0, "RT16_EB": 0, "RT16_WB": 0, "RT31_NB": 0, "RT31_SB": 0, "RT36": 0, "RT50_NB": 0, "RT50_SB": 0, "RT51_NB": 0, "RT51_SB": 0, "RT53_NB": 0, "RT53_SB": 0, "RT54_EB": 38, "RT54_WB": 35, "RT66_EB": 0, "RT66_WB": 0, "RT97_EB": 0, "RT97_WB": 0, "RT140_NB": 0, "RT140_SB": 0, "RT141_NB": 0, "RT141_SB": 0, "RT155_NB": 0, "RT155_SB": 0, "RT157_NB": 0, "RT157_SB": 0, "RT198_NB": 0, "RT198_SB": 0, "RT766_EB": 0, "RT766_WB": 0, "RT777_EB": 0, "RT777_WB": 0, "AWDT23*1.2": 3026, "Total_Users": 3099, "TransitUsersTTL": 73, "TrnstModeShare": 2.36 }, "geometry": { "type": "MultiLineString", "coordinates": [ [ [ -106.734498127150772, 35.049309507543171 ], [ -106.734497997294113, 35.04930997862138 ], [ -106.734344400318534, 35.049870297333825 ], [ -106.734253070874132, 35.050034833123966 ], [ -106.734115803598812, 35.05019989471856 ], [ -106.733498461610907, 35.050686971688698 ], [ -106.732837086923624, 35.051287217249708 ], [ -106.73220616162746, 35.05181109129682 ], [ -106.731544321978291, 35.052335085667565 ], [ -106.729774578120427, 35.053817236520693 ] ] ] } },
{ "type": "Feature", "properties": { "fid": 1246, "OBJECTID": 1246, "COGID": 22384, "RTE": "4TH STREET", "LOCAT": " NORTH OF MENAUL - SOUTH OF CANDELARIA", "LENGTH": 3319.652, "MILES": 0.62900000810623169, "ADT22": 14928, "AWDT22": 15818, "Shape_Length": 3319.6520352050493, "ADT23": 16484, "AWDT23": 17734, "RT1_NB": 0, "RT1_SB": 0, "RT2_NB": 0, "RT2_SB": 0, "RT5_EB": 0, "RT5_WB": 0, "RT8_EB": 0, "RT8_WB": 0, "RT10_NB": 152, "RT10_SB": 181, "RT11_EB": 0, "RT11_WB": 0, "RT16_EB": 0, "RT16_WB": 0, "RT31_NB": 0, "RT31_SB": 0, "RT36": 0, "RT50_NB": 0, "RT50_SB": 0, "RT51_NB": 0, "RT51_SB": 0, "RT53_NB": 0, "RT53_SB": 0, "RT54_EB": 0, "RT54_WB": 0, "RT66_EB": 0, "RT66_WB": 0, "RT97_EB": 0, "RT97_WB": 0, "RT140_NB": 0, "RT140_SB": 0, "RT141_NB": 0, "RT141_SB": 0, "RT155_NB": 0, "RT155_SB": 0, "RT157_NB": 0, "RT157_SB": 0, "RT198_NB": 0, "RT198_SB": 0, "RT766_EB": 0, "RT766_WB": 0, "RT777_EB": 0, "RT777_WB": 0, "AWDT23*1.2": 21281, "Total_Users": 21614, "TransitUsersTTL": 333, "TrnstModeShare": 1.54 }, "geometry": { "type": "MultiLineString", "coordinates": [ [ [ -106.646549072426907, 35.11092282884443 ], [ -106.646395259060228, 35.111871603755787 ], [ -106.646228311793195, 35.112771662765645 ], [ -106.646228249789161, 35.112771998307515 ], [ -106.646067296513365, 35.113628752489383 ], [ -106.64606597962586, 35.113635239114281 ], [ -106.645912972598396, 35.114387944283713 ], [ -106.645910343525998, 35.114403260379881 ], [ -106.645791013399048, 35.11509825812383 ], [ -106.645787087968444, 35.115116157494334 ], [ -106.645687545988082, 35.115570157457462 ], [ -106.645686288940809, 35.115576099405779 ], [ -106.645600505079628, 35.115981898048638 ], [ -106.645597037762315, 35.115999944654689 ], [ -106.645465502116409, 35.116684520430169 ], [ -106.645451270876023, 35.116758587532388 ], [ -106.64541986692187, 35.116896486358065 ], [ -106.645249483249813, 35.117644666748575 ], [ -106.645104050756032, 35.118343379625536 ], [ -106.644937675089352, 35.11920873557068 ], [ -106.644814506279204, 35.119930731926416 ] ] ] } },
{ "type": "Feature", "properties": { "fid": 1248, "OBJECTID": 1248, "COGID": 22388, "RTE": "MENAUL", "LOCAT": " EAST OF 6TH ST. - WEST OF 4TH ST.", "LENGTH": 540.86, "MILES": 0.10199999809265137, "ADT22": 13096, "AWDT22": 13877, "Shape_Length": 540.86060811594859, "ADT23": 14461, "AWDT23": 15558, "RT1_NB": 0, "RT1_SB": 0, "RT2_NB": 0, "RT2_SB": 0, "RT5_EB": 0, "RT5_WB": 0, "RT8_EB": 184, "RT8_WB": 205, "RT10_NB": 0, "RT10_SB": 0, "RT11_EB": 0, "RT11_WB": 0, "RT16_EB": 0, "RT16_WB": 0, "RT31_NB": 0, "RT31_SB": 0, "RT36": 0, "RT50_NB": 0, "RT50_SB": 0, "RT51_NB": 0, "RT51_SB": 0, "RT53_NB": 0, "RT53_SB": 0, "RT54_EB": 0, "RT54_WB": 0, "RT66_EB": 0, "RT66_WB": 0, "RT97_EB": 0, "RT97_WB": 0, "RT140_NB": 0, "RT140_SB": 0, "RT141_NB": 0, "RT141_SB": 0, "RT155_NB": 0, "RT155_SB": 0, "RT157_NB": 0, "RT157_SB": 0, "RT198_NB": 0, "RT198_SB": 0, "RT766_EB": 0, "RT766_WB": 0, "RT777_EB": 0, "RT777_WB": 0, "AWDT23*1.2": 18670, "Total_Users": 19059, "TransitUsersTTL": 389, "TrnstModeShare": 2.04 }, "geometry": { "type": "MultiLineString", "coordinates": [ [ [ -106.64833083507186, 35.111176980749484 ], [ -106.647585113835206, 35.111076738345261 ], [ -106.647585057844424, 35.111076729514387 ], [ -106.646549072426907, 35.11092282884443 ] ] ] } },
{ "type": "Feature", "properties": { "fid": 1253, "OBJECTID": 1253, "COGID": 22396, "RTE": "WYOMING", "LOCAT": " NORTH OF MENAUL - SOUTH OF CANDELARIA", "LENGTH": 2626.9, "MILES": 0.49799999594688416, "ADT22": 30328, "AWDT22": 32778, "Shape_Length": 2627.2889609373306, "ADT23": 32256, "AWDT23": 34450, "RT1_NB": 0, "RT1_SB": 0, "RT2_NB": 0, "RT2_SB": 0, "RT5_EB": 0, "RT5_WB": 0, "RT8_EB": 0, "RT8_WB": 0, "RT10_NB": 0, "RT10_SB": 0, "RT11_EB": 0, "RT11_WB": 0, "RT16_EB": 0, "RT16_WB": 0, "RT31_NB": 86, "RT31_SB": 86, "RT36": 0, "RT50_NB": 0, "RT50_SB": 0, "RT51_NB": 0, "RT51_SB": 0, "RT53_NB": 0, "RT53_SB": 0, "RT54_EB": 0, "RT54_WB": 0, "RT66_EB": 0, "RT66_WB": 0, "RT97_EB": 0, "RT97_WB": 0, "RT140_NB": 0, "RT140_SB": 0, "RT141_NB": 0, "RT141_SB": 0, "RT155_NB": 0, "RT155_SB": 0, "RT157_NB": 0, "RT157_SB": 0, "RT198_NB": 0, "RT198_SB": 0, "RT766_EB": 0, "RT766_WB": 0, "RT777_EB": 0, "RT777_WB": 0, "AWDT23*1.2": 41340, "Total_Users": 41512, "TransitUsersTTL": 172, "TrnstModeShare": 0.41 }, "geometry": { "type": "MultiLineString", "coordinates": [ [ [ -106.550828013528914, 35.109210171610243 ], [ -106.550834762593837, 35.110102509544411 ], [ -106.550836206349189, 35.110150593970765 ], [ -106.550862516316457, 35.111027026665361 ], [ -106.550867356468927, 35.111188225068517 ], [ -106.550877287763612, 35.112526463773456 ], [ -106.55087973282626, 35.112855878231095 ], [ -106.550891553641051, 35.114448604495593 ], [ -106.550899814803856, 35.115561723371407 ], [ -106.550906249075155, 35.116428519403406 ] ] ] } },
{ "type": "Feature", "properties": { "fid": 1255, "OBJECTID": 1255, "COGID": 22408, "RTE": "RIO GRANDE BLVD.", "LOCAT": " NORTH OF MENAUL - SOUTH OF MATTHEW", "LENGTH": 3017.895, "MILES": 0.57200002670288086, "ADT22": 16363, "AWDT22": 17339, "Shape_Length": 3056.8279481768909, "ADT23": 18069, "AWDT23": 19440, "RT1_NB": 0, "RT1_SB": 0, "RT2_NB": 0, "RT2_SB": 0, "RT5_EB": 0, "RT5_WB": 0, "RT8_EB": 0, "RT8_WB": 0, "RT10_NB": 0, "RT10_SB": 0, "RT11_EB": 0, "RT11_WB": 0, "RT16_EB": 0, "RT16_WB": 0, "RT31_NB": 0, "RT31_SB": 0, "RT36": 19, "RT50_NB": 0, "RT50_SB": 0, "RT51_NB": 0, "RT51_SB": 0, "RT53_NB": 0, "RT53_SB": 0, "RT54_EB": 0, "RT54_WB": 0, "RT66_EB": 0, "RT66_WB": 0, "RT97_EB": 0, "RT97_WB": 0, "RT140_NB": 0, "RT140_SB": 0, "RT141_NB": 0, "RT141_SB": 0, "RT155_NB": 0, "RT155_SB": 0, "RT157_NB": 0, "RT157_SB": 0, "RT198_NB": 0, "RT198_SB": 0, "RT766_EB": 0, "RT766_WB": 0, "RT777_EB": 0, "RT777_WB": 0, "AWDT23*1.2": 23328, "Total_Users": 23347, "TransitUsersTTL": 19, "TrnstModeShare": 0.08 }, "geometry": { "type": "MultiLineString", "coordinates": [ [ [ -106.672648124881604, 35.110419091202651 ], [ -106.672730378444882, 35.110523384182841 ], [ -106.672991170989064, 35.110854056187783 ], [ -106.673199923975488, 35.111174280306486 ], [ -106.67321289708552, 35.111194183174142 ], [ -106.673449410680021, 35.111802984407078 ], [ -106.673460384046493, 35.111830515978482 ], [ -106.673594094455623, 35.112165967314887 ], [ -106.673754972279468, 35.112629065071062 ], [ -106.673964786622292, 35.113212455579458 ], [ -106.673974454782808, 35.113239334505636 ], [ -106.674108208242387, 35.113579479773399 ], [ -106.674318760603825, 35.114160573693866 ], [ -106.674378535627397, 35.114325541299657 ], [ -106.674544750320337, 35.114808656515919 ], [ -106.67457987666107, 35.114900318931674 ], [ -106.674771687812679, 35.115400851147641 ], [ -106.674813106039892, 35.115508931143651 ], [ -106.675074464971928, 35.116331111673915 ], [ -106.675104905324602, 35.116425847151909 ], [ -106.675275480036092, 35.116956726213537 ], [ -106.675286870654205, 35.117006449770628 ], [ -106.675400226435144, 35.117501280323971 ], [ -106.675433006328078, 35.117664543649319 ], [ -106.675468116292919, 35.117927136503432 ], [ -106.675534978628505, 35.118427209688647 ] ] ] } },
{ "type": "Feature", "properties": { "fid": 1257, "OBJECTID": 1257, "COGID": 22410, "RTE": "RIO GRANDE BLVD.", "LOCAT": " NORTH OF MATTHEW - SOUTH OF CANDELARIA", "LENGTH": 2489.562, "MILES": 0.47200000286102295, "ADT22": 13604, "AWDT22": 14415, "Shape_Length": 2495.6110711952465, "ADT23": 15023, "AWDT23": 16162, "RT1_NB": 0, "RT1_SB": 0, "RT2_NB": 0, "RT2_SB": 0, "RT5_EB": 0, "RT5_WB": 0, "RT8_EB": 0, "RT8_WB": 0, "RT10_NB": 0, "RT10_SB": 0, "RT11_EB": 0, "RT11_WB": 0, "RT16_EB": 0, "RT16_WB": 0, "RT31_NB": 0, "RT31_SB": 0, "RT36": 19, "RT50_NB": 0, "RT50_SB": 0, "RT51_NB": 0, "RT51_SB": 0, "RT53_NB": 0, "RT53_SB": 0, "RT54_EB": 0, "RT54_WB": 0, "RT66_EB": 0, "RT66_WB": 0, "RT97_EB": 0, "RT97_WB": 0, "RT140_NB": 0, "RT140_SB": 0, "RT141_NB": 0, "RT141_SB": 0, "RT155_NB": 0, "RT155_SB": 0, "RT157_NB": 0, "RT157_SB": 0, "RT198_NB": 0, "RT198_SB": 0, "RT766_EB": 0, "RT766_WB": 0, "RT777_EB": 0, "RT777_WB": 0, "AWDT23*1.2": 19394, "Total_Users": 19413, "TransitUsersTTL": 19, "TrnstModeShare": 0.1 }, "geometry": { "type": "MultiLineString", "coordinates": [ [ [ -106.675534978628505, 35.118427209688647 ], [ -106.675548273954689, 35.118492074444852 ], [ -106.675548498987482, 35.11853534854297 ], [ -106.675549395551414, 35.118707758041879 ], [ -106.675525307871638, 35.119139560201248 ], [ -106.675495297372805, 35.119411582644751 ], [ -106.675451550723224, 35.119808129635175 ], [ -106.675450256758509, 35.119819861104844 ], [ -106.675425046274825, 35.120035637979861 ], [ -106.675419584427189, 35.120056260628196 ], [ -106.6752963168354, 35.120521731798242 ], [ -106.674960293832612, 35.121558775865125 ], [ -106.674960188012676, 35.121559103461422 ], [ -106.674808677325828, 35.122005434373314 ], [ -106.674765856297981, 35.122131632874321 ], [ -106.674533429493792, 35.122855413022265 ], [ -106.674405017336667, 35.123250107800338 ], [ -106.674210019282455, 35.123849464678479 ], [ -106.673985686620341, 35.124551627433334 ], [ -106.67398380329918, 35.124557876539392 ], [ -106.67381767963866, 35.125109341481121 ] ] ] } },
{ "type": "Feature", "properties": { "fid": 1259, "OBJECTID": 1259, "COGID": 22416, "RTE": "MENAUL", "LOCAT": " EAST OF 4TH ST. - WEST OF 2ND ST.", "LENGTH": 721.193, "MILES": 0.13699999451637268, "ADT22": 16531, "AWDT22": 17517, "Shape_Length": 721.19316273842037, "ADT23": 18254, "AWDT23": 19639, "RT1_NB": 0, "RT1_SB": 0, "RT2_NB": 0, "RT2_SB": 0, "RT5_EB": 0, "RT5_WB": 0, "RT8_EB": 205, "RT8_WB": 205, "RT10_NB": 0, "RT10_SB": 0, "RT11_EB": 0, "RT11_WB": 0, "RT16_EB": 0, "RT16_WB": 0, "RT31_NB": 0, "RT31_SB": 0, "RT36": 0, "RT50_NB": 0, "RT50_SB": 0, "RT51_NB": 0, "RT51_SB": 0, "RT53_NB": 0, "RT53_SB": 0, "RT54_EB": 0, "RT54_WB": 0, "RT66_EB": 0, "RT66_WB": 0, "RT97_EB": 0, "RT97_WB": 0, "RT140_NB": 0, "RT140_SB": 0, "RT141_NB": 0, "RT141_SB": 0, "RT155_NB": 0, "RT155_SB": 0, "RT157_NB": 0, "RT157_SB": 0, "RT198_NB": 0, "RT198_SB": 0, "RT766_EB": 0, "RT766_WB": 0, "RT777_EB": 0, "RT777_WB": 0, "AWDT23*1.2": 23567, "Total_Users": 23977, "TransitUsersTTL": 410, "TrnstModeShare": 1.71 }, "geometry": { "type": "MultiLineString", "coordinates": [ [ [ -106.646549072426907, 35.11092282884443 ], [ -106.645354314039366, 35.110704522007893 ], [ -106.644186101360532, 35.110529382139447 ] ] ] } },
{ "type": "Feature", "properties": { "fid": 1261, "OBJECTID": 1261, "COGID": 22424, "RTE": "MENAUL", "LOCAT": " EAST OF 2ND ST. - WEST OF BROADWAY", "LENGTH": 1360.042, "MILES": 0.25799998641014099, "ADT22": 17157, "AWDT22": 18543, "Shape_Length": 1371.6237818421816, "ADT23": 19466, "AWDT23": 20790, "RT1_NB": 0, "RT1_SB": 0, "RT2_NB": 0, "RT2_SB": 0, "RT5_EB": 0, "RT5_WB": 0, "RT8_EB": 213, "RT8_WB": 242, "RT10_NB": 0, "RT10_SB": 0, "RT11_EB": 0, "RT11_WB": 0, "RT16_EB": 0, "RT16_WB": 0, "RT31_NB": 0, "RT31_SB": 0, "RT36": 0, "RT50_NB": 0, "RT50_SB": 0, "RT51_NB": 0, "RT51_SB": 0, "RT53_NB": 0, "RT53_SB": 0, "RT54_EB": 0, "RT54_WB": 0, "RT66_EB": 0, "RT66_WB": 0, "RT97_EB": 0, "RT97_WB": 0, "RT140_NB": 0, "RT140_SB": 0, "RT141_NB": 0, "RT141_SB": 0, "RT155_NB": 0, "RT155_SB": 0, "RT157_NB": 0, "RT157_SB": 0, "RT198_NB": 0, "RT198_SB": 0, "RT766_EB": 0, "RT766_WB": 0, "RT777_EB": 0, "RT777_WB": 0, "AWDT23*1.2": 24948, "Total_Users": 25403, "TransitUsersTTL": 455, "TrnstModeShare": 1.79 }, "geometry": { "type": "MultiLineString", "coordinates": [ [ [ -106.644186101360532, 35.110529382139447 ], [ -106.643031084873087, 35.110403308215744 ], [ -106.643031021225937, 35.110403303914843 ], [ -106.642085977518065, 35.110295776980216 ], [ -106.64132873856488, 35.110229874011125 ], [ -106.639633895609578, 35.110073584211584 ] ] ] } },
{ "type": "Feature", "properties": { "fid": 1264, "OBJECTID": 1264, "COGID": 22432, "RTE": "CARLISLE", "LOCAT": " NORTH OF MENAUL - SOUTH OF CANDELARIA", "LENGTH": 2643.918, "MILES": 0.50099998712539673, "ADT22": 25593, "AWDT22": 27119, "Shape_Length": 2643.5222095564868, "ADT23": 26493, "AWDT23": 28503, "RT1_NB": 0, "RT1_SB": 0, "RT2_NB": 0, "RT2_SB": 0, "RT5_EB": 248, "RT5_WB": 255, "RT8_EB": 0, "RT8_WB": 0, "RT10_NB": 0, "RT10_SB": 0, "RT11_EB": 0, "RT11_WB": 0, "RT16_EB": 0, "RT16_WB": 0, "RT31_NB": 0, "RT31_SB": 0, "RT36": 0, "RT50_NB": 0, "RT50_SB": 0, "RT51_NB": 0, "RT51_SB": 0, "RT53_NB": 0, "RT53_SB": 0, "RT54_EB": 0, "RT54_WB": 0, "RT66_EB": 0, "RT66_WB": 0, "RT97_EB": 0, "RT97_WB": 0, "RT140_NB": 0, "RT140_SB": 0, "RT141_NB": 0, "RT141_SB": 0, "RT155_NB": 0, "RT155_SB": 0, "RT157_NB": 0, "RT157_SB": 0, "RT198_NB": 0, "RT198_SB": 0, "RT766_EB": 0, "RT766_WB": 0, "RT777_EB": 0, "RT777_WB": 0, "AWDT23*1.2": 34204, "Total_Users": 34707, "TransitUsersTTL": 503, "TrnstModeShare": 1.45 }, "geometry": { "type": "MultiLineString", "coordinates": [ [ [ -106.604148574460567, 35.109248233471931 ], [ -106.604159979781116, 35.111078896370365 ], [ -106.604160058439504, 35.111091498428301 ], [ -106.604158412530495, 35.112926591669073 ], [ -106.604156806853055, 35.114715645350074 ], [ -106.604156667966265, 35.114731466214906 ], [ -106.604145663132925, 35.115987703982171 ], [ -106.604141273818655, 35.1165115325242 ] ] ] } },
{ "type": "Feature", "properties": { "fid": 1266, "OBJECTID": 1266, "COGID": 22441, "RTE": "MENAUL", "LOCAT": "EAST OF PAN AMERICAN WEST - WEST OF PAN AMERICAN EAST", "LENGTH": 287.25, "MILES": 0.054000001400709152, "ADT22": 18584, "AWDT22": 20009, "Shape_Length": 287.24967028035303, "ADT23": 26980, "AWDT23": 28816, "RT1_NB": 0, "RT1_SB": 0, "RT2_NB": 0, "RT2_SB": 0, "RT5_EB": 0, "RT5_WB": 0, "RT8_EB": 216, "RT8_WB": 247, "RT10_NB": 0, "RT10_SB": 0, "RT11_EB": 0, "RT11_WB": 0, "RT16_EB": 0, "RT16_WB": 0, "RT31_NB": 0, "RT31_SB": 0, "RT36": 0, "RT50_NB": 0, "RT50_SB": 0, "RT51_NB": 0, "RT51_SB": 0, "RT53_NB": 0, "RT53_SB": 0, "RT54_EB": 0, "RT54_WB": 0, "RT66_EB": 0, "RT66_WB": 0, "RT97_EB": 0, "RT97_WB": 0, "RT140_NB": 0, "RT140_SB": 0, "RT141_NB": 0, "RT141_SB": 0, "RT155_NB": 0, "RT155_SB": 0, "RT157_NB": 0, "RT157_SB": 0, "RT198_NB": 0, "RT198_SB": 0, "RT766_EB": 0, "RT766_WB": 0, "RT777_EB": 0, "RT777_WB": 0, "AWDT23*1.2": 34579, "Total_Users": 35042, "TransitUsersTTL": 463, "TrnstModeShare": 1.32 }, "geometry": { "type": "MultiLineString", "coordinates": [ [ [ -106.628298869166983, 35.109154669336576 ], [ -106.628123463939829, 35.109155028162867 ], [ -106.628001854707037, 35.109155276700214 ], [ -106.627773755947757, 35.109155744322948 ], [ -106.627590195742911, 35.109156118775374 ], [ -106.627338419702241, 35.109156632280289 ] ] ] } },
{ "type": "Feature", "properties": { "fid": 1267, "OBJECTID": 1267, "COGID": 22442, "RTE": "MENAUL", "LOCAT": "EAST OF PAN AMERICAN EAST - WEST OF UNIVERSITY", "LENGTH": 1056.134, "MILES": 0.20000000298023224, "ADT22": 19288, "AWDT22": 20846, "Shape_Length": 1056.1340140293059, "ADT23": 20514, "AWDT23": 21910, "RT1_NB": 0, "RT1_SB": 0, "RT2_NB": 0, "RT2_SB": 0, "RT5_EB": 0, "RT5_WB": 0, "RT8_EB": 207, "RT8_WB": 247, "RT10_NB": 0, "RT10_SB": 0, "RT11_EB": 0, "RT11_WB": 0, "RT16_EB": 0, "RT16_WB": 0, "RT31_NB": 0, "RT31_SB": 0, "RT36": 0, "RT50_NB": 0, "RT50_SB": 0, "RT51_NB": 0, "RT51_SB": 0, "RT53_NB": 0, "RT53_SB": 0, "RT54_EB": 0, "RT54_WB": 0, "RT66_EB": 0, "RT66_WB": 0, "RT97_EB": 0, "RT97_WB": 0, "RT140_NB": 0, "RT140_SB": 0, "RT141_NB": 0, "RT141_SB": 0, "RT155_NB": 0, "RT155_SB": 0, "RT157_NB": 0, "RT157_SB": 0, "RT198_NB": 0, "RT198_SB": 0, "RT766_EB": 0, "RT766_WB": 0, "RT777_EB": 0, "RT777_WB": 0, "AWDT23*1.2": 26292, "Total_Users": 26746, "TransitUsersTTL": 454, "TrnstModeShare": 1.7 }, "geometry": { "type": "MultiLineString", "coordinates": [ [ [ -106.627338419702241, 35.109156632280289 ], [ -106.626521723144592, 35.109154020691427 ], [ -106.626456523874865, 35.109154124014459 ], [ -106.625379460696166, 35.109155844857938 ], [ -106.623807123513416, 35.10915795569101 ] ] ] } },
{ "type": "Feature", "properties": { "fid": 1268, "OBJECTID": 1268, "COGID": 22448, "RTE": "MENAUL", "LOCAT": "EST OF UNIVERSITY - WEST OF VASSAR", "LENGTH": 3001.233, "MILES": 0.56800001859664917, "ADT22": 21111, "AWDT22": 22816, "Shape_Length": 3028.065183286953, "ADT23": 22452, "AWDT23": 23980, "RT1_NB": 0, "RT1_SB": 0, "RT2_NB": 0, "RT2_SB": 0, "RT5_EB": 0, "RT5_WB": 0, "RT8_EB": 232, "RT8_WB": 244, "RT10_NB": 0, "RT10_SB": 0, "RT11_EB": 0, "RT11_WB": 0, "RT16_EB": 0, "RT16_WB": 0, "RT31_NB": 0, "RT31_SB": 0, "RT36": 0, "RT50_NB": 0, "RT50_SB": 0, "RT51_NB": 0, "RT51_SB": 0, "RT53_NB": 0, "RT53_SB": 0, "RT54_EB": 0, "RT54_WB": 0, "RT66_EB": 0, "RT66_WB": 0, "RT97_EB": 0, "RT97_WB": 0, "RT140_NB": 0, "RT140_SB": 0, "RT141_NB": 0, "RT141_SB": 0, "RT155_NB": 0, "RT155_SB": 0, "RT157_NB": 0, "RT157_SB": 0, "RT198_NB": 0, "RT198_SB": 0, "RT766_EB": 0, "RT766_WB": 0, "RT777_EB": 0, "RT777_WB": 0, "AWDT23*1.2": 28776, "Total_Users": 29252, "TransitUsersTTL": 476, "TrnstModeShare": 1.63 }, "geometry": { "type": "MultiLineString", "coordinates": [ [ [ -106.623807123513416, 35.10915795569101 ], [ -106.621826898343556, 35.109167642276375 ], [ -106.620402957364178, 35.109174585796495 ], [ -106.616902683613091, 35.109197249919852 ], [ -106.615214519437032, 35.109206378715328 ], [ -106.614711088266631, 35.109209096839137 ], [ -106.614686586405568, 35.109209229143381 ], [ -106.613682648685554, 35.109211740257777 ] ] ] } },
{ "type": "Feature", "properties": { "fid": 1270, "OBJECTID": 1270, "COGID": 22450, "RTE": "MENAUL", "LOCAT": "EAST OF VASSAR - WEST OF CARLISLE", "LENGTH": 2878.583, "MILES": 0.54500001668930054, "ADT22": 20907, "AWDT22": 22595, "Shape_Length": 2851.4976483027494, "ADT23": 22235, "AWDT23": 23748, "RT1_NB": 0, "RT1_SB": 0, "RT2_NB": 0, "RT2_SB": 0, "RT5_EB": 0, "RT5_WB": 0, "RT8_EB": 221, "RT8_WB": 251, "RT10_NB": 0, "RT10_SB": 0, "RT11_EB": 0, "RT11_WB": 0, "RT16_EB": 0, "RT16_WB": 0, "RT31_NB": 0, "RT31_SB": 0, "RT36": 0, "RT50_NB": 0, "RT50_SB": 0, "RT51_NB": 0, "RT51_SB": 0, "RT53_NB": 0, "RT53_SB": 0, "RT54_EB": 0, "RT54_WB": 0, "RT66_EB": 0, "RT66_WB": 0, "RT97_EB": 0, "RT97_WB": 0, "RT140_NB": 0, "RT140_SB": 0, "RT141_NB": 0, "RT141_SB": 0, "RT155_NB": 0, "RT155_SB": 0, "RT157_NB": 0, "RT157_SB": 0, "RT198_NB": 0, "RT198_SB": 0, "RT766_EB": 0, "RT766_WB": 0, "RT777_EB": 0, "RT777_WB": 0, "AWDT23*1.2": 28498, "Total_Users": 28970, "TransitUsersTTL": 472, "TrnstModeShare": 1.63 }, "geometry": { "type": "MultiLineString", "coordinates": [ [ [ -106.613682648685554, 35.109211740257777 ], [ -106.612558879708672, 35.109213769455621 ], [ -106.612558729422517, 35.109213769905075 ], [ -106.612552578627728, 35.109213781088414 ], [ -106.612379068502094, 35.109214094338832 ], [ -106.610922762548185, 35.109216709803306 ], [ -106.610912256715679, 35.109216727558945 ], [ -106.609129180660346, 35.10920919519662 ], [ -106.609118433744584, 35.109209271203859 ], [ -106.60716276255792, 35.109222903072407 ], [ -106.604148574460567, 35.109248233471931 ] ] ] } },
{ "type": "Feature", "properties": { "fid": 1275, "OBJECTID": 1275, "COGID": 22460, "RTE": "MENAUL", "LOCAT": " EAST OF CARLISLE - WEST OF WASHINGTON", "LENGTH": 2547.844, "MILES": 0.4830000102519989, "ADT22": 23480, "AWDT22": 25376, "Shape_Length": 2558.515270444027, "ADT23": 24972, "AWDT23": 26671, "RT1_NB": 0, "RT1_SB": 0, "RT2_NB": 0, "RT2_SB": 0, "RT5_EB": 0, "RT5_WB": 0, "RT8_EB": 220, "RT8_WB": 219, "RT10_NB": 0, "RT10_SB": 0, "RT11_EB": 0, "RT11_WB": 0, "RT16_EB": 0, "RT16_WB": 0, "RT31_NB": 0, "RT31_SB": 0, "RT36": 0, "RT50_NB": 0, "RT50_SB": 0, "RT51_NB": 0, "RT51_SB": 0, "RT53_NB": 0, "RT53_SB": 0, "RT54_EB": 0, "RT54_WB": 0, "RT66_EB": 0, "RT66_WB": 0, "RT97_EB": 0, "RT97_WB": 0, "RT140_NB": 0, "RT140_SB": 0, "RT141_NB": 0, "RT141_SB": 0, "RT155_NB": 0, "RT155_SB": 0, "RT157_NB": 0, "RT157_SB": 0, "RT198_NB": 0, "RT198_SB": 0, "RT766_EB": 0, "RT766_WB": 0, "RT777_EB": 0, "RT777_WB": 0, "AWDT23*1.2": 32005, "Total_Users": 32444, "TransitUsersTTL": 439, "TrnstModeShare": 1.35 }, "geometry": { "type": "MultiLineString", "coordinates": [ [ [ -106.604148574460567, 35.109248233471931 ], [ -106.601954900111195, 35.109238570783596 ], [ -106.599241908761613, 35.109226565056126 ], [ -106.59816028681864, 35.109221763262738 ], [ -106.598019556219498, 35.10922113788925 ], [ -106.597056110283233, 35.109216850522628 ], [ -106.596828850416372, 35.109215836830252 ], [ -106.595961900173108, 35.109211971399326 ], [ -106.595593982134048, 35.10921032816097 ] ] ] } },
{ "type": "Feature", "properties": { "fid": 1279, "OBJECTID": 1279, "COGID": 22472, "RTE": "MENAUL", "LOCAT": " EAST OF BROADWAY - WEST OF PAN AMERICAN WEST", "LENGTH": 3423.058, "MILES": 0.64800000190734863, "ADT22": 17292, "AWDT22": 18689, "Shape_Length": 3410.6951894384028, "ADT23": 19618, "AWDT23": 20953, "RT1_NB": 0, "RT1_SB": 0, "RT2_NB": 0, "RT2_SB": 0, "RT5_EB": 0, "RT5_WB": 0, "RT8_EB": 216, "RT8_WB": 248, "RT10_NB": 0, "RT10_SB": 0, "RT11_EB": 0, "RT11_WB": 0, "RT16_EB": 0, "RT16_WB": 0, "RT31_NB": 0, "RT31_SB": 0, "RT36": 0, "RT50_NB": 0, "RT50_SB": 0, "RT51_NB": 0, "RT51_SB": 0, "RT53_NB": 0, "RT53_SB": 0, "RT54_EB": 0, "RT54_WB": 0, "RT66_EB": 0, "RT66_WB": 0, "RT97_EB": 0, "RT97_WB": 0, "RT140_NB": 0, "RT140_SB": 0, "RT141_NB": 0, "RT141_SB": 0, "RT155_NB": 0, "RT155_SB": 0, "RT157_NB": 0, "RT157_SB": 0, "RT198_NB": 0, "RT198_SB": 0, "RT766_EB": 0, "RT766_WB": 0, "RT777_EB": 0, "RT777_WB": 0, "AWDT23*1.2": 25144, "Total_Users": 25608, "TransitUsersTTL": 464, "TrnstModeShare": 1.81 }, "geometry": { "type": "MultiLineString", "coordinates": [ [ [ -106.639633895609578, 35.110073584211584 ], [ -106.636204939714503, 35.109693340712177 ], [ -106.63283247534855, 35.109364239541478 ], [ -106.631031144336816, 35.109185017216191 ], [ -106.630078817016098, 35.109154180670252 ], [ -106.628621058476824, 35.109142673022355 ], [ -106.628298869166983, 35.109154669336576 ] ] ] } },
{ "type": "Feature", "properties": { "fid": 1282, "OBJECTID": 1282, "COGID": 22476, "RTE": "SAN MATEO", "LOCAT": " NORTH OF MENAUL - SOUTH OF CANDELARIA", "LENGTH": 2664.279, "MILES": 0.50499999523162842, "ADT22": 23696, "AWDT22": 25610, "Shape_Length": 2663.1488761771084, "ADT23": 25202, "AWDT23": 26917, "RT1_NB": 0, "RT1_SB": 0, "RT2_NB": 0, "RT2_SB": 0, "RT5_EB": 0, "RT5_WB": 0, "RT8_EB": 0, "RT8_WB": 0, "RT10_NB": 0, "RT10_SB": 0, "RT11_EB": 0, "RT11_WB": 0, "RT16_EB": 0, "RT16_WB": 0, "RT31_NB": 0, "RT31_SB": 0, "RT36": 0, "RT50_NB": 0, "RT50_SB": 0, "RT51_NB": 0, "RT51_SB": 0, "RT53_NB": 0, "RT53_SB": 0, "RT54_EB": 0, "RT54_WB": 0, "RT66_EB": 0, "RT66_WB": 0, "RT97_EB": 0, "RT97_WB": 0, "RT140_NB": 454, "RT140_SB": 98, "RT141_NB": 265, "RT141_SB": 242, "RT155_NB": 0, "RT155_SB": 0, "RT157_NB": 0, "RT157_SB": 0, "RT198_NB": 0, "RT198_SB": 0, "RT766_EB": 0, "RT766_WB": 0, "RT777_EB": 0, "RT777_WB": 0, "AWDT23*1.2": 32300, "Total_Users": 33359, "TransitUsersTTL": 1059, "TrnstModeShare": 3.17 }, "geometry": { "type": "MultiLineString", "coordinates": [ [ [ -106.586337031596443, 35.109162606208109 ], [ -106.586313594562441, 35.110987445205687 ], [ -106.586340747337928, 35.112813442292101 ], [ -106.586340747615736, 35.112813509900199 ], [ -106.586348296942958, 35.114650620727666 ], [ -106.586380661042625, 35.11647946975306 ] ] ] } },
{ "type": "Feature", "properties": { "fid": 1283, "OBJECTID": 1283, "COGID": 22478, "RTE": "PAN AM. WEST", "LOCAT": "NORTH OF LOMAS - SOUTH OF MOUNTAIN", "LENGTH": 1111.306, "MILES": 0.20999999344348907, "ADT22": 9831, "AWDT22": 10844, "Shape_Length": 1116.3674009930874, "ADT23": 9260, "AWDT23": 9962, "RT1_NB": 0, "RT1_SB": 0, "RT2_NB": 0, "RT2_SB": 0, "RT5_EB": 189, "RT5_WB": 0, "RT8_EB": 0, "RT8_WB": 0, "RT10_NB": 0, "RT10_SB": 0, "RT11_EB": 0, "RT11_WB": 0, "RT16_EB": 0, "RT16_WB": 0, "RT31_NB": 0, "RT31_SB": 0, "RT36": 0, "RT50_NB": 0, "RT50_SB": 0, "RT51_NB": 0, "RT51_SB": 0, "RT53_NB": 0, "RT53_SB": 0, "RT54_EB": 0, "RT54_WB": 0, "RT66_EB": 0, "RT66_WB": 0, "RT97_EB": 0, "RT97_WB": 0, "RT140_NB": 0, "RT140_SB": 0, "RT141_NB": 0, "RT141_SB": 0, "RT155_NB": 0, "RT155_SB": 0, "RT157_NB": 0, "RT157_SB": 0, "RT198_NB": 0, "RT198_SB": 0, "RT766_EB": 0, "RT766_WB": 0, "RT777_EB": 0, "RT777_WB": 0, "AWDT23*1.2": 11954, "Total_Users": 12143, "TransitUsersTTL": 189, "TrnstModeShare": 1.56 }, "geometry": { "type": "MultiLineString", "coordinates": [ [ [ -106.634081360320081, 35.093723568611168 ], [ -106.634242908028781, 35.093261103706496 ], [ -106.634332608245003, 35.093011251306059 ], [ -106.634416249521493, 35.092792751639998 ], [ -106.634478371451124, 35.09266485486264 ], [ -106.634565377409189, 35.0925149170358 ], [ -106.63478585305829, 35.092214155459288 ], [ -106.635203828727612, 35.091695361897557 ], [ -106.635291710867833, 35.091575975499829 ], [ -106.635351113372494, 35.091412303720098 ], [ -106.635374966793478, 35.091161246254259 ], [ -106.635388837889778, 35.090904215020352 ] ] ] } },
{ "type": "Feature", "properties": { "fid": 1284, "OBJECTID": 1284, "COGID": 22480, "RTE": "MENAUL", "LOCAT": " EAST OF WASHINGTON - WEST OF SAN MATEO", "LENGTH": 2784.554, "MILES": 0.52700001001358032, "ADT22": 21992, "AWDT22": 23768, "Shape_Length": 2768.5911410444528, "ADT23": 23390, "AWDT23": 24981, "RT1_NB": 0, "RT1_SB": 0, "RT2_NB": 0, "RT2_SB": 0, "RT5_EB": 0, "RT5_WB": 0, "RT8_EB": 210, "RT8_WB": 229, "RT10_NB": 0, "RT10_SB": 0, "RT11_EB": 0, "RT11_WB": 0, "RT16_EB": 0, "RT16_WB": 0, "RT31_NB": 0, "RT31_SB": 0, "RT36": 0, "RT50_NB": 0, "RT50_SB": 0, "RT51_NB": 0, "RT51_SB": 0, "RT53_NB": 0, "RT53_SB": 0, "RT54_EB": 0, "RT54_WB": 0, "RT66_EB": 0, "RT66_WB": 0, "RT97_EB": 0, "RT97_WB": 0, "RT140_NB": 0, "RT140_SB": 0, "RT141_NB": 0, "RT141_SB": 0, "RT155_NB": 0, "RT155_SB": 0, "RT157_NB": 0, "RT157_SB": 0, "RT198_NB": 0, "RT198_SB": 0, "RT766_EB": 0, "RT766_WB": 0, "RT777_EB": 0, "RT777_WB": 0, "AWDT23*1.2": 29977, "Total_Users": 30416, "TransitUsersTTL": 439, "TrnstModeShare": 1.44 }, "geometry": { "type": "MultiLineString", "coordinates": [ [ [ -106.595593982134048, 35.10921032816097 ], [ -106.594830800885106, 35.109206421099913 ], [ -106.593799749794741, 35.109201133653848 ], [ -106.593221558762664, 35.109198164670815 ], [ -106.592767183786279, 35.109195830903943 ], [ -106.592018332998705, 35.109191979199757 ], [ -106.591709884465629, 35.109190390757433 ], [ -106.590813849032585, 35.109185774505271 ], [ -106.590666783911388, 35.109185015072846 ], [ -106.589719731717977, 35.109180127529662 ], [ -106.589590890268795, 35.109179461757883 ], [ -106.588544303516358, 35.109174049629814 ], [ -106.587472224331421, 35.109168496606173 ], [ -106.586337031596443, 35.109162606208109 ] ] ] } },
{ "type": "Feature", "properties": { "fid": 1286, "OBJECTID": 1286, "COGID": 22492, "RTE": "MENAUL", "LOCAT": " EAST OF PENNSYLVANIA - WEST OF WYOMING", "LENGTH": 2681.405, "MILES": 0.50800001621246338, "ADT22": 23789, "AWDT22": 25615, "Shape_Length": 2690.7509081822927, "ADT23": 25003, "AWDT23": 26922, "RT1_NB": 0, "RT1_SB": 0, "RT2_NB": 0, "RT2_SB": 0, "RT5_EB": 0, "RT5_WB": 0, "RT8_EB": 159, "RT8_WB": 175, "RT10_NB": 0, "RT10_SB": 0, "RT11_EB": 0, "RT11_WB": 0, "RT16_EB": 0, "RT16_WB": 0, "RT31_NB": 0, "RT31_SB": 0, "RT36": 0, "RT50_NB": 0, "RT50_SB": 0, "RT51_NB": 0, "RT51_SB": 0, "RT53_NB": 0, "RT53_SB": 0, "RT54_EB": 0, "RT54_WB": 0, "RT66_EB": 0, "RT66_WB": 0, "RT97_EB": 0, "RT97_WB": 0, "RT140_NB": 0, "RT140_SB": 0, "RT141_NB": 0, "RT141_SB": 0, "RT155_NB": 0, "RT155_SB": 0, "RT157_NB": 0, "RT157_SB": 0, "RT198_NB": 0, "RT198_SB": 0, "RT766_EB": 0, "RT766_WB": 0, "RT777_EB": 0, "RT777_WB": 0, "AWDT23*1.2": 32306, "Total_Users": 32640, "TransitUsersTTL": 334, "TrnstModeShare": 1.02 }, "geometry": { "type": "MultiLineString", "coordinates": [ [ [ -106.559824716933434, 35.109163637755763 ], [ -106.558717719077777, 35.109168511738709 ], [ -106.55763730187148, 35.109173259485651 ], [ -106.556528063573012, 35.109178122765286 ], [ -106.555874037883811, 35.109180986249591 ], [ -106.555632258530878, 35.109182044062294 ], [ -106.555418827363297, 35.109183297709002 ], [ -106.554324083642342, 35.10918972241317 ], [ -106.55361417280848, 35.10919388316637 ], [ -106.553229201454783, 35.109196137577918 ], [ -106.552099518670815, 35.109202745868487 ], [ -106.550828013528914, 35.109210171610243 ] ] ] } },
{ "type": "Feature", "properties": { "fid": 1287, "OBJECTID": 1287, "COGID": 22496, "RTE": "TRAMWAY", "LOCAT": " SOUTH OF CANDELARIA - NORTH OF MENAUL", "LENGTH": 2270.298, "MILES": 0.43000000715255737, "ADT22": 24623, "AWDT22": 26611, "Shape_Length": 2300.5425859274992, "ADT23": 26187, "AWDT23": 27969, "RT1_NB": 0, "RT1_SB": 0, "RT2_NB": 0, "RT2_SB": 0, "RT5_EB": 0, "RT5_WB": 0, "RT8_EB": 44, "RT8_WB": 39, "RT10_NB": 0, "RT10_SB": 0, "RT11_EB": 0, "RT11_WB": 0, "RT16_EB": 0, "RT16_WB": 0, "RT31_NB": 0, "RT31_SB": 0, "RT36": 0, "RT50_NB": 0, "RT50_SB": 0, "RT51_NB": 0, "RT51_SB": 0, "RT53_NB": 0, "RT53_SB": 0, "RT54_EB": 0, "RT54_WB": 0, "RT66_EB": 0, "RT66_WB": 0, "RT97_EB": 0, "RT97_WB": 0, "RT140_NB": 0, "RT140_SB": 0, "RT141_NB": 0, "RT141_SB": 0, "RT155_NB": 0, "RT155_SB": 0, "RT157_NB": 0, "RT157_SB": 0, "RT198_NB": 0, "RT198_SB": 0, "RT766_EB": 0, "RT766_WB": 0, "RT777_EB": 0, "RT777_WB": 0, "AWDT23*1.2": 33563, "Total_Users": 33646, "TransitUsersTTL": 83, "TrnstModeShare": 0.25 }, "geometry": { "type": "MultiLineString", "coordinates": [ [ [ -106.497439727088519, 35.109280887098777 ], [ -106.497524502148408, 35.112909895644194 ], [ -106.497587365850549, 35.115600759907373 ] ] ] } },
{ "type": "Feature", "properties": { "fid": 1289, "OBJECTID": 1289, "COGID": 22504, "RTE": "MENAUL", "LOCAT": " EAST OF SAN MATEO - WEST OF SAN PEDRO", "LENGTH": 2621.453, "MILES": 0.49599999189376831, "ADT22": 25211, "AWDT22": 27247, "Shape_Length": 2633.6373835734703, "ADT23": 26813, "AWDT23": 28637, "RT1_NB": 0, "RT1_SB": 0, "RT2_NB": 0, "RT2_SB": 0, "RT5_EB": 0, "RT5_WB": 0, "RT8_EB": 189, "RT8_WB": 197, "RT10_NB": 0, "RT10_SB": 0, "RT11_EB": 0, "RT11_WB": 0, "RT16_EB": 0, "RT16_WB": 0, "RT31_NB": 0, "RT31_SB": 0, "RT36": 0, "RT50_NB": 0, "RT50_SB": 0, "RT51_NB": 0, "RT51_SB": 0, "RT53_NB": 0, "RT53_SB": 0, "RT54_EB": 0, "RT54_WB": 0, "RT66_EB": 0, "RT66_WB": 0, "RT97_EB": 0, "RT97_WB": 0, "RT140_NB": 0, "RT140_SB": 0, "RT141_NB": 0, "RT141_SB": 0, "RT155_NB": 0, "RT155_SB": 0, "RT157_NB": 0, "RT157_SB": 0, "RT198_NB": 0, "RT198_SB": 0, "RT766_EB": 0, "RT766_WB": 0, "RT777_EB": 0, "RT777_WB": 0, "AWDT23*1.2": 34364, "Total_Users": 34750, "TransitUsersTTL": 386, "TrnstModeShare": 1.11 }, "geometry": { "type": "MultiLineString", "coordinates": [ [ [ -106.586337031596443, 35.109162606208109 ], [ -106.585738916927085, 35.109157395065417 ], [ -106.585260208256315, 35.10915199504565 ], [ -106.584174019976359, 35.109139736953118 ], [ -106.583075119454719, 35.109136238224586 ], [ -106.582554001081391, 35.109134575980242 ], [ -106.581969213892691, 35.109130381503256 ], [ -106.581412095923412, 35.109126382608942 ], [ -106.580863402600656, 35.109121492767464 ], [ -106.579784080931177, 35.109111865629153 ], [ -106.579258311345768, 35.109107172989866 ], [ -106.578692104095381, 35.109105128910137 ], [ -106.577573507547754, 35.109101082921072 ], [ -106.577531515766296, 35.109100818670782 ] ] ] } },
{ "type": "Feature", "properties": { "fid": 1290, "OBJECTID": 1290, "COGID": 22508, "RTE": "LOUISIANA", "LOCAT": " NORTH OF MENAUL - SOUTH OF CANDELARIA", "LENGTH": 2656.036, "MILES": 0.50300002098083496, "ADT22": 16971, "AWDT22": 18147, "Shape_Length": 2654.9673214544573, "ADT23": 14826, "AWDT23": 15951, "RT1_NB": 0, "RT1_SB": 0, "RT2_NB": 0, "RT2_SB": 0, "RT5_EB": 0, "RT5_WB": 0, "RT8_EB": 0, "RT8_WB": 0, "RT10_NB": 0, "RT10_SB": 0, "RT11_EB": 0, "RT11_WB": 0, "RT16_EB": 0, "RT16_WB": 0, "RT31_NB": 0, "RT31_SB": 0, "RT36": 0, "RT50_NB": 0, "RT50_SB": 0, "RT51_NB": 0, "RT51_SB": 0, "RT53_NB": 0, "RT53_SB": 0, "RT54_EB": 0, "RT54_WB": 0, "RT66_EB": 0, "RT66_WB": 0, "RT97_EB": 0, "RT97_WB": 0, "RT140_NB": 0, "RT140_SB": 0, "RT141_NB": 0, "RT141_SB": 0, "RT155_NB": 0, "RT155_SB": 0, "RT157_NB": 183, "RT157_SB": 184, "RT198_NB": 0, "RT198_SB": 0, "RT766_EB": 0, "RT766_WB": 0, "RT777_EB": 0, "RT777_WB": 0, "AWDT23*1.2": 19141, "Total_Users": 19508, "TransitUsersTTL": 367, "TrnstModeShare": 1.88 }, "geometry": { "type": "MultiLineString", "coordinates": [ [ [ -106.568815995893104, 35.109118195723021 ], [ -106.568819395861155, 35.111002082708652 ], [ -106.568822621106904, 35.112789161731115 ], [ -106.568822772168559, 35.112805693964575 ], [ -106.568839109381841, 35.114596268955474 ], [ -106.568839260070874, 35.114601438385158 ], [ -106.568875903261855, 35.115854480651755 ], [ -106.568880639553626, 35.116412598320863 ] ] ] } },
{ "type": "Feature", "properties": { "fid": 1291, "OBJECTID": 1291, "COGID": 22512, "RTE": "MENAUL", "LOCAT": " EAST OF SAN PEDRO - WEST OF LOUISIANA", "LENGTH": 2610.47, "MILES": 0.49399998784065247, "ADT22": 20754, "AWDT22": 22430, "Shape_Length": 2606.637366633885, "ADT23": 22073, "AWDT23": 23575, "RT1_NB": 0, "RT1_SB": 0, "RT2_NB": 0, "RT2_SB": 0, "RT5_EB": 0, "RT5_WB": 0, "RT8_EB": 179, "RT8_WB": 186, "RT10_NB": 0, "RT10_SB": 0, "RT11_EB": 0, "RT11_WB": 0, "RT16_EB": 0, "RT16_WB": 0, "RT31_NB": 0, "RT31_SB": 0, "RT36": 0, "RT50_NB": 0, "RT50_SB": 0, "RT51_NB": 0, "RT51_SB": 0, "RT53_NB": 0, "RT53_SB": 0, "RT54_EB": 0, "RT54_WB": 0, "RT66_EB": 0, "RT66_WB": 0, "RT97_EB": 0, "RT97_WB": 0, "RT140_NB": 0, "RT140_SB": 0, "RT141_NB": 0, "RT141_SB": 0, "RT155_NB": 0, "RT155_SB": 0, "RT157_NB": 0, "RT157_SB": 0, "RT198_NB": 0, "RT198_SB": 0, "RT766_EB": 0, "RT766_WB": 0, "RT777_EB": 0, "RT777_WB": 0, "AWDT23*1.2": 28290, "Total_Users": 28655, "TransitUsersTTL": 365, "TrnstModeShare": 1.27 }, "geometry": { "type": "MultiLineString", "coordinates": [ [ [ -106.577531515766296, 35.109100818670782 ], [ -106.576349288958156, 35.109093392375925 ], [ -106.575320240744148, 35.109097768189187 ], [ -106.574223661439163, 35.109102419562227 ], [ -106.573130211599249, 35.109107047266136 ], [ -106.572046767077964, 35.109111624105608 ], [ -106.570969053539443, 35.109113516803951 ], [ -106.570952698567723, 35.109113545681183 ], [ -106.569907008137235, 35.109115372999874 ], [ -106.568815995893104, 35.109118195723021 ] ] ] } },
{ "type": "Feature", "properties": { "fid": 1292, "OBJECTID": 1292, "COGID": 22516, "RTE": "MENAUL", "LOCAT": " EAST OF LOUISIANA - WEST OF PENNSYLVANIA", "LENGTH": 2689.421, "MILES": 0.50900000333786011, "ADT22": 25016, "AWDT22": 27036, "Shape_Length": 2689.1658487177033, "ADT23": 26606, "AWDT23": 28416, "RT1_NB": 0, "RT1_SB": 0, "RT2_NB": 0, "RT2_SB": 0, "RT5_EB": 0, "RT5_WB": 0, "RT8_EB": 169, "RT8_WB": 180, "RT10_NB": 0, "RT10_SB": 0, "RT11_EB": 0, "RT11_WB": 0, "RT16_EB": 0, "RT16_WB": 0, "RT31_NB": 0, "RT31_SB": 0, "RT36": 0, "RT50_NB": 0, "RT50_SB": 0, "RT51_NB": 0, "RT51_SB": 0, "RT53_NB": 0, "RT53_SB": 0, "RT54_EB": 0, "RT54_WB": 0, "RT66_EB": 0, "RT66_WB": 0, "RT97_EB": 0, "RT97_WB": 0, "RT140_NB": 0, "RT140_SB": 0, "RT141_NB": 0, "RT141_SB": 0, "RT155_NB": 0, "RT155_SB": 0, "RT157_NB": 0, "RT157_SB": 0, "RT198_NB": 0, "RT198_SB": 0, "RT766_EB": 0, "RT766_WB": 0, "RT777_EB": 0, "RT777_WB": 0, "AWDT23*1.2": 34099, "Total_Users": 34448, "TransitUsersTTL": 349, "TrnstModeShare": 1.01 }, "geometry": { "type": "MultiLineString", "coordinates": [ [ [ -106.568815995893104, 35.109118195723021 ], [ -106.566630254605073, 35.109120195778218 ], [ -106.565525623408462, 35.109126855632539 ], [ -106.564422644560892, 35.109128217721761 ], [ -106.563556414569419, 35.109129280384813 ], [ -106.563551361834854, 35.109129286241796 ], [ -106.563329705637244, 35.109132525832642 ], [ -106.562590844172234, 35.109143318856937 ], [ -106.562559079388322, 35.109143553103728 ], [ -106.562221780499883, 35.10914603406821 ], [ -106.561134008833491, 35.109154027569041 ], [ -106.559824716933434, 35.109163637755763 ] ] ] } },
{ "type": "Feature", "properties": { "fid": 1294, "OBJECTID": 1294, "COGID": 22524, "RTE": "MENAUL", "LOCAT": " EAST OF WYOMING - WEST OF MOON", "LENGTH": 2659.196, "MILES": 0.50400000810623169, "ADT22": 20836, "AWDT22": 22519, "Shape_Length": 2648.0192721907933, "ADT23": 21485, "AWDT23": 22947, "RT1_NB": 0, "RT1_SB": 0, "RT2_NB": 0, "RT2_SB": 0, "RT5_EB": 0, "RT5_WB": 0, "RT8_EB": 140, "RT8_WB": 155, "RT10_NB": 0, "RT10_SB": 0, "RT11_EB": 0, "RT11_WB": 0, "RT16_EB": 0, "RT16_WB": 0, "RT31_NB": 0, "RT31_SB": 0, "RT36": 0, "RT50_NB": 0, "RT50_SB": 0, "RT51_NB": 0, "RT51_SB": 0, "RT53_NB": 0, "RT53_SB": 0, "RT54_EB": 0, "RT54_WB": 0, "RT66_EB": 0, "RT66_WB": 0, "RT97_EB": 0, "RT97_WB": 0, "RT140_NB": 0, "RT140_SB": 0, "RT141_NB": 0, "RT141_SB": 0, "RT155_NB": 0, "RT155_SB": 0, "RT157_NB": 0, "RT157_SB": 0, "RT198_NB": 0, "RT198_SB": 0, "RT766_EB": 0, "RT766_WB": 0, "RT777_EB": 0, "RT777_WB": 0, "AWDT23*1.2": 27536, "Total_Users": 27831, "TransitUsersTTL": 295, "TrnstModeShare": 1.06 }, "geometry": { "type": "MultiLineString", "coordinates": [ [ [ -106.550828013528914, 35.109210171610243 ], [ -106.548376260113827, 35.109181896219106 ], [ -106.548340178405567, 35.10918148020582 ], [ -106.547153953436307, 35.10916801693724 ], [ -106.546836853779126, 35.10916441542637 ], [ -106.545912865313198, 35.109145901243316 ], [ -106.544539700972393, 35.109118374985492 ], [ -106.54443196235718, 35.109116396587289 ], [ -106.543405138108781, 35.1090975441846 ], [ -106.541975718275751, 35.109071284287033 ] ] ] } },
{ "type": "Feature", "properties": { "fid": 1295, "OBJECTID": 1295, "COGID": 22540, "RTE": "MENAUL", "LOCAT": " EAST OF CHELWOOD - WEST OF TRAMWAY", "LENGTH": 2712.448, "MILES": 0.51399999856948853, "ADT22": 7369, "AWDT22": 7934, "Shape_Length": 2759.0218367412322, "ADT23": 7428, "AWDT23": 7933, "RT1_NB": 0, "RT1_SB": 0, "RT2_NB": 0, "RT2_SB": 0, "RT5_EB": 0, "RT5_WB": 0, "RT8_EB": 44, "RT8_WB": 43, "RT10_NB": 0, "RT10_SB": 0, "RT11_EB": 0, "RT11_WB": 0, "RT16_EB": 0, "RT16_WB": 0, "RT31_NB": 0, "RT31_SB": 0, "RT36": 0, "RT50_NB": 0, "RT50_SB": 0, "RT51_NB": 0, "RT51_SB": 0, "RT53_NB": 0, "RT53_SB": 0, "RT54_EB": 0, "RT54_WB": 0, "RT66_EB": 0, "RT66_WB": 0, "RT97_EB": 0, "RT97_WB": 0, "RT140_NB": 0, "RT140_SB": 0, "RT141_NB": 0, "RT141_SB": 0, "RT155_NB": 0, "RT155_SB": 0, "RT157_NB": 0, "RT157_SB": 0, "RT198_NB": 0, "RT198_SB": 0, "RT766_EB": 0, "RT766_WB": 0, "RT777_EB": 0, "RT777_WB": 0, "AWDT23*1.2": 9520, "Total_Users": 9607, "TransitUsersTTL": 87, "TrnstModeShare": 0.91 }, "geometry": { "type": "MultiLineString", "coordinates": [ [ [ -106.506508267735754, 35.108836243611279 ], [ -106.504983210732632, 35.108914640330553 ], [ -106.503459732306823, 35.108992937945857 ], [ -106.50342048040325, 35.108994955427029 ], [ -106.503147228521613, 35.109004768937339 ], [ -106.502884552892723, 35.10900257042708 ], [ -106.502234815013679, 35.108898997438274 ], [ -106.501798514556171, 35.108821660887841 ], [ -106.501344631694124, 35.10875626202354 ], [ -106.501154803644454, 35.10874724515714 ], [ -106.500946498281806, 35.108765188180428 ], [ -106.500696937780233, 35.108810918763119 ], [ -106.500377133479375, 35.108891874928901 ], [ -106.500110394285642, 35.108977410150494 ], [ -106.500107201221851, 35.108978581417219 ], [ -106.499310138743979, 35.109270919719322 ], [ -106.499153749285767, 35.109295347027071 ], [ -106.499016691785314, 35.109299098330297 ], [ -106.498806517631792, 35.109301943057083 ], [ -106.497439727088519, 35.109280887098777 ] ] ] } },
{ "type": "Feature", "properties": { "fid": 1296, "OBJECTID": 1296, "COGID": 22544, "RTE": "EUBANK", "LOCAT": " NORTH OF MENAUL - SOUTH OF CANDELARIA", "LENGTH": 2631.684, "MILES": 0.49799999594688416, "ADT22": 28488, "AWDT22": 30789, "Shape_Length": 2630.3490356854145, "ADT23": 30298, "AWDT23": 32360, "RT1_NB": 0, "RT1_SB": 0, "RT2_NB": 27, "RT2_SB": 27, "RT5_EB": 0, "RT5_WB": 0, "RT8_EB": 0, "RT8_WB": 0, "RT10_NB": 0, "RT10_SB": 0, "RT11_EB": 0, "RT11_WB": 0, "RT16_EB": 0, "RT16_WB": 0, "RT31_NB": 0, "RT31_SB": 0, "RT36": 0, "RT50_NB": 0, "RT50_SB": 0, "RT51_NB": 0, "RT51_SB": 0, "RT53_NB": 0, "RT53_SB": 0, "RT54_EB": 0, "RT54_WB": 0, "RT66_EB": 0, "RT66_WB": 0, "RT97_EB": 0, "RT97_WB": 0, "RT140_NB": 0, "RT140_SB": 0, "RT141_NB": 0, "RT141_SB": 0, "RT155_NB": 0, "RT155_SB": 0, "RT157_NB": 0, "RT157_SB": 0, "RT198_NB": 0, "RT198_SB": 0, "RT766_EB": 0, "RT766_WB": 0, "RT777_EB": 0, "RT777_WB": 0, "AWDT23*1.2": 38832, "Total_Users": 38886, "TransitUsersTTL": 54, "TrnstModeShare": 0.14 }, "geometry": { "type": "MultiLineString", "coordinates": [ [ [ -106.533114999375542, 35.108939671382267 ], [ -106.533109048246175, 35.109277510430729 ], [ -106.533116152710775, 35.109626195008097 ], [ -106.533139903898288, 35.110584020384188 ], [ -106.533140254534004, 35.110598174186407 ], [ -106.533165896375635, 35.111305107020485 ], [ -106.533190508948223, 35.111983605829472 ], [ -106.533190721239876, 35.111989476498131 ], [ -106.533219630146462, 35.11380455048031 ], [ -106.533228095771321, 35.114297743515053 ], [ -106.533235267383034, 35.114715604222752 ], [ -106.533260156946028, 35.116165585869396 ] ] ] } },
{ "type": "Feature", "properties": { "fid": 1297, "OBJECTID": 1297, "COGID": 22548, "RTE": "MENAUL", "LOCAT": " EAST OF MOON - WEST OF EUBANK", "LENGTH": 2660.056, "MILES": 0.50400000810623169, "ADT22": 19728, "AWDT22": 21321, "Shape_Length": 2650.4689683744473, "ADT23": 20981, "AWDT23": 22409, "RT1_NB": 0, "RT1_SB": 0, "RT2_NB": 0, "RT2_SB": 0, "RT5_EB": 0, "RT5_WB": 0, "RT8_EB": 127, "RT8_WB": 142, "RT10_NB": 0, "RT10_SB": 0, "RT11_EB": 0, "RT11_WB": 0, "RT16_EB": 0, "RT16_WB": 0, "RT31_NB": 0, "RT31_SB": 0, "RT36": 0, "RT50_NB": 0, "RT50_SB": 0, "RT51_NB": 0, "RT51_SB": 0, "RT53_NB": 0, "RT53_SB": 0, "RT54_EB": 0, "RT54_WB": 0, "RT66_EB": 0, "RT66_WB": 0, "RT97_EB": 0, "RT97_WB": 0, "RT140_NB": 0, "RT140_SB": 0, "RT141_NB": 0, "RT141_SB": 0, "RT155_NB": 0, "RT155_SB": 0, "RT157_NB": 0, "RT157_SB": 0, "RT198_NB": 0, "RT198_SB": 0, "RT766_EB": 0, "RT766_WB": 0, "RT777_EB": 0, "RT777_WB": 0, "AWDT23*1.2": 26891, "Total_Users": 27160, "TransitUsersTTL": 269, "TrnstModeShare": 0.99 }, "geometry": { "type": "MultiLineString", "coordinates": [ [ [ -106.541975718275751, 35.109071284287033 ], [ -106.540801146349878, 35.109055814292027 ], [ -106.539447827705033, 35.10903797703417 ], [ -106.53944346800013, 35.109037906312473 ], [ -106.53701796058364, 35.108998640064577 ], [ -106.536978782088212, 35.108998195548772 ], [ -106.53611418952859, 35.108988398555212 ], [ -106.536107352789926, 35.108988320037717 ], [ -106.535237976704693, 35.108974194796311 ], [ -106.533114999375542, 35.108939671382267 ] ] ] } },
{ "type": "Feature", "properties": { "fid": 1299, "OBJECTID": 1299, "COGID": 22556, "RTE": "MENAUL", "LOCAT": " EAST OF EUBANK - WEST OF MORRIS", "LENGTH": 2577.677, "MILES": 0.48800000548362732, "ADT22": 17865, "AWDT22": 19308, "Shape_Length": 2586.7739867205873, "ADT23": 19000, "AWDT23": 20293, "RT1_NB": 0, "RT1_SB": 0, "RT2_NB": 0, "RT2_SB": 0, "RT5_EB": 0, "RT5_WB": 0, "RT8_EB": 108, "RT8_WB": 115, "RT10_NB": 0, "RT10_SB": 0, "RT11_EB": 0, "RT11_WB": 0, "RT16_EB": 0, "RT16_WB": 0, "RT31_NB": 0, "RT31_SB": 0, "RT36": 0, "RT50_NB": 0, "RT50_SB": 0, "RT51_NB": 0, "RT51_SB": 0, "RT53_NB": 0, "RT53_SB": 0, "RT54_EB": 0, "RT54_WB": 0, "RT66_EB": 0, "RT66_WB": 0, "RT97_EB": 0, "RT97_WB": 0, "RT140_NB": 0, "RT140_SB": 0, "RT141_NB": 0, "RT141_SB": 0, "RT155_NB": 0, "RT155_SB": 0, "RT157_NB": 0, "RT157_SB": 0, "RT198_NB": 0, "RT198_SB": 0, "RT766_EB": 0, "RT766_WB": 0, "RT777_EB": 0, "RT777_WB": 0, "AWDT23*1.2": 24352, "Total_Users": 24575, "TransitUsersTTL": 223, "TrnstModeShare": 0.91 }, "geometry": { "type": "MultiLineString", "coordinates": [ [ [ -106.533114999375542, 35.108939671382267 ], [ -106.531505389888167, 35.108920444344243 ], [ -106.530157499214567, 35.108913025147096 ], [ -106.528250686760174, 35.10890664072231 ], [ -106.526946290436939, 35.10890225459265 ], [ -106.526884812072595, 35.108902048863769 ], [ -106.524466019702501, 35.10890465637975 ] ] ] } },
{ "type": "Feature", "properties": { "fid": 1300, "OBJECTID": 1300, "COGID": 22560, "RTE": "JUAN TABO", "LOCAT": " NORTH OF MENAUL - SOUTH OF CANDELARIA", "LENGTH": 2689.978, "MILES": 0.50900000333786011, "ADT22": 26242, "AWDT22": 28361, "Shape_Length": 2691.4214672245912, "ADT23": 27909, "AWDT23": 29808, "RT1_NB": 41, "RT1_SB": 45, "RT2_NB": 0, "RT2_SB": 0, "RT5_EB": 0, "RT5_WB": 0, "RT8_EB": 0, "RT8_WB": 0, "RT10_NB": 0, "RT10_SB": 0, "RT11_EB": 0, "RT11_WB": 0, "RT16_EB": 0, "RT16_WB": 0, "RT31_NB": 0, "RT31_SB": 0, "RT36": 0, "RT50_NB": 0, "RT50_SB": 0, "RT51_NB": 0, "RT51_SB": 0, "RT53_NB": 0, "RT53_SB": 0, "RT54_EB": 0, "RT54_WB": 0, "RT66_EB": 0, "RT66_WB": 0, "RT97_EB": 0, "RT97_WB": 0, "RT140_NB": 0, "RT140_SB": 0, "RT141_NB": 0, "RT141_SB": 0, "RT155_NB": 0, "RT155_SB": 0, "RT157_NB": 0, "RT157_SB": 0, "RT198_NB": 0, "RT198_SB": 0, "RT766_EB": 0, "RT766_WB": 0, "RT777_EB": 0, "RT777_WB": 0, "AWDT23*1.2": 35770, "Total_Users": 35856, "TransitUsersTTL": 86, "TrnstModeShare": 0.24 }, "geometry": { "type": "MultiLineString", "coordinates": [ [ [ -106.51556479519904, 35.108859521401961 ], [ -106.515593934718865, 35.111301758559158 ], [ -106.515596350076663, 35.111504190927157 ], [ -106.515598316920119, 35.111669142728388 ], [ -106.515599943899318, 35.111805420028723 ], [ -106.515600433627597, 35.111846468451098 ], [ -106.515625811725471, 35.113389140606444 ], [ -106.515629850285777, 35.113634652509063 ], [ -106.515629909324716, 35.11363763258462 ], [ -106.515652494319767, 35.114771945790913 ], [ -106.515661557432196, 35.116254063583156 ] ] ] } },
{ "type": "Feature", "properties": { "fid": 1301, "OBJECTID": 1301, "COGID": 22564, "RTE": "MENAUL", "LOCAT": " EAST OF MORRIS - WEST OF JUAN TABO", "LENGTH": 2671.714, "MILES": 0.50599998235702515, "ADT22": 16180, "AWDT22": 17421, "Shape_Length": 2662.2070052517875, "ADT23": 16673, "AWDT23": 17807, "RT1_NB": 0, "RT1_SB": 0, "RT2_NB": 0, "RT2_SB": 0, "RT5_EB": 0, "RT5_WB": 0, "RT8_EB": 85, "RT8_WB": 97, "RT10_NB": 0, "RT10_SB": 0, "RT11_EB": 0, "RT11_WB": 0, "RT16_EB": 0, "RT16_WB": 0, "RT31_NB": 0, "RT31_SB": 0, "RT36": 0, "RT50_NB": 0, "RT50_SB": 0, "RT51_NB": 0, "RT51_SB": 0, "RT53_NB": 0, "RT53_SB": 0, "RT54_EB": 0, "RT54_WB": 0, "RT66_EB": 0, "RT66_WB": 0, "RT97_EB": 0, "RT97_WB": 0, "RT140_NB": 0, "RT140_SB": 0, "RT141_NB": 0, "RT141_SB": 0, "RT155_NB": 0, "RT155_SB": 0, "RT157_NB": 0, "RT157_SB": 0, "RT198_NB": 0, "RT198_SB": 0, "RT766_EB": 0, "RT766_WB": 0, "RT777_EB": 0, "RT777_WB": 0, "AWDT23*1.2": 21368, "Total_Users": 21550, "TransitUsersTTL": 182, "TrnstModeShare": 0.84 }, "geometry": { "type": "MultiLineString", "coordinates": [ [ [ -106.524466019702501, 35.10890465637975 ], [ -106.52176719310377, 35.108883435955605 ], [ -106.521030824475091, 35.1088787301167 ], [ -106.519850417929391, 35.10887117603189 ], [ -106.519830416043106, 35.108871048375278 ], [ -106.519425527863973, 35.108869961178087 ], [ -106.51556479519904, 35.108859521401961 ] ] ] } },
{ "type": "Feature", "properties": { "fid": 1304, "OBJECTID": 1304, "COGID": 22576, "RTE": "MENAUL", "LOCAT": " EAST OF JUAN TABO - WEST OF CHELWOOD", "LENGTH": 2713.232, "MILES": 0.51399999856948853, "ADT22": 13506, "AWDT22": 14597, "Shape_Length": 2711.8620551108402, "ADT23": 14365, "AWDT23": 15342, "RT1_NB": 0, "RT1_SB": 0, "RT2_NB": 0, "RT2_SB": 0, "RT5_EB": 0, "RT5_WB": 0, "RT8_EB": 58, "RT8_WB": 59, "RT10_NB": 0, "RT10_SB": 0, "RT11_EB": 0, "RT11_WB": 0, "RT16_EB": 0, "RT16_WB": 0, "RT31_NB": 0, "RT31_SB": 0, "RT36": 0, "RT50_NB": 0, "RT50_SB": 0, "RT51_NB": 0, "RT51_SB": 0, "RT53_NB": 0, "RT53_SB": 0, "RT54_EB": 0, "RT54_WB": 0, "RT66_EB": 0, "RT66_WB": 0, "RT97_EB": 0, "RT97_WB": 0, "RT140_NB": 0, "RT140_SB": 0, "RT141_NB": 0, "RT141_SB": 0, "RT155_NB": 0, "RT155_SB": 0, "RT157_NB": 0, "RT157_SB": 0, "RT198_NB": 0, "RT198_SB": 0, "RT766_EB": 0, "RT766_WB": 0, "RT777_EB": 0, "RT777_WB": 0, "AWDT23*1.2": 18410, "Total_Users": 18527, "TransitUsersTTL": 117, "TrnstModeShare": 0.63 }, "geometry": { "type": "MultiLineString", "coordinates": [ [ [ -106.51556479519904, 35.108859521401961 ], [ -106.514234022723073, 35.10881471258395 ], [ -106.513095388512923, 35.108776360338346 ], [ -106.512045911893708, 35.108741002168145 ], [ -106.510985800758192, 35.108705278292589 ], [ -106.510124000373068, 35.108676227759943 ], [ -106.509895365326443, 35.108668519397852 ], [ -106.50989239545946, 35.108668420294471 ], [ -106.508808722647629, 35.108722171081723 ], [ -106.507730958022563, 35.108775620173347 ], [ -106.506508267735754, 35.108836243611279 ] ] ] } },
{ "type": "Feature", "properties": { "fid": 1305, "OBJECTID": 1305, "COGID": 22592, "RTE": "RIO GRANDE BLVD.", "LOCAT": " NORTH OF I-40 N. RAMPS - SOUTH OF MENAUL", "LENGTH": 1842.406, "MILES": 0.34900000691413879, "ADT22": 20043, "AWDT22": 21238, "Shape_Length": 1861.1150338843111, "ADT23": 22132, "AWDT23": 23811, "RT1_NB": 0, "RT1_SB": 0, "RT2_NB": 0, "RT2_SB": 0, "RT5_EB": 0, "RT5_WB": 0, "RT8_EB": 0, "RT8_WB": 0, "RT10_NB": 0, "RT10_SB": 0, "RT11_EB": 0, "RT11_WB": 0, "RT16_EB": 0, "RT16_WB": 0, "RT31_NB": 0, "RT31_SB": 0, "RT36": 19, "RT50_NB": 0, "RT50_SB": 0, "RT51_NB": 0, "RT51_SB": 0, "RT53_NB": 0, "RT53_SB": 0, "RT54_EB": 0, "RT54_WB": 0, "RT66_EB": 0, "RT66_WB": 0, "RT97_EB": 0, "RT97_WB": 0, "RT140_NB": 0, "RT140_SB": 0, "RT141_NB": 0, "RT141_SB": 0, "RT155_NB": 0, "RT155_SB": 0, "RT157_NB": 0, "RT157_SB": 0, "RT198_NB": 0, "RT198_SB": 0, "RT766_EB": 0, "RT766_WB": 0, "RT777_EB": 0, "RT777_WB": 0, "AWDT23*1.2": 28573, "Total_Users": 28592, "TransitUsersTTL": 19, "TrnstModeShare": 0.07 }, "geometry": { "type": "MultiLineString", "coordinates": [ [ [ -106.670776768681932, 35.105583524223086 ], [ -106.670791213361568, 35.105765821111859 ], [ -106.670811143294912, 35.106017352814028 ], [ -106.670824383056384, 35.106104772701194 ], [ -106.670887582467785, 35.106522093889822 ], [ -106.670953626760138, 35.106815637035822 ], [ -106.67098133228518, 35.10689833625387 ], [ -106.671123944950764, 35.107324023662841 ], [ -106.671370861208146, 35.107887997581628 ], [ -106.671370926698614, 35.107888146994554 ], [ -106.671528991397452, 35.108228302020962 ], [ -106.671664334174025, 35.108538998068397 ], [ -106.671681934285971, 35.108574375519126 ], [ -106.671682073956646, 35.108574657186871 ], [ -106.671792565237709, 35.108766255322095 ], [ -106.671951455437011, 35.109104354264566 ], [ -106.672251981245083, 35.109754492974481 ], [ -106.672439088027645, 35.110134045208611 ], [ -106.672648124881604, 35.110419091202651 ] ] ] } },
{ "type": "Feature", "properties": { "fid": 1310, "OBJECTID": 1310, "COGID": 22656, "RTE": "I-40 NORTH FRONTAGE", "LOCAT": " EAST OF I-40 ON RAMP - WEST OF 6TH ST.", "LENGTH": 930.251, "MILES": 0.17599999904632568, "ADT22": 7140, "AWDT22": 7985, "Shape_Length": 938.79595470317281, "ADT23": 8005, "AWDT23": 8952, "RT1_NB": 0, "RT1_SB": 0, "RT2_NB": 0, "RT2_SB": 0, "RT5_EB": 0, "RT5_WB": 0, "RT8_EB": 199, "RT8_WB": 0, "RT10_NB": 0, "RT10_SB": 0, "RT11_EB": 0, "RT11_WB": 0, "RT16_EB": 0, "RT16_WB": 0, "RT31_NB": 0, "RT31_SB": 0, "RT36": 0, "RT50_NB": 0, "RT50_SB": 0, "RT51_NB": 0, "RT51_SB": 0, "RT53_NB": 0, "RT53_SB": 0, "RT54_EB": 0, "RT54_WB": 0, "RT66_EB": 0, "RT66_WB": 0, "RT97_EB": 0, "RT97_WB": 0, "RT140_NB": 0, "RT140_SB": 0, "RT141_NB": 0, "RT141_SB": 0, "RT155_NB": 0, "RT155_SB": 0, "RT157_NB": 0, "RT157_SB": 0, "RT198_NB": 0, "RT198_SB": 0, "RT766_EB": 0, "RT766_WB": 0, "RT777_EB": 0, "RT777_WB": 0, "AWDT23*1.2": 10742, "Total_Users": 10941, "TransitUsersTTL": 199, "TrnstModeShare": 1.82 }, "geometry": { "type": "MultiLineString", "coordinates": [ [ [ -106.649938117651502, 35.107190976352022 ], [ -106.650220285591715, 35.107153503081371 ], [ -106.650520184915621, 35.107169908845179 ], [ -106.650776585027316, 35.107213371371856 ], [ -106.651072348584904, 35.107269749822379 ], [ -106.651631561482802, 35.107355478866182 ], [ -106.651636089171404, 35.107356476194646 ], [ -106.651636163852416, 35.107356493976233 ], [ -106.652104468826067, 35.107398217507352 ], [ -106.652480717102449, 35.107418604675111 ], [ -106.652661151088864, 35.10742334930805 ], [ -106.653045736189981, 35.107412241918368 ] ] ] } },
{ "type": "Feature", "properties": { "fid": 1311, "OBJECTID": 1311, "COGID": 22660, "RTE": "12TH STREET", "LOCAT": "NORTH OF I-40 N. FRONTAGE RD. - SOUTH OF INDIAN SCHOOL RD.", "LENGTH": 620.29, "MILES": 0.11699999868869781, "ADT22": 18180, "AWDT22": 19264, "Shape_Length": 677.56219578808953, "ADT23": 20075, "AWDT23": 21598, "RT1_NB": 0, "RT1_SB": 0, "RT2_NB": 0, "RT2_SB": 0, "RT5_EB": 0, "RT5_WB": 0, "RT8_EB": 182, "RT8_WB": 220, "RT10_NB": 0, "RT10_SB": 0, "RT11_EB": 0, "RT11_WB": 0, "RT16_EB": 0, "RT16_WB": 0, "RT31_NB": 0, "RT31_SB": 0, "RT36": 18, "RT50_NB": 0, "RT50_SB": 0, "RT51_NB": 0, "RT51_SB": 0, "RT53_NB": 0, "RT53_SB": 0, "RT54_EB": 0, "RT54_WB": 0, "RT66_EB": 0, "RT66_WB": 0, "RT97_EB": 0, "RT97_WB": 0, "RT140_NB": 0, "RT140_SB": 0, "RT141_NB": 0, "RT141_SB": 0, "RT155_NB": 0, "RT155_SB": 0, "RT157_NB": 0, "RT157_SB": 0, "RT198_NB": 0, "RT198_SB": 0, "RT766_EB": 0, "RT766_WB": 0, "RT777_EB": 0, "RT777_WB": 0, "AWDT23*1.2": 25918, "Total_Users": 26338, "TransitUsersTTL": 420, "TrnstModeShare": 1.59 }, "geometry": { "type": "MultiLineString", "coordinates": [ [ [ -106.658385004454118, 35.106736962296679 ], [ -106.658540621953065, 35.107156537960016 ], [ -106.658611037857256, 35.107365907559057 ], [ -106.658658334392825, 35.107736139425697 ], [ -106.65866747404489, 35.108160632837645 ], [ -106.658609626377824, 35.108566855175937 ] ] ] } },
{ "type": "Feature", "properties": { "fid": 1318, "OBJECTID": 1318, "COGID": 22672, "RTE": "6TH STREET", "LOCAT": " N. OF I-40 S. FRONTAGE RD. - S. OF I-40 N. FRONTAGE RD.", "LENGTH": 354.108, "MILES": 0.067000001668930054, "ADT22": 10612, "AWDT22": 11245, "Shape_Length": 380.2949737205866, "ADT23": 11718, "AWDT23": 12607, "RT1_NB": 0, "RT1_SB": 0, "RT2_NB": 0, "RT2_SB": 0, "RT5_EB": 0, "RT5_WB": 0, "RT8_EB": 199, "RT8_WB": 0, "RT10_NB": 0, "RT10_SB": 0, "RT11_EB": 0, "RT11_WB": 0, "RT16_EB": 0, "RT16_WB": 0, "RT31_NB": 0, "RT31_SB": 0, "RT36": 0, "RT50_NB": 0, "RT50_SB": 0, "RT51_NB": 0, "RT51_SB": 0, "RT53_NB": 0, "RT53_SB": 0, "RT54_EB": 0, "RT54_WB": 0, "RT66_EB": 0, "RT66_WB": 0, "RT97_EB": 0, "RT97_WB": 0, "RT140_NB": 0, "RT140_SB": 0, "RT141_NB": 0, "RT141_SB": 0, "RT155_NB": 0, "RT155_SB": 0, "RT157_NB": 0, "RT157_SB": 0, "RT198_NB": 0, "RT198_SB": 0, "RT766_EB": 0, "RT766_WB": 0, "RT777_EB": 0, "RT777_WB": 0, "AWDT23*1.2": 15128, "Total_Users": 15327, "TransitUsersTTL": 199, "TrnstModeShare": 1.3 }, "geometry": { "type": "MultiLineString", "coordinates": [ [ [ -106.65046092215762, 35.106238486477203 ], [ -106.650371007494769, 35.106402301122294 ], [ -106.650252471122258, 35.106618261735363 ], [ -106.650150990276927, 35.106803150637425 ], [ -106.650069401874831, 35.106951793201937 ], [ -106.649938117651502, 35.107190976352022 ] ] ] } },
{ "type": "Feature", "properties": { "fid": 1319, "OBJECTID": 1319, "COGID": 22704, "RTE": "I-40 NORTH FRONTAGE", "LOCAT": " EAST OF 12TH ST. - WEST OF I-40 ON RAMP", "LENGTH": 1639.527, "MILES": 0.31099998950958252, "ADT22": 7356, "AWDT22": 8114, "Shape_Length": 1624.3088437254573, "ADT23": 8456, "AWDT23": 9097, "RT1_NB": 0, "RT1_SB": 0, "RT2_NB": 0, "RT2_SB": 0, "RT5_EB": 0, "RT5_WB": 0, "RT8_EB": 199, "RT8_WB": 0, "RT10_NB": 0, "RT10_SB": 0, "RT11_EB": 0, "RT11_WB": 0, "RT16_EB": 0, "RT16_WB": 0, "RT31_NB": 0, "RT31_SB": 0, "RT36": 0, "RT50_NB": 0, "RT50_SB": 0, "RT51_NB": 0, "RT51_SB": 0, "RT53_NB": 0, "RT53_SB": 0, "RT54_EB": 0, "RT54_WB": 0, "RT66_EB": 0, "RT66_WB": 0, "RT97_EB": 0, "RT97_WB": 0, "RT140_NB": 0, "RT140_SB": 0, "RT141_NB": 0, "RT141_SB": 0, "RT155_NB": 0, "RT155_SB": 0, "RT157_NB": 0, "RT157_SB": 0, "RT198_NB": 0, "RT198_SB": 0, "RT766_EB": 0, "RT766_WB": 0, "RT777_EB": 0, "RT777_WB": 0, "AWDT23*1.2": 10916, "Total_Users": 11115, "TransitUsersTTL": 199, "TrnstModeShare": 1.79 }, "geometry": { "type": "MultiLineString", "coordinates": [ [ [ -106.653045736189981, 35.107412241918368 ], [ -106.653329964114562, 35.107400937179825 ], [ -106.653584575304535, 35.10737613470517 ], [ -106.653801066254772, 35.107351457772367 ], [ -106.654132851156348, 35.107295142898394 ], [ -106.654517376523714, 35.107213725155098 ], [ -106.655039764641174, 35.10708271574331 ], [ -106.655717944149472, 35.106920131463625 ], [ -106.655988356975826, 35.106876961712537 ], [ -106.656378185860476, 35.106848635548658 ], [ -106.656754822953857, 35.10683299973617 ], [ -106.656934245081587, 35.106833454112035 ], [ -106.657402997330706, 35.106834640010931 ], [ -106.657762271910187, 35.106819753531376 ], [ -106.658146307543078, 35.106775506239835 ], [ -106.658385004454118, 35.106736962296679 ] ] ] } },
{ "type": "Feature", "properties": { "fid": 1321, "OBJECTID": 1321, "COGID": 22724, "RTE": "12TH STREET", "LOCAT": " N. OF I-40 S. FRONTAGE RD. - S. OF I-40 N. FRONTAGE RD.", "LENGTH": 496.969, "MILES": 0.093999996781349182, "ADT22": 13712, "AWDT22": 14530, "Shape_Length": 346.73628468726793, "ADT23": 15141, "AWDT23": 16290, "RT1_NB": 0, "RT1_SB": 0, "RT2_NB": 0, "RT2_SB": 0, "RT5_EB": 0, "RT5_WB": 0, "RT8_EB": 0, "RT8_WB": 220, "RT10_NB": 0, "RT10_SB": 0, "RT11_EB": 0, "RT11_WB": 0, "RT16_EB": 0, "RT16_WB": 0, "RT31_NB": 0, "RT31_SB": 0, "RT36": 20, "RT50_NB": 0, "RT50_SB": 0, "RT51_NB": 0, "RT51_SB": 0, "RT53_NB": 0, "RT53_SB": 0, "RT54_EB": 0, "RT54_WB": 0, "RT66_EB": 0, "RT66_WB": 0, "RT97_EB": 0, "RT97_WB": 0, "RT140_NB": 0, "RT140_SB": 0, "RT141_NB": 0, "RT141_SB": 0, "RT155_NB": 0, "RT155_SB": 0, "RT157_NB": 0, "RT157_SB": 0, "RT198_NB": 0, "RT198_SB": 0, "RT766_EB": 0, "RT766_WB": 0, "RT777_EB": 0, "RT777_WB": 0, "AWDT23*1.2": 19548, "Total_Users": 19788, "TransitUsersTTL": 240, "TrnstModeShare": 1.21 }, "geometry": { "type": "MultiLineString", "coordinates": [ [ [ -106.658056747015493, 35.105823325757775 ], [ -106.658123445129675, 35.106001886730112 ], [ -106.658176256620067, 35.106144900661455 ], [ -106.658260597047274, 35.106373293796302 ], [ -106.658274691267351, 35.10641146059897 ], [ -106.658336208553223, 35.106595345716691 ], [ -106.658385004454118, 35.106736962296679 ] ] ] } },
{ "type": "Feature", "properties": { "fid": 1323, "OBJECTID": 1323, "COGID": 22748, "RTE": "4TH STREET", "LOCAT": " N. OF I-40 N. FRONTAGE RD. - SOUTH OF MENAUL", "LENGTH": 1600.073, "MILES": 0.30300000309944153, "ADT22": 13925, "AWDT22": 14755, "Shape_Length": 1597.0081655171293, "ADT23": 15612, "AWDT23": 16543, "RT1_NB": 0, "RT1_SB": 0, "RT2_NB": 0, "RT2_SB": 0, "RT5_EB": 0, "RT5_WB": 0, "RT8_EB": 0, "RT8_WB": 0, "RT10_NB": 156, "RT10_SB": 213, "RT11_EB": 0, "RT11_WB": 0, "RT16_EB": 0, "RT16_WB": 0, "RT31_NB": 0, "RT31_SB": 0, "RT36": 0, "RT50_NB": 0, "RT50_SB": 0, "RT51_NB": 0, "RT51_SB": 0, "RT53_NB": 0, "RT53_SB": 0, "RT54_EB": 0, "RT54_WB": 0, "RT66_EB": 0, "RT66_WB": 0, "RT97_EB": 0, "RT97_WB": 0, "RT140_NB": 0, "RT140_SB": 0, "RT141_NB": 0, "RT141_SB": 0, "RT155_NB": 0, "RT155_SB": 0, "RT157_NB": 0, "RT157_SB": 0, "RT198_NB": 0, "RT198_SB": 0, "RT766_EB": 0, "RT766_WB": 0, "RT777_EB": 0, "RT777_WB": 0, "AWDT23*1.2": 19852, "Total_Users": 20221, "TransitUsersTTL": 369, "TrnstModeShare": 1.82 }, "geometry": { "type": "MultiLineString", "coordinates": [ [ [ -106.647418719026788, 35.106597134209224 ], [ -106.647410370563463, 35.106764911566422 ], [ -106.647310000225175, 35.107354264382806 ], [ -106.647160576389197, 35.107826314313456 ], [ -106.646916145955089, 35.109133266421587 ], [ -106.646787747709013, 35.109805479687765 ], [ -106.646549072426907, 35.11092282884443 ] ] ] } },
{ "type": "Feature", "properties": { "fid": 1331, "OBJECTID": 1331, "COGID": 22788, "RTE": "4TH STREET", "LOCAT": " N. OF I-40 S. FRONTAGE RD. - S. OF I-40 N. FRONTAGE RD.", "LENGTH": 332.324, "MILES": 0.063000001013278961, "ADT22": 9463, "AWDT22": 10027, "Shape_Length": 331.44447361203146, "ADT23": 10449, "AWDT23": 11242, "RT1_NB": 0, "RT1_SB": 0, "RT2_NB": 0, "RT2_SB": 0, "RT5_EB": 0, "RT5_WB": 0, "RT8_EB": 0, "RT8_WB": 0, "RT10_NB": 231, "RT10_SB": 213, "RT11_EB": 0, "RT11_WB": 0, "RT16_EB": 0, "RT16_WB": 0, "RT31_NB": 0, "RT31_SB": 0, "RT36": 0, "RT50_NB": 0, "RT50_SB": 0, "RT51_NB": 0, "RT51_SB": 0, "RT53_NB": 0, "RT53_SB": 0, "RT54_EB": 0, "RT54_WB": 0, "RT66_EB": 0, "RT66_WB": 0, "RT97_EB": 0, "RT97_WB": 0, "RT140_NB": 0, "RT140_SB": 0, "RT141_NB": 0, "RT141_SB": 0, "RT155_NB": 0, "RT155_SB": 0, "RT157_NB": 0, "RT157_SB": 0, "RT198_NB": 0, "RT198_SB": 0, "RT766_EB": 0, "RT766_WB": 0, "RT777_EB": 0, "RT777_WB": 0, "AWDT23*1.2": 13490, "Total_Users": 13934, "TransitUsersTTL": 444, "TrnstModeShare": 3.19 }, "geometry": { "type": "MultiLineString", "coordinates": [ [ [ -106.647502593270261, 35.105689068022421 ], [ -106.647487590196093, 35.10585148917469 ], [ -106.647471251077718, 35.106028391093609 ], [ -106.647451908351684, 35.10623781366094 ], [ -106.647429668199649, 35.106478590047239 ], [ -106.647418719026788, 35.106597134209224 ] ] ] } },
{ "type": "Feature", "properties": { "fid": 1333, "OBJECTID": 1333, "COGID": 22812, "RTE": "I-40 SOUTH FRONTAGE", "LOCAT": " EAST OF I-40 OFF RAMP - WEST OF 6TH ST.", "LENGTH": 870.013, "MILES": 0.16500000655651093, "ADT22": 9399, "AWDT22": 10367, "Shape_Length": 876.17410292011084, "ADT23": 8853, "AWDT23": 9524, "RT1_NB": 0, "RT1_SB": 0, "RT2_NB": 0, "RT2_SB": 0, "RT5_EB": 0, "RT5_WB": 0, "RT8_EB": 0, "RT8_WB": 220, "RT10_NB": 0, "RT10_SB": 0, "RT11_EB": 0, "RT11_WB": 0, "RT16_EB": 0, "RT16_WB": 0, "RT31_NB": 0, "RT31_SB": 0, "RT36": 0, "RT50_NB": 0, "RT50_SB": 0, "RT51_NB": 0, "RT51_SB": 0, "RT53_NB": 0, "RT53_SB": 0, "RT54_EB": 0, "RT54_WB": 0, "RT66_EB": 0, "RT66_WB": 0, "RT97_EB": 0, "RT97_WB": 0, "RT140_NB": 0, "RT140_SB": 0, "RT141_NB": 0, "RT141_SB": 0, "RT155_NB": 0, "RT155_SB": 0, "RT157_NB": 0, "RT157_SB": 0, "RT198_NB": 0, "RT198_SB": 0, "RT766_EB": 0, "RT766_WB": 0, "RT777_EB": 0, "RT777_WB": 0, "AWDT23*1.2": 11429, "Total_Users": 11649, "TransitUsersTTL": 220, "TrnstModeShare": 1.89 }, "geometry": { "type": "MultiLineString", "coordinates": [ [ [ -106.653291341106069, 35.106700842707298 ], [ -106.652908051309652, 35.10675089822044 ], [ -106.652613465773129, 35.106751471244124 ], [ -106.652397526936042, 35.106725085184863 ], [ -106.652385167055229, 35.106722092829649 ], [ -106.652153822005275, 35.106666090745179 ], [ -106.651850749512249, 35.106571665500283 ], [ -106.651235620610336, 35.106387565157263 ], [ -106.65046092215762, 35.106238486477203 ] ] ] } },
{ "type": "Feature", "properties": { "fid": 1341, "OBJECTID": 1341, "COGID": 22904, "RTE": "I-40 SOUTH FRONTAGE", "LOCAT": " EAST OF 12TH ST. - WEST OF I-40 OFF RAMP", "LENGTH": 1476.361, "MILES": 0.2800000011920929, "ADT22": 4389, "AWDT22": 4909, "Shape_Length": 1461.8031459363647, "ADT23": 5090, "AWDT23": 5476, "RT1_NB": 0, "RT1_SB": 0, "RT2_NB": 0, "RT2_SB": 0, "RT5_EB": 0, "RT5_WB": 0, "RT8_EB": 0, "RT8_WB": 220, "RT10_NB": 0, "RT10_SB": 0, "RT11_EB": 0, "RT11_WB": 0, "RT16_EB": 0, "RT16_WB": 0, "RT31_NB": 0, "RT31_SB": 0, "RT36": 0, "RT50_NB": 0, "RT50_SB": 0, "RT51_NB": 0, "RT51_SB": 0, "RT53_NB": 0, "RT53_SB": 0, "RT54_EB": 0, "RT54_WB": 0, "RT66_EB": 0, "RT66_WB": 0, "RT97_EB": 0, "RT97_WB": 0, "RT140_NB": 0, "RT140_SB": 0, "RT141_NB": 0, "RT141_SB": 0, "RT155_NB": 0, "RT155_SB": 0, "RT157_NB": 0, "RT157_SB": 0, "RT198_NB": 0, "RT198_SB": 0, "RT766_EB": 0, "RT766_WB": 0, "RT777_EB": 0, "RT777_WB": 0, "AWDT23*1.2": 6571, "Total_Users": 6791, "TransitUsersTTL": 220, "TrnstModeShare": 3.24 }, "geometry": { "type": "MultiLineString", "coordinates": [ [ [ -106.658056747015493, 35.105823325757775 ], [ -106.657804467758083, 35.105845301015918 ], [ -106.657179215229121, 35.105951054050237 ], [ -106.655083784201082, 35.106340140726594 ], [ -106.653514334468341, 35.106632814656592 ], [ -106.653291341106069, 35.106700842707298 ] ] ] } },
{ "type": "Feature", "properties": { "fid": 1342, "OBJECTID": 1342, "COGID": 22908, "RTE": "CARLISLE", "LOCAT": " NORTH OF I-40 N. RAMPS - SOUTH OF MENAUL", "LENGTH": 1258.019, "MILES": 0.23800000548362732, "ADT22": 26969, "AWDT22": 28577, "Shape_Length": 1282.1314776416161, "ADT23": 27917, "AWDT23": 30035, "RT1_NB": 0, "RT1_SB": 0, "RT2_NB": 0, "RT2_SB": 0, "RT5_EB": 243, "RT5_WB": 256, "RT8_EB": 0, "RT8_WB": 0, "RT10_NB": 0, "RT10_SB": 0, "RT11_EB": 0, "RT11_WB": 0, "RT16_EB": 0, "RT16_WB": 0, "RT31_NB": 0, "RT31_SB": 0, "RT36": 0, "RT50_NB": 0, "RT50_SB": 0, "RT51_NB": 0, "RT51_SB": 0, "RT53_NB": 0, "RT53_SB": 0, "RT54_EB": 0, "RT54_WB": 0, "RT66_EB": 0, "RT66_WB": 0, "RT97_EB": 0, "RT97_WB": 0, "RT140_NB": 0, "RT140_SB": 0, "RT141_NB": 0, "RT141_SB": 0, "RT155_NB": 0, "RT155_SB": 0, "RT157_NB": 0, "RT157_SB": 0, "RT198_NB": 0, "RT198_SB": 0, "RT766_EB": 0, "RT766_WB": 0, "RT777_EB": 0, "RT777_WB": 0, "AWDT23*1.2": 36042, "Total_Users": 36541, "TransitUsersTTL": 499, "TrnstModeShare": 1.37 }, "geometry": { "type": "MultiLineString", "coordinates": [ [ [ -106.604177202574647, 35.105725696546102 ], [ -106.604179419922147, 35.106210114123868 ], [ -106.60418134421522, 35.106630329315074 ], [ -106.604185131642723, 35.107457357004307 ], [ -106.604148574460567, 35.109248233471931 ] ] ] } },
{ "type": "Feature", "properties": { "fid": 1344, "OBJECTID": 1344, "COGID": 22928, "RTE": "EUBANK", "LOCAT": " NORTH OF SNOWHEIGHTS CIR. - SOUTH OF MENAUL", "LENGTH": 997.62, "MILES": 0.18899999558925629, "ADT22": 26940, "AWDT22": 29116, "Shape_Length": 986.52092533575808, "ADT23": 28652, "AWDT23": 30602, "RT1_NB": 0, "RT1_SB": 0, "RT2_NB": 27, "RT2_SB": 35, "RT5_EB": 0, "RT5_WB": 0, "RT8_EB": 0, "RT8_WB": 0, "RT10_NB": 0, "RT10_SB": 0, "RT11_EB": 0, "RT11_WB": 0, "RT16_EB": 0, "RT16_WB": 0, "RT31_NB": 0, "RT31_SB": 0, "RT36": 0, "RT50_NB": 0, "RT50_SB": 0, "RT51_NB": 0, "RT51_SB": 0, "RT53_NB": 0, "RT53_SB": 0, "RT54_EB": 0, "RT54_WB": 0, "RT66_EB": 0, "RT66_WB": 0, "RT97_EB": 0, "RT97_WB": 0, "RT140_NB": 0, "RT140_SB": 0, "RT141_NB": 0, "RT141_SB": 0, "RT155_NB": 0, "RT155_SB": 0, "RT157_NB": 0, "RT157_SB": 0, "RT198_NB": 0, "RT198_SB": 0, "RT766_EB": 0, "RT766_WB": 0, "RT777_EB": 0, "RT777_WB": 0, "AWDT23*1.2": 36722, "Total_Users": 36784, "TransitUsersTTL": 62, "TrnstModeShare": 0.17 }, "geometry": { "type": "MultiLineString", "coordinates": [ [ [ -106.533010958663482, 35.106230429816954 ], [ -106.533035726501097, 35.106875412811682 ], [ -106.533114999375542, 35.108939671382267 ] ] ] } },
{ "type": "Feature", "properties": { "fid": 1355, "OBJECTID": 1355, "COGID": 23020, "RTE": "RIO GRANDE BLVD.", "LOCAT": " NORTH OF I-40 S. RAMPS - SOUTH OF I-40 N. RAMPS", "LENGTH": 408.966, "MILES": 0.076999999582767487, "ADT22": 33376, "AWDT22": 35366, "Shape_Length": 336.49264673819999, "ADT23": 36855, "AWDT23": 39651, "RT1_NB": 0, "RT1_SB": 0, "RT2_NB": 0, "RT2_SB": 0, "RT5_EB": 0, "RT5_WB": 0, "RT8_EB": 0, "RT8_WB": 0, "RT10_NB": 0, "RT10_SB": 0, "RT11_EB": 0, "RT11_WB": 0, "RT16_EB": 0, "RT16_WB": 0, "RT31_NB": 0, "RT31_SB": 0, "RT36": 19, "RT50_NB": 0, "RT50_SB": 0, "RT51_NB": 0, "RT51_SB": 0, "RT53_NB": 0, "RT53_SB": 0, "RT54_EB": 0, "RT54_WB": 0, "RT66_EB": 0, "RT66_WB": 0, "RT97_EB": 0, "RT97_WB": 0, "RT140_NB": 0, "RT140_SB": 0, "RT141_NB": 0, "RT141_SB": 0, "RT155_NB": 0, "RT155_SB": 0, "RT157_NB": 0, "RT157_SB": 0, "RT198_NB": 0, "RT198_SB": 0, "RT766_EB": 0, "RT766_WB": 0, "RT777_EB": 0, "RT777_WB": 0, "AWDT23*1.2": 47581, "Total_Users": 47600, "TransitUsersTTL": 19, "TrnstModeShare": 0.04 }, "geometry": { "type": "MultiLineString", "coordinates": [ [ [ -106.670724389994291, 35.104660126654366 ], [ -106.670738157652053, 35.104876380833574 ], [ -106.670743617433089, 35.105011140333161 ], [ -106.670753139973158, 35.105246161185875 ], [ -106.670759676207879, 35.105407446602861 ], [ -106.670776768681932, 35.105583524223086 ] ] ] } },
{ "type": "Feature", "properties": { "fid": 1356, "OBJECTID": 1356, "COGID": 23044, "RTE": "CARLISLE", "LOCAT": " NORTH OF I-40 S. RAMPS - SOUTH OF I-40 N. RAMPS", "LENGTH": 579.024, "MILES": 0.10999999940395355, "ADT22": 28830, "AWDT22": 30549, "Shape_Length": 462.18475987570724, "ADT23": 29844, "AWDT23": 32108, "RT1_NB": 0, "RT1_SB": 0, "RT2_NB": 0, "RT2_SB": 0, "RT5_EB": 245, "RT5_WB": 258, "RT8_EB": 0, "RT8_WB": 0, "RT10_NB": 0, "RT10_SB": 0, "RT11_EB": 0, "RT11_WB": 0, "RT16_EB": 0, "RT16_WB": 0, "RT31_NB": 0, "RT31_SB": 0, "RT36": 0, "RT50_NB": 0, "RT50_SB": 0, "RT51_NB": 0, "RT51_SB": 0, "RT53_NB": 0, "RT53_SB": 0, "RT54_EB": 0, "RT54_WB": 0, "RT66_EB": 0, "RT66_WB": 0, "RT97_EB": 0, "RT97_WB": 0, "RT140_NB": 0, "RT140_SB": 0, "RT141_NB": 0, "RT141_SB": 0, "RT155_NB": 0, "RT155_SB": 0, "RT157_NB": 0, "RT157_SB": 0, "RT198_NB": 0, "RT198_SB": 0, "RT766_EB": 0, "RT766_WB": 0, "RT777_EB": 0, "RT777_WB": 0, "AWDT23*1.2": 38530, "Total_Users": 39033, "TransitUsersTTL": 503, "TrnstModeShare": 1.29 }, "geometry": { "type": "MultiLineString", "coordinates": [ [ [ -106.604184665238748, 35.10445583254301 ], [ -106.604181043107161, 35.104611768208031 ], [ -106.604180674010109, 35.104932168812681 ], [ -106.604180402151087, 35.105169304693057 ], [ -106.604180006881023, 35.105514080607563 ], [ -106.604177202574647, 35.105725696546102 ] ] ] } },
{ "type": "Feature", "properties": { "fid": 1382, "OBJECTID": 1382, "COGID": 23249, "RTE": "SAN MATEO", "LOCAT": "NORTH OF I-40 N. RAMPS - SOUTH OF MENAUL", "LENGTH": 1416.178, "MILES": 0.26800000667572021, "ADT22": 30754, "AWDT22": 33238, "Shape_Length": 1433.4641748207641, "ADT23": 32708, "AWDT23": 34934, "RT1_NB": 0, "RT1_SB": 0, "RT2_NB": 0, "RT2_SB": 0, "RT5_EB": 0, "RT5_WB": 0, "RT8_EB": 0, "RT8_WB": 0, "RT10_NB": 0, "RT10_SB": 0, "RT11_EB": 0, "RT11_WB": 0, "RT16_EB": 0, "RT16_WB": 0, "RT31_NB": 0, "RT31_SB": 0, "RT36": 0, "RT50_NB": 0, "RT50_SB": 0, "RT51_NB": 0, "RT51_SB": 0, "RT53_NB": 0, "RT53_SB": 0, "RT54_EB": 0, "RT54_WB": 0, "RT66_EB": 0, "RT66_WB": 0, "RT97_EB": 0, "RT97_WB": 0, "RT140_NB": 233, "RT140_SB": 115, "RT141_NB": 295, "RT141_SB": 295, "RT155_NB": 0, "RT155_SB": 0, "RT157_NB": 0, "RT157_SB": 0, "RT198_NB": 0, "RT198_SB": 0, "RT766_EB": 0, "RT766_WB": 0, "RT777_EB": 0, "RT777_WB": 0, "AWDT23*1.2": 41921, "Total_Users": 42859, "TransitUsersTTL": 938, "TrnstModeShare": 2.19 }, "geometry": { "type": "MultiLineString", "coordinates": [ [ [ -106.587887663976787, 35.105513961553044 ], [ -106.587861508114273, 35.105690925578429 ], [ -106.587714418264952, 35.106090856449221 ], [ -106.587570285085505, 35.106376821778134 ], [ -106.587480295289282, 35.106546108169006 ], [ -106.587381118428993, 35.106698444806526 ], [ -106.587166461978498, 35.106977637646338 ], [ -106.586848942065316, 35.107360721669046 ], [ -106.586717955064216, 35.10754715161633 ], [ -106.58658926303788, 35.10774949289037 ], [ -106.586497980260589, 35.107938403123207 ], [ -106.58649674350427, 35.107940959468763 ], [ -106.586435938923458, 35.108127763091829 ], [ -106.586395104585918, 35.108346054881814 ], [ -106.586337031596443, 35.109162606208109 ] ] ] } },
{ "type": "Feature", "properties": { "fid": 1383, "OBJECTID": 1383, "COGID": 23251, "RTE": "SAN MATEO", "LOCAT": "NORTH OF I-40 WBD ON - S. OF I-40 N. RAMPS", "LENGTH": 406.001, "MILES": 0.076999999582767487, "ADT22": 35404, "AWDT22": 38263, "Shape_Length": 492.70979783714989, "ADT23": 37654, "AWDT23": 40216, "RT1_NB": 0, "RT1_SB": 0, "RT2_NB": 0, "RT2_SB": 0, "RT5_EB": 0, "RT5_WB": 0, "RT8_EB": 0, "RT8_WB": 0, "RT10_NB": 0, "RT10_SB": 0, "RT11_EB": 0, "RT11_WB": 0, "RT16_EB": 0, "RT16_WB": 0, "RT31_NB": 0, "RT31_SB": 0, "RT36": 0, "RT50_NB": 0, "RT50_SB": 0, "RT51_NB": 0, "RT51_SB": 0, "RT53_NB": 0, "RT53_SB": 0, "RT54_EB": 0, "RT54_WB": 0, "RT66_EB": 0, "RT66_WB": 0, "RT97_EB": 0, "RT97_WB": 0, "RT140_NB": 400, "RT140_SB": 115, "RT141_NB": 370, "RT141_SB": 295, "RT155_NB": 0, "RT155_SB": 0, "RT157_NB": 0, "RT157_SB": 0, "RT198_NB": 0, "RT198_SB": 0, "RT766_EB": 0, "RT766_WB": 0, "RT777_EB": 0, "RT777_WB": 0, "AWDT23*1.2": 48259, "Total_Users": 49439, "TransitUsersTTL": 1180, "TrnstModeShare": 2.39 }, "geometry": { "type": "MultiLineString", "coordinates": [ [ [ -106.587605578096898, 35.104205678592677 ], [ -106.587865173604214, 35.104705404110362 ], [ -106.587900159580983, 35.10493779485099 ], [ -106.587887663976787, 35.105513961553044 ] ] ] } },
{ "type": "Feature", "properties": { "fid": 1404, "OBJECTID": 1404, "COGID": 23323, "RTE": "ISLETA BLVD.", "LOCAT": "NORTH OF CENTRO FAMILAR BLVD. - SOUTH OF VALDORA AVE.", "LENGTH": 2017.635, "MILES": 0.38199999928474426, "ADT22": 19477, "AWDT22": 21050, "Shape_Length": 1994.6655290228871, "ADT23": 15944, "AWDT23": 17029, "RT1_NB": 0, "RT1_SB": 0, "RT2_NB": 0, "RT2_SB": 0, "RT5_EB": 0, "RT5_WB": 0, "RT8_EB": 0, "RT8_WB": 0, "RT10_NB": 0, "RT10_SB": 0, "RT11_EB": 0, "RT11_WB": 0, "RT16_EB": 0, "RT16_WB": 0, "RT31_NB": 0, "RT31_SB": 0, "RT36": 0, "RT50_NB": 0, "RT50_SB": 0, "RT51_NB": 0, "RT51_SB": 0, "RT53_NB": 70, "RT53_SB": 64, "RT54_EB": 0, "RT54_WB": 0, "RT66_EB": 0, "RT66_WB": 0, "RT97_EB": 0, "RT97_WB": 0, "RT140_NB": 0, "RT140_SB": 0, "RT141_NB": 0, "RT141_SB": 0, "RT155_NB": 0, "RT155_SB": 0, "RT157_NB": 0, "RT157_SB": 0, "RT198_NB": 0, "RT198_SB": 0, "RT766_EB": 0, "RT766_WB": 0, "RT777_EB": 0, "RT777_WB": 0, "AWDT23*1.2": 20435, "Total_Users": 20569, "TransitUsersTTL": 134, "TrnstModeShare": 0.65 }, "geometry": { "type": "MultiLineString", "coordinates": [ [ [ -106.679165289624621, 35.04470325121904 ], [ -106.678778936607699, 35.046321453688265 ], [ -106.678777524993663, 35.046327370439037 ], [ -106.678479138112593, 35.047571564006176 ], [ -106.67845174147395, 35.047688038070909 ], [ -106.67839738225598, 35.047919135753297 ], [ -106.678365093225452, 35.048056405670664 ], [ -106.67833375389462, 35.048196294564498 ], [ -106.6783328315652, 35.048200408468389 ], [ -106.678226096988922, 35.048834459571509 ], [ -106.678172836635753, 35.049277429138847 ], [ -106.678126001421774, 35.050108352489339 ] ] ] } },
{ "type": "Feature", "properties": { "fid": 1409, "OBJECTID": 1409, "COGID": 23328, "RTE": "12TH STREET", "LOCAT": "NORTH OF INDIAN SCHOOL RD. - SOUTH OF MENUAL", "LENGTH": 1338.856, "MILES": 0.25400000810623169, "ADT22": 9486, "AWDT22": 10052, "Shape_Length": 1385.998247547946, "ADT23": 10475, "AWDT23": 11270, "RT1_NB": 0, "RT1_SB": 0, "RT2_NB": 0, "RT2_SB": 0, "RT5_EB": 0, "RT5_WB": 0, "RT8_EB": 180, "RT8_WB": 203, "RT10_NB": 0, "RT10_SB": 0, "RT11_EB": 0, "RT11_WB": 0, "RT16_EB": 0, "RT16_WB": 0, "RT31_NB": 0, "RT31_SB": 0, "RT36": 17, "RT50_NB": 0, "RT50_SB": 0, "RT51_NB": 0, "RT51_SB": 0, "RT53_NB": 0, "RT53_SB": 0, "RT54_EB": 0, "RT54_WB": 0, "RT66_EB": 0, "RT66_WB": 0, "RT97_EB": 0, "RT97_WB": 0, "RT140_NB": 0, "RT140_SB": 0, "RT141_NB": 0, "RT141_SB": 0, "RT155_NB": 0, "RT155_SB": 0, "RT157_NB": 0, "RT157_SB": 0, "RT198_NB": 0, "RT198_SB": 0, "RT766_EB": 0, "RT766_WB": 0, "RT777_EB": 0, "RT777_WB": 0, "AWDT23*1.2": 13524, "Total_Users": 13924, "TransitUsersTTL": 400, "TrnstModeShare": 2.87 }, "geometry": { "type": "MultiLineString", "coordinates": [ [ [ -106.658609626377824, 35.108566855175937 ], [ -106.658507835756041, 35.109156129659333 ], [ -106.658491823216139, 35.109243452945627 ], [ -106.658327148863108, 35.110141527769926 ], [ -106.658291118312192, 35.110351901377648 ], [ -106.658133447722051, 35.111272481220972 ], [ -106.658028483255364, 35.111902222786888 ], [ -106.658010546477385, 35.112114306700136 ], [ -106.657938371115705, 35.112332541631645 ] ] ] } },
{ "type": "Feature", "properties": { "fid": 1410, "OBJECTID": 1410, "COGID": 23332, "RTE": "SAN MATEO", "LOCAT": "NORTH OF I-40 S. RAMPS - S. OF I-40 WBD ON RAMP", "LENGTH": 469.994, "MILES": 0.089000001549720764, "ADT22": 35751, "AWDT22": 38638, "Shape_Length": 380.74579063341127, "ADT23": 36112, "AWDT23": 38569, "RT1_NB": 0, "RT1_SB": 0, "RT2_NB": 0, "RT2_SB": 0, "RT5_EB": 0, "RT5_WB": 0, "RT8_EB": 0, "RT8_WB": 0, "RT10_NB": 0, "RT10_SB": 0, "RT11_EB": 0, "RT11_WB": 0, "RT16_EB": 0, "RT16_WB": 0, "RT31_NB": 0, "RT31_SB": 0, "RT36": 0, "RT50_NB": 0, "RT50_SB": 0, "RT51_NB": 0, "RT51_SB": 0, "RT53_NB": 0, "RT53_SB": 0, "RT54_EB": 0, "RT54_WB": 0, "RT66_EB": 0, "RT66_WB": 0, "RT97_EB": 0, "RT97_WB": 0, "RT140_NB": 400, "RT140_SB": 115, "RT141_NB": 370, "RT141_SB": 295, "RT155_NB": 0, "RT155_SB": 0, "RT157_NB": 0, "RT157_SB": 0, "RT198_NB": 0, "RT198_SB": 0, "RT766_EB": 0, "RT766_WB": 0, "RT777_EB": 0, "RT777_WB": 0, "AWDT23*1.2": 46283, "Total_Users": 47463, "TransitUsersTTL": 1180, "TrnstModeShare": 2.49 }, "geometry": { "type": "MultiLineString", "coordinates": [ [ [ -106.587105448541934, 35.103243692111761 ], [ -106.587278402378814, 35.103566171908753 ], [ -106.587295381184731, 35.103599358535874 ], [ -106.587492435479547, 35.10398452919425 ], [ -106.587605578096898, 35.104205678592677 ] ] ] } },
{ "type": "Feature", "properties": { "fid": 1433, "OBJECTID": 1433, "COGID": 23404, "RTE": "COORS", "LOCAT": "NORTH OF ILIFF - SOUTH OF I-40 EBD OFF", "LENGTH": 199.91, "MILES": 0.037999998778104782, "ADT22": 47635, "AWDT22": 51572, "Shape_Length": 169.47837815702857, "ADT23": 49112, "AWDT23": 53171, "RT1_NB": 0, "RT1_SB": 0, "RT2_NB": 0, "RT2_SB": 0, "RT5_EB": 0, "RT5_WB": 0, "RT8_EB": 0, "RT8_WB": 0, "RT10_NB": 0, "RT10_SB": 0, "RT11_EB": 0, "RT11_WB": 0, "RT16_EB": 0, "RT16_WB": 0, "RT31_NB": 0, "RT31_SB": 0, "RT36": 0, "RT50_NB": 0, "RT50_SB": 0, "RT51_NB": 0, "RT51_SB": 0, "RT53_NB": 0, "RT53_SB": 0, "RT54_EB": 0, "RT54_WB": 0, "RT66_EB": 0, "RT66_WB": 0, "RT97_EB": 0, "RT97_WB": 0, "RT140_NB": 0, "RT140_SB": 0, "RT141_NB": 0, "RT141_SB": 0, "RT155_NB": 165, "RT155_SB": 148, "RT157_NB": 0, "RT157_SB": 0, "RT198_NB": 0, "RT198_SB": 0, "RT766_EB": 0, "RT766_WB": 0, "RT777_EB": 0, "RT777_WB": 0, "AWDT23*1.2": 63805, "Total_Users": 64118, "TransitUsersTTL": 313, "TrnstModeShare": 0.49 }, "geometry": { "type": "MultiLineString", "coordinates": [ [ [ -106.705807792770798, 35.103384359177319 ], [ -106.705632791342211, 35.103827251378533 ] ] ] } },
{ "type": "Feature", "properties": { "fid": 1434, "OBJECTID": 1434, "COGID": 23406, "RTE": "COORS", "LOCAT": "NORTH OF I-40 EBD OFF - SOUTH OF I-40 S. RAMPS", "LENGTH": 244.87, "MILES": 0.046000000089406967, "ADT22": 50599, "AWDT22": 54780, "Shape_Length": 236.63688059565351, "ADT23": 52168, "AWDT23": 56479, "RT1_NB": 0, "RT1_SB": 0, "RT2_NB": 0, "RT2_SB": 0, "RT5_EB": 0, "RT5_WB": 0, "RT8_EB": 0, "RT8_WB": 0, "RT10_NB": 0, "RT10_SB": 0, "RT11_EB": 0, "RT11_WB": 0, "RT16_EB": 0, "RT16_WB": 0, "RT31_NB": 0, "RT31_SB": 0, "RT36": 0, "RT50_NB": 0, "RT50_SB": 0, "RT51_NB": 0, "RT51_SB": 0, "RT53_NB": 0, "RT53_SB": 0, "RT54_EB": 0, "RT54_WB": 0, "RT66_EB": 0, "RT66_WB": 0, "RT97_EB": 0, "RT97_WB": 0, "RT140_NB": 0, "RT140_SB": 0, "RT141_NB": 0, "RT141_SB": 0, "RT155_NB": 165, "RT155_SB": 148, "RT157_NB": 0, "RT157_SB": 0, "RT198_NB": 0, "RT198_SB": 0, "RT766_EB": 0, "RT766_WB": 0, "RT777_EB": 0, "RT777_WB": 0, "AWDT23*1.2": 67775, "Total_Users": 68088, "TransitUsersTTL": 313, "TrnstModeShare": 0.46 }, "geometry": { "type": "MultiLineString", "coordinates": [ [ [ -106.705632791342211, 35.103827251378533 ], [ -106.705378335562003, 35.104442887938362 ] ] ] } },
{ "type": "Feature", "properties": { "fid": 1437, "OBJECTID": 1437, "COGID": 23416, "RTE": "LOUISIANA", "LOCAT": " NORTH OF UPTOWN - SOUTH OF AMERICAS PKWY N.", "LENGTH": 304.112, "MILES": 0.057999998331069946, "ADT22": 28462, "AWDT22": 30761, "Shape_Length": 323.69852370323036, "ADT23": 30271, "AWDT23": 32331, "RT1_NB": 0, "RT1_SB": 0, "RT2_NB": 0, "RT2_SB": 0, "RT5_EB": 0, "RT5_WB": 0, "RT8_EB": 165, "RT8_WB": 170, "RT10_NB": 0, "RT10_SB": 0, "RT11_EB": 0, "RT11_WB": 0, "RT16_EB": 0, "RT16_WB": 0, "RT31_NB": 0, "RT31_SB": 0, "RT36": 0, "RT50_NB": 0, "RT50_SB": 0, "RT51_NB": 0, "RT51_SB": 0, "RT53_NB": 0, "RT53_SB": 0, "RT54_EB": 0, "RT54_WB": 0, "RT66_EB": 0, "RT66_WB": 0, "RT97_EB": 0, "RT97_WB": 0, "RT140_NB": 0, "RT140_SB": 0, "RT141_NB": 0, "RT141_SB": 0, "RT155_NB": 0, "RT155_SB": 0, "RT157_NB": 0, "RT157_SB": 0, "RT198_NB": 0, "RT198_SB": 0, "RT766_EB": 0, "RT766_WB": 0, "RT777_EB": 0, "RT777_WB": 0, "AWDT23*1.2": 38797, "Total_Users": 39132, "TransitUsersTTL": 335, "TrnstModeShare": 0.86 }, "geometry": { "type": "MultiLineString", "coordinates": [ [ [ -106.568844901388388, 35.103727798527572 ], [ -106.568843010730887, 35.104617198097451 ] ] ] } },
{ "type": "Feature", "properties": { "fid": 1448, "OBJECTID": 1448, "COGID": 23488, "RTE": "CARLISLE", "LOCAT": " NORTH OF INDIAN SCHOOL - SOUTH OF I-40 S. RAMPS", "LENGTH": 800.128, "MILES": 0.15199999511241913, "ADT22": 30353, "AWDT22": 32163, "Shape_Length": 900.32023700720219, "ADT23": 31421, "AWDT23": 33804, "RT1_NB": 0, "RT1_SB": 0, "RT2_NB": 0, "RT2_SB": 0, "RT5_EB": 247, "RT5_WB": 258, "RT8_EB": 0, "RT8_WB": 0, "RT10_NB": 0, "RT10_SB": 0, "RT11_EB": 0, "RT11_WB": 0, "RT16_EB": 0, "RT16_WB": 0, "RT31_NB": 0, "RT31_SB": 0, "RT36": 0, "RT50_NB": 0, "RT50_SB": 0, "RT51_NB": 0, "RT51_SB": 0, "RT53_NB": 0, "RT53_SB": 0, "RT54_EB": 0, "RT54_WB": 0, "RT66_EB": 0, "RT66_WB": 0, "RT97_EB": 0, "RT97_WB": 0, "RT140_NB": 0, "RT140_SB": 0, "RT141_NB": 0, "RT141_SB": 0, "RT155_NB": 0, "RT155_SB": 0, "RT157_NB": 0, "RT157_SB": 0, "RT198_NB": 0, "RT198_SB": 0, "RT766_EB": 0, "RT766_WB": 0, "RT777_EB": 0, "RT777_WB": 0, "AWDT23*1.2": 40565, "Total_Users": 41070, "TransitUsersTTL": 505, "TrnstModeShare": 1.23 }, "geometry": { "type": "MultiLineString", "coordinates": [ [ [ -106.604181035562846, 35.101982101004594 ], [ -106.604184665238748, 35.10445583254301 ] ] ] } },
{ "type": "Feature", "properties": { "fid": 1451, "OBJECTID": 1451, "COGID": 23504, "RTE": "SAN MATEO", "LOCAT": "NORTH OF INDIAN SCHOOL - SOUTH OF I-40 S. RAMPS", "LENGTH": 523.142, "MILES": 0.098999999463558197, "ADT22": 35401, "AWDT22": 38260, "Shape_Length": 508.8824012941792, "ADT23": 37650, "AWDT23": 40212, "RT1_NB": 0, "RT1_SB": 0, "RT2_NB": 0, "RT2_SB": 0, "RT5_EB": 0, "RT5_WB": 0, "RT8_EB": 0, "RT8_WB": 0, "RT10_NB": 0, "RT10_SB": 0, "RT11_EB": 0, "RT11_WB": 0, "RT16_EB": 0, "RT16_WB": 0, "RT31_NB": 0, "RT31_SB": 0, "RT36": 0, "RT50_NB": 0, "RT50_SB": 0, "RT51_NB": 0, "RT51_SB": 0, "RT53_NB": 0, "RT53_SB": 0, "RT54_EB": 0, "RT54_WB": 0, "RT66_EB": 0, "RT66_WB": 0, "RT97_EB": 0, "RT97_WB": 0, "RT140_NB": 400, "RT140_SB": 115, "RT141_NB": 370, "RT141_SB": 295, "RT155_NB": 0, "RT155_SB": 0, "RT157_NB": 0, "RT157_SB": 0, "RT198_NB": 0, "RT198_SB": 0, "RT766_EB": 0, "RT766_WB": 0, "RT777_EB": 0, "RT777_WB": 0, "AWDT23*1.2": 48254, "Total_Users": 49434, "TransitUsersTTL": 1180, "TrnstModeShare": 2.39 }, "geometry": { "type": "MultiLineString", "coordinates": [ [ [ -106.586533456455868, 35.101929171488877 ], [ -106.586657215355388, 35.102316648348285 ], [ -106.586717764585245, 35.102452207480162 ], [ -106.586832869036456, 35.102690790827474 ], [ -106.587105448541934, 35.103243692111761 ] ] ] } },
{ "type": "Feature", "properties": { "fid": 1452, "OBJECTID": 1452, "COGID": 23508, "RTE": "WYOMING", "LOCAT": " NORTH OF INDIAN SCHOOL - SOUTH OF MENAUL", "LENGTH": 2626.908, "MILES": 0.49799999594688416, "ADT22": 34171, "AWDT22": 36931, "Shape_Length": 2624.5347223799131, "ADT23": 36343, "AWDT23": 38816, "RT1_NB": 0, "RT1_SB": 0, "RT2_NB": 0, "RT2_SB": 0, "RT5_EB": 0, "RT5_WB": 0, "RT8_EB": 0, "RT8_WB": 0, "RT10_NB": 0, "RT10_SB": 0, "RT11_EB": 0, "RT11_WB": 0, "RT16_EB": 0, "RT16_WB": 0, "RT31_NB": 95, "RT31_SB": 98, "RT36": 0, "RT50_NB": 0, "RT50_SB": 0, "RT51_NB": 0, "RT51_SB": 0, "RT53_NB": 0, "RT53_SB": 0, "RT54_EB": 0, "RT54_WB": 0, "RT66_EB": 0, "RT66_WB": 0, "RT97_EB": 0, "RT97_WB": 0, "RT140_NB": 0, "RT140_SB": 0, "RT141_NB": 0, "RT141_SB": 0, "RT155_NB": 0, "RT155_SB": 0, "RT157_NB": 0, "RT157_SB": 0, "RT198_NB": 0, "RT198_SB": 0, "RT766_EB": 0, "RT766_WB": 0, "RT777_EB": 0, "RT777_WB": 0, "AWDT23*1.2": 46579, "Total_Users": 46772, "TransitUsersTTL": 193, "TrnstModeShare": 0.41 }, "geometry": { "type": "MultiLineString", "coordinates": [ [ [ -106.550779671186717, 35.101999145530861 ], [ -106.550789826406074, 35.102832892384356 ], [ -106.550790819524096, 35.102914523796933 ], [ -106.550787770768949, 35.103591637799632 ], [ -106.550788741503794, 35.103683297031118 ], [ -106.550801347769919, 35.104873566148385 ], [ -106.55080896292688, 35.105592575576104 ], [ -106.550809885869882, 35.105662849710953 ], [ -106.550826896960274, 35.106958117819261 ], [ -106.550826888073203, 35.106964356800646 ], [ -106.550825924233123, 35.107700651900529 ], [ -106.550825683326565, 35.107883171555912 ], [ -106.550828013528914, 35.109210171610243 ] ] ] } },
{ "type": "Feature", "properties": { "fid": 1458, "OBJECTID": 1458, "COGID": 23528, "RTE": "INDIAN SCHOOL", "LOCAT": "EAST OF LOUISIANA - WEST OF UPTOWN LOOP", "LENGTH": 788.923, "MILES": 0.14900000393390656, "ADT22": 12608, "AWDT22": 13360, "Shape_Length": 781.29961539138674, "ADT23": 13052, "AWDT23": 14042, "RT1_NB": 0, "RT1_SB": 0, "RT2_NB": 0, "RT2_SB": 0, "RT5_EB": 0, "RT5_WB": 0, "RT8_EB": 0, "RT8_WB": 0, "RT10_NB": 0, "RT10_SB": 0, "RT11_EB": 0, "RT11_WB": 0, "RT16_EB": 0, "RT16_WB": 0, "RT31_NB": 0, "RT31_SB": 0, "RT36": 0, "RT50_NB": 0, "RT50_SB": 0, "RT51_NB": 0, "RT51_SB": 0, "RT53_NB": 0, "RT53_SB": 0, "RT54_EB": 0, "RT54_WB": 0, "RT66_EB": 0, "RT66_WB": 0, "RT97_EB": 0, "RT97_WB": 0, "RT140_NB": 0, "RT140_SB": 0, "RT141_NB": 0, "RT141_SB": 0, "RT155_NB": 0, "RT155_SB": 0, "RT157_NB": 0, "RT157_SB": 0, "RT198_NB": 0, "RT198_SB": 0, "RT766_EB": 246, "RT766_WB": 401, "RT777_EB": 0, "RT777_WB": 0, "AWDT23*1.2": 16850, "Total_Users": 17497, "TransitUsersTTL": 647, "TrnstModeShare": 3.7 }, "geometry": { "type": "MultiLineString", "coordinates": [ [ [ -106.568777182484908, 35.101860496591662 ], [ -106.567734902129388, 35.101878295860828 ], [ -106.567455676739058, 35.101880194686174 ], [ -106.566928877148925, 35.101883776963383 ], [ -106.566165298178078, 35.101886571080321 ] ] ] } },
{ "type": "Feature", "properties": { "fid": 1459, "OBJECTID": 1459, "COGID": 23532, "RTE": "LOUISIANA", "LOCAT": " NORTH OF INDIAN SCHOOL - SOUTH OF UPTOWN", "LENGTH": 693.586, "MILES": 0.13099999725818634, "ADT22": 28909, "AWDT22": 31244, "Shape_Length": 679.90836498364365, "ADT23": 30746, "AWDT23": 32838, "RT1_NB": 0, "RT1_SB": 0, "RT2_NB": 0, "RT2_SB": 0, "RT5_EB": 0, "RT5_WB": 0, "RT8_EB": 165, "RT8_WB": 170, "RT10_NB": 0, "RT10_SB": 0, "RT11_EB": 0, "RT11_WB": 0, "RT16_EB": 0, "RT16_WB": 0, "RT31_NB": 0, "RT31_SB": 0, "RT36": 0, "RT50_NB": 0, "RT50_SB": 0, "RT51_NB": 0, "RT51_SB": 0, "RT53_NB": 0, "RT53_SB": 0, "RT54_EB": 0, "RT54_WB": 0, "RT66_EB": 0, "RT66_WB": 0, "RT97_EB": 0, "RT97_WB": 0, "RT140_NB": 0, "RT140_SB": 0, "RT141_NB": 0, "RT141_SB": 0, "RT155_NB": 0, "RT155_SB": 0, "RT157_NB": 0, "RT157_SB": 0, "RT198_NB": 0, "RT198_SB": 0, "RT766_EB": 0, "RT766_WB": 0, "RT777_EB": 0, "RT777_WB": 0, "AWDT23*1.2": 39406, "Total_Users": 39741, "TransitUsersTTL": 335, "TrnstModeShare": 0.84 }, "geometry": { "type": "MultiLineString", "coordinates": [ [ [ -106.568777182484908, 35.101860496591662 ], [ -106.568844901388388, 35.103727798527572 ] ] ] } },
{ "type": "Feature", "properties": { "fid": 1464, "OBJECTID": 1464, "COGID": 23548, "RTE": "EUBANK", "LOCAT": " NORTH OF INDIAN SCHOOL - SOUTH OF SNOWHEIGHTS CIR.", "LENGTH": 1636.39, "MILES": 0.31000000238418579, "ADT22": 28507, "AWDT22": 30809, "Shape_Length": 1647.4899965454319, "ADT23": 30318, "AWDT23": 32381, "RT1_NB": 0, "RT1_SB": 0, "RT2_NB": 37, "RT2_SB": 36, "RT5_EB": 0, "RT5_WB": 0, "RT8_EB": 0, "RT8_WB": 0, "RT10_NB": 0, "RT10_SB": 0, "RT11_EB": 0, "RT11_WB": 0, "RT16_EB": 0, "RT16_WB": 0, "RT31_NB": 0, "RT31_SB": 0, "RT36": 0, "RT50_NB": 0, "RT50_SB": 0, "RT51_NB": 0, "RT51_SB": 0, "RT53_NB": 0, "RT53_SB": 0, "RT54_EB": 0, "RT54_WB": 0, "RT66_EB": 0, "RT66_WB": 0, "RT97_EB": 0, "RT97_WB": 0, "RT140_NB": 0, "RT140_SB": 0, "RT141_NB": 0, "RT141_SB": 0, "RT155_NB": 0, "RT155_SB": 0, "RT157_NB": 0, "RT157_SB": 0, "RT198_NB": 0, "RT198_SB": 0, "RT766_EB": 0, "RT766_WB": 0, "RT777_EB": 0, "RT777_WB": 0, "AWDT23*1.2": 38857, "Total_Users": 38930, "TransitUsersTTL": 73, "TrnstModeShare": 0.19 }, "geometry": { "type": "MultiLineString", "coordinates": [ [ [ -106.532935351360479, 35.101704187486106 ], [ -106.532970279740212, 35.103345817052116 ], [ -106.532980562755142, 35.104012801716308 ], [ -106.532992180688296, 35.104766353449158 ], [ -106.533000733919195, 35.105433240127958 ], [ -106.533010958663482, 35.106230429816954 ] ] ] } },
{ "type": "Feature", "properties": { "fid": 1471, "OBJECTID": 1471, "COGID": 23572, "RTE": "JUAN TABO", "LOCAT": " NORTH OF INDIAN SCHOOL - SOUTH OF MENAUL", "LENGTH": 2685.347, "MILES": 0.50900000333786011, "ADT22": 28832, "AWDT22": 31160, "Shape_Length": 2692.4040070073756, "ADT23": 30664, "AWDT23": 32750, "RT1_NB": 54, "RT1_SB": 63, "RT2_NB": 0, "RT2_SB": 0, "RT5_EB": 0, "RT5_WB": 0, "RT8_EB": 0, "RT8_WB": 0, "RT10_NB": 0, "RT10_SB": 0, "RT11_EB": 0, "RT11_WB": 0, "RT16_EB": 0, "RT16_WB": 0, "RT31_NB": 0, "RT31_SB": 0, "RT36": 0, "RT50_NB": 0, "RT50_SB": 0, "RT51_NB": 0, "RT51_SB": 0, "RT53_NB": 0, "RT53_SB": 0, "RT54_EB": 0, "RT54_WB": 0, "RT66_EB": 0, "RT66_WB": 0, "RT97_EB": 0, "RT97_WB": 0, "RT140_NB": 0, "RT140_SB": 0, "RT141_NB": 0, "RT141_SB": 0, "RT155_NB": 0, "RT155_SB": 0, "RT157_NB": 0, "RT157_SB": 0, "RT198_NB": 0, "RT198_SB": 0, "RT766_EB": 0, "RT766_WB": 0, "RT777_EB": 0, "RT777_WB": 0, "AWDT23*1.2": 39300, "Total_Users": 39417, "TransitUsersTTL": 117, "TrnstModeShare": 0.3 }, "geometry": { "type": "MultiLineString", "coordinates": [ [ [ -106.51543617012517, 35.101462870946577 ], [ -106.515437719184774, 35.101569538551601 ], [ -106.515449159175404, 35.10235706707568 ], [ -106.515463270714662, 35.103328402619027 ], [ -106.515499401259333, 35.105132551014243 ], [ -106.515503783340748, 35.107057545250207 ], [ -106.515535147595969, 35.107964884967082 ], [ -106.51556479519904, 35.108859521401961 ] ] ] } },
{ "type": "Feature", "properties": { "fid": 1478, "OBJECTID": 1478, "COGID": 23607, "RTE": "COORS", "LOCAT": " NORTH OF HANOVER - SOUTH OF ILIFF", "LENGTH": 1147.149, "MILES": 0.21699999272823334, "ADT22": 39755, "AWDT22": 42965, "Shape_Length": 1147.5319800955717, "ADT23": 41475, "AWDT23": 44297, "RT1_NB": 0, "RT1_SB": 0, "RT2_NB": 0, "RT2_SB": 0, "RT5_EB": 0, "RT5_WB": 0, "RT8_EB": 0, "RT8_WB": 0, "RT10_NB": 0, "RT10_SB": 0, "RT11_EB": 0, "RT11_WB": 0, "RT16_EB": 0, "RT16_WB": 0, "RT31_NB": 0, "RT31_SB": 0, "RT36": 0, "RT50_NB": 0, "RT50_SB": 0, "RT51_NB": 0, "RT51_SB": 0, "RT53_NB": 0, "RT53_SB": 0, "RT54_EB": 0, "RT54_WB": 0, "RT66_EB": 0, "RT66_WB": 0, "RT97_EB": 0, "RT97_WB": 0, "RT140_NB": 0, "RT140_SB": 0, "RT141_NB": 0, "RT141_SB": 0, "RT155_NB": 165, "RT155_SB": 148, "RT157_NB": 0, "RT157_SB": 0, "RT198_NB": 0, "RT198_SB": 0, "RT766_EB": 0, "RT766_WB": 0, "RT777_EB": 0, "RT777_WB": 0, "AWDT23*1.2": 53156, "Total_Users": 53469, "TransitUsersTTL": 313, "TrnstModeShare": 0.59 }, "geometry": { "type": "MultiLineString", "coordinates": [ [ [ -106.70700045618139, 35.100388235297707 ], [ -106.706514131002052, 35.101704709718497 ], [ -106.706255547545084, 35.102330789979831 ], [ -106.705807792770798, 35.103384359177319 ] ] ] } },
{ "type": "Feature", "properties": { "fid": 1479, "OBJECTID": 1479, "COGID": 23608, "RTE": "COORS", "LOCAT": " NORTH OF FORTUNA - SOUTH OF HANOVER", "LENGTH": 2323.131, "MILES": 0.43999999761581421, "ADT22": 38171, "AWDT22": 41254, "Shape_Length": 2323.1303155627725, "ADT23": 39823, "AWDT23": 42533, "RT1_NB": 0, "RT1_SB": 0, "RT2_NB": 0, "RT2_SB": 0, "RT5_EB": 0, "RT5_WB": 0, "RT8_EB": 0, "RT8_WB": 0, "RT10_NB": 0, "RT10_SB": 0, "RT11_EB": 0, "RT11_WB": 0, "RT16_EB": 0, "RT16_WB": 0, "RT31_NB": 0, "RT31_SB": 0, "RT36": 0, "RT50_NB": 0, "RT50_SB": 0, "RT51_NB": 0, "RT51_SB": 0, "RT53_NB": 0, "RT53_SB": 0, "RT54_EB": 0, "RT54_WB": 0, "RT66_EB": 0, "RT66_WB": 0, "RT97_EB": 0, "RT97_WB": 0, "RT140_NB": 0, "RT140_SB": 0, "RT141_NB": 0, "RT141_SB": 0, "RT155_NB": 171, "RT155_SB": 164, "RT157_NB": 0, "RT157_SB": 0, "RT198_NB": 0, "RT198_SB": 0, "RT766_EB": 0, "RT766_WB": 0, "RT777_EB": 0, "RT777_WB": 0, "AWDT23*1.2": 51040, "Total_Users": 51375, "TransitUsersTTL": 335, "TrnstModeShare": 0.65 }, "geometry": { "type": "MultiLineString", "coordinates": [ [ [ -106.709529627232854, 35.09435348285178 ], [ -106.709153299259924, 35.095280170814149 ], [ -106.708633935601938, 35.096560125865736 ], [ -106.708277549935502, 35.097394682123145 ], [ -106.707963968097118, 35.098113345730852 ], [ -106.707621034070399, 35.098889820107651 ], [ -106.70700045618139, 35.100388235297707 ] ] ] } },
{ "type": "Feature", "properties": { "fid": 1483, "OBJECTID": 1483, "COGID": 23628, "RTE": "EUBANK", "LOCAT": " NORTH OF CONSTITUTION - SOUTH OF INDIAN SCHOOL", "LENGTH": 2616.8, "MILES": 0.49599999189376831, "ADT22": 29604, "AWDT22": 31875, "Shape_Length": 2621.9476414291057, "ADT23": 31115, "AWDT23": 33502, "RT1_NB": 0, "RT1_SB": 0, "RT2_NB": 37, "RT2_SB": 37, "RT5_EB": 0, "RT5_WB": 0, "RT8_EB": 0, "RT8_WB": 0, "RT10_NB": 0, "RT10_SB": 0, "RT11_EB": 0, "RT11_WB": 0, "RT16_EB": 0, "RT16_WB": 0, "RT31_NB": 0, "RT31_SB": 0, "RT36": 0, "RT50_NB": 0, "RT50_SB": 0, "RT51_NB": 0, "RT51_SB": 0, "RT53_NB": 0, "RT53_SB": 0, "RT54_EB": 0, "RT54_WB": 0, "RT66_EB": 0, "RT66_WB": 0, "RT97_EB": 0, "RT97_WB": 0, "RT140_NB": 0, "RT140_SB": 0, "RT141_NB": 0, "RT141_SB": 0, "RT155_NB": 0, "RT155_SB": 0, "RT157_NB": 0, "RT157_SB": 0, "RT198_NB": 0, "RT198_SB": 0, "RT766_EB": 0, "RT766_WB": 0, "RT777_EB": 0, "RT777_WB": 0, "AWDT23*1.2": 40202, "Total_Users": 40276, "TransitUsersTTL": 74, "TrnstModeShare": 0.18 }, "geometry": { "type": "MultiLineString", "coordinates": [ [ [ -106.532723731033514, 35.094502504350508 ], [ -106.5327483921225, 35.095850773959768 ], [ -106.532757820476334, 35.096214574031066 ], [ -106.532768695159803, 35.096634147363048 ], [ -106.532818148007536, 35.098133374051486 ], [ -106.532818154129899, 35.098133558835535 ], [ -106.532843311733998, 35.099126096955132 ], [ -106.532852796732485, 35.099945547042758 ], [ -106.532896053942096, 35.100765636681842 ], [ -106.532896210569035, 35.100769380959882 ], [ -106.532935351360479, 35.101704187486106 ] ] ] } },
{ "type": "Feature", "properties": { "fid": 1485, "OBJECTID": 1485, "COGID": 23640, "RTE": "12TH STREET", "LOCAT": " NORTH OF SAWMILL - S. OF I-40 S. FRONTAGE RD.", "LENGTH": 2185.214, "MILES": 0.414000004529953, "ADT22": 10794, "AWDT22": 11438, "Shape_Length": 2261.6014987372578, "ADT23": 9766, "AWDT23": 10507, "RT1_NB": 0, "RT1_SB": 0, "RT2_NB": 0, "RT2_SB": 0, "RT5_EB": 0, "RT5_WB": 0, "RT8_EB": 0, "RT8_WB": 0, "RT10_NB": 0, "RT10_SB": 0, "RT11_EB": 0, "RT11_WB": 0, "RT16_EB": 0, "RT16_WB": 0, "RT31_NB": 0, "RT31_SB": 0, "RT36": 20, "RT50_NB": 0, "RT50_SB": 0, "RT51_NB": 0, "RT51_SB": 0, "RT53_NB": 0, "RT53_SB": 0, "RT54_EB": 0, "RT54_WB": 0, "RT66_EB": 0, "RT66_WB": 0, "RT97_EB": 0, "RT97_WB": 0, "RT140_NB": 0, "RT140_SB": 0, "RT141_NB": 0, "RT141_SB": 0, "RT155_NB": 0, "RT155_SB": 0, "RT157_NB": 0, "RT157_SB": 0, "RT198_NB": 0, "RT198_SB": 0, "RT766_EB": 0, "RT766_WB": 0, "RT777_EB": 0, "RT777_WB": 0, "AWDT23*1.2": 12608, "Total_Users": 12628, "TransitUsersTTL": 20, "TrnstModeShare": 0.16 }, "geometry": { "type": "MultiLineString", "coordinates": [ [ [ -106.658598060871554, 35.099772106369848 ], [ -106.658322370447152, 35.100742887210927 ], [ -106.658315702253972, 35.100766370826513 ], [ -106.658107751124433, 35.10154912818016 ], [ -106.657874184587456, 35.102322857603156 ], [ -106.657873801525881, 35.102324129937166 ], [ -106.65766829966006, 35.103007128122449 ], [ -106.65763138190546, 35.103132239264319 ], [ -106.657573227071211, 35.103337632849382 ], [ -106.657562337505951, 35.103376095584878 ], [ -106.657538697788311, 35.103516453358154 ], [ -106.657507594791653, 35.103856317263123 ], [ -106.657511166169797, 35.1040495653966 ], [ -106.657529835051108, 35.104230131653473 ], [ -106.657632811697511, 35.104701975026529 ], [ -106.657786259571111, 35.105121603291508 ], [ -106.658010613029305, 35.105703640455289 ], [ -106.658056747015493, 35.105823325757775 ] ] ] } },
{ "type": "Feature", "properties": { "fid": 1486, "OBJECTID": 1486, "COGID": 23644, "RTE": "JUAN TABO", "LOCAT": " NORTH OF CONSTITUTION - SOUTH OF INDIAN SCHOOL", "LENGTH": 2880.898, "MILES": 0.54600000381469727, "ADT22": 29525, "AWDT22": 31909, "Shape_Length": 2866.5877002853472, "ADT23": 31400, "AWDT23": 33537, "RT1_NB": 61, "RT1_SB": 66, "RT2_NB": 0, "RT2_SB": 0, "RT5_EB": 0, "RT5_WB": 0, "RT8_EB": 0, "RT8_WB": 0, "RT10_NB": 0, "RT10_SB": 0, "RT11_EB": 0, "RT11_WB": 0, "RT16_EB": 0, "RT16_WB": 0, "RT31_NB": 0, "RT31_SB": 0, "RT36": 0, "RT50_NB": 0, "RT50_SB": 0, "RT51_NB": 0, "RT51_SB": 0, "RT53_NB": 0, "RT53_SB": 0, "RT54_EB": 0, "RT54_WB": 0, "RT66_EB": 0, "RT66_WB": 0, "RT97_EB": 0, "RT97_WB": 0, "RT140_NB": 0, "RT140_SB": 0, "RT141_NB": 0, "RT141_SB": 0, "RT155_NB": 0, "RT155_SB": 0, "RT157_NB": 0, "RT157_SB": 0, "RT198_NB": 0, "RT198_SB": 0, "RT766_EB": 0, "RT766_WB": 0, "RT777_EB": 0, "RT777_WB": 0, "AWDT23*1.2": 40244, "Total_Users": 40371, "TransitUsersTTL": 127, "TrnstModeShare": 0.31 }, "geometry": { "type": "MultiLineString", "coordinates": [ [ [ -106.515278212724084, 35.093587730144741 ], [ -106.515361593270839, 35.096474271753856 ], [ -106.515361643863756, 35.09647769988009 ], [ -106.515367839140268, 35.096900968552688 ], [ -106.51538162450592, 35.097842772204643 ], [ -106.515409484688988, 35.099637988015992 ], [ -106.51543617012517, 35.101462870946577 ] ] ] } },
{ "type": "Feature", "properties": { "fid": 1492, "OBJECTID": 1492, "COGID": 23660, "RTE": "RIO GRANDE BLVD.", "LOCAT": " NORTH OF MOUNTAIN - SOUTH OF I-40 S. RAMPS", "LENGTH": 2184.322, "MILES": 0.414000004529953, "ADT22": 28373, "AWDT22": 30065, "Shape_Length": 2204.7566589818639, "ADT23": 25672, "AWDT23": 27619, "RT1_NB": 0, "RT1_SB": 0, "RT2_NB": 0, "RT2_SB": 0, "RT5_EB": 0, "RT5_WB": 0, "RT8_EB": 0, "RT8_WB": 0, "RT10_NB": 0, "RT10_SB": 0, "RT11_EB": 0, "RT11_WB": 0, "RT16_EB": 0, "RT16_WB": 0, "RT31_NB": 0, "RT31_SB": 0, "RT36": 20, "RT50_NB": 0, "RT50_SB": 0, "RT51_NB": 0, "RT51_SB": 0, "RT53_NB": 0, "RT53_SB": 0, "RT54_EB": 0, "RT54_WB": 0, "RT66_EB": 0, "RT66_WB": 0, "RT97_EB": 0, "RT97_WB": 0, "RT140_NB": 0, "RT140_SB": 0, "RT141_NB": 0, "RT141_SB": 0, "RT155_NB": 0, "RT155_SB": 0, "RT157_NB": 0, "RT157_SB": 0, "RT198_NB": 0, "RT198_SB": 0, "RT766_EB": 0, "RT766_WB": 0, "RT777_EB": 0, "RT777_WB": 0, "AWDT23*1.2": 33143, "Total_Users": 33163, "TransitUsersTTL": 20, "TrnstModeShare": 0.06 }, "geometry": { "type": "MultiLineString", "coordinates": [ [ [ -106.670619862902427, 35.098607243242959 ], [ -106.670579073606703, 35.098790768644413 ], [ -106.670576407941994, 35.099021368952393 ], [ -106.670610472294641, 35.100108020566836 ], [ -106.670611205648655, 35.100127365852863 ], [ -106.670638082106365, 35.100836705927279 ], [ -106.67065537495975, 35.101293115104959 ], [ -106.670655991524242, 35.101309365211975 ], [ -106.670669180112938, 35.101637894446881 ], [ -106.670675911042252, 35.101805580487699 ], [ -106.670699422634911, 35.102367660324632 ], [ -106.670700821656439, 35.102418991248591 ], [ -106.670713601025199, 35.102888113783308 ], [ -106.670727301211542, 35.103424118865696 ], [ -106.67072613051316, 35.103511587007247 ], [ -106.670721246055635, 35.10387643875135 ], [ -106.670721141236015, 35.104572671161748 ], [ -106.670724389994291, 35.104660126654366 ] ] ] } },
{ "type": "Feature", "properties": { "fid": 1494, "OBJECTID": 1494, "COGID": 23664, "RTE": "LOUISIANA", "LOCAT": "NORTH OF I-40 RAMPS - SOUTH OF AMERICAS PKWY", "LENGTH": 648.74, "MILES": 0.12300000339746475, "ADT22": 34388, "AWDT22": 37165, "Shape_Length": 840.35015967876689, "ADT23": 36573, "AWDT23": 39062, "RT1_NB": 0, "RT1_SB": 0, "RT2_NB": 0, "RT2_SB": 0, "RT5_EB": 0, "RT5_WB": 0, "RT8_EB": 0, "RT8_WB": 0, "RT10_NB": 0, "RT10_SB": 0, "RT11_EB": 0, "RT11_WB": 0, "RT16_EB": 0, "RT16_WB": 0, "RT31_NB": 0, "RT31_SB": 0, "RT36": 0, "RT50_NB": 0, "RT50_SB": 0, "RT51_NB": 0, "RT51_SB": 0, "RT53_NB": 0, "RT53_SB": 0, "RT54_EB": 0, "RT54_WB": 0, "RT66_EB": 0, "RT66_WB": 0, "RT97_EB": 0, "RT97_WB": 0, "RT140_NB": 0, "RT140_SB": 0, "RT141_NB": 0, "RT141_SB": 0, "RT155_NB": 0, "RT155_SB": 0, "RT157_NB": 195, "RT157_SB": 185, "RT198_NB": 0, "RT198_SB": 0, "RT766_EB": 374, "RT766_WB": 401, "RT777_EB": 0, "RT777_WB": 0, "AWDT23*1.2": 46874, "Total_Users": 48029, "TransitUsersTTL": 1155, "TrnstModeShare": 2.4 }, "geometry": { "type": "MultiLineString", "coordinates": [ [ [ -106.568743420882171, 35.09746424822783 ], [ -106.568745931333552, 35.097655267912508 ], [ -106.568747129976018, 35.097746524389215 ], [ -106.568750413564089, 35.097996401587018 ], [ -106.568764281956902, 35.099051982395288 ], [ -106.568765360321237, 35.099773121163842 ] ] ] } },
{ "type": "Feature", "properties": { "fid": 1495, "OBJECTID": 1495, "COGID": 23668, "RTE": "INDIAN SCHOOL", "LOCAT": " EAST OF BROADWAY - WEST OF LOCUST", "LENGTH": 1910.894, "MILES": 0.3619999885559082, "ADT22": 1048, "AWDT22": 1122, "Shape_Length": 1928.3183015533377, "ADT23": 963, "AWDT23": 1031, "RT1_NB": 0, "RT1_SB": 0, "RT2_NB": 0, "RT2_SB": 0, "RT5_EB": 0, "RT5_WB": 0, "RT8_EB": 0, "RT8_WB": 0, "RT10_NB": 0, "RT10_SB": 0, "RT11_EB": 0, "RT11_WB": 0, "RT16_EB": 24, "RT16_WB": 26, "RT31_NB": 0, "RT31_SB": 0, "RT36": 0, "RT50_NB": 0, "RT50_SB": 0, "RT51_NB": 0, "RT51_SB": 0, "RT53_NB": 0, "RT53_SB": 0, "RT54_EB": 0, "RT54_WB": 0, "RT66_EB": 0, "RT66_WB": 0, "RT97_EB": 0, "RT97_WB": 0, "RT140_NB": 0, "RT140_SB": 0, "RT141_NB": 0, "RT141_SB": 0, "RT155_NB": 0, "RT155_SB": 0, "RT157_NB": 0, "RT157_SB": 0, "RT198_NB": 0, "RT198_SB": 0, "RT766_EB": 0, "RT766_WB": 0, "RT777_EB": 0, "RT777_WB": 0, "AWDT23*1.2": 1237, "Total_Users": 1287, "TransitUsersTTL": 50, "TrnstModeShare": 3.89 }, "geometry": { "type": "MultiLineString", "coordinates": [ [ [ -106.641731350684452, 35.098985969014208 ], [ -106.641484810060746, 35.09900722286153 ], [ -106.641051799885531, 35.09904466207189 ], [ -106.640555229714749, 35.099090145321455 ], [ -106.63995641923249, 35.099143343714317 ], [ -106.639737753529261, 35.099165817769716 ], [ -106.639363494477848, 35.099176404354971 ], [ -106.639106370287678, 35.099167214681771 ], [ -106.63848700038227, 35.099106999755968 ], [ -106.637341363327508, 35.098979855480486 ], [ -106.637340392138881, 35.098979755817652 ], [ -106.63667773001211, 35.098877993111422 ], [ -106.635979316201698, 35.09875266305967 ], [ -106.635358438849153, 35.098626429009592 ] ] ] } },
{ "type": "Feature", "properties": { "fid": 1498, "OBJECTID": 1498, "COGID": 23700, "RTE": "INDIAN SCHOOL", "LOCAT": " EAST OF LOCUST - I-25 OVERPASS", "LENGTH": 1020.65, "MILES": 0.19300000369548798, "ADT22": 6922, "AWDT22": 7335, "Shape_Length": 1005.4352452975461, "ADT23": 8357, "AWDT23": 8991, "RT1_NB": 0, "RT1_SB": 0, "RT2_NB": 0, "RT2_SB": 0, "RT5_EB": 0, "RT5_WB": 0, "RT8_EB": 0, "RT8_WB": 0, "RT10_NB": 0, "RT10_SB": 0, "RT11_EB": 0, "RT11_WB": 0, "RT16_EB": 28, "RT16_WB": 27, "RT31_NB": 0, "RT31_SB": 0, "RT36": 0, "RT50_NB": 0, "RT50_SB": 0, "RT51_NB": 0, "RT51_SB": 0, "RT53_NB": 0, "RT53_SB": 0, "RT54_EB": 0, "RT54_WB": 0, "RT66_EB": 0, "RT66_WB": 0, "RT97_EB": 0, "RT97_WB": 0, "RT140_NB": 0, "RT140_SB": 0, "RT141_NB": 0, "RT141_SB": 0, "RT155_NB": 0, "RT155_SB": 0, "RT157_NB": 0, "RT157_SB": 0, "RT198_NB": 0, "RT198_SB": 0, "RT766_EB": 0, "RT766_WB": 0, "RT777_EB": 0, "RT777_WB": 0, "AWDT23*1.2": 10789, "Total_Users": 10844, "TransitUsersTTL": 55, "TrnstModeShare": 0.51 }, "geometry": { "type": "MultiLineString", "coordinates": [ [ [ -106.635358438849153, 35.098626429009592 ], [ -106.634783111872963, 35.098490541409873 ], [ -106.634114584343763, 35.098324011242653 ], [ -106.63335858284583, 35.098136859226592 ], [ -106.633060290182115, 35.098061753705878 ], [ -106.632744737120831, 35.097994173172175 ], [ -106.632526665611437, 35.097958597757994 ], [ -106.632432387106235, 35.097943216208726 ], [ -106.632279595995584, 35.097923493795797 ], [ -106.632118140179159, 35.097902653653648 ] ] ] } },
{ "type": "Feature", "properties": { "fid": 1499, "OBJECTID": 1499, "COGID": 23712, "RTE": "INDIAN SCHOOL", "LOCAT": " I-25 OVERPASS - WEST OF UNIVERSITY", "LENGTH": 1523.886, "MILES": 0.289000004529953, "ADT22": 7982, "AWDT22": 8537, "Shape_Length": 1510.7446687739405, "ADT23": 8389, "AWDT23": 8973, "RT1_NB": 0, "RT1_SB": 0, "RT2_NB": 0, "RT2_SB": 0, "RT5_EB": 0, "RT5_WB": 0, "RT8_EB": 0, "RT8_WB": 0, "RT10_NB": 0, "RT10_SB": 0, "RT11_EB": 0, "RT11_WB": 0, "RT16_EB": 28, "RT16_WB": 30, "RT31_NB": 0, "RT31_SB": 0, "RT36": 0, "RT50_NB": 0, "RT50_SB": 0, "RT51_NB": 0, "RT51_SB": 0, "RT53_NB": 0, "RT53_SB": 0, "RT54_EB": 0, "RT54_WB": 0, "RT66_EB": 0, "RT66_WB": 0, "RT97_EB": 0, "RT97_WB": 0, "RT140_NB": 0, "RT140_SB": 0, "RT141_NB": 0, "RT141_SB": 0, "RT155_NB": 0, "RT155_SB": 0, "RT157_NB": 0, "RT157_SB": 0, "RT198_NB": 0, "RT198_SB": 0, "RT766_EB": 0, "RT766_WB": 0, "RT777_EB": 0, "RT777_WB": 0, "AWDT23*1.2": 10768, "Total_Users": 10826, "TransitUsersTTL": 58, "TrnstModeShare": 0.54 }, "geometry": { "type": "MultiLineString", "coordinates": [ [ [ -106.632118140179159, 35.097902653653648 ], [ -106.632017039593549, 35.09789341414136 ], [ -106.631873012317357, 35.097880253217859 ], [ -106.631718831352643, 35.0978726806417 ], [ -106.631597784788312, 35.097866735279844 ], [ -106.631277235961434, 35.097862657724569 ], [ -106.630702573463338, 35.097877737360321 ], [ -106.630270826362818, 35.097927644458103 ], [ -106.629881716567212, 35.097992508551989 ], [ -106.629361964073254, 35.098110343011577 ], [ -106.628948304840009, 35.098226550118078 ], [ -106.628759572966501, 35.098293475011644 ], [ -106.628458929908888, 35.098412249854135 ], [ -106.628192154048051, 35.098536149443994 ], [ -106.627928638415341, 35.09866149593288 ], [ -106.627374288452671, 35.098975700204939 ] ] ] } },
{ "type": "Feature", "properties": { "fid": 1513, "OBJECTID": 1513, "COGID": 23796, "RTE": "12TH STREET", "LOCAT": " NORTH OF MOUNTAIN - SOUTH OF SAWMILL", "LENGTH": 1516.234, "MILES": 0.28700000047683716, "ADT22": 8448, "AWDT22": 8952, "Shape_Length": 1512.4955326341208, "ADT23": 7644, "AWDT23": 8224, "RT1_NB": 0, "RT1_SB": 0, "RT2_NB": 0, "RT2_SB": 0, "RT5_EB": 0, "RT5_WB": 0, "RT8_EB": 0, "RT8_WB": 0, "RT10_NB": 0, "RT10_SB": 0, "RT11_EB": 0, "RT11_WB": 0, "RT16_EB": 0, "RT16_WB": 0, "RT31_NB": 0, "RT31_SB": 0, "RT36": 20, "RT50_NB": 0, "RT50_SB": 0, "RT51_NB": 0, "RT51_SB": 0, "RT53_NB": 0, "RT53_SB": 0, "RT54_EB": 0, "RT54_WB": 0, "RT66_EB": 0, "RT66_WB": 0, "RT97_EB": 0, "RT97_WB": 0, "RT140_NB": 0, "RT140_SB": 0, "RT141_NB": 0, "RT141_SB": 0, "RT155_NB": 0, "RT155_SB": 0, "RT157_NB": 0, "RT157_SB": 0, "RT198_NB": 0, "RT198_SB": 0, "RT766_EB": 0, "RT766_WB": 0, "RT777_EB": 0, "RT777_WB": 0, "AWDT23*1.2": 9869, "Total_Users": 9889, "TransitUsersTTL": 20, "TrnstModeShare": 0.2 }, "geometry": { "type": "MultiLineString", "coordinates": [ [ [ -106.658934402253038, 35.095625690424633 ], [ -106.658822825447828, 35.096827949361597 ], [ -106.65878817062125, 35.097338074009144 ], [ -106.658764213315578, 35.097690724085268 ], [ -106.658764097544676, 35.097692141556905 ], [ -106.658736468783431, 35.098028502142391 ], [ -106.658709781002827, 35.098403124329337 ], [ -106.658703262681186, 35.098494602124056 ], [ -106.658598060871554, 35.099772106369848 ] ] ] } },
{ "type": "Feature", "properties": { "fid": 1516, "OBJECTID": 1516, "COGID": 23816, "RTE": "6TH STREET", "LOCAT": " NORTH OF MOUNTAIN - S. OF I-40 S. FRONTAGE RD.", "LENGTH": 4020.352, "MILES": 0.76099997758865356, "ADT22": 7350, "AWDT22": 7788, "Shape_Length": 4014.8727473541876, "ADT23": 6650, "AWDT23": 7154, "RT1_NB": 0, "RT1_SB": 0, "RT2_NB": 0, "RT2_SB": 0, "RT5_EB": 0, "RT5_WB": 0, "RT8_EB": 0, "RT8_WB": 214, "RT10_NB": 0, "RT10_SB": 0, "RT11_EB": 0, "RT11_WB": 0, "RT16_EB": 0, "RT16_WB": 0, "RT31_NB": 0, "RT31_SB": 0, "RT36": 0, "RT50_NB": 0, "RT50_SB": 0, "RT51_NB": 0, "RT51_SB": 0, "RT53_NB": 0, "RT53_SB": 0, "RT54_EB": 0, "RT54_WB": 0, "RT66_EB": 0, "RT66_WB": 0, "RT97_EB": 0, "RT97_WB": 0, "RT140_NB": 0, "RT140_SB": 0, "RT141_NB": 0, "RT141_SB": 0, "RT155_NB": 0, "RT155_SB": 0, "RT157_NB": 0, "RT157_SB": 0, "RT198_NB": 0, "RT198_SB": 0, "RT766_EB": 0, "RT766_WB": 0, "RT777_EB": 0, "RT777_WB": 0, "AWDT23*1.2": 8585, "Total_Users": 8799, "TransitUsersTTL": 214, "TrnstModeShare": 2.43 }, "geometry": { "type": "MultiLineString", "coordinates": [ [ [ -106.65046092215762, 35.106238486477203 ], [ -106.650526320644261, 35.106174660496173 ], [ -106.650626651772313, 35.105959366442313 ], [ -106.650639384948533, 35.105823256747648 ], [ -106.650623599275676, 35.105564434006368 ], [ -106.650600704201551, 35.105235390121429 ], [ -106.650614349535246, 35.105032384367462 ], [ -106.650673719649106, 35.104708391665085 ], [ -106.65067839839584, 35.104533846368732 ], [ -106.650658671526841, 35.104384393371745 ], [ -106.650658579921668, 35.104384054729096 ], [ -106.65060930473291, 35.104203109834508 ], [ -106.650451393507041, 35.10378884345171 ], [ -106.650443019155702, 35.103700602867569 ], [ -106.650430663463794, 35.103566698024338 ], [ -106.650468225425783, 35.103214188764404 ], [ -106.650597795789508, 35.102560824585815 ], [ -106.650856470276395, 35.101256439135035 ], [ -106.65085719091681, 35.101252627220454 ], [ -106.650961269037737, 35.100702032841511 ], [ -106.651004294654442, 35.100473231162169 ], [ -106.651038800201775, 35.100286224578078 ], [ -106.651119872590471, 35.100069532385682 ], [ -106.651126230407854, 35.10005796195891 ], [ -106.651186525213888, 35.099948232537521 ], [ -106.651271525492035, 35.0997278844726 ], [ -106.651323460446022, 35.099503962464581 ], [ -106.651356370650305, 35.099301637274642 ], [ -106.65135675401649, 35.099299513989294 ], [ -106.651527829469657, 35.09835064418322 ], [ -106.651530359090415, 35.09833661012339 ], [ -106.651704107877379, 35.097370496226752 ], [ -106.651706152528547, 35.097359123050026 ], [ -106.651884408193482, 35.096385793026087 ], [ -106.65188512494187, 35.096381876547142 ], [ -106.652061326058657, 35.095393032635016 ] ] ] } },
{ "type": "Feature", "properties": { "fid": 1520, "OBJECTID": 1520, "COGID": 23832, "RTE": "5TH STREET", "LOCAT": "NORTH OF MOUNTAIN - S.E. OF 6TH ST.", "LENGTH": 4226.32, "MILES": 0.80000001192092896, "ADT22": 5526, "AWDT22": 5911, "Shape_Length": 4228.0766676386174, "ADT23": 5114, "AWDT23": 5502, "RT1_NB": 0, "RT1_SB": 0, "RT2_NB": 0, "RT2_SB": 0, "RT5_EB": 0, "RT5_WB": 0, "RT8_EB": 199, "RT8_WB": 0, "RT10_NB": 0, "RT10_SB": 0, "RT11_EB": 0, "RT11_WB": 0, "RT16_EB": 0, "RT16_WB": 0, "RT31_NB": 0, "RT31_SB": 0, "RT36": 0, "RT50_NB": 0, "RT50_SB": 0, "RT51_NB": 0, "RT51_SB": 0, "RT53_NB": 0, "RT53_SB": 0, "RT54_EB": 0, "RT54_WB": 0, "RT66_EB": 0, "RT66_WB": 0, "RT97_EB": 0, "RT97_WB": 0, "RT140_NB": 0, "RT140_SB": 0, "RT141_NB": 0, "RT141_SB": 0, "RT155_NB": 0, "RT155_SB": 0, "RT157_NB": 0, "RT157_SB": 0, "RT198_NB": 0, "RT198_SB": 0, "RT766_EB": 0, "RT766_WB": 0, "RT777_EB": 0, "RT777_WB": 0, "AWDT23*1.2": 6602, "Total_Users": 6801, "TransitUsersTTL": 199, "TrnstModeShare": 2.93 }, "geometry": { "type": "MultiLineString", "coordinates": [ [ [ -106.65077558945859, 35.095263425487047 ], [ -106.650588839888002, 35.09622818591621 ], [ -106.650588401460425, 35.096230489672493 ], [ -106.650402902817859, 35.097204764873048 ], [ -106.650402132217536, 35.097208899672097 ], [ -106.650221358185149, 35.098179447574822 ], [ -106.6502201985423, 35.09818567502375 ], [ -106.65003959540303, 35.099140871135198 ], [ -106.649856818984333, 35.100031685151876 ], [ -106.649854275536256, 35.100044079479865 ], [ -106.649656795447655, 35.101095272756524 ], [ -106.649653727138585, 35.101111162832836 ], [ -106.649537163991383, 35.101714873760706 ], [ -106.649382208846291, 35.102509082100582 ], [ -106.64938160098896, 35.102512195009936 ], [ -106.649267725684666, 35.103082822469503 ], [ -106.64919061624974, 35.103554644208451 ], [ -106.64907485961308, 35.104156412796804 ], [ -106.649069284378967, 35.104384483733099 ], [ -106.649109147302468, 35.104588706852503 ], [ -106.649257701021355, 35.104798756006033 ], [ -106.64941385429151, 35.104938712887467 ], [ -106.649647586468106, 35.105046474559266 ], [ -106.649882608236609, 35.105118541296065 ], [ -106.650081316980248, 35.105205343532667 ], [ -106.65008632008292, 35.105209152777782 ], [ -106.650239074643295, 35.105325467539203 ], [ -106.650373995986513, 35.10549391057728 ], [ -106.650434121506322, 35.105654703825387 ], [ -106.65045611928646, 35.105848401524078 ], [ -106.650428904201178, 35.10600857457171 ], [ -106.650434355688532, 35.106153387177159 ], [ -106.65046092215762, 35.106238486477203 ] ] ] } },
{ "type": "Feature", "properties": { "fid": 1522, "OBJECTID": 1522, "COGID": 23840, "RTE": "RIO GRANDE BLVD.", "LOCAT": " NORTH OF CENTRAL - SOUTH OF MOUNTAIN", "LENGTH": 1325.657, "MILES": 0.25099998712539673, "ADT22": 17115, "AWDT22": 18135, "Shape_Length": 1301.5688015080666, "ADT23": 15484, "AWDT23": 16659, "RT1_NB": 0, "RT1_SB": 0, "RT2_NB": 0, "RT2_SB": 0, "RT5_EB": 0, "RT5_WB": 0, "RT8_EB": 0, "RT8_WB": 0, "RT10_NB": 0, "RT10_SB": 0, "RT11_EB": 0, "RT11_WB": 0, "RT16_EB": 0, "RT16_WB": 0, "RT31_NB": 0, "RT31_SB": 0, "RT36": 19, "RT50_NB": 0, "RT50_SB": 0, "RT51_NB": 0, "RT51_SB": 0, "RT53_NB": 0, "RT53_SB": 0, "RT54_EB": 0, "RT54_WB": 0, "RT66_EB": 0, "RT66_WB": 0, "RT97_EB": 0, "RT97_WB": 0, "RT140_NB": 0, "RT140_SB": 0, "RT141_NB": 0, "RT141_SB": 0, "RT155_NB": 0, "RT155_SB": 0, "RT157_NB": 0, "RT157_SB": 0, "RT198_NB": 0, "RT198_SB": 0, "RT766_EB": 0, "RT766_WB": 0, "RT777_EB": 0, "RT777_WB": 0, "AWDT23*1.2": 19991, "Total_Users": 20010, "TransitUsersTTL": 19, "TrnstModeShare": 0.09 }, "geometry": { "type": "MultiLineString", "coordinates": [ [ [ -106.67142292222978, 35.095149435074504 ], [ -106.671354106259884, 35.09592882002088 ], [ -106.671322477187942, 35.096407215475679 ], [ -106.671321715360833, 35.096420098053848 ], [ -106.67129232797727, 35.096917494568153 ], [ -106.671271308032956, 35.097210832998243 ], [ -106.671222120675026, 35.097507899413017 ], [ -106.671200824101035, 35.097563050236701 ], [ -106.671146930354951, 35.097702610749231 ], [ -106.671069825975735, 35.097859190103925 ], [ -106.671023200142827, 35.097925271505545 ], [ -106.670931624104114, 35.098055063029669 ], [ -106.670801370068844, 35.098236781576347 ], [ -106.670681216668385, 35.098440347648896 ], [ -106.670619862902427, 35.098607243242959 ] ] ] } },
{ "type": "Feature", "properties": { "fid": 1523, "OBJECTID": 1523, "COGID": 23844, "RTE": "4TH STREET", "LOCAT": " NORTH OF MOUNTAIN - S. OF I-40 S. FRONTAGE RD.", "LENGTH": 3894.1, "MILES": 0.73799997568130493, "ADT22": 7211, "AWDT22": 7713, "Shape_Length": 3906.7388929430513, "ADT23": 7987, "AWDT23": 8593, "RT1_NB": 0, "RT1_SB": 0, "RT2_NB": 0, "RT2_SB": 0, "RT5_EB": 0, "RT5_WB": 0, "RT8_EB": 0, "RT8_WB": 0, "RT10_NB": 231, "RT10_SB": 242, "RT11_EB": 0, "RT11_WB": 0, "RT16_EB": 0, "RT16_WB": 0, "RT31_NB": 0, "RT31_SB": 0, "RT36": 0, "RT50_NB": 0, "RT50_SB": 0, "RT51_NB": 0, "RT51_SB": 0, "RT53_NB": 0, "RT53_SB": 0, "RT54_EB": 0, "RT54_WB": 0, "RT66_EB": 0, "RT66_WB": 0, "RT97_EB": 0, "RT97_WB": 0, "RT140_NB": 0, "RT140_SB": 0, "RT141_NB": 0, "RT141_SB": 0, "RT155_NB": 0, "RT155_SB": 0, "RT157_NB": 0, "RT157_SB": 0, "RT198_NB": 0, "RT198_SB": 0, "RT766_EB": 0, "RT766_WB": 0, "RT777_EB": 0, "RT777_WB": 0, "AWDT23*1.2": 10312, "Total_Users": 10785, "TransitUsersTTL": 473, "TrnstModeShare": 4.39 }, "geometry": { "type": "MultiLineString", "coordinates": [ [ [ -106.649587285268666, 35.095094566148539 ], [ -106.649398623134616, 35.096091646365743 ], [ -106.649398531144143, 35.096092125339673 ], [ -106.649216270578151, 35.097041617136625 ], [ -106.64921371439091, 35.097054775028809 ], [ -106.649025746025131, 35.098022491813971 ], [ -106.648848559773242, 35.098967230761637 ], [ -106.648825637392918, 35.099090590463135 ], [ -106.648659633444638, 35.099983923900808 ], [ -106.648657927548484, 35.099993107185384 ], [ -106.648466257485325, 35.100965800946653 ], [ -106.64845330076642, 35.101031552104736 ], [ -106.648450114193253, 35.101048206970795 ], [ -106.648447783390623, 35.101060395038353 ], [ -106.648266584162627, 35.102007676269714 ], [ -106.648181437713845, 35.102455448817658 ], [ -106.648079947566302, 35.102989191320376 ], [ -106.647914630064335, 35.103850481603942 ], [ -106.647898128216397, 35.10393697857802 ], [ -106.64773707848525, 35.104781116112427 ], [ -106.647720668975339, 35.104867502770496 ], [ -106.647708917485545, 35.104929370915308 ], [ -106.647670372202242, 35.105089024358016 ], [ -106.647591203267666, 35.105366476452772 ], [ -106.647520140078143, 35.105587868646531 ], [ -106.647502593270261, 35.105689068022421 ] ] ] } },
{ "type": "Feature", "properties": { "fid": 1532, "OBJECTID": 1532, "COGID": 23880, "RTE": "MOUNTAIN ROAD", "LOCAT": " EAST OF 3RD ST. - WEST OF 2ND ST.", "LENGTH": 361.547, "MILES": 0.068000003695487976, "ADT22": 4361, "AWDT22": 4810, "Shape_Length": 359.80180150194161, "ADT23": 4107, "AWDT23": 4419, "RT1_NB": 0, "RT1_SB": 0, "RT2_NB": 0, "RT2_SB": 0, "RT5_EB": 0, "RT5_WB": 209, "RT8_EB": 0, "RT8_WB": 0, "RT10_NB": 0, "RT10_SB": 0, "RT11_EB": 0, "RT11_WB": 0, "RT16_EB": 0, "RT16_WB": 0, "RT31_NB": 0, "RT31_SB": 0, "RT36": 0, "RT50_NB": 0, "RT50_SB": 0, "RT51_NB": 0, "RT51_SB": 0, "RT53_NB": 0, "RT53_SB": 0, "RT54_EB": 0, "RT54_WB": 0, "RT66_EB": 0, "RT66_WB": 0, "RT97_EB": 0, "RT97_WB": 0, "RT140_NB": 0, "RT140_SB": 0, "RT141_NB": 0, "RT141_SB": 0, "RT155_NB": 0, "RT155_SB": 0, "RT157_NB": 0, "RT157_SB": 0, "RT198_NB": 0, "RT198_SB": 0, "RT766_EB": 0, "RT766_WB": 0, "RT777_EB": 0, "RT777_WB": 0, "AWDT23*1.2": 5303, "Total_Users": 5512, "TransitUsersTTL": 209, "TrnstModeShare": 3.79 }, "geometry": { "type": "MultiLineString", "coordinates": [ [ [ -106.648405113995665, 35.094958678051093 ], [ -106.647214332079926, 35.09481912058169 ] ] ] } },
{ "type": "Feature", "properties": { "fid": 1533, "OBJECTID": 1533, "COGID": 23884, "RTE": "CENTRAL", "LOCAT": " EAST OF RIO GRANDE BLVD. - WEST OF LOMAS", "LENGTH": 960.603, "MILES": 0.18199999630451202, "ADT22": 21391, "AWDT22": 23118, "Shape_Length": 970.88717119413718, "ADT23": 19884, "AWDT23": 21237, "RT1_NB": 0, "RT1_SB": 0, "RT2_NB": 0, "RT2_SB": 0, "RT5_EB": 0, "RT5_WB": 0, "RT8_EB": 0, "RT8_WB": 0, "RT10_NB": 0, "RT10_SB": 0, "RT11_EB": 0, "RT11_WB": 0, "RT16_EB": 0, "RT16_WB": 0, "RT31_NB": 0, "RT31_SB": 0, "RT36": 17, "RT50_NB": 0, "RT50_SB": 0, "RT51_NB": 0, "RT51_SB": 0, "RT53_NB": 0, "RT53_SB": 0, "RT54_EB": 0, "RT54_WB": 0, "RT66_EB": 262, "RT66_WB": 304, "RT97_EB": 0, "RT97_WB": 0, "RT140_NB": 0, "RT140_SB": 0, "RT141_NB": 0, "RT141_SB": 0, "RT155_NB": 0, "RT155_SB": 0, "RT157_NB": 0, "RT157_SB": 0, "RT198_NB": 0, "RT198_SB": 0, "RT766_EB": 419, "RT766_WB": 439, "RT777_EB": 422, "RT777_WB": 425, "AWDT23*1.2": 25484, "Total_Users": 27772, "TransitUsersTTL": 2288, "TrnstModeShare": 8.24 }, "geometry": { "type": "MultiLineString", "coordinates": [ [ [ -106.67142292222978, 35.095149435074504 ], [ -106.67119755341993, 35.095056663767899 ], [ -106.67097203191706, 35.094934725215523 ], [ -106.670703895162703, 35.094801076419799 ], [ -106.670700357704618, 35.094799312834844 ], [ -106.670411031326751, 35.094636310832072 ], [ -106.670141066698548, 35.09447437687102 ], [ -106.67010638357381, 35.094448227853512 ], [ -106.669870406767558, 35.09427031087457 ], [ -106.669706007488031, 35.094132219705841 ], [ -106.66958692081829, 35.094021627141167 ], [ -106.669564168294841, 35.094000495624336 ], [ -106.669424786338496, 35.093909463402355 ], [ -106.669271474643452, 35.093826830231173 ], [ -106.669054792036277, 35.093741812502586 ], [ -106.668773210493313, 35.093649608614257 ] ] ] } },
{ "type": "Feature", "properties": { "fid": 1536, "OBJECTID": 1536, "COGID": 23892, "RTE": "CARLISLE", "LOCAT": " NORTH OF CONSTITUTION - SOUTH OF INDIAN SCHOOL", "LENGTH": 2636.601, "MILES": 0.49900001287460327, "ADT22": 18802, "AWDT22": 19923, "Shape_Length": 2602.2921347685724, "ADT23": 19464, "AWDT23": 20940, "RT1_NB": 0, "RT1_SB": 0, "RT2_NB": 0, "RT2_SB": 0, "RT5_EB": 251, "RT5_WB": 260, "RT8_EB": 0, "RT8_WB": 0, "RT10_NB": 0, "RT10_SB": 0, "RT11_EB": 0, "RT11_WB": 0, "RT16_EB": 0, "RT16_WB": 0, "RT31_NB": 0, "RT31_SB": 0, "RT36": 0, "RT50_NB": 0, "RT50_SB": 0, "RT51_NB": 0, "RT51_SB": 0, "RT53_NB": 0, "RT53_SB": 0, "RT54_EB": 0, "RT54_WB": 0, "RT66_EB": 0, "RT66_WB": 0, "RT97_EB": 0, "RT97_WB": 0, "RT140_NB": 0, "RT140_SB": 0, "RT141_NB": 0, "RT141_SB": 0, "RT155_NB": 0, "RT155_SB": 0, "RT157_NB": 0, "RT157_SB": 0, "RT198_NB": 0, "RT198_SB": 0, "RT766_EB": 0, "RT766_WB": 0, "RT777_EB": 0, "RT777_WB": 0, "AWDT23*1.2": 25128, "Total_Users": 25639, "TransitUsersTTL": 511, "TrnstModeShare": 1.99 }, "geometry": { "type": "MultiLineString", "coordinates": [ [ [ -106.604250245472869, 35.094832247282611 ], [ -106.60424160229779, 35.09535279165712 ], [ -106.604232763961207, 35.096535000651329 ], [ -106.604225047473804, 35.09756731069853 ], [ -106.604214506539918, 35.098977224956293 ], [ -106.60421446225088, 35.098983215240843 ], [ -106.604213398772814, 35.099114431139583 ], [ -106.604205233510157, 35.100121138996677 ], [ -106.604205070855357, 35.100141352748508 ], [ -106.604181035562846, 35.101982101004594 ] ] ] } },
{ "type": "Feature", "properties": { "fid": 1542, "OBJECTID": 1542, "COGID": 23936, "RTE": "SAN MATEO", "LOCAT": " NORTH OF CONSTITUTION - SOUTH OF INDIAN SCHOOL", "LENGTH": 2649.451, "MILES": 0.50199997425079346, "ADT22": 32689, "AWDT22": 35329, "Shape_Length": 2652.6311342316849, "ADT23": 34766, "AWDT23": 37132, "RT1_NB": 0, "RT1_SB": 0, "RT2_NB": 0, "RT2_SB": 0, "RT5_EB": 0, "RT5_WB": 0, "RT8_EB": 0, "RT8_WB": 0, "RT10_NB": 0, "RT10_SB": 0, "RT11_EB": 0, "RT11_WB": 0, "RT16_EB": 0, "RT16_WB": 0, "RT31_NB": 0, "RT31_SB": 0, "RT36": 0, "RT50_NB": 0, "RT50_SB": 0, "RT51_NB": 0, "RT51_SB": 0, "RT53_NB": 0, "RT53_SB": 0, "RT54_EB": 0, "RT54_WB": 0, "RT66_EB": 0, "RT66_WB": 0, "RT97_EB": 0, "RT97_WB": 0, "RT140_NB": 400, "RT140_SB": 127, "RT141_NB": 370, "RT141_SB": 337, "RT155_NB": 0, "RT155_SB": 0, "RT157_NB": 0, "RT157_SB": 0, "RT198_NB": 0, "RT198_SB": 0, "RT766_EB": 0, "RT766_WB": 0, "RT777_EB": 0, "RT777_WB": 0, "AWDT23*1.2": 44558, "Total_Users": 45792, "TransitUsersTTL": 1234, "TrnstModeShare": 2.69 }, "geometry": { "type": "MultiLineString", "coordinates": [ [ [ -106.586253505596019, 35.094654469760748 ], [ -106.586278829498866, 35.096625125965616 ], [ -106.586278851294466, 35.09662669443501 ], [ -106.586301561605225, 35.098277553034883 ], [ -106.586301592198865, 35.098279126888151 ], [ -106.586337161211986, 35.100083544404093 ], [ -106.586337195090451, 35.100085116444859 ], [ -106.586351517071037, 35.100757841270784 ], [ -106.586368371892945, 35.101101278860611 ], [ -106.586447345967784, 35.101659352243139 ], [ -106.586533456455868, 35.101929171488877 ] ] ] } },
{ "type": "Feature", "properties": { "fid": 1549, "OBJECTID": 1549, "COGID": 23972, "RTE": "BROADWAY", "LOCAT": "NORTH OF MOUNTAIN - SOUTH OF ODELIA", "LENGTH": 1705.399, "MILES": 0.32300001382827759, "ADT22": 11927, "AWDT22": 12890, "Shape_Length": 1705.0760766928515, "ADT23": 11087, "AWDT23": 11841, "RT1_NB": 0, "RT1_SB": 0, "RT2_NB": 0, "RT2_SB": 0, "RT5_EB": 0, "RT5_WB": 0, "RT8_EB": 0, "RT8_WB": 0, "RT10_NB": 0, "RT10_SB": 0, "RT11_EB": 0, "RT11_WB": 0, "RT16_EB": 24, "RT16_WB": 25, "RT31_NB": 0, "RT31_SB": 0, "RT36": 0, "RT50_NB": 0, "RT50_SB": 0, "RT51_NB": 0, "RT51_SB": 0, "RT53_NB": 0, "RT53_SB": 0, "RT54_EB": 0, "RT54_WB": 0, "RT66_EB": 0, "RT66_WB": 0, "RT97_EB": 0, "RT97_WB": 0, "RT140_NB": 0, "RT140_SB": 0, "RT141_NB": 0, "RT141_SB": 0, "RT155_NB": 0, "RT155_SB": 0, "RT157_NB": 0, "RT157_SB": 0, "RT198_NB": 0, "RT198_SB": 0, "RT766_EB": 0, "RT766_WB": 0, "RT777_EB": 0, "RT777_WB": 0, "AWDT23*1.2": 14209, "Total_Users": 14258, "TransitUsersTTL": 49, "TrnstModeShare": 0.34 }, "geometry": { "type": "MultiLineString", "coordinates": [ [ [ -106.642568348619548, 35.094352817575604 ], [ -106.642404280577679, 35.095277061392501 ], [ -106.642403982571977, 35.095278731846413 ], [ -106.642095436357579, 35.096839078075789 ], [ -106.642093213153046, 35.096850317356967 ], [ -106.642009646226157, 35.097269729373544 ], [ -106.64196988421115, 35.097474455054645 ], [ -106.641837281701044, 35.09816780085211 ], [ -106.641731350684452, 35.098985969014208 ] ] ] } },
{ "type": "Feature", "properties": { "fid": 1550, "OBJECTID": 1550, "COGID": 23976, "RTE": "MOUNTAIN ROAD", "LOCAT": " EAST OF 2ND ST. - WEST OF BROADWAY", "LENGTH": 1407.415, "MILES": 0.2669999897480011, "ADT22": 4453, "AWDT22": 4980, "Shape_Length": 1404.4198574609982, "ADT23": 3704, "AWDT23": 3985, "RT1_NB": 0, "RT1_SB": 0, "RT2_NB": 0, "RT2_SB": 0, "RT5_EB": 178, "RT5_WB": 193, "RT8_EB": 0, "RT8_WB": 0, "RT10_NB": 0, "RT10_SB": 0, "RT11_EB": 0, "RT11_WB": 0, "RT16_EB": 0, "RT16_WB": 0, "RT31_NB": 0, "RT31_SB": 0, "RT36": 0, "RT50_NB": 0, "RT50_SB": 0, "RT51_NB": 0, "RT51_SB": 0, "RT53_NB": 0, "RT53_SB": 0, "RT54_EB": 0, "RT54_WB": 0, "RT66_EB": 0, "RT66_WB": 0, "RT97_EB": 0, "RT97_WB": 0, "RT140_NB": 0, "RT140_SB": 0, "RT141_NB": 0, "RT141_SB": 0, "RT155_NB": 0, "RT155_SB": 0, "RT157_NB": 0, "RT157_SB": 0, "RT198_NB": 0, "RT198_SB": 0, "RT766_EB": 0, "RT766_WB": 0, "RT777_EB": 0, "RT777_WB": 0, "AWDT23*1.2": 4782, "Total_Users": 5153, "TransitUsersTTL": 371, "TrnstModeShare": 7.2 }, "geometry": { "type": "MultiLineString", "coordinates": [ [ [ -106.647214332079926, 35.09481912058169 ], [ -106.646024588093397, 35.09466111601796 ], [ -106.646019533579704, 35.094660111181391 ], [ -106.645158467107365, 35.094488835621554 ], [ -106.645109124817779, 35.094479127319431 ], [ -106.645018479722125, 35.094461290851449 ], [ -106.644910951032685, 35.094444679390918 ], [ -106.644673107623305, 35.09443188784995 ], [ -106.644350810313043, 35.094416420992737 ], [ -106.642568348619548, 35.094352817575604 ] ] ] } },
{ "type": "Feature", "properties": { "fid": 1551, "OBJECTID": 1551, "COGID": 23977, "RTE": "MOUNTAIN ROAD", "LOCAT": "EAST OF BROADWAY - WAST OF PAN AMERICAN WEST", "LENGTH": 2562.135, "MILES": 0.48500001430511475, "ADT22": 4386, "AWDT22": 4838, "Shape_Length": 2553.4793071590861, "ADT23": 4131, "AWDT23": 4444, "RT1_NB": 0, "RT1_SB": 0, "RT2_NB": 0, "RT2_SB": 0, "RT5_EB": 185, "RT5_WB": 191, "RT8_EB": 0, "RT8_WB": 0, "RT10_NB": 0, "RT10_SB": 0, "RT11_EB": 0, "RT11_WB": 0, "RT16_EB": 0, "RT16_WB": 0, "RT31_NB": 0, "RT31_SB": 0, "RT36": 0, "RT50_NB": 0, "RT50_SB": 0, "RT51_NB": 0, "RT51_SB": 0, "RT53_NB": 0, "RT53_SB": 0, "RT54_EB": 0, "RT54_WB": 0, "RT66_EB": 0, "RT66_WB": 0, "RT97_EB": 0, "RT97_WB": 0, "RT140_NB": 0, "RT140_SB": 0, "RT141_NB": 0, "RT141_SB": 0, "RT155_NB": 0, "RT155_SB": 0, "RT157_NB": 0, "RT157_SB": 0, "RT198_NB": 0, "RT198_SB": 0, "RT766_EB": 0, "RT766_WB": 0, "RT777_EB": 0, "RT777_WB": 0, "AWDT23*1.2": 5333, "Total_Users": 5709, "TransitUsersTTL": 376, "TrnstModeShare": 6.59 }, "geometry": { "type": "MultiLineString", "coordinates": [ [ [ -106.642568348619548, 35.094352817575604 ], [ -106.64242868039031, 35.094359152568323 ], [ -106.641819205554683, 35.094340847225702 ], [ -106.640316438312482, 35.094250577291362 ], [ -106.640027927956609, 35.094225644812887 ], [ -106.639669000159515, 35.094193500986783 ], [ -106.639507169941581, 35.094173721147428 ], [ -106.638839915197877, 35.094125458974602 ], [ -106.638697256808982, 35.094118076446335 ], [ -106.638385284840282, 35.094101929605614 ], [ -106.638152858389489, 35.094090559253921 ], [ -106.637717102545366, 35.09406923681285 ], [ -106.63706553875825, 35.094037353582628 ], [ -106.636530871886976, 35.094007466881237 ], [ -106.635867085060895, 35.093956672144365 ], [ -106.63534582525952, 35.093916780100798 ], [ -106.634660159712197, 35.09385610165144 ], [ -106.634448477394088, 35.093821707397787 ], [ -106.634081360320081, 35.093723568611168 ] ] ] } },
{ "type": "Feature", "properties": { "fid": 1552, "OBJECTID": 1552, "COGID": 23979, "RTE": "MOUNTAIN ROAD", "LOCAT": "EAST OF PAN AMERICAN WEST - WEST OF PAN AMERICAN EAST", "LENGTH": 272.71, "MILES": 0.052000001072883606, "ADT22": 2575, "AWDT22": 2881, "Shape_Length": 282.68614121656674, "ADT23": 2365, "AWDT23": 2647, "RT1_NB": 0, "RT1_SB": 0, "RT2_NB": 0, "RT2_SB": 0, "RT5_EB": 0, "RT5_WB": 194, "RT8_EB": 0, "RT8_WB": 0, "RT10_NB": 0, "RT10_SB": 0, "RT11_EB": 0, "RT11_WB": 0, "RT16_EB": 0, "RT16_WB": 0, "RT31_NB": 0, "RT31_SB": 0, "RT36": 0, "RT50_NB": 0, "RT50_SB": 0, "RT51_NB": 0, "RT51_SB": 0, "RT53_NB": 0, "RT53_SB": 0, "RT54_EB": 0, "RT54_WB": 0, "RT66_EB": 0, "RT66_WB": 0, "RT97_EB": 0, "RT97_WB": 0, "RT140_NB": 0, "RT140_SB": 0, "RT141_NB": 0, "RT141_SB": 0, "RT155_NB": 0, "RT155_SB": 0, "RT157_NB": 0, "RT157_SB": 0, "RT198_NB": 0, "RT198_SB": 0, "RT766_EB": 0, "RT766_WB": 0, "RT777_EB": 0, "RT777_WB": 0, "AWDT23*1.2": 3176, "Total_Users": 3370, "TransitUsersTTL": 194, "TrnstModeShare": 5.76 }, "geometry": { "type": "MultiLineString", "coordinates": [ [ [ -106.634081360320081, 35.093723568611168 ], [ -106.633813518971593, 35.093621096726501 ], [ -106.633586962766913, 35.093534418711279 ], [ -106.633437755723492, 35.093477335584161 ], [ -106.633235058777515, 35.093379445807727 ] ] ] } },
{ "type": "Feature", "properties": { "fid": 1553, "OBJECTID": 1553, "COGID": 23980, "RTE": "WYOMING", "LOCAT": " NORTH OF CONSTITUTION - SOUTH OF INDIAN SCHOOL", "LENGTH": 2702.039, "MILES": 0.51200002431869507, "ADT22": 29732, "AWDT22": 32133, "Shape_Length": 2688.5728733940841, "ADT23": 31621, "AWDT23": 33773, "RT1_NB": 0, "RT1_SB": 0, "RT2_NB": 0, "RT2_SB": 0, "RT5_EB": 0, "RT5_WB": 0, "RT8_EB": 0, "RT8_WB": 0, "RT10_NB": 0, "RT10_SB": 0, "RT11_EB": 0, "RT11_WB": 0, "RT16_EB": 0, "RT16_WB": 0, "RT31_NB": 118, "RT31_SB": 110, "RT36": 0, "RT50_NB": 0, "RT50_SB": 0, "RT51_NB": 0, "RT51_SB": 0, "RT53_NB": 0, "RT53_SB": 0, "RT54_EB": 0, "RT54_WB": 0, "RT66_EB": 0, "RT66_WB": 0, "RT97_EB": 0, "RT97_WB": 0, "RT140_NB": 0, "RT140_SB": 0, "RT141_NB": 0, "RT141_SB": 0, "RT155_NB": 0, "RT155_SB": 0, "RT157_NB": 0, "RT157_SB": 0, "RT198_NB": 0, "RT198_SB": 0, "RT766_EB": 0, "RT766_WB": 0, "RT777_EB": 0, "RT777_WB": 0, "AWDT23*1.2": 40528, "Total_Users": 40756, "TransitUsersTTL": 228, "TrnstModeShare": 0.56 }, "geometry": { "type": "MultiLineString", "coordinates": [ [ [ -106.550715070279111, 35.094612247492357 ], [ -106.550735529570687, 35.095395965194264 ], [ -106.55074936437066, 35.097319149118675 ], [ -106.550749623842535, 35.097355159794631 ], [ -106.55075231429619, 35.098002077672156 ], [ -106.550755188111481, 35.098693227604016 ], [ -106.550757174525316, 35.099171394784769 ], [ -106.550759931127999, 35.099834469974724 ], [ -106.550762588972916, 35.100473918216885 ], [ -106.550762627978258, 35.100477370690534 ], [ -106.550779671186717, 35.101999145530861 ] ] ] } },
{ "type": "Feature", "properties": { "fid": 1554, "OBJECTID": 1554, "COGID": 23984, "RTE": "LOUISIANA", "LOCAT": "NORTH OF CONSTITUTION - SOUTH OF I-40 RAMPS", "LENGTH": 1060.388, "MILES": 0.20100000500679016, "ADT22": 26767, "AWDT22": 28929, "Shape_Length": 1067.7466263451995, "ADT23": 28468, "AWDT23": 30405, "RT1_NB": 0, "RT1_SB": 0, "RT2_NB": 0, "RT2_SB": 0, "RT5_EB": 0, "RT5_WB": 0, "RT8_EB": 0, "RT8_WB": 0, "RT10_NB": 0, "RT10_SB": 0, "RT11_EB": 0, "RT11_WB": 0, "RT16_EB": 0, "RT16_WB": 0, "RT31_NB": 0, "RT31_SB": 0, "RT36": 0, "RT50_NB": 0, "RT50_SB": 0, "RT51_NB": 0, "RT51_SB": 0, "RT53_NB": 0, "RT53_SB": 0, "RT54_EB": 0, "RT54_WB": 0, "RT66_EB": 0, "RT66_WB": 0, "RT97_EB": 0, "RT97_WB": 0, "RT140_NB": 0, "RT140_SB": 0, "RT141_NB": 0, "RT141_SB": 0, "RT155_NB": 0, "RT155_SB": 0, "RT157_NB": 195, "RT157_SB": 185, "RT198_NB": 0, "RT198_SB": 0, "RT766_EB": 374, "RT766_WB": 401, "RT777_EB": 0, "RT777_WB": 0, "AWDT23*1.2": 36486, "Total_Users": 37641, "TransitUsersTTL": 1155, "TrnstModeShare": 3.07 }, "geometry": { "type": "MultiLineString", "coordinates": [ [ [ -106.56872676907561, 35.09453059378594 ], [ -106.568748070729725, 35.095949815964808 ], [ -106.568747774348708, 35.096046139867596 ], [ -106.568747622363759, 35.09609558144313 ], [ -106.568744764725238, 35.097026350614122 ], [ -106.568744065653021, 35.097254246430936 ], [ -106.568743420882171, 35.09746424822783 ] ] ] } },
{ "type": "Feature", "properties": { "fid": 1572, "OBJECTID": 1572, "COGID": 24096, "RTE": "12TH STREET", "LOCAT": " NORTH OF LOMAS - SOUTH OF MOUNTAIN", "LENGTH": 1284.905, "MILES": 0.24300000071525574, "ADT22": 7296, "AWDT22": 7731, "Shape_Length": 1273.5293651056174, "ADT23": 6601, "AWDT23": 7102, "RT1_NB": 0, "RT1_SB": 0, "RT2_NB": 0, "RT2_SB": 0, "RT5_EB": 0, "RT5_WB": 0, "RT8_EB": 0, "RT8_WB": 0, "RT10_NB": 0, "RT10_SB": 0, "RT11_EB": 0, "RT11_WB": 0, "RT16_EB": 0, "RT16_WB": 0, "RT31_NB": 0, "RT31_SB": 0, "RT36": 20, "RT50_NB": 0, "RT50_SB": 0, "RT51_NB": 0, "RT51_SB": 0, "RT53_NB": 0, "RT53_SB": 0, "RT54_EB": 0, "RT54_WB": 0, "RT66_EB": 0, "RT66_WB": 0, "RT97_EB": 0, "RT97_WB": 0, "RT140_NB": 0, "RT140_SB": 0, "RT141_NB": 0, "RT141_SB": 0, "RT155_NB": 0, "RT155_SB": 0, "RT157_NB": 0, "RT157_SB": 0, "RT198_NB": 0, "RT198_SB": 0, "RT766_EB": 0, "RT766_WB": 0, "RT777_EB": 0, "RT777_WB": 0, "AWDT23*1.2": 8522, "Total_Users": 8542, "TransitUsersTTL": 20, "TrnstModeShare": 0.23 }, "geometry": { "type": "MultiLineString", "coordinates": [ [ [ -106.659729475248739, 35.092188394881603 ], [ -106.65951213072951, 35.093129546320924 ], [ -106.659510257716605, 35.093137280793634 ], [ -106.659278798319178, 35.094093186540825 ], [ -106.659277978369744, 35.0940965688511 ], [ -106.659045368408741, 35.095059244200336 ], [ -106.659044351289324, 35.095064438190029 ], [ -106.658934402253038, 35.095625690424633 ] ] ] } },
{ "type": "Feature", "properties": { "fid": 1573, "OBJECTID": 1573, "COGID": 24100, "RTE": "LOMAS", "LOCAT": " EAST OF CENTRAL - WEST OF 12TH ST.", "LENGTH": 2792.501, "MILES": 0.52899998426437378, "ADT22": 10925, "AWDT22": 11807, "Shape_Length": 2759.6109364594531, "ADT23": 10155, "AWDT23": 10846, "RT1_NB": 0, "RT1_SB": 0, "RT2_NB": 0, "RT2_SB": 0, "RT5_EB": 0, "RT5_WB": 0, "RT8_EB": 0, "RT8_WB": 0, "RT10_NB": 0, "RT10_SB": 0, "RT11_EB": 0, "RT11_WB": 0, "RT16_EB": 0, "RT16_WB": 0, "RT31_NB": 0, "RT31_SB": 0, "RT36": 17, "RT50_NB": 0, "RT50_SB": 0, "RT51_NB": 0, "RT51_SB": 0, "RT53_NB": 0, "RT53_SB": 0, "RT54_EB": 0, "RT54_WB": 0, "RT66_EB": 0, "RT66_WB": 0, "RT97_EB": 0, "RT97_WB": 0, "RT140_NB": 0, "RT140_SB": 0, "RT141_NB": 0, "RT141_SB": 0, "RT155_NB": 0, "RT155_SB": 0, "RT157_NB": 0, "RT157_SB": 0, "RT198_NB": 0, "RT198_SB": 0, "RT766_EB": 0, "RT766_WB": 0, "RT777_EB": 0, "RT777_WB": 0, "AWDT23*1.2": 13015, "Total_Users": 13032, "TransitUsersTTL": 17, "TrnstModeShare": 0.13 }, "geometry": { "type": "MultiLineString", "coordinates": [ [ [ -106.668773210493313, 35.093649608614257 ], [ -106.668213170577289, 35.093487724379926 ], [ -106.66788628370638, 35.093416318816935 ], [ -106.667780236757451, 35.093397744755528 ], [ -106.667520068830669, 35.093352174673505 ], [ -106.667456199884256, 35.093343307950711 ], [ -106.665474331134931, 35.093068186953268 ], [ -106.665471225225573, 35.093067785632215 ], [ -106.664700538027972, 35.092968189387101 ], [ -106.664682094153164, 35.092965485910632 ], [ -106.664389310432512, 35.092922571745262 ], [ -106.664298741942787, 35.092909296356112 ], [ -106.664286399577662, 35.092907486945052 ], [ -106.664162206799134, 35.09288824513974 ], [ -106.663960813222388, 35.09285704130739 ], [ -106.663939579529668, 35.092853750481112 ], [ -106.663130150364324, 35.092722807708505 ], [ -106.663099063682864, 35.092718060205151 ], [ -106.66193261894179, 35.092539966828234 ], [ -106.66191497953038, 35.092537114161821 ], [ -106.660902333199473, 35.092373314461 ], [ -106.660896323655265, 35.092372367567883 ], [ -106.659729475248739, 35.092188394881603 ] ] ] } },
{ "type": "Feature", "properties": { "fid": 1579, "OBJECTID": 1579, "COGID": 24136, "RTE": "CENTRAL", "LOCAT": "EAST OF TINGLEY - WEST OF NEW YORK AVE.", "LENGTH": 1321.019, "MILES": 0.25, "ADT22": 25261, "AWDT22": 27301, "Shape_Length": 1305.6367407191476, "ADT23": 23482, "AWDT23": 25080, "RT1_NB": 0, "RT1_SB": 0, "RT2_NB": 0, "RT2_SB": 0, "RT5_EB": 0, "RT5_WB": 0, "RT8_EB": 0, "RT8_WB": 0, "RT10_NB": 0, "RT10_SB": 0, "RT11_EB": 0, "RT11_WB": 0, "RT16_EB": 0, "RT16_WB": 0, "RT31_NB": 0, "RT31_SB": 0, "RT36": 0, "RT50_NB": 0, "RT50_SB": 0, "RT51_NB": 0, "RT51_SB": 0, "RT53_NB": 0, "RT53_SB": 0, "RT54_EB": 0, "RT54_WB": 0, "RT66_EB": 257, "RT66_WB": 296, "RT97_EB": 0, "RT97_WB": 0, "RT140_NB": 0, "RT140_SB": 0, "RT141_NB": 0, "RT141_SB": 0, "RT155_NB": 0, "RT155_SB": 0, "RT157_NB": 0, "RT157_SB": 0, "RT198_NB": 0, "RT198_SB": 0, "RT766_EB": 388, "RT766_WB": 433, "RT777_EB": 396, "RT777_WB": 418, "AWDT23*1.2": 30096, "Total_Users": 32284, "TransitUsersTTL": 2188, "TrnstModeShare": 6.78 }, "geometry": { "type": "MultiLineString", "coordinates": [ [ [ -106.679194244870288, 35.091072628248796 ], [ -106.678816987789148, 35.091615896630664 ], [ -106.678576467678667, 35.092051589976514 ], [ -106.67841157041012, 35.092405922006336 ], [ -106.678292843327384, 35.092712801494088 ], [ -106.67820518131181, 35.092943279536087 ], [ -106.678106194442321, 35.093203526449948 ], [ -106.678085342780136, 35.093253730667868 ], [ -106.677992160384434, 35.093478076527084 ], [ -106.677868839349628, 35.0937978156472 ], [ -106.677775513560775, 35.09398989439061 ], [ -106.677674204663703, 35.094153359412829 ], [ -106.677500628842736, 35.094361156511447 ] ] ] } },
{ "type": "Feature", "properties": { "fid": 1580, "OBJECTID": 1580, "COGID": 24137, "RTE": "CENTRAL", "LOCAT": "EAST OF NEW YORK - WEST OF RIO GRANDE", "LENGTH": 1933.344, "MILES": 0.36599999666213989, "ADT22": 24063, "AWDT22": 26050, "Shape_Length": 1956.6298997599124, "ADT23": 22105, "AWDT23": 23930, "RT1_NB": 0, "RT1_SB": 0, "RT2_NB": 0, "RT2_SB": 0, "RT5_EB": 0, "RT5_WB": 0, "RT8_EB": 0, "RT8_WB": 0, "RT10_NB": 0, "RT10_SB": 0, "RT11_EB": 0, "RT11_WB": 0, "RT16_EB": 0, "RT16_WB": 0, "RT31_NB": 0, "RT31_SB": 0, "RT36": 0, "RT50_NB": 0, "RT50_SB": 0, "RT51_NB": 0, "RT51_SB": 0, "RT53_NB": 0, "RT53_SB": 0, "RT54_EB": 0, "RT54_WB": 0, "RT66_EB": 257, "RT66_WB": 300, "RT97_EB": 0, "RT97_WB": 0, "RT140_NB": 0, "RT140_SB": 0, "RT141_NB": 0, "RT141_SB": 0, "RT155_NB": 0, "RT155_SB": 0, "RT157_NB": 0, "RT157_SB": 0, "RT198_NB": 0, "RT198_SB": 0, "RT766_EB": 388, "RT766_WB": 439, "RT777_EB": 396, "RT777_WB": 425, "AWDT23*1.2": 28716, "Total_Users": 30921, "TransitUsersTTL": 2205, "TrnstModeShare": 7.13 }, "geometry": { "type": "MultiLineString", "coordinates": [ [ [ -106.677500628842736, 35.094361156511447 ], [ -106.677373817940875, 35.094522626131401 ], [ -106.677270215009017, 35.09462043900821 ], [ -106.677094314638097, 35.094767960077718 ], [ -106.676853710890413, 35.094934143363645 ], [ -106.676494515277284, 35.095123651945975 ], [ -106.67632061180845, 35.095191924626647 ], [ -106.676154083718686, 35.095254862491878 ], [ -106.675924490683585, 35.095326120313885 ], [ -106.675706308734959, 35.095376126498159 ], [ -106.675451200979197, 35.095415275882281 ], [ -106.675119517631302, 35.095439922967067 ], [ -106.67478455346712, 35.095436642871704 ], [ -106.67457417549565, 35.095420654204936 ], [ -106.67434786237645, 35.095403023511302 ], [ -106.673791297374251, 35.095363894578568 ], [ -106.673050560987335, 35.095318030146174 ], [ -106.673009562468053, 35.095315491369796 ], [ -106.672772704347949, 35.095285780822714 ], [ -106.672589003910801, 35.095269849834253 ], [ -106.67241465825704, 35.095253294625103 ], [ -106.672200792771051, 35.095230382728808 ], [ -106.671950749836157, 35.095211399580194 ], [ -106.671692738223697, 35.095191677396379 ], [ -106.67142292222978, 35.095149435074504 ] ] ] } },
{ "type": "Feature", "properties": { "fid": 1581, "OBJECTID": 1581, "COGID": 24144, "RTE": "WYOMING", "LOCAT": " NORTH OF I-40 N. RAMPS - SOUTH OF CONSTITUTION", "LENGTH": 1337.569, "MILES": 0.25299999117851257, "ADT22": 34244, "AWDT22": 37009, "Shape_Length": 1295.5534397065328, "ADT23": 36420, "AWDT23": 38898, "RT1_NB": 0, "RT1_SB": 0, "RT2_NB": 0, "RT2_SB": 0, "RT5_EB": 0, "RT5_WB": 0, "RT8_EB": 0, "RT8_WB": 0, "RT10_NB": 0, "RT10_SB": 0, "RT11_EB": 0, "RT11_WB": 0, "RT16_EB": 0, "RT16_WB": 0, "RT31_NB": 116, "RT31_SB": 116, "RT36": 0, "RT50_NB": 0, "RT50_SB": 0, "RT51_NB": 0, "RT51_SB": 0, "RT53_NB": 0, "RT53_SB": 0, "RT54_EB": 0, "RT54_WB": 0, "RT66_EB": 0, "RT66_WB": 0, "RT97_EB": 0, "RT97_WB": 0, "RT140_NB": 0, "RT140_SB": 0, "RT141_NB": 0, "RT141_SB": 0, "RT155_NB": 0, "RT155_SB": 0, "RT157_NB": 0, "RT157_SB": 0, "RT198_NB": 0, "RT198_SB": 0, "RT766_EB": 0, "RT766_WB": 0, "RT777_EB": 0, "RT777_WB": 0, "AWDT23*1.2": 46678, "Total_Users": 46910, "TransitUsersTTL": 232, "TrnstModeShare": 0.49 }, "geometry": { "type": "MultiLineString", "coordinates": [ [ [ -106.550669776023554, 35.091052745320766 ], [ -106.550674628423693, 35.091525554958793 ], [ -106.550682396150904, 35.092282229321803 ], [ -106.550682767124414, 35.092318455199312 ], [ -106.550689127734088, 35.092770034423708 ], [ -106.550715070279111, 35.094612247492357 ] ] ] } },
{ "type": "Feature", "properties": { "fid": 1582, "OBJECTID": 1582, "COGID": 24156, "RTE": "6TH STREET", "LOCAT": " NORTH OF LOMAS - SOUTH OF MOUNTAIN", "LENGTH": 1441.261, "MILES": 0.27300000190734863, "ADT22": 4066, "AWDT22": 4348, "Shape_Length": 1444.0885134175951, "ADT23": 3732, "AWDT23": 4015, "RT1_NB": 0, "RT1_SB": 0, "RT2_NB": 0, "RT2_SB": 0, "RT5_EB": 0, "RT5_WB": 0, "RT8_EB": 0, "RT8_WB": 207, "RT10_NB": 0, "RT10_SB": 0, "RT11_EB": 0, "RT11_WB": 0, "RT16_EB": 0, "RT16_WB": 0, "RT31_NB": 0, "RT31_SB": 0, "RT36": 0, "RT50_NB": 0, "RT50_SB": 0, "RT51_NB": 0, "RT51_SB": 0, "RT53_NB": 0, "RT53_SB": 0, "RT54_EB": 0, "RT54_WB": 0, "RT66_EB": 0, "RT66_WB": 0, "RT97_EB": 0, "RT97_WB": 0, "RT140_NB": 0, "RT140_SB": 0, "RT141_NB": 0, "RT141_SB": 0, "RT155_NB": 0, "RT155_SB": 0, "RT157_NB": 0, "RT157_SB": 0, "RT198_NB": 0, "RT198_SB": 0, "RT766_EB": 0, "RT766_WB": 0, "RT777_EB": 0, "RT777_WB": 0, "AWDT23*1.2": 4818, "Total_Users": 5025, "TransitUsersTTL": 207, "TrnstModeShare": 4.12 }, "geometry": { "type": "MultiLineString", "coordinates": [ [ [ -106.652061326058657, 35.095393032635016 ], [ -106.65220444098064, 35.09465266882129 ], [ -106.65224828490976, 35.094384338718285 ], [ -106.652250725403647, 35.094369401675905 ], [ -106.652422971982205, 35.093394211734697 ], [ -106.652424662277795, 35.093384644422265 ], [ -106.652598589335554, 35.092440445847529 ], [ -106.652605481791085, 35.092403032526157 ], [ -106.65277128680583, 35.091468463705183 ] ] ] } },
{ "type": "Feature", "properties": { "fid": 1583, "OBJECTID": 1583, "COGID": 24160, "RTE": "LOMAS", "LOCAT": " EAST OF 12TH ST. - WEST OF 6TH ST.", "LENGTH": 2086.973, "MILES": 0.39500001072883606, "ADT22": 15486, "AWDT22": 16737, "Shape_Length": 2102.7316933543175, "ADT23": 14395, "AWDT23": 15375, "RT1_NB": 0, "RT1_SB": 0, "RT2_NB": 0, "RT2_SB": 0, "RT5_EB": 0, "RT5_WB": 0, "RT8_EB": 0, "RT8_WB": 0, "RT10_NB": 0, "RT10_SB": 0, "RT11_EB": 0, "RT11_WB": 0, "RT16_EB": 0, "RT16_WB": 0, "RT31_NB": 0, "RT31_SB": 0, "RT36": 19, "RT50_NB": 0, "RT50_SB": 0, "RT51_NB": 0, "RT51_SB": 0, "RT53_NB": 0, "RT53_SB": 0, "RT54_EB": 0, "RT54_WB": 0, "RT66_EB": 0, "RT66_WB": 0, "RT97_EB": 0, "RT97_WB": 0, "RT140_NB": 0, "RT140_SB": 0, "RT141_NB": 0, "RT141_SB": 0, "RT155_NB": 0, "RT155_SB": 0, "RT157_NB": 0, "RT157_SB": 0, "RT198_NB": 0, "RT198_SB": 0, "RT766_EB": 0, "RT766_WB": 0, "RT777_EB": 0, "RT777_WB": 0, "AWDT23*1.2": 18450, "Total_Users": 18469, "TransitUsersTTL": 19, "TrnstModeShare": 0.1 }, "geometry": { "type": "MultiLineString", "coordinates": [ [ [ -106.659729475248739, 35.092188394881603 ], [ -106.658579211417717, 35.092013366876493 ], [ -106.658540152964619, 35.092007091861269 ], [ -106.657140935966609, 35.09178231725484 ], [ -106.657089911322018, 35.091774120390049 ], [ -106.656440615439038, 35.091671408257497 ], [ -106.656403823383371, 35.091666936874702 ], [ -106.655987887782388, 35.091616394858292 ], [ -106.655974352239411, 35.091614749954346 ], [ -106.655247289989745, 35.091554097514042 ], [ -106.655228041669417, 35.091552492352562 ], [ -106.654075632531487, 35.091525146999373 ], [ -106.654066958374543, 35.091524940626002 ], [ -106.653494310973059, 35.091508731952828 ], [ -106.652928931472758, 35.091477704491489 ], [ -106.65277128680583, 35.091468463705183 ] ] ] } },
{ "type": "Feature", "properties": { "fid": 1584, "OBJECTID": 1584, "COGID": 24164, "RTE": "LOMAS", "LOCAT": "EAST OF PAN AM EAST - WEST OF UNIVERSITY", "LENGTH": 2674.004, "MILES": 0.50599998235702515, "ADT22": 23263, "AWDT22": 25142, "Shape_Length": 2655.1307871147028, "ADT23": 24742, "AWDT23": 26425, "RT1_NB": 0, "RT1_SB": 0, "RT2_NB": 0, "RT2_SB": 0, "RT5_EB": 193, "RT5_WB": 198, "RT8_EB": 0, "RT8_WB": 0, "RT10_NB": 0, "RT10_SB": 0, "RT11_EB": 143, "RT11_WB": 174, "RT16_EB": 0, "RT16_WB": 0, "RT31_NB": 0, "RT31_SB": 0, "RT36": 0, "RT50_NB": 0, "RT50_SB": 0, "RT51_NB": 0, "RT51_SB": 0, "RT53_NB": 0, "RT53_SB": 0, "RT54_EB": 0, "RT54_WB": 0, "RT66_EB": 0, "RT66_WB": 0, "RT97_EB": 0, "RT97_WB": 0, "RT140_NB": 0, "RT140_SB": 0, "RT141_NB": 0, "RT141_SB": 0, "RT155_NB": 0, "RT155_SB": 0, "RT157_NB": 0, "RT157_SB": 0, "RT198_NB": 0, "RT198_SB": 0, "RT766_EB": 0, "RT766_WB": 0, "RT777_EB": 0, "RT777_WB": 0, "AWDT23*1.2": 31710, "Total_Users": 32418, "TransitUsersTTL": 708, "TrnstModeShare": 2.18 }, "geometry": { "type": "MultiLineString", "coordinates": [ [ [ -106.633640864905857, 35.091694892093237 ], [ -106.633149760469834, 35.09186507882805 ], [ -106.633051464866142, 35.091890508377737 ], [ -106.632939836637689, 35.091919385644339 ], [ -106.632479369502533, 35.091995109702758 ], [ -106.632179105778548, 35.092009019358684 ], [ -106.631737508297803, 35.091997421370664 ], [ -106.631242929442692, 35.091975647797732 ], [ -106.630789729117936, 35.091953798158549 ], [ -106.630039500214508, 35.091922609685831 ], [ -106.629394961759303, 35.091888691661296 ], [ -106.629098887770454, 35.091864032639435 ], [ -106.628708945547885, 35.091817553455463 ], [ -106.628379250265439, 35.09172130059406 ], [ -106.628082429500509, 35.091607600371134 ], [ -106.627490314366028, 35.091336762760911 ], [ -106.626928161260935, 35.091071492030856 ], [ -106.626006343600253, 35.09063968037082 ], [ -106.625305922518564, 35.090307758983037 ] ] ] } },
{ "type": "Feature", "properties": { "fid": 1585, "OBJECTID": 1585, "COGID": 24168, "RTE": "5TH STREET", "LOCAT": " NORTH OF LOMAS - SOUTH OF MOUNTAIN", "LENGTH": 1452.297, "MILES": 0.27500000596046448, "ADT22": 5220, "AWDT22": 5531, "Shape_Length": 1447.1771555667369, "ADT23": 3425, "AWDT23": 3685, "RT1_NB": 0, "RT1_SB": 0, "RT2_NB": 0, "RT2_SB": 0, "RT5_EB": 0, "RT5_WB": 0, "RT8_EB": 203, "RT8_WB": 0, "RT10_NB": 0, "RT10_SB": 0, "RT11_EB": 0, "RT11_WB": 0, "RT16_EB": 0, "RT16_WB": 0, "RT31_NB": 0, "RT31_SB": 0, "RT36": 0, "RT50_NB": 0, "RT50_SB": 0, "RT51_NB": 0, "RT51_SB": 0, "RT53_NB": 0, "RT53_SB": 0, "RT54_EB": 0, "RT54_WB": 0, "RT66_EB": 0, "RT66_WB": 0, "RT97_EB": 0, "RT97_WB": 0, "RT140_NB": 0, "RT140_SB": 0, "RT141_NB": 0, "RT141_SB": 0, "RT155_NB": 0, "RT155_SB": 0, "RT157_NB": 0, "RT157_SB": 0, "RT198_NB": 0, "RT198_SB": 0, "RT766_EB": 0, "RT766_WB": 0, "RT777_EB": 0, "RT777_WB": 0, "AWDT23*1.2": 4422, "Total_Users": 4625, "TransitUsersTTL": 203, "TrnstModeShare": 4.39 }, "geometry": { "type": "MultiLineString", "coordinates": [ [ [ -106.6515561061548, 35.091339628067288 ], [ -106.651345478682842, 35.092261561968641 ], [ -106.651344600569459, 35.092266343473888 ], [ -106.651170071013141, 35.09321626022971 ], [ -106.651165327228668, 35.093241744653078 ], [ -106.650987179698234, 35.094199054066998 ], [ -106.650984181448891, 35.094214141669255 ], [ -106.65077558945859, 35.095263425487047 ] ] ] } },
{ "type": "Feature", "properties": { "fid": 1587, "OBJECTID": 1587, "COGID": 24176, "RTE": "LOMAS", "LOCAT": "EAST OF PAN AMERICAN WEST - WEST OF PAN AMERICAN EAST", "LENGTH": 596.849, "MILES": 0.11299999803304672, "ADT22": 22386, "AWDT22": 24194, "Shape_Length": 596.84879288979926, "ADT23": 20810, "AWDT23": 22226, "RT1_NB": 0, "RT1_SB": 0, "RT2_NB": 0, "RT2_SB": 0, "RT5_EB": 189, "RT5_WB": 0, "RT8_EB": 0, "RT8_WB": 0, "RT10_NB": 0, "RT10_SB": 0, "RT11_EB": 138, "RT11_WB": 174, "RT16_EB": 0, "RT16_WB": 0, "RT31_NB": 0, "RT31_SB": 0, "RT36": 0, "RT50_NB": 0, "RT50_SB": 0, "RT51_NB": 0, "RT51_SB": 0, "RT53_NB": 0, "RT53_SB": 0, "RT54_EB": 0, "RT54_WB": 0, "RT66_EB": 0, "RT66_WB": 0, "RT97_EB": 0, "RT97_WB": 0, "RT140_NB": 0, "RT140_SB": 0, "RT141_NB": 0, "RT141_SB": 0, "RT155_NB": 0, "RT155_SB": 0, "RT157_NB": 0, "RT157_SB": 0, "RT198_NB": 0, "RT198_SB": 0, "RT766_EB": 0, "RT766_WB": 0, "RT777_EB": 0, "RT777_WB": 0, "AWDT23*1.2": 26671, "Total_Users": 27172, "TransitUsersTTL": 501, "TrnstModeShare": 1.84 }, "geometry": { "type": "MultiLineString", "coordinates": [ [ [ -106.635388837889778, 35.090904215020352 ], [ -106.634701898311391, 35.091214950244222 ], [ -106.63436784905943, 35.091366053762613 ], [ -106.633640864905857, 35.091694892093237 ] ] ] } },
{ "type": "Feature", "properties": { "fid": 1588, "OBJECTID": 1588, "COGID": 24184, "RTE": "4TH STREET", "LOCAT": " NORTH OF LOMAS - SOUTH OF MOUNTAIN", "LENGTH": 1453.832, "MILES": 0.27500000596046448, "ADT22": 5562, "AWDT22": 5894, "Shape_Length": 1441.0868849372284, "ADT23": 5032, "AWDT23": 5414, "RT1_NB": 0, "RT1_SB": 0, "RT2_NB": 0, "RT2_SB": 0, "RT5_EB": 0, "RT5_WB": 0, "RT8_EB": 0, "RT8_WB": 0, "RT10_NB": 222, "RT10_SB": 235, "RT11_EB": 0, "RT11_WB": 0, "RT16_EB": 0, "RT16_WB": 0, "RT31_NB": 0, "RT31_SB": 0, "RT36": 0, "RT50_NB": 0, "RT50_SB": 0, "RT51_NB": 0, "RT51_SB": 0, "RT53_NB": 0, "RT53_SB": 0, "RT54_EB": 0, "RT54_WB": 0, "RT66_EB": 0, "RT66_WB": 0, "RT97_EB": 0, "RT97_WB": 0, "RT140_NB": 0, "RT140_SB": 0, "RT141_NB": 0, "RT141_SB": 0, "RT155_NB": 0, "RT155_SB": 0, "RT157_NB": 0, "RT157_SB": 0, "RT198_NB": 0, "RT198_SB": 0, "RT766_EB": 0, "RT766_WB": 0, "RT777_EB": 0, "RT777_WB": 0, "AWDT23*1.2": 6497, "Total_Users": 6954, "TransitUsersTTL": 457, "TrnstModeShare": 6.57 }, "geometry": { "type": "MultiLineString", "coordinates": [ [ [ -106.650343477132679, 35.091184110450826 ], [ -106.650162862749369, 35.092102959462231 ], [ -106.649980804771474, 35.093052665946445 ], [ -106.649973712723721, 35.093089666010748 ], [ -106.649791727610747, 35.094039222190503 ], [ -106.649788978140407, 35.094053415605032 ], [ -106.649587285268666, 35.095094566148539 ] ] ] } },
{ "type": "Feature", "properties": { "fid": 1589, "OBJECTID": 1589, "COGID": 24188, "RTE": "LOMAS", "LOCAT": " EAST OF 6TH ST. - WEST OF 5TH ST.", "LENGTH": 363.023, "MILES": 0.068999998271465302, "ADT22": 19552, "AWDT22": 21131, "Shape_Length": 366.53799275668143, "ADT23": 18175, "AWDT23": 19412, "RT1_NB": 0, "RT1_SB": 0, "RT2_NB": 0, "RT2_SB": 0, "RT5_EB": 0, "RT5_WB": 0, "RT8_EB": 0, "RT8_WB": 0, "RT10_NB": 0, "RT10_SB": 0, "RT11_EB": 0, "RT11_WB": 0, "RT16_EB": 0, "RT16_WB": 0, "RT31_NB": 0, "RT31_SB": 0, "RT36": 20, "RT50_NB": 0, "RT50_SB": 0, "RT51_NB": 0, "RT51_SB": 0, "RT53_NB": 0, "RT53_SB": 0, "RT54_EB": 0, "RT54_WB": 0, "RT66_EB": 0, "RT66_WB": 0, "RT97_EB": 0, "RT97_WB": 0, "RT140_NB": 0, "RT140_SB": 0, "RT141_NB": 0, "RT141_SB": 0, "RT155_NB": 0, "RT155_SB": 0, "RT157_NB": 0, "RT157_SB": 0, "RT198_NB": 0, "RT198_SB": 0, "RT766_EB": 0, "RT766_WB": 0, "RT777_EB": 0, "RT777_WB": 0, "AWDT23*1.2": 23294, "Total_Users": 23314, "TransitUsersTTL": 20, "TrnstModeShare": 0.09 }, "geometry": { "type": "MultiLineString", "coordinates": [ [ [ -106.65277128680583, 35.091468463705183 ], [ -106.652166221062572, 35.09140869188397 ], [ -106.6515561061548, 35.091339628067288 ] ] ] } },
{ "type": "Feature", "properties": { "fid": 1591, "OBJECTID": 1591, "COGID": 24204, "RTE": "3RD STREET", "LOCAT": " NORTH OF LOMAS - SOUTH OF MOUNTAIN", "LENGTH": 1452.301, "MILES": 0.27500000596046448, "ADT22": 3523, "AWDT22": 3807, "Shape_Length": 1446.7102888420918, "ADT23": 3236, "AWDT23": 3497, "RT1_NB": 0, "RT1_SB": 0, "RT2_NB": 0, "RT2_SB": 0, "RT5_EB": 0, "RT5_WB": 226, "RT8_EB": 0, "RT8_WB": 0, "RT10_NB": 0, "RT10_SB": 0, "RT11_EB": 0, "RT11_WB": 0, "RT16_EB": 0, "RT16_WB": 0, "RT31_NB": 0, "RT31_SB": 0, "RT36": 0, "RT50_NB": 0, "RT50_SB": 0, "RT51_NB": 0, "RT51_SB": 0, "RT53_NB": 0, "RT53_SB": 0, "RT54_EB": 0, "RT54_WB": 0, "RT66_EB": 0, "RT66_WB": 0, "RT97_EB": 0, "RT97_WB": 0, "RT140_NB": 0, "RT140_SB": 0, "RT141_NB": 0, "RT141_SB": 0, "RT155_NB": 0, "RT155_SB": 0, "RT157_NB": 0, "RT157_SB": 0, "RT198_NB": 0, "RT198_SB": 0, "RT766_EB": 0, "RT766_WB": 0, "RT777_EB": 0, "RT777_WB": 0, "AWDT23*1.2": 4196, "Total_Users": 4422, "TransitUsersTTL": 226, "TrnstModeShare": 5.11 }, "geometry": { "type": "MultiLineString", "coordinates": [ [ [ -106.648405113995665, 35.094958678051093 ], [ -106.648598891175183, 35.093903873181674 ], [ -106.648602496267785, 35.093884255646948 ], [ -106.648790396412608, 35.092931733979313 ], [ -106.648795435684022, 35.092906194586135 ], [ -106.648982233358524, 35.09191962284121 ], [ -106.648989657202605, 35.091880416782118 ], [ -106.649162970932608, 35.09103286772492 ] ] ] } },
{ "type": "Feature", "properties": { "fid": 1592, "OBJECTID": 1592, "COGID": 24208, "RTE": "LOMAS", "LOCAT": " EAST OF 4TH ST. - WEST OF 3RD ST.", "LENGTH": 367.38, "MILES": 0.070000000298023224, "ADT22": 19583, "AWDT22": 21165, "Shape_Length": 357.40550827846579, "ADT23": 18204, "AWDT23": 19443, "RT1_NB": 0, "RT1_SB": 0, "RT2_NB": 0, "RT2_SB": 0, "RT5_EB": 0, "RT5_WB": 0, "RT8_EB": 0, "RT8_WB": 0, "RT10_NB": 231, "RT10_SB": 229, "RT11_EB": 0, "RT11_WB": 0, "RT16_EB": 0, "RT16_WB": 0, "RT31_NB": 0, "RT31_SB": 0, "RT36": 0, "RT50_NB": 0, "RT50_SB": 0, "RT51_NB": 0, "RT51_SB": 0, "RT53_NB": 0, "RT53_SB": 0, "RT54_EB": 0, "RT54_WB": 0, "RT66_EB": 0, "RT66_WB": 0, "RT97_EB": 0, "RT97_WB": 0, "RT140_NB": 0, "RT140_SB": 0, "RT141_NB": 0, "RT141_SB": 0, "RT155_NB": 0, "RT155_SB": 0, "RT157_NB": 0, "RT157_SB": 0, "RT198_NB": 0, "RT198_SB": 0, "RT766_EB": 0, "RT766_WB": 0, "RT777_EB": 0, "RT777_WB": 0, "AWDT23*1.2": 23332, "Total_Users": 23792, "TransitUsersTTL": 460, "TrnstModeShare": 1.93 }, "geometry": { "type": "MultiLineString", "coordinates": [ [ [ -106.650343477132679, 35.091184110450826 ], [ -106.649162970932608, 35.09103286772492 ] ] ] } },
{ "type": "Feature", "properties": { "fid": 1595, "OBJECTID": 1595, "COGID": 24224, "RTE": "2ND STREET", "LOCAT": " NORTH OF LOMAS - SOUTH OF MOUNTAIN", "LENGTH": 1453.354, "MILES": 0.27500000596046448, "ADT22": 4187, "AWDT22": 4509, "Shape_Length": 1450.9157177274315, "ADT23": 5105, "AWDT23": 5452, "RT1_NB": 0, "RT1_SB": 0, "RT2_NB": 0, "RT2_SB": 0, "RT5_EB": 179, "RT5_WB": 0, "RT8_EB": 0, "RT8_WB": 0, "RT10_NB": 0, "RT10_SB": 0, "RT11_EB": 0, "RT11_WB": 0, "RT16_EB": 0, "RT16_WB": 0, "RT31_NB": 0, "RT31_SB": 0, "RT36": 0, "RT50_NB": 0, "RT50_SB": 0, "RT51_NB": 0, "RT51_SB": 0, "RT53_NB": 0, "RT53_SB": 0, "RT54_EB": 0, "RT54_WB": 0, "RT66_EB": 0, "RT66_WB": 0, "RT97_EB": 0, "RT97_WB": 0, "RT140_NB": 0, "RT140_SB": 0, "RT141_NB": 0, "RT141_SB": 0, "RT155_NB": 0, "RT155_SB": 0, "RT157_NB": 0, "RT157_SB": 0, "RT198_NB": 0, "RT198_SB": 0, "RT766_EB": 0, "RT766_WB": 0, "RT777_EB": 0, "RT777_WB": 0, "AWDT23*1.2": 6542, "Total_Users": 6721, "TransitUsersTTL": 179, "TrnstModeShare": 2.66 }, "geometry": { "type": "MultiLineString", "coordinates": [ [ [ -106.647965934602098, 35.090880746455525 ], [ -106.647801815269489, 35.091728582814447 ], [ -106.64779747352253, 35.091751007168178 ], [ -106.647610571942607, 35.092720847448192 ], [ -106.647609875480356, 35.092724460048842 ], [ -106.647422964094289, 35.093686842217153 ], [ -106.647214332079926, 35.09481912058169 ] ] ] } },
{ "type": "Feature", "properties": { "fid": 1596, "OBJECTID": 1596, "COGID": 24228, "RTE": "LOMAS", "LOCAT": " EAST OF 3RD ST. - WEST OF 2ND ST.", "LENGTH": 355.375, "MILES": 0.067000001668930054, "ADT22": 20869, "AWDT22": 22554, "Shape_Length": 362.34153675301383, "ADT23": 19399, "AWDT23": 20719, "RT1_NB": 0, "RT1_SB": 0, "RT2_NB": 0, "RT2_SB": 0, "RT5_EB": 0, "RT5_WB": 225, "RT8_EB": 0, "RT8_WB": 0, "RT10_NB": 227, "RT10_SB": 229, "RT11_EB": 0, "RT11_WB": 0, "RT16_EB": 0, "RT16_WB": 0, "RT31_NB": 0, "RT31_SB": 0, "RT36": 0, "RT50_NB": 0, "RT50_SB": 0, "RT51_NB": 0, "RT51_SB": 0, "RT53_NB": 0, "RT53_SB": 0, "RT54_EB": 0, "RT54_WB": 0, "RT66_EB": 0, "RT66_WB": 0, "RT97_EB": 0, "RT97_WB": 0, "RT140_NB": 0, "RT140_SB": 0, "RT141_NB": 0, "RT141_SB": 0, "RT155_NB": 0, "RT155_SB": 0, "RT157_NB": 0, "RT157_SB": 0, "RT198_NB": 0, "RT198_SB": 0, "RT766_EB": 0, "RT766_WB": 0, "RT777_EB": 0, "RT777_WB": 0, "AWDT23*1.2": 24863, "Total_Users": 25544, "TransitUsersTTL": 681, "TrnstModeShare": 2.67 }, "geometry": { "type": "MultiLineString", "coordinates": [ [ [ -106.649162970932608, 35.09103286772492 ], [ -106.647965934602098, 35.090880746455525 ] ] ] } },
{ "type": "Feature", "properties": { "fid": 1598, "OBJECTID": 1598, "COGID": 24244, "RTE": "WYOMING", "LOCAT": "NORTH OF I-40 SOUTH RAMPS - SOUTH OF I-40 NORTH RAMPS", "LENGTH": 566.875, "MILES": 0.10700000077486038, "ADT22": 33330, "AWDT22": 36022, "Shape_Length": 650.58766203932964, "ADT23": 35448, "AWDT23": 37860, "RT1_NB": 0, "RT1_SB": 0, "RT2_NB": 0, "RT2_SB": 0, "RT5_EB": 0, "RT5_WB": 0, "RT8_EB": 0, "RT8_WB": 0, "RT10_NB": 0, "RT10_SB": 0, "RT11_EB": 0, "RT11_WB": 0, "RT16_EB": 0, "RT16_WB": 0, "RT31_NB": 113, "RT31_SB": 116, "RT36": 0, "RT50_NB": 0, "RT50_SB": 0, "RT51_NB": 0, "RT51_SB": 0, "RT53_NB": 0, "RT53_SB": 0, "RT54_EB": 0, "RT54_WB": 0, "RT66_EB": 0, "RT66_WB": 0, "RT97_EB": 0, "RT97_WB": 0, "RT140_NB": 0, "RT140_SB": 0, "RT141_NB": 0, "RT141_SB": 0, "RT155_NB": 0, "RT155_SB": 0, "RT157_NB": 0, "RT157_SB": 0, "RT198_NB": 0, "RT198_SB": 0, "RT766_EB": 0, "RT766_WB": 0, "RT777_EB": 0, "RT777_WB": 0, "AWDT23*1.2": 45432, "Total_Users": 45661, "TransitUsersTTL": 229, "TrnstModeShare": 0.5 }, "geometry": { "type": "MultiLineString", "coordinates": [ [ [ -106.550642062070736, 35.089265317936047 ], [ -106.550646227446279, 35.089502901679275 ], [ -106.550652707523327, 35.089952813126423 ], [ -106.550658354592485, 35.090344868459979 ], [ -106.550665015976833, 35.090807378141172 ], [ -106.550669776023554, 35.091052745320766 ] ] ] } },
{ "type": "Feature", "properties": { "fid": 1600, "OBJECTID": 1600, "COGID": 24276, "RTE": "BROADWAY", "LOCAT": " NORTH OF LOMAS - SOUTH OF MOUNTAIN", "LENGTH": 1496.105, "MILES": 0.28299999237060547, "ADT22": 11121, "AWDT22": 12019, "Shape_Length": 1499.3223751601768, "ADT23": 10338, "AWDT23": 11041, "RT1_NB": 0, "RT1_SB": 0, "RT2_NB": 0, "RT2_SB": 0, "RT5_EB": 0, "RT5_WB": 0, "RT8_EB": 0, "RT8_WB": 0, "RT10_NB": 0, "RT10_SB": 0, "RT11_EB": 0, "RT11_WB": 0, "RT16_EB": 23, "RT16_WB": 24, "RT31_NB": 0, "RT31_SB": 0, "RT36": 0, "RT50_NB": 0, "RT50_SB": 0, "RT51_NB": 0, "RT51_SB": 0, "RT53_NB": 0, "RT53_SB": 0, "RT54_EB": 0, "RT54_WB": 0, "RT66_EB": 0, "RT66_WB": 0, "RT97_EB": 0, "RT97_WB": 0, "RT140_NB": 0, "RT140_SB": 0, "RT141_NB": 0, "RT141_SB": 0, "RT155_NB": 0, "RT155_SB": 0, "RT157_NB": 0, "RT157_SB": 0, "RT198_NB": 0, "RT198_SB": 0, "RT766_EB": 0, "RT766_WB": 0, "RT777_EB": 0, "RT777_WB": 0, "AWDT23*1.2": 13249, "Total_Users": 13296, "TransitUsersTTL": 47, "TrnstModeShare": 0.35 }, "geometry": { "type": "MultiLineString", "coordinates": [ [ [ -106.643306788304585, 35.090278322399158 ], [ -106.643044026896405, 35.091822555354604 ], [ -106.6430427308768, 35.091830171422124 ], [ -106.642811950759778, 35.093067040660841 ], [ -106.642733859879201, 35.09348556667176 ], [ -106.642733546557622, 35.093487242585269 ], [ -106.642568348619548, 35.094352817575604 ] ] ] } },
{ "type": "Feature", "properties": { "fid": 1601, "OBJECTID": 1601, "COGID": 24280, "RTE": "LOMAS", "LOCAT": " EAST OF 2ND ST. - WEST OF BROADWAY", "LENGTH": 1402.898, "MILES": 0.26600000262260437, "ADT22": 20749, "AWDT22": 22425, "Shape_Length": 1410.9061362267685, "ADT23": 19288, "AWDT23": 20600, "RT1_NB": 0, "RT1_SB": 0, "RT2_NB": 0, "RT2_SB": 0, "RT5_EB": 0, "RT5_WB": 0, "RT8_EB": 0, "RT8_WB": 0, "RT10_NB": 0, "RT10_SB": 0, "RT11_EB": 126, "RT11_WB": 153, "RT16_EB": 0, "RT16_WB": 0, "RT31_NB": 0, "RT31_SB": 0, "RT36": 0, "RT50_NB": 0, "RT50_SB": 0, "RT51_NB": 0, "RT51_SB": 0, "RT53_NB": 0, "RT53_SB": 0, "RT54_EB": 0, "RT54_WB": 0, "RT66_EB": 0, "RT66_WB": 0, "RT97_EB": 0, "RT97_WB": 0, "RT140_NB": 0, "RT140_SB": 0, "RT141_NB": 0, "RT141_SB": 0, "RT155_NB": 0, "RT155_SB": 0, "RT157_NB": 0, "RT157_SB": 0, "RT198_NB": 0, "RT198_SB": 0, "RT766_EB": 0, "RT766_WB": 0, "RT777_EB": 0, "RT777_WB": 0, "AWDT23*1.2": 24720, "Total_Users": 24999, "TransitUsersTTL": 279, "TrnstModeShare": 1.12 }, "geometry": { "type": "MultiLineString", "coordinates": [ [ [ -106.647965934602098, 35.090880746455525 ], [ -106.64678015534966, 35.090727284732637 ], [ -106.646767747773723, 35.090725678378284 ], [ -106.64584936454925, 35.090606312260434 ], [ -106.645823729626997, 35.090602980339561 ], [ -106.645117243655406, 35.090513791535848 ], [ -106.644934245075106, 35.090490688504865 ], [ -106.644456084443263, 35.090428295863951 ], [ -106.643306788304585, 35.090278322399158 ] ] ] } },
{ "type": "Feature", "properties": { "fid": 1602, "OBJECTID": 1602, "COGID": 24284, "RTE": "UNIVERSITY", "LOCAT": " NORTH OF LOMAS - SOUTH OF INDIAN SCHOOL", "LENGTH": 3247.667, "MILES": 0.61500000953674316, "ADT22": 16053, "AWDT22": 17010, "Shape_Length": 3238.1558365718911, "ADT23": 16872, "AWDT23": 17878, "RT1_NB": 0, "RT1_SB": 0, "RT2_NB": 0, "RT2_SB": 0, "RT5_EB": 0, "RT5_WB": 0, "RT8_EB": 0, "RT8_WB": 0, "RT10_NB": 0, "RT10_SB": 0, "RT11_EB": 0, "RT11_WB": 0, "RT16_EB": 40, "RT16_WB": 33, "RT31_NB": 0, "RT31_SB": 0, "RT36": 0, "RT50_NB": 0, "RT50_SB": 0, "RT51_NB": 0, "RT51_SB": 0, "RT53_NB": 0, "RT53_SB": 0, "RT54_EB": 0, "RT54_WB": 0, "RT66_EB": 0, "RT66_WB": 0, "RT97_EB": 0, "RT97_WB": 0, "RT140_NB": 0, "RT140_SB": 0, "RT141_NB": 0, "RT141_SB": 0, "RT155_NB": 0, "RT155_SB": 0, "RT157_NB": 0, "RT157_SB": 0, "RT198_NB": 0, "RT198_SB": 0, "RT766_EB": 0, "RT766_WB": 0, "RT777_EB": 0, "RT777_WB": 0, "AWDT23*1.2": 21454, "Total_Users": 21527, "TransitUsersTTL": 73, "TrnstModeShare": 0.34 }, "geometry": { "type": "MultiLineString", "coordinates": [ [ [ -106.625305922518564, 35.090307758983037 ], [ -106.625295157379355, 35.090843866876973 ], [ -106.625304966910733, 35.091262124436788 ], [ -106.625323174248066, 35.091409609861309 ], [ -106.625342201649261, 35.091563714817305 ], [ -106.625352952938755, 35.091650791679463 ], [ -106.625367449439509, 35.09176821158384 ], [ -106.625462644116098, 35.092173864715953 ], [ -106.625574083686701, 35.092475390145886 ], [ -106.625713537067668, 35.092819304228478 ], [ -106.625801997045187, 35.093055667858955 ], [ -106.625862536160341, 35.093203691727702 ], [ -106.626094084715035, 35.093788664026746 ], [ -106.62618090561979, 35.093996034480803 ], [ -106.626303665389216, 35.094305068271709 ], [ -106.626401275538711, 35.09459145256438 ], [ -106.626448153100441, 35.0947383114598 ], [ -106.626493824992224, 35.094870993322132 ], [ -106.626560000666828, 35.095188801444927 ], [ -106.626618629849375, 35.096045223898585 ], [ -106.626639359502391, 35.096467819093604 ], [ -106.626657846145747, 35.096681921558655 ], [ -106.626700207877875, 35.097013419919797 ], [ -106.626748899848224, 35.097248841605037 ], [ -106.62689218001529, 35.097747879384215 ], [ -106.626973374443537, 35.097948230769731 ], [ -106.627103110677879, 35.098267798738433 ], [ -106.627212821266227, 35.098523944076938 ], [ -106.627374288452671, 35.098975700204939 ] ] ] } },
{ "type": "Feature", "properties": { "fid": 1604, "OBJECTID": 1604, "COGID": 24320, "RTE": "LOMAS", "LOCAT": "EAST OF BROADWAY - WEST OF PAN AMERICAN WEST", "LENGTH": 2479.477, "MILES": 0.4699999988079071, "ADT22": 20219, "AWDT22": 21852, "Shape_Length": 2467.5665141731929, "ADT23": 18795, "AWDT23": 20074, "RT1_NB": 0, "RT1_SB": 0, "RT2_NB": 0, "RT2_SB": 0, "RT5_EB": 0, "RT5_WB": 0, "RT8_EB": 0, "RT8_WB": 0, "RT10_NB": 0, "RT10_SB": 0, "RT11_EB": 138, "RT11_WB": 160, "RT16_EB": 0, "RT16_WB": 0, "RT31_NB": 0, "RT31_SB": 0, "RT36": 0, "RT50_NB": 0, "RT50_SB": 0, "RT51_NB": 0, "RT51_SB": 0, "RT53_NB": 0, "RT53_SB": 0, "RT54_EB": 0, "RT54_WB": 0, "RT66_EB": 0, "RT66_WB": 0, "RT97_EB": 0, "RT97_WB": 0, "RT140_NB": 0, "RT140_SB": 0, "RT141_NB": 0, "RT141_SB": 0, "RT155_NB": 0, "RT155_SB": 0, "RT157_NB": 0, "RT157_SB": 0, "RT198_NB": 0, "RT198_SB": 0, "RT766_EB": 0, "RT766_WB": 0, "RT777_EB": 0, "RT777_WB": 0, "AWDT23*1.2": 24089, "Total_Users": 24387, "TransitUsersTTL": 298, "TrnstModeShare": 1.22 }, "geometry": { "type": "MultiLineString", "coordinates": [ [ [ -106.643306788304585, 35.090278322399158 ], [ -106.642070017905709, 35.090120455528883 ], [ -106.640469999846331, 35.089916200942596 ], [ -106.639577886283007, 35.089807264075944 ], [ -106.639119362546438, 35.089784966834145 ], [ -106.638520809958024, 35.089826384189465 ], [ -106.638469493526827, 35.089835342275862 ], [ -106.637917310510332, 35.089931731954167 ], [ -106.637737194395314, 35.08997032050727 ], [ -106.637416272276297, 35.09005475322332 ], [ -106.637127844464501, 35.090164892662258 ], [ -106.636049390728985, 35.090619448749273 ], [ -106.635388837889778, 35.090904215020352 ] ] ] } },
{ "type": "Feature", "properties": { "fid": 1605, "OBJECTID": 1605, "COGID": 24344, "RTE": "CENTRAL", "LOCAT": " EAST OF SUNSET - WEST OF TINGLEY", "LENGTH": 1833.948, "MILES": 0.34700000286102295, "ADT22": 30493, "AWDT22": 32956, "Shape_Length": 1785.9618803696919, "ADT23": 28012, "AWDT23": 30275, "RT1_NB": 0, "RT1_SB": 0, "RT2_NB": 0, "RT2_SB": 0, "RT5_EB": 0, "RT5_WB": 0, "RT8_EB": 0, "RT8_WB": 0, "RT10_NB": 0, "RT10_SB": 0, "RT11_EB": 0, "RT11_WB": 0, "RT16_EB": 0, "RT16_WB": 0, "RT31_NB": 0, "RT31_SB": 0, "RT36": 0, "RT50_NB": 0, "RT50_SB": 0, "RT51_NB": 0, "RT51_SB": 0, "RT53_NB": 0, "RT53_SB": 0, "RT54_EB": 0, "RT54_WB": 0, "RT66_EB": 254, "RT66_WB": 289, "RT97_EB": 0, "RT97_WB": 0, "RT140_NB": 0, "RT140_SB": 0, "RT141_NB": 0, "RT141_SB": 0, "RT155_NB": 0, "RT155_SB": 0, "RT157_NB": 0, "RT157_SB": 0, "RT198_NB": 0, "RT198_SB": 0, "RT766_EB": 377, "RT766_WB": 433, "RT777_EB": 385, "RT777_WB": 418, "AWDT23*1.2": 36330, "Total_Users": 38486, "TransitUsersTTL": 2156, "TrnstModeShare": 5.6 }, "geometry": { "type": "MultiLineString", "coordinates": [ [ [ -106.682793657220415, 35.087161578426866 ], [ -106.68233757012716, 35.087576805002143 ], [ -106.682263938181805, 35.087643839840077 ], [ -106.681987316907026, 35.087975133763607 ], [ -106.681309982943603, 35.088740591284719 ], [ -106.681111893917262, 35.088957317781762 ], [ -106.679638528022394, 35.090582561941318 ], [ -106.679634265520008, 35.090587263690345 ], [ -106.679194244870288, 35.091072628248796 ] ] ] } },
{ "type": "Feature", "properties": { "fid": 1607, "OBJECTID": 1607, "COGID": 24356, "RTE": "LOMAS", "LOCAT": " EAST OF UNIVERSITY - WEST OF YALE", "LENGTH": 1108.725, "MILES": 0.20999999344348907, "ADT22": 25891, "AWDT22": 27982, "Shape_Length": 1122.8207382924634, "ADT23": 27536, "AWDT23": 29410, "RT1_NB": 0, "RT1_SB": 0, "RT2_NB": 0, "RT2_SB": 0, "RT5_EB": 202, "RT5_WB": 209, "RT8_EB": 0, "RT8_WB": 0, "RT10_NB": 0, "RT10_SB": 0, "RT11_EB": 144, "RT11_WB": 180, "RT16_EB": 0, "RT16_WB": 0, "RT31_NB": 0, "RT31_SB": 0, "RT36": 0, "RT50_NB": 0, "RT50_SB": 0, "RT51_NB": 0, "RT51_SB": 0, "RT53_NB": 0, "RT53_SB": 0, "RT54_EB": 0, "RT54_WB": 0, "RT66_EB": 0, "RT66_WB": 0, "RT97_EB": 0, "RT97_WB": 0, "RT140_NB": 0, "RT140_SB": 0, "RT141_NB": 0, "RT141_SB": 0, "RT155_NB": 0, "RT155_SB": 0, "RT157_NB": 0, "RT157_SB": 0, "RT198_NB": 0, "RT198_SB": 0, "RT766_EB": 0, "RT766_WB": 0, "RT777_EB": 0, "RT777_WB": 0, "AWDT23*1.2": 35292, "Total_Users": 36027, "TransitUsersTTL": 735, "TrnstModeShare": 2.04 }, "geometry": { "type": "MultiLineString", "coordinates": [ [ [ -106.625305922518564, 35.090307758983037 ], [ -106.624558114981596, 35.08996360744446 ], [ -106.624049406891587, 35.089732187123467 ], [ -106.624016319940495, 35.089717133943665 ], [ -106.623421110075441, 35.089439927883106 ], [ -106.622023221320049, 35.088812073847294 ] ] ] } },
{ "type": "Feature", "properties": { "fid": 1610, "OBJECTID": 1610, "COGID": 24372, "RTE": "6TH STREET", "LOCAT": " NORTH OF MARQUETTE - SOUTH OF LOMAS", "LENGTH": 1103.846, "MILES": 0.20900000631809235, "ADT22": 4479, "AWDT22": 4746, "Shape_Length": 1106.7117983700125, "ADT23": 4053, "AWDT23": 4360, "RT1_NB": 0, "RT1_SB": 0, "RT2_NB": 0, "RT2_SB": 0, "RT5_EB": 0, "RT5_WB": 0, "RT8_EB": 0, "RT8_WB": 203, "RT10_NB": 0, "RT10_SB": 0, "RT11_EB": 0, "RT11_WB": 0, "RT16_EB": 0, "RT16_WB": 0, "RT31_NB": 0, "RT31_SB": 0, "RT36": 18, "RT50_NB": 0, "RT50_SB": 0, "RT51_NB": 0, "RT51_SB": 0, "RT53_NB": 0, "RT53_SB": 0, "RT54_EB": 0, "RT54_WB": 0, "RT66_EB": 0, "RT66_WB": 0, "RT97_EB": 0, "RT97_WB": 0, "RT140_NB": 0, "RT140_SB": 0, "RT141_NB": 0, "RT141_SB": 0, "RT155_NB": 0, "RT155_SB": 0, "RT157_NB": 0, "RT157_SB": 0, "RT198_NB": 0, "RT198_SB": 0, "RT766_EB": 0, "RT766_WB": 0, "RT777_EB": 0, "RT777_WB": 0, "AWDT23*1.2": 5232, "Total_Users": 5453, "TransitUsersTTL": 221, "TrnstModeShare": 4.05 }, "geometry": { "type": "MultiLineString", "coordinates": [ [ [ -106.65277128680583, 35.091468463705183 ], [ -106.65295145056497, 35.090457314394534 ], [ -106.652955608677743, 35.090433978196849 ], [ -106.65313490812126, 35.089440869397386 ], [ -106.653135971206396, 35.089434924388534 ], [ -106.653310272025593, 35.088460096135123 ] ] ] } },
{ "type": "Feature", "properties": { "fid": 1613, "OBJECTID": 1613, "COGID": 24384, "RTE": "5TH STREET", "LOCAT": " NORTH OF MARQUETTE - SOUTH OF LOMAS", "LENGTH": 1113.834, "MILES": 0.210999995470047, "ADT22": 4531, "AWDT22": 4846, "Shape_Length": 1109.8792450792128, "ADT23": 4012, "AWDT23": 4316, "RT1_NB": 0, "RT1_SB": 0, "RT2_NB": 0, "RT2_SB": 0, "RT5_EB": 0, "RT5_WB": 0, "RT8_EB": 201, "RT8_WB": 0, "RT10_NB": 0, "RT10_SB": 0, "RT11_EB": 0, "RT11_WB": 0, "RT16_EB": 0, "RT16_WB": 0, "RT31_NB": 0, "RT31_SB": 0, "RT36": 20, "RT50_NB": 0, "RT50_SB": 0, "RT51_NB": 0, "RT51_SB": 0, "RT53_NB": 0, "RT53_SB": 0, "RT54_EB": 0, "RT54_WB": 0, "RT66_EB": 0, "RT66_WB": 0, "RT97_EB": 0, "RT97_WB": 0, "RT140_NB": 0, "RT140_SB": 0, "RT141_NB": 0, "RT141_SB": 0, "RT155_NB": 0, "RT155_SB": 0, "RT157_NB": 0, "RT157_SB": 0, "RT198_NB": 0, "RT198_SB": 0, "RT766_EB": 0, "RT766_WB": 0, "RT777_EB": 0, "RT777_WB": 0, "AWDT23*1.2": 5179, "Total_Users": 5400, "TransitUsersTTL": 221, "TrnstModeShare": 4.09 }, "geometry": { "type": "MultiLineString", "coordinates": [ [ [ -106.65211663542955, 35.088325278909849 ], [ -106.65193844131484, 35.089294023700155 ], [ -106.651937109261652, 35.089301272189694 ], [ -106.651766982243984, 35.090295801138673 ], [ -106.651764779707975, 35.090306700688082 ], [ -106.6515561061548, 35.091339628067288 ] ] ] } },
{ "type": "Feature", "properties": { "fid": 1617, "OBJECTID": 1617, "COGID": 24400, "RTE": "BROADWAY", "LOCAT": " NORTH OF MARTIN LUTHER KING JR - SOUTH OF LOMAS", "LENGTH": 1467.454, "MILES": 0.27799999713897705, "ADT22": 12198, "AWDT22": 13184, "Shape_Length": 1472.7701959136507, "ADT23": 11340, "AWDT23": 12112, "RT1_NB": 0, "RT1_SB": 0, "RT2_NB": 0, "RT2_SB": 0, "RT5_EB": 0, "RT5_WB": 0, "RT8_EB": 0, "RT8_WB": 0, "RT10_NB": 0, "RT10_SB": 0, "RT11_EB": 0, "RT11_WB": 0, "RT16_EB": 21, "RT16_WB": 23, "RT31_NB": 0, "RT31_SB": 0, "RT36": 0, "RT50_NB": 0, "RT50_SB": 0, "RT51_NB": 0, "RT51_SB": 0, "RT53_NB": 0, "RT53_SB": 0, "RT54_EB": 0, "RT54_WB": 0, "RT66_EB": 0, "RT66_WB": 0, "RT97_EB": 0, "RT97_WB": 0, "RT140_NB": 0, "RT140_SB": 0, "RT141_NB": 0, "RT141_SB": 0, "RT155_NB": 0, "RT155_SB": 0, "RT157_NB": 0, "RT157_SB": 0, "RT198_NB": 0, "RT198_SB": 0, "RT766_EB": 0, "RT766_WB": 0, "RT777_EB": 0, "RT777_WB": 0, "AWDT23*1.2": 14534, "Total_Users": 14578, "TransitUsersTTL": 44, "TrnstModeShare": 0.3 }, "geometry": { "type": "MultiLineString", "coordinates": [ [ [ -106.644115780760941, 35.086286811343143 ], [ -106.643904126321956, 35.087275730871525 ], [ -106.643709450470325, 35.088240439421988 ], [ -106.643518473499398, 35.089237738371317 ], [ -106.643306788304585, 35.090278322399158 ] ] ] } },
{ "type": "Feature", "properties": { "fid": 1621, "OBJECTID": 1621, "COGID": 24420, "RTE": "CENTRAL", "LOCAT": "SOUTHEAST OF LOMAS - NORTHWEST OF TIJERAS", "LENGTH": 2557.167, "MILES": 0.48399999737739563, "ADT22": 9038, "AWDT22": 9768, "Shape_Length": 2589.405757942292, "ADT23": 8401, "AWDT23": 8973, "RT1_NB": 0, "RT1_SB": 0, "RT2_NB": 0, "RT2_SB": 0, "RT5_EB": 0, "RT5_WB": 0, "RT8_EB": 0, "RT8_WB": 0, "RT10_NB": 0, "RT10_SB": 0, "RT11_EB": 0, "RT11_WB": 0, "RT16_EB": 0, "RT16_WB": 0, "RT31_NB": 0, "RT31_SB": 0, "RT36": 0, "RT50_NB": 0, "RT50_SB": 0, "RT51_NB": 0, "RT51_SB": 0, "RT53_NB": 0, "RT53_SB": 0, "RT54_EB": 0, "RT54_WB": 0, "RT66_EB": 266, "RT66_WB": 318, "RT97_EB": 0, "RT97_WB": 0, "RT140_NB": 0, "RT140_SB": 0, "RT141_NB": 0, "RT141_SB": 0, "RT155_NB": 0, "RT155_SB": 0, "RT157_NB": 0, "RT157_SB": 0, "RT198_NB": 0, "RT198_SB": 0, "RT766_EB": 427, "RT766_WB": 464, "RT777_EB": 429, "RT777_WB": 451, "AWDT23*1.2": 10768, "Total_Users": 13123, "TransitUsersTTL": 2355, "TrnstModeShare": 17.95 }, "geometry": { "type": "MultiLineString", "coordinates": [ [ [ -106.668773210493313, 35.093649608614257 ], [ -106.668808350991625, 35.09353176219129 ], [ -106.66878849112183, 35.093450157480518 ], [ -106.668770763860579, 35.093362630075255 ], [ -106.668701749802267, 35.093243911067454 ], [ -106.668477902124309, 35.093073925479018 ], [ -106.667927869275843, 35.092656231086018 ], [ -106.667602245088403, 35.092404549882936 ], [ -106.667303469874838, 35.092178998619218 ], [ -106.666670764042223, 35.091729305529476 ], [ -106.666363931558138, 35.091513451271545 ], [ -106.666053571000162, 35.091298824387934 ], [ -106.665828006643707, 35.091119091403499 ], [ -106.665540151589198, 35.09084275913758 ], [ -106.66525179532546, 35.090532723494981 ], [ -106.665024012823721, 35.090274835270421 ], [ -106.665005717913687, 35.090258337310125 ], [ -106.664512220943607, 35.089813323319042 ], [ -106.664412742076962, 35.089722518410547 ], [ -106.664230281358584, 35.089555966637562 ], [ -106.66402937373968, 35.089375602416716 ], [ -106.663857748529011, 35.089252137646696 ], [ -106.662823749713638, 35.088658933268306 ] ] ] } },
{ "type": "Feature", "properties": { "fid": 1630, "OBJECTID": 1630, "COGID": 24448, "RTE": "2ND STREET", "LOCAT": " NORTH OF MARQUETTE - SOUTH OF LOMAS", "LENGTH": 1101.808, "MILES": 0.20900000631809235, "ADT22": 5630, "AWDT22": 6096, "Shape_Length": 1103.32880823493, "ADT23": 5969, "AWDT23": 6375, "RT1_NB": 0, "RT1_SB": 0, "RT2_NB": 0, "RT2_SB": 0, "RT5_EB": 180, "RT5_WB": 225, "RT8_EB": 0, "RT8_WB": 0, "RT10_NB": 227, "RT10_SB": 227, "RT11_EB": 107, "RT11_WB": 137, "RT16_EB": 0, "RT16_WB": 0, "RT31_NB": 0, "RT31_SB": 0, "RT36": 0, "RT50_NB": 0, "RT50_SB": 0, "RT51_NB": 0, "RT51_SB": 0, "RT53_NB": 0, "RT53_SB": 0, "RT54_EB": 0, "RT54_WB": 0, "RT66_EB": 0, "RT66_WB": 0, "RT97_EB": 0, "RT97_WB": 0, "RT140_NB": 0, "RT140_SB": 0, "RT141_NB": 0, "RT141_SB": 0, "RT155_NB": 0, "RT155_SB": 0, "RT157_NB": 0, "RT157_SB": 0, "RT198_NB": 0, "RT198_SB": 0, "RT766_EB": 0, "RT766_WB": 0, "RT777_EB": 0, "RT777_WB": 0, "AWDT23*1.2": 7650, "Total_Users": 8753, "TransitUsersTTL": 1103, "TrnstModeShare": 12.6 }, "geometry": { "type": "MultiLineString", "coordinates": [ [ [ -106.648538031383993, 35.087885937642817 ], [ -106.648344168574468, 35.08886909801857 ], [ -106.647965934602098, 35.090880746455525 ] ] ] } },
{ "type": "Feature", "properties": { "fid": 1635, "OBJECTID": 1635, "COGID": 24464, "RTE": "CENTRAL", "LOCAT": "SOUTHEAST OF TIJERAS - NORTHWEST OF 12TH ST.", "LENGTH": 722.999, "MILES": 0.13699999451637268, "ADT22": 6700, "AWDT22": 7253, "Shape_Length": 717.92716463060742, "ADT23": 8454, "AWDT23": 9029, "RT1_NB": 0, "RT1_SB": 0, "RT2_NB": 0, "RT2_SB": 0, "RT5_EB": 0, "RT5_WB": 0, "RT8_EB": 0, "RT8_WB": 0, "RT10_NB": 0, "RT10_SB": 0, "RT11_EB": 0, "RT11_WB": 0, "RT16_EB": 0, "RT16_WB": 0, "RT31_NB": 0, "RT31_SB": 0, "RT36": 0, "RT50_NB": 0, "RT50_SB": 0, "RT51_NB": 0, "RT51_SB": 0, "RT53_NB": 0, "RT53_SB": 0, "RT54_EB": 0, "RT54_WB": 0, "RT66_EB": 266, "RT66_WB": 319, "RT97_EB": 0, "RT97_WB": 0, "RT140_NB": 0, "RT140_SB": 0, "RT141_NB": 0, "RT141_SB": 0, "RT155_NB": 0, "RT155_SB": 0, "RT157_NB": 0, "RT157_SB": 0, "RT198_NB": 0, "RT198_SB": 0, "RT766_EB": 427, "RT766_WB": 470, "RT777_EB": 429, "RT777_WB": 457, "AWDT23*1.2": 10835, "Total_Users": 13203, "TransitUsersTTL": 2368, "TrnstModeShare": 17.94 }, "geometry": { "type": "MultiLineString", "coordinates": [ [ [ -106.662823749713638, 35.088658933268306 ], [ -106.662814801693557, 35.088653727194043 ], [ -106.662249020650663, 35.088324527786362 ], [ -106.661878785489861, 35.08812895104937 ], [ -106.661841503665542, 35.088109258341213 ], [ -106.660772945512576, 35.087640394538944 ] ] ] } },
{ "type": "Feature", "properties": { "fid": 1637, "OBJECTID": 1637, "COGID": 24476, "RTE": "CARLISLE", "LOCAT": " NORTH OF LOMAS - SOUTH OF CONSTITUTION", "LENGTH": 2667.319, "MILES": 0.50499999523162842, "ADT22": 14380, "AWDT22": 15237, "Shape_Length": 2674.8921501277182, "ADT23": 14886, "AWDT23": 16015, "RT1_NB": 0, "RT1_SB": 0, "RT2_NB": 0, "RT2_SB": 0, "RT5_EB": 255, "RT5_WB": 261, "RT8_EB": 0, "RT8_WB": 0, "RT10_NB": 0, "RT10_SB": 0, "RT11_EB": 0, "RT11_WB": 0, "RT16_EB": 0, "RT16_WB": 0, "RT31_NB": 0, "RT31_SB": 0, "RT36": 0, "RT50_NB": 0, "RT50_SB": 0, "RT51_NB": 0, "RT51_SB": 0, "RT53_NB": 0, "RT53_SB": 0, "RT54_EB": 0, "RT54_WB": 0, "RT66_EB": 0, "RT66_WB": 0, "RT97_EB": 0, "RT97_WB": 0, "RT140_NB": 0, "RT140_SB": 0, "RT141_NB": 0, "RT141_SB": 0, "RT155_NB": 0, "RT155_SB": 0, "RT157_NB": 0, "RT157_SB": 0, "RT198_NB": 0, "RT198_SB": 0, "RT766_EB": 0, "RT766_WB": 0, "RT777_EB": 0, "RT777_WB": 0, "AWDT23*1.2": 19218, "Total_Users": 19734, "TransitUsersTTL": 516, "TrnstModeShare": 2.61 }, "geometry": { "type": "MultiLineString", "coordinates": [ [ [ -106.604245004293276, 35.087483251366052 ], [ -106.604229944600561, 35.087920092513329 ], [ -106.604223159020407, 35.088116871933515 ], [ -106.604212024529588, 35.089519691161442 ], [ -106.604199088209867, 35.091359620533481 ], [ -106.604210632611469, 35.092176328531515 ], [ -106.604210777813307, 35.092186573132103 ], [ -106.604219955004069, 35.092992980708836 ], [ -106.604220112094879, 35.093006734633221 ], [ -106.604231832072571, 35.09369170343998 ], [ -106.604232537124531, 35.093818213204884 ], [ -106.604233666555331, 35.094021547220372 ], [ -106.604243051103452, 35.094480403904811 ], [ -106.604250245472869, 35.094832247282611 ] ] ] } },
{ "type": "Feature", "properties": { "fid": 1640, "OBJECTID": 1640, "COGID": 24480, "RTE": "LOMAS", "LOCAT": " EAST OF GIRARD - WEST OF CARLISLE", "LENGTH": 2664.76, "MILES": 0.50499999523162842, "ADT22": 17404, "AWDT22": 18810, "Shape_Length": 2661.0867245528825, "ADT23": 18510, "AWDT23": 19770, "RT1_NB": 0, "RT1_SB": 0, "RT2_NB": 0, "RT2_SB": 0, "RT5_EB": 249, "RT5_WB": 244, "RT8_EB": 0, "RT8_WB": 0, "RT10_NB": 0, "RT10_SB": 0, "RT11_EB": 169, "RT11_WB": 191, "RT16_EB": 0, "RT16_WB": 0, "RT31_NB": 0, "RT31_SB": 0, "RT36": 0, "RT50_NB": 0, "RT50_SB": 0, "RT51_NB": 0, "RT51_SB": 0, "RT53_NB": 0, "RT53_SB": 0, "RT54_EB": 0, "RT54_WB": 0, "RT66_EB": 0, "RT66_WB": 0, "RT97_EB": 0, "RT97_WB": 0, "RT140_NB": 0, "RT140_SB": 0, "RT141_NB": 0, "RT141_SB": 0, "RT155_NB": 0, "RT155_SB": 0, "RT157_NB": 0, "RT157_SB": 0, "RT198_NB": 0, "RT198_SB": 0, "RT766_EB": 0, "RT766_WB": 0, "RT777_EB": 0, "RT777_WB": 0, "AWDT23*1.2": 23724, "Total_Users": 24577, "TransitUsersTTL": 853, "TrnstModeShare": 3.47 }, "geometry": { "type": "MultiLineString", "coordinates": [ [ [ -106.613140302603853, 35.087472152982812 ], [ -106.612018528035691, 35.087473587944366 ], [ -106.610914246749701, 35.08747499201494 ], [ -106.609848555899362, 35.087476337323217 ], [ -106.608718181741281, 35.087477751947461 ], [ -106.608230662690261, 35.087478359302629 ], [ -106.607626149074477, 35.087479108769934 ], [ -106.606578011596255, 35.087480404214617 ], [ -106.605488672175966, 35.08748173837499 ], [ -106.604245004293276, 35.087483251366052 ] ] ] } },
{ "type": "Feature", "properties": { "fid": 1644, "OBJECTID": 1644, "COGID": 24484, "RTE": "LOMAS", "LOCAT": " EAST OF YALE - WEST OF GIRARD", "LENGTH": 2767.814, "MILES": 0.52399998903274536, "ADT22": 20812, "AWDT22": 22493, "Shape_Length": 2775.618552163869, "ADT23": 16951, "AWDT23": 18104, "RT1_NB": 0, "RT1_SB": 0, "RT2_NB": 0, "RT2_SB": 0, "RT5_EB": 234, "RT5_WB": 226, "RT8_EB": 0, "RT8_WB": 0, "RT10_NB": 0, "RT10_SB": 0, "RT11_EB": 164, "RT11_WB": 182, "RT16_EB": 0, "RT16_WB": 0, "RT31_NB": 0, "RT31_SB": 0, "RT36": 0, "RT50_NB": 0, "RT50_SB": 0, "RT51_NB": 0, "RT51_SB": 0, "RT53_NB": 0, "RT53_SB": 0, "RT54_EB": 0, "RT54_WB": 0, "RT66_EB": 0, "RT66_WB": 0, "RT97_EB": 0, "RT97_WB": 0, "RT140_NB": 0, "RT140_SB": 0, "RT141_NB": 0, "RT141_SB": 0, "RT155_NB": 0, "RT155_SB": 0, "RT157_NB": 0, "RT157_SB": 0, "RT198_NB": 0, "RT198_SB": 0, "RT766_EB": 0, "RT766_WB": 0, "RT777_EB": 0, "RT777_WB": 0, "AWDT23*1.2": 21725, "Total_Users": 22531, "TransitUsersTTL": 806, "TrnstModeShare": 3.58 }, "geometry": { "type": "MultiLineString", "coordinates": [ [ [ -106.622023221320049, 35.088812073847294 ], [ -106.621147794691439, 35.088388568879324 ], [ -106.620026845396211, 35.087867577339622 ], [ -106.619701573683258, 35.087734570110399 ], [ -106.619429270742259, 35.087643197466058 ], [ -106.619109602965906, 35.087558172197816 ], [ -106.618580847235663, 35.087469952417358 ], [ -106.618214629983427, 35.087448761215484 ], [ -106.618197368884225, 35.08744776163082 ], [ -106.617687714826516, 35.08744186114744 ], [ -106.61429104078708, 35.087464504267842 ], [ -106.613140302603853, 35.087472152982812 ] ] ] } },
{ "type": "Feature", "properties": { "fid": 1646, "OBJECTID": 1646, "COGID": 24492, "RTE": "LOMAS", "LOCAT": " EAST OF CARLISLE - WEST OF WASHINGTON", "LENGTH": 2672.315, "MILES": 0.50599998235702515, "ADT22": 17802, "AWDT22": 19240, "Shape_Length": 2684.0467983559474, "ADT23": 18934, "AWDT23": 20222, "RT1_NB": 0, "RT1_SB": 0, "RT2_NB": 0, "RT2_SB": 0, "RT5_EB": 0, "RT5_WB": 0, "RT8_EB": 0, "RT8_WB": 0, "RT10_NB": 0, "RT10_SB": 0, "RT11_EB": 173, "RT11_WB": 198, "RT16_EB": 0, "RT16_WB": 0, "RT31_NB": 0, "RT31_SB": 0, "RT36": 0, "RT50_NB": 0, "RT50_SB": 0, "RT51_NB": 0, "RT51_SB": 0, "RT53_NB": 0, "RT53_SB": 0, "RT54_EB": 0, "RT54_WB": 0, "RT66_EB": 0, "RT66_WB": 0, "RT97_EB": 0, "RT97_WB": 0, "RT140_NB": 0, "RT140_SB": 0, "RT141_NB": 0, "RT141_SB": 0, "RT155_NB": 0, "RT155_SB": 0, "RT157_NB": 0, "RT157_SB": 0, "RT198_NB": 0, "RT198_SB": 0, "RT766_EB": 0, "RT766_WB": 0, "RT777_EB": 0, "RT777_WB": 0, "AWDT23*1.2": 24266, "Total_Users": 24637, "TransitUsersTTL": 371, "TrnstModeShare": 1.51 }, "geometry": { "type": "MultiLineString", "coordinates": [ [ [ -106.604245004293276, 35.087483251366052 ], [ -106.603178227826689, 35.087478630384439 ], [ -106.60207981969144, 35.087473861090302 ], [ -106.600969931100664, 35.087469033041984 ], [ -106.599861500098839, 35.087464201446387 ], [ -106.599037936062089, 35.08745870777021 ], [ -106.597763022148015, 35.087450191187152 ], [ -106.595273155396953, 35.087433519515159 ] ] ] } },
{ "type": "Feature", "properties": { "fid": 1647, "OBJECTID": 1647, "COGID": 24496, "RTE": "6TH STREET", "LOCAT": " NORTH OF TIJERAS - SOUTH OF MARQUETTE", "LENGTH": 465.951, "MILES": 0.087999999523162842, "ADT22": 3740, "AWDT22": 3963, "Shape_Length": 460.66346388455327, "ADT23": 3436, "AWDT23": 3641, "RT1_NB": 0, "RT1_SB": 0, "RT2_NB": 0, "RT2_SB": 0, "RT5_EB": 0, "RT5_WB": 0, "RT8_EB": 0, "RT8_WB": 196, "RT10_NB": 0, "RT10_SB": 0, "RT11_EB": 0, "RT11_WB": 0, "RT16_EB": 0, "RT16_WB": 0, "RT31_NB": 0, "RT31_SB": 0, "RT36": 18, "RT50_NB": 0, "RT50_SB": 0, "RT51_NB": 0, "RT51_SB": 0, "RT53_NB": 0, "RT53_SB": 0, "RT54_EB": 0, "RT54_WB": 0, "RT66_EB": 0, "RT66_WB": 0, "RT97_EB": 0, "RT97_WB": 0, "RT140_NB": 0, "RT140_SB": 0, "RT141_NB": 0, "RT141_SB": 0, "RT155_NB": 0, "RT155_SB": 0, "RT157_NB": 0, "RT157_SB": 0, "RT198_NB": 0, "RT198_SB": 0, "RT766_EB": 0, "RT766_WB": 0, "RT777_EB": 0, "RT777_WB": 0, "AWDT23*1.2": 4369, "Total_Users": 4583, "TransitUsersTTL": 214, "TrnstModeShare": 4.67 }, "geometry": { "type": "MultiLineString", "coordinates": [ [ [ -106.653310272025593, 35.088460096135123 ], [ -106.653533361608226, 35.087207725359022 ] ] ] } },
{ "type": "Feature", "properties": { "fid": 1649, "OBJECTID": 1649, "COGID": 24504, "RTE": "SAN MATEO", "LOCAT": " NORTH OF LOMAS - SOUTH OF CONSTITUTION", "LENGTH": 2639.194, "MILES": 0.5, "ADT22": 33005, "AWDT22": 35733, "Shape_Length": 2637.6640138769189, "ADT23": 34689, "AWDT23": 37556, "RT1_NB": 0, "RT1_SB": 0, "RT2_NB": 0, "RT2_SB": 0, "RT5_EB": 0, "RT5_WB": 0, "RT8_EB": 0, "RT8_WB": 0, "RT10_NB": 0, "RT10_SB": 0, "RT11_EB": 0, "RT11_WB": 0, "RT16_EB": 0, "RT16_WB": 0, "RT31_NB": 0, "RT31_SB": 0, "RT36": 0, "RT50_NB": 0, "RT50_SB": 0, "RT51_NB": 0, "RT51_SB": 0, "RT53_NB": 0, "RT53_SB": 0, "RT54_EB": 0, "RT54_WB": 0, "RT66_EB": 0, "RT66_WB": 0, "RT97_EB": 0, "RT97_WB": 0, "RT140_NB": 533, "RT140_SB": 128, "RT141_NB": 377, "RT141_SB": 341, "RT155_NB": 0, "RT155_SB": 0, "RT157_NB": 0, "RT157_SB": 0, "RT198_NB": 0, "RT198_SB": 0, "RT766_EB": 0, "RT766_WB": 0, "RT777_EB": 0, "RT777_WB": 0, "AWDT23*1.2": 45067, "Total_Users": 46446, "TransitUsersTTL": 1379, "TrnstModeShare": 2.97 }, "geometry": { "type": "MultiLineString", "coordinates": [ [ [ -106.586181260763269, 35.087407597646283 ], [ -106.586214128738348, 35.089266461201319 ], [ -106.586214124936802, 35.089267672767406 ], [ -106.586209275586199, 35.091021333282256 ], [ -106.586209177938869, 35.091056865293631 ], [ -106.586209144165224, 35.091069212613014 ], [ -106.586222836195446, 35.092809849266402 ], [ -106.586223296664997, 35.092868323539285 ], [ -106.586223447734895, 35.092887492549934 ], [ -106.586224063922174, 35.092913094852868 ], [ -106.58624306037548, 35.093704826550592 ], [ -106.586253505596019, 35.094654469760748 ] ] ] } },
{ "type": "Feature", "properties": { "fid": 1650, "OBJECTID": 1650, "COGID": 24512, "RTE": "LOMAS", "LOCAT": " EAST OF WASHINGTON - WEST OF SAN MATEO", "LENGTH": 2732.191, "MILES": 0.51700001955032349, "ADT22": 20363, "AWDT22": 21925, "Shape_Length": 2719.9184205925635, "ADT23": 17263, "AWDT23": 18438, "RT1_NB": 0, "RT1_SB": 0, "RT2_NB": 0, "RT2_SB": 0, "RT5_EB": 0, "RT5_WB": 0, "RT8_EB": 0, "RT8_WB": 0, "RT10_NB": 0, "RT10_SB": 0, "RT11_EB": 168, "RT11_WB": 197, "RT16_EB": 0, "RT16_WB": 0, "RT31_NB": 0, "RT31_SB": 0, "RT36": 0, "RT50_NB": 0, "RT50_SB": 0, "RT51_NB": 0, "RT51_SB": 0, "RT53_NB": 0, "RT53_SB": 0, "RT54_EB": 0, "RT54_WB": 0, "RT66_EB": 0, "RT66_WB": 0, "RT97_EB": 0, "RT97_WB": 0, "RT140_NB": 0, "RT140_SB": 0, "RT141_NB": 0, "RT141_SB": 0, "RT155_NB": 0, "RT155_SB": 0, "RT157_NB": 0, "RT157_SB": 0, "RT198_NB": 0, "RT198_SB": 0, "RT766_EB": 0, "RT766_WB": 0, "RT777_EB": 0, "RT777_WB": 0, "AWDT23*1.2": 22126, "Total_Users": 22491, "TransitUsersTTL": 365, "TrnstModeShare": 1.62 }, "geometry": { "type": "MultiLineString", "coordinates": [ [ [ -106.595273155396953, 35.087433519515159 ], [ -106.594122741543359, 35.087431165480737 ], [ -106.593034915934197, 35.087428929087459 ], [ -106.591932262752593, 35.08742665262983 ], [ -106.59080889484234, 35.087424322501327 ], [ -106.589705244695864, 35.087422022283867 ], [ -106.588551335490934, 35.0874196071535 ], [ -106.587511226626518, 35.087417421453047 ], [ -106.587477780562722, 35.087417175592087 ], [ -106.586181260763269, 35.087407597646283 ] ] ] } },
{ "type": "Feature", "properties": { "fid": 1652, "OBJECTID": 1652, "COGID": 24528, "RTE": "LOMAS", "LOCAT": " EAST OF SAN MATEO - WEST OF SAN PEDRO", "LENGTH": 2605.22, "MILES": 0.49300000071525574, "ADT22": 24964, "AWDT22": 26880, "Shape_Length": 2606.2214760064121, "ADT23": 21255, "AWDT23": 22701, "RT1_NB": 0, "RT1_SB": 0, "RT2_NB": 0, "RT2_SB": 0, "RT5_EB": 0, "RT5_WB": 0, "RT8_EB": 0, "RT8_WB": 0, "RT10_NB": 0, "RT10_SB": 0, "RT11_EB": 168, "RT11_WB": 193, "RT16_EB": 0, "RT16_WB": 0, "RT31_NB": 0, "RT31_SB": 0, "RT36": 0, "RT50_NB": 0, "RT50_SB": 0, "RT51_NB": 0, "RT51_SB": 0, "RT53_NB": 0, "RT53_SB": 0, "RT54_EB": 0, "RT54_WB": 0, "RT66_EB": 0, "RT66_WB": 0, "RT97_EB": 0, "RT97_WB": 0, "RT140_NB": 0, "RT140_SB": 0, "RT141_NB": 0, "RT141_SB": 0, "RT155_NB": 0, "RT155_SB": 0, "RT157_NB": 0, "RT157_SB": 0, "RT198_NB": 0, "RT198_SB": 0, "RT766_EB": 0, "RT766_WB": 0, "RT777_EB": 0, "RT777_WB": 0, "AWDT23*1.2": 27241, "Total_Users": 27602, "TransitUsersTTL": 361, "TrnstModeShare": 1.31 }, "geometry": { "type": "MultiLineString", "coordinates": [ [ [ -106.586181260763269, 35.087407597646283 ], [ -106.5852873910261, 35.087406279142087 ], [ -106.584769601585649, 35.087405511961968 ], [ -106.584594112716147, 35.087405251705391 ], [ -106.584414343107198, 35.087403035123181 ], [ -106.583435543709825, 35.087390957427999 ], [ -106.583137423022407, 35.087387277640161 ], [ -106.582673234025535, 35.087381402548111 ], [ -106.581828573983984, 35.087370709757316 ], [ -106.58182050183575, 35.087370606543764 ], [ -106.580897999323057, 35.087361041539246 ], [ -106.580075853812318, 35.087352511610071 ], [ -106.579630640978706, 35.087347889340059 ], [ -106.579356573515199, 35.087345043536232 ], [ -106.579192002107845, 35.087344157157695 ], [ -106.578315670923587, 35.087339430401833 ], [ -106.577469906631976, 35.087334861769222 ] ] ] } },
{ "type": "Feature", "properties": { "fid": 1654, "OBJECTID": 1654, "COGID": 24540, "RTE": "WYOMING", "LOCAT": " NORTH OF LOMAS - SOUTH OF I-40 S. RAMPS", "LENGTH": 732.061, "MILES": 0.13899999856948853, "ADT22": 27291, "AWDT22": 29495, "Shape_Length": 695.63214497587046, "ADT23": 29025, "AWDT23": 31000, "RT1_NB": 0, "RT1_SB": 0, "RT2_NB": 0, "RT2_SB": 0, "RT5_EB": 0, "RT5_WB": 0, "RT8_EB": 0, "RT8_WB": 0, "RT10_NB": 0, "RT10_SB": 0, "RT11_EB": 0, "RT11_WB": 0, "RT16_EB": 0, "RT16_WB": 0, "RT31_NB": 113, "RT31_SB": 109, "RT36": 0, "RT50_NB": 0, "RT50_SB": 0, "RT51_NB": 0, "RT51_SB": 0, "RT53_NB": 0, "RT53_SB": 0, "RT54_EB": 0, "RT54_WB": 0, "RT66_EB": 0, "RT66_WB": 0, "RT97_EB": 0, "RT97_WB": 0, "RT140_NB": 0, "RT140_SB": 0, "RT141_NB": 0, "RT141_SB": 0, "RT155_NB": 0, "RT155_SB": 0, "RT157_NB": 0, "RT157_SB": 0, "RT198_NB": 0, "RT198_SB": 0, "RT766_EB": 0, "RT766_WB": 0, "RT777_EB": 0, "RT777_WB": 0, "AWDT23*1.2": 37200, "Total_Users": 37422, "TransitUsersTTL": 222, "TrnstModeShare": 0.59 }, "geometry": { "type": "MultiLineString", "coordinates": [ [ [ -106.550570940366143, 35.087354871298736 ], [ -106.550642062070736, 35.089265317936047 ] ] ] } },
{ "type": "Feature", "properties": { "fid": 1655, "OBJECTID": 1655, "COGID": 24544, "RTE": "LOUISIANA", "LOCAT": " NORTH OF LOMAS - SOUTH OF CONSTITUTION", "LENGTH": 2653.755, "MILES": 0.50300002098083496, "ADT22": 24826, "AWDT22": 26831, "Shape_Length": 2648.0811815604807, "ADT23": 26403, "AWDT23": 28200, "RT1_NB": 0, "RT1_SB": 0, "RT2_NB": 0, "RT2_SB": 0, "RT5_EB": 0, "RT5_WB": 0, "RT8_EB": 0, "RT8_WB": 0, "RT10_NB": 0, "RT10_SB": 0, "RT11_EB": 0, "RT11_WB": 0, "RT16_EB": 0, "RT16_WB": 0, "RT31_NB": 0, "RT31_SB": 0, "RT36": 0, "RT50_NB": 0, "RT50_SB": 0, "RT51_NB": 0, "RT51_SB": 0, "RT53_NB": 0, "RT53_SB": 0, "RT54_EB": 0, "RT54_WB": 0, "RT66_EB": 0, "RT66_WB": 0, "RT97_EB": 0, "RT97_WB": 0, "RT140_NB": 0, "RT140_SB": 0, "RT141_NB": 0, "RT141_SB": 0, "RT155_NB": 0, "RT155_SB": 0, "RT157_NB": 195, "RT157_SB": 184, "RT198_NB": 0, "RT198_SB": 0, "RT766_EB": 374, "RT766_WB": 473, "RT777_EB": 0, "RT777_WB": 0, "AWDT23*1.2": 33840, "Total_Users": 35066, "TransitUsersTTL": 1226, "TrnstModeShare": 3.5 }, "geometry": { "type": "MultiLineString", "coordinates": [ [ [ -106.568643138486323, 35.087258138024076 ], [ -106.5687071999225, 35.087752586761049 ], [ -106.568729193995949, 35.088122056399932 ], [ -106.568749576163455, 35.089115619696464 ], [ -106.568741119315618, 35.090915690694096 ], [ -106.568748005889447, 35.092685501347809 ], [ -106.568726768828924, 35.094530248529416 ], [ -106.56872676907561, 35.09453059378594 ] ] ] } },
{ "type": "Feature", "properties": { "fid": 1656, "OBJECTID": 1656, "COGID": 24548, "RTE": "LOMAS", "LOCAT": " EAST OF SAN PEDRO - WEST OF LOUISIANA", "LENGTH": 2647.467, "MILES": 0.50099998712539673, "ADT22": 23604, "AWDT22": 25510, "Shape_Length": 2640.7367045388205, "ADT23": 25104, "AWDT23": 26812, "RT1_NB": 0, "RT1_SB": 0, "RT2_NB": 0, "RT2_SB": 0, "RT5_EB": 0, "RT5_WB": 0, "RT8_EB": 0, "RT8_WB": 0, "RT10_NB": 0, "RT10_SB": 0, "RT11_EB": 165, "RT11_WB": 203, "RT16_EB": 0, "RT16_WB": 0, "RT31_NB": 0, "RT31_SB": 0, "RT36": 0, "RT50_NB": 0, "RT50_SB": 0, "RT51_NB": 0, "RT51_SB": 0, "RT53_NB": 0, "RT53_SB": 0, "RT54_EB": 0, "RT54_WB": 0, "RT66_EB": 0, "RT66_WB": 0, "RT97_EB": 0, "RT97_WB": 0, "RT140_NB": 0, "RT140_SB": 0, "RT141_NB": 0, "RT141_SB": 0, "RT155_NB": 0, "RT155_SB": 0, "RT157_NB": 0, "RT157_SB": 0, "RT198_NB": 0, "RT198_SB": 0, "RT766_EB": 0, "RT766_WB": 0, "RT777_EB": 0, "RT777_WB": 0, "AWDT23*1.2": 32174, "Total_Users": 32542, "TransitUsersTTL": 368, "TrnstModeShare": 1.13 }, "geometry": { "type": "MultiLineString", "coordinates": [ [ [ -106.577469906631976, 35.087334861769222 ], [ -106.576238456345024, 35.087321191315134 ], [ -106.57622086766068, 35.087320971802633 ], [ -106.575180084329503, 35.087308000792213 ], [ -106.575166536350054, 35.087307894691939 ], [ -106.574100545512749, 35.087299608276716 ], [ -106.574082537085616, 35.087299460790859 ], [ -106.573050767150107, 35.087290981735471 ], [ -106.571951067657992, 35.087281935979199 ], [ -106.570903004897019, 35.087273305218474 ], [ -106.57085169217396, 35.087272961424219 ], [ -106.569797017091119, 35.087265888201635 ], [ -106.568643138486323, 35.087258138024076 ] ] ] } },
{ "type": "Feature", "properties": { "fid": 1658, "OBJECTID": 1658, "COGID": 24560, "RTE": "LOMAS", "LOCAT": " EAST OF PENNSYLVANIA - WEST OF WYOMING", "LENGTH": 2662.447, "MILES": 0.50400000810623169, "ADT22": 23398, "AWDT22": 25288, "Shape_Length": 2645.7523313132742, "ADT23": 24885, "AWDT23": 26578, "RT1_NB": 0, "RT1_SB": 0, "RT2_NB": 0, "RT2_SB": 0, "RT5_EB": 0, "RT5_WB": 0, "RT8_EB": 0, "RT8_WB": 0, "RT10_NB": 0, "RT10_SB": 0, "RT11_EB": 154, "RT11_WB": 179, "RT16_EB": 0, "RT16_WB": 0, "RT31_NB": 0, "RT31_SB": 0, "RT36": 0, "RT50_NB": 0, "RT50_SB": 0, "RT51_NB": 0, "RT51_SB": 0, "RT53_NB": 0, "RT53_SB": 0, "RT54_EB": 0, "RT54_WB": 0, "RT66_EB": 0, "RT66_WB": 0, "RT97_EB": 0, "RT97_WB": 0, "RT140_NB": 0, "RT140_SB": 0, "RT141_NB": 0, "RT141_SB": 0, "RT155_NB": 0, "RT155_SB": 0, "RT157_NB": 0, "RT157_SB": 0, "RT198_NB": 0, "RT198_SB": 0, "RT766_EB": 0, "RT766_WB": 0, "RT777_EB": 0, "RT777_WB": 0, "AWDT23*1.2": 31894, "Total_Users": 32227, "TransitUsersTTL": 333, "TrnstModeShare": 1.03 }, "geometry": { "type": "MultiLineString", "coordinates": [ [ [ -106.559414465736722, 35.087275012043783 ], [ -106.558116771873358, 35.087288627152411 ], [ -106.556864501104414, 35.087301751952616 ], [ -106.555632654665217, 35.087312174684364 ], [ -106.554695733742022, 35.087320092676137 ], [ -106.554411686770536, 35.087322493591067 ], [ -106.552492693121906, 35.087338685645186 ], [ -106.551904799549007, 35.087343641171863 ], [ -106.550570940366143, 35.087354871298736 ] ] ] } },
{ "type": "Feature", "properties": { "fid": 1660, "OBJECTID": 1660, "COGID": 24568, "RTE": "LOMAS", "LOCAT": " EAST OF LOUISIANA - WEST OF PENNSYLVANIA", "LENGTH": 2742.661, "MILES": 0.51899999380111694, "ADT22": 22660, "AWDT22": 24533, "Shape_Length": 2760.8222416992858, "ADT23": 23816, "AWDT23": 25785, "RT1_NB": 0, "RT1_SB": 0, "RT2_NB": 0, "RT2_SB": 0, "RT5_EB": 0, "RT5_WB": 0, "RT8_EB": 0, "RT8_WB": 0, "RT10_NB": 0, "RT10_SB": 0, "RT11_EB": 171, "RT11_WB": 194, "RT16_EB": 0, "RT16_WB": 0, "RT31_NB": 0, "RT31_SB": 0, "RT36": 0, "RT50_NB": 0, "RT50_SB": 0, "RT51_NB": 0, "RT51_SB": 0, "RT53_NB": 0, "RT53_SB": 0, "RT54_EB": 0, "RT54_WB": 0, "RT66_EB": 0, "RT66_WB": 0, "RT97_EB": 0, "RT97_WB": 0, "RT140_NB": 0, "RT140_SB": 0, "RT141_NB": 0, "RT141_SB": 0, "RT155_NB": 0, "RT155_SB": 0, "RT157_NB": 0, "RT157_SB": 0, "RT198_NB": 0, "RT198_SB": 0, "RT766_EB": 0, "RT766_WB": 0, "RT777_EB": 0, "RT777_WB": 0, "AWDT23*1.2": 30942, "Total_Users": 31307, "TransitUsersTTL": 365, "TrnstModeShare": 1.17 }, "geometry": { "type": "MultiLineString", "coordinates": [ [ [ -106.568643138486323, 35.087258138024076 ], [ -106.56759872070748, 35.087261133963203 ], [ -106.566370271709175, 35.087264648954317 ], [ -106.565327421881634, 35.08726762214166 ], [ -106.562110533959952, 35.087269180923812 ], [ -106.561959874690444, 35.087269507303205 ], [ -106.561202818862853, 35.08727115054792 ], [ -106.560917855276628, 35.087271767044093 ], [ -106.560114343443246, 35.087273504568394 ], [ -106.559883756055072, 35.087274001197002 ], [ -106.559414465736722, 35.087275012043783 ] ] ] } },
{ "type": "Feature", "properties": { "fid": 1661, "OBJECTID": 1661, "COGID": 24572, "RTE": "EUBANK", "LOCAT": " NORTH OF LOMAS - SOUTH OF CONSTITUTION", "LENGTH": 2647.452, "MILES": 0.50099998712539673, "ADT22": 32633, "AWDT22": 35268, "Shape_Length": 2641.3508757535033, "ADT23": 34706, "AWDT23": 37068, "RT1_NB": 0, "RT1_SB": 0, "RT2_NB": 38, "RT2_SB": 37, "RT5_EB": 0, "RT5_WB": 0, "RT8_EB": 0, "RT8_WB": 0, "RT10_NB": 0, "RT10_SB": 0, "RT11_EB": 0, "RT11_WB": 0, "RT16_EB": 0, "RT16_WB": 0, "RT31_NB": 0, "RT31_SB": 0, "RT36": 0, "RT50_NB": 0, "RT50_SB": 0, "RT51_NB": 0, "RT51_SB": 0, "RT53_NB": 0, "RT53_SB": 0, "RT54_EB": 0, "RT54_WB": 0, "RT66_EB": 0, "RT66_WB": 0, "RT97_EB": 0, "RT97_WB": 0, "RT140_NB": 0, "RT140_SB": 0, "RT141_NB": 0, "RT141_SB": 0, "RT155_NB": 0, "RT155_SB": 0, "RT157_NB": 0, "RT157_SB": 0, "RT198_NB": 0, "RT198_SB": 0, "RT766_EB": 0, "RT766_WB": 0, "RT777_EB": 0, "RT777_WB": 0, "AWDT23*1.2": 44482, "Total_Users": 44557, "TransitUsersTTL": 75, "TrnstModeShare": 0.17 }, "geometry": { "type": "MultiLineString", "coordinates": [ [ [ -106.532560747833188, 35.087246277031163 ], [ -106.532601614280949, 35.089065854264746 ], [ -106.53264336407419, 35.090924690003042 ], [ -106.53264594643133, 35.091039615157278 ], [ -106.532661276097002, 35.091722133257498 ], [ -106.532675892937078, 35.092372805397218 ], [ -106.532723731033514, 35.094502504350508 ] ] ] } },
{ "type": "Feature", "properties": { "fid": 1662, "OBJECTID": 1662, "COGID": 24576, "RTE": "5TH STREET", "LOCAT": " NORTH OF TIJERAS - SOUTH OF MARQUETTE", "LENGTH": 520.278, "MILES": 0.098999999463558197, "ADT22": 7326, "AWDT22": 7838, "Shape_Length": 521.22005446729565, "ADT23": 3681, "AWDT23": 3960, "RT1_NB": 0, "RT1_SB": 0, "RT2_NB": 0, "RT2_SB": 0, "RT5_EB": 0, "RT5_WB": 0, "RT8_EB": 199, "RT8_WB": 0, "RT10_NB": 0, "RT10_SB": 0, "RT11_EB": 0, "RT11_WB": 0, "RT16_EB": 0, "RT16_WB": 0, "RT31_NB": 0, "RT31_SB": 0, "RT36": 21, "RT50_NB": 0, "RT50_SB": 0, "RT51_NB": 0, "RT51_SB": 0, "RT53_NB": 0, "RT53_SB": 0, "RT54_EB": 0, "RT54_WB": 0, "RT66_EB": 0, "RT66_WB": 0, "RT97_EB": 0, "RT97_WB": 0, "RT140_NB": 0, "RT140_SB": 0, "RT141_NB": 0, "RT141_SB": 0, "RT155_NB": 0, "RT155_SB": 0, "RT157_NB": 0, "RT157_SB": 0, "RT198_NB": 0, "RT198_SB": 0, "RT766_EB": 0, "RT766_WB": 0, "RT777_EB": 0, "RT777_WB": 0, "AWDT23*1.2": 4752, "Total_Users": 4972, "TransitUsersTTL": 220, "TrnstModeShare": 4.42 }, "geometry": { "type": "MultiLineString", "coordinates": [ [ [ -106.65236874240388, 35.086908241082973 ], [ -106.65226200641186, 35.087502998909599 ], [ -106.65211663542955, 35.088325278909849 ] ] ] } },
{ "type": "Feature", "properties": { "fid": 1664, "OBJECTID": 1664, "COGID": 24584, "RTE": "LOMAS", "LOCAT": "EAST OF EASTERDAY - WEST OF EUBANK", "LENGTH": 2232.158, "MILES": 0.42300000786781311, "ADT22": 16357, "AWDT22": 17678, "Shape_Length": 2230.7612411026334, "ADT23": 17396, "AWDT23": 18580, "RT1_NB": 0, "RT1_SB": 0, "RT2_NB": 0, "RT2_SB": 0, "RT5_EB": 0, "RT5_WB": 0, "RT8_EB": 0, "RT8_WB": 0, "RT10_NB": 0, "RT10_SB": 0, "RT11_EB": 137, "RT11_WB": 163, "RT16_EB": 0, "RT16_WB": 0, "RT31_NB": 0, "RT31_SB": 0, "RT36": 0, "RT50_NB": 0, "RT50_SB": 0, "RT51_NB": 0, "RT51_SB": 0, "RT53_NB": 0, "RT53_SB": 0, "RT54_EB": 0, "RT54_WB": 0, "RT66_EB": 0, "RT66_WB": 0, "RT97_EB": 0, "RT97_WB": 0, "RT140_NB": 0, "RT140_SB": 0, "RT141_NB": 0, "RT141_SB": 0, "RT155_NB": 0, "RT155_SB": 0, "RT157_NB": 0, "RT157_SB": 0, "RT198_NB": 0, "RT198_SB": 0, "RT766_EB": 0, "RT766_WB": 0, "RT777_EB": 0, "RT777_WB": 0, "AWDT23*1.2": 22296, "Total_Users": 22596, "TransitUsersTTL": 300, "TrnstModeShare": 1.33 }, "geometry": { "type": "MultiLineString", "coordinates": [ [ [ -106.539930247928325, 35.087807162816922 ], [ -106.538892625203943, 35.087543632933603 ], [ -106.538366557168288, 35.087412780210258 ], [ -106.538121727455419, 35.087363425981032 ], [ -106.537903654285728, 35.087324989279466 ], [ -106.537697687895886, 35.087300002944666 ], [ -106.53748746533131, 35.087290644989594 ], [ -106.537292498276585, 35.087285758713215 ], [ -106.537111785869527, 35.087288292519617 ], [ -106.537060953997383, 35.087289006922447 ], [ -106.536177619923166, 35.087288023522184 ], [ -106.53336716479356, 35.08726770334912 ], [ -106.532560747833188, 35.087246277031163 ] ] ] } },
{ "type": "Feature", "properties": { "fid": 1667, "OBJECTID": 1667, "COGID": 24596, "RTE": "LOMAS", "LOCAT": " EAST OF EUBANK - WEST OF MORRIS", "LENGTH": 1815.885, "MILES": 0.34400001168251038, "ADT22": 21699, "AWDT22": 23451, "Shape_Length": 1805.8999468070936, "ADT23": 23078, "AWDT23": 24648, "RT1_NB": 0, "RT1_SB": 0, "RT2_NB": 0, "RT2_SB": 0, "RT5_EB": 0, "RT5_WB": 0, "RT8_EB": 0, "RT8_WB": 0, "RT10_NB": 0, "RT10_SB": 0, "RT11_EB": 114, "RT11_WB": 132, "RT16_EB": 0, "RT16_WB": 0, "RT31_NB": 0, "RT31_SB": 0, "RT36": 0, "RT50_NB": 0, "RT50_SB": 0, "RT51_NB": 0, "RT51_SB": 0, "RT53_NB": 0, "RT53_SB": 0, "RT54_EB": 0, "RT54_WB": 0, "RT66_EB": 0, "RT66_WB": 0, "RT97_EB": 0, "RT97_WB": 0, "RT140_NB": 0, "RT140_SB": 0, "RT141_NB": 0, "RT141_SB": 0, "RT155_NB": 0, "RT155_SB": 0, "RT157_NB": 0, "RT157_SB": 0, "RT198_NB": 0, "RT198_SB": 0, "RT766_EB": 0, "RT766_WB": 0, "RT777_EB": 0, "RT777_WB": 0, "AWDT23*1.2": 29578, "Total_Users": 29824, "TransitUsersTTL": 246, "TrnstModeShare": 0.82 }, "geometry": { "type": "MultiLineString", "coordinates": [ [ [ -106.532560747833188, 35.087246277031163 ], [ -106.531327271586179, 35.087212240192613 ], [ -106.529899487379907, 35.087172828669537 ], [ -106.528404850920253, 35.087131550796499 ], [ -106.526527239465651, 35.087086432742339 ] ] ] } },
{ "type": "Feature", "properties": { "fid": 1670, "OBJECTID": 1670, "COGID": 24620, "RTE": "2ND STREET", "LOCAT": " NORTH OF TIJERAS - SOUTH OF MARQUETTE", "LENGTH": 526.595, "MILES": 0.10000000149011612, "ADT22": 4406, "AWDT22": 4762, "Shape_Length": 535.54136410614251, "ADT23": 4096, "AWDT23": 4375, "RT1_NB": 0, "RT1_SB": 0, "RT2_NB": 0, "RT2_SB": 0, "RT5_EB": 176, "RT5_WB": 219, "RT8_EB": 0, "RT8_WB": 0, "RT10_NB": 227, "RT10_SB": 220, "RT11_EB": 105, "RT11_WB": 133, "RT16_EB": 0, "RT16_WB": 21, "RT31_NB": 0, "RT31_SB": 0, "RT36": 0, "RT50_NB": 49, "RT50_SB": 0, "RT51_NB": 0, "RT51_SB": 0, "RT53_NB": 0, "RT53_SB": 0, "RT54_EB": 0, "RT54_WB": 0, "RT66_EB": 0, "RT66_WB": 0, "RT97_EB": 0, "RT97_WB": 0, "RT140_NB": 0, "RT140_SB": 0, "RT141_NB": 0, "RT141_SB": 0, "RT155_NB": 0, "RT155_SB": 0, "RT157_NB": 0, "RT157_SB": 0, "RT198_NB": 0, "RT198_SB": 0, "RT766_EB": 0, "RT766_WB": 0, "RT777_EB": 0, "RT777_WB": 0, "AWDT23*1.2": 5250, "Total_Users": 6400, "TransitUsersTTL": 1150, "TrnstModeShare": 17.97 }, "geometry": { "type": "MultiLineString", "coordinates": [ [ [ -106.648809412908406, 35.086431483729022 ], [ -106.648673942956108, 35.087157532326671 ], [ -106.648538031383993, 35.087885937642817 ] ] ] } },
{ "type": "Feature", "properties": { "fid": 1672, "OBJECTID": 1672, "COGID": 24628, "RTE": "COORS", "LOCAT": "NORTH OF BLUEWATER -SOUTH OF LOS VOLCANOS", "LENGTH": 1770.51, "MILES": 0.33500000834465027, "ADT22": 30140, "AWDT22": 32574, "Shape_Length": 1766.0368660813529, "ADT23": 31444, "AWDT23": 33584, "RT1_NB": 0, "RT1_SB": 0, "RT2_NB": 0, "RT2_SB": 0, "RT5_EB": 0, "RT5_WB": 0, "RT8_EB": 0, "RT8_WB": 0, "RT10_NB": 0, "RT10_SB": 0, "RT11_EB": 0, "RT11_WB": 0, "RT16_EB": 0, "RT16_WB": 0, "RT31_NB": 0, "RT31_SB": 0, "RT36": 0, "RT50_NB": 0, "RT50_SB": 0, "RT51_NB": 0, "RT51_SB": 0, "RT53_NB": 0, "RT53_SB": 0, "RT54_EB": 0, "RT54_WB": 0, "RT66_EB": 0, "RT66_WB": 0, "RT97_EB": 0, "RT97_WB": 0, "RT140_NB": 0, "RT140_SB": 0, "RT141_NB": 0, "RT141_SB": 0, "RT155_NB": 174, "RT155_SB": 166, "RT157_NB": 0, "RT157_SB": 0, "RT198_NB": 0, "RT198_SB": 0, "RT766_EB": 0, "RT766_WB": 0, "RT777_EB": 0, "RT777_WB": 0, "AWDT23*1.2": 40301, "Total_Users": 40641, "TransitUsersTTL": 340, "TrnstModeShare": 0.84 }, "geometry": { "type": "MultiLineString", "coordinates": [ [ [ -106.710718531690901, 35.08624141817603 ], [ -106.710701804320053, 35.087395477473791 ], [ -106.7106885380704, 35.089356006008323 ], [ -106.710687859949402, 35.089367841021883 ], [ -106.710652377347259, 35.089987034196312 ], [ -106.710501792387873, 35.091041078714007 ], [ -106.710494978324604, 35.091085369397852 ] ] ] } },
{ "type": "Feature", "properties": { "fid": 1673, "OBJECTID": 1673, "COGID": 24629, "RTE": "COORS", "LOCAT": "NORTH OF LOS VOLCANOS - SOUTH OF FORTUNA", "LENGTH": 1224.984, "MILES": 0.23199999332427979, "ADT22": 29953, "AWDT22": 32372, "Shape_Length": 1224.9839543577102, "ADT23": 31250, "AWDT23": 33376, "RT1_NB": 0, "RT1_SB": 0, "RT2_NB": 0, "RT2_SB": 0, "RT5_EB": 0, "RT5_WB": 0, "RT8_EB": 0, "RT8_WB": 0, "RT10_NB": 0, "RT10_SB": 0, "RT11_EB": 0, "RT11_WB": 0, "RT16_EB": 0, "RT16_WB": 0, "RT31_NB": 0, "RT31_SB": 0, "RT36": 0, "RT50_NB": 0, "RT50_SB": 0, "RT51_NB": 0, "RT51_SB": 0, "RT53_NB": 0, "RT53_SB": 0, "RT54_EB": 0, "RT54_WB": 0, "RT66_EB": 0, "RT66_WB": 0, "RT97_EB": 0, "RT97_WB": 0, "RT140_NB": 0, "RT140_SB": 0, "RT141_NB": 0, "RT141_SB": 0, "RT155_NB": 177, "RT155_SB": 164, "RT157_NB": 0, "RT157_SB": 0, "RT198_NB": 0, "RT198_SB": 0, "RT766_EB": 0, "RT766_WB": 0, "RT777_EB": 0, "RT777_WB": 0, "AWDT23*1.2": 40051, "Total_Users": 40392, "TransitUsersTTL": 341, "TrnstModeShare": 0.84 }, "geometry": { "type": "MultiLineString", "coordinates": [ [ [ -106.710494978324604, 35.091085369397852 ], [ -106.710209986777741, 35.092280910520884 ], [ -106.710179767639929, 35.092406042794551 ], [ -106.710144661699346, 35.092553517108755 ], [ -106.710116460953259, 35.09264633283702 ], [ -106.710116350049503, 35.092646700147945 ], [ -106.709529627232854, 35.09435348285178 ] ] ] } },
{ "type": "Feature", "properties": { "fid": 1674, "OBJECTID": 1674, "COGID": 24632, "RTE": "LOMAS", "LOCAT": "EAST OF WYOMING - WEST OF EASTERDAY", "LENGTH": 3274.819, "MILES": 0.62000000476837158, "ADT22": 14717, "AWDT22": 15847, "Shape_Length": 3266.8549472977611, "ADT23": 12476, "AWDT23": 13325, "RT1_NB": 0, "RT1_SB": 0, "RT2_NB": 0, "RT2_SB": 0, "RT5_EB": 0, "RT5_WB": 0, "RT8_EB": 0, "RT8_WB": 0, "RT10_NB": 0, "RT10_SB": 0, "RT11_EB": 147, "RT11_WB": 164, "RT16_EB": 0, "RT16_WB": 0, "RT31_NB": 0, "RT31_SB": 0, "RT36": 0, "RT50_NB": 0, "RT50_SB": 0, "RT51_NB": 0, "RT51_SB": 0, "RT53_NB": 0, "RT53_SB": 0, "RT54_EB": 0, "RT54_WB": 0, "RT66_EB": 0, "RT66_WB": 0, "RT97_EB": 0, "RT97_WB": 0, "RT140_NB": 0, "RT140_SB": 0, "RT141_NB": 0, "RT141_SB": 0, "RT155_NB": 0, "RT155_SB": 0, "RT157_NB": 0, "RT157_SB": 0, "RT198_NB": 0, "RT198_SB": 0, "RT766_EB": 0, "RT766_WB": 0, "RT777_EB": 0, "RT777_WB": 0, "AWDT23*1.2": 15990, "Total_Users": 16301, "TransitUsersTTL": 311, "TrnstModeShare": 1.91 }, "geometry": { "type": "MultiLineString", "coordinates": [ [ [ -106.550570940366143, 35.087354871298736 ], [ -106.550199642834315, 35.087363599470763 ], [ -106.549799428288537, 35.087371089086687 ], [ -106.54930461624312, 35.08736262886341 ], [ -106.548972692335326, 35.087346700416624 ], [ -106.548762410896785, 35.087325172663462 ], [ -106.548561423281015, 35.087290171933283 ], [ -106.548062176665326, 35.08718129891318 ], [ -106.547772549596516, 35.087106970522967 ], [ -106.547452638761342, 35.087018131963674 ], [ -106.547067611256352, 35.086920568241531 ], [ -106.546861096730623, 35.086883100121881 ], [ -106.546668502787853, 35.086854724841835 ], [ -106.546371176691821, 35.086826964949623 ], [ -106.546055858750051, 35.086805979431006 ], [ -106.545851449256773, 35.08679941449482 ], [ -106.545703425495162, 35.08679958173024 ], [ -106.54566961887528, 35.086799619090677 ], [ -106.545487123858493, 35.08681136908654 ], [ -106.545288013627953, 35.086831276885164 ], [ -106.544794424736949, 35.08690571395163 ], [ -106.544433814479774, 35.086990346202739 ], [ -106.544073059812249, 35.087100951401069 ], [ -106.543618116524769, 35.087235228707776 ], [ -106.543306437419048, 35.087327221209357 ], [ -106.543047810239173, 35.087403143356696 ], [ -106.542989787497362, 35.08742017595722 ], [ -106.542492583133097, 35.087573715210162 ], [ -106.542229496413213, 35.087648439319175 ], [ -106.541984231698976, 35.087705895815496 ], [ -106.541749585643899, 35.08775460828236 ], [ -106.541533267531449, 35.087793769472782 ], [ -106.541224926361195, 35.087828583635961 ], [ -106.540914338188728, 35.087847147341535 ], [ -106.540600368639417, 35.08785270402673 ], [ -106.540466218261614, 35.087850632973336 ], [ -106.540330372598632, 35.087845220525054 ], [ -106.54013314467403, 35.087829755724115 ], [ -106.539930247928325, 35.087807162816922 ] ] ] } },
{ "type": "Feature", "properties": { "fid": 1675, "OBJECTID": 1675, "COGID": 24644, "RTE": "JUAN TABO", "LOCAT": " NORTH OF LOMAS - SOUTH OF CONSTITUTION", "LENGTH": 2477.119, "MILES": 0.46900001168251038, "ADT22": 30028, "AWDT22": 32453, "Shape_Length": 2483.6055767027683, "ADT23": 31936, "AWDT23": 34109, "RT1_NB": 61, "RT1_SB": 64, "RT2_NB": 0, "RT2_SB": 0, "RT5_EB": 0, "RT5_WB": 0, "RT8_EB": 0, "RT8_WB": 0, "RT10_NB": 0, "RT10_SB": 0, "RT11_EB": 0, "RT11_WB": 0, "RT16_EB": 0, "RT16_WB": 0, "RT31_NB": 0, "RT31_SB": 0, "RT36": 0, "RT50_NB": 0, "RT50_SB": 0, "RT51_NB": 0, "RT51_SB": 0, "RT53_NB": 0, "RT53_SB": 0, "RT54_EB": 0, "RT54_WB": 0, "RT66_EB": 0, "RT66_WB": 0, "RT97_EB": 0, "RT97_WB": 0, "RT140_NB": 0, "RT140_SB": 0, "RT141_NB": 0, "RT141_SB": 0, "RT155_NB": 0, "RT155_SB": 0, "RT157_NB": 0, "RT157_SB": 0, "RT198_NB": 0, "RT198_SB": 0, "RT766_EB": 0, "RT766_WB": 0, "RT777_EB": 0, "RT777_WB": 0, "AWDT23*1.2": 40931, "Total_Users": 41056, "TransitUsersTTL": 125, "TrnstModeShare": 0.3 }, "geometry": { "type": "MultiLineString", "coordinates": [ [ [ -106.515008471445796, 35.086767287742106 ], [ -106.515068642371062, 35.088288817030616 ], [ -106.515139303301453, 35.090075518071586 ], [ -106.515152086844779, 35.090398756162401 ], [ -106.515216690625763, 35.09203223567318 ], [ -106.515222202323869, 35.092171595118515 ], [ -106.515278212724084, 35.093587730144741 ] ] ] } },
{ "type": "Feature", "properties": { "fid": 1676, "OBJECTID": 1676, "COGID": 24648, "RTE": "LOMAS", "LOCAT": " EAST OF MORRIS - WEST OF JUAN TABO", "LENGTH": 3440.04, "MILES": 0.65200001001358032, "ADT22": 16401, "AWDT22": 17756, "Shape_Length": 3447.8715646314658, "ADT23": 17238, "AWDT23": 18662, "RT1_NB": 0, "RT1_SB": 0, "RT2_NB": 0, "RT2_SB": 0, "RT5_EB": 0, "RT5_WB": 0, "RT8_EB": 0, "RT8_WB": 0, "RT10_NB": 0, "RT10_SB": 0, "RT11_EB": 95, "RT11_WB": 105, "RT16_EB": 0, "RT16_WB": 0, "RT31_NB": 0, "RT31_SB": 0, "RT36": 0, "RT50_NB": 0, "RT50_SB": 0, "RT51_NB": 0, "RT51_SB": 0, "RT53_NB": 0, "RT53_SB": 0, "RT54_EB": 0, "RT54_WB": 0, "RT66_EB": 0, "RT66_WB": 0, "RT97_EB": 0, "RT97_WB": 0, "RT140_NB": 0, "RT140_SB": 0, "RT141_NB": 0, "RT141_SB": 0, "RT155_NB": 0, "RT155_SB": 0, "RT157_NB": 0, "RT157_SB": 0, "RT198_NB": 0, "RT198_SB": 0, "RT766_EB": 0, "RT766_WB": 0, "RT777_EB": 0, "RT777_WB": 0, "AWDT23*1.2": 22394, "Total_Users": 22594, "TransitUsersTTL": 200, "TrnstModeShare": 0.89 }, "geometry": { "type": "MultiLineString", "coordinates": [ [ [ -106.526527239465651, 35.087086432742339 ], [ -106.523877928298347, 35.087013126939112 ], [ -106.522871991922614, 35.086985277025214 ], [ -106.522317981634288, 35.086969935602809 ], [ -106.522050233006283, 35.086962520824748 ], [ -106.521414654016354, 35.086944915294197 ], [ -106.521216361454535, 35.086939422858528 ], [ -106.52040536297487, 35.086916952360518 ], [ -106.519051045140912, 35.08687941813772 ], [ -106.518874505658971, 35.086874524457834 ], [ -106.518052238771915, 35.086851726959829 ], [ -106.515008471445796, 35.086767287742106 ] ] ] } },
{ "type": "Feature", "properties": { "fid": 1677, "OBJECTID": 1677, "COGID": 24656, "RTE": "MARQUETTE", "LOCAT": " EAST OF 2ND ST. - NORTHWEST OF BROADWAY", "LENGTH": 1464.487, "MILES": 0.27700001001358032, "ADT22": 3839, "AWDT22": 4157, "Shape_Length": 1457.0529416669658, "ADT23": 3081, "AWDT23": 3291, "RT1_NB": 0, "RT1_SB": 0, "RT2_NB": 0, "RT2_SB": 0, "RT5_EB": 0, "RT5_WB": 0, "RT8_EB": 0, "RT8_WB": 0, "RT10_NB": 0, "RT10_SB": 0, "RT11_EB": 0, "RT11_WB": 0, "RT16_EB": 0, "RT16_WB": 23, "RT31_NB": 0, "RT31_SB": 0, "RT36": 0, "RT50_NB": 55, "RT50_SB": 0, "RT51_NB": 0, "RT51_SB": 0, "RT53_NB": 0, "RT53_SB": 0, "RT54_EB": 0, "RT54_WB": 0, "RT66_EB": 0, "RT66_WB": 0, "RT97_EB": 0, "RT97_WB": 0, "RT140_NB": 0, "RT140_SB": 0, "RT141_NB": 0, "RT141_SB": 0, "RT155_NB": 0, "RT155_SB": 0, "RT157_NB": 0, "RT157_SB": 0, "RT198_NB": 0, "RT198_SB": 0, "RT766_EB": 0, "RT766_WB": 0, "RT777_EB": 0, "RT777_WB": 0, "AWDT23*1.2": 3949, "Total_Users": 4027, "TransitUsersTTL": 78, "TrnstModeShare": 1.94 }, "geometry": { "type": "MultiLineString", "coordinates": [ [ [ -106.644115780760941, 35.086286811343143 ], [ -106.644325606427103, 35.086375253211862 ], [ -106.645780383644365, 35.086745434596743 ], [ -106.645897311887936, 35.086775186689763 ], [ -106.646251496160417, 35.086879941586659 ], [ -106.6465395553505, 35.086994051531995 ], [ -106.646551845444023, 35.086998919754713 ], [ -106.646824704907317, 35.08714284561043 ], [ -106.647385074179681, 35.087460530623304 ], [ -106.647905446844106, 35.087720013037874 ], [ -106.648148207886848, 35.087801037494955 ], [ -106.648389602569267, 35.087863497821772 ], [ -106.648538031383993, 35.087885937642817 ] ] ] } },
{ "type": "Feature", "properties": { "fid": 1678, "OBJECTID": 1678, "COGID": 24660, "RTE": "MARTIN LUTHER KING JR", "LOCAT": " EAST OF 2ND ST - SOUTHWEST OF BROADWAY", "LENGTH": 1645.889, "MILES": 0.31200000643730164, "ADT22": 2330, "AWDT22": 2523, "Shape_Length": 1627.199042038382, "ADT23": 2140, "AWDT23": 2318, "RT1_NB": 0, "RT1_SB": 0, "RT2_NB": 0, "RT2_SB": 0, "RT5_EB": 0, "RT5_WB": 0, "RT8_EB": 0, "RT8_WB": 0, "RT10_NB": 0, "RT10_SB": 0, "RT11_EB": 0, "RT11_WB": 0, "RT16_EB": 20, "RT16_WB": 0, "RT31_NB": 0, "RT31_SB": 0, "RT36": 0, "RT50_NB": 0, "RT50_SB": 55, "RT51_NB": 0, "RT51_SB": 0, "RT53_NB": 0, "RT53_SB": 0, "RT54_EB": 0, "RT54_WB": 0, "RT66_EB": 0, "RT66_WB": 0, "RT97_EB": 0, "RT97_WB": 0, "RT140_NB": 0, "RT140_SB": 0, "RT141_NB": 0, "RT141_SB": 0, "RT155_NB": 0, "RT155_SB": 0, "RT157_NB": 0, "RT157_SB": 0, "RT198_NB": 0, "RT198_SB": 0, "RT766_EB": 0, "RT766_WB": 0, "RT777_EB": 0, "RT777_WB": 0, "AWDT23*1.2": 2782, "Total_Users": 2857, "TransitUsersTTL": 75, "TrnstModeShare": 2.63 }, "geometry": { "type": "MultiLineString", "coordinates": [ [ [ -106.648809412908406, 35.086431483729022 ], [ -106.648689854228394, 35.086390456897604 ], [ -106.648538309765641, 35.086336136774229 ], [ -106.648432395299608, 35.086284752218376 ], [ -106.648311954399162, 35.086214667759798 ], [ -106.648088581741021, 35.08602393707644 ], [ -106.647890379494754, 35.085843714561953 ], [ -106.647709538516395, 35.085701448166603 ], [ -106.647643657476536, 35.085663415548758 ], [ -106.647476482324052, 35.085566902328921 ], [ -106.647255034496212, 35.085481975476526 ], [ -106.647067091111538, 35.085422520864135 ], [ -106.646848407905239, 35.085383598004867 ], [ -106.64680369748163, 35.085375640247698 ], [ -106.646569040451283, 35.085348058955894 ], [ -106.646279425852256, 35.08536601615527 ], [ -106.645920996929334, 35.085418213705644 ], [ -106.64568137363581, 35.085492225399385 ], [ -106.645511260762291, 35.085567654179407 ], [ -106.645418184303153, 35.085627770060491 ], [ -106.645192193247397, 35.085773736329649 ], [ -106.644926098330686, 35.085959592299261 ], [ -106.64468778914042, 35.086104752179544 ], [ -106.644115780760941, 35.086286811343143 ] ] ] } },
{ "type": "Feature", "properties": { "fid": 1680, "OBJECTID": 1680, "COGID": 24668, "RTE": "TOWER", "LOCAT": "EAST OF 98TH ST. - WEST OF 86TH ST.", "LENGTH": 3427.411, "MILES": 0.64899998903274536, "ADT22": 5333, "AWDT22": 5964, "Shape_Length": 3425.730418836481, "ADT23": 5498, "AWDT23": 6149, "RT1_NB": 0, "RT1_SB": 0, "RT2_NB": 0, "RT2_SB": 0, "RT5_EB": 0, "RT5_WB": 0, "RT8_EB": 0, "RT8_WB": 0, "RT10_NB": 0, "RT10_SB": 0, "RT11_EB": 0, "RT11_WB": 0, "RT16_EB": 0, "RT16_WB": 0, "RT31_NB": 0, "RT31_SB": 0, "RT36": 0, "RT50_NB": 0, "RT50_SB": 0, "RT51_NB": 0, "RT51_SB": 0, "RT53_NB": 0, "RT53_SB": 0, "RT54_EB": 38, "RT54_WB": 0, "RT66_EB": 0, "RT66_WB": 0, "RT97_EB": 0, "RT97_WB": 0, "RT140_NB": 0, "RT140_SB": 0, "RT141_NB": 0, "RT141_SB": 0, "RT155_NB": 0, "RT155_SB": 0, "RT157_NB": 0, "RT157_SB": 0, "RT198_NB": 0, "RT198_SB": 0, "RT766_EB": 0, "RT766_WB": 0, "RT777_EB": 0, "RT777_WB": 0, "AWDT23*1.2": 7379, "Total_Users": 7417, "TransitUsersTTL": 38, "TrnstModeShare": 0.51 }, "geometry": { "type": "MultiLineString", "coordinates": [ [ [ -106.741757814287354, 35.063499220480551 ], [ -106.740756026713754, 35.063508814474226 ], [ -106.740371795897602, 35.063486188756045 ], [ -106.74021360557191, 35.0634522953181 ], [ -106.739544269816534, 35.063308884746654 ], [ -106.738812761443143, 35.063127631939111 ], [ -106.738223087448333, 35.06304849202062 ], [ -106.737595010658083, 35.063041762280697 ], [ -106.737586593199921, 35.063042578578298 ], [ -106.734006766481386, 35.063389636708514 ], [ -106.734006529797767, 35.063389659287836 ], [ -106.731537402274071, 35.063597860390203 ], [ -106.730422694675482, 35.063691839029225 ] ] ] } },
{ "type": "Feature", "properties": { "fid": 1681, "OBJECTID": 1681, "COGID": 24669, "RTE": "TOWER", "LOCAT": "EAST OF 86TH ST. - WEST OF UNSER BLVD.", "LENGTH": 2141.272, "MILES": 0.40599998831748962, "ADT22": 6560, "AWDT22": 7337, "Shape_Length": 2151.9104645789812, "ADT23": 6763, "AWDT23": 7565, "RT1_NB": 0, "RT1_SB": 0, "RT2_NB": 0, "RT2_SB": 0, "RT5_EB": 0, "RT5_WB": 0, "RT8_EB": 0, "RT8_WB": 0, "RT10_NB": 0, "RT10_SB": 0, "RT11_EB": 0, "RT11_WB": 0, "RT16_EB": 0, "RT16_WB": 0, "RT31_NB": 0, "RT31_SB": 0, "RT36": 0, "RT50_NB": 0, "RT50_SB": 0, "RT51_NB": 0, "RT51_SB": 0, "RT53_NB": 0, "RT53_SB": 0, "RT54_EB": 38, "RT54_WB": 0, "RT66_EB": 0, "RT66_WB": 0, "RT97_EB": 0, "RT97_WB": 0, "RT140_NB": 0, "RT140_SB": 0, "RT141_NB": 0, "RT141_SB": 0, "RT155_NB": 0, "RT155_SB": 0, "RT157_NB": 0, "RT157_SB": 0, "RT198_NB": 0, "RT198_SB": 0, "RT766_EB": 0, "RT766_WB": 0, "RT777_EB": 0, "RT777_WB": 0, "AWDT23*1.2": 9078, "Total_Users": 9116, "TransitUsersTTL": 38, "TrnstModeShare": 0.42 }, "geometry": { "type": "MultiLineString", "coordinates": [ [ [ -106.730422694675482, 35.063691839029225 ], [ -106.726822290308846, 35.06399798326192 ], [ -106.724509793037058, 35.06419455948506 ], [ -106.723269697137809, 35.064299956119932 ] ] ] } },
{ "type": "Feature", "properties": { "fid": 1684, "OBJECTID": 1684, "COGID": 24672, "RTE": "COPPER", "LOCAT": " EAST OF CENTRAL - WEST OF 8TH ST.", "LENGTH": 657.672, "MILES": 0.125, "ADT22": 825, "AWDT22": 883, "Shape_Length": 720.77174278966061, "ADT23": 758, "AWDT23": 811, "RT1_NB": 0, "RT1_SB": 0, "RT2_NB": 0, "RT2_SB": 0, "RT5_EB": 0, "RT5_WB": 0, "RT8_EB": 0, "RT8_WB": 0, "RT10_NB": 0, "RT10_SB": 0, "RT11_EB": 0, "RT11_WB": 0, "RT16_EB": 0, "RT16_WB": 0, "RT31_NB": 0, "RT31_SB": 0, "RT36": 0, "RT50_NB": 0, "RT50_SB": 0, "RT51_NB": 0, "RT51_SB": 0, "RT53_NB": 0, "RT53_SB": 0, "RT54_EB": 0, "RT54_WB": 0, "RT66_EB": 0, "RT66_WB": 324, "RT97_EB": 0, "RT97_WB": 0, "RT140_NB": 0, "RT140_SB": 0, "RT141_NB": 0, "RT141_SB": 0, "RT155_NB": 0, "RT155_SB": 0, "RT157_NB": 0, "RT157_SB": 0, "RT198_NB": 0, "RT198_SB": 0, "RT766_EB": 0, "RT766_WB": 470, "RT777_EB": 0, "RT777_WB": 457, "AWDT23*1.2": 973, "Total_Users": 2224, "TransitUsersTTL": 1251, "TrnstModeShare": 56.25 }, "geometry": { "type": "MultiLineString", "coordinates": [ [ [ -106.658547555118616, 35.086475530872548 ], [ -106.657352188978635, 35.086326410752861 ], [ -106.657349333528444, 35.086326033621631 ], [ -106.656167157989387, 35.086169789197044 ] ] ] } },
{ "type": "Feature", "properties": { "fid": 1685, "OBJECTID": 1685, "COGID": 24675, "RTE": "GOLD", "LOCAT": " EAST OF 3RD ST. - WEST OF 2ND ST.", "LENGTH": 350.389, "MILES": 0.065999999642372131, "ADT22": 2175, "AWDT22": 2327, "Shape_Length": 358.78398950675108, "ADT23": 1998, "AWDT23": 2138, "RT1_NB": 0, "RT1_SB": 0, "RT2_NB": 0, "RT2_SB": 0, "RT5_EB": 0, "RT5_WB": 0, "RT8_EB": 0, "RT8_WB": 0, "RT10_NB": 0, "RT10_SB": 0, "RT11_EB": 0, "RT11_WB": 0, "RT16_EB": 0, "RT16_WB": 0, "RT31_NB": 0, "RT31_SB": 0, "RT36": 0, "RT50_NB": 0, "RT50_SB": 0, "RT51_NB": 0, "RT51_SB": 0, "RT53_NB": 73, "RT53_SB": 0, "RT54_EB": 66, "RT54_WB": 0, "RT66_EB": 285, "RT66_WB": 0, "RT97_EB": 0, "RT97_WB": 0, "RT140_NB": 0, "RT140_SB": 0, "RT141_NB": 0, "RT141_SB": 0, "RT155_NB": 0, "RT155_SB": 0, "RT157_NB": 0, "RT157_SB": 0, "RT198_NB": 0, "RT198_SB": 0, "RT766_EB": 449, "RT766_WB": 0, "RT777_EB": 448, "RT777_WB": 0, "AWDT23*1.2": 2566, "Total_Users": 3887, "TransitUsersTTL": 1321, "TrnstModeShare": 33.99 }, "geometry": { "type": "MultiLineString", "coordinates": [ [ [ -106.65060273995033, 35.083398276514373 ], [ -106.649418255844623, 35.083244030772413 ] ] ] } },
{ "type": "Feature", "properties": { "fid": 1688, "OBJECTID": 1688, "COGID": 24688, "RTE": "LOMAS", "LOCAT": " EAST OF JUAN TABO - WEST OF CHELWOOD PARK", "LENGTH": 2639.02, "MILES": 0.5, "ADT22": 14892, "AWDT22": 16095, "Shape_Length": 2638.7075543471992, "ADT23": 15838, "AWDT23": 16916, "RT1_NB": 0, "RT1_SB": 0, "RT2_NB": 0, "RT2_SB": 0, "RT5_EB": 0, "RT5_WB": 0, "RT8_EB": 0, "RT8_WB": 0, "RT10_NB": 0, "RT10_SB": 0, "RT11_EB": 59, "RT11_WB": 61, "RT16_EB": 0, "RT16_WB": 0, "RT31_NB": 0, "RT31_SB": 0, "RT36": 0, "RT50_NB": 0, "RT50_SB": 0, "RT51_NB": 0, "RT51_SB": 0, "RT53_NB": 0, "RT53_SB": 0, "RT54_EB": 0, "RT54_WB": 0, "RT66_EB": 0, "RT66_WB": 0, "RT97_EB": 0, "RT97_WB": 0, "RT140_NB": 0, "RT140_SB": 0, "RT141_NB": 0, "RT141_SB": 0, "RT155_NB": 0, "RT155_SB": 0, "RT157_NB": 0, "RT157_SB": 0, "RT198_NB": 0, "RT198_SB": 0, "RT766_EB": 0, "RT766_WB": 0, "RT777_EB": 0, "RT777_WB": 0, "AWDT23*1.2": 20299, "Total_Users": 20419, "TransitUsersTTL": 120, "TrnstModeShare": 0.59 }, "geometry": { "type": "MultiLineString", "coordinates": [ [ [ -106.515008471445796, 35.086767287742106 ], [ -106.512159386547523, 35.086679350430529 ], [ -106.511784917988393, 35.086667787808615 ], [ -106.509723114634667, 35.086613655405806 ], [ -106.508748047175587, 35.086581893753831 ], [ -106.507068309554626, 35.086531595157609 ], [ -106.506193692802611, 35.08650768785234 ] ] ] } },
{ "type": "Feature", "properties": { "fid": 1689, "OBJECTID": 1689, "COGID": 24692, "RTE": "CENTRAL", "LOCAT": " EAST OF ATRISCO - WEST OF SUNSET", "LENGTH": 719.9, "MILES": 0.13600000739097595, "ADT22": 28341, "AWDT22": 30630, "Shape_Length": 756.81407511311056, "ADT23": 29568, "AWDT23": 31580, "RT1_NB": 0, "RT1_SB": 0, "RT2_NB": 0, "RT2_SB": 0, "RT5_EB": 0, "RT5_WB": 0, "RT8_EB": 0, "RT8_WB": 0, "RT10_NB": 0, "RT10_SB": 0, "RT11_EB": 0, "RT11_WB": 0, "RT16_EB": 0, "RT16_WB": 0, "RT31_NB": 0, "RT31_SB": 0, "RT36": 0, "RT50_NB": 0, "RT50_SB": 0, "RT51_NB": 0, "RT51_SB": 0, "RT53_NB": 0, "RT53_SB": 0, "RT54_EB": 0, "RT54_WB": 0, "RT66_EB": 227, "RT66_WB": 289, "RT97_EB": 0, "RT97_WB": 0, "RT140_NB": 0, "RT140_SB": 0, "RT141_NB": 0, "RT141_SB": 0, "RT155_NB": 0, "RT155_SB": 0, "RT157_NB": 0, "RT157_SB": 0, "RT198_NB": 0, "RT198_SB": 0, "RT766_EB": 377, "RT766_WB": 433, "RT777_EB": 385, "RT777_WB": 418, "AWDT23*1.2": 37896, "Total_Users": 40025, "TransitUsersTTL": 2129, "TrnstModeShare": 5.32 }, "geometry": { "type": "MultiLineString", "coordinates": [ [ [ -106.684734718911244, 35.085835908367756 ], [ -106.683889338207479, 35.086320849648068 ], [ -106.683888940220299, 35.086321077336521 ], [ -106.683366664855569, 35.086723222054644 ], [ -106.682793657220415, 35.087161578426866 ] ] ] } },
{ "type": "Feature", "properties": { "fid": 1697, "OBJECTID": 1697, "COGID": 24716, "RTE": "6TH STREET", "LOCAT": " NORTH OF CENTRAL - SOUTH OF COPPER", "LENGTH": 365.296, "MILES": 0.068999998271465302, "ADT22": 4820, "AWDT22": 5154, "Shape_Length": 366.05859743486269, "ADT23": 3503, "AWDT23": 3769, "RT1_NB": 0, "RT1_SB": 0, "RT2_NB": 0, "RT2_SB": 0, "RT5_EB": 0, "RT5_WB": 0, "RT8_EB": 0, "RT8_WB": 172, "RT10_NB": 0, "RT10_SB": 0, "RT11_EB": 0, "RT11_WB": 0, "RT16_EB": 0, "RT16_WB": 0, "RT31_NB": 0, "RT31_SB": 0, "RT36": 17, "RT50_NB": 0, "RT50_SB": 0, "RT51_NB": 0, "RT51_SB": 0, "RT53_NB": 0, "RT53_SB": 0, "RT54_EB": 0, "RT54_WB": 0, "RT66_EB": 0, "RT66_WB": 0, "RT97_EB": 0, "RT97_WB": 0, "RT140_NB": 0, "RT140_SB": 0, "RT141_NB": 0, "RT141_SB": 0, "RT155_NB": 0, "RT155_SB": 0, "RT157_NB": 0, "RT157_SB": 0, "RT198_NB": 0, "RT198_SB": 0, "RT766_EB": 0, "RT766_WB": 0, "RT777_EB": 0, "RT777_WB": 0, "AWDT23*1.2": 4523, "Total_Users": 4712, "TransitUsersTTL": 189, "TrnstModeShare": 4.01 }, "geometry": { "type": "MultiLineString", "coordinates": [ [ [ -106.653788822386815, 35.085857326702957 ], [ -106.653978048367833, 35.084863639348754 ] ] ] } },
{ "type": "Feature", "properties": { "fid": 1698, "OBJECTID": 1698, "COGID": 24720, "RTE": "COPPER", "LOCAT": " EAST OF 8TH ST. - WEST OF 6TH ST.", "LENGTH": 727.848, "MILES": 0.1379999965429306, "ADT22": 1271, "AWDT22": 1359, "Shape_Length": 720.54880961353956, "ADT23": 1168, "AWDT23": 1248, "RT1_NB": 0, "RT1_SB": 0, "RT2_NB": 0, "RT2_SB": 0, "RT5_EB": 0, "RT5_WB": 0, "RT8_EB": 0, "RT8_WB": 0, "RT10_NB": 0, "RT10_SB": 0, "RT11_EB": 0, "RT11_WB": 0, "RT16_EB": 0, "RT16_WB": 0, "RT31_NB": 0, "RT31_SB": 0, "RT36": 0, "RT50_NB": 0, "RT50_SB": 0, "RT51_NB": 0, "RT51_SB": 0, "RT53_NB": 0, "RT53_SB": 0, "RT54_EB": 0, "RT54_WB": 0, "RT66_EB": 0, "RT66_WB": 324, "RT97_EB": 0, "RT97_WB": 0, "RT140_NB": 0, "RT140_SB": 0, "RT141_NB": 0, "RT141_SB": 0, "RT155_NB": 0, "RT155_SB": 0, "RT157_NB": 0, "RT157_SB": 0, "RT198_NB": 0, "RT198_SB": 0, "RT766_EB": 0, "RT766_WB": 470, "RT777_EB": 0, "RT777_WB": 457, "AWDT23*1.2": 1498, "Total_Users": 2749, "TransitUsersTTL": 1251, "TrnstModeShare": 45.51 }, "geometry": { "type": "MultiLineString", "coordinates": [ [ [ -106.656167157989387, 35.086169789197044 ], [ -106.654984048447275, 35.086009390563881 ], [ -106.65495948928428, 35.086006267014135 ], [ -106.653788822386815, 35.085857326702957 ] ] ] } },
{ "type": "Feature", "properties": { "fid": 1700, "OBJECTID": 1700, "COGID": 24728, "RTE": "LOMAS", "LOCAT": " EAST OF CHELWOOD PARK - WEST OF TRAMWAY", "LENGTH": 2666.796, "MILES": 0.50499999523162842, "ADT22": 9244, "AWDT22": 9990, "Shape_Length": 2672.9793964333535, "ADT23": 9831, "AWDT23": 10500, "RT1_NB": 0, "RT1_SB": 0, "RT2_NB": 0, "RT2_SB": 0, "RT5_EB": 0, "RT5_WB": 0, "RT8_EB": 0, "RT8_WB": 0, "RT10_NB": 0, "RT10_SB": 0, "RT11_EB": 29, "RT11_WB": 0, "RT16_EB": 0, "RT16_WB": 0, "RT31_NB": 0, "RT31_SB": 0, "RT36": 0, "RT50_NB": 0, "RT50_SB": 0, "RT51_NB": 0, "RT51_SB": 0, "RT53_NB": 0, "RT53_SB": 0, "RT54_EB": 0, "RT54_WB": 0, "RT66_EB": 0, "RT66_WB": 0, "RT97_EB": 0, "RT97_WB": 0, "RT140_NB": 0, "RT140_SB": 0, "RT141_NB": 0, "RT141_SB": 0, "RT155_NB": 0, "RT155_SB": 0, "RT157_NB": 0, "RT157_SB": 0, "RT198_NB": 0, "RT198_SB": 0, "RT766_EB": 0, "RT766_WB": 0, "RT777_EB": 0, "RT777_WB": 0, "AWDT23*1.2": 12600, "Total_Users": 12629, "TransitUsersTTL": 29, "TrnstModeShare": 0.23 }, "geometry": { "type": "MultiLineString", "coordinates": [ [ [ -106.506193692802611, 35.08650768785234 ], [ -106.505131888490453, 35.086484813655211 ], [ -106.50513165926624, 35.086484808728727 ], [ -106.504184578686278, 35.08646345076631 ], [ -106.501813101446245, 35.086405501058557 ], [ -106.500110220489333, 35.086361753688387 ], [ -106.500080051078243, 35.086360864871487 ], [ -106.498326483067856, 35.086309234390285 ], [ -106.497263114765175, 35.086277911826805 ] ] ] } },
{ "type": "Feature", "properties": { "fid": 1701, "OBJECTID": 1701, "COGID": 24732, "RTE": "LOMAS", "LOCAT": " EAST OF TRAMWAY - WEST OF TURNER", "LENGTH": 1910.175, "MILES": 0.3619999885559082, "ADT22": 7265, "AWDT22": 8126, "Shape_Length": 1896.9498978047241, "ADT23": 7760, "AWDT23": 8349, "RT1_NB": 0, "RT1_SB": 0, "RT2_NB": 0, "RT2_SB": 0, "RT5_EB": 0, "RT5_WB": 0, "RT8_EB": 0, "RT8_WB": 0, "RT10_NB": 0, "RT10_SB": 0, "RT11_EB": 11, "RT11_WB": 0, "RT16_EB": 0, "RT16_WB": 0, "RT31_NB": 0, "RT31_SB": 0, "RT36": 0, "RT50_NB": 0, "RT50_SB": 0, "RT51_NB": 0, "RT51_SB": 0, "RT53_NB": 0, "RT53_SB": 0, "RT54_EB": 0, "RT54_WB": 0, "RT66_EB": 0, "RT66_WB": 0, "RT97_EB": 0, "RT97_WB": 0, "RT140_NB": 0, "RT140_SB": 0, "RT141_NB": 0, "RT141_SB": 0, "RT155_NB": 0, "RT155_SB": 0, "RT157_NB": 0, "RT157_SB": 0, "RT198_NB": 0, "RT198_SB": 0, "RT766_EB": 0, "RT766_WB": 0, "RT777_EB": 0, "RT777_WB": 0, "AWDT23*1.2": 10019, "Total_Users": 10030, "TransitUsersTTL": 11, "TrnstModeShare": 0.11 }, "geometry": { "type": "MultiLineString", "coordinates": [ [ [ -106.497263114765175, 35.086277911826805 ], [ -106.49704674070604, 35.086271634262097 ], [ -106.495686338870328, 35.086232156691885 ], [ -106.495157494117507, 35.086221908288039 ], [ -106.494325358822636, 35.086205776728136 ], [ -106.494233385102746, 35.086203993218255 ], [ -106.493461765476326, 35.08618970532347 ], [ -106.493414057952776, 35.086188822112327 ], [ -106.493188978754617, 35.086190999994898 ], [ -106.493066039077561, 35.08619776312004 ], [ -106.492954782583325, 35.086214568393927 ], [ -106.492757376366939, 35.086254228543957 ], [ -106.49259190499339, 35.086302943640035 ], [ -106.49231211455735, 35.086413311444012 ], [ -106.492085328082993, 35.086518616583554 ], [ -106.491955864518332, 35.086591427010632 ], [ -106.491894838265551, 35.086625749173564 ], [ -106.491701011748603, 35.086746620023249 ], [ -106.491573212490664, 35.086836987124073 ], [ -106.491479373697459, 35.086917426319957 ], [ -106.491272714378638, 35.087097105205466 ] ] ] } },
{ "type": "Feature", "properties": { "fid": 1702, "OBJECTID": 1702, "COGID": 24736, "RTE": "5TH STREET", "LOCAT": " NORTH OF CENTRAL - SOUTH OF COPPER", "LENGTH": 365.645, "MILES": 0.068999998271465302, "ADT22": 6093, "AWDT22": 6517, "Shape_Length": 369.88460407829058, "ADT23": 2818, "AWDT23": 3032, "RT1_NB": 0, "RT1_SB": 0, "RT2_NB": 0, "RT2_SB": 0, "RT5_EB": 0, "RT5_WB": 0, "RT8_EB": 172, "RT8_WB": 0, "RT10_NB": 0, "RT10_SB": 0, "RT11_EB": 0, "RT11_WB": 0, "RT16_EB": 0, "RT16_WB": 0, "RT31_NB": 0, "RT31_SB": 0, "RT36": 18, "RT50_NB": 0, "RT50_SB": 0, "RT51_NB": 0, "RT51_SB": 0, "RT53_NB": 0, "RT53_SB": 0, "RT54_EB": 0, "RT54_WB": 0, "RT66_EB": 0, "RT66_WB": 0, "RT97_EB": 0, "RT97_WB": 0, "RT140_NB": 0, "RT140_SB": 0, "RT141_NB": 0, "RT141_SB": 0, "RT155_NB": 0, "RT155_SB": 0, "RT157_NB": 0, "RT157_SB": 0, "RT198_NB": 0, "RT198_SB": 0, "RT766_EB": 0, "RT766_WB": 0, "RT777_EB": 0, "RT777_WB": 0, "AWDT23*1.2": 3638, "Total_Users": 3828, "TransitUsersTTL": 190, "TrnstModeShare": 4.96 }, "geometry": { "type": "MultiLineString", "coordinates": [ [ [ -106.652791183743119, 35.084707674077258 ], [ -106.652600355437826, 35.085711795688376 ] ] ] } },
{ "type": "Feature", "properties": { "fid": 1703, "OBJECTID": 1703, "COGID": 24740, "RTE": "COPPER", "LOCAT": " EAST OF 6TH ST. - WEST OF 5TH ST.", "LENGTH": 357.831, "MILES": 0.068000003695487976, "ADT22": 2204, "AWDT22": 2357, "Shape_Length": 359.46944228963946, "ADT23": 2025, "AWDT23": 2165, "RT1_NB": 0, "RT1_SB": 0, "RT2_NB": 0, "RT2_SB": 0, "RT5_EB": 0, "RT5_WB": 0, "RT8_EB": 0, "RT8_WB": 0, "RT10_NB": 0, "RT10_SB": 0, "RT11_EB": 0, "RT11_WB": 0, "RT16_EB": 0, "RT16_WB": 0, "RT31_NB": 0, "RT31_SB": 0, "RT36": 0, "RT50_NB": 0, "RT50_SB": 0, "RT51_NB": 0, "RT51_SB": 0, "RT53_NB": 0, "RT53_SB": 0, "RT54_EB": 0, "RT54_WB": 0, "RT66_EB": 0, "RT66_WB": 332, "RT97_EB": 0, "RT97_WB": 0, "RT140_NB": 0, "RT140_SB": 0, "RT141_NB": 0, "RT141_SB": 0, "RT155_NB": 0, "RT155_SB": 0, "RT157_NB": 0, "RT157_SB": 0, "RT198_NB": 0, "RT198_SB": 0, "RT766_EB": 0, "RT766_WB": 470, "RT777_EB": 0, "RT777_WB": 457, "AWDT23*1.2": 2598, "Total_Users": 3857, "TransitUsersTTL": 1259, "TrnstModeShare": 32.64 }, "geometry": { "type": "MultiLineString", "coordinates": [ [ [ -106.653788822386815, 35.085857326702957 ], [ -106.652600355437826, 35.085711795688376 ] ] ] } },
{ "type": "Feature", "properties": { "fid": 1705, "OBJECTID": 1705, "COGID": 24761, "RTE": "PAN AM. EAST", "LOCAT": "NORTH OF LOMAS - SOUTH OF MOUNTAIN RD.", "LENGTH": 626.631, "MILES": 0.11900000274181366, "ADT22": 7814, "AWDT22": 8739, "Shape_Length": 627.71696495540323, "ADT23": 9845, "AWDT23": 10592, "RT1_NB": 0, "RT1_SB": 0, "RT2_NB": 0, "RT2_SB": 0, "RT5_EB": 0, "RT5_WB": 194, "RT8_EB": 0, "RT8_WB": 0, "RT10_NB": 0, "RT10_SB": 0, "RT11_EB": 0, "RT11_WB": 0, "RT16_EB": 0, "RT16_WB": 0, "RT31_NB": 0, "RT31_SB": 0, "RT36": 0, "RT50_NB": 0, "RT50_SB": 0, "RT51_NB": 0, "RT51_SB": 0, "RT53_NB": 0, "RT53_SB": 0, "RT54_EB": 0, "RT54_WB": 0, "RT66_EB": 0, "RT66_WB": 0, "RT97_EB": 0, "RT97_WB": 0, "RT140_NB": 0, "RT140_SB": 0, "RT141_NB": 0, "RT141_SB": 0, "RT155_NB": 0, "RT155_SB": 0, "RT157_NB": 0, "RT157_SB": 0, "RT198_NB": 0, "RT198_SB": 0, "RT766_EB": 0, "RT766_WB": 0, "RT777_EB": 0, "RT777_WB": 0, "AWDT23*1.2": 12710, "Total_Users": 12904, "TransitUsersTTL": 194, "TrnstModeShare": 1.5 }, "geometry": { "type": "MultiLineString", "coordinates": [ [ [ -106.633640864905857, 35.091694892093237 ], [ -106.633626691412388, 35.092054353470012 ], [ -106.633600992485171, 35.09223009641039 ], [ -106.633421105617003, 35.092807013810862 ], [ -106.633235058777515, 35.093379445807727 ] ] ] } },
{ "type": "Feature", "properties": { "fid": 1711, "OBJECTID": 1711, "COGID": 24772, "RTE": "COPPER", "LOCAT": " EAST OF 3RD ST. - WEST OF 2ND ST.", "LENGTH": 357.718, "MILES": 0.068000003695487976, "ADT22": 2419, "AWDT22": 2589, "Shape_Length": 358.54952565895752, "ADT23": 2222, "AWDT23": 2378, "RT1_NB": 0, "RT1_SB": 0, "RT2_NB": 0, "RT2_SB": 0, "RT5_EB": 0, "RT5_WB": 0, "RT8_EB": 0, "RT8_WB": 0, "RT10_NB": 0, "RT10_SB": 0, "RT11_EB": 0, "RT11_WB": 0, "RT16_EB": 0, "RT16_WB": 0, "RT31_NB": 0, "RT31_SB": 0, "RT36": 0, "RT50_NB": 0, "RT50_SB": 0, "RT51_NB": 0, "RT51_SB": 0, "RT53_NB": 0, "RT53_SB": 0, "RT54_EB": 0, "RT54_WB": 0, "RT66_EB": 0, "RT66_WB": 346, "RT97_EB": 0, "RT97_WB": 0, "RT140_NB": 0, "RT140_SB": 0, "RT141_NB": 0, "RT141_SB": 0, "RT155_NB": 0, "RT155_SB": 0, "RT157_NB": 0, "RT157_SB": 0, "RT198_NB": 0, "RT198_SB": 0, "RT766_EB": 0, "RT766_WB": 490, "RT777_EB": 0, "RT777_WB": 474, "AWDT23*1.2": 2854, "Total_Users": 4164, "TransitUsersTTL": 1310, "TrnstModeShare": 31.46 }, "geometry": { "type": "MultiLineString", "coordinates": [ [ [ -106.6502157980009, 35.085402119626217 ], [ -106.649030918501524, 35.085254013155208 ] ] ] } },
{ "type": "Feature", "properties": { "fid": 1712, "OBJECTID": 1712, "COGID": 24775, "RTE": "CENTRAL", "LOCAT": "EAST OF COPPER - NORTHWEST OF 8TH", "LENGTH": 606.188, "MILES": 0.11500000208616257, "ADT22": 7564, "AWDT22": 8175, "Shape_Length": 749.45576989388837, "ADT23": 7032, "AWDT23": 7510, "RT1_NB": 0, "RT1_SB": 0, "RT2_NB": 0, "RT2_SB": 0, "RT5_EB": 0, "RT5_WB": 0, "RT8_EB": 0, "RT8_WB": 0, "RT10_NB": 0, "RT10_SB": 0, "RT11_EB": 0, "RT11_WB": 0, "RT16_EB": 0, "RT16_WB": 0, "RT31_NB": 0, "RT31_SB": 0, "RT36": 0, "RT50_NB": 0, "RT50_SB": 0, "RT51_NB": 0, "RT51_SB": 0, "RT53_NB": 0, "RT53_SB": 0, "RT54_EB": 0, "RT54_WB": 0, "RT66_EB": 277, "RT66_WB": 0, "RT97_EB": 0, "RT97_WB": 0, "RT140_NB": 0, "RT140_SB": 0, "RT141_NB": 0, "RT141_SB": 0, "RT155_NB": 0, "RT155_SB": 0, "RT157_NB": 0, "RT157_SB": 0, "RT198_NB": 0, "RT198_SB": 0, "RT766_EB": 427, "RT766_WB": 0, "RT777_EB": 429, "RT777_WB": 0, "AWDT23*1.2": 9012, "Total_Users": 10145, "TransitUsersTTL": 1133, "TrnstModeShare": 11.17 }, "geometry": { "type": "MultiLineString", "coordinates": [ [ [ -106.658547555118616, 35.086475530872548 ], [ -106.657369340233487, 35.085724510652561 ], [ -106.656565291484, 35.085216392540616 ] ] ] } },
{ "type": "Feature", "properties": { "fid": 1713, "OBJECTID": 1713, "COGID": 24776, "RTE": "CENTRAL", "LOCAT": "EAST OF 12TH ST. - WEST OF COPPER", "LENGTH": 847.796, "MILES": 0.16099999845027924, "ADT22": 8538, "AWDT22": 9193, "Shape_Length": 791.10539010154559, "ADT23": 7843, "AWDT23": 8445, "RT1_NB": 0, "RT1_SB": 0, "RT2_NB": 0, "RT2_SB": 0, "RT5_EB": 0, "RT5_WB": 0, "RT8_EB": 0, "RT8_WB": 0, "RT10_NB": 0, "RT10_SB": 0, "RT11_EB": 0, "RT11_WB": 0, "RT16_EB": 0, "RT16_WB": 0, "RT31_NB": 0, "RT31_SB": 0, "RT36": 0, "RT50_NB": 0, "RT50_SB": 0, "RT51_NB": 0, "RT51_SB": 0, "RT53_NB": 0, "RT53_SB": 0, "RT54_EB": 0, "RT54_WB": 0, "RT66_EB": 267, "RT66_WB": 323, "RT97_EB": 0, "RT97_WB": 0, "RT140_NB": 0, "RT140_SB": 0, "RT141_NB": 0, "RT141_SB": 0, "RT155_NB": 0, "RT155_SB": 0, "RT157_NB": 0, "RT157_SB": 0, "RT198_NB": 0, "RT198_SB": 0, "RT766_EB": 427, "RT766_WB": 470, "RT777_EB": 429, "RT777_WB": 457, "AWDT23*1.2": 10134, "Total_Users": 12507, "TransitUsersTTL": 2373, "TrnstModeShare": 18.97 }, "geometry": { "type": "MultiLineString", "coordinates": [ [ [ -106.660772945512576, 35.087640394538944 ], [ -106.659932028175803, 35.087274204423885 ], [ -106.659649585981157, 35.087137613440873 ], [ -106.659648718588699, 35.087137193589776 ], [ -106.659508483704286, 35.087057693966933 ], [ -106.658547555118616, 35.086475530872548 ] ] ] } },
{ "type": "Feature", "properties": { "fid": 1715, "OBJECTID": 1715, "COGID": 24780, "RTE": "2ND STREET", "LOCAT": " NORTH OF CENTRAL - SOUTH OF COPPER", "LENGTH": 370.866, "MILES": 0.070000000298023224, "ADT22": 8922, "AWDT22": 9660, "Shape_Length": 371.2266753989532, "ADT23": 8196, "AWDT23": 8874, "RT1_NB": 0, "RT1_SB": 0, "RT2_NB": 0, "RT2_SB": 0, "RT5_EB": 176, "RT5_WB": 204, "RT8_EB": 0, "RT8_WB": 0, "RT10_NB": 212, "RT10_SB": 198, "RT11_EB": 98, "RT11_WB": 117, "RT16_EB": 18, "RT16_WB": 18, "RT31_NB": 0, "RT31_SB": 0, "RT36": 0, "RT50_NB": 46, "RT50_SB": 51, "RT51_NB": 0, "RT51_SB": 0, "RT53_NB": 0, "RT53_SB": 0, "RT54_EB": 0, "RT54_WB": 0, "RT66_EB": 0, "RT66_WB": 346, "RT97_EB": 0, "RT97_WB": 0, "RT140_NB": 0, "RT140_SB": 0, "RT141_NB": 0, "RT141_SB": 0, "RT155_NB": 0, "RT155_SB": 0, "RT157_NB": 0, "RT157_SB": 0, "RT198_NB": 0, "RT198_SB": 0, "RT766_EB": 0, "RT766_WB": 0, "RT777_EB": 0, "RT777_WB": 0, "AWDT23*1.2": 10649, "Total_Users": 12133, "TransitUsersTTL": 1484, "TrnstModeShare": 12.23 }, "geometry": { "type": "MultiLineString", "coordinates": [ [ [ -106.649218743850156, 35.08424577816821 ], [ -106.649030918501524, 35.085254013155208 ] ] ] } },
{ "type": "Feature", "properties": { "fid": 1716, "OBJECTID": 1716, "COGID": 24784, "RTE": "COPPER", "LOCAT": " EAST OF 5TH ST. - WEST OF 3RD ST.", "LENGTH": 724.724, "MILES": 0.13699999451637268, "ADT22": 2906, "AWDT22": 3107, "Shape_Length": 722.22602949615441, "ADT23": 2670, "AWDT23": 2854, "RT1_NB": 0, "RT1_SB": 0, "RT2_NB": 0, "RT2_SB": 0, "RT5_EB": 0, "RT5_WB": 0, "RT8_EB": 0, "RT8_WB": 0, "RT10_NB": 0, "RT10_SB": 0, "RT11_EB": 0, "RT11_WB": 0, "RT16_EB": 0, "RT16_WB": 0, "RT31_NB": 0, "RT31_SB": 0, "RT36": 0, "RT50_NB": 0, "RT50_SB": 0, "RT51_NB": 0, "RT51_SB": 0, "RT53_NB": 0, "RT53_SB": 0, "RT54_EB": 0, "RT54_WB": 0, "RT66_EB": 0, "RT66_WB": 346, "RT97_EB": 0, "RT97_WB": 0, "RT140_NB": 0, "RT140_SB": 0, "RT141_NB": 0, "RT141_SB": 0, "RT155_NB": 0, "RT155_SB": 0, "RT157_NB": 0, "RT157_SB": 0, "RT198_NB": 0, "RT198_SB": 0, "RT766_EB": 0, "RT766_WB": 490, "RT777_EB": 0, "RT777_WB": 474, "AWDT23*1.2": 3425, "Total_Users": 4735, "TransitUsersTTL": 1310, "TrnstModeShare": 27.67 }, "geometry": { "type": "MultiLineString", "coordinates": [ [ [ -106.652600355437826, 35.085711795688376 ], [ -106.651420799167596, 35.085555604390976 ], [ -106.651411301511445, 35.085554393627909 ], [ -106.6502157980009, 35.085402119626217 ] ] ] } },
{ "type": "Feature", "properties": { "fid": 1718, "OBJECTID": 1718, "COGID": 24792, "RTE": "MARTIN LUTHER KING JR", "LOCAT": " EAST OF BROADWAY - WEST OF LOCUST", "LENGTH": 2197.805, "MILES": 0.41600000858306885, "ADT22": 10546, "AWDT22": 11398, "Shape_Length": 2212.5305432844248, "ADT23": 9804, "AWDT23": 10470, "RT1_NB": 0, "RT1_SB": 0, "RT2_NB": 0, "RT2_SB": 0, "RT5_EB": 0, "RT5_WB": 0, "RT8_EB": 0, "RT8_WB": 0, "RT10_NB": 0, "RT10_SB": 0, "RT11_EB": 0, "RT11_WB": 0, "RT16_EB": 0, "RT16_WB": 0, "RT31_NB": 0, "RT31_SB": 0, "RT36": 0, "RT50_NB": 55, "RT50_SB": 56, "RT51_NB": 0, "RT51_SB": 0, "RT53_NB": 0, "RT53_SB": 0, "RT54_EB": 0, "RT54_WB": 0, "RT66_EB": 0, "RT66_WB": 0, "RT97_EB": 0, "RT97_WB": 0, "RT140_NB": 0, "RT140_SB": 0, "RT141_NB": 0, "RT141_SB": 0, "RT155_NB": 0, "RT155_SB": 0, "RT157_NB": 0, "RT157_SB": 0, "RT198_NB": 0, "RT198_SB": 0, "RT766_EB": 0, "RT766_WB": 0, "RT777_EB": 0, "RT777_WB": 0, "AWDT23*1.2": 12564, "Total_Users": 12675, "TransitUsersTTL": 111, "TrnstModeShare": 0.88 }, "geometry": { "type": "MultiLineString", "coordinates": [ [ [ -106.644115780760941, 35.086286811343143 ], [ -106.643113552707234, 35.086095464138559 ], [ -106.642865112479427, 35.086043341333998 ], [ -106.642428989803761, 35.085951839756405 ], [ -106.641690929647183, 35.085802179603803 ], [ -106.640518621114865, 35.085624480805215 ], [ -106.640517602658335, 35.085624325429158 ], [ -106.639447144943773, 35.085527344227884 ], [ -106.639380789685532, 35.085521614027819 ], [ -106.638093515244918, 35.085410442881027 ], [ -106.636832611999083, 35.085292867363151 ] ] ] } },
{ "type": "Feature", "properties": { "fid": 1719, "OBJECTID": 1719, "COGID": 24812, "RTE": "EUBANK", "LOCAT": " NORTH OF I-40 N. RAMPS - SOUTH OF LOMAS", "LENGTH": 1057.457, "MILES": 0.20000000298023224, "ADT22": 35482, "AWDT22": 38204, "Shape_Length": 1074.5799337492065, "ADT23": 37293, "AWDT23": 40154, "RT1_NB": 0, "RT1_SB": 0, "RT2_NB": 36, "RT2_SB": 42, "RT5_EB": 0, "RT5_WB": 0, "RT8_EB": 0, "RT8_WB": 0, "RT10_NB": 0, "RT10_SB": 0, "RT11_EB": 0, "RT11_WB": 0, "RT16_EB": 0, "RT16_WB": 0, "RT31_NB": 0, "RT31_SB": 0, "RT36": 0, "RT50_NB": 0, "RT50_SB": 0, "RT51_NB": 0, "RT51_SB": 0, "RT53_NB": 0, "RT53_SB": 0, "RT54_EB": 0, "RT54_WB": 0, "RT66_EB": 0, "RT66_WB": 0, "RT97_EB": 0, "RT97_WB": 0, "RT140_NB": 0, "RT140_SB": 0, "RT141_NB": 0, "RT141_SB": 0, "RT155_NB": 0, "RT155_SB": 0, "RT157_NB": 0, "RT157_SB": 0, "RT198_NB": 0, "RT198_SB": 0, "RT766_EB": 0, "RT766_WB": 0, "RT777_EB": 0, "RT777_WB": 0, "AWDT23*1.2": 48185, "Total_Users": 48263, "TransitUsersTTL": 78, "TrnstModeShare": 0.16 }, "geometry": { "type": "MultiLineString", "coordinates": [ [ [ -106.53245286475665, 35.084295523813211 ], [ -106.532545313458243, 35.086041813238047 ], [ -106.532543864722513, 35.086591347515117 ], [ -106.532560747833188, 35.087246277031163 ] ] ] } },
{ "type": "Feature", "properties": { "fid": 1721, "OBJECTID": 1721, "COGID": 24820, "RTE": "MARTIN LUTHER KING JR", "LOCAT": " EAST OF LOCUST - WEST OF OAK", "LENGTH": 370.843, "MILES": 0.070000000298023224, "ADT22": 14331, "AWDT22": 15516, "Shape_Length": 359.85695775053654, "ADT23": 15062, "AWDT23": 16308, "RT1_NB": 0, "RT1_SB": 0, "RT2_NB": 0, "RT2_SB": 0, "RT5_EB": 0, "RT5_WB": 0, "RT8_EB": 0, "RT8_WB": 0, "RT10_NB": 0, "RT10_SB": 0, "RT11_EB": 0, "RT11_WB": 0, "RT16_EB": 0, "RT16_WB": 0, "RT31_NB": 0, "RT31_SB": 0, "RT36": 0, "RT50_NB": 55, "RT50_SB": 56, "RT51_NB": 0, "RT51_SB": 0, "RT53_NB": 0, "RT53_SB": 0, "RT54_EB": 0, "RT54_WB": 0, "RT66_EB": 0, "RT66_WB": 0, "RT97_EB": 0, "RT97_WB": 0, "RT140_NB": 0, "RT140_SB": 0, "RT141_NB": 0, "RT141_SB": 0, "RT155_NB": 0, "RT155_SB": 0, "RT157_NB": 0, "RT157_SB": 0, "RT198_NB": 0, "RT198_SB": 0, "RT766_EB": 0, "RT766_WB": 0, "RT777_EB": 0, "RT777_WB": 0, "AWDT23*1.2": 19570, "Total_Users": 19681, "TransitUsersTTL": 111, "TrnstModeShare": 0.56 }, "geometry": { "type": "MultiLineString", "coordinates": [ [ [ -106.636832611999083, 35.085292867363151 ], [ -106.636277586016803, 35.085228648380912 ], [ -106.636076675917906, 35.085205402367265 ], [ -106.635641483733934, 35.085155047271911 ] ] ] } },
{ "type": "Feature", "properties": { "fid": 1723, "OBJECTID": 1723, "COGID": 24828, "RTE": "MARTIN LUTHER KING JR", "LOCAT": " EAST OF OAK - WEST OF UNIVERSITY", "LENGTH": 2878.585, "MILES": 0.54500001668930054, "ADT22": 7536, "AWDT22": 8313, "Shape_Length": 2887.6748170362698, "ADT23": 8121, "AWDT23": 8737, "RT1_NB": 0, "RT1_SB": 0, "RT2_NB": 0, "RT2_SB": 0, "RT5_EB": 0, "RT5_WB": 0, "RT8_EB": 0, "RT8_WB": 0, "RT10_NB": 0, "RT10_SB": 0, "RT11_EB": 0, "RT11_WB": 0, "RT16_EB": 0, "RT16_WB": 0, "RT31_NB": 0, "RT31_SB": 0, "RT36": 0, "RT50_NB": 55, "RT50_SB": 58, "RT51_NB": 0, "RT51_SB": 0, "RT53_NB": 0, "RT53_SB": 0, "RT54_EB": 0, "RT54_WB": 0, "RT66_EB": 0, "RT66_WB": 0, "RT97_EB": 0, "RT97_WB": 0, "RT140_NB": 0, "RT140_SB": 0, "RT141_NB": 0, "RT141_SB": 0, "RT155_NB": 0, "RT155_SB": 0, "RT157_NB": 0, "RT157_SB": 0, "RT198_NB": 0, "RT198_SB": 0, "RT766_EB": 0, "RT766_WB": 0, "RT777_EB": 0, "RT777_WB": 0, "AWDT23*1.2": 10484, "Total_Users": 10597, "TransitUsersTTL": 113, "TrnstModeShare": 1.07 }, "geometry": { "type": "MultiLineString", "coordinates": [ [ [ -106.635641483733934, 35.085155047271911 ], [ -106.634926788142607, 35.085059161380393 ], [ -106.634518180546621, 35.085004339496493 ], [ -106.634399016707931, 35.084987546395311 ], [ -106.634280289684639, 35.084970815795799 ], [ -106.633157628701923, 35.084826454922165 ], [ -106.633155897121554, 35.084826232325447 ], [ -106.632366865691111, 35.084724766216873 ], [ -106.631916833876303, 35.084666892141577 ], [ -106.631914977204801, 35.084666652793459 ], [ -106.631498500976747, 35.084613092209935 ], [ -106.630681972572134, 35.084508078677544 ], [ -106.629442927497564, 35.084348714921063 ], [ -106.629128545077847, 35.084308276389109 ], [ -106.628175606162969, 35.084185699154354 ], [ -106.62743000610503, 35.084089786051166 ], [ -106.627162410194572, 35.084089394442401 ], [ -106.626969854895719, 35.084149003278448 ], [ -106.626875895466839, 35.084178090481991 ], [ -106.626723170268093, 35.084188773999408 ], [ -106.626117903053199, 35.084113345857972 ] ] ] } },
{ "type": "Feature", "properties": { "fid": 1724, "OBJECTID": 1724, "COGID": 24832, "RTE": "6TH STREET", "LOCAT": " NORTH OF COPPER - SOUTH OF TIJERAS", "LENGTH": 508.109, "MILES": 0.096000000834465027, "ADT22": 5737, "AWDT22": 6136, "Shape_Length": 497.38720010737819, "ADT23": 3694, "AWDT23": 3974, "RT1_NB": 0, "RT1_SB": 0, "RT2_NB": 0, "RT2_SB": 0, "RT5_EB": 0, "RT5_WB": 0, "RT8_EB": 0, "RT8_WB": 196, "RT10_NB": 0, "RT10_SB": 0, "RT11_EB": 0, "RT11_WB": 0, "RT16_EB": 0, "RT16_WB": 0, "RT31_NB": 0, "RT31_SB": 0, "RT36": 18, "RT50_NB": 0, "RT50_SB": 0, "RT51_NB": 0, "RT51_SB": 0, "RT53_NB": 0, "RT53_SB": 0, "RT54_EB": 0, "RT54_WB": 0, "RT66_EB": 0, "RT66_WB": 0, "RT97_EB": 0, "RT97_WB": 0, "RT140_NB": 0, "RT140_SB": 0, "RT141_NB": 0, "RT141_SB": 0, "RT155_NB": 0, "RT155_SB": 0, "RT157_NB": 0, "RT157_SB": 0, "RT198_NB": 0, "RT198_SB": 0, "RT766_EB": 0, "RT766_WB": 0, "RT777_EB": 0, "RT777_WB": 0, "AWDT23*1.2": 4769, "Total_Users": 4983, "TransitUsersTTL": 214, "TrnstModeShare": 4.29 }, "geometry": { "type": "MultiLineString", "coordinates": [ [ [ -106.653533361608226, 35.087207725359022 ], [ -106.653788822386815, 35.085857326702957 ] ] ] } },
{ "type": "Feature", "properties": { "fid": 1725, "OBJECTID": 1725, "COGID": 24836, "RTE": "5TH STREET", "LOCAT": " NORTH OF COPPER - SOUTH OF TIJERAS", "LENGTH": 438.112, "MILES": 0.082999996840953827, "ADT22": 6502, "AWDT22": 6955, "Shape_Length": 440.92744031046414, "ADT23": 3139, "AWDT23": 3377, "RT1_NB": 0, "RT1_SB": 0, "RT2_NB": 0, "RT2_SB": 0, "RT5_EB": 0, "RT5_WB": 0, "RT8_EB": 195, "RT8_WB": 0, "RT10_NB": 0, "RT10_SB": 0, "RT11_EB": 0, "RT11_WB": 0, "RT16_EB": 0, "RT16_WB": 0, "RT31_NB": 0, "RT31_SB": 0, "RT36": 21, "RT50_NB": 0, "RT50_SB": 0, "RT51_NB": 0, "RT51_SB": 0, "RT53_NB": 0, "RT53_SB": 0, "RT54_EB": 0, "RT54_WB": 0, "RT66_EB": 0, "RT66_WB": 0, "RT97_EB": 0, "RT97_WB": 0, "RT140_NB": 0, "RT140_SB": 0, "RT141_NB": 0, "RT141_SB": 0, "RT155_NB": 0, "RT155_SB": 0, "RT157_NB": 0, "RT157_SB": 0, "RT198_NB": 0, "RT198_SB": 0, "RT766_EB": 0, "RT766_WB": 0, "RT777_EB": 0, "RT777_WB": 0, "AWDT23*1.2": 4052, "Total_Users": 4268, "TransitUsersTTL": 216, "TrnstModeShare": 5.06 }, "geometry": { "type": "MultiLineString", "coordinates": [ [ [ -106.652600355437826, 35.085711795688376 ], [ -106.65236874240388, 35.086908241082973 ] ] ] } },
{ "type": "Feature", "properties": { "fid": 1730, "OBJECTID": 1730, "COGID": 24860, "RTE": "2ND STREET", "LOCAT": " NORTH OF COPPER - SOUTH OF TIJERAS", "LENGTH": 448.893, "MILES": 0.085000000894069672, "ADT22": 4166, "AWDT22": 4502, "Shape_Length": 433.63620780054288, "ADT23": 3873, "AWDT23": 4136, "RT1_NB": 0, "RT1_SB": 0, "RT2_NB": 0, "RT2_SB": 0, "RT5_EB": 176, "RT5_WB": 189, "RT8_EB": 0, "RT8_WB": 0, "RT10_NB": 212, "RT10_SB": 198, "RT11_EB": 98, "RT11_WB": 117, "RT16_EB": 18, "RT16_WB": 18, "RT31_NB": 0, "RT31_SB": 0, "RT36": 0, "RT50_NB": 46, "RT50_SB": 51, "RT51_NB": 0, "RT51_SB": 0, "RT53_NB": 0, "RT53_SB": 0, "RT54_EB": 0, "RT54_WB": 0, "RT66_EB": 0, "RT66_WB": 0, "RT97_EB": 0, "RT97_WB": 0, "RT140_NB": 0, "RT140_SB": 0, "RT141_NB": 0, "RT141_SB": 0, "RT155_NB": 0, "RT155_SB": 0, "RT157_NB": 0, "RT157_SB": 0, "RT198_NB": 0, "RT198_SB": 0, "RT766_EB": 0, "RT766_WB": 0, "RT777_EB": 0, "RT777_WB": 0, "AWDT23*1.2": 4963, "Total_Users": 6086, "TransitUsersTTL": 1123, "TrnstModeShare": 18.45 }, "geometry": { "type": "MultiLineString", "coordinates": [ [ [ -106.649030918501524, 35.085254013155208 ], [ -106.648809412908406, 35.086431483729022 ] ] ] } },
{ "type": "Feature", "properties": { "fid": 1732, "OBJECTID": 1732, "COGID": 24868, "RTE": "COPPER", "LOCAT": " EAST OF 2ND ST. - NORTH OF CENTRAL", "LENGTH": 620.377, "MILES": 0.11699999868869781, "ADT22": 3484, "AWDT22": 3726, "Shape_Length": 352.39231208341232, "ADT23": 3201, "AWDT23": 3423, "RT1_NB": 0, "RT1_SB": 0, "RT2_NB": 0, "RT2_SB": 0, "RT5_EB": 0, "RT5_WB": 0, "RT8_EB": 0, "RT8_WB": 0, "RT10_NB": 0, "RT10_SB": 0, "RT11_EB": 0, "RT11_WB": 0, "RT16_EB": 0, "RT16_WB": 0, "RT31_NB": 0, "RT31_SB": 0, "RT36": 0, "RT50_NB": 0, "RT50_SB": 0, "RT51_NB": 0, "RT51_SB": 0, "RT53_NB": 0, "RT53_SB": 0, "RT54_EB": 0, "RT54_WB": 0, "RT66_EB": 0, "RT66_WB": 0, "RT97_EB": 0, "RT97_WB": 0, "RT140_NB": 0, "RT140_SB": 0, "RT141_NB": 0, "RT141_SB": 0, "RT155_NB": 0, "RT155_SB": 0, "RT157_NB": 0, "RT157_SB": 0, "RT198_NB": 0, "RT198_SB": 0, "RT766_EB": 0, "RT766_WB": 490, "RT777_EB": 0, "RT777_WB": 474, "AWDT23*1.2": 4108, "Total_Users": 5072, "TransitUsersTTL": 964, "TrnstModeShare": 19.01 }, "geometry": { "type": "MultiLineString", "coordinates": [ [ [ -106.649030918501524, 35.085254013155208 ], [ -106.648437521698497, 35.085172374336871 ], [ -106.647867598233219, 35.085102286149805 ] ] ] } },
{ "type": "Feature", "properties": { "fid": 1733, "OBJECTID": 1733, "COGID": 24868, "RTE": "COPPER", "LOCAT": " EAST OF 2ND ST. - NORTH OF CENTRAL", "LENGTH": 620.377, "MILES": 0.11699999868869781, "ADT22": 3484, "AWDT22": 3726, "Shape_Length": 369.44473722752292, "ADT23": 3201, "AWDT23": 3423, "RT1_NB": 0, "RT1_SB": 0, "RT2_NB": 0, "RT2_SB": 0, "RT5_EB": 0, "RT5_WB": 0, "RT8_EB": 0, "RT8_WB": 0, "RT10_NB": 0, "RT10_SB": 0, "RT11_EB": 0, "RT11_WB": 0, "RT16_EB": 0, "RT16_WB": 0, "RT31_NB": 0, "RT31_SB": 0, "RT36": 0, "RT50_NB": 0, "RT50_SB": 0, "RT51_NB": 0, "RT51_SB": 0, "RT53_NB": 0, "RT53_SB": 0, "RT54_EB": 0, "RT54_WB": 0, "RT66_EB": 0, "RT66_WB": 0, "RT97_EB": 0, "RT97_WB": 0, "RT140_NB": 0, "RT140_SB": 0, "RT141_NB": 0, "RT141_SB": 0, "RT155_NB": 0, "RT155_SB": 0, "RT157_NB": 0, "RT157_SB": 0, "RT198_NB": 0, "RT198_SB": 0, "RT766_EB": 0, "RT766_WB": 490, "RT777_EB": 0, "RT777_WB": 474, "AWDT23*1.2": 4108, "Total_Users": 5072, "TransitUsersTTL": 964, "TrnstModeShare": 19.01 }, "geometry": { "type": "MultiLineString", "coordinates": [ [ [ -106.648032862104728, 35.084097721944531 ], [ -106.64802869382136, 35.084272028982838 ], [ -106.647867598233219, 35.085102286149805 ] ] ] } },
{ "type": "Feature", "properties": { "fid": 1734, "OBJECTID": 1734, "COGID": 24872, "RTE": "UNIVERSITY", "LOCAT": " NORTH OF MARTIN LUTHER KING JR - SOUTH OF LOMAS", "LENGTH": 2271.941, "MILES": 0.43000000715255737, "ADT22": 16626, "AWDT22": 17617, "Shape_Length": 2273.8521975068311, "ADT23": 17211, "AWDT23": 18516, "RT1_NB": 0, "RT1_SB": 0, "RT2_NB": 0, "RT2_SB": 0, "RT5_EB": 0, "RT5_WB": 0, "RT8_EB": 0, "RT8_WB": 0, "RT10_NB": 0, "RT10_SB": 0, "RT11_EB": 0, "RT11_WB": 0, "RT16_EB": 50, "RT16_WB": 39, "RT31_NB": 0, "RT31_SB": 0, "RT36": 0, "RT50_NB": 0, "RT50_SB": 0, "RT51_NB": 0, "RT51_SB": 0, "RT53_NB": 0, "RT53_SB": 0, "RT54_EB": 0, "RT54_WB": 0, "RT66_EB": 0, "RT66_WB": 0, "RT97_EB": 0, "RT97_WB": 0, "RT140_NB": 0, "RT140_SB": 0, "RT141_NB": 0, "RT141_SB": 0, "RT155_NB": 0, "RT155_SB": 0, "RT157_NB": 0, "RT157_SB": 0, "RT198_NB": 0, "RT198_SB": 0, "RT766_EB": 0, "RT766_WB": 0, "RT777_EB": 0, "RT777_WB": 0, "AWDT23*1.2": 22219, "Total_Users": 22308, "TransitUsersTTL": 89, "TrnstModeShare": 0.4 }, "geometry": { "type": "MultiLineString", "coordinates": [ [ [ -106.626117903053199, 35.084113345857972 ], [ -106.625975950379569, 35.084571924116389 ], [ -106.625892516555226, 35.084976465214254 ], [ -106.62589194895061, 35.084979675249635 ], [ -106.625724975048115, 35.085924194712121 ], [ -106.625723009244993, 35.085935314831687 ], [ -106.625527500272639, 35.086906701792067 ], [ -106.625427938545499, 35.087394108951926 ], [ -106.625381672469359, 35.087756596109472 ], [ -106.625367309475095, 35.088221566321067 ], [ -106.625351970916327, 35.088601941682185 ], [ -106.625348558434595, 35.088686550078776 ], [ -106.625343494512791, 35.088812140970433 ], [ -106.625325475837514, 35.089529432991149 ], [ -106.625305922518564, 35.090307758983037 ] ] ] } },
{ "type": "Feature", "properties": { "fid": 1736, "OBJECTID": 1736, "COGID": 24888, "RTE": "6TH STREET", "LOCAT": " NORTH OF GOLD - SOUTH OF CENTRAL", "LENGTH": 371.134, "MILES": 0.070000000298023224, "ADT22": 3801, "AWDT22": 4065, "Shape_Length": 367.13794136551496, "ADT23": 3027, "AWDT23": 3257, "RT1_NB": 0, "RT1_SB": 0, "RT2_NB": 0, "RT2_SB": 0, "RT5_EB": 0, "RT5_WB": 0, "RT8_EB": 0, "RT8_WB": 172, "RT10_NB": 0, "RT10_SB": 0, "RT11_EB": 0, "RT11_WB": 0, "RT16_EB": 0, "RT16_WB": 0, "RT31_NB": 0, "RT31_SB": 0, "RT36": 17, "RT50_NB": 0, "RT50_SB": 0, "RT51_NB": 0, "RT51_SB": 0, "RT53_NB": 0, "RT53_SB": 0, "RT54_EB": 0, "RT54_WB": 0, "RT66_EB": 0, "RT66_WB": 0, "RT97_EB": 0, "RT97_WB": 0, "RT140_NB": 0, "RT140_SB": 0, "RT141_NB": 0, "RT141_SB": 0, "RT155_NB": 0, "RT155_SB": 0, "RT157_NB": 0, "RT157_SB": 0, "RT198_NB": 0, "RT198_SB": 0, "RT766_EB": 0, "RT766_WB": 0, "RT777_EB": 0, "RT777_WB": 0, "AWDT23*1.2": 3908, "Total_Users": 4097, "TransitUsersTTL": 189, "TrnstModeShare": 4.61 }, "geometry": { "type": "MultiLineString", "coordinates": [ [ [ -106.653978048367833, 35.084863639348754 ], [ -106.654166134673218, 35.083866804771311 ] ] ] } },
{ "type": "Feature", "properties": { "fid": 1737, "OBJECTID": 1737, "COGID": 24891, "RTE": "GOLD", "LOCAT": "SOUTHEAST OF 8TH (CENTRAL) - WEST OF 7TH ST.", "LENGTH": 834.019, "MILES": 0.15800000727176666, "ADT22": 1487, "AWDT22": 1591, "Shape_Length": 749.47039651813225, "ADT23": 1366, "AWDT23": 1462, "RT1_NB": 0, "RT1_SB": 0, "RT2_NB": 0, "RT2_SB": 0, "RT5_EB": 0, "RT5_WB": 0, "RT8_EB": 0, "RT8_WB": 0, "RT10_NB": 0, "RT10_SB": 0, "RT11_EB": 0, "RT11_WB": 0, "RT16_EB": 0, "RT16_WB": 0, "RT31_NB": 0, "RT31_SB": 0, "RT36": 0, "RT50_NB": 0, "RT50_SB": 0, "RT51_NB": 0, "RT51_SB": 0, "RT53_NB": 0, "RT53_SB": 0, "RT54_EB": 0, "RT54_WB": 0, "RT66_EB": 277, "RT66_WB": 0, "RT97_EB": 0, "RT97_WB": 0, "RT140_NB": 0, "RT140_SB": 0, "RT141_NB": 0, "RT141_SB": 0, "RT155_NB": 0, "RT155_SB": 0, "RT157_NB": 0, "RT157_SB": 0, "RT198_NB": 0, "RT198_SB": 0, "RT766_EB": 427, "RT766_WB": 0, "RT777_EB": 429, "RT777_WB": 0, "AWDT23*1.2": 1754, "Total_Users": 2887, "TransitUsersTTL": 1133, "TrnstModeShare": 39.24 }, "geometry": { "type": "MultiLineString", "coordinates": [ [ [ -106.655374226947586, 35.084009809321067 ], [ -106.655805286999822, 35.084061908518038 ], [ -106.656551792920254, 35.084158209214252 ], [ -106.65649529131808, 35.084493393995572 ], [ -106.656473268179298, 35.084609454203026 ], [ -106.6564725164327, 35.08469777299927 ], [ -106.656486772711105, 35.084780599414614 ], [ -106.656541146096757, 35.084923534558499 ], [ -106.656597674202857, 35.085072129885518 ], [ -106.656565291484, 35.085216392540616 ] ] ] } },
{ "type": "Feature", "properties": { "fid": 1738, "OBJECTID": 1738, "COGID": 24892, "RTE": "GOLD", "LOCAT": "EAST OF 7TH - WEST OF 6TH ST.", "LENGTH": 359.852, "MILES": 0.068000003695487976, "ADT22": 2204, "AWDT22": 2357, "Shape_Length": 365.15346989651317, "ADT23": 2025, "AWDT23": 2165, "RT1_NB": 0, "RT1_SB": 0, "RT2_NB": 0, "RT2_SB": 0, "RT5_EB": 0, "RT5_WB": 0, "RT8_EB": 0, "RT8_WB": 0, "RT10_NB": 0, "RT10_SB": 0, "RT11_EB": 0, "RT11_WB": 0, "RT16_EB": 0, "RT16_WB": 0, "RT31_NB": 0, "RT31_SB": 0, "RT36": 0, "RT50_NB": 0, "RT50_SB": 0, "RT51_NB": 0, "RT51_SB": 0, "RT53_NB": 0, "RT53_SB": 0, "RT54_EB": 0, "RT54_WB": 0, "RT66_EB": 277, "RT66_WB": 0, "RT97_EB": 0, "RT97_WB": 0, "RT140_NB": 0, "RT140_SB": 0, "RT141_NB": 0, "RT141_SB": 0, "RT155_NB": 0, "RT155_SB": 0, "RT157_NB": 0, "RT157_SB": 0, "RT198_NB": 0, "RT198_SB": 0, "RT766_EB": 449, "RT766_WB": 0, "RT777_EB": 448, "RT777_WB": 0, "AWDT23*1.2": 2598, "Total_Users": 3772, "TransitUsersTTL": 1174, "TrnstModeShare": 31.12 }, "geometry": { "type": "MultiLineString", "coordinates": [ [ [ -106.655374226947586, 35.084009809321067 ], [ -106.654166134673218, 35.083866804771311 ] ] ] } },
{ "type": "Feature", "properties": { "fid": 1742, "OBJECTID": 1742, "COGID": 24916, "RTE": "EUBANK", "LOCAT": " NORTH OF I-40 S. RAMPS - SOUTH OF I-40 N. RAMPS", "LENGTH": 721.14, "MILES": 0.13699999451637268, "ADT22": 44649, "AWDT22": 48255, "Shape_Length": 704.32228292808588, "ADT23": 46927, "AWDT23": 50717, "RT1_NB": 0, "RT1_SB": 0, "RT2_NB": 38, "RT2_SB": 42, "RT5_EB": 0, "RT5_WB": 0, "RT8_EB": 0, "RT8_WB": 0, "RT10_NB": 0, "RT10_SB": 0, "RT11_EB": 0, "RT11_WB": 0, "RT16_EB": 0, "RT16_WB": 0, "RT31_NB": 0, "RT31_SB": 0, "RT36": 0, "RT50_NB": 0, "RT50_SB": 0, "RT51_NB": 0, "RT51_SB": 0, "RT53_NB": 0, "RT53_SB": 0, "RT54_EB": 0, "RT54_WB": 0, "RT66_EB": 0, "RT66_WB": 0, "RT97_EB": 0, "RT97_WB": 0, "RT140_NB": 0, "RT140_SB": 0, "RT141_NB": 0, "RT141_SB": 0, "RT155_NB": 0, "RT155_SB": 0, "RT157_NB": 0, "RT157_SB": 0, "RT198_NB": 0, "RT198_SB": 0, "RT766_EB": 0, "RT766_WB": 0, "RT777_EB": 0, "RT777_WB": 0, "AWDT23*1.2": 60860, "Total_Users": 60940, "TransitUsersTTL": 80, "TrnstModeShare": 0.13 }, "geometry": { "type": "MultiLineString", "coordinates": [ [ [ -106.53239065068054, 35.082360977821949 ], [ -106.532409858327568, 35.082958252396786 ], [ -106.532421765469465, 35.083328549714679 ], [ -106.53245286475665, 35.084295523813211 ] ] ] } },
{ "type": "Feature", "properties": { "fid": 1744, "OBJECTID": 1744, "COGID": 24928, "RTE": "5TH STREET", "LOCAT": " NORTH OF GOLD - SOUTH OF CENTRAL", "LENGTH": 377.884, "MILES": 0.071999996900558472, "ADT22": 3736, "AWDT22": 3996, "Shape_Length": 371.28056552810148, "ADT23": 2579, "AWDT23": 2775, "RT1_NB": 0, "RT1_SB": 0, "RT2_NB": 0, "RT2_SB": 0, "RT5_EB": 0, "RT5_WB": 0, "RT8_EB": 172, "RT8_WB": 0, "RT10_NB": 0, "RT10_SB": 0, "RT11_EB": 0, "RT11_WB": 0, "RT16_EB": 0, "RT16_WB": 0, "RT31_NB": 0, "RT31_SB": 0, "RT36": 18, "RT50_NB": 0, "RT50_SB": 0, "RT51_NB": 0, "RT51_SB": 0, "RT53_NB": 0, "RT53_SB": 0, "RT54_EB": 0, "RT54_WB": 0, "RT66_EB": 0, "RT66_WB": 0, "RT97_EB": 0, "RT97_WB": 0, "RT140_NB": 0, "RT140_SB": 0, "RT141_NB": 0, "RT141_SB": 0, "RT155_NB": 0, "RT155_SB": 0, "RT157_NB": 0, "RT157_SB": 0, "RT198_NB": 0, "RT198_SB": 0, "RT766_EB": 0, "RT766_WB": 0, "RT777_EB": 0, "RT777_WB": 0, "AWDT23*1.2": 3330, "Total_Users": 3520, "TransitUsersTTL": 190, "TrnstModeShare": 5.4 }, "geometry": { "type": "MultiLineString", "coordinates": [ [ [ -106.652976475400294, 35.083698973001795 ], [ -106.652791183743119, 35.084707674077258 ] ] ] } },
{ "type": "Feature", "properties": { "fid": 1746, "OBJECTID": 1746, "COGID": 24940, "RTE": "CENTRAL", "LOCAT": "EAST OF 1ST - WEST OF BROADWAY", "LENGTH": 1031.204, "MILES": 0.19499999284744263, "ADT22": 8433, "AWDT22": 9114, "Shape_Length": 1032.5417471151156, "ADT23": 7839, "AWDT23": 8372, "RT1_NB": 0, "RT1_SB": 0, "RT2_NB": 0, "RT2_SB": 0, "RT5_EB": 0, "RT5_WB": 0, "RT8_EB": 0, "RT8_WB": 0, "RT10_NB": 0, "RT10_SB": 0, "RT11_EB": 0, "RT11_WB": 0, "RT16_EB": 0, "RT16_WB": 14, "RT31_NB": 0, "RT31_SB": 0, "RT36": 0, "RT50_NB": 0, "RT50_SB": 0, "RT51_NB": 0, "RT51_SB": 0, "RT53_NB": 0, "RT53_SB": 0, "RT54_EB": 0, "RT54_WB": 0, "RT66_EB": 437, "RT66_WB": 456, "RT97_EB": 0, "RT97_WB": 0, "RT140_NB": 0, "RT140_SB": 0, "RT141_NB": 0, "RT141_SB": 0, "RT155_NB": 0, "RT155_SB": 0, "RT157_NB": 0, "RT157_SB": 0, "RT198_NB": 0, "RT198_SB": 0, "RT766_EB": 608, "RT766_WB": 630, "RT777_EB": 595, "RT777_WB": 636, "AWDT23*1.2": 10046, "Total_Users": 13422, "TransitUsersTTL": 3376, "TrnstModeShare": 25.15 }, "geometry": { "type": "MultiLineString", "coordinates": [ [ [ -106.648032862104728, 35.084097721944531 ], [ -106.647180200754704, 35.083983386339575 ], [ -106.647116376749793, 35.083975731080322 ], [ -106.646580831617285, 35.08391148913455 ], [ -106.645872363890604, 35.083819565994268 ], [ -106.645755045077294, 35.083804342952206 ], [ -106.644622121492489, 35.083664133166756 ] ] ] } },
{ "type": "Feature", "properties": { "fid": 1750, "OBJECTID": 1750, "COGID": 24980, "RTE": "2ND STREET", "LOCAT": " NORTH OF GOLD - SOUTH OF CENTRAL", "LENGTH": 365.646, "MILES": 0.068999998271465302, "ADT22": 4788, "AWDT22": 5156, "Shape_Length": 369.44166992944321, "ADT23": 4873, "AWDT23": 5205, "RT1_NB": 0, "RT1_SB": 0, "RT2_NB": 0, "RT2_SB": 0, "RT5_EB": 176, "RT5_WB": 189, "RT8_EB": 0, "RT8_WB": 0, "RT10_NB": 212, "RT10_SB": 198, "RT11_EB": 98, "RT11_WB": 117, "RT16_EB": 18, "RT16_WB": 18, "RT31_NB": 0, "RT31_SB": 0, "RT36": 0, "RT50_NB": 46, "RT50_SB": 51, "RT51_NB": 0, "RT51_SB": 0, "RT53_NB": 0, "RT53_SB": 0, "RT54_EB": 0, "RT54_WB": 0, "RT66_EB": 0, "RT66_WB": 0, "RT97_EB": 0, "RT97_WB": 0, "RT140_NB": 0, "RT140_SB": 0, "RT141_NB": 0, "RT141_SB": 0, "RT155_NB": 0, "RT155_SB": 0, "RT157_NB": 0, "RT157_SB": 0, "RT198_NB": 0, "RT198_SB": 0, "RT766_EB": 0, "RT766_WB": 0, "RT777_EB": 0, "RT777_WB": 0, "AWDT23*1.2": 6246, "Total_Users": 7369, "TransitUsersTTL": 1123, "TrnstModeShare": 15.24 }, "geometry": { "type": "MultiLineString", "coordinates": [ [ [ -106.649418255844623, 35.083244030772413 ], [ -106.649218743850156, 35.08424577816821 ] ] ] } },
{ "type": "Feature", "properties": { "fid": 1751, "OBJECTID": 1751, "COGID": 24982, "RTE": "GOLD", "LOCAT": " EAST OF 6TH ST. - WEST OF 5TH ST.", "LENGTH": 354.611, "MILES": 0.067000001668930054, "ADT22": 1952, "AWDT22": 2087, "Shape_Length": 361.11482635681222, "ADT23": 1793, "AWDT23": 1917, "RT1_NB": 0, "RT1_SB": 0, "RT2_NB": 0, "RT2_SB": 0, "RT5_EB": 0, "RT5_WB": 0, "RT8_EB": 0, "RT8_WB": 0, "RT10_NB": 0, "RT10_SB": 0, "RT11_EB": 0, "RT11_WB": 0, "RT16_EB": 0, "RT16_WB": 0, "RT31_NB": 0, "RT31_SB": 0, "RT36": 0, "RT50_NB": 0, "RT50_SB": 0, "RT51_NB": 0, "RT51_SB": 0, "RT53_NB": 73, "RT53_SB": 0, "RT54_EB": 66, "RT54_WB": 0, "RT66_EB": 285, "RT66_WB": 0, "RT97_EB": 0, "RT97_WB": 0, "RT140_NB": 0, "RT140_SB": 0, "RT141_NB": 0, "RT141_SB": 0, "RT155_NB": 0, "RT155_SB": 0, "RT157_NB": 0, "RT157_SB": 0, "RT198_NB": 0, "RT198_SB": 0, "RT766_EB": 449, "RT766_WB": 0, "RT777_EB": 448, "RT777_WB": 0, "AWDT23*1.2": 2300, "Total_Users": 3621, "TransitUsersTTL": 1321, "TrnstModeShare": 36.48 }, "geometry": { "type": "MultiLineString", "coordinates": [ [ [ -106.654166134673218, 35.083866804771311 ], [ -106.652976475400294, 35.083698973001795 ] ] ] } },
{ "type": "Feature", "properties": { "fid": 1752, "OBJECTID": 1752, "COGID": 24984, "RTE": "GOLD", "LOCAT": "EAST OF 5TH ST. - WEST OF 4TH ST.", "LENGTH": 361.353, "MILES": 0.068000003695487976, "ADT22": 2037, "AWDT22": 2178, "Shape_Length": 357.70727912352697, "ADT23": 1871, "AWDT23": 2001, "RT1_NB": 0, "RT1_SB": 0, "RT2_NB": 0, "RT2_SB": 0, "RT5_EB": 0, "RT5_WB": 0, "RT8_EB": 0, "RT8_WB": 0, "RT10_NB": 0, "RT10_SB": 0, "RT11_EB": 0, "RT11_WB": 0, "RT16_EB": 0, "RT16_WB": 0, "RT31_NB": 0, "RT31_SB": 0, "RT36": 0, "RT50_NB": 0, "RT50_SB": 0, "RT51_NB": 0, "RT51_SB": 0, "RT53_NB": 73, "RT53_SB": 0, "RT54_EB": 66, "RT54_WB": 0, "RT66_EB": 285, "RT66_WB": 0, "RT97_EB": 0, "RT97_WB": 0, "RT140_NB": 0, "RT140_SB": 0, "RT141_NB": 0, "RT141_SB": 0, "RT155_NB": 0, "RT155_SB": 0, "RT157_NB": 0, "RT157_SB": 0, "RT198_NB": 0, "RT198_SB": 0, "RT766_EB": 449, "RT766_WB": 0, "RT777_EB": 448, "RT777_WB": 0, "AWDT23*1.2": 2401, "Total_Users": 3722, "TransitUsersTTL": 1321, "TrnstModeShare": 35.49 }, "geometry": { "type": "MultiLineString", "coordinates": [ [ [ -106.652976475400294, 35.083698973001795 ], [ -106.651793968213141, 35.083553589898337 ] ] ] } },
{ "type": "Feature", "properties": { "fid": 1753, "OBJECTID": 1753, "COGID": 24985, "RTE": "GOLD", "LOCAT": "EAST OF 4TH ST. - WEST OF 3RD ST.", "LENGTH": 365.749, "MILES": 0.068999998271465302, "ADT22": 1811, "AWDT22": 1937, "Shape_Length": 360.83697902361746, "ADT23": 1664, "AWDT23": 1779, "RT1_NB": 0, "RT1_SB": 0, "RT2_NB": 0, "RT2_SB": 0, "RT5_EB": 0, "RT5_WB": 0, "RT8_EB": 0, "RT8_WB": 0, "RT10_NB": 0, "RT10_SB": 0, "RT11_EB": 0, "RT11_WB": 0, "RT16_EB": 0, "RT16_WB": 0, "RT31_NB": 0, "RT31_SB": 0, "RT36": 0, "RT50_NB": 0, "RT50_SB": 0, "RT51_NB": 0, "RT51_SB": 0, "RT53_NB": 73, "RT53_SB": 0, "RT54_EB": 66, "RT54_WB": 0, "RT66_EB": 285, "RT66_WB": 0, "RT97_EB": 0, "RT97_WB": 0, "RT140_NB": 0, "RT140_SB": 0, "RT141_NB": 0, "RT141_SB": 0, "RT155_NB": 0, "RT155_SB": 0, "RT157_NB": 0, "RT157_SB": 0, "RT198_NB": 0, "RT198_SB": 0, "RT766_EB": 449, "RT766_WB": 0, "RT777_EB": 448, "RT777_WB": 0, "AWDT23*1.2": 2135, "Total_Users": 3456, "TransitUsersTTL": 1321, "TrnstModeShare": 38.22 }, "geometry": { "type": "MultiLineString", "coordinates": [ [ [ -106.651793968213141, 35.083553589898337 ], [ -106.65060273995033, 35.083398276514373 ] ] ] } },
{ "type": "Feature", "properties": { "fid": 1757, "OBJECTID": 1757, "COGID": 25004, "RTE": "GOLD", "LOCAT": "EAST OF 2ND. - WEST OF 1ST", "LENGTH": 354.857, "MILES": 0.067000001668930054, "ADT22": 2740, "AWDT22": 2930, "Shape_Length": 356.46614813534381, "ADT23": 2517, "AWDT23": 2692, "RT1_NB": 0, "RT1_SB": 0, "RT2_NB": 0, "RT2_SB": 0, "RT5_EB": 176, "RT5_WB": 189, "RT8_EB": 0, "RT8_WB": 0, "RT10_NB": 212, "RT10_SB": 198, "RT11_EB": 98, "RT11_WB": 117, "RT16_EB": 18, "RT16_WB": 18, "RT31_NB": 0, "RT31_SB": 0, "RT36": 15, "RT50_NB": 46, "RT50_SB": 51, "RT51_NB": 0, "RT51_SB": 0, "RT53_NB": 73, "RT53_SB": 76, "RT54_EB": 66, "RT54_WB": 59, "RT66_EB": 285, "RT66_WB": 0, "RT97_EB": 26, "RT97_WB": 27, "RT140_NB": 0, "RT140_SB": 0, "RT141_NB": 0, "RT141_SB": 0, "RT155_NB": 0, "RT155_SB": 0, "RT157_NB": 0, "RT157_SB": 0, "RT198_NB": 0, "RT198_SB": 0, "RT766_EB": 449, "RT766_WB": 0, "RT777_EB": 448, "RT777_WB": 0, "AWDT23*1.2": 3230, "Total_Users": 5877, "TransitUsersTTL": 2647, "TrnstModeShare": 45.04 }, "geometry": { "type": "MultiLineString", "coordinates": [ [ [ -106.649418255844623, 35.083244030772413 ], [ -106.648675925365211, 35.083146925056894 ], [ -106.648240670316824, 35.083094889073486 ] ] ] } },
{ "type": "Feature", "properties": { "fid": 1758, "OBJECTID": 1758, "COGID": 25006, "RTE": "1ST ST.", "LOCAT": "NORTH OF GOLD - SOUTH OF CENTRAL", "LENGTH": 368.725, "MILES": 0.070000000298023224, "ADT22": 2514, "AWDT22": 2690, "Shape_Length": 370.24118377669697, "ADT23": 2309, "AWDT23": 2471, "RT1_NB": 0, "RT1_SB": 0, "RT2_NB": 0, "RT2_SB": 0, "RT5_EB": 0, "RT5_WB": 0, "RT8_EB": 0, "RT8_WB": 0, "RT10_NB": 212, "RT10_SB": 0, "RT11_EB": 0, "RT11_WB": 0, "RT16_EB": 0, "RT16_WB": 14, "RT31_NB": 0, "RT31_SB": 0, "RT36": 8, "RT50_NB": 0, "RT50_SB": 0, "RT51_NB": 0, "RT51_SB": 0, "RT53_NB": 0, "RT53_SB": 0, "RT54_EB": 0, "RT54_WB": 0, "RT66_EB": 429, "RT66_WB": 0, "RT97_EB": 0, "RT97_WB": 0, "RT140_NB": 0, "RT140_SB": 0, "RT141_NB": 0, "RT141_SB": 0, "RT155_NB": 0, "RT155_SB": 0, "RT157_NB": 0, "RT157_SB": 0, "RT198_NB": 0, "RT198_SB": 0, "RT766_EB": 608, "RT766_WB": 0, "RT777_EB": 595, "RT777_WB": 0, "AWDT23*1.2": 2965, "Total_Users": 4831, "TransitUsersTTL": 1866, "TrnstModeShare": 38.63 }, "geometry": { "type": "MultiLineString", "coordinates": [ [ [ -106.648240670316824, 35.083094889073486 ], [ -106.648163118320994, 35.0834759241081 ], [ -106.648032862104728, 35.084097721944531 ] ] ] } },
{ "type": "Feature", "properties": { "fid": 1759, "OBJECTID": 1759, "COGID": 25016, "RTE": "CENTRAL", "LOCAT": " EAST OF OLD COORS RD. - WEST OF ATRISCO", "LENGTH": 4119.633, "MILES": 0.77999997138977051, "ADT22": 20917, "AWDT22": 22606, "Shape_Length": 4041.962189375367, "ADT23": 21822, "AWDT23": 23307, "RT1_NB": 0, "RT1_SB": 0, "RT2_NB": 0, "RT2_SB": 0, "RT5_EB": 0, "RT5_WB": 0, "RT8_EB": 0, "RT8_WB": 0, "RT10_NB": 0, "RT10_SB": 0, "RT11_EB": 0, "RT11_WB": 0, "RT16_EB": 0, "RT16_WB": 0, "RT31_NB": 0, "RT31_SB": 0, "RT36": 0, "RT50_NB": 0, "RT50_SB": 0, "RT51_NB": 0, "RT51_SB": 0, "RT53_NB": 0, "RT53_SB": 0, "RT54_EB": 0, "RT54_WB": 0, "RT66_EB": 227, "RT66_WB": 276, "RT97_EB": 0, "RT97_WB": 0, "RT140_NB": 0, "RT140_SB": 0, "RT141_NB": 0, "RT141_SB": 0, "RT155_NB": 0, "RT155_SB": 0, "RT157_NB": 0, "RT157_SB": 0, "RT198_NB": 0, "RT198_SB": 0, "RT766_EB": 377, "RT766_WB": 391, "RT777_EB": 385, "RT777_WB": 371, "AWDT23*1.2": 27968, "Total_Users": 29995, "TransitUsersTTL": 2027, "TrnstModeShare": 6.76 }, "geometry": { "type": "MultiLineString", "coordinates": [ [ [ -106.697723290225355, 35.082801439495682 ], [ -106.696676179674583, 35.083046551975151 ], [ -106.695473590669451, 35.083309012608169 ], [ -106.695473519472387, 35.083309028194385 ], [ -106.693428534349735, 35.083768197450368 ], [ -106.693428428103701, 35.083768221276635 ], [ -106.693139344100842, 35.083836637196882 ], [ -106.693139022101533, 35.083836714095497 ], [ -106.691678584639007, 35.08416145627298 ], [ -106.690563284143352, 35.084425698486399 ], [ -106.690559584342552, 35.084426574617339 ], [ -106.689441372491402, 35.084677297128238 ], [ -106.689441312248718, 35.084677310868337 ], [ -106.688330476543499, 35.084920502650242 ], [ -106.687782935876328, 35.085060081810504 ], [ -106.686570871729501, 35.085312538262293 ], [ -106.686175015819344, 35.085408819842833 ], [ -106.685759275331208, 35.085500590410298 ], [ -106.685457019145403, 35.085586640733148 ], [ -106.684734718911244, 35.085835908367756 ] ] ] } },
{ "type": "Feature", "properties": { "fid": 1760, "OBJECTID": 1760, "COGID": 25020, "RTE": "JUAN TABO", "LOCAT": " NORTH OF COPPER - SOUTH OF LOMAS", "LENGTH": 2665.144, "MILES": 0.50499999523162842, "ADT22": 25684, "AWDT22": 27758, "Shape_Length": 2656.4469713243275, "ADT23": 27316, "AWDT23": 29175, "RT1_NB": 58, "RT1_SB": 66, "RT2_NB": 0, "RT2_SB": 0, "RT5_EB": 0, "RT5_WB": 0, "RT8_EB": 0, "RT8_WB": 0, "RT10_NB": 0, "RT10_SB": 0, "RT11_EB": 0, "RT11_WB": 0, "RT16_EB": 0, "RT16_WB": 0, "RT31_NB": 0, "RT31_SB": 0, "RT36": 0, "RT50_NB": 0, "RT50_SB": 0, "RT51_NB": 0, "RT51_SB": 0, "RT53_NB": 0, "RT53_SB": 0, "RT54_EB": 0, "RT54_WB": 0, "RT66_EB": 0, "RT66_WB": 0, "RT97_EB": 0, "RT97_WB": 0, "RT140_NB": 0, "RT140_SB": 0, "RT141_NB": 0, "RT141_SB": 0, "RT155_NB": 0, "RT155_SB": 0, "RT157_NB": 0, "RT157_SB": 0, "RT198_NB": 0, "RT198_SB": 0, "RT766_EB": 0, "RT766_WB": 0, "RT777_EB": 0, "RT777_WB": 0, "AWDT23*1.2": 35010, "Total_Users": 35134, "TransitUsersTTL": 124, "TrnstModeShare": 0.35 }, "geometry": { "type": "MultiLineString", "coordinates": [ [ [ -106.515171945132806, 35.079469841108917 ], [ -106.515156810904784, 35.080312735116614 ], [ -106.515100563191439, 35.081910615288187 ], [ -106.515098776269554, 35.082262662017989 ], [ -106.515100502947789, 35.082796389906868 ], [ -106.515084797885464, 35.083236733263206 ], [ -106.515008471445796, 35.086767287742106 ] ] ] } },
{ "type": "Feature", "properties": { "fid": 1764, "OBJECTID": 1764, "COGID": 25034, "RTE": "CENTRAL", "LOCAT": " EAST OF YUCCA - WEST OF OLD COORS RD.", "LENGTH": 205.096, "MILES": 0.039000000804662704, "ADT22": 17391, "AWDT22": 18726, "Shape_Length": 276.94319552864329, "ADT23": 17930, "AWDT23": 19307, "RT1_NB": 0, "RT1_SB": 0, "RT2_NB": 0, "RT2_SB": 0, "RT5_EB": 0, "RT5_WB": 0, "RT8_EB": 0, "RT8_WB": 0, "RT10_NB": 0, "RT10_SB": 0, "RT11_EB": 0, "RT11_WB": 0, "RT16_EB": 0, "RT16_WB": 0, "RT31_NB": 0, "RT31_SB": 0, "RT36": 0, "RT50_NB": 0, "RT50_SB": 0, "RT51_NB": 0, "RT51_SB": 0, "RT53_NB": 0, "RT53_SB": 0, "RT54_EB": 0, "RT54_WB": 0, "RT66_EB": 212, "RT66_WB": 276, "RT97_EB": 0, "RT97_WB": 0, "RT140_NB": 0, "RT140_SB": 0, "RT141_NB": 0, "RT141_SB": 0, "RT155_NB": 0, "RT155_SB": 0, "RT157_NB": 0, "RT157_SB": 0, "RT198_NB": 0, "RT198_SB": 0, "RT766_EB": 328, "RT766_WB": 365, "RT777_EB": 342, "RT777_WB": 347, "AWDT23*1.2": 23168, "Total_Users": 25038, "TransitUsersTTL": 1870, "TrnstModeShare": 7.47 }, "geometry": { "type": "MultiLineString", "coordinates": [ [ [ -106.698618619163071, 35.082608164980073 ], [ -106.697723290225355, 35.082801439495682 ] ] ] } },
{ "type": "Feature", "properties": { "fid": 1765, "OBJECTID": 1765, "COGID": 25036, "RTE": "CENTRAL", "LOCAT": " EAST OF COORS - WEST OF YUCCA", "LENGTH": 3689.954, "MILES": 0.69900000095367432, "ADT22": 23746, "AWDT22": 25664, "Shape_Length": 3682.3714048388974, "ADT23": 24774, "AWDT23": 26460, "RT1_NB": 0, "RT1_SB": 0, "RT2_NB": 0, "RT2_SB": 0, "RT5_EB": 0, "RT5_WB": 0, "RT8_EB": 0, "RT8_WB": 0, "RT10_NB": 0, "RT10_SB": 0, "RT11_EB": 0, "RT11_WB": 0, "RT16_EB": 0, "RT16_WB": 0, "RT31_NB": 0, "RT31_SB": 0, "RT36": 0, "RT50_NB": 0, "RT50_SB": 0, "RT51_NB": 0, "RT51_SB": 0, "RT53_NB": 0, "RT53_SB": 0, "RT54_EB": 0, "RT54_WB": 0, "RT66_EB": 212, "RT66_WB": 246, "RT97_EB": 0, "RT97_WB": 0, "RT140_NB": 0, "RT140_SB": 0, "RT141_NB": 0, "RT141_SB": 0, "RT155_NB": 0, "RT155_SB": 0, "RT157_NB": 0, "RT157_SB": 0, "RT198_NB": 0, "RT198_SB": 0, "RT766_EB": 293, "RT766_WB": 223, "RT777_EB": 308, "RT777_WB": 204, "AWDT23*1.2": 31752, "Total_Users": 33238, "TransitUsersTTL": 1486, "TrnstModeShare": 4.47 }, "geometry": { "type": "MultiLineString", "coordinates": [ [ [ -106.710491488874624, 35.079941912267586 ], [ -106.70943083582938, 35.080181907230774 ], [ -106.709430776684968, 35.080181920075141 ], [ -106.709080888764049, 35.080261985104109 ], [ -106.708337044413241, 35.080426336134039 ], [ -106.70774761500725, 35.080559359450419 ], [ -106.706836734116621, 35.080764787020101 ], [ -106.704817754032305, 35.081209356419102 ], [ -106.704817686123675, 35.081209371097032 ], [ -106.704390484484222, 35.081310212464963 ], [ -106.704390405634499, 35.081310231690907 ], [ -106.703400864318922, 35.081531401621284 ], [ -106.703400794221537, 35.081531417208033 ], [ -106.70248469400903, 35.081733961429634 ], [ -106.702484611858679, 35.08173397886376 ], [ -106.701998493976902, 35.081849133044251 ], [ -106.70083482763043, 35.082106066832367 ], [ -106.700643783968772, 35.082144892098789 ], [ -106.700643720440041, 35.082144905856644 ], [ -106.699205833024138, 35.082474047528002 ], [ -106.699205751968933, 35.082474064955818 ], [ -106.698618619163071, 35.082608164980073 ] ] ] } },
{ "type": "Feature", "properties": { "fid": 1771, "OBJECTID": 1771, "COGID": 25050, "RTE": "UNSER BLVD.", "LOCAT": " NORTH OF CENTRAL - SOUTH OF BLUEWATER", "LENGTH": 2047.269, "MILES": 0.3880000114440918, "ADT22": 25360, "AWDT22": 27408, "Shape_Length": 2068.4173525991114, "ADT23": 26458, "AWDT23": 28258, "RT1_NB": 0, "RT1_SB": 0, "RT2_NB": 0, "RT2_SB": 0, "RT5_EB": 0, "RT5_WB": 0, "RT8_EB": 0, "RT8_WB": 0, "RT10_NB": 0, "RT10_SB": 0, "RT11_EB": 0, "RT11_WB": 0, "RT16_EB": 0, "RT16_WB": 0, "RT31_NB": 0, "RT31_SB": 0, "RT36": 0, "RT50_NB": 0, "RT50_SB": 0, "RT51_NB": 0, "RT51_SB": 0, "RT53_NB": 0, "RT53_SB": 0, "RT54_EB": 39, "RT54_WB": 38, "RT66_EB": 0, "RT66_WB": 0, "RT97_EB": 0, "RT97_WB": 0, "RT140_NB": 0, "RT140_SB": 0, "RT141_NB": 0, "RT141_SB": 0, "RT155_NB": 0, "RT155_SB": 0, "RT157_NB": 0, "RT157_SB": 0, "RT198_NB": 0, "RT198_SB": 0, "RT766_EB": 0, "RT766_WB": 0, "RT777_EB": 0, "RT777_WB": 0, "AWDT23*1.2": 33910, "Total_Users": 33987, "TransitUsersTTL": 77, "TrnstModeShare": 0.23 }, "geometry": { "type": "MultiLineString", "coordinates": [ [ [ -106.722889893559042, 35.077024842879368 ], [ -106.723341840725809, 35.078468379684956 ], [ -106.723696032352464, 35.079526356171726 ], [ -106.723919036889455, 35.080164757115945 ], [ -106.724191238165773, 35.080981759003492 ], [ -106.724465311792343, 35.081720605146067 ], [ -106.724822945970743, 35.082477050560755 ] ] ] } },
{ "type": "Feature", "properties": { "fid": 1772, "OBJECTID": 1772, "COGID": 25051, "RTE": "UNSER BLVD.", "LOCAT": "NE OF BRIDGE BLVD. - SOUTH OF CENTRAL", "LENGTH": 1930.44, "MILES": 0.36599999666213989, "ADT22": 22984, "AWDT22": 24840, "Shape_Length": 1898.0958167083481, "ADT23": 23978, "AWDT23": 25610, "RT1_NB": 0, "RT1_SB": 0, "RT2_NB": 0, "RT2_SB": 0, "RT5_EB": 0, "RT5_WB": 0, "RT8_EB": 0, "RT8_WB": 0, "RT10_NB": 0, "RT10_SB": 0, "RT11_EB": 0, "RT11_WB": 0, "RT16_EB": 0, "RT16_WB": 0, "RT31_NB": 0, "RT31_SB": 0, "RT36": 0, "RT50_NB": 0, "RT50_SB": 0, "RT51_NB": 0, "RT51_SB": 0, "RT53_NB": 0, "RT53_SB": 0, "RT54_EB": 39, "RT54_WB": 0, "RT66_EB": 0, "RT66_WB": 0, "RT97_EB": 0, "RT97_WB": 0, "RT140_NB": 0, "RT140_SB": 0, "RT141_NB": 0, "RT141_SB": 0, "RT155_NB": 0, "RT155_SB": 0, "RT157_NB": 0, "RT157_SB": 0, "RT198_NB": 0, "RT198_SB": 0, "RT766_EB": 0, "RT766_WB": 0, "RT777_EB": 0, "RT777_WB": 0, "AWDT23*1.2": 30732, "Total_Users": 30771, "TransitUsersTTL": 39, "TrnstModeShare": 0.13 }, "geometry": { "type": "MultiLineString", "coordinates": [ [ [ -106.723130644071745, 35.071913061366295 ], [ -106.722653894044385, 35.073793071679233 ], [ -106.722653536174732, 35.073794332402542 ], [ -106.722431264725117, 35.074577153111775 ], [ -106.722430013460041, 35.07517031969472 ], [ -106.722527246249896, 35.075850290966663 ], [ -106.722529350326965, 35.075857105857558 ], [ -106.72264541256439, 35.076233016029583 ], [ -106.722889893559042, 35.077024842879368 ] ] ] } },
{ "type": "Feature", "properties": { "fid": 1773, "OBJECTID": 1773, "COGID": 25052, "RTE": "UNSER BLVD.", "LOCAT": "NORTH OF TOWER - SW OF BRIDGE BLVD.", "LENGTH": 2824.221, "MILES": 0.5350000262260437, "ADT22": 21985, "AWDT22": 23760, "Shape_Length": 2793.2150964347452, "ADT23": 22936, "AWDT23": 24497, "RT1_NB": 0, "RT1_SB": 0, "RT2_NB": 0, "RT2_SB": 0, "RT5_EB": 0, "RT5_WB": 0, "RT8_EB": 0, "RT8_WB": 0, "RT10_NB": 0, "RT10_SB": 0, "RT11_EB": 0, "RT11_WB": 0, "RT16_EB": 0, "RT16_WB": 0, "RT31_NB": 0, "RT31_SB": 0, "RT36": 0, "RT50_NB": 0, "RT50_SB": 0, "RT51_NB": 0, "RT51_SB": 0, "RT53_NB": 0, "RT53_SB": 0, "RT54_EB": 39, "RT54_WB": 0, "RT66_EB": 0, "RT66_WB": 0, "RT97_EB": 0, "RT97_WB": 0, "RT140_NB": 0, "RT140_SB": 0, "RT141_NB": 0, "RT141_SB": 0, "RT155_NB": 0, "RT155_SB": 0, "RT157_NB": 0, "RT157_SB": 0, "RT198_NB": 0, "RT198_SB": 0, "RT766_EB": 0, "RT766_WB": 0, "RT777_EB": 0, "RT777_WB": 0, "AWDT23*1.2": 29396, "Total_Users": 29435, "TransitUsersTTL": 39, "TrnstModeShare": 0.13 }, "geometry": { "type": "MultiLineString", "coordinates": [ [ [ -106.723269697137809, 35.064299956119932 ], [ -106.723657172545714, 35.067476023991873 ], [ -106.72365717650797, 35.067477469005574 ], [ -106.723662623300996, 35.069315084665249 ], [ -106.723586012343574, 35.070137414021346 ], [ -106.723451771919329, 35.070956615698456 ], [ -106.723258783448046, 35.071519783290263 ], [ -106.723130644071745, 35.071913061366295 ] ] ] } },
{ "type": "Feature", "properties": { "fid": 1781, "OBJECTID": 1781, "COGID": 25064, "RTE": "CENTRAL", "LOCAT": " EAST OF BROADWAY - W. OF I25 W. FRONT. RD.(LOCUST)", "LENGTH": 2191.481, "MILES": 0.41499999165534973, "ADT22": 10125, "AWDT22": 10943, "Shape_Length": 2204.9943905618015, "ADT23": 9413, "AWDT23": 10053, "RT1_NB": 0, "RT1_SB": 0, "RT2_NB": 0, "RT2_SB": 0, "RT5_EB": 0, "RT5_WB": 0, "RT8_EB": 0, "RT8_WB": 0, "RT10_NB": 0, "RT10_SB": 0, "RT11_EB": 0, "RT11_WB": 0, "RT16_EB": 0, "RT16_WB": 0, "RT31_NB": 0, "RT31_SB": 0, "RT36": 0, "RT50_NB": 0, "RT50_SB": 0, "RT51_NB": 0, "RT51_SB": 0, "RT53_NB": 0, "RT53_SB": 0, "RT54_EB": 0, "RT54_WB": 0, "RT66_EB": 455, "RT66_WB": 456, "RT97_EB": 0, "RT97_WB": 0, "RT140_NB": 0, "RT140_SB": 0, "RT141_NB": 0, "RT141_SB": 0, "RT155_NB": 0, "RT155_SB": 0, "RT157_NB": 0, "RT157_SB": 0, "RT198_NB": 0, "RT198_SB": 0, "RT766_EB": 653, "RT766_WB": 630, "RT777_EB": 638, "RT777_WB": 636, "AWDT23*1.2": 12064, "Total_Users": 15532, "TransitUsersTTL": 3468, "TrnstModeShare": 22.33 }, "geometry": { "type": "MultiLineString", "coordinates": [ [ [ -106.644622121492489, 35.083664133166756 ], [ -106.64336029317603, 35.083510501776772 ], [ -106.643349248949491, 35.083509155671926 ], [ -106.642302684384333, 35.083382438082921 ], [ -106.642175018853109, 35.083363999808725 ], [ -106.641373193395722, 35.083248195054459 ], [ -106.641252470693317, 35.083233109345521 ], [ -106.640990154808193, 35.083200331145662 ], [ -106.64082629417112, 35.08317985547064 ], [ -106.640615250922565, 35.083153482805194 ], [ -106.639800812846701, 35.083037684823353 ], [ -106.639793830718844, 35.083036803107738 ], [ -106.638685516067085, 35.082896953566085 ], [ -106.638603822274135, 35.082886636815147 ], [ -106.638214777938231, 35.082837504207426 ], [ -106.637733298873613, 35.082821386911789 ], [ -106.637333547891529, 35.08278434265597 ] ] ] } },
{ "type": "Feature", "properties": { "fid": 1788, "OBJECTID": 1788, "COGID": 25092, "RTE": "CENTRAL", "LOCAT": " E. OF I25 W. FRONT. RD.(LOCUST) - WEST OF I-25 E. FRONT. RD", "LENGTH": 356.636, "MILES": 0.068000003695487976, "ADT22": 13158, "AWDT22": 14221, "Shape_Length": 341.72970833549078, "ADT23": 13995, "AWDT23": 14947, "RT1_NB": 0, "RT1_SB": 0, "RT2_NB": 0, "RT2_SB": 0, "RT5_EB": 0, "RT5_WB": 0, "RT8_EB": 0, "RT8_WB": 0, "RT10_NB": 0, "RT10_SB": 0, "RT11_EB": 0, "RT11_WB": 0, "RT16_EB": 0, "RT16_WB": 0, "RT31_NB": 0, "RT31_SB": 0, "RT36": 0, "RT50_NB": 0, "RT50_SB": 0, "RT51_NB": 0, "RT51_SB": 0, "RT53_NB": 0, "RT53_SB": 0, "RT54_EB": 0, "RT54_WB": 0, "RT66_EB": 455, "RT66_WB": 483, "RT97_EB": 0, "RT97_WB": 0, "RT140_NB": 0, "RT140_SB": 0, "RT141_NB": 0, "RT141_SB": 0, "RT155_NB": 0, "RT155_SB": 0, "RT157_NB": 0, "RT157_SB": 0, "RT198_NB": 0, "RT198_SB": 0, "RT766_EB": 653, "RT766_WB": 658, "RT777_EB": 638, "RT777_WB": 665, "AWDT23*1.2": 17936, "Total_Users": 20165, "TransitUsersTTL": 3552, "TrnstModeShare": 17.61 }, "geometry": { "type": "MultiLineString", "coordinates": [ [ [ -106.637333547891529, 35.08278434265597 ], [ -106.636868370246034, 35.082721878377093 ], [ -106.636732009006892, 35.082703566672123 ], [ -106.63657311081279, 35.082682229260378 ], [ -106.636206247491373, 35.08263296450216 ] ] ] } },
{ "type": "Feature", "properties": { "fid": 1796, "OBJECTID": 1796, "COGID": 25128, "RTE": "6TH STREET", "LOCAT": " NORTH OF LEAD - SOUTH OF GOLD", "LENGTH": 715.866, "MILES": 0.13600000739097595, "ADT22": 1967, "AWDT22": 2105, "Shape_Length": 722.75915110685764, "ADT23": 1807, "AWDT23": 1934, "RT1_NB": 0, "RT1_SB": 0, "RT2_NB": 0, "RT2_SB": 0, "RT5_EB": 0, "RT5_WB": 0, "RT8_EB": 0, "RT8_WB": 162, "RT10_NB": 0, "RT10_SB": 0, "RT11_EB": 0, "RT11_WB": 0, "RT16_EB": 0, "RT16_WB": 0, "RT31_NB": 0, "RT31_SB": 0, "RT36": 17, "RT50_NB": 0, "RT50_SB": 0, "RT51_NB": 0, "RT51_SB": 0, "RT53_NB": 80, "RT53_SB": 0, "RT54_EB": 69, "RT54_WB": 0, "RT66_EB": 0, "RT66_WB": 0, "RT97_EB": 0, "RT97_WB": 0, "RT140_NB": 0, "RT140_SB": 0, "RT141_NB": 0, "RT141_SB": 0, "RT155_NB": 0, "RT155_SB": 0, "RT157_NB": 0, "RT157_SB": 0, "RT198_NB": 0, "RT198_SB": 0, "RT766_EB": 0, "RT766_WB": 0, "RT777_EB": 0, "RT777_WB": 0, "AWDT23*1.2": 2321, "Total_Users": 2649, "TransitUsersTTL": 328, "TrnstModeShare": 12.38 }, "geometry": { "type": "MultiLineString", "coordinates": [ [ [ -106.654166134673218, 35.083866804771311 ], [ -106.654369063856947, 35.0828759572968 ], [ -106.654546152726297, 35.081905745081215 ] ] ] } },
{ "type": "Feature", "properties": { "fid": 1797, "OBJECTID": 1797, "COGID": 25132, "RTE": "LEAD", "LOCAT": " EAST OF 8TH ST. - WEST OF 6TH ST.", "LENGTH": 721.675, "MILES": 0.13699999451637268, "ADT22": 4243, "AWDT22": 4745, "Shape_Length": 718.37779990911122, "ADT23": 3898, "AWDT23": 4359, "RT1_NB": 0, "RT1_SB": 0, "RT2_NB": 0, "RT2_SB": 0, "RT5_EB": 0, "RT5_WB": 0, "RT8_EB": 0, "RT8_WB": 0, "RT10_NB": 0, "RT10_SB": 0, "RT11_EB": 0, "RT11_WB": 0, "RT16_EB": 0, "RT16_WB": 0, "RT31_NB": 0, "RT31_SB": 0, "RT36": 0, "RT50_NB": 0, "RT50_SB": 0, "RT51_NB": 0, "RT51_SB": 0, "RT53_NB": 0, "RT53_SB": 79, "RT54_EB": 0, "RT54_WB": 0, "RT66_EB": 0, "RT66_WB": 0, "RT97_EB": 0, "RT97_WB": 0, "RT140_NB": 0, "RT140_SB": 0, "RT141_NB": 0, "RT141_SB": 0, "RT155_NB": 0, "RT155_SB": 0, "RT157_NB": 0, "RT157_SB": 0, "RT198_NB": 0, "RT198_SB": 0, "RT766_EB": 0, "RT766_WB": 0, "RT777_EB": 0, "RT777_WB": 0, "AWDT23*1.2": 5231, "Total_Users": 5310, "TransitUsersTTL": 79, "TrnstModeShare": 1.49 }, "geometry": { "type": "MultiLineString", "coordinates": [ [ [ -106.654546152726297, 35.081905745081215 ], [ -106.656921847275157, 35.082192554016054 ] ] ] } },
{ "type": "Feature", "properties": { "fid": 1803, "OBJECTID": 1803, "COGID": 25156, "RTE": "5TH STREET", "LOCAT": " NORTH OF LEAD - SOUTH OF GOLD", "LENGTH": 715.047, "MILES": 0.13500000536441803, "ADT22": 1957, "AWDT22": 2074, "Shape_Length": 720.18444144857153, "ADT23": 1798, "AWDT23": 1905, "RT1_NB": 0, "RT1_SB": 0, "RT2_NB": 0, "RT2_SB": 0, "RT5_EB": 0, "RT5_WB": 0, "RT8_EB": 0, "RT8_WB": 0, "RT10_NB": 0, "RT10_SB": 0, "RT11_EB": 0, "RT11_WB": 0, "RT16_EB": 0, "RT16_WB": 0, "RT31_NB": 0, "RT31_SB": 0, "RT36": 17, "RT50_NB": 0, "RT50_SB": 0, "RT51_NB": 0, "RT51_SB": 0, "RT53_NB": 0, "RT53_SB": 0, "RT54_EB": 0, "RT54_WB": 0, "RT66_EB": 0, "RT66_WB": 0, "RT97_EB": 0, "RT97_WB": 0, "RT140_NB": 0, "RT140_SB": 0, "RT141_NB": 0, "RT141_SB": 0, "RT155_NB": 0, "RT155_SB": 0, "RT157_NB": 0, "RT157_SB": 0, "RT198_NB": 0, "RT198_SB": 0, "RT766_EB": 0, "RT766_WB": 0, "RT777_EB": 0, "RT777_WB": 0, "AWDT23*1.2": 2286, "Total_Users": 2303, "TransitUsersTTL": 17, "TrnstModeShare": 0.74 }, "geometry": { "type": "MultiLineString", "coordinates": [ [ [ -106.653355013286145, 35.081744807117524 ], [ -106.653163786043336, 35.082718828240289 ], [ -106.653160587234126, 35.0827355617417 ], [ -106.653160568013888, 35.082735667275671 ], [ -106.652976475400294, 35.083698973001795 ] ] ] } },
{ "type": "Feature", "properties": { "fid": 1804, "OBJECTID": 1804, "COGID": 25160, "RTE": "LEAD", "LOCAT": " EAST OF 5TH ST. - WEST OF 4TH ST.", "LENGTH": 361.975, "MILES": 0.068999998271465302, "ADT22": 6449, "AWDT22": 6898, "Shape_Length": 361.90555373578712, "ADT23": 5924, "AWDT23": 6337, "RT1_NB": 0, "RT1_SB": 0, "RT2_NB": 0, "RT2_SB": 0, "RT5_EB": 0, "RT5_WB": 0, "RT8_EB": 0, "RT8_WB": 0, "RT10_NB": 0, "RT10_SB": 0, "RT11_EB": 0, "RT11_WB": 0, "RT16_EB": 0, "RT16_WB": 0, "RT31_NB": 0, "RT31_SB": 0, "RT36": 0, "RT50_NB": 0, "RT50_SB": 0, "RT51_NB": 0, "RT51_SB": 0, "RT53_NB": 0, "RT53_SB": 79, "RT54_EB": 68, "RT54_WB": 0, "RT66_EB": 0, "RT66_WB": 0, "RT97_EB": 0, "RT97_WB": 0, "RT140_NB": 0, "RT140_SB": 0, "RT141_NB": 0, "RT141_SB": 0, "RT155_NB": 0, "RT155_SB": 0, "RT157_NB": 0, "RT157_SB": 0, "RT198_NB": 0, "RT198_SB": 0, "RT766_EB": 0, "RT766_WB": 0, "RT777_EB": 0, "RT777_WB": 0, "AWDT23*1.2": 7604, "Total_Users": 7751, "TransitUsersTTL": 147, "TrnstModeShare": 1.9 }, "geometry": { "type": "MultiLineString", "coordinates": [ [ [ -106.652159740725281, 35.081591875148582 ], [ -106.653355013286145, 35.081744807117524 ] ] ] } },
{ "type": "Feature", "properties": { "fid": 1805, "OBJECTID": 1805, "COGID": 25176, "RTE": "4TH STREET", "LOCAT": " NORTH OF LEAD - SOUTH OF GOLD", "LENGTH": 715.833, "MILES": 0.13600000739097595, "ADT22": 2540, "AWDT22": 2840, "Shape_Length": 722.31781027194302, "ADT23": 2333, "AWDT23": 2609, "RT1_NB": 0, "RT1_SB": 0, "RT2_NB": 0, "RT2_SB": 0, "RT5_EB": 0, "RT5_WB": 0, "RT8_EB": 0, "RT8_WB": 0, "RT10_NB": 0, "RT10_SB": 0, "RT11_EB": 0, "RT11_WB": 0, "RT16_EB": 0, "RT16_WB": 0, "RT31_NB": 0, "RT31_SB": 0, "RT36": 16, "RT50_NB": 0, "RT50_SB": 0, "RT51_NB": 0, "RT51_SB": 0, "RT53_NB": 0, "RT53_SB": 0, "RT54_EB": 0, "RT54_WB": 0, "RT66_EB": 0, "RT66_WB": 0, "RT97_EB": 0, "RT97_WB": 0, "RT140_NB": 0, "RT140_SB": 0, "RT141_NB": 0, "RT141_SB": 0, "RT155_NB": 0, "RT155_SB": 0, "RT157_NB": 0, "RT157_SB": 0, "RT198_NB": 0, "RT198_SB": 0, "RT766_EB": 0, "RT766_WB": 0, "RT777_EB": 0, "RT777_WB": 0, "AWDT23*1.2": 3131, "Total_Users": 3147, "TransitUsersTTL": 16, "TrnstModeShare": 0.51 }, "geometry": { "type": "MultiLineString", "coordinates": [ [ [ -106.652159740725281, 35.081591875148582 ], [ -106.651983833853251, 35.082569920049259 ], [ -106.651793968213141, 35.083553589898337 ] ] ] } },
{ "type": "Feature", "properties": { "fid": 1806, "OBJECTID": 1806, "COGID": 25180, "RTE": "LEAD", "LOCAT": " EAST OF 6TH ST. - WEST OF 5TH ST.", "LENGTH": 358.787, "MILES": 0.068000003695487976, "ADT22": 7106, "AWDT22": 7600, "Shape_Length": 361.14426311023448, "ADT23": 6528, "AWDT23": 6982, "RT1_NB": 0, "RT1_SB": 0, "RT2_NB": 0, "RT2_SB": 0, "RT5_EB": 0, "RT5_WB": 0, "RT8_EB": 0, "RT8_WB": 0, "RT10_NB": 0, "RT10_SB": 0, "RT11_EB": 0, "RT11_WB": 0, "RT16_EB": 0, "RT16_WB": 0, "RT31_NB": 0, "RT31_SB": 0, "RT36": 0, "RT50_NB": 0, "RT50_SB": 0, "RT51_NB": 0, "RT51_SB": 0, "RT53_NB": 0, "RT53_SB": 79, "RT54_EB": 68, "RT54_WB": 0, "RT66_EB": 0, "RT66_WB": 0, "RT97_EB": 0, "RT97_WB": 0, "RT140_NB": 0, "RT140_SB": 0, "RT141_NB": 0, "RT141_SB": 0, "RT155_NB": 0, "RT155_SB": 0, "RT157_NB": 0, "RT157_SB": 0, "RT198_NB": 0, "RT198_SB": 0, "RT766_EB": 0, "RT766_WB": 0, "RT777_EB": 0, "RT777_WB": 0, "AWDT23*1.2": 8378, "Total_Users": 8525, "TransitUsersTTL": 147, "TrnstModeShare": 1.72 }, "geometry": { "type": "MultiLineString", "coordinates": [ [ [ -106.653355013286145, 35.081744807117524 ], [ -106.654546152726297, 35.081905745081215 ] ] ] } },
{ "type": "Feature", "properties": { "fid": 1808, "OBJECTID": 1808, "COGID": 25200, "RTE": "LEAD", "LOCAT": " EAST OF 3RD ST. - WEST OF 2ND ST.", "LENGTH": 360.67, "MILES": 0.068000003695487976, "ADT22": 9896, "AWDT22": 10585, "Shape_Length": 360.34242236345563, "ADT23": 9091, "AWDT23": 9724, "RT1_NB": 0, "RT1_SB": 0, "RT2_NB": 0, "RT2_SB": 0, "RT5_EB": 0, "RT5_WB": 0, "RT8_EB": 0, "RT8_WB": 0, "RT10_NB": 0, "RT10_SB": 0, "RT11_EB": 0, "RT11_WB": 0, "RT16_EB": 0, "RT16_WB": 0, "RT31_NB": 0, "RT31_SB": 0, "RT36": 0, "RT50_NB": 0, "RT50_SB": 0, "RT51_NB": 0, "RT51_SB": 0, "RT53_NB": 0, "RT53_SB": 76, "RT54_EB": 0, "RT54_WB": 59, "RT66_EB": 0, "RT66_WB": 0, "RT97_EB": 0, "RT97_WB": 0, "RT140_NB": 0, "RT140_SB": 0, "RT141_NB": 0, "RT141_SB": 0, "RT155_NB": 0, "RT155_SB": 0, "RT157_NB": 0, "RT157_SB": 0, "RT198_NB": 0, "RT198_SB": 0, "RT766_EB": 0, "RT766_WB": 0, "RT777_EB": 0, "RT777_WB": 0, "AWDT23*1.2": 11669, "Total_Users": 11804, "TransitUsersTTL": 135, "TrnstModeShare": 1.14 }, "geometry": { "type": "MultiLineString", "coordinates": [ [ [ -106.649790412835017, 35.081294064023268 ], [ -106.65007186741343, 35.081329292252981 ], [ -106.650702071935498, 35.081408165749274 ], [ -106.650981126397966, 35.081443090596999 ] ] ] } },
{ "type": "Feature", "properties": { "fid": 1809, "OBJECTID": 1809, "COGID": 25204, "RTE": "2ND STREET", "LOCAT": " NORTH OF LEAD - SOUTH OF GOLD", "LENGTH": 704.131, "MILES": 0.13300000131130219, "ADT22": 4225, "AWDT22": 4574, "Shape_Length": 718.37512062961741, "ADT23": 3881, "AWDT23": 4202, "RT1_NB": 0, "RT1_SB": 0, "RT2_NB": 0, "RT2_SB": 0, "RT5_EB": 0, "RT5_WB": 0, "RT8_EB": 0, "RT8_WB": 145, "RT10_NB": 0, "RT10_SB": 0, "RT11_EB": 0, "RT11_WB": 0, "RT16_EB": 18, "RT16_WB": 0, "RT31_NB": 0, "RT31_SB": 0, "RT36": 15, "RT50_NB": 0, "RT50_SB": 0, "RT51_NB": 0, "RT51_SB": 0, "RT53_NB": 0, "RT53_SB": 76, "RT54_EB": 0, "RT54_WB": 59, "RT66_EB": 0, "RT66_WB": 0, "RT97_EB": 26, "RT97_WB": 27, "RT140_NB": 0, "RT140_SB": 0, "RT141_NB": 0, "RT141_SB": 0, "RT155_NB": 0, "RT155_SB": 0, "RT157_NB": 0, "RT157_SB": 0, "RT198_NB": 0, "RT198_SB": 0, "RT766_EB": 0, "RT766_WB": 0, "RT777_EB": 0, "RT777_WB": 0, "AWDT23*1.2": 5042, "Total_Users": 5408, "TransitUsersTTL": 366, "TrnstModeShare": 6.77 }, "geometry": { "type": "MultiLineString", "coordinates": [ [ [ -106.649790412835017, 35.081294064023268 ], [ -106.64969825395859, 35.081776514066824 ], [ -106.64960528990882, 35.082263178251416 ], [ -106.649604715705237, 35.082266190097975 ], [ -106.649418255844623, 35.083244030772413 ] ] ] } },
{ "type": "Feature", "properties": { "fid": 1810, "OBJECTID": 1810, "COGID": 25208, "RTE": "LEAD", "LOCAT": " EAST OF 4TH ST. - WEST OF 3RD ST.", "LENGTH": 363.378, "MILES": 0.068999998271465302, "ADT22": 6503, "AWDT22": 6956, "Shape_Length": 356.75025691927982, "ADT23": 5974, "AWDT23": 6390, "RT1_NB": 0, "RT1_SB": 0, "RT2_NB": 0, "RT2_SB": 0, "RT5_EB": 0, "RT5_WB": 0, "RT8_EB": 0, "RT8_WB": 0, "RT10_NB": 0, "RT10_SB": 0, "RT11_EB": 0, "RT11_WB": 0, "RT16_EB": 0, "RT16_WB": 0, "RT31_NB": 0, "RT31_SB": 0, "RT36": 0, "RT50_NB": 0, "RT50_SB": 0, "RT51_NB": 0, "RT51_SB": 0, "RT53_NB": 0, "RT53_SB": 76, "RT54_EB": 0, "RT54_WB": 59, "RT66_EB": 0, "RT66_WB": 0, "RT97_EB": 0, "RT97_WB": 0, "RT140_NB": 0, "RT140_SB": 0, "RT141_NB": 0, "RT141_SB": 0, "RT155_NB": 0, "RT155_SB": 0, "RT157_NB": 0, "RT157_SB": 0, "RT198_NB": 0, "RT198_SB": 0, "RT766_EB": 0, "RT766_WB": 0, "RT777_EB": 0, "RT777_WB": 0, "AWDT23*1.2": 7668, "Total_Users": 7803, "TransitUsersTTL": 135, "TrnstModeShare": 1.73 }, "geometry": { "type": "MultiLineString", "coordinates": [ [ [ -106.650981126397966, 35.081443090596999 ], [ -106.652159740725281, 35.081591875148582 ] ] ] } },
{ "type": "Feature", "properties": { "fid": 1811, "OBJECTID": 1811, "COGID": 25212, "RTE": "UNIVERSITY", "LOCAT": " NORTH OF CENTRAL - SOUTH OF MARTIN LUTHER KING JR", "LENGTH": 1014.596, "MILES": 0.19200000166893005, "ADT22": 17137, "AWDT22": 18159, "Shape_Length": 1011.8177292496994, "ADT23": 17740, "AWDT23": 19086, "RT1_NB": 0, "RT1_SB": 0, "RT2_NB": 0, "RT2_SB": 0, "RT5_EB": 0, "RT5_WB": 0, "RT8_EB": 0, "RT8_WB": 0, "RT10_NB": 0, "RT10_SB": 0, "RT11_EB": 0, "RT11_WB": 0, "RT16_EB": 48, "RT16_WB": 39, "RT31_NB": 0, "RT31_SB": 0, "RT36": 0, "RT50_NB": 56, "RT50_SB": 58, "RT51_NB": 0, "RT51_SB": 0, "RT53_NB": 0, "RT53_SB": 0, "RT54_EB": 0, "RT54_WB": 0, "RT66_EB": 0, "RT66_WB": 0, "RT97_EB": 0, "RT97_WB": 0, "RT140_NB": 0, "RT140_SB": 0, "RT141_NB": 0, "RT141_SB": 0, "RT155_NB": 0, "RT155_SB": 0, "RT157_NB": 0, "RT157_SB": 0, "RT198_NB": 0, "RT198_SB": 0, "RT766_EB": 0, "RT766_WB": 0, "RT777_EB": 0, "RT777_WB": 0, "AWDT23*1.2": 22903, "Total_Users": 23104, "TransitUsersTTL": 201, "TrnstModeShare": 0.87 }, "geometry": { "type": "MultiLineString", "coordinates": [ [ [ -106.626815093734223, 35.081401089756326 ], [ -106.62668796976412, 35.082057767208759 ], [ -106.6266216501309, 35.082358913029985 ], [ -106.6266166918995, 35.082385798989769 ], [ -106.626520441732339, 35.082907821957924 ], [ -106.626470975181263, 35.083161233793184 ], [ -106.626401072291031, 35.08344066551426 ], [ -106.626351704092627, 35.083577870474727 ], [ -106.626117903053199, 35.084113345857972 ] ] ] } },
{ "type": "Feature", "properties": { "fid": 1812, "OBJECTID": 1812, "COGID": 25216, "RTE": "CENTRAL", "LOCAT": " EAST OF I-25 E. FRONT. RD.(OAK) - WEST OF UNIVERSITY", "LENGTH": 2841.083, "MILES": 0.53799998760223389, "ADT22": 13555, "AWDT22": 14650, "Shape_Length": 2845.6651453066152, "ADT23": 12357, "AWDT23": 13198, "RT1_NB": 0, "RT1_SB": 0, "RT2_NB": 0, "RT2_SB": 0, "RT5_EB": 0, "RT5_WB": 0, "RT8_EB": 0, "RT8_WB": 0, "RT10_NB": 0, "RT10_SB": 0, "RT11_EB": 0, "RT11_WB": 0, "RT16_EB": 0, "RT16_WB": 0, "RT31_NB": 0, "RT31_SB": 0, "RT36": 0, "RT50_NB": 0, "RT50_SB": 0, "RT51_NB": 0, "RT51_SB": 0, "RT53_NB": 0, "RT53_SB": 0, "RT54_EB": 0, "RT54_WB": 0, "RT66_EB": 464, "RT66_WB": 483, "RT97_EB": 0, "RT97_WB": 0, "RT140_NB": 0, "RT140_SB": 0, "RT141_NB": 0, "RT141_SB": 0, "RT155_NB": 0, "RT155_SB": 0, "RT157_NB": 0, "RT157_SB": 0, "RT198_NB": 0, "RT198_SB": 0, "RT766_EB": 667, "RT766_WB": 658, "RT777_EB": 652, "RT777_WB": 665, "AWDT23*1.2": 15838, "Total_Users": 19427, "TransitUsersTTL": 3589, "TrnstModeShare": 18.47 }, "geometry": { "type": "MultiLineString", "coordinates": [ [ [ -106.636206247491373, 35.08263296450216 ], [ -106.634892175142795, 35.082423343475682 ], [ -106.634891038174601, 35.082423161384661 ], [ -106.634456577891513, 35.082358611648885 ], [ -106.633787818760311, 35.08226487288686 ], [ -106.633663460916068, 35.082248525473069 ], [ -106.633266311692566, 35.082196318730041 ], [ -106.632674741379475, 35.082118050308502 ], [ -106.632413576676527, 35.082083495663639 ], [ -106.63193293016576, 35.082019901025994 ], [ -106.631497568451422, 35.081965472252527 ], [ -106.631202931609337, 35.081928635942347 ], [ -106.631170783363032, 35.081924497452384 ], [ -106.630301692357307, 35.08181262499464 ], [ -106.630017181621639, 35.081776001041909 ], [ -106.629930680569615, 35.081764815486103 ], [ -106.629188156389631, 35.081668801589331 ], [ -106.629119301792656, 35.081660084348961 ], [ -106.628675298586685, 35.081603876744637 ], [ -106.628284799659596, 35.081554440926269 ], [ -106.627929232639616, 35.081517529781728 ], [ -106.627864142176264, 35.081510773381495 ], [ -106.627455147492242, 35.081468011899112 ], [ -106.626815093734223, 35.081401089756326 ] ] ] } },
{ "type": "Feature", "properties": { "fid": 1813, "OBJECTID": 1813, "COGID": 25220, "RTE": "8TH STREET", "LOCAT": " NORTH OF COAL - SOUTH OF LEAD", "LENGTH": 358.456, "MILES": 0.068000003695487976, "ADT22": 4392, "AWDT22": 4912, "Shape_Length": 351.58097752222949, "ADT23": 4035, "AWDT23": 4512, "RT1_NB": 0, "RT1_SB": 0, "RT2_NB": 0, "RT2_SB": 0, "RT5_EB": 0, "RT5_WB": 0, "RT8_EB": 0, "RT8_WB": 0, "RT10_NB": 0, "RT10_SB": 0, "RT11_EB": 0, "RT11_WB": 0, "RT16_EB": 0, "RT16_WB": 0, "RT31_NB": 0, "RT31_SB": 0, "RT36": 0, "RT50_NB": 0, "RT50_SB": 0, "RT51_NB": 0, "RT51_SB": 0, "RT53_NB": 0, "RT53_SB": 79, "RT54_EB": 0, "RT54_WB": 0, "RT66_EB": 0, "RT66_WB": 0, "RT97_EB": 0, "RT97_WB": 0, "RT140_NB": 0, "RT140_SB": 0, "RT141_NB": 0, "RT141_SB": 0, "RT155_NB": 0, "RT155_SB": 0, "RT157_NB": 0, "RT157_SB": 0, "RT198_NB": 0, "RT198_SB": 0, "RT766_EB": 0, "RT766_WB": 0, "RT777_EB": 0, "RT777_WB": 0, "AWDT23*1.2": 5414, "Total_Users": 5493, "TransitUsersTTL": 79, "TrnstModeShare": 1.44 }, "geometry": { "type": "MultiLineString", "coordinates": [ [ [ -106.657121386901721, 35.081240573033881 ], [ -106.656921847275157, 35.082192554016054 ] ] ] } },
{ "type": "Feature", "properties": { "fid": 1823, "OBJECTID": 1823, "COGID": 25248, "RTE": "6TH STREET", "LOCAT": " NORTH OF COAL - SOUTH OF LEAD", "LENGTH": 354.133, "MILES": 0.067000001668930054, "ADT22": 1945, "AWDT22": 2061, "Shape_Length": 360.85649652690324, "ADT23": 1787, "AWDT23": 1893, "RT1_NB": 0, "RT1_SB": 0, "RT2_NB": 0, "RT2_SB": 0, "RT5_EB": 0, "RT5_WB": 0, "RT8_EB": 0, "RT8_WB": 0, "RT10_NB": 0, "RT10_SB": 0, "RT11_EB": 0, "RT11_WB": 0, "RT16_EB": 0, "RT16_WB": 0, "RT31_NB": 0, "RT31_SB": 0, "RT36": 0, "RT50_NB": 0, "RT50_SB": 0, "RT51_NB": 0, "RT51_SB": 0, "RT53_NB": 82, "RT53_SB": 0, "RT54_EB": 0, "RT54_WB": 0, "RT66_EB": 0, "RT66_WB": 0, "RT97_EB": 0, "RT97_WB": 0, "RT140_NB": 0, "RT140_SB": 0, "RT141_NB": 0, "RT141_SB": 0, "RT155_NB": 0, "RT155_SB": 0, "RT157_NB": 0, "RT157_SB": 0, "RT198_NB": 0, "RT198_SB": 0, "RT766_EB": 0, "RT766_WB": 0, "RT777_EB": 0, "RT777_WB": 0, "AWDT23*1.2": 2272, "Total_Users": 2354, "TransitUsersTTL": 82, "TrnstModeShare": 3.48 }, "geometry": { "type": "MultiLineString", "coordinates": [ [ [ -106.654546152726297, 35.081905745081215 ], [ -106.654640454392222, 35.081406841794127 ], [ -106.654731540208374, 35.080926032294002 ] ] ] } },
{ "type": "Feature", "properties": { "fid": 1824, "OBJECTID": 1824, "COGID": 25252, "RTE": "COAL", "LOCAT": " EAST OF 8TH ST. - WEST OF 6TH ST.", "LENGTH": 720.24, "MILES": 0.13600000739097595, "ADT22": 4366, "AWDT22": 4884, "Shape_Length": 724.13779426605765, "ADT23": 4011, "AWDT23": 4487, "RT1_NB": 0, "RT1_SB": 0, "RT2_NB": 0, "RT2_SB": 0, "RT5_EB": 0, "RT5_WB": 0, "RT8_EB": 0, "RT8_WB": 0, "RT10_NB": 0, "RT10_SB": 0, "RT11_EB": 0, "RT11_WB": 0, "RT16_EB": 0, "RT16_WB": 0, "RT31_NB": 0, "RT31_SB": 0, "RT36": 0, "RT50_NB": 0, "RT50_SB": 0, "RT51_NB": 0, "RT51_SB": 0, "RT53_NB": 82, "RT53_SB": 0, "RT54_EB": 0, "RT54_WB": 0, "RT66_EB": 0, "RT66_WB": 0, "RT97_EB": 0, "RT97_WB": 0, "RT140_NB": 0, "RT140_SB": 0, "RT141_NB": 0, "RT141_SB": 0, "RT155_NB": 0, "RT155_SB": 0, "RT157_NB": 0, "RT157_SB": 0, "RT198_NB": 0, "RT198_SB": 0, "RT766_EB": 0, "RT766_WB": 0, "RT777_EB": 0, "RT777_WB": 0, "AWDT23*1.2": 5384, "Total_Users": 5466, "TransitUsersTTL": 82, "TrnstModeShare": 1.5 }, "geometry": { "type": "MultiLineString", "coordinates": [ [ [ -106.657121386901721, 35.081240573033881 ], [ -106.656724044288268, 35.081194213996369 ], [ -106.655916302890205, 35.081090848976935 ], [ -106.654731540208374, 35.080926032294002 ] ] ] } },
{ "type": "Feature", "properties": { "fid": 1828, "OBJECTID": 1828, "COGID": 25264, "RTE": "CENTRAL", "LOCAT": " EAST OF UNIVERSITY - WEST OF YALE", "LENGTH": 1441.497, "MILES": 0.27300000190734863, "ADT22": 16346, "AWDT22": 17600, "Shape_Length": 1434.3204384765831, "ADT23": 17180, "AWDT23": 18498, "RT1_NB": 0, "RT1_SB": 0, "RT2_NB": 0, "RT2_SB": 0, "RT5_EB": 0, "RT5_WB": 0, "RT8_EB": 0, "RT8_WB": 0, "RT10_NB": 0, "RT10_SB": 0, "RT11_EB": 0, "RT11_WB": 0, "RT16_EB": 0, "RT16_WB": 0, "RT31_NB": 0, "RT31_SB": 0, "RT36": 0, "RT50_NB": 0, "RT50_SB": 0, "RT51_NB": 0, "RT51_SB": 0, "RT53_NB": 0, "RT53_SB": 0, "RT54_EB": 0, "RT54_WB": 0, "RT66_EB": 466, "RT66_WB": 491, "RT97_EB": 0, "RT97_WB": 0, "RT140_NB": 0, "RT140_SB": 0, "RT141_NB": 0, "RT141_SB": 0, "RT155_NB": 0, "RT155_SB": 0, "RT157_NB": 0, "RT157_SB": 0, "RT198_NB": 0, "RT198_SB": 0, "RT766_EB": 672, "RT766_WB": 656, "RT777_EB": 655, "RT777_WB": 667, "AWDT23*1.2": 22198, "Total_Users": 25805, "TransitUsersTTL": 3607, "TrnstModeShare": 13.98 }, "geometry": { "type": "MultiLineString", "coordinates": [ [ [ -106.626815093734223, 35.081401089756326 ], [ -106.625562365428706, 35.081231141019657 ], [ -106.624353401293817, 35.081067118236319 ], [ -106.624165219390491, 35.081041585641032 ], [ -106.624004168350268, 35.081024326473376 ], [ -106.623983127162901, 35.08102207191925 ], [ -106.623651790430586, 35.081013709110465 ], [ -106.622058479267608, 35.081020037518293 ] ] ] } },
{ "type": "Feature", "properties": { "fid": 1829, "OBJECTID": 1829, "COGID": 25268, "RTE": "CENTRAL", "LOCAT": " EAST OF YALE - WEST OF GIRARD", "LENGTH": 2659.729, "MILES": 0.50400000810623169, "ADT22": 16859, "AWDT22": 18220, "Shape_Length": 2626.0644305509027, "ADT23": 17930, "AWDT23": 19150, "RT1_NB": 0, "RT1_SB": 0, "RT2_NB": 0, "RT2_SB": 0, "RT5_EB": 0, "RT5_WB": 0, "RT8_EB": 0, "RT8_WB": 0, "RT10_NB": 0, "RT10_SB": 0, "RT11_EB": 0, "RT11_WB": 0, "RT16_EB": 0, "RT16_WB": 0, "RT31_NB": 0, "RT31_SB": 0, "RT36": 0, "RT50_NB": 0, "RT50_SB": 0, "RT51_NB": 0, "RT51_SB": 0, "RT53_NB": 0, "RT53_SB": 0, "RT54_EB": 0, "RT54_WB": 0, "RT66_EB": 454, "RT66_WB": 500, "RT97_EB": 0, "RT97_WB": 0, "RT140_NB": 0, "RT140_SB": 0, "RT141_NB": 0, "RT141_SB": 0, "RT155_NB": 0, "RT155_SB": 0, "RT157_NB": 0, "RT157_SB": 0, "RT198_NB": 0, "RT198_SB": 0, "RT766_EB": 678, "RT766_WB": 651, "RT777_EB": 662, "RT777_WB": 659, "AWDT23*1.2": 22980, "Total_Users": 26584, "TransitUsersTTL": 3604, "TrnstModeShare": 13.56 }, "geometry": { "type": "MultiLineString", "coordinates": [ [ [ -106.622058479267608, 35.081020037518293 ], [ -106.620845943709625, 35.081022283912169 ], [ -106.62082006235778, 35.081022257583626 ], [ -106.619556558655162, 35.081020967183001 ], [ -106.619538500594757, 35.081020948291389 ], [ -106.618299646458979, 35.081013525423181 ], [ -106.618293668648121, 35.081013490391626 ], [ -106.617036126982228, 35.081003315051738 ], [ -106.615793179792163, 35.080993243108615 ], [ -106.615791340695736, 35.080993227020961 ], [ -106.614546518168567, 35.080981839042394 ], [ -106.61452513290952, 35.080982050262364 ], [ -106.61328126635992, 35.080994284383593 ] ] ] } },
{ "type": "Feature", "properties": { "fid": 1832, "OBJECTID": 1832, "COGID": 25284, "RTE": "BROADWAY", "LOCAT": " NORTH OF LEAD - SOUTH OF CENTRAL", "LENGTH": 1084.542, "MILES": 0.20499999821186066, "ADT22": 11944, "AWDT22": 12909, "Shape_Length": 1090.7574934557988, "ADT23": 11103, "AWDT23": 11859, "RT1_NB": 0, "RT1_SB": 0, "RT2_NB": 0, "RT2_SB": 0, "RT5_EB": 0, "RT5_WB": 0, "RT8_EB": 0, "RT8_WB": 0, "RT10_NB": 0, "RT10_SB": 0, "RT11_EB": 0, "RT11_WB": 0, "RT16_EB": 0, "RT16_WB": 15, "RT31_NB": 0, "RT31_SB": 0, "RT36": 0, "RT50_NB": 0, "RT50_SB": 0, "RT51_NB": 0, "RT51_SB": 0, "RT53_NB": 0, "RT53_SB": 0, "RT54_EB": 0, "RT54_WB": 0, "RT66_EB": 0, "RT66_WB": 0, "RT97_EB": 0, "RT97_WB": 0, "RT140_NB": 0, "RT140_SB": 0, "RT141_NB": 0, "RT141_SB": 0, "RT155_NB": 0, "RT155_SB": 0, "RT157_NB": 0, "RT157_SB": 0, "RT198_NB": 0, "RT198_SB": 0, "RT766_EB": 0, "RT766_WB": 0, "RT777_EB": 0, "RT777_WB": 0, "AWDT23*1.2": 14231, "Total_Users": 14246, "TransitUsersTTL": 15, "TrnstModeShare": 0.11 }, "geometry": { "type": "MultiLineString", "coordinates": [ [ [ -106.645209535502929, 35.080706351511949 ], [ -106.645005691151937, 35.081684658943288 ], [ -106.645005621584531, 35.081685014342824 ], [ -106.644818457930299, 35.08264923585255 ], [ -106.64481844937886, 35.082649281854529 ], [ -106.644622121492489, 35.083664133166756 ] ] ] } },
{ "type": "Feature", "properties": { "fid": 1833, "OBJECTID": 1833, "COGID": 25288, "RTE": "LEAD", "LOCAT": " EAST OF 2ND ST. - WEST OF BROADWAY", "LENGTH": 1381.073, "MILES": 0.26199999451637268, "ADT22": 7255, "AWDT22": 7841, "Shape_Length": 1387.110401258195, "ADT23": 6744, "AWDT23": 7203, "RT1_NB": 0, "RT1_SB": 0, "RT2_NB": 0, "RT2_SB": 0, "RT5_EB": 0, "RT5_WB": 0, "RT8_EB": 0, "RT8_WB": 0, "RT10_NB": 0, "RT10_SB": 0, "RT11_EB": 0, "RT11_WB": 0, "RT16_EB": 18, "RT16_WB": 0, "RT31_NB": 0, "RT31_SB": 0, "RT36": 0, "RT50_NB": 0, "RT50_SB": 0, "RT51_NB": 0, "RT51_SB": 0, "RT53_NB": 0, "RT53_SB": 0, "RT54_EB": 0, "RT54_WB": 0, "RT66_EB": 0, "RT66_WB": 0, "RT97_EB": 0, "RT97_WB": 31, "RT140_NB": 0, "RT140_SB": 0, "RT141_NB": 0, "RT141_SB": 0, "RT155_NB": 0, "RT155_SB": 0, "RT157_NB": 0, "RT157_SB": 0, "RT198_NB": 0, "RT198_SB": 0, "RT766_EB": 0, "RT766_WB": 0, "RT777_EB": 0, "RT777_WB": 0, "AWDT23*1.2": 8644, "Total_Users": 8693, "TransitUsersTTL": 49, "TrnstModeShare": 0.56 }, "geometry": { "type": "MultiLineString", "coordinates": [ [ [ -106.645209535502929, 35.080706351511949 ], [ -106.646505522770354, 35.080866978179678 ], [ -106.647681804382898, 35.081021091063207 ], [ -106.648618066688172, 35.081143746601313 ], [ -106.649790412835017, 35.081294064023268 ] ] ] } },
{ "type": "Feature", "properties": { "fid": 1835, "OBJECTID": 1835, "COGID": 25300, "RTE": "4TH STREET", "LOCAT": " NORTH OF COAL - SOUTH OF LEAD", "LENGTH": 377.624, "MILES": 0.071999996900558472, "ADT22": 3110, "AWDT22": 3295, "Shape_Length": 356.71714952103497, "ADT23": 2814, "AWDT23": 3027, "RT1_NB": 0, "RT1_SB": 0, "RT2_NB": 0, "RT2_SB": 0, "RT5_EB": 0, "RT5_WB": 0, "RT8_EB": 0, "RT8_WB": 0, "RT10_NB": 0, "RT10_SB": 0, "RT11_EB": 0, "RT11_WB": 0, "RT16_EB": 0, "RT16_WB": 0, "RT31_NB": 0, "RT31_SB": 0, "RT36": 0, "RT50_NB": 0, "RT50_SB": 0, "RT51_NB": 0, "RT51_SB": 0, "RT53_NB": 0, "RT53_SB": 0, "RT54_EB": 71, "RT54_WB": 59, "RT66_EB": 0, "RT66_WB": 0, "RT97_EB": 0, "RT97_WB": 0, "RT140_NB": 0, "RT140_SB": 0, "RT141_NB": 0, "RT141_SB": 0, "RT155_NB": 0, "RT155_SB": 0, "RT157_NB": 0, "RT157_SB": 0, "RT198_NB": 0, "RT198_SB": 0, "RT766_EB": 0, "RT766_WB": 0, "RT777_EB": 0, "RT777_WB": 0, "AWDT23*1.2": 3632, "Total_Users": 3762, "TransitUsersTTL": 130, "TrnstModeShare": 3.46 }, "geometry": { "type": "MultiLineString", "coordinates": [ [ [ -106.652352454973212, 35.080624641116188 ], [ -106.652159740725281, 35.081591875148582 ] ] ] } },
{ "type": "Feature", "properties": { "fid": 1841, "OBJECTID": 1841, "COGID": 25328, "RTE": "2ND STREET", "LOCAT": " NORTH OF COAL - SOUTH OF LEAD", "LENGTH": 385.07, "MILES": 0.072999998927116394, "ADT22": 7080, "AWDT22": 7623, "Shape_Length": 359.83136043134755, "ADT23": 6504, "AWDT23": 7003, "RT1_NB": 0, "RT1_SB": 0, "RT2_NB": 0, "RT2_SB": 0, "RT5_EB": 0, "RT5_WB": 0, "RT8_EB": 0, "RT8_WB": 0, "RT10_NB": 0, "RT10_SB": 0, "RT11_EB": 0, "RT11_WB": 0, "RT16_EB": 0, "RT16_WB": 0, "RT31_NB": 0, "RT31_SB": 0, "RT36": 0, "RT50_NB": 0, "RT50_SB": 0, "RT51_NB": 0, "RT51_SB": 0, "RT53_NB": 0, "RT53_SB": 0, "RT54_EB": 0, "RT54_WB": 0, "RT66_EB": 0, "RT66_WB": 0, "RT97_EB": 26, "RT97_WB": 0, "RT140_NB": 0, "RT140_SB": 0, "RT141_NB": 0, "RT141_SB": 0, "RT155_NB": 0, "RT155_SB": 0, "RT157_NB": 0, "RT157_SB": 0, "RT198_NB": 0, "RT198_SB": 0, "RT766_EB": 0, "RT766_WB": 0, "RT777_EB": 0, "RT777_WB": 0, "AWDT23*1.2": 8404, "Total_Users": 8430, "TransitUsersTTL": 26, "TrnstModeShare": 0.31 }, "geometry": { "type": "MultiLineString", "coordinates": [ [ [ -106.649975167591606, 35.0803171205567 ], [ -106.649790412835017, 35.081294064023268 ] ] ] } },
{ "type": "Feature", "properties": { "fid": 1843, "OBJECTID": 1843, "COGID": 25340, "RTE": "COORS", "LOCAT": " NORTH OF CENTRAL - SOUTH OF BLUEWATER", "LENGTH": 2275.982, "MILES": 0.4309999942779541, "ADT22": 26310, "AWDT22": 28435, "Shape_Length": 2298.4046113486061, "ADT23": 27449, "AWDT23": 29317, "RT1_NB": 0, "RT1_SB": 0, "RT2_NB": 0, "RT2_SB": 0, "RT5_EB": 0, "RT5_WB": 0, "RT8_EB": 0, "RT8_WB": 0, "RT10_NB": 0, "RT10_SB": 0, "RT11_EB": 0, "RT11_WB": 0, "RT16_EB": 0, "RT16_WB": 0, "RT31_NB": 0, "RT31_SB": 0, "RT36": 0, "RT50_NB": 0, "RT50_SB": 0, "RT51_NB": 0, "RT51_SB": 0, "RT53_NB": 0, "RT53_SB": 0, "RT54_EB": 0, "RT54_WB": 0, "RT66_EB": 0, "RT66_WB": 0, "RT97_EB": 0, "RT97_WB": 0, "RT140_NB": 0, "RT140_SB": 0, "RT141_NB": 0, "RT141_SB": 0, "RT155_NB": 158, "RT155_SB": 108, "RT157_NB": 0, "RT157_SB": 0, "RT198_NB": 0, "RT198_SB": 0, "RT766_EB": 0, "RT766_WB": 0, "RT777_EB": 0, "RT777_WB": 0, "AWDT23*1.2": 35180, "Total_Users": 35446, "TransitUsersTTL": 266, "TrnstModeShare": 0.75 }, "geometry": { "type": "MultiLineString", "coordinates": [ [ [ -106.710491488874624, 35.079941912267586 ], [ -106.710691957211566, 35.080818048824455 ], [ -106.710700398401215, 35.08110547885115 ], [ -106.710728493040193, 35.083129342386606 ], [ -106.710723500944312, 35.084492034597652 ], [ -106.710718531690901, 35.08624141817603 ] ] ] } },
{ "type": "Feature", "properties": { "fid": 1844, "OBJECTID": 1844, "COGID": 25356, "RTE": "LEAD", "LOCAT": " EAST OF BROADWAY - W. OF I25 W. FRONT. RD.(LOCUST)", "LENGTH": 2190.807, "MILES": 0.41499999165534973, "ADT22": 9905, "AWDT22": 10705, "Shape_Length": 2190.8005579880146, "ADT23": 9207, "AWDT23": 9834, "RT1_NB": 0, "RT1_SB": 0, "RT2_NB": 0, "RT2_SB": 0, "RT5_EB": 0, "RT5_WB": 0, "RT8_EB": 0, "RT8_WB": 0, "RT10_NB": 0, "RT10_SB": 0, "RT11_EB": 0, "RT11_WB": 0, "RT16_EB": 0, "RT16_WB": 0, "RT31_NB": 0, "RT31_SB": 0, "RT36": 0, "RT50_NB": 0, "RT50_SB": 0, "RT51_NB": 0, "RT51_SB": 0, "RT53_NB": 0, "RT53_SB": 0, "RT54_EB": 0, "RT54_WB": 0, "RT66_EB": 0, "RT66_WB": 0, "RT97_EB": 0, "RT97_WB": 31, "RT140_NB": 0, "RT140_SB": 0, "RT141_NB": 0, "RT141_SB": 0, "RT155_NB": 0, "RT155_SB": 0, "RT157_NB": 0, "RT157_SB": 0, "RT198_NB": 0, "RT198_SB": 0, "RT766_EB": 0, "RT766_WB": 0, "RT777_EB": 0, "RT777_WB": 0, "AWDT23*1.2": 11801, "Total_Users": 11832, "TransitUsersTTL": 31, "TrnstModeShare": 0.26 }, "geometry": { "type": "MultiLineString", "coordinates": [ [ [ -106.637977158545254, 35.079765107318565 ], [ -106.639174117950773, 35.079925908372516 ], [ -106.63918910958968, 35.079927989498195 ], [ -106.640380841009602, 35.080093457721539 ], [ -106.640380917822142, 35.080093468291736 ], [ -106.641566043982692, 35.080241789628182 ], [ -106.641566105430371, 35.080241797542875 ], [ -106.642750066854404, 35.080394239711922 ], [ -106.643942825667523, 35.080550421523753 ], [ -106.645209535502929, 35.080706351511949 ] ] ] } },
{ "type": "Feature", "properties": { "fid": 1845, "OBJECTID": 1845, "COGID": 25360, "RTE": "LOUISIANA", "LOCAT": " NORTH OF COPPER - SOUTH OF LOMAS", "LENGTH": 2645.75, "MILES": 0.50099998712539673, "ADT22": 23896, "AWDT22": 25826, "Shape_Length": 2667.7217981383887, "ADT23": 25415, "AWDT23": 27144, "RT1_NB": 0, "RT1_SB": 0, "RT2_NB": 0, "RT2_SB": 0, "RT5_EB": 0, "RT5_WB": 0, "RT8_EB": 0, "RT8_WB": 0, "RT10_NB": 0, "RT10_SB": 0, "RT11_EB": 0, "RT11_WB": 0, "RT16_EB": 0, "RT16_WB": 0, "RT31_NB": 0, "RT31_SB": 0, "RT36": 0, "RT50_NB": 0, "RT50_SB": 0, "RT51_NB": 0, "RT51_SB": 0, "RT53_NB": 0, "RT53_SB": 0, "RT54_EB": 0, "RT54_WB": 0, "RT66_EB": 0, "RT66_WB": 0, "RT97_EB": 0, "RT97_WB": 0, "RT140_NB": 0, "RT140_SB": 0, "RT141_NB": 0, "RT141_SB": 0, "RT155_NB": 0, "RT155_SB": 0, "RT157_NB": 191, "RT157_SB": 187, "RT198_NB": 0, "RT198_SB": 0, "RT766_EB": 374, "RT766_WB": 473, "RT777_EB": 0, "RT777_WB": 0, "AWDT23*1.2": 32573, "Total_Users": 33798, "TransitUsersTTL": 1225, "TrnstModeShare": 3.62 }, "geometry": { "type": "MultiLineString", "coordinates": [ [ [ -106.568588801781075, 35.079928431509344 ], [ -106.568610273849771, 35.081768442261584 ], [ -106.568617283451829, 35.083571222438295 ], [ -106.568628297266045, 35.086511517315223 ], [ -106.568643138486323, 35.087258138024076 ] ] ] } },
{ "type": "Feature", "properties": { "fid": 1846, "OBJECTID": 1846, "COGID": 25364, "RTE": "EUBANK", "LOCAT": " NORTH OF COPPER - SOUTH OF I-40 S. RAMPS", "LENGTH": 840.511, "MILES": 0.15899999439716339, "ADT22": 43232, "AWDT22": 46723, "Shape_Length": 839.64252779592061, "ADT23": 45438, "AWDT23": 49107, "RT1_NB": 0, "RT1_SB": 0, "RT2_NB": 38, "RT2_SB": 42, "RT5_EB": 0, "RT5_WB": 0, "RT8_EB": 0, "RT8_WB": 0, "RT10_NB": 0, "RT10_SB": 0, "RT11_EB": 0, "RT11_WB": 0, "RT16_EB": 0, "RT16_WB": 0, "RT31_NB": 0, "RT31_SB": 0, "RT36": 0, "RT50_NB": 0, "RT50_SB": 0, "RT51_NB": 0, "RT51_SB": 0, "RT53_NB": 0, "RT53_SB": 0, "RT54_EB": 0, "RT54_WB": 0, "RT66_EB": 0, "RT66_WB": 0, "RT97_EB": 0, "RT97_WB": 0, "RT140_NB": 0, "RT140_SB": 0, "RT141_NB": 0, "RT141_SB": 0, "RT155_NB": 0, "RT155_SB": 0, "RT157_NB": 0, "RT157_SB": 0, "RT198_NB": 0, "RT198_SB": 0, "RT766_EB": 0, "RT766_WB": 0, "RT777_EB": 0, "RT777_WB": 0, "AWDT23*1.2": 58928, "Total_Users": 59008, "TransitUsersTTL": 80, "TrnstModeShare": 0.14 }, "geometry": { "type": "MultiLineString", "coordinates": [ [ [ -106.532328716827706, 35.080054506110358 ], [ -106.532331421540619, 35.080155231428854 ], [ -106.532383387851965, 35.082090537613368 ], [ -106.53239065068054, 35.082360977821949 ] ] ] } },
{ "type": "Feature", "properties": { "fid": 1847, "OBJECTID": 1847, "COGID": 25368, "RTE": "BROADWAY", "LOCAT": " NORTH OF COAL - SOUTH OF LEAD", "LENGTH": 358.483, "MILES": 0.068000003695487976, "ADT22": 10155, "AWDT22": 10975, "Shape_Length": 358.44261944193897, "ADT23": 9440, "AWDT23": 10082, "RT1_NB": 0, "RT1_SB": 0, "RT2_NB": 0, "RT2_SB": 0, "RT5_EB": 0, "RT5_WB": 0, "RT8_EB": 0, "RT8_WB": 0, "RT10_NB": 0, "RT10_SB": 0, "RT11_EB": 0, "RT11_WB": 0, "RT16_EB": 18, "RT16_WB": 15, "RT31_NB": 0, "RT31_SB": 0, "RT36": 0, "RT50_NB": 0, "RT50_SB": 0, "RT51_NB": 0, "RT51_SB": 0, "RT53_NB": 0, "RT53_SB": 0, "RT54_EB": 0, "RT54_WB": 0, "RT66_EB": 0, "RT66_WB": 0, "RT97_EB": 0, "RT97_WB": 0, "RT140_NB": 0, "RT140_SB": 0, "RT141_NB": 0, "RT141_SB": 0, "RT155_NB": 0, "RT155_SB": 0, "RT157_NB": 0, "RT157_SB": 0, "RT198_NB": 0, "RT198_SB": 0, "RT766_EB": 0, "RT766_WB": 0, "RT777_EB": 0, "RT777_WB": 0, "AWDT23*1.2": 12098, "Total_Users": 12131, "TransitUsersTTL": 33, "TrnstModeShare": 0.27 }, "geometry": { "type": "MultiLineString", "coordinates": [ [ [ -106.645397421551024, 35.079733674729397 ], [ -106.645209535502929, 35.080706351511949 ] ] ] } },
{ "type": "Feature", "properties": { "fid": 1848, "OBJECTID": 1848, "COGID": 25372, "RTE": "COAL", "LOCAT": " EAST OF 2ND ST. - WEST OF BROADWAY", "LENGTH": 1380.716, "MILES": 0.26100000739097595, "ADT22": 6213, "AWDT22": 6715, "Shape_Length": 1385.9675256514038, "ADT23": 5776, "AWDT23": 6169, "RT1_NB": 0, "RT1_SB": 0, "RT2_NB": 0, "RT2_SB": 0, "RT5_EB": 0, "RT5_WB": 0, "RT8_EB": 0, "RT8_WB": 0, "RT10_NB": 0, "RT10_SB": 0, "RT11_EB": 0, "RT11_WB": 0, "RT16_EB": 0, "RT16_WB": 0, "RT31_NB": 0, "RT31_SB": 0, "RT36": 0, "RT50_NB": 0, "RT50_SB": 0, "RT51_NB": 0, "RT51_SB": 0, "RT53_NB": 0, "RT53_SB": 0, "RT54_EB": 0, "RT54_WB": 0, "RT66_EB": 0, "RT66_WB": 0, "RT97_EB": 26, "RT97_WB": 0, "RT140_NB": 0, "RT140_SB": 0, "RT141_NB": 0, "RT141_SB": 0, "RT155_NB": 0, "RT155_SB": 0, "RT157_NB": 0, "RT157_SB": 0, "RT198_NB": 0, "RT198_SB": 0, "RT766_EB": 0, "RT766_WB": 0, "RT777_EB": 0, "RT777_WB": 0, "AWDT23*1.2": 7403, "Total_Users": 7429, "TransitUsersTTL": 26, "TrnstModeShare": 0.35 }, "geometry": { "type": "MultiLineString", "coordinates": [ [ [ -106.649975167591606, 35.0803171205567 ], [ -106.648783761407529, 35.080163323910654 ], [ -106.647864677751045, 35.08004232690196 ], [ -106.647600194916564, 35.08000750573688 ], [ -106.646678391381116, 35.079896152397943 ], [ -106.645397421551024, 35.079733674729397 ] ] ] } },
{ "type": "Feature", "properties": { "fid": 1850, "OBJECTID": 1850, "COGID": 25388, "RTE": "CENTRAL", "LOCAT": " EAST OF GIRARD - WEST OF CARLISLE", "LENGTH": 2628.649, "MILES": 0.49799999594688416, "ADT22": 13288, "AWDT22": 14360, "Shape_Length": 2656.3813159673996, "ADT23": 14132, "AWDT23": 15094, "RT1_NB": 0, "RT1_SB": 0, "RT2_NB": 0, "RT2_SB": 0, "RT5_EB": 0, "RT5_WB": 0, "RT8_EB": 0, "RT8_WB": 0, "RT10_NB": 0, "RT10_SB": 0, "RT11_EB": 0, "RT11_WB": 0, "RT16_EB": 40, "RT16_WB": 32, "RT31_NB": 0, "RT31_SB": 0, "RT36": 0, "RT50_NB": 0, "RT50_SB": 0, "RT51_NB": 0, "RT51_SB": 0, "RT53_NB": 0, "RT53_SB": 0, "RT54_EB": 0, "RT54_WB": 0, "RT66_EB": 459, "RT66_WB": 510, "RT97_EB": 0, "RT97_WB": 0, "RT140_NB": 0, "RT140_SB": 0, "RT141_NB": 0, "RT141_SB": 0, "RT155_NB": 0, "RT155_SB": 0, "RT157_NB": 0, "RT157_SB": 0, "RT198_NB": 0, "RT198_SB": 0, "RT766_EB": 675, "RT766_WB": 660, "RT777_EB": 661, "RT777_WB": 664, "AWDT23*1.2": 18113, "Total_Users": 21814, "TransitUsersTTL": 3701, "TrnstModeShare": 16.97 }, "geometry": { "type": "MultiLineString", "coordinates": [ [ [ -106.61328126635992, 35.080994284383593 ], [ -106.612037455358632, 35.080812916229021 ], [ -106.612028461719106, 35.080811604416347 ], [ -106.610795549943248, 35.080639701319306 ], [ -106.610175717900717, 35.080541656204154 ], [ -106.609736519047544, 35.080482953524786 ], [ -106.609549636071634, 35.080457974011019 ], [ -106.609355747258675, 35.080432058524323 ], [ -106.608299214208259, 35.080290832750677 ], [ -106.608285858507486, 35.080289047662937 ], [ -106.60703352096111, 35.080111190598728 ], [ -106.607030177537737, 35.08011071545868 ], [ -106.60578674575433, 35.079938242436135 ], [ -106.605783747096268, 35.079937863607441 ], [ -106.604526786195521, 35.079779061770424 ] ] ] } },
{ "type": "Feature", "properties": { "fid": 1853, "OBJECTID": 1853, "COGID": 25396, "RTE": "WYOMING", "LOCAT": " NORTH OF COPPER - SOUTH OF LOMAS", "LENGTH": 2705.651, "MILES": 0.51200002431869507, "ADT22": 23155, "AWDT22": 25025, "Shape_Length": 2671.0800814865406, "ADT23": 24626, "AWDT23": 26302, "RT1_NB": 0, "RT1_SB": 0, "RT2_NB": 0, "RT2_SB": 0, "RT5_EB": 0, "RT5_WB": 0, "RT8_EB": 0, "RT8_WB": 0, "RT10_NB": 0, "RT10_SB": 0, "RT11_EB": 0, "RT11_WB": 0, "RT16_EB": 0, "RT16_WB": 0, "RT31_NB": 107, "RT31_SB": 106, "RT36": 0, "RT50_NB": 0, "RT50_SB": 0, "RT51_NB": 0, "RT51_SB": 0, "RT53_NB": 0, "RT53_SB": 0, "RT54_EB": 0, "RT54_WB": 0, "RT66_EB": 0, "RT66_WB": 0, "RT97_EB": 0, "RT97_WB": 0, "RT140_NB": 0, "RT140_SB": 0, "RT141_NB": 0, "RT141_SB": 0, "RT155_NB": 0, "RT155_SB": 0, "RT157_NB": 0, "RT157_SB": 0, "RT198_NB": 0, "RT198_SB": 0, "RT766_EB": 0, "RT766_WB": 0, "RT777_EB": 0, "RT777_WB": 0, "AWDT23*1.2": 31562, "Total_Users": 31775, "TransitUsersTTL": 213, "TrnstModeShare": 0.67 }, "geometry": { "type": "MultiLineString", "coordinates": [ [ [ -106.550295659898907, 35.080019551884519 ], [ -106.550340687904551, 35.081762563186487 ], [ -106.550389869892342, 35.083666178962794 ], [ -106.550390774729607, 35.083701205534389 ], [ -106.550570940366143, 35.087354871298736 ] ] ] } },
{ "type": "Feature", "properties": { "fid": 1858, "OBJECTID": 1858, "COGID": 25416, "RTE": "LEAD", "LOCAT": " E. OF I25 W. FRONT. RD.(LOCUST) - WEST OF I-25 E. FRONT. RD", "LENGTH": 349.686, "MILES": 0.065999999642372131, "ADT22": 7193, "AWDT22": 7788, "Shape_Length": 356.93757707464948, "ADT23": 7560, "AWDT23": 8185, "RT1_NB": 0, "RT1_SB": 0, "RT2_NB": 0, "RT2_SB": 0, "RT5_EB": 0, "RT5_WB": 0, "RT8_EB": 0, "RT8_WB": 0, "RT10_NB": 0, "RT10_SB": 0, "RT11_EB": 0, "RT11_WB": 0, "RT16_EB": 0, "RT16_WB": 0, "RT31_NB": 0, "RT31_SB": 0, "RT36": 0, "RT50_NB": 0, "RT50_SB": 0, "RT51_NB": 0, "RT51_SB": 0, "RT53_NB": 0, "RT53_SB": 0, "RT54_EB": 0, "RT54_WB": 0, "RT66_EB": 0, "RT66_WB": 0, "RT97_EB": 0, "RT97_WB": 32, "RT140_NB": 0, "RT140_SB": 0, "RT141_NB": 0, "RT141_SB": 0, "RT155_NB": 0, "RT155_SB": 0, "RT157_NB": 0, "RT157_SB": 0, "RT198_NB": 0, "RT198_SB": 0, "RT766_EB": 0, "RT766_WB": 0, "RT777_EB": 0, "RT777_WB": 0, "AWDT23*1.2": 9822, "Total_Users": 9854, "TransitUsersTTL": 32, "TrnstModeShare": 0.32 }, "geometry": { "type": "MultiLineString", "coordinates": [ [ [ -106.636798398657277, 35.07961386392153 ], [ -106.63715082368951, 35.079659084050988 ], [ -106.637317961986682, 35.079680529636853 ], [ -106.637426662329446, 35.079694476793485 ], [ -106.637977158545254, 35.079765107318565 ] ] ] } },
{ "type": "Feature", "properties": { "fid": 1859, "OBJECTID": 1859, "COGID": 25420, "RTE": "CENTRAL", "LOCAT": " EAST OF AIRPORT - WEST OF COORS", "LENGTH": 1163.67, "MILES": 0.2199999988079071, "ADT22": 14895, "AWDT22": 16098, "Shape_Length": 1190.1038574751142, "ADT23": 15540, "AWDT23": 16597, "RT1_NB": 0, "RT1_SB": 0, "RT2_NB": 0, "RT2_SB": 0, "RT5_EB": 0, "RT5_WB": 0, "RT8_EB": 0, "RT8_WB": 0, "RT10_NB": 0, "RT10_SB": 0, "RT11_EB": 0, "RT11_WB": 0, "RT16_EB": 0, "RT16_WB": 0, "RT31_NB": 0, "RT31_SB": 0, "RT36": 0, "RT50_NB": 0, "RT50_SB": 0, "RT51_NB": 0, "RT51_SB": 0, "RT53_NB": 0, "RT53_SB": 0, "RT54_EB": 0, "RT54_WB": 0, "RT66_EB": 176, "RT66_WB": 196, "RT97_EB": 0, "RT97_WB": 0, "RT140_NB": 0, "RT140_SB": 0, "RT141_NB": 0, "RT141_SB": 0, "RT155_NB": 0, "RT155_SB": 0, "RT157_NB": 0, "RT157_SB": 0, "RT198_NB": 0, "RT198_SB": 0, "RT766_EB": 171, "RT766_WB": 223, "RT777_EB": 187, "RT777_WB": 204, "AWDT23*1.2": 19916, "Total_Users": 21073, "TransitUsersTTL": 1157, "TrnstModeShare": 5.49 }, "geometry": { "type": "MultiLineString", "coordinates": [ [ [ -106.714331910653996, 35.079090029311637 ], [ -106.712742656798369, 35.079442574093939 ], [ -106.710491488874624, 35.079941912267586 ] ] ] } },
{ "type": "Feature", "properties": { "fid": 1860, "OBJECTID": 1860, "COGID": 25421, "RTE": "CENTRAL", "LOCAT": " EAST OF 75TH - WEST OF AIRPORT", "LENGTH": 1434.451, "MILES": 0.2720000147819519, "ADT22": 16783, "AWDT22": 18138, "Shape_Length": 1427.7766504812339, "ADT23": 17510, "AWDT23": 18701, "RT1_NB": 0, "RT1_SB": 0, "RT2_NB": 0, "RT2_SB": 0, "RT5_EB": 0, "RT5_WB": 0, "RT8_EB": 0, "RT8_WB": 0, "RT10_NB": 0, "RT10_SB": 0, "RT11_EB": 0, "RT11_WB": 0, "RT16_EB": 0, "RT16_WB": 0, "RT31_NB": 0, "RT31_SB": 0, "RT36": 0, "RT50_NB": 0, "RT50_SB": 0, "RT51_NB": 0, "RT51_SB": 0, "RT53_NB": 0, "RT53_SB": 0, "RT54_EB": 0, "RT54_WB": 0, "RT66_EB": 153, "RT66_WB": 195, "RT97_EB": 0, "RT97_WB": 0, "RT140_NB": 0, "RT140_SB": 0, "RT141_NB": 0, "RT141_SB": 0, "RT155_NB": 0, "RT155_SB": 0, "RT157_NB": 0, "RT157_SB": 0, "RT198_NB": 0, "RT198_SB": 0, "RT766_EB": 171, "RT766_WB": 223, "RT777_EB": 187, "RT777_WB": 204, "AWDT23*1.2": 22441, "Total_Users": 23574, "TransitUsersTTL": 1133, "TrnstModeShare": 4.81 }, "geometry": { "type": "MultiLineString", "coordinates": [ [ [ -106.718906607690641, 35.077974203420332 ], [ -106.71583403500874, 35.078744999240996 ], [ -106.715833826949847, 35.078745050521484 ], [ -106.714331910653996, 35.079090029311637 ] ] ] } },
{ "type": "Feature", "properties": { "fid": 1863, "OBJECTID": 1863, "COGID": 25432, "RTE": "CENTRAL", "LOCAT": " EAST OF CARLISLE - WEST OF WASHINGTON", "LENGTH": 2772.101, "MILES": 0.52499997615814209, "ADT22": 11616, "AWDT22": 12554, "Shape_Length": 2774.3467831068383, "ADT23": 12038, "AWDT23": 12857, "RT1_NB": 0, "RT1_SB": 0, "RT2_NB": 0, "RT2_SB": 0, "RT5_EB": 0, "RT5_WB": 0, "RT8_EB": 0, "RT8_WB": 0, "RT10_NB": 0, "RT10_SB": 0, "RT11_EB": 0, "RT11_WB": 0, "RT16_EB": 0, "RT16_WB": 0, "RT31_NB": 0, "RT31_SB": 0, "RT36": 0, "RT50_NB": 0, "RT50_SB": 0, "RT51_NB": 0, "RT51_SB": 0, "RT53_NB": 0, "RT53_SB": 0, "RT54_EB": 0, "RT54_WB": 0, "RT66_EB": 463, "RT66_WB": 520, "RT97_EB": 0, "RT97_WB": 0, "RT140_NB": 0, "RT140_SB": 0, "RT141_NB": 0, "RT141_SB": 0, "RT155_NB": 0, "RT155_SB": 0, "RT157_NB": 0, "RT157_SB": 0, "RT198_NB": 0, "RT198_SB": 0, "RT766_EB": 675, "RT766_WB": 649, "RT777_EB": 660, "RT777_WB": 655, "AWDT23*1.2": 15428, "Total_Users": 19050, "TransitUsersTTL": 3622, "TrnstModeShare": 19.01 }, "geometry": { "type": "MultiLineString", "coordinates": [ [ [ -106.604526786195521, 35.079779061770424 ], [ -106.603380381107172, 35.079639257411095 ], [ -106.603372458792222, 35.079638380842674 ], [ -106.603183230550499, 35.079617431449975 ], [ -106.602593828919993, 35.079552180059473 ], [ -106.602353679533948, 35.07952639145595 ], [ -106.602246533161477, 35.079514886430218 ], [ -106.602148796666484, 35.079504391562033 ], [ -106.602087350145851, 35.079497792825201 ], [ -106.601967154907356, 35.079484884908915 ], [ -106.601069703350021, 35.079388505437883 ], [ -106.601034924197009, 35.079384770417526 ], [ -106.601028271385374, 35.079384055889037 ], [ -106.599917623600646, 35.079259220044726 ], [ -106.599907911896977, 35.079258128457376 ], [ -106.59880297511431, 35.079144084288863 ], [ -106.598792238057115, 35.079142976630571 ], [ -106.597577768026653, 35.079011325227491 ], [ -106.597574263905429, 35.079010944939824 ], [ -106.596406764165351, 35.078882041745473 ], [ -106.595336573929444, 35.078763871448793 ] ] ] } },
{ "type": "Feature", "properties": { "fid": 1864, "OBJECTID": 1864, "COGID": 25436, "RTE": "CHELWOOD", "LOCAT": " NORTH OF COPPER - SOUTH OF LOMAS", "LENGTH": 2631.856, "MILES": 0.49799999594688416, "ADT22": 3430, "AWDT22": 3763, "Shape_Length": 2631.7767001166267, "ADT23": 4126, "AWDT23": 4439, "RT1_NB": 0, "RT1_SB": 0, "RT2_NB": 0, "RT2_SB": 0, "RT5_EB": 0, "RT5_WB": 0, "RT8_EB": 0, "RT8_WB": 0, "RT10_NB": 0, "RT10_SB": 0, "RT11_EB": 6, "RT11_WB": 0, "RT16_EB": 0, "RT16_WB": 0, "RT31_NB": 0, "RT31_SB": 0, "RT36": 0, "RT50_NB": 0, "RT50_SB": 0, "RT51_NB": 0, "RT51_SB": 0, "RT53_NB": 0, "RT53_SB": 0, "RT54_EB": 0, "RT54_WB": 0, "RT66_EB": 0, "RT66_WB": 0, "RT97_EB": 0, "RT97_WB": 0, "RT140_NB": 0, "RT140_SB": 0, "RT141_NB": 0, "RT141_SB": 0, "RT155_NB": 0, "RT155_SB": 0, "RT157_NB": 0, "RT157_SB": 0, "RT198_NB": 0, "RT198_SB": 0, "RT766_EB": 0, "RT766_WB": 0, "RT777_EB": 0, "RT777_WB": 0, "AWDT23*1.2": 5327, "Total_Users": 5333, "TransitUsersTTL": 6, "TrnstModeShare": 0.11 }, "geometry": { "type": "MultiLineString", "coordinates": [ [ [ -106.506245167771823, 35.079276657513432 ], [ -106.506238121342946, 35.080671584970901 ], [ -106.506230723703055, 35.08141621521029 ], [ -106.506230721974887, 35.081416363954567 ], [ -106.506223091033362, 35.082545857781056 ], [ -106.506222496854136, 35.082891031895208 ], [ -106.506217088919186, 35.084293796842672 ], [ -106.506205287337067, 35.085241339682128 ], [ -106.506205282772456, 35.085241984234123 ], [ -106.506193692802611, 35.08650768785234 ] ] ] } },
{ "type": "Feature", "properties": { "fid": 1870, "OBJECTID": 1870, "COGID": 25448, "RTE": "COAL", "LOCAT": " EAST OF BROADWAY - W. OF I25 W. FRONT. RD.(LOCUST)", "LENGTH": 2193.46, "MILES": 0.41499999165534973, "ADT22": 7096, "AWDT22": 7669, "Shape_Length": 2189.2504752702112, "ADT23": 7488, "AWDT23": 7998, "RT1_NB": 0, "RT1_SB": 0, "RT2_NB": 0, "RT2_SB": 0, "RT5_EB": 0, "RT5_WB": 0, "RT8_EB": 0, "RT8_WB": 0, "RT10_NB": 0, "RT10_SB": 0, "RT11_EB": 0, "RT11_WB": 0, "RT16_EB": 0, "RT16_WB": 0, "RT31_NB": 0, "RT31_SB": 0, "RT36": 0, "RT50_NB": 0, "RT50_SB": 0, "RT51_NB": 0, "RT51_SB": 0, "RT53_NB": 0, "RT53_SB": 0, "RT54_EB": 0, "RT54_WB": 0, "RT66_EB": 0, "RT66_WB": 0, "RT97_EB": 27, "RT97_WB": 0, "RT140_NB": 0, "RT140_SB": 0, "RT141_NB": 0, "RT141_SB": 0, "RT155_NB": 0, "RT155_SB": 0, "RT157_NB": 0, "RT157_SB": 0, "RT198_NB": 0, "RT198_SB": 0, "RT766_EB": 0, "RT766_WB": 0, "RT777_EB": 0, "RT777_WB": 0, "AWDT23*1.2": 9598, "Total_Users": 9625, "TransitUsersTTL": 27, "TrnstModeShare": 0.28 }, "geometry": { "type": "MultiLineString", "coordinates": [ [ [ -106.645397421551024, 35.079733674729397 ], [ -106.644149960785512, 35.079575024779096 ], [ -106.644149890561124, 35.079575015992781 ], [ -106.642946819215794, 35.079427807482482 ], [ -106.641754056679815, 35.079267496148567 ], [ -106.641753993035394, 35.079267487339607 ], [ -106.640578475207008, 35.079115357927918 ], [ -106.639381939169951, 35.078960723555923 ], [ -106.639357227748249, 35.07895752971325 ], [ -106.638169079091696, 35.078798839544014 ] ] ] } },
{ "type": "Feature", "properties": { "fid": 1871, "OBJECTID": 1871, "COGID": 25452, "RTE": "TURNER", "LOCAT": " NORTH OF COPPER - SOUTH OF LOMAS", "LENGTH": 3164.342, "MILES": 0.59899997711181641, "ADT22": 1536, "AWDT22": 1717, "Shape_Length": 3169.0159316878344, "ADT23": 1614, "AWDT23": 1805, "RT1_NB": 0, "RT1_SB": 0, "RT2_NB": 0, "RT2_SB": 0, "RT5_EB": 0, "RT5_WB": 0, "RT8_EB": 0, "RT8_WB": 0, "RT10_NB": 0, "RT10_SB": 0, "RT11_EB": 10, "RT11_WB": 0, "RT16_EB": 0, "RT16_WB": 0, "RT31_NB": 0, "RT31_SB": 0, "RT36": 0, "RT50_NB": 0, "RT50_SB": 0, "RT51_NB": 0, "RT51_SB": 0, "RT53_NB": 0, "RT53_SB": 0, "RT54_EB": 0, "RT54_WB": 0, "RT66_EB": 0, "RT66_WB": 0, "RT97_EB": 0, "RT97_WB": 0, "RT140_NB": 0, "RT140_SB": 0, "RT141_NB": 0, "RT141_SB": 0, "RT155_NB": 0, "RT155_SB": 0, "RT157_NB": 0, "RT157_SB": 0, "RT198_NB": 0, "RT198_SB": 0, "RT766_EB": 0, "RT766_WB": 0, "RT777_EB": 0, "RT777_WB": 0, "AWDT23*1.2": 2166, "Total_Users": 2176, "TransitUsersTTL": 10, "TrnstModeShare": 0.46 }, "geometry": { "type": "MultiLineString", "coordinates": [ [ [ -106.489133537319816, 35.079164400242483 ], [ -106.489129893800154, 35.080443095536459 ], [ -106.489129865021496, 35.080444883186317 ], [ -106.489123330877433, 35.080863743633827 ], [ -106.489118509894467, 35.081172962546106 ], [ -106.489118307625532, 35.081876706583927 ], [ -106.489118300977921, 35.081877434975709 ], [ -106.489112860667859, 35.082443076780656 ], [ -106.489112864604849, 35.082443298531722 ], [ -106.489126649901877, 35.083172526118418 ], [ -106.489140318794242, 35.083659233574664 ], [ -106.489147390983803, 35.083910939281765 ], [ -106.489171571139352, 35.084734844382574 ], [ -106.489189270301409, 35.085384388581318 ], [ -106.489199886741204, 35.085480757862697 ], [ -106.489223202028739, 35.085554708968147 ], [ -106.489259088598033, 35.085626396944789 ], [ -106.489283499340644, 35.085667975413848 ], [ -106.489314741092116, 35.085704585081487 ], [ -106.489394964870058, 35.08577450428988 ], [ -106.48970157460225, 35.086052239134325 ], [ -106.489708668133034, 35.086058664227778 ], [ -106.490275622121231, 35.086534463079644 ], [ -106.490348950486748, 35.086599919567483 ], [ -106.49038820420725, 35.08663495715453 ], [ -106.490519222770118, 35.086721128250353 ], [ -106.4907941673994, 35.08686162471917 ], [ -106.490867715058187, 35.08689623526611 ], [ -106.491018843226541, 35.086967353891829 ], [ -106.491195171660806, 35.087057474520023 ], [ -106.491272714378638, 35.087097105205466 ] ] ] } },
{ "type": "Feature", "properties": { "fid": 1872, "OBJECTID": 1872, "COGID": 25456, "RTE": "COPPER", "LOCAT": " EAST OF TRAMWAY - WEST OF TURNER", "LENGTH": 2411.249, "MILES": 0.45699998736381531, "ADT22": 1911, "AWDT22": 2137, "Shape_Length": 2416.5814691334008, "ADT23": 2009, "AWDT23": 2246, "RT1_NB": 0, "RT1_SB": 0, "RT2_NB": 0, "RT2_SB": 0, "RT5_EB": 0, "RT5_WB": 0, "RT8_EB": 0, "RT8_WB": 0, "RT10_NB": 0, "RT10_SB": 0, "RT11_EB": 6, "RT11_WB": 0, "RT16_EB": 0, "RT16_WB": 0, "RT31_NB": 0, "RT31_SB": 0, "RT36": 0, "RT50_NB": 0, "RT50_SB": 0, "RT51_NB": 0, "RT51_SB": 0, "RT53_NB": 0, "RT53_SB": 0, "RT54_EB": 0, "RT54_WB": 0, "RT66_EB": 0, "RT66_WB": 0, "RT97_EB": 0, "RT97_WB": 0, "RT140_NB": 0, "RT140_SB": 0, "RT141_NB": 0, "RT141_SB": 0, "RT155_NB": 0, "RT155_SB": 0, "RT157_NB": 0, "RT157_SB": 0, "RT198_NB": 0, "RT198_SB": 0, "RT766_EB": 0, "RT766_WB": 0, "RT777_EB": 0, "RT777_WB": 0, "AWDT23*1.2": 2695, "Total_Users": 2701, "TransitUsersTTL": 6, "TrnstModeShare": 0.22 }, "geometry": { "type": "MultiLineString", "coordinates": [ [ [ -106.497210417164339, 35.079102822092224 ], [ -106.496991066019035, 35.079104502218847 ], [ -106.49593911484672, 35.079112550034282 ], [ -106.494855537244732, 35.079120831973519 ], [ -106.493528490066126, 35.079130959087166 ], [ -106.493048862276112, 35.079134616621502 ], [ -106.492621493690933, 35.079137873845937 ], [ -106.489133537319816, 35.079164400242483 ] ] ] } },
{ "type": "Feature", "properties": { "fid": 1874, "OBJECTID": 1874, "COGID": 25464, "RTE": "COPPER", "LOCAT": " EAST OF CHELWOOD - WEST OF TRAMWAY", "LENGTH": 2700.969, "MILES": 0.51200002431869507, "ADT22": 3461, "AWDT22": 3870, "Shape_Length": 2703.8203431629304, "ADT23": 4037, "AWDT23": 4343, "RT1_NB": 0, "RT1_SB": 0, "RT2_NB": 0, "RT2_SB": 0, "RT5_EB": 0, "RT5_WB": 0, "RT8_EB": 0, "RT8_WB": 0, "RT10_NB": 0, "RT10_SB": 0, "RT11_EB": 6, "RT11_WB": 0, "RT16_EB": 0, "RT16_WB": 0, "RT31_NB": 0, "RT31_SB": 0, "RT36": 0, "RT50_NB": 0, "RT50_SB": 0, "RT51_NB": 0, "RT51_SB": 0, "RT53_NB": 0, "RT53_SB": 0, "RT54_EB": 0, "RT54_WB": 0, "RT66_EB": 0, "RT66_WB": 0, "RT97_EB": 0, "RT97_WB": 0, "RT140_NB": 0, "RT140_SB": 0, "RT141_NB": 0, "RT141_SB": 0, "RT155_NB": 0, "RT155_SB": 0, "RT157_NB": 0, "RT157_SB": 0, "RT198_NB": 0, "RT198_SB": 0, "RT766_EB": 0, "RT766_WB": 0, "RT777_EB": 0, "RT777_WB": 0, "AWDT23*1.2": 5212, "Total_Users": 5218, "TransitUsersTTL": 6, "TrnstModeShare": 0.11 }, "geometry": { "type": "MultiLineString", "coordinates": [ [ [ -106.506245167771823, 35.079276657513432 ], [ -106.505332923379797, 35.079260513644343 ], [ -106.503966035441522, 35.079230042429238 ], [ -106.503277191804031, 35.079214679805951 ], [ -106.502381783942397, 35.079199374621531 ], [ -106.50103575169824, 35.079169888888586 ], [ -106.500133157103008, 35.079150107133671 ], [ -106.499300262529587, 35.079136104296531 ], [ -106.498297915718695, 35.079115918932459 ], [ -106.497210417164339, 35.079102822092224 ] ] ] } },
{ "type": "Feature", "properties": { "fid": 1877, "OBJECTID": 1877, "COGID": 25496, "RTE": "COAL", "LOCAT": " E. OF I25 W. FRONT. RD.(LOCUST) - WEST OF I-25 E. FRONT. RD", "LENGTH": 358.577, "MILES": 0.068000003695487976, "ADT22": 10639, "AWDT22": 11498, "Shape_Length": 356.07657500852997, "ADT23": 9889, "AWDT23": 10562, "RT1_NB": 0, "RT1_SB": 0, "RT2_NB": 0, "RT2_SB": 0, "RT5_EB": 0, "RT5_WB": 0, "RT8_EB": 0, "RT8_WB": 0, "RT10_NB": 0, "RT10_SB": 0, "RT11_EB": 0, "RT11_WB": 0, "RT16_EB": 0, "RT16_WB": 0, "RT31_NB": 0, "RT31_SB": 0, "RT36": 0, "RT50_NB": 0, "RT50_SB": 0, "RT51_NB": 0, "RT51_SB": 0, "RT53_NB": 0, "RT53_SB": 0, "RT54_EB": 0, "RT54_WB": 0, "RT66_EB": 0, "RT66_WB": 0, "RT97_EB": 27, "RT97_WB": 0, "RT140_NB": 0, "RT140_SB": 0, "RT141_NB": 0, "RT141_SB": 0, "RT155_NB": 0, "RT155_SB": 0, "RT157_NB": 0, "RT157_SB": 0, "RT198_NB": 0, "RT198_SB": 0, "RT766_EB": 0, "RT766_WB": 0, "RT777_EB": 0, "RT777_WB": 0, "AWDT23*1.2": 12674, "Total_Users": 12701, "TransitUsersTTL": 27, "TrnstModeShare": 0.21 }, "geometry": { "type": "MultiLineString", "coordinates": [ [ [ -106.638169079091696, 35.078798839544014 ], [ -106.637530265621237, 35.07871191435023 ], [ -106.637349082191449, 35.078687259655702 ], [ -106.636994916780495, 35.078639064524118 ] ] ] } },
{ "type": "Feature", "properties": { "fid": 1878, "OBJECTID": 1878, "COGID": 25500, "RTE": "UNIVERSITY", "LOCAT": " NORTH OF LEAD - SOUTH OF CENTRAL", "LENGTH": 1112.993, "MILES": 0.210999995470047, "ADT22": 10982, "AWDT22": 11637, "Shape_Length": 1105.0864546543844, "ADT23": 11369, "AWDT23": 12231, "RT1_NB": 0, "RT1_SB": 0, "RT2_NB": 0, "RT2_SB": 0, "RT5_EB": 0, "RT5_WB": 0, "RT8_EB": 0, "RT8_WB": 0, "RT10_NB": 0, "RT10_SB": 0, "RT11_EB": 0, "RT11_WB": 0, "RT16_EB": 48, "RT16_WB": 41, "RT31_NB": 0, "RT31_SB": 0, "RT36": 0, "RT50_NB": 0, "RT50_SB": 0, "RT51_NB": 0, "RT51_SB": 0, "RT53_NB": 0, "RT53_SB": 0, "RT54_EB": 0, "RT54_WB": 0, "RT66_EB": 0, "RT66_WB": 0, "RT97_EB": 0, "RT97_WB": 0, "RT140_NB": 0, "RT140_SB": 0, "RT141_NB": 0, "RT141_SB": 0, "RT155_NB": 0, "RT155_SB": 0, "RT157_NB": 0, "RT157_SB": 0, "RT198_NB": 0, "RT198_SB": 0, "RT766_EB": 0, "RT766_WB": 0, "RT777_EB": 0, "RT777_WB": 0, "AWDT23*1.2": 14677, "Total_Users": 14766, "TransitUsersTTL": 89, "TrnstModeShare": 0.6 }, "geometry": { "type": "MultiLineString", "coordinates": [ [ [ -106.627375682491035, 35.078399952407537 ], [ -106.62719449165985, 35.079345946059888 ], [ -106.627194427416896, 35.079346283403908 ], [ -106.627186274447794, 35.079389214419059 ], [ -106.627001363587297, 35.080362759564004 ], [ -106.627001166620872, 35.080363804962616 ], [ -106.626924449756061, 35.080770931343871 ], [ -106.626815093734223, 35.081401089756326 ] ] ] } },
{ "type": "Feature", "properties": { "fid": 1879, "OBJECTID": 1879, "COGID": 25504, "RTE": "LEAD", "LOCAT": " EAST OF I-25 E. FRONT. RD.(OAK) - WEST OF UNIVERSITY", "LENGTH": 2863.337, "MILES": 0.54199999570846558, "ADT22": 11812, "AWDT22": 12765, "Shape_Length": 2853.5829249006342, "ADT23": 12562, "AWDT23": 13416, "RT1_NB": 0, "RT1_SB": 0, "RT2_NB": 0, "RT2_SB": 0, "RT5_EB": 0, "RT5_WB": 0, "RT8_EB": 0, "RT8_WB": 0, "RT10_NB": 0, "RT10_SB": 0, "RT11_EB": 0, "RT11_WB": 0, "RT16_EB": 0, "RT16_WB": 0, "RT31_NB": 0, "RT31_SB": 0, "RT36": 0, "RT50_NB": 0, "RT50_SB": 0, "RT51_NB": 0, "RT51_SB": 0, "RT53_NB": 0, "RT53_SB": 0, "RT54_EB": 0, "RT54_WB": 0, "RT66_EB": 0, "RT66_WB": 0, "RT97_EB": 0, "RT97_WB": 32, "RT140_NB": 0, "RT140_SB": 0, "RT141_NB": 0, "RT141_SB": 0, "RT155_NB": 0, "RT155_SB": 0, "RT157_NB": 0, "RT157_SB": 0, "RT198_NB": 0, "RT198_SB": 0, "RT766_EB": 0, "RT766_WB": 0, "RT777_EB": 0, "RT777_WB": 0, "AWDT23*1.2": 16099, "Total_Users": 16131, "TransitUsersTTL": 32, "TrnstModeShare": 0.2 }, "geometry": { "type": "MultiLineString", "coordinates": [ [ [ -106.627375682491035, 35.078399952407537 ], [ -106.628480439974879, 35.07853809404039 ], [ -106.628484238540494, 35.078538569872919 ], [ -106.629658012996856, 35.078694412588575 ], [ -106.629673266000651, 35.078696438184139 ], [ -106.63085777067424, 35.078846861200141 ], [ -106.630862511820311, 35.078847462906012 ], [ -106.632049959608736, 35.079003284563889 ], [ -106.632051407991909, 35.079003474715357 ], [ -106.63323154488269, 35.079157887122932 ], [ -106.633249404723003, 35.079160161846382 ], [ -106.6344240010813, 35.079309766370791 ], [ -106.634440879940911, 35.079311893485084 ], [ -106.635622315315004, 35.07946072370887 ], [ -106.6356243605792, 35.079460981331671 ], [ -106.636798398657277, 35.07961386392153 ] ] ] } },
{ "type": "Feature", "properties": { "fid": 1880, "OBJECTID": 1880, "COGID": 25516, "RTE": "JUAN TABO", "LOCAT": " NORTH OF I-40 N. RAMPS - SOUTH OF COPPER", "LENGTH": 752.448, "MILES": 0.14300000667572021, "ADT22": 35751, "AWDT22": 38638, "Shape_Length": 725.60793509009932, "ADT23": 38023, "AWDT23": 40610, "RT1_NB": 59, "RT1_SB": 57, "RT2_NB": 0, "RT2_SB": 0, "RT5_EB": 0, "RT5_WB": 0, "RT8_EB": 0, "RT8_WB": 0, "RT10_NB": 0, "RT10_SB": 0, "RT11_EB": 0, "RT11_WB": 0, "RT16_EB": 0, "RT16_WB": 0, "RT31_NB": 0, "RT31_SB": 0, "RT36": 0, "RT50_NB": 0, "RT50_SB": 0, "RT51_NB": 0, "RT51_SB": 0, "RT53_NB": 0, "RT53_SB": 0, "RT54_EB": 0, "RT54_WB": 0, "RT66_EB": 0, "RT66_WB": 0, "RT97_EB": 0, "RT97_WB": 0, "RT140_NB": 0, "RT140_SB": 0, "RT141_NB": 0, "RT141_SB": 0, "RT155_NB": 0, "RT155_SB": 0, "RT157_NB": 0, "RT157_SB": 0, "RT198_NB": 0, "RT198_SB": 0, "RT766_EB": 0, "RT766_WB": 0, "RT777_EB": 0, "RT777_WB": 0, "AWDT23*1.2": 48732, "Total_Users": 48848, "TransitUsersTTL": 116, "TrnstModeShare": 0.24 }, "geometry": { "type": "MultiLineString", "coordinates": [ [ [ -106.515157718833066, 35.077476164842246 ], [ -106.515164777679573, 35.07843236361856 ], [ -106.515171945132806, 35.079469841108917 ] ] ] } },
{ "type": "Feature", "properties": { "fid": 1884, "OBJECTID": 1884, "COGID": 25532, "RTE": "SAN MATEO", "LOCAT": " NORTH OF CENTRAL - SOUTH OF LOMAS", "LENGTH": 3503.483, "MILES": 0.66399997472763062, "ADT22": 26096, "AWDT22": 28204, "Shape_Length": 3502.4275795468802, "ADT23": 27754, "AWDT23": 29643, "RT1_NB": 0, "RT1_SB": 0, "RT2_NB": 0, "RT2_SB": 0, "RT5_EB": 0, "RT5_WB": 0, "RT8_EB": 0, "RT8_WB": 0, "RT10_NB": 0, "RT10_SB": 0, "RT11_EB": 0, "RT11_WB": 0, "RT16_EB": 0, "RT16_WB": 0, "RT31_NB": 0, "RT31_SB": 0, "RT36": 0, "RT50_NB": 0, "RT50_SB": 0, "RT51_NB": 0, "RT51_SB": 0, "RT53_NB": 0, "RT53_SB": 0, "RT54_EB": 0, "RT54_WB": 0, "RT66_EB": 0, "RT66_WB": 0, "RT97_EB": 0, "RT97_WB": 0, "RT140_NB": 606, "RT140_SB": 117, "RT141_NB": 380, "RT141_SB": 319, "RT155_NB": 0, "RT155_SB": 0, "RT157_NB": 0, "RT157_SB": 0, "RT198_NB": 0, "RT198_SB": 0, "RT766_EB": 0, "RT766_WB": 0, "RT777_EB": 0, "RT777_WB": 0, "AWDT23*1.2": 35572, "Total_Users": 36994, "TransitUsersTTL": 1422, "TrnstModeShare": 3.84 }, "geometry": { "type": "MultiLineString", "coordinates": [ [ [ -106.586218201329089, 35.077784473074637 ], [ -106.586200182938526, 35.080715661137766 ], [ -106.586200031632757, 35.080724488617207 ], [ -106.586181970633078, 35.081775613187759 ], [ -106.586185686581189, 35.082681641051444 ], [ -106.586189734606137, 35.083668031747123 ], [ -106.586195145859264, 35.084986885273125 ], [ -106.586197371056414, 35.085529194801254 ], [ -106.5861973713764, 35.085529540057841 ], [ -106.586199193254544, 35.085973277398061 ], [ -106.586181260763269, 35.087407597646283 ] ] ] } },
{ "type": "Feature", "properties": { "fid": 1888, "OBJECTID": 1888, "COGID": 25536, "RTE": "CENTRAL", "LOCAT": " EAST OF WASHINGTON - WEST OF SAN MATEO", "LENGTH": 2760.139, "MILES": 0.52300000190734863, "ADT22": 12412, "AWDT22": 13414, "Shape_Length": 2751.3156023538509, "ADT23": 13201, "AWDT23": 14099, "RT1_NB": 0, "RT1_SB": 0, "RT2_NB": 0, "RT2_SB": 0, "RT5_EB": 0, "RT5_WB": 0, "RT8_EB": 0, "RT8_WB": 0, "RT10_NB": 0, "RT10_SB": 0, "RT11_EB": 0, "RT11_WB": 0, "RT16_EB": 0, "RT16_WB": 0, "RT31_NB": 0, "RT31_SB": 0, "RT36": 0, "RT50_NB": 0, "RT50_SB": 0, "RT51_NB": 0, "RT51_SB": 0, "RT53_NB": 0, "RT53_SB": 0, "RT54_EB": 0, "RT54_WB": 0, "RT66_EB": 469, "RT66_WB": 531, "RT97_EB": 0, "RT97_WB": 0, "RT140_NB": 0, "RT140_SB": 0, "RT141_NB": 0, "RT141_SB": 0, "RT155_NB": 0, "RT155_SB": 0, "RT157_NB": 0, "RT157_SB": 0, "RT198_NB": 0, "RT198_SB": 0, "RT766_EB": 631, "RT766_WB": 631, "RT777_EB": 630, "RT777_WB": 638, "AWDT23*1.2": 16919, "Total_Users": 20449, "TransitUsersTTL": 3530, "TrnstModeShare": 17.26 }, "geometry": { "type": "MultiLineString", "coordinates": [ [ [ -106.595336573929444, 35.078763871448793 ], [ -106.594332708824851, 35.078660723589294 ], [ -106.594245207403844, 35.078651732069339 ], [ -106.593336456044838, 35.078554586378964 ], [ -106.593328782003383, 35.078553766143962 ], [ -106.592479630835726, 35.078461575472367 ], [ -106.592321299680734, 35.078444523419257 ], [ -106.591340486352593, 35.078338890523199 ], [ -106.590324084322205, 35.078229415602905 ], [ -106.589321690102082, 35.078121440763141 ], [ -106.588317646269587, 35.078013278333017 ], [ -106.587727095605374, 35.077949657052024 ], [ -106.587312887883868, 35.077904314483206 ], [ -106.586218201329089, 35.077784473074637 ] ] ] } },
{ "type": "Feature", "properties": { "fid": 1891, "OBJECTID": 1891, "COGID": 25540, "RTE": "JUAN TABO", "LOCAT": " NORTH OF I-40 S. RAMPS - SOUTH OF I-40 N. RAMPS", "LENGTH": 626.949, "MILES": 0.11900000274181366, "ADT22": 30918, "AWDT22": 33415, "Shape_Length": 616.60738027366358, "ADT23": 32883, "AWDT23": 35120, "RT1_NB": 59, "RT1_SB": 57, "RT2_NB": 0, "RT2_SB": 0, "RT5_EB": 0, "RT5_WB": 0, "RT8_EB": 0, "RT8_WB": 0, "RT10_NB": 0, "RT10_SB": 0, "RT11_EB": 0, "RT11_WB": 0, "RT16_EB": 0, "RT16_WB": 0, "RT31_NB": 0, "RT31_SB": 0, "RT36": 0, "RT50_NB": 0, "RT50_SB": 0, "RT51_NB": 0, "RT51_SB": 0, "RT53_NB": 0, "RT53_SB": 0, "RT54_EB": 0, "RT54_WB": 0, "RT66_EB": 0, "RT66_WB": 0, "RT97_EB": 0, "RT97_WB": 0, "RT140_NB": 0, "RT140_SB": 0, "RT141_NB": 0, "RT141_SB": 0, "RT155_NB": 0, "RT155_SB": 0, "RT157_NB": 0, "RT157_SB": 0, "RT198_NB": 0, "RT198_SB": 0, "RT766_EB": 0, "RT766_WB": 0, "RT777_EB": 0, "RT777_WB": 0, "AWDT23*1.2": 42144, "Total_Users": 42260, "TransitUsersTTL": 116, "TrnstModeShare": 0.27 }, "geometry": { "type": "MultiLineString", "coordinates": [ [ [ -106.515169119350304, 35.075781974111614 ], [ -106.515165049195289, 35.076386733981856 ], [ -106.515163140236027, 35.07667047956182 ], [ -106.515157718833066, 35.077476164842246 ] ] ] } },
{ "type": "Feature", "properties": { "fid": 1893, "OBJECTID": 1893, "COGID": 25556, "RTE": "CENTRAL", "LOCAT": " EAST OF UNSER - WEST OF 75TH", "LENGTH": 1236.24, "MILES": 0.23399999737739563, "ADT22": 17152, "AWDT22": 18537, "Shape_Length": 1240.8581275107151, "ADT23": 17894, "AWDT23": 19112, "RT1_NB": 0, "RT1_SB": 0, "RT2_NB": 0, "RT2_SB": 0, "RT5_EB": 0, "RT5_WB": 0, "RT8_EB": 0, "RT8_WB": 0, "RT10_NB": 0, "RT10_SB": 0, "RT11_EB": 0, "RT11_WB": 0, "RT16_EB": 0, "RT16_WB": 0, "RT31_NB": 0, "RT31_SB": 0, "RT36": 0, "RT50_NB": 0, "RT50_SB": 0, "RT51_NB": 0, "RT51_SB": 0, "RT53_NB": 0, "RT53_SB": 0, "RT54_EB": 0, "RT54_WB": 0, "RT66_EB": 146, "RT66_WB": 189, "RT97_EB": 0, "RT97_WB": 0, "RT140_NB": 0, "RT140_SB": 0, "RT141_NB": 0, "RT141_SB": 0, "RT155_NB": 0, "RT155_SB": 0, "RT157_NB": 0, "RT157_SB": 0, "RT198_NB": 0, "RT198_SB": 0, "RT766_EB": 171, "RT766_WB": 223, "RT777_EB": 187, "RT777_WB": 204, "AWDT23*1.2": 22934, "Total_Users": 24054, "TransitUsersTTL": 1120, "TrnstModeShare": 4.66 }, "geometry": { "type": "MultiLineString", "coordinates": [ [ [ -106.722889893559042, 35.077024842879368 ], [ -106.722693079833178, 35.077071754555732 ], [ -106.722641701037588, 35.077083999997697 ], [ -106.718906607690641, 35.077974203420332 ] ] ] } },
{ "type": "Feature", "properties": { "fid": 1894, "OBJECTID": 1894, "COGID": 25564, "RTE": "YALE", "LOCAT": " NORTH OF LEAD - SOUTH OF CENTRAL", "LENGTH": 1276.924, "MILES": 0.24199999868869781, "ADT22": 5420, "AWDT22": 5743, "Shape_Length": 1271.8995315573288, "ADT23": 5610, "AWDT23": 6036, "RT1_NB": 0, "RT1_SB": 0, "RT2_NB": 0, "RT2_SB": 0, "RT5_EB": 0, "RT5_WB": 0, "RT8_EB": 0, "RT8_WB": 0, "RT10_NB": 0, "RT10_SB": 0, "RT11_EB": 0, "RT11_WB": 0, "RT16_EB": 0, "RT16_WB": 0, "RT31_NB": 0, "RT31_SB": 0, "RT36": 0, "RT50_NB": 79, "RT50_SB": 90, "RT51_NB": 0, "RT51_SB": 0, "RT53_NB": 0, "RT53_SB": 0, "RT54_EB": 0, "RT54_WB": 0, "RT66_EB": 0, "RT66_WB": 0, "RT97_EB": 0, "RT97_WB": 0, "RT140_NB": 0, "RT140_SB": 0, "RT141_NB": 0, "RT141_SB": 0, "RT155_NB": 0, "RT155_SB": 0, "RT157_NB": 0, "RT157_SB": 0, "RT198_NB": 0, "RT198_SB": 0, "RT766_EB": 0, "RT766_WB": 0, "RT777_EB": 0, "RT777_WB": 0, "AWDT23*1.2": 7243, "Total_Users": 7412, "TransitUsersTTL": 169, "TrnstModeShare": 2.28 }, "geometry": { "type": "MultiLineString", "coordinates": [ [ [ -106.622058479267608, 35.081020037518293 ], [ -106.622064886072465, 35.079958814068888 ], [ -106.622064895665787, 35.079944260946583 ], [ -106.622065473633882, 35.079143808362765 ], [ -106.622065487850804, 35.079123268659508 ], [ -106.622065512277416, 35.079089760588388 ], [ -106.622065534481422, 35.079059869162748 ], [ -106.62206645466847, 35.078949999666257 ], [ -106.622066872014017, 35.078900141594332 ], [ -106.62207467805915, 35.077967668372942 ], [ -106.62208061162012, 35.077525404197026 ] ] ] } },
{ "type": "Feature", "properties": { "fid": 1895, "OBJECTID": 1895, "COGID": 25568, "RTE": "LEAD", "LOCAT": " EAST OF UNIVERSITY - WEST OF YALE", "LENGTH": 1676.317, "MILES": 0.31700000166893005, "ADT22": 9014, "AWDT22": 9742, "Shape_Length": 1646.0961670446163, "ADT23": 9586, "AWDT23": 10238, "RT1_NB": 0, "RT1_SB": 0, "RT2_NB": 0, "RT2_SB": 0, "RT5_EB": 0, "RT5_WB": 0, "RT8_EB": 0, "RT8_WB": 0, "RT10_NB": 0, "RT10_SB": 0, "RT11_EB": 0, "RT11_WB": 0, "RT16_EB": 0, "RT16_WB": 0, "RT31_NB": 0, "RT31_SB": 0, "RT36": 0, "RT50_NB": 0, "RT50_SB": 0, "RT51_NB": 0, "RT51_SB": 0, "RT53_NB": 0, "RT53_SB": 0, "RT54_EB": 0, "RT54_WB": 0, "RT66_EB": 0, "RT66_WB": 0, "RT97_EB": 0, "RT97_WB": 33, "RT140_NB": 0, "RT140_SB": 0, "RT141_NB": 0, "RT141_SB": 0, "RT155_NB": 0, "RT155_SB": 0, "RT157_NB": 0, "RT157_SB": 0, "RT198_NB": 0, "RT198_SB": 0, "RT766_EB": 0, "RT766_WB": 0, "RT777_EB": 0, "RT777_WB": 0, "AWDT23*1.2": 12286, "Total_Users": 12319, "TransitUsersTTL": 33, "TrnstModeShare": 0.27 }, "geometry": { "type": "MultiLineString", "coordinates": [ [ [ -106.62208061162012, 35.077525404197026 ], [ -106.622294965647498, 35.077665175110468 ], [ -106.62251867208343, 35.077818479310693 ], [ -106.622623272705624, 35.077872663575079 ], [ -106.622754966571108, 35.077922999098142 ], [ -106.622917192790865, 35.077961340482368 ], [ -106.623007047363828, 35.077977512108568 ], [ -106.623108396227536, 35.077983315823737 ], [ -106.624041030559795, 35.07799086380102 ], [ -106.62418895743977, 35.077992059842003 ], [ -106.624914174242875, 35.078082446417227 ], [ -106.624922791840604, 35.07808355831456 ], [ -106.626103691976013, 35.078236074467341 ], [ -106.626105395968125, 35.078236293645233 ], [ -106.627375682491035, 35.078399952407537 ] ] ] } },
{ "type": "Feature", "properties": { "fid": 1899, "OBJECTID": 1899, "COGID": 25588, "RTE": "GIRARD", "LOCAT": " NORTH OF LEAD - SOUTH OF CENTRAL", "LENGTH": 1374.601, "MILES": 0.25999999046325684, "ADT22": 5305, "AWDT22": 5852, "Shape_Length": 1347.846293920345, "ADT23": 5717, "AWDT23": 6151, "RT1_NB": 0, "RT1_SB": 0, "RT2_NB": 0, "RT2_SB": 0, "RT5_EB": 0, "RT5_WB": 0, "RT8_EB": 0, "RT8_WB": 0, "RT10_NB": 0, "RT10_SB": 0, "RT11_EB": 0, "RT11_WB": 0, "RT16_EB": 42, "RT16_WB": 30, "RT31_NB": 0, "RT31_SB": 0, "RT36": 0, "RT50_NB": 0, "RT50_SB": 0, "RT51_NB": 0, "RT51_SB": 0, "RT53_NB": 0, "RT53_SB": 0, "RT54_EB": 0, "RT54_WB": 0, "RT66_EB": 0, "RT66_WB": 0, "RT97_EB": 0, "RT97_WB": 0, "RT140_NB": 0, "RT140_SB": 0, "RT141_NB": 0, "RT141_SB": 0, "RT155_NB": 0, "RT155_SB": 0, "RT157_NB": 0, "RT157_SB": 0, "RT198_NB": 0, "RT198_SB": 0, "RT766_EB": 0, "RT766_WB": 0, "RT777_EB": 0, "RT777_WB": 0, "AWDT23*1.2": 7381, "Total_Users": 7453, "TransitUsersTTL": 72, "TrnstModeShare": 0.97 }, "geometry": { "type": "MultiLineString", "coordinates": [ [ [ -106.61330805062083, 35.077291832123038 ], [ -106.613296828779923, 35.079080725391087 ], [ -106.613296689662633, 35.079102775412721 ], [ -106.61331883314908, 35.080373938074835 ], [ -106.61328126635992, 35.080994284383593 ] ] ] } },
{ "type": "Feature", "properties": { "fid": 1900, "OBJECTID": 1900, "COGID": 25592, "RTE": "LEAD", "LOCAT": " EAST OF YALE - WEST OF GIRARD", "LENGTH": 2636.498, "MILES": 0.49900001287460327, "ADT22": 10333, "AWDT22": 11167, "Shape_Length": 2645.3158221819067, "ADT23": 10989, "AWDT23": 11737, "RT1_NB": 0, "RT1_SB": 0, "RT2_NB": 0, "RT2_SB": 0, "RT5_EB": 0, "RT5_WB": 0, "RT8_EB": 0, "RT8_WB": 0, "RT10_NB": 0, "RT10_SB": 0, "RT11_EB": 0, "RT11_WB": 0, "RT16_EB": 0, "RT16_WB": 0, "RT31_NB": 0, "RT31_SB": 0, "RT36": 0, "RT50_NB": 0, "RT50_SB": 0, "RT51_NB": 0, "RT51_SB": 0, "RT53_NB": 0, "RT53_SB": 0, "RT54_EB": 0, "RT54_WB": 0, "RT66_EB": 0, "RT66_WB": 0, "RT97_EB": 0, "RT97_WB": 33, "RT140_NB": 0, "RT140_SB": 0, "RT141_NB": 0, "RT141_SB": 0, "RT155_NB": 0, "RT155_SB": 0, "RT157_NB": 0, "RT157_SB": 0, "RT198_NB": 0, "RT198_SB": 0, "RT766_EB": 0, "RT766_WB": 0, "RT777_EB": 0, "RT777_WB": 0, "AWDT23*1.2": 14084, "Total_Users": 14117, "TransitUsersTTL": 33, "TrnstModeShare": 0.23 }, "geometry": { "type": "MultiLineString", "coordinates": [ [ [ -106.61330805062083, 35.077291832123038 ], [ -106.614554365284249, 35.077293594652403 ], [ -106.614564301495562, 35.077293645013796 ], [ -106.615803022920275, 35.077299939238252 ], [ -106.615824470020328, 35.077300041315915 ], [ -106.617076099958496, 35.077306001442167 ], [ -106.618298214025529, 35.077308852543538 ], [ -106.618299926875252, 35.077308855455023 ], [ -106.619529645110518, 35.077311342022277 ], [ -106.619564457023728, 35.077311412631474 ], [ -106.620789911564685, 35.077311175212792 ], [ -106.621466264251097, 35.077311039990718 ], [ -106.621699343246604, 35.0773360660218 ], [ -106.621831688985395, 35.077381995145061 ], [ -106.621945926116439, 35.07743878991716 ], [ -106.62208061162012, 35.077525404197026 ] ] ] } },
{ "type": "Feature", "properties": { "fid": 1901, "OBJECTID": 1901, "COGID": 25596, "RTE": "CARLISLE", "LOCAT": " NORTH OF LEAD - SOUTH OF CENTRAL", "LENGTH": 919.322, "MILES": 0.17399999499320984, "ADT22": 7204, "AWDT22": 7705, "Shape_Length": 917.76784767398715, "ADT23": 5629, "AWDT23": 6056, "RT1_NB": 0, "RT1_SB": 0, "RT2_NB": 0, "RT2_SB": 0, "RT5_EB": 0, "RT5_WB": 0, "RT8_EB": 0, "RT8_WB": 0, "RT10_NB": 0, "RT10_SB": 0, "RT11_EB": 0, "RT11_WB": 0, "RT16_EB": 44, "RT16_WB": 34, "RT31_NB": 0, "RT31_SB": 0, "RT36": 0, "RT50_NB": 0, "RT50_SB": 0, "RT51_NB": 0, "RT51_SB": 0, "RT53_NB": 0, "RT53_SB": 0, "RT54_EB": 0, "RT54_WB": 0, "RT66_EB": 0, "RT66_WB": 0, "RT97_EB": 0, "RT97_WB": 0, "RT140_NB": 0, "RT140_SB": 0, "RT141_NB": 0, "RT141_SB": 0, "RT155_NB": 0, "RT155_SB": 0, "RT157_NB": 0, "RT157_SB": 0, "RT198_NB": 0, "RT198_SB": 0, "RT766_EB": 0, "RT766_WB": 0, "RT777_EB": 0, "RT777_WB": 0, "AWDT23*1.2": 7267, "Total_Users": 7345, "TransitUsersTTL": 78, "TrnstModeShare": 1.06 }, "geometry": { "type": "MultiLineString", "coordinates": [ [ [ -106.604538389549091, 35.077257411070917 ], [ -106.604537362407598, 35.07845397897789 ], [ -106.604537342092954, 35.078477673808941 ], [ -106.604534365702705, 35.079044922785613 ], [ -106.604534278515899, 35.07906127094396 ], [ -106.604526786195521, 35.079779061770424 ] ] ] } },
{ "type": "Feature", "properties": { "fid": 1902, "OBJECTID": 1902, "COGID": 25600, "RTE": "LEAD", "LOCAT": " EAST OF GIRARD - WEST OF CARLISLE", "LENGTH": 2622.028, "MILES": 0.49700000882148743, "ADT22": 9420, "AWDT22": 10181, "Shape_Length": 2623.8603521231471, "ADT23": 10019, "AWDT23": 10701, "RT1_NB": 0, "RT1_SB": 0, "RT2_NB": 0, "RT2_SB": 0, "RT5_EB": 0, "RT5_WB": 0, "RT8_EB": 0, "RT8_WB": 0, "RT10_NB": 0, "RT10_SB": 0, "RT11_EB": 0, "RT11_WB": 0, "RT16_EB": 0, "RT16_WB": 0, "RT31_NB": 0, "RT31_SB": 0, "RT36": 0, "RT50_NB": 0, "RT50_SB": 0, "RT51_NB": 0, "RT51_SB": 0, "RT53_NB": 0, "RT53_SB": 0, "RT54_EB": 0, "RT54_WB": 0, "RT66_EB": 0, "RT66_WB": 0, "RT97_EB": 0, "RT97_WB": 36, "RT140_NB": 0, "RT140_SB": 0, "RT141_NB": 0, "RT141_SB": 0, "RT155_NB": 0, "RT155_SB": 0, "RT157_NB": 0, "RT157_SB": 0, "RT198_NB": 0, "RT198_SB": 0, "RT766_EB": 0, "RT766_WB": 0, "RT777_EB": 0, "RT777_WB": 0, "AWDT23*1.2": 12841, "Total_Users": 12877, "TransitUsersTTL": 36, "TrnstModeShare": 0.28 }, "geometry": { "type": "MultiLineString", "coordinates": [ [ [ -106.604538389549091, 35.077257411070917 ], [ -106.605777909253916, 35.07726465453748 ], [ -106.607019296572687, 35.0772718978656 ], [ -106.608307901147882, 35.077279401861126 ], [ -106.609561915284985, 35.077282537923118 ], [ -106.61079662304725, 35.077285613886218 ], [ -106.612032041374817, 35.077288679664292 ], [ -106.61330805062083, 35.077291832123038 ] ] ] } },
{ "type": "Feature", "properties": { "fid": 1903, "OBJECTID": 1903, "COGID": 25604, "RTE": "LEAD", "LOCAT": " EAST OF CARLISLE - WEST OF ALISO", "LENGTH": 702.125, "MILES": 0.13300000131130219, "ADT22": 8450, "AWDT22": 9132, "Shape_Length": 702.65469774273276, "ADT23": 8987, "AWDT23": 9598, "RT1_NB": 0, "RT1_SB": 0, "RT2_NB": 0, "RT2_SB": 0, "RT5_EB": 0, "RT5_WB": 0, "RT8_EB": 0, "RT8_WB": 0, "RT10_NB": 0, "RT10_SB": 0, "RT11_EB": 0, "RT11_WB": 0, "RT16_EB": 0, "RT16_WB": 0, "RT31_NB": 0, "RT31_SB": 0, "RT36": 0, "RT50_NB": 0, "RT50_SB": 0, "RT51_NB": 0, "RT51_SB": 0, "RT53_NB": 0, "RT53_SB": 0, "RT54_EB": 0, "RT54_WB": 0, "RT66_EB": 0, "RT66_WB": 0, "RT97_EB": 0, "RT97_WB": 36, "RT140_NB": 0, "RT140_SB": 0, "RT141_NB": 0, "RT141_SB": 0, "RT155_NB": 0, "RT155_SB": 0, "RT157_NB": 0, "RT157_SB": 0, "RT198_NB": 0, "RT198_SB": 0, "RT766_EB": 0, "RT766_WB": 0, "RT777_EB": 0, "RT777_WB": 0, "AWDT23*1.2": 11518, "Total_Users": 11554, "TransitUsersTTL": 36, "TrnstModeShare": 0.31 }, "geometry": { "type": "MultiLineString", "coordinates": [ [ [ -106.602189935207491, 35.077250835535189 ], [ -106.603353528550826, 35.077258862417501 ], [ -106.604538389549091, 35.077257411070917 ] ] ] } },
{ "type": "Feature", "properties": { "fid": 1904, "OBJECTID": 1904, "COGID": 25608, "RTE": "LEAD", "LOCAT": " EAST OF ALISO - NORTHWEST OF WASHINGTON", "LENGTH": 2251.524, "MILES": 0.42599999904632568, "ADT22": 8023, "AWDT22": 8685, "Shape_Length": 2262.944117523889, "ADT23": 8432, "AWDT23": 9128, "RT1_NB": 0, "RT1_SB": 0, "RT2_NB": 0, "RT2_SB": 0, "RT5_EB": 0, "RT5_WB": 0, "RT8_EB": 0, "RT8_WB": 0, "RT10_NB": 0, "RT10_SB": 0, "RT11_EB": 0, "RT11_WB": 0, "RT16_EB": 0, "RT16_WB": 0, "RT31_NB": 0, "RT31_SB": 0, "RT36": 0, "RT50_NB": 0, "RT50_SB": 0, "RT51_NB": 0, "RT51_SB": 0, "RT53_NB": 0, "RT53_SB": 0, "RT54_EB": 0, "RT54_WB": 0, "RT66_EB": 0, "RT66_WB": 0, "RT97_EB": 0, "RT97_WB": 35, "RT140_NB": 0, "RT140_SB": 0, "RT141_NB": 0, "RT141_SB": 0, "RT155_NB": 0, "RT155_SB": 0, "RT157_NB": 0, "RT157_SB": 0, "RT198_NB": 0, "RT198_SB": 0, "RT766_EB": 0, "RT766_WB": 0, "RT777_EB": 0, "RT777_WB": 0, "AWDT23*1.2": 10954, "Total_Users": 10989, "TransitUsersTTL": 35, "TrnstModeShare": 0.32 }, "geometry": { "type": "MultiLineString", "coordinates": [ [ [ -106.595357766177429, 35.0749689890607 ], [ -106.595474226717656, 35.075114596023809 ], [ -106.595695303161122, 35.075231107683969 ], [ -106.596117775485851, 35.075433346213266 ], [ -106.59622531559306, 35.075488905239943 ], [ -106.597070166215502, 35.075925376364353 ], [ -106.597143013090061, 35.075955116066901 ], [ -106.597149544465793, 35.075957782811074 ], [ -106.59723617767871, 35.075985042751576 ], [ -106.59764198362069, 35.076091132811982 ], [ -106.59802878869867, 35.076192890450521 ], [ -106.598033007459335, 35.076193999756065 ], [ -106.59893773686693, 35.076600267419643 ], [ -106.598943560689307, 35.076602844153769 ], [ -106.59996830079379, 35.07705620056543 ], [ -106.600177644280592, 35.077125661083848 ], [ -106.60029589567911, 35.077159285561599 ], [ -106.600438134745716, 35.077191418114289 ], [ -106.600589818068826, 35.077220083241144 ], [ -106.600754690213861, 35.077239341198677 ], [ -106.601047271240688, 35.077250264969607 ], [ -106.601047931376982, 35.077250265763162 ], [ -106.601088640389506, 35.077250285843697 ], [ -106.601187852440944, 35.077250336638791 ], [ -106.601902457695019, 35.077250693750777 ], [ -106.602189935207491, 35.077250835535189 ] ] ] } },
{ "type": "Feature", "properties": { "fid": 1915, "OBJECTID": 1915, "COGID": 25624, "RTE": "CENTRAL", "LOCAT": " EAST OF SAN MATEO - WEST OF SAN PEDRO", "LENGTH": 2642.271, "MILES": 0.5, "ADT22": 15102, "AWDT22": 16322, "Shape_Length": 2629.9867713168042, "ADT23": 16062, "AWDT23": 17155, "RT1_NB": 0, "RT1_SB": 0, "RT2_NB": 0, "RT2_SB": 0, "RT5_EB": 0, "RT5_WB": 0, "RT8_EB": 0, "RT8_WB": 0, "RT10_NB": 0, "RT10_SB": 0, "RT11_EB": 0, "RT11_WB": 0, "RT16_EB": 0, "RT16_WB": 0, "RT31_NB": 0, "RT31_SB": 0, "RT36": 0, "RT50_NB": 0, "RT50_SB": 0, "RT51_NB": 0, "RT51_SB": 0, "RT53_NB": 0, "RT53_SB": 0, "RT54_EB": 0, "RT54_WB": 0, "RT66_EB": 562, "RT66_WB": 573, "RT97_EB": 0, "RT97_WB": 0, "RT140_NB": 0, "RT140_SB": 0, "RT141_NB": 0, "RT141_SB": 0, "RT155_NB": 0, "RT155_SB": 0, "RT157_NB": 0, "RT157_SB": 0, "RT198_NB": 0, "RT198_SB": 0, "RT766_EB": 567, "RT766_WB": 563, "RT777_EB": 583, "RT777_WB": 597, "AWDT23*1.2": 20586, "Total_Users": 24031, "TransitUsersTTL": 3445, "TrnstModeShare": 14.34 }, "geometry": { "type": "MultiLineString", "coordinates": [ [ [ -106.586218201329089, 35.077784473074637 ], [ -106.584428411740447, 35.077588071438605 ], [ -106.58356127680014, 35.077492906551981 ], [ -106.582687865360057, 35.077397045933488 ], [ -106.581833133278039, 35.077303229205548 ], [ -106.580942430961613, 35.077210128415381 ], [ -106.580081908730108, 35.077120174268273 ], [ -106.579429530212494, 35.077051974288999 ], [ -106.579222045455538, 35.07703028253335 ], [ -106.57903980553057, 35.077011229910276 ], [ -106.578341764047366, 35.076938251237863 ], [ -106.577501711190862, 35.076850418391288 ] ] ] } },
{ "type": "Feature", "properties": { "fid": 1920, "OBJECTID": 1920, "COGID": 25652, "RTE": "CENTRAL", "LOCAT": " EAST OF SAN PEDRO - WEST OF LOUISIANA", "LENGTH": 2669.973, "MILES": 0.50599998235702515, "ADT22": 17140, "AWDT22": 18524, "Shape_Length": 2694.1246595338234, "ADT23": 18286, "AWDT23": 19530, "RT1_NB": 0, "RT1_SB": 0, "RT2_NB": 0, "RT2_SB": 0, "RT5_EB": 0, "RT5_WB": 0, "RT8_EB": 0, "RT8_WB": 0, "RT10_NB": 0, "RT10_SB": 0, "RT11_EB": 0, "RT11_WB": 0, "RT16_EB": 0, "RT16_WB": 0, "RT31_NB": 0, "RT31_SB": 0, "RT36": 0, "RT50_NB": 0, "RT50_SB": 0, "RT51_NB": 0, "RT51_SB": 0, "RT53_NB": 0, "RT53_SB": 0, "RT54_EB": 0, "RT54_WB": 0, "RT66_EB": 615, "RT66_WB": 675, "RT97_EB": 0, "RT97_WB": 0, "RT140_NB": 0, "RT140_SB": 0, "RT141_NB": 0, "RT141_SB": 0, "RT155_NB": 0, "RT155_SB": 0, "RT157_NB": 0, "RT157_SB": 0, "RT198_NB": 0, "RT198_SB": 0, "RT766_EB": 475, "RT766_WB": 499, "RT777_EB": 518, "RT777_WB": 548, "AWDT23*1.2": 23436, "Total_Users": 26766, "TransitUsersTTL": 3330, "TrnstModeShare": 12.44 }, "geometry": { "type": "MultiLineString", "coordinates": [ [ [ -106.577501711190862, 35.076850418391288 ], [ -106.575292740704455, 35.076603061132978 ], [ -106.575219263221953, 35.076594951262635 ], [ -106.572936485492079, 35.076342950477034 ], [ -106.572830592256977, 35.076331259241435 ], [ -106.572299845388059, 35.076274662080593 ], [ -106.570735694721364, 35.076107852727141 ], [ -106.570260555845934, 35.076057177184559 ], [ -106.568574849777946, 35.07588045726181 ] ] ] } },
{ "type": "Feature", "properties": { "fid": 1921, "OBJECTID": 1921, "COGID": 25656, "RTE": "LOUISIANA", "LOCAT": " NORTH OF CENTRAL - SOUTH OF COPPER", "LENGTH": 1488.75, "MILES": 0.28200000524520874, "ADT22": 20346, "AWDT22": 21989, "Shape_Length": 1473.26480400126, "ADT23": 21639, "AWDT23": 23111, "RT1_NB": 0, "RT1_SB": 0, "RT2_NB": 0, "RT2_SB": 0, "RT5_EB": 0, "RT5_WB": 0, "RT8_EB": 0, "RT8_WB": 0, "RT10_NB": 0, "RT10_SB": 0, "RT11_EB": 0, "RT11_WB": 0, "RT16_EB": 0, "RT16_WB": 0, "RT31_NB": 0, "RT31_SB": 0, "RT36": 0, "RT50_NB": 0, "RT50_SB": 0, "RT51_NB": 0, "RT51_SB": 0, "RT53_NB": 0, "RT53_SB": 0, "RT54_EB": 0, "RT54_WB": 0, "RT66_EB": 0, "RT66_WB": 0, "RT97_EB": 0, "RT97_WB": 0, "RT140_NB": 0, "RT140_SB": 0, "RT141_NB": 0, "RT141_SB": 0, "RT155_NB": 0, "RT155_SB": 0, "RT157_NB": 189, "RT157_SB": 178, "RT198_NB": 0, "RT198_SB": 0, "RT766_EB": 475, "RT766_WB": 473, "RT777_EB": 0, "RT777_WB": 0, "AWDT23*1.2": 27733, "Total_Users": 29048, "TransitUsersTTL": 1315, "TrnstModeShare": 4.53 }, "geometry": { "type": "MultiLineString", "coordinates": [ [ [ -106.568574849777946, 35.07588045726181 ], [ -106.568581106287738, 35.078121160087193 ], [ -106.568581220736775, 35.078144396649144 ], [ -106.568588801781075, 35.079928431509344 ] ] ] } },
{ "type": "Feature", "properties": { "fid": 1922, "OBJECTID": 1922, "COGID": 25664, "RTE": "UNIVERSITY", "LOCAT": " NORTH OF COAL - SOUTH OF LEAD", "LENGTH": 998.292, "MILES": 0.18899999558925629, "ADT22": 11145, "AWDT22": 11809, "Shape_Length": 969.13348612534548, "ADT23": 11537, "AWDT23": 12412, "RT1_NB": 0, "RT1_SB": 0, "RT2_NB": 0, "RT2_SB": 0, "RT5_EB": 0, "RT5_WB": 0, "RT8_EB": 0, "RT8_WB": 0, "RT10_NB": 0, "RT10_SB": 0, "RT11_EB": 0, "RT11_WB": 0, "RT16_EB": 48, "RT16_WB": 49, "RT31_NB": 0, "RT31_SB": 0, "RT36": 0, "RT50_NB": 0, "RT50_SB": 0, "RT51_NB": 0, "RT51_SB": 0, "RT53_NB": 0, "RT53_SB": 0, "RT54_EB": 0, "RT54_WB": 0, "RT66_EB": 0, "RT66_WB": 0, "RT97_EB": 0, "RT97_WB": 0, "RT140_NB": 0, "RT140_SB": 0, "RT141_NB": 0, "RT141_SB": 0, "RT155_NB": 0, "RT155_SB": 0, "RT157_NB": 0, "RT157_SB": 0, "RT198_NB": 0, "RT198_SB": 0, "RT766_EB": 0, "RT766_WB": 0, "RT777_EB": 0, "RT777_WB": 0, "AWDT23*1.2": 14894, "Total_Users": 14991, "TransitUsersTTL": 97, "TrnstModeShare": 0.65 }, "geometry": { "type": "MultiLineString", "coordinates": [ [ [ -106.627685902858175, 35.075768327893783 ], [ -106.627579819911531, 35.075971639870886 ], [ -106.627556587370776, 35.076094239845993 ], [ -106.627547195326784, 35.076247525546393 ], [ -106.62755310356755, 35.076642927919103 ], [ -106.627553118223062, 35.076644919188674 ], [ -106.627558389916913, 35.077355591324313 ], [ -106.627555837792187, 35.077406918223694 ], [ -106.627551787378607, 35.077488395356376 ], [ -106.627485767213145, 35.077850006939961 ], [ -106.627375682491035, 35.078399952407537 ] ] ] } },
{ "type": "Feature", "properties": { "fid": 1923, "OBJECTID": 1923, "COGID": 25668, "RTE": "COAL", "LOCAT": " EAST OF I-25 E. FRONT. RD.(OAK) - WEST OF UNIVERSITY", "LENGTH": 3256.274, "MILES": 0.61699998378753662, "ADT22": 9739, "AWDT22": 10526, "Shape_Length": 3215.4311219770689, "ADT23": 10358, "AWDT23": 11063, "RT1_NB": 0, "RT1_SB": 0, "RT2_NB": 0, "RT2_SB": 0, "RT5_EB": 0, "RT5_WB": 0, "RT8_EB": 0, "RT8_WB": 0, "RT10_NB": 0, "RT10_SB": 0, "RT11_EB": 0, "RT11_WB": 0, "RT16_EB": 0, "RT16_WB": 0, "RT31_NB": 0, "RT31_SB": 0, "RT36": 0, "RT50_NB": 0, "RT50_SB": 0, "RT51_NB": 0, "RT51_SB": 0, "RT53_NB": 0, "RT53_SB": 0, "RT54_EB": 0, "RT54_WB": 0, "RT66_EB": 0, "RT66_WB": 0, "RT97_EB": 28, "RT97_WB": 0, "RT140_NB": 0, "RT140_SB": 0, "RT141_NB": 0, "RT141_SB": 0, "RT155_NB": 0, "RT155_SB": 0, "RT157_NB": 0, "RT157_SB": 0, "RT198_NB": 0, "RT198_SB": 0, "RT766_EB": 0, "RT766_WB": 0, "RT777_EB": 0, "RT777_WB": 0, "AWDT23*1.2": 13276, "Total_Users": 13304, "TransitUsersTTL": 28, "TrnstModeShare": 0.21 }, "geometry": { "type": "MultiLineString", "coordinates": [ [ [ -106.636994916780495, 35.078639064524118 ], [ -106.635809069007578, 35.078493640311763 ], [ -106.635793137446058, 35.078491686157406 ], [ -106.63460722756912, 35.078339608452289 ], [ -106.634596780753256, 35.078338269567787 ], [ -106.633435750693693, 35.07819125690704 ], [ -106.633416730252819, 35.078188847956667 ], [ -106.632234509998, 35.078031775541177 ], [ -106.632226015041994, 35.078030645748072 ], [ -106.631053530980623, 35.07787796717583 ], [ -106.629847364853191, 35.077720619459328 ], [ -106.629842813521137, 35.077720025232047 ], [ -106.629208581163581, 35.077636687267265 ], [ -106.629059706678831, 35.077612327499061 ], [ -106.628910771460184, 35.077566510396522 ], [ -106.628714486894069, 35.077469266915557 ], [ -106.628589497826752, 35.077370027409998 ], [ -106.628476724184779, 35.077244533526951 ], [ -106.628155401565152, 35.076643120243268 ], [ -106.628147627822059, 35.076628567946969 ], [ -106.627792128583565, 35.075954861578744 ], [ -106.627685902858175, 35.075768327893783 ] ] ] } },
{ "type": "Feature", "properties": { "fid": 1926, "OBJECTID": 1926, "COGID": 25676, "RTE": "GIRARD", "LOCAT": " NORTH OF COAL - SOUTH OF LEAD", "LENGTH": 667.751, "MILES": 0.12600000202655792, "ADT22": 4804, "AWDT22": 5299, "Shape_Length": 657.71056567382925, "ADT23": 5176, "AWDT23": 5569, "RT1_NB": 0, "RT1_SB": 0, "RT2_NB": 0, "RT2_SB": 0, "RT5_EB": 0, "RT5_WB": 0, "RT8_EB": 0, "RT8_WB": 0, "RT10_NB": 0, "RT10_SB": 0, "RT11_EB": 0, "RT11_WB": 0, "RT16_EB": 44, "RT16_WB": 30, "RT31_NB": 0, "RT31_SB": 0, "RT36": 0, "RT50_NB": 0, "RT50_SB": 0, "RT51_NB": 0, "RT51_SB": 0, "RT53_NB": 0, "RT53_SB": 0, "RT54_EB": 0, "RT54_WB": 0, "RT66_EB": 0, "RT66_WB": 0, "RT97_EB": 0, "RT97_WB": 0, "RT140_NB": 0, "RT140_SB": 0, "RT141_NB": 0, "RT141_SB": 0, "RT155_NB": 0, "RT155_SB": 0, "RT157_NB": 0, "RT157_SB": 0, "RT198_NB": 0, "RT198_SB": 0, "RT766_EB": 0, "RT766_WB": 0, "RT777_EB": 0, "RT777_WB": 0, "AWDT23*1.2": 6683, "Total_Users": 6757, "TransitUsersTTL": 74, "TrnstModeShare": 1.1 }, "geometry": { "type": "MultiLineString", "coordinates": [ [ [ -106.613317987515032, 35.075484708424227 ], [ -106.61330805062083, 35.077291832123038 ] ] ] } },
{ "type": "Feature", "properties": { "fid": 1927, "OBJECTID": 1927, "COGID": 25680, "RTE": "CARLISLE", "LOCAT": " NORTH OF COAL - SOUTH OF LEAD", "LENGTH": 661.5, "MILES": 0.125, "ADT22": 6341, "AWDT22": 6719, "Shape_Length": 656.21297358492143, "ADT23": 6564, "AWDT23": 7062, "RT1_NB": 0, "RT1_SB": 0, "RT2_NB": 0, "RT2_SB": 0, "RT5_EB": 0, "RT5_WB": 0, "RT8_EB": 0, "RT8_WB": 0, "RT10_NB": 0, "RT10_SB": 0, "RT11_EB": 0, "RT11_WB": 0, "RT16_EB": 44, "RT16_WB": 43, "RT31_NB": 0, "RT31_SB": 0, "RT36": 0, "RT50_NB": 0, "RT50_SB": 0, "RT51_NB": 0, "RT51_SB": 0, "RT53_NB": 0, "RT53_SB": 0, "RT54_EB": 0, "RT54_WB": 0, "RT66_EB": 0, "RT66_WB": 0, "RT97_EB": 0, "RT97_WB": 0, "RT140_NB": 0, "RT140_SB": 0, "RT141_NB": 0, "RT141_SB": 0, "RT155_NB": 0, "RT155_SB": 0, "RT157_NB": 0, "RT157_SB": 0, "RT198_NB": 0, "RT198_SB": 0, "RT766_EB": 0, "RT766_WB": 0, "RT777_EB": 0, "RT777_WB": 0, "AWDT23*1.2": 8474, "Total_Users": 8561, "TransitUsersTTL": 87, "TrnstModeShare": 1.02 }, "geometry": { "type": "MultiLineString", "coordinates": [ [ [ -106.604551870063005, 35.075454416615685 ], [ -106.604538389549091, 35.077257411070917 ] ] ] } },
{ "type": "Feature", "properties": { "fid": 1928, "OBJECTID": 1928, "COGID": 25684, "RTE": "COAL", "LOCAT": " EAST OF GIRARD - WEST OF CARLISLE", "LENGTH": 2623.417, "MILES": 0.49700000882148743, "ADT22": 9311, "AWDT22": 10063, "Shape_Length": 2622.8459353902699, "ADT23": 9903, "AWDT23": 10577, "RT1_NB": 0, "RT1_SB": 0, "RT2_NB": 0, "RT2_SB": 0, "RT5_EB": 0, "RT5_WB": 0, "RT8_EB": 0, "RT8_WB": 0, "RT10_NB": 0, "RT10_SB": 0, "RT11_EB": 0, "RT11_WB": 0, "RT16_EB": 0, "RT16_WB": 0, "RT31_NB": 0, "RT31_SB": 0, "RT36": 0, "RT50_NB": 0, "RT50_SB": 0, "RT51_NB": 0, "RT51_SB": 0, "RT53_NB": 0, "RT53_SB": 0, "RT54_EB": 0, "RT54_WB": 0, "RT66_EB": 0, "RT66_WB": 0, "RT97_EB": 31, "RT97_WB": 0, "RT140_NB": 0, "RT140_SB": 0, "RT141_NB": 0, "RT141_SB": 0, "RT155_NB": 0, "RT155_SB": 0, "RT157_NB": 0, "RT157_SB": 0, "RT198_NB": 0, "RT198_SB": 0, "RT766_EB": 0, "RT766_WB": 0, "RT777_EB": 0, "RT777_WB": 0, "AWDT23*1.2": 12692, "Total_Users": 12723, "TransitUsersTTL": 31, "TrnstModeShare": 0.24 }, "geometry": { "type": "MultiLineString", "coordinates": [ [ [ -106.613317987515032, 35.075484708424227 ], [ -106.612023639150934, 35.075480275669136 ], [ -106.610792862698105, 35.075476047456149 ], [ -106.609569934331901, 35.075471833966056 ], [ -106.608320371668768, 35.075467516461849 ], [ -106.607069092909242, 35.075463180317399 ], [ -106.605789165471023, 35.075458730511073 ], [ -106.604551870063005, 35.075454416615685 ] ] ] } },
{ "type": "Feature", "properties": { "fid": 1929, "OBJECTID": 1929, "COGID": 25692, "RTE": "COAL", "LOCAT": " EAST OF CARLISLE - SOUTHWEST OF WASHINGTON", "LENGTH": 2766.56, "MILES": 0.52399998903274536, "ADT22": 8030, "AWDT22": 8678, "Shape_Length": 2786.1708744964149, "ADT23": 8525, "AWDT23": 9105, "RT1_NB": 0, "RT1_SB": 0, "RT2_NB": 0, "RT2_SB": 0, "RT5_EB": 0, "RT5_WB": 0, "RT8_EB": 0, "RT8_WB": 0, "RT10_NB": 0, "RT10_SB": 0, "RT11_EB": 0, "RT11_WB": 0, "RT16_EB": 0, "RT16_WB": 0, "RT31_NB": 0, "RT31_SB": 0, "RT36": 0, "RT50_NB": 0, "RT50_SB": 0, "RT51_NB": 0, "RT51_SB": 0, "RT53_NB": 0, "RT53_SB": 0, "RT54_EB": 0, "RT54_WB": 0, "RT66_EB": 0, "RT66_WB": 0, "RT97_EB": 31, "RT97_WB": 0, "RT140_NB": 0, "RT140_SB": 0, "RT141_NB": 0, "RT141_SB": 0, "RT155_NB": 0, "RT155_SB": 0, "RT157_NB": 0, "RT157_SB": 0, "RT198_NB": 0, "RT198_SB": 0, "RT766_EB": 0, "RT766_WB": 0, "RT777_EB": 0, "RT777_WB": 0, "AWDT23*1.2": 10926, "Total_Users": 10957, "TransitUsersTTL": 31, "TrnstModeShare": 0.28 }, "geometry": { "type": "MultiLineString", "coordinates": [ [ [ -106.604551870063005, 35.075454416615685 ], [ -106.603389941760497, 35.075449986801303 ], [ -106.60222035620346, 35.075445515808084 ], [ -106.601076024456006, 35.075441130809523 ], [ -106.599974918039067, 35.075436901457287 ], [ -106.59896200139157, 35.075433001548276 ], [ -106.598033023464325, 35.07542639315907 ], [ -106.598025954938336, 35.075426342227985 ], [ -106.597142664340666, 35.075423309005629 ], [ -106.597132432360326, 35.075423274288902 ], [ -106.596766445081684, 35.075399184154492 ], [ -106.596553640209677, 35.075384372102285 ], [ -106.596400263448842, 35.075357597095838 ], [ -106.596210995153683, 35.075307018625182 ], [ -106.596178080430306, 35.075298222413274 ], [ -106.596001341529671, 35.075235449001056 ], [ -106.595488553489716, 35.074984639958402 ], [ -106.595357766177429, 35.0749689890607 ] ] ] } },
{ "type": "Feature", "properties": { "fid": 1932, "OBJECTID": 1932, "COGID": 25708, "RTE": "COAL", "LOCAT": " EAST OF YALE - WEST OF GIRARD", "LENGTH": 2688.88, "MILES": 0.50900000333786011, "ADT22": 10098, "AWDT22": 10914, "Shape_Length": 2667.6200645170011, "ADT23": 10740, "AWDT23": 11471, "RT1_NB": 0, "RT1_SB": 0, "RT2_NB": 0, "RT2_SB": 0, "RT5_EB": 0, "RT5_WB": 0, "RT8_EB": 0, "RT8_WB": 0, "RT10_NB": 0, "RT10_SB": 0, "RT11_EB": 0, "RT11_WB": 0, "RT16_EB": 0, "RT16_WB": 0, "RT31_NB": 0, "RT31_SB": 0, "RT36": 0, "RT50_NB": 0, "RT50_SB": 0, "RT51_NB": 0, "RT51_SB": 0, "RT53_NB": 0, "RT53_SB": 0, "RT54_EB": 0, "RT54_WB": 0, "RT66_EB": 0, "RT66_WB": 0, "RT97_EB": 32, "RT97_WB": 0, "RT140_NB": 0, "RT140_SB": 0, "RT141_NB": 0, "RT141_SB": 0, "RT155_NB": 0, "RT155_SB": 0, "RT157_NB": 0, "RT157_SB": 0, "RT198_NB": 0, "RT198_SB": 0, "RT766_EB": 0, "RT766_WB": 0, "RT777_EB": 0, "RT777_WB": 0, "AWDT23*1.2": 13765, "Total_Users": 13797, "TransitUsersTTL": 32, "TrnstModeShare": 0.23 }, "geometry": { "type": "MultiLineString", "coordinates": [ [ [ -106.622094595409976, 35.075092675689071 ], [ -106.621944880726829, 35.075168033294752 ], [ -106.621714052568208, 35.075308906559172 ], [ -106.621483625676575, 35.075424293996214 ], [ -106.621335044834993, 35.075472320641666 ], [ -106.621193628914142, 35.075505882951354 ], [ -106.620993209367739, 35.075516265273286 ], [ -106.62080097900207, 35.075515069167935 ], [ -106.62058141545559, 35.075513702069138 ], [ -106.619565119582091, 35.075510856280729 ], [ -106.619538984392435, 35.075510811516182 ], [ -106.618330600678846, 35.075508700978098 ], [ -106.617078869482754, 35.075499717914063 ], [ -106.617058264015881, 35.075499641454655 ], [ -106.615778376059168, 35.075494842623478 ], [ -106.615761347573823, 35.075494779494868 ], [ -106.614558004419777, 35.075488633530888 ], [ -106.614555863937952, 35.075488626443125 ], [ -106.613317987515032, 35.075484708424227 ] ] ] } },
{ "type": "Feature", "properties": { "fid": 1933, "OBJECTID": 1933, "COGID": 25712, "RTE": "YALE", "LOCAT": " NORTH OF COAL - SOUTH OF LEAD", "LENGTH": 882.137, "MILES": 0.16699999570846558, "ADT22": 8615, "AWDT22": 9129, "Shape_Length": 885.40776049017109, "ADT23": 8919, "AWDT23": 9595, "RT1_NB": 0, "RT1_SB": 0, "RT2_NB": 0, "RT2_SB": 0, "RT5_EB": 0, "RT5_WB": 0, "RT8_EB": 0, "RT8_WB": 0, "RT10_NB": 0, "RT10_SB": 0, "RT11_EB": 0, "RT11_WB": 0, "RT16_EB": 0, "RT16_WB": 0, "RT31_NB": 0, "RT31_SB": 0, "RT36": 0, "RT50_NB": 93, "RT50_SB": 92, "RT51_NB": 0, "RT51_SB": 0, "RT53_NB": 0, "RT53_SB": 0, "RT54_EB": 0, "RT54_WB": 0, "RT66_EB": 0, "RT66_WB": 0, "RT97_EB": 0, "RT97_WB": 0, "RT140_NB": 0, "RT140_SB": 0, "RT141_NB": 0, "RT141_SB": 0, "RT155_NB": 0, "RT155_SB": 0, "RT157_NB": 0, "RT157_SB": 0, "RT198_NB": 0, "RT198_SB": 0, "RT766_EB": 0, "RT766_WB": 0, "RT777_EB": 0, "RT777_WB": 0, "AWDT23*1.2": 11514, "Total_Users": 11699, "TransitUsersTTL": 185, "TrnstModeShare": 1.58 }, "geometry": { "type": "MultiLineString", "coordinates": [ [ [ -106.62208061162012, 35.077525404197026 ], [ -106.622081930791083, 35.077000046246305 ], [ -106.622082213818103, 35.076887028079888 ], [ -106.622084807694208, 35.076027234188047 ], [ -106.622085033526815, 35.076005723858586 ], [ -106.622094595409976, 35.075092675689071 ] ] ] } },
{ "type": "Feature", "properties": { "fid": 1934, "OBJECTID": 1934, "COGID": 25716, "RTE": "COAL", "LOCAT": " EAST OF UNIVERSITY - WEST OF YALE", "LENGTH": 1773.999, "MILES": 0.335999995470047, "ADT22": 8080, "AWDT22": 8733, "Shape_Length": 1789.2579803747115, "ADT23": 8594, "AWDT23": 9178, "RT1_NB": 0, "RT1_SB": 0, "RT2_NB": 0, "RT2_SB": 0, "RT5_EB": 0, "RT5_WB": 0, "RT8_EB": 0, "RT8_WB": 0, "RT10_NB": 0, "RT10_SB": 0, "RT11_EB": 0, "RT11_WB": 0, "RT16_EB": 0, "RT16_WB": 0, "RT31_NB": 0, "RT31_SB": 0, "RT36": 0, "RT50_NB": 0, "RT50_SB": 0, "RT51_NB": 0, "RT51_SB": 0, "RT53_NB": 0, "RT53_SB": 0, "RT54_EB": 0, "RT54_WB": 0, "RT66_EB": 0, "RT66_WB": 0, "RT97_EB": 30, "RT97_WB": 0, "RT140_NB": 0, "RT140_SB": 0, "RT141_NB": 0, "RT141_SB": 0, "RT155_NB": 0, "RT155_SB": 0, "RT157_NB": 0, "RT157_SB": 0, "RT198_NB": 0, "RT198_SB": 0, "RT766_EB": 0, "RT766_WB": 0, "RT777_EB": 0, "RT777_WB": 0, "AWDT23*1.2": 11014, "Total_Users": 11044, "TransitUsersTTL": 30, "TrnstModeShare": 0.27 }, "geometry": { "type": "MultiLineString", "coordinates": [ [ [ -106.627685902858175, 35.075768327893783 ], [ -106.627581530453156, 35.075592435431354 ], [ -106.627420407505468, 35.075421169077082 ], [ -106.627246946101693, 35.075270677067465 ], [ -106.627014956191772, 35.075155857073398 ], [ -106.626842592973972, 35.075096548720239 ], [ -106.626726627755701, 35.075066267608143 ], [ -106.626603103457839, 35.075049189140948 ], [ -106.626420710358161, 35.07504184690216 ], [ -106.625929326756719, 35.075038099306148 ], [ -106.625532798161728, 35.07503703986675 ], [ -106.625072828713584, 35.075035808451929 ], [ -106.624052583099186, 35.075032376037228 ], [ -106.62405159949175, 35.075032372760667 ], [ -106.622435318976116, 35.075021738175785 ], [ -106.622241290602844, 35.075044985637 ], [ -106.622094595409976, 35.075092675689071 ] ] ] } },
{ "type": "Feature", "properties": { "fid": 1936, "OBJECTID": 1936, "COGID": 25728, "RTE": "CENTRAL", "LOCAT": " EAST OF 98TH ST. - WEST OF BRIDGE", "LENGTH": 1690.216, "MILES": 0.31999999284744263, "ADT22": 13232, "AWDT22": 14301, "Shape_Length": 1806.4800056524664, "ADT23": 13806, "AWDT23": 14745, "RT1_NB": 0, "RT1_SB": 0, "RT2_NB": 0, "RT2_SB": 0, "RT5_EB": 0, "RT5_WB": 0, "RT8_EB": 0, "RT8_WB": 0, "RT10_NB": 0, "RT10_SB": 0, "RT11_EB": 0, "RT11_WB": 0, "RT16_EB": 0, "RT16_WB": 0, "RT31_NB": 0, "RT31_SB": 0, "RT36": 0, "RT50_NB": 0, "RT50_SB": 0, "RT51_NB": 0, "RT51_SB": 0, "RT53_NB": 0, "RT53_SB": 0, "RT54_EB": 0, "RT54_WB": 38, "RT66_EB": 0, "RT66_WB": 0, "RT97_EB": 0, "RT97_WB": 0, "RT140_NB": 0, "RT140_SB": 0, "RT141_NB": 0, "RT141_SB": 0, "RT155_NB": 0, "RT155_SB": 0, "RT157_NB": 0, "RT157_SB": 0, "RT198_NB": 49, "RT198_SB": 46, "RT766_EB": 0, "RT766_WB": 0, "RT777_EB": 0, "RT777_WB": 0, "AWDT23*1.2": 17694, "Total_Users": 17827, "TransitUsersTTL": 133, "TrnstModeShare": 0.75 }, "geometry": { "type": "MultiLineString", "coordinates": [ [ [ -106.74267062112817, 35.072627881122948 ], [ -106.74128591091376, 35.072923657303889 ], [ -106.740295446451825, 35.07313521285473 ], [ -106.737842881431007, 35.073701934767747 ], [ -106.737842660241256, 35.073701986138737 ], [ -106.736842730943479, 35.07392352527004 ] ] ] } },
{ "type": "Feature", "properties": { "fid": 1937, "OBJECTID": 1937, "COGID": 25729, "RTE": "CENTRAL", "LOCAT": " EAST OF BRIDGE - WEST OF UNSER", "LENGTH": 2210.98, "MILES": 0.41899999976158142, "ADT22": 15614, "AWDT22": 16875, "Shape_Length": 2181.3886925737966, "ADT23": 16290, "AWDT23": 17398, "RT1_NB": 0, "RT1_SB": 0, "RT2_NB": 0, "RT2_SB": 0, "RT5_EB": 0, "RT5_WB": 0, "RT8_EB": 0, "RT8_WB": 0, "RT10_NB": 0, "RT10_SB": 0, "RT11_EB": 0, "RT11_WB": 0, "RT16_EB": 0, "RT16_WB": 0, "RT31_NB": 0, "RT31_SB": 0, "RT36": 0, "RT50_NB": 0, "RT50_SB": 0, "RT51_NB": 0, "RT51_SB": 0, "RT53_NB": 0, "RT53_SB": 0, "RT54_EB": 0, "RT54_WB": 38, "RT66_EB": 144, "RT66_WB": 189, "RT97_EB": 0, "RT97_WB": 0, "RT140_NB": 0, "RT140_SB": 0, "RT141_NB": 0, "RT141_SB": 0, "RT155_NB": 0, "RT155_SB": 0, "RT157_NB": 0, "RT157_SB": 0, "RT198_NB": 49, "RT198_SB": 48, "RT766_EB": 0, "RT766_WB": 0, "RT777_EB": 0, "RT777_WB": 0, "AWDT23*1.2": 20878, "Total_Users": 21346, "TransitUsersTTL": 468, "TrnstModeShare": 2.19 }, "geometry": { "type": "MultiLineString", "coordinates": [ [ [ -106.729930088629686, 35.075467130914241 ], [ -106.727674886515032, 35.07596749131207 ], [ -106.726681627580959, 35.076187849608921 ], [ -106.722889893559042, 35.077024842879368 ] ] ] } },
{ "type": "Feature", "properties": { "fid": 1938, "OBJECTID": 1938, "COGID": 25730, "RTE": "CENTRAL", "LOCAT": "EAST OF BRIDGE - WEST OF 86TH", "LENGTH": 2235.711, "MILES": 0.42300000786781311, "ADT22": 10876, "AWDT22": 11754, "Shape_Length": 2143.2628952807499, "ADT23": 11347, "AWDT23": 12119, "RT1_NB": 0, "RT1_SB": 0, "RT2_NB": 0, "RT2_SB": 0, "RT5_EB": 0, "RT5_WB": 0, "RT8_EB": 0, "RT8_WB": 0, "RT10_NB": 0, "RT10_SB": 0, "RT11_EB": 0, "RT11_WB": 0, "RT16_EB": 0, "RT16_WB": 0, "RT31_NB": 0, "RT31_SB": 0, "RT36": 0, "RT50_NB": 0, "RT50_SB": 0, "RT51_NB": 0, "RT51_SB": 0, "RT53_NB": 0, "RT53_SB": 0, "RT54_EB": 0, "RT54_WB": 38, "RT66_EB": 0, "RT66_WB": 0, "RT97_EB": 0, "RT97_WB": 0, "RT140_NB": 0, "RT140_SB": 0, "RT141_NB": 0, "RT141_SB": 0, "RT155_NB": 0, "RT155_SB": 0, "RT157_NB": 0, "RT157_SB": 0, "RT198_NB": 49, "RT198_SB": 48, "RT766_EB": 0, "RT766_WB": 0, "RT777_EB": 0, "RT777_WB": 0, "AWDT23*1.2": 14543, "Total_Users": 14678, "TransitUsersTTL": 135, "TrnstModeShare": 0.92 }, "geometry": { "type": "MultiLineString", "coordinates": [ [ [ -106.736842730943479, 35.07392352527004 ], [ -106.734202028638919, 35.074524844058999 ], [ -106.729930088629686, 35.075467130914241 ] ] ] } },
{ "type": "Feature", "properties": { "fid": 1941, "OBJECTID": 1941, "COGID": 25744, "RTE": "ATRISCO (SOUTH)", "LOCAT": " NORTH OF GOFF - SOUTH OF CENTRAL", "LENGTH": 4830.368, "MILES": 0.91500002145767212, "ADT22": 7516, "AWDT22": 8405, "Shape_Length": 4817.0952325230473, "ADT23": 12217, "AWDT23": 13144, "RT1_NB": 0, "RT1_SB": 0, "RT2_NB": 0, "RT2_SB": 0, "RT5_EB": 0, "RT5_WB": 0, "RT8_EB": 0, "RT8_WB": 0, "RT10_NB": 0, "RT10_SB": 0, "RT11_EB": 0, "RT11_WB": 0, "RT16_EB": 0, "RT16_WB": 0, "RT31_NB": 0, "RT31_SB": 0, "RT36": 0, "RT50_NB": 0, "RT50_SB": 0, "RT51_NB": 32, "RT51_SB": 24, "RT53_NB": 0, "RT53_SB": 0, "RT54_EB": 0, "RT54_WB": 0, "RT66_EB": 0, "RT66_WB": 0, "RT97_EB": 0, "RT97_WB": 0, "RT140_NB": 0, "RT140_SB": 0, "RT141_NB": 0, "RT141_SB": 0, "RT155_NB": 0, "RT155_SB": 0, "RT157_NB": 0, "RT157_SB": 0, "RT198_NB": 0, "RT198_SB": 0, "RT766_EB": 0, "RT766_WB": 0, "RT777_EB": 0, "RT777_WB": 0, "AWDT23*1.2": 15773, "Total_Users": 15829, "TransitUsersTTL": 56, "TrnstModeShare": 0.35 }, "geometry": { "type": "MultiLineString", "coordinates": [ [ [ -106.687274898151443, 35.073722763508982 ], [ -106.68724152554752, 35.073966736950403 ], [ -106.68723202645927, 35.074848416204176 ], [ -106.687229787931159, 35.075055528701377 ], [ -106.68730513349503, 35.07610073292134 ], [ -106.687350645478617, 35.076732400090854 ], [ -106.687347837437727, 35.076891500478645 ], [ -106.687331645166665, 35.076976896737051 ], [ -106.687305023801727, 35.077085987433264 ], [ -106.687269568267922, 35.077166677240889 ], [ -106.687229825343124, 35.077246383684326 ], [ -106.687147762897027, 35.077348336378549 ], [ -106.686930243210597, 35.077596227470842 ], [ -106.686543162343469, 35.078024371102366 ], [ -106.686473347968189, 35.078101590248934 ], [ -106.686319629648963, 35.078272643310875 ], [ -106.685978079926471, 35.078652709971578 ], [ -106.685521160798274, 35.079161146764449 ], [ -106.684966742821075, 35.079733343349304 ], [ -106.684712802572335, 35.079977606487653 ], [ -106.68469286611311, 35.079996365067082 ], [ -106.684331640484601, 35.080336250400691 ], [ -106.684241863125109, 35.080437336293869 ], [ -106.684178574435506, 35.080516136224944 ], [ -106.684112803743488, 35.080618486445964 ], [ -106.684060129367751, 35.080724916606741 ], [ -106.68401127554128, 35.080869048950817 ], [ -106.683965552541025, 35.081073886514048 ], [ -106.683947174014236, 35.081359180019149 ], [ -106.683946668308749, 35.081367018156662 ], [ -106.683847389790799, 35.082528899512035 ], [ -106.683736029230261, 35.083392897396955 ], [ -106.68368206816325, 35.08376407588392 ], [ -106.68370823050185, 35.084118696578884 ], [ -106.683723853303476, 35.084190353933856 ], [ -106.683753223137074, 35.084325067377094 ], [ -106.683883881194049, 35.084582100681899 ], [ -106.684221164122476, 35.085112790748646 ], [ -106.684734718911244, 35.085835908367756 ] ] ] } },
{ "type": "Feature", "properties": { "fid": 1942, "OBJECTID": 1942, "COGID": 25748, "RTE": "WYOMING", "LOCAT": " NORTH OF CENTRAL - SOUTH OF COPPER", "LENGTH": 2202.686, "MILES": 0.41699999570846558, "ADT22": 19057, "AWDT22": 20596, "Shape_Length": 2228.8795840905382, "ADT23": 20268, "AWDT23": 21647, "RT1_NB": 0, "RT1_SB": 0, "RT2_NB": 0, "RT2_SB": 0, "RT5_EB": 0, "RT5_WB": 0, "RT8_EB": 0, "RT8_WB": 0, "RT10_NB": 0, "RT10_SB": 0, "RT11_EB": 0, "RT11_WB": 0, "RT16_EB": 0, "RT16_WB": 0, "RT31_NB": 98, "RT31_SB": 75, "RT36": 0, "RT50_NB": 0, "RT50_SB": 0, "RT51_NB": 0, "RT51_SB": 0, "RT53_NB": 0, "RT53_SB": 0, "RT54_EB": 0, "RT54_WB": 0, "RT66_EB": 0, "RT66_WB": 0, "RT97_EB": 0, "RT97_WB": 0, "RT140_NB": 0, "RT140_SB": 0, "RT141_NB": 0, "RT141_SB": 0, "RT155_NB": 0, "RT155_SB": 0, "RT157_NB": 0, "RT157_SB": 0, "RT198_NB": 0, "RT198_SB": 0, "RT766_EB": 0, "RT766_WB": 0, "RT777_EB": 0, "RT777_WB": 0, "AWDT23*1.2": 25976, "Total_Users": 26149, "TransitUsersTTL": 173, "TrnstModeShare": 0.66 }, "geometry": { "type": "MultiLineString", "coordinates": [ [ [ -106.550419264308545, 35.073896360588073 ], [ -106.550392713654119, 35.076328766084842 ], [ -106.550392384488845, 35.076341278235866 ], [ -106.550344457211352, 35.078163913985897 ], [ -106.550295659898907, 35.080019551884519 ] ] ] } },
{ "type": "Feature", "properties": { "fid": 1943, "OBJECTID": 1943, "COGID": 25752, "RTE": "CENTRAL", "LOCAT": " EAST OF LOUISIANA - WEST OF PENNSYLVANIA", "LENGTH": 2809.667, "MILES": 0.53200000524520874, "ADT22": 21675, "AWDT22": 23425, "Shape_Length": 2819.827214320685, "ADT23": 23051, "AWDT23": 24620, "RT1_NB": 0, "RT1_SB": 0, "RT2_NB": 0, "RT2_SB": 0, "RT5_EB": 0, "RT5_WB": 0, "RT8_EB": 0, "RT8_WB": 0, "RT10_NB": 0, "RT10_SB": 0, "RT11_EB": 0, "RT11_WB": 0, "RT16_EB": 0, "RT16_WB": 0, "RT31_NB": 0, "RT31_SB": 0, "RT36": 0, "RT50_NB": 0, "RT50_SB": 0, "RT51_NB": 0, "RT51_SB": 0, "RT53_NB": 0, "RT53_SB": 0, "RT54_EB": 0, "RT54_WB": 0, "RT66_EB": 672, "RT66_WB": 707, "RT97_EB": 0, "RT97_WB": 0, "RT140_NB": 0, "RT140_SB": 0, "RT141_NB": 0, "RT141_SB": 0, "RT155_NB": 0, "RT155_SB": 0, "RT157_NB": 0, "RT157_SB": 0, "RT198_NB": 0, "RT198_SB": 0, "RT766_EB": 0, "RT766_WB": 0, "RT777_EB": 518, "RT777_WB": 448, "AWDT23*1.2": 29544, "Total_Users": 31889, "TransitUsersTTL": 2345, "TrnstModeShare": 7.35 }, "geometry": { "type": "MultiLineString", "coordinates": [ [ [ -106.568574849777946, 35.07588045726181 ], [ -106.56744559599457, 35.07575729987046 ], [ -106.566367988263607, 35.075639764767381 ], [ -106.565255400070939, 35.075518404995179 ], [ -106.564126018900268, 35.075395201665977 ], [ -106.563184830052919, 35.075292520373566 ], [ -106.563139152121963, 35.075287536969732 ], [ -106.561938008429721, 35.075156481842868 ], [ -106.561429024901472, 35.075100944860061 ], [ -106.560824876871109, 35.075035020577452 ], [ -106.560340510187416, 35.074982164474932 ], [ -106.560074621665507, 35.0749531478222 ], [ -106.55923218366398, 35.074861210844318 ] ] ] } },
{ "type": "Feature", "properties": { "fid": 1944, "OBJECTID": 1944, "COGID": 25754, "RTE": "CENTRAL", "LOCAT": " EAST OF PENNSYLVANIA - WEST OF WYOMING", "LENGTH": 2671.788, "MILES": 0.50599998235702515, "ADT22": 20764, "AWDT22": 22441, "Shape_Length": 2660.1307243941419, "ADT23": 22083, "AWDT23": 23586, "RT1_NB": 0, "RT1_SB": 0, "RT2_NB": 0, "RT2_SB": 0, "RT5_EB": 0, "RT5_WB": 0, "RT8_EB": 0, "RT8_WB": 0, "RT10_NB": 0, "RT10_SB": 0, "RT11_EB": 0, "RT11_WB": 0, "RT16_EB": 0, "RT16_WB": 0, "RT31_NB": 0, "RT31_SB": 0, "RT36": 0, "RT50_NB": 0, "RT50_SB": 0, "RT51_NB": 0, "RT51_SB": 0, "RT53_NB": 0, "RT53_SB": 0, "RT54_EB": 0, "RT54_WB": 0, "RT66_EB": 555, "RT66_WB": 648, "RT97_EB": 0, "RT97_WB": 0, "RT140_NB": 0, "RT140_SB": 0, "RT141_NB": 0, "RT141_SB": 0, "RT155_NB": 0, "RT155_SB": 0, "RT157_NB": 0, "RT157_SB": 0, "RT198_NB": 0, "RT198_SB": 0, "RT766_EB": 0, "RT766_WB": 0, "RT777_EB": 518, "RT777_WB": 448, "AWDT23*1.2": 28303, "Total_Users": 30472, "TransitUsersTTL": 2169, "TrnstModeShare": 7.12 }, "geometry": { "type": "MultiLineString", "coordinates": [ [ [ -106.55923218366398, 35.074861210844318 ], [ -106.558137882921685, 35.074741441930001 ], [ -106.557026801467444, 35.074619825171141 ], [ -106.555935834158518, 35.074500400229454 ], [ -106.555496920886895, 35.07445235098799 ], [ -106.554833687377084, 35.074379740535662 ], [ -106.553729371758806, 35.074258832852763 ], [ -106.552636152983368, 35.074139130525133 ], [ -106.551544489536752, 35.074019588447051 ], [ -106.550419264308545, 35.073896360588073 ] ] ] } },
{ "type": "Feature", "properties": { "fid": 1945, "OBJECTID": 1945, "COGID": 25756, "RTE": "4TH STREET", "LOCAT": " NORTH OF BRIDGE BLVD. - SOUTH OF COAL", "LENGTH": 3882.629, "MILES": 0.73500001430511475, "ADT22": 8018, "AWDT22": 8577, "Shape_Length": 3883.7403721454693, "ADT23": 6439, "AWDT23": 6927, "RT1_NB": 0, "RT1_SB": 0, "RT2_NB": 0, "RT2_SB": 0, "RT5_EB": 0, "RT5_WB": 0, "RT8_EB": 0, "RT8_WB": 0, "RT10_NB": 0, "RT10_SB": 0, "RT11_EB": 0, "RT11_WB": 0, "RT16_EB": 0, "RT16_WB": 0, "RT31_NB": 0, "RT31_SB": 0, "RT36": 0, "RT50_NB": 0, "RT50_SB": 0, "RT51_NB": 0, "RT51_SB": 0, "RT53_NB": 0, "RT53_SB": 0, "RT54_EB": 71, "RT54_WB": 57, "RT66_EB": 0, "RT66_WB": 0, "RT97_EB": 0, "RT97_WB": 0, "RT140_NB": 0, "RT140_SB": 0, "RT141_NB": 0, "RT141_SB": 0, "RT155_NB": 0, "RT155_SB": 0, "RT157_NB": 0, "RT157_SB": 0, "RT198_NB": 0, "RT198_SB": 0, "RT766_EB": 0, "RT766_WB": 0, "RT777_EB": 0, "RT777_WB": 0, "AWDT23*1.2": 8312, "Total_Users": 8440, "TransitUsersTTL": 128, "TrnstModeShare": 1.52 }, "geometry": { "type": "MultiLineString", "coordinates": [ [ [ -106.654428477010157, 35.070094381414272 ], [ -106.654279319252069, 35.070537352684497 ], [ -106.654201293396724, 35.07095817503501 ], [ -106.654110847018089, 35.071445978961236 ], [ -106.65403567911504, 35.071790713310527 ], [ -106.653720283595845, 35.07349083702826 ], [ -106.653638879052565, 35.073927638452076 ], [ -106.653636523709082, 35.073938991101379 ], [ -106.653458094125014, 35.074798555019711 ], [ -106.653292762276749, 35.075754595571055 ], [ -106.65306162994861, 35.076923797857404 ], [ -106.652902492505987, 35.077697101192932 ], [ -106.65273717684687, 35.078659322693426 ], [ -106.652543701498956, 35.079650622660033 ], [ -106.652543269263049, 35.079652819135582 ], [ -106.652352454973212, 35.080624641116188 ] ] ] } },
{ "type": "Feature", "properties": { "fid": 1947, "OBJECTID": 1947, "COGID": 25768, "RTE": "CENTRAL", "LOCAT": " EAST OF WYOMING - WEST OF ZUNI", "LENGTH": 1800.566, "MILES": 0.34099999070167542, "ADT22": 19570, "AWDT22": 21150, "Shape_Length": 1828.5434971579516, "ADT23": 20569, "AWDT23": 22229, "RT1_NB": 0, "RT1_SB": 0, "RT2_NB": 0, "RT2_SB": 0, "RT5_EB": 0, "RT5_WB": 0, "RT8_EB": 0, "RT8_WB": 0, "RT10_NB": 0, "RT10_SB": 0, "RT11_EB": 0, "RT11_WB": 0, "RT16_EB": 0, "RT16_WB": 0, "RT31_NB": 0, "RT31_SB": 0, "RT36": 0, "RT50_NB": 0, "RT50_SB": 0, "RT51_NB": 0, "RT51_SB": 0, "RT53_NB": 0, "RT53_SB": 0, "RT54_EB": 0, "RT54_WB": 0, "RT66_EB": 521, "RT66_WB": 545, "RT97_EB": 1, "RT97_WB": 0, "RT140_NB": 0, "RT140_SB": 0, "RT141_NB": 0, "RT141_SB": 0, "RT155_NB": 0, "RT155_SB": 0, "RT157_NB": 0, "RT157_SB": 0, "RT198_NB": 0, "RT198_SB": 0, "RT766_EB": 0, "RT766_WB": 0, "RT777_EB": 423, "RT777_WB": 387, "AWDT23*1.2": 26675, "Total_Users": 28552, "TransitUsersTTL": 1877, "TrnstModeShare": 6.57 }, "geometry": { "type": "MultiLineString", "coordinates": [ [ [ -106.550419264308545, 35.073896360588073 ], [ -106.549435720067834, 35.073791269590949 ], [ -106.548427975239235, 35.073683582575732 ], [ -106.547425295399719, 35.073576429154421 ], [ -106.546431348684365, 35.073470201636589 ], [ -106.545412826472415, 35.073361338577755 ], [ -106.544358931813477, 35.073248684652249 ] ] ] } },
{ "type": "Feature", "properties": { "fid": 1948, "OBJECTID": 1948, "COGID": 25772, "RTE": "8TH STREET", "LOCAT": "NORTH OF MARQUEZ - SOUTH OF ATLANTIC", "LENGTH": 1555.866, "MILES": 0.29499998688697815, "ADT22": 6300, "AWDT22": 7045, "Shape_Length": 1578.2027604016832, "ADT23": 5787, "AWDT23": 6472, "RT1_NB": 0, "RT1_SB": 0, "RT2_NB": 0, "RT2_SB": 0, "RT5_EB": 0, "RT5_WB": 0, "RT8_EB": 0, "RT8_WB": 0, "RT10_NB": 0, "RT10_SB": 0, "RT11_EB": 0, "RT11_WB": 0, "RT16_EB": 0, "RT16_WB": 0, "RT31_NB": 0, "RT31_SB": 0, "RT36": 0, "RT50_NB": 0, "RT50_SB": 0, "RT51_NB": 0, "RT51_SB": 0, "RT53_NB": 83, "RT53_SB": 81, "RT54_EB": 0, "RT54_WB": 0, "RT66_EB": 0, "RT66_WB": 0, "RT97_EB": 0, "RT97_WB": 0, "RT140_NB": 0, "RT140_SB": 0, "RT141_NB": 0, "RT141_SB": 0, "RT155_NB": 0, "RT155_SB": 0, "RT157_NB": 0, "RT157_SB": 0, "RT198_NB": 0, "RT198_SB": 0, "RT766_EB": 0, "RT766_WB": 0, "RT777_EB": 0, "RT777_WB": 0, "AWDT23*1.2": 7766, "Total_Users": 7930, "TransitUsersTTL": 164, "TrnstModeShare": 2.07 }, "geometry": { "type": "MultiLineString", "coordinates": [ [ [ -106.6569878142991, 35.072781715035177 ], [ -106.657046883549242, 35.072890694721444 ], [ -106.657109060428624, 35.073087319621344 ], [ -106.657144665486001, 35.073226911192258 ], [ -106.657175135442159, 35.073346362555938 ], [ -106.657175753879372, 35.073348791703594 ], [ -106.657197621182064, 35.07368112977268 ], [ -106.657197777186411, 35.073696199771057 ], [ -106.657200174776648, 35.073926984891173 ], [ -106.657244976704362, 35.074196533509493 ], [ -106.65728265991828, 35.074381045636898 ], [ -106.657305357263155, 35.074796197482279 ], [ -106.657305448052952, 35.074799021434892 ], [ -106.657333169444968, 35.075674119066534 ], [ -106.657350279432023, 35.076271510487601 ], [ -106.657408845404504, 35.077087574408452 ] ] ] } },
{ "type": "Feature", "properties": { "fid": 1949, "OBJECTID": 1949, "COGID": 25773, "RTE": "8TH STREET", "LOCAT": "NORTH OF ATLANTIC - SOUTH OF STOVER", "LENGTH": 880.039, "MILES": 0.16699999570846558, "ADT22": 5840, "AWDT22": 6442, "Shape_Length": 872.12404895082909, "ADT23": 5365, "AWDT23": 5918, "RT1_NB": 0, "RT1_SB": 0, "RT2_NB": 0, "RT2_SB": 0, "RT5_EB": 0, "RT5_WB": 0, "RT8_EB": 0, "RT8_WB": 0, "RT10_NB": 0, "RT10_SB": 0, "RT11_EB": 0, "RT11_WB": 0, "RT16_EB": 0, "RT16_WB": 0, "RT31_NB": 0, "RT31_SB": 0, "RT36": 0, "RT50_NB": 0, "RT50_SB": 0, "RT51_NB": 0, "RT51_SB": 0, "RT53_NB": 83, "RT53_SB": 81, "RT54_EB": 0, "RT54_WB": 0, "RT66_EB": 0, "RT66_WB": 0, "RT97_EB": 0, "RT97_WB": 0, "RT140_NB": 0, "RT140_SB": 0, "RT141_NB": 0, "RT141_SB": 0, "RT155_NB": 0, "RT155_SB": 0, "RT157_NB": 0, "RT157_SB": 0, "RT198_NB": 0, "RT198_SB": 0, "RT766_EB": 0, "RT766_WB": 0, "RT777_EB": 0, "RT777_WB": 0, "AWDT23*1.2": 7102, "Total_Users": 7266, "TransitUsersTTL": 164, "TrnstModeShare": 2.26 }, "geometry": { "type": "MultiLineString", "coordinates": [ [ [ -106.657408845404504, 35.077087574408452 ], [ -106.657417942031159, 35.077331019449339 ], [ -106.657435675126308, 35.077805600786263 ], [ -106.657480550656771, 35.078693440057783 ], [ -106.65749350940419, 35.078963912066548 ], [ -106.657490909491827, 35.079219320760004 ], [ -106.657459956810413, 35.079481279117182 ] ] ] } },
{ "type": "Feature", "properties": { "fid": 1950, "OBJECTID": 1950, "COGID": 25774, "RTE": "8TH STREET", "LOCAT": "NORTH OF STOVER - SOUTH OF COAL", "LENGTH": 641.443, "MILES": 0.12099999934434891, "ADT22": 4896, "AWDT22": 5370, "Shape_Length": 648.33948518140119, "ADT23": 5630, "AWDT23": 6057, "RT1_NB": 0, "RT1_SB": 0, "RT2_NB": 0, "RT2_SB": 0, "RT5_EB": 0, "RT5_WB": 0, "RT8_EB": 0, "RT8_WB": 0, "RT10_NB": 0, "RT10_SB": 0, "RT11_EB": 0, "RT11_WB": 0, "RT16_EB": 0, "RT16_WB": 0, "RT31_NB": 0, "RT31_SB": 0, "RT36": 0, "RT50_NB": 0, "RT50_SB": 0, "RT51_NB": 0, "RT51_SB": 0, "RT53_NB": 82, "RT53_SB": 81, "RT54_EB": 0, "RT54_WB": 0, "RT66_EB": 0, "RT66_WB": 0, "RT97_EB": 0, "RT97_WB": 0, "RT140_NB": 0, "RT140_SB": 0, "RT141_NB": 0, "RT141_SB": 0, "RT155_NB": 0, "RT155_SB": 0, "RT157_NB": 0, "RT157_SB": 0, "RT198_NB": 0, "RT198_SB": 0, "RT766_EB": 0, "RT766_WB": 0, "RT777_EB": 0, "RT777_WB": 0, "AWDT23*1.2": 7268, "Total_Users": 7431, "TransitUsersTTL": 163, "TrnstModeShare": 2.19 }, "geometry": { "type": "MultiLineString", "coordinates": [ [ [ -106.657459956810413, 35.079481279117182 ], [ -106.657440462931902, 35.07960021934705 ], [ -106.657300619082051, 35.080244165835822 ], [ -106.65729909032359, 35.080251207719144 ], [ -106.657121386901721, 35.081240573033881 ] ] ] } },
{ "type": "Feature", "properties": { "fid": 1951, "OBJECTID": 1951, "COGID": 25776, "RTE": "CARLISLE", "LOCAT": "NORTH OF GARFIELD - SOUTH OF COAL", "LENGTH": 669.969, "MILES": 0.12700000405311584, "ADT22": 6522, "AWDT22": 6977, "Shape_Length": 661.70439761501029, "ADT23": 6622, "AWDT23": 7124, "RT1_NB": 0, "RT1_SB": 0, "RT2_NB": 0, "RT2_SB": 0, "RT5_EB": 0, "RT5_WB": 0, "RT8_EB": 0, "RT8_WB": 0, "RT10_NB": 0, "RT10_SB": 0, "RT11_EB": 0, "RT11_WB": 0, "RT16_EB": 44, "RT16_WB": 43, "RT31_NB": 0, "RT31_SB": 0, "RT36": 0, "RT50_NB": 0, "RT50_SB": 0, "RT51_NB": 0, "RT51_SB": 0, "RT53_NB": 0, "RT53_SB": 0, "RT54_EB": 0, "RT54_WB": 0, "RT66_EB": 0, "RT66_WB": 0, "RT97_EB": 0, "RT97_WB": 0, "RT140_NB": 0, "RT140_SB": 0, "RT141_NB": 0, "RT141_SB": 0, "RT155_NB": 0, "RT155_SB": 0, "RT157_NB": 0, "RT157_SB": 0, "RT198_NB": 0, "RT198_SB": 0, "RT766_EB": 0, "RT766_WB": 0, "RT777_EB": 0, "RT777_WB": 0, "AWDT23*1.2": 8549, "Total_Users": 8636, "TransitUsersTTL": 87, "TrnstModeShare": 1.01 }, "geometry": { "type": "MultiLineString", "coordinates": [ [ [ -106.604561211427594, 35.073636315395255 ], [ -106.604551870063005, 35.075454416615685 ] ] ] } },
{ "type": "Feature", "properties": { "fid": 1952, "OBJECTID": 1952, "COGID": 25780, "RTE": "SAN MATEO", "LOCAT": " NORTH OF ZUNI - SOUTH OF CENTRAL", "LENGTH": 1765.317, "MILES": 0.33399999141693115, "ADT22": 21097, "AWDT22": 22801, "Shape_Length": 1762.6828599877288, "ADT23": 22438, "AWDT23": 23965, "RT1_NB": 0, "RT1_SB": 0, "RT2_NB": 0, "RT2_SB": 0, "RT5_EB": 0, "RT5_WB": 0, "RT8_EB": 0, "RT8_WB": 0, "RT10_NB": 0, "RT10_SB": 0, "RT11_EB": 0, "RT11_WB": 0, "RT16_EB": 0, "RT16_WB": 0, "RT31_NB": 0, "RT31_SB": 0, "RT36": 0, "RT50_NB": 0, "RT50_SB": 0, "RT51_NB": 0, "RT51_SB": 0, "RT53_NB": 0, "RT53_SB": 0, "RT54_EB": 0, "RT54_WB": 0, "RT66_EB": 0, "RT66_WB": 0, "RT97_EB": 0, "RT97_WB": 0, "RT140_NB": 134, "RT140_SB": 85, "RT141_NB": 234, "RT141_SB": 241, "RT155_NB": 0, "RT155_SB": 0, "RT157_NB": 0, "RT157_SB": 0, "RT198_NB": 0, "RT198_SB": 0, "RT766_EB": 0, "RT766_WB": 0, "RT777_EB": 0, "RT777_WB": 0, "AWDT23*1.2": 28758, "Total_Users": 29452, "TransitUsersTTL": 694, "TrnstModeShare": 2.36 }, "geometry": { "type": "MultiLineString", "coordinates": [ [ [ -106.586241767404573, 35.072941367433067 ], [ -106.586233457662573, 35.074279752633963 ], [ -106.586232245700302, 35.074984325017425 ], [ -106.586219786049057, 35.075697877265164 ], [ -106.586218977853164, 35.075744113433771 ], [ -106.586218703481535, 35.076467416224638 ], [ -106.586218470886536, 35.077076591675898 ], [ -106.586218201329089, 35.077784473074637 ] ] ] } },
{ "type": "Feature", "properties": { "fid": 1953, "OBJECTID": 1953, "COGID": 25784, "RTE": "ZUNI", "LOCAT": " EAST OF WASHINGTON (LEAD/COAL) - WEST OF SAN MATEO", "LENGTH": 3004.207, "MILES": 0.5690000057220459, "ADT22": 13276, "AWDT22": 14348, "Shape_Length": 2986.2691274360609, "ADT23": 14119, "AWDT23": 15080, "RT1_NB": 0, "RT1_SB": 0, "RT2_NB": 0, "RT2_SB": 0, "RT5_EB": 0, "RT5_WB": 0, "RT8_EB": 0, "RT8_WB": 0, "RT10_NB": 0, "RT10_SB": 0, "RT11_EB": 0, "RT11_WB": 0, "RT16_EB": 0, "RT16_WB": 0, "RT31_NB": 0, "RT31_SB": 0, "RT36": 0, "RT50_NB": 0, "RT50_SB": 0, "RT51_NB": 0, "RT51_SB": 0, "RT53_NB": 0, "RT53_SB": 0, "RT54_EB": 0, "RT54_WB": 0, "RT66_EB": 0, "RT66_WB": 0, "RT97_EB": 31, "RT97_WB": 35, "RT140_NB": 0, "RT140_SB": 0, "RT141_NB": 0, "RT141_SB": 0, "RT155_NB": 0, "RT155_SB": 0, "RT157_NB": 0, "RT157_SB": 0, "RT198_NB": 0, "RT198_SB": 0, "RT766_EB": 0, "RT766_WB": 0, "RT777_EB": 0, "RT777_WB": 0, "AWDT23*1.2": 18096, "Total_Users": 18162, "TransitUsersTTL": 66, "TrnstModeShare": 0.36 }, "geometry": { "type": "MultiLineString", "coordinates": [ [ [ -106.595357766177429, 35.0749689890607 ], [ -106.594341072848067, 35.074408981364641 ], [ -106.594171531338844, 35.074315594790789 ], [ -106.594042826043392, 35.074244699783819 ], [ -106.593775569040687, 35.074081662879877 ], [ -106.593646513116653, 35.073999675110954 ], [ -106.5935224408002, 35.073897720236673 ], [ -106.593322441222639, 35.073723742825386 ], [ -106.593317057732406, 35.073718083392173 ], [ -106.592977257797344, 35.073360730903396 ], [ -106.592815728982416, 35.073237201161888 ], [ -106.592622374130571, 35.073129343702 ], [ -106.592477303247179, 35.073064727719526 ], [ -106.592342947679825, 35.073022427540458 ], [ -106.592334905863808, 35.073020586927321 ], [ -106.592164496786282, 35.072981600200677 ], [ -106.591928912275435, 35.072947561197779 ], [ -106.591363691515454, 35.072941258407774 ], [ -106.591354840677255, 35.072941302249376 ], [ -106.590378948768929, 35.072946064236227 ], [ -106.589339497697267, 35.072951125127013 ], [ -106.587869917220246, 35.072946506339349 ], [ -106.586241767404573, 35.072941367433067 ] ] ] } },
{ "type": "Feature", "properties": { "fid": 1954, "OBJECTID": 1954, "COGID": 25788, "RTE": "CENTRAL", "LOCAT": " EAST OF ZUNI - WEST OF EUBANK", "LENGTH": 3639.878, "MILES": 0.68900001049041748, "ADT22": 25220, "AWDT22": 27257, "Shape_Length": 3589.8591683689951, "ADT23": 26822, "AWDT23": 28648, "RT1_NB": 0, "RT1_SB": 0, "RT2_NB": 0, "RT2_SB": 0, "RT5_EB": 0, "RT5_WB": 0, "RT8_EB": 0, "RT8_WB": 0, "RT10_NB": 0, "RT10_SB": 0, "RT11_EB": 0, "RT11_WB": 0, "RT16_EB": 0, "RT16_WB": 0, "RT31_NB": 0, "RT31_SB": 0, "RT36": 0, "RT50_NB": 0, "RT50_SB": 0, "RT51_NB": 0, "RT51_SB": 0, "RT53_NB": 0, "RT53_SB": 0, "RT54_EB": 0, "RT54_WB": 0, "RT66_EB": 481, "RT66_WB": 523, "RT97_EB": 0, "RT97_WB": 0, "RT140_NB": 0, "RT140_SB": 0, "RT141_NB": 0, "RT141_SB": 0, "RT155_NB": 0, "RT155_SB": 0, "RT157_NB": 0, "RT157_SB": 0, "RT198_NB": 0, "RT198_SB": 0, "RT766_EB": 0, "RT766_WB": 0, "RT777_EB": 423, "RT777_WB": 387, "AWDT23*1.2": 34378, "Total_Users": 36192, "TransitUsersTTL": 1814, "TrnstModeShare": 5.01 }, "geometry": { "type": "MultiLineString", "coordinates": [ [ [ -106.544358931813477, 35.073248684652249 ], [ -106.543423578812536, 35.073146812854901 ], [ -106.542432049475337, 35.073038813173916 ], [ -106.541431533310572, 35.072929827255003 ], [ -106.540319146895172, 35.072808645452213 ], [ -106.539437274647852, 35.072712567183579 ], [ -106.539222897328727, 35.072689210662467 ], [ -106.538132522734628, 35.072570406456009 ], [ -106.536938647783643, 35.072440312190267 ], [ -106.535789914776927, 35.072315127235903 ], [ -106.53542588688822, 35.072275453962646 ], [ -106.534708496361802, 35.072197265419668 ], [ -106.533602813988878, 35.072076751721291 ], [ -106.53246511160232, 35.071952735434792 ] ] ] } },
{ "type": "Feature", "properties": { "fid": 1957, "OBJECTID": 1957, "COGID": 25800, "RTE": "ZUNI", "LOCAT": " EAST OF SAN MATEO - WEST OF SAN PEDRO", "LENGTH": 2616.068, "MILES": 0.49500000476837158, "ADT22": 13307, "AWDT22": 14382, "Shape_Length": 2623.6659048983338, "ADT23": 14153, "AWDT23": 15116, "RT1_NB": 0, "RT1_SB": 0, "RT2_NB": 0, "RT2_SB": 0, "RT5_EB": 0, "RT5_WB": 0, "RT8_EB": 0, "RT8_WB": 0, "RT10_NB": 0, "RT10_SB": 0, "RT11_EB": 0, "RT11_WB": 0, "RT16_EB": 0, "RT16_WB": 0, "RT31_NB": 0, "RT31_SB": 0, "RT36": 0, "RT50_NB": 0, "RT50_SB": 0, "RT51_NB": 0, "RT51_SB": 0, "RT53_NB": 0, "RT53_SB": 0, "RT54_EB": 0, "RT54_WB": 0, "RT66_EB": 0, "RT66_WB": 0, "RT97_EB": 26, "RT97_WB": 35, "RT140_NB": 0, "RT140_SB": 0, "RT141_NB": 0, "RT141_SB": 0, "RT155_NB": 0, "RT155_SB": 0, "RT157_NB": 0, "RT157_SB": 0, "RT198_NB": 0, "RT198_SB": 0, "RT766_EB": 0, "RT766_WB": 0, "RT777_EB": 0, "RT777_WB": 0, "AWDT23*1.2": 18139, "Total_Users": 18200, "TransitUsersTTL": 61, "TrnstModeShare": 0.34 }, "geometry": { "type": "MultiLineString", "coordinates": [ [ [ -106.586241767404573, 35.072941367433067 ], [ -106.5852337112388, 35.07290057876169 ], [ -106.585230347582083, 35.072900148147653 ], [ -106.585119897798876, 35.072886040878466 ], [ -106.585014223605995, 35.072869850571024 ], [ -106.58487594020427, 35.072855759561058 ], [ -106.584759999964632, 35.072842637992849 ], [ -106.58412736450714, 35.072832487761431 ], [ -106.584126227353096, 35.072832469259183 ], [ -106.583011160720332, 35.072824549060293 ], [ -106.583005751491768, 35.072824510726321 ], [ -106.582664800942055, 35.072821482671195 ], [ -106.581872954604449, 35.072814449017429 ], [ -106.580934407284118, 35.072805405477986 ], [ -106.580783097603614, 35.072803946817672 ], [ -106.579709969774498, 35.072793597583292 ], [ -106.579702273088287, 35.072793522951834 ], [ -106.578576369671026, 35.072788141658478 ], [ -106.577480070386855, 35.07278289083925 ] ] ] } },
{ "type": "Feature", "properties": { "fid": 1958, "OBJECTID": 1958, "COGID": 25804, "RTE": "WYOMING", "LOCAT": " NORTH OF ZUNI - SOUTH OF CENTRAL", "LENGTH": 404.578, "MILES": 0.076999999582767487, "ADT22": 12562, "AWDT22": 13577, "Shape_Length": 413.55896538471063, "ADT23": 13361, "AWDT23": 14270, "RT1_NB": 0, "RT1_SB": 0, "RT2_NB": 0, "RT2_SB": 0, "RT5_EB": 0, "RT5_WB": 0, "RT8_EB": 0, "RT8_WB": 0, "RT10_NB": 0, "RT10_SB": 0, "RT11_EB": 0, "RT11_WB": 0, "RT16_EB": 0, "RT16_WB": 0, "RT31_NB": 51, "RT31_SB": 22, "RT36": 0, "RT50_NB": 0, "RT50_SB": 0, "RT51_NB": 0, "RT51_SB": 0, "RT53_NB": 0, "RT53_SB": 0, "RT54_EB": 0, "RT54_WB": 0, "RT66_EB": 0, "RT66_WB": 0, "RT97_EB": 2, "RT97_WB": 0, "RT140_NB": 0, "RT140_SB": 0, "RT141_NB": 0, "RT141_SB": 0, "RT155_NB": 0, "RT155_SB": 0, "RT157_NB": 0, "RT157_SB": 0, "RT198_NB": 0, "RT198_SB": 0, "RT766_EB": 0, "RT766_WB": 0, "RT777_EB": 0, "RT777_WB": 0, "AWDT23*1.2": 17124, "Total_Users": 17199, "TransitUsersTTL": 75, "TrnstModeShare": 0.44 }, "geometry": { "type": "MultiLineString", "coordinates": [ [ [ -106.550415966124604, 35.0727600533301 ], [ -106.550419264308545, 35.073896360588073 ] ] ] } },
{ "type": "Feature", "properties": { "fid": 1959, "OBJECTID": 1959, "COGID": 25808, "RTE": "ZUNI", "LOCAT": " EAST OF WYOMING - SOUTHWEST OF CENTRAL", "LENGTH": 1897.488, "MILES": 0.35899999737739563, "ADT22": 6429, "AWDT22": 6960, "Shape_Length": 1906.3710949417821, "ADT23": 6757, "AWDT23": 7315, "RT1_NB": 0, "RT1_SB": 0, "RT2_NB": 0, "RT2_SB": 0, "RT5_EB": 0, "RT5_WB": 0, "RT8_EB": 0, "RT8_WB": 0, "RT10_NB": 0, "RT10_SB": 0, "RT11_EB": 0, "RT11_WB": 0, "RT16_EB": 0, "RT16_WB": 0, "RT31_NB": 0, "RT31_SB": 0, "RT36": 0, "RT50_NB": 0, "RT50_SB": 0, "RT51_NB": 0, "RT51_SB": 0, "RT53_NB": 0, "RT53_SB": 0, "RT54_EB": 0, "RT54_WB": 0, "RT66_EB": 0, "RT66_WB": 0, "RT97_EB": 1, "RT97_WB": 4, "RT140_NB": 0, "RT140_SB": 0, "RT141_NB": 0, "RT141_SB": 0, "RT155_NB": 0, "RT155_SB": 0, "RT157_NB": 0, "RT157_SB": 0, "RT198_NB": 0, "RT198_SB": 0, "RT766_EB": 0, "RT766_WB": 0, "RT777_EB": 0, "RT777_WB": 0, "AWDT23*1.2": 8778, "Total_Users": 8783, "TransitUsersTTL": 5, "TrnstModeShare": 0.06 }, "geometry": { "type": "MultiLineString", "coordinates": [ [ [ -106.550415966124604, 35.0727600533301 ], [ -106.546724943387915, 35.072781935827798 ], [ -106.544857571692191, 35.072799589094622 ], [ -106.544737569118737, 35.072815266872261 ], [ -106.544651734431213, 35.072845173086129 ], [ -106.544573727381419, 35.072882018587549 ], [ -106.544504350043894, 35.072931751071181 ], [ -106.544460384372016, 35.072982122255347 ], [ -106.544408599962594, 35.073085462281952 ], [ -106.544358931813477, 35.073248684652249 ] ] ] } },
{ "type": "Feature", "properties": { "fid": 1960, "OBJECTID": 1960, "COGID": 25812, "RTE": "ZUNI", "LOCAT": " EAST OF LOUISIANA - WEST OF PENNSYLVANIA", "LENGTH": 2833.947, "MILES": 0.53700000047683716, "ADT22": 13721, "AWDT22": 14829, "Shape_Length": 2793.1781185989689, "ADT23": 14593, "AWDT23": 15586, "RT1_NB": 0, "RT1_SB": 0, "RT2_NB": 0, "RT2_SB": 0, "RT5_EB": 0, "RT5_WB": 0, "RT8_EB": 0, "RT8_WB": 0, "RT10_NB": 0, "RT10_SB": 0, "RT11_EB": 0, "RT11_WB": 0, "RT16_EB": 0, "RT16_WB": 0, "RT31_NB": 0, "RT31_SB": 0, "RT36": 0, "RT50_NB": 0, "RT50_SB": 0, "RT51_NB": 0, "RT51_SB": 0, "RT53_NB": 0, "RT53_SB": 0, "RT54_EB": 0, "RT54_WB": 0, "RT66_EB": 0, "RT66_WB": 0, "RT97_EB": 16, "RT97_WB": 23, "RT140_NB": 0, "RT140_SB": 0, "RT141_NB": 0, "RT141_SB": 0, "RT155_NB": 0, "RT155_SB": 0, "RT157_NB": 0, "RT157_SB": 0, "RT198_NB": 0, "RT198_SB": 0, "RT766_EB": 0, "RT766_WB": 0, "RT777_EB": 0, "RT777_WB": 0, "AWDT23*1.2": 18703, "Total_Users": 18742, "TransitUsersTTL": 39, "TrnstModeShare": 0.21 }, "geometry": { "type": "MultiLineString", "coordinates": [ [ [ -106.568623110557368, 35.072669819229766 ], [ -106.567576490439805, 35.072684689762944 ], [ -106.567496391002649, 35.072685632356951 ], [ -106.566412221116167, 35.072698372646563 ], [ -106.565335978894424, 35.072707199152376 ], [ -106.56426305319097, 35.072715987682813 ], [ -106.564262860211116, 35.072715989084294 ], [ -106.563258269429681, 35.072729020507616 ], [ -106.562132757007646, 35.072743611501586 ], [ -106.562132693414256, 35.072743612566725 ], [ -106.561466509162699, 35.072756588916342 ], [ -106.561073544373997, 35.072764242084709 ], [ -106.561069941448721, 35.07276429459548 ], [ -106.560341898673897, 35.072775016513326 ], [ -106.560015226571039, 35.072779825585357 ], [ -106.560005273385599, 35.072780067376193 ], [ -106.559621712847743, 35.072789400968261 ], [ -106.559289446395411, 35.072800060210874 ] ] ] } },
{ "type": "Feature", "properties": { "fid": 1961, "OBJECTID": 1961, "COGID": 25814, "RTE": "ZUNI", "LOCAT": " EAST OF PENNSYLVANIA - WEST OF WYOMING", "LENGTH": 2607.808, "MILES": 0.49399998784065247, "ADT22": 11833, "AWDT22": 12789, "Shape_Length": 2655.0726580122605, "ADT23": 12586, "AWDT23": 13442, "RT1_NB": 0, "RT1_SB": 0, "RT2_NB": 0, "RT2_SB": 0, "RT5_EB": 0, "RT5_WB": 0, "RT8_EB": 0, "RT8_WB": 0, "RT10_NB": 0, "RT10_SB": 0, "RT11_EB": 0, "RT11_WB": 0, "RT16_EB": 0, "RT16_WB": 0, "RT31_NB": 0, "RT31_SB": 0, "RT36": 0, "RT50_NB": 0, "RT50_SB": 0, "RT51_NB": 0, "RT51_SB": 0, "RT53_NB": 0, "RT53_SB": 0, "RT54_EB": 0, "RT54_WB": 0, "RT66_EB": 0, "RT66_WB": 0, "RT97_EB": 10, "RT97_WB": 7, "RT140_NB": 0, "RT140_SB": 0, "RT141_NB": 0, "RT141_SB": 0, "RT155_NB": 0, "RT155_SB": 0, "RT157_NB": 0, "RT157_SB": 0, "RT198_NB": 0, "RT198_SB": 0, "RT766_EB": 0, "RT766_WB": 0, "RT777_EB": 0, "RT777_WB": 0, "AWDT23*1.2": 16130, "Total_Users": 16147, "TransitUsersTTL": 17, "TrnstModeShare": 0.11 }, "geometry": { "type": "MultiLineString", "coordinates": [ [ [ -106.559289446395411, 35.072800060210874 ], [ -106.558142477994309, 35.072801268714009 ], [ -106.558137218066747, 35.072801274865867 ], [ -106.557034388314761, 35.07279659501512 ], [ -106.557028158951169, 35.072796568416159 ], [ -106.555936380538441, 35.072790591266788 ], [ -106.555909453090464, 35.072790459063498 ], [ -106.554824901996497, 35.072785100926033 ], [ -106.553780148119472, 35.072780158065598 ], [ -106.553726512332673, 35.072779838960777 ], [ -106.5526024076064, 35.072773131181712 ], [ -106.551493723516344, 35.072766504461264 ], [ -106.550415966124604, 35.0727600533301 ] ] ] } },
{ "type": "Feature", "properties": { "fid": 1962, "OBJECTID": 1962, "COGID": 25816, "RTE": "LOUISIANA", "LOCAT": " NORTH OF ZUNI - SOUTH OF CENTRAL", "LENGTH": 1169.878, "MILES": 0.22200000286102295, "ADT22": 16303, "AWDT22": 17620, "Shape_Length": 1168.8165739984461, "ADT23": 16098, "AWDT23": 17193, "RT1_NB": 0, "RT1_SB": 0, "RT2_NB": 0, "RT2_SB": 0, "RT5_EB": 0, "RT5_WB": 0, "RT8_EB": 0, "RT8_WB": 0, "RT10_NB": 0, "RT10_SB": 0, "RT11_EB": 0, "RT11_WB": 0, "RT16_EB": 0, "RT16_WB": 0, "RT31_NB": 0, "RT31_SB": 0, "RT36": 0, "RT50_NB": 0, "RT50_SB": 0, "RT51_NB": 0, "RT51_SB": 0, "RT53_NB": 0, "RT53_SB": 0, "RT54_EB": 0, "RT54_WB": 0, "RT66_EB": 0, "RT66_WB": 0, "RT97_EB": 0, "RT97_WB": 0, "RT140_NB": 0, "RT140_SB": 0, "RT141_NB": 0, "RT141_SB": 0, "RT155_NB": 0, "RT155_SB": 0, "RT157_NB": 128, "RT157_SB": 133, "RT198_NB": 0, "RT198_SB": 0, "RT766_EB": 0, "RT766_WB": 0, "RT777_EB": 0, "RT777_WB": 0, "AWDT23*1.2": 20632, "Total_Users": 20893, "TransitUsersTTL": 261, "TrnstModeShare": 1.25 }, "geometry": { "type": "MultiLineString", "coordinates": [ [ [ -106.568623110557368, 35.072669819229766 ], [ -106.568569985018385, 35.073826106534597 ], [ -106.568569184277976, 35.073843527507947 ], [ -106.568572926271315, 35.074806348506804 ], [ -106.568572937574757, 35.074812360298566 ], [ -106.568574849777946, 35.07588045726181 ] ] ] } },
{ "type": "Feature", "properties": { "fid": 1963, "OBJECTID": 1963, "COGID": 25820, "RTE": "ZUNI", "LOCAT": " EAST OF SAN PEDRO - WEST OF LOUISIANA", "LENGTH": 2643.756, "MILES": 0.50099998712539673, "ADT22": 13077, "AWDT22": 14133, "Shape_Length": 2650.4533597084687, "ADT23": 13908, "AWDT23": 14854, "RT1_NB": 0, "RT1_SB": 0, "RT2_NB": 0, "RT2_SB": 0, "RT5_EB": 0, "RT5_WB": 0, "RT8_EB": 0, "RT8_WB": 0, "RT10_NB": 0, "RT10_SB": 0, "RT11_EB": 0, "RT11_WB": 0, "RT16_EB": 0, "RT16_WB": 0, "RT31_NB": 0, "RT31_SB": 0, "RT36": 0, "RT50_NB": 0, "RT50_SB": 0, "RT51_NB": 0, "RT51_SB": 0, "RT53_NB": 0, "RT53_SB": 0, "RT54_EB": 0, "RT54_WB": 0, "RT66_EB": 0, "RT66_WB": 0, "RT97_EB": 20, "RT97_WB": 30, "RT140_NB": 0, "RT140_SB": 0, "RT141_NB": 0, "RT141_SB": 0, "RT155_NB": 0, "RT155_SB": 0, "RT157_NB": 0, "RT157_SB": 0, "RT198_NB": 0, "RT198_SB": 0, "RT766_EB": 0, "RT766_WB": 0, "RT777_EB": 0, "RT777_WB": 0, "AWDT23*1.2": 17825, "Total_Users": 17875, "TransitUsersTTL": 50, "TrnstModeShare": 0.28 }, "geometry": { "type": "MultiLineString", "coordinates": [ [ [ -106.577480070386855, 35.07278289083925 ], [ -106.576300238110562, 35.072759719345314 ], [ -106.575183452798115, 35.072737776328069 ], [ -106.575183170988112, 35.07273777437927 ], [ -106.57410222544226, 35.07272772911957 ], [ -106.574101833972065, 35.07272772475693 ], [ -106.573037171959555, 35.072714665200223 ], [ -106.571870837223287, 35.072700348107276 ], [ -106.570803752373592, 35.072687240215458 ], [ -106.57076742556211, 35.072686793618303 ], [ -106.569701225883676, 35.072673398739227 ], [ -106.569686185465599, 35.072673209413779 ], [ -106.568623110557368, 35.072669819229766 ] ] ] } },
{ "type": "Feature", "properties": { "fid": 1966, "OBJECTID": 1966, "COGID": 25827, "RTE": "EUBANK", "LOCAT": " NORTH OF CHICO - SOUTH OF COPPER", "LENGTH": 1330.272, "MILES": 0.25200000405311584, "ADT22": 28027, "AWDT22": 30177, "Shape_Length": 1326.9457565020064, "ADT23": 29457, "AWDT23": 31717, "RT1_NB": 0, "RT1_SB": 0, "RT2_NB": 40, "RT2_SB": 42, "RT5_EB": 0, "RT5_WB": 0, "RT8_EB": 0, "RT8_WB": 0, "RT10_NB": 0, "RT10_SB": 0, "RT11_EB": 0, "RT11_WB": 0, "RT16_EB": 0, "RT16_WB": 0, "RT31_NB": 0, "RT31_SB": 0, "RT36": 0, "RT50_NB": 0, "RT50_SB": 0, "RT51_NB": 0, "RT51_SB": 0, "RT53_NB": 0, "RT53_SB": 0, "RT54_EB": 0, "RT54_WB": 0, "RT66_EB": 0, "RT66_WB": 0, "RT97_EB": 0, "RT97_WB": 0, "RT140_NB": 0, "RT140_SB": 0, "RT141_NB": 0, "RT141_SB": 0, "RT155_NB": 0, "RT155_SB": 0, "RT157_NB": 0, "RT157_SB": 0, "RT198_NB": 0, "RT198_SB": 0, "RT766_EB": 0, "RT766_WB": 0, "RT777_EB": 0, "RT777_WB": 0, "AWDT23*1.2": 38060, "Total_Users": 38142, "TransitUsersTTL": 82, "TrnstModeShare": 0.21 }, "geometry": { "type": "MultiLineString", "coordinates": [ [ [ -106.532336955647864, 35.076408824908775 ], [ -106.532318776374453, 35.07692598616741 ], [ -106.532320595154943, 35.077211737934967 ], [ -106.53232199725484, 35.077497488856068 ], [ -106.532323400474297, 35.077783241563999 ], [ -106.532325219313989, 35.078068994192364 ], [ -106.532326621471867, 35.078354746875746 ], [ -106.532328440346362, 35.07864049857556 ], [ -106.532329843629597, 35.078926249426424 ], [ -106.532331245839245, 35.079212002069184 ], [ -106.532333065869551, 35.079497754627212 ], [ -106.532334031497342, 35.079656771377415 ], [ -106.532334468107976, 35.079783505440005 ], [ -106.532328716827706, 35.080054506110358 ] ] ] } },
{ "type": "Feature", "properties": { "fid": 1967, "OBJECTID": 1967, "COGID": 25828, "RTE": "EUBANK", "LOCAT": " NORTH OF CENTRAL - SOUTH OF CHICO", "LENGTH": 1631.297, "MILES": 0.30899998545646667, "ADT22": 32467, "AWDT22": 35089, "Shape_Length": 1622.8330374980146, "ADT23": 34530, "AWDT23": 36880, "RT1_NB": 0, "RT1_SB": 0, "RT2_NB": 40, "RT2_SB": 28, "RT5_EB": 0, "RT5_WB": 0, "RT8_EB": 0, "RT8_WB": 0, "RT10_NB": 0, "RT10_SB": 0, "RT11_EB": 0, "RT11_WB": 0, "RT16_EB": 0, "RT16_WB": 0, "RT31_NB": 0, "RT31_SB": 0, "RT36": 0, "RT50_NB": 0, "RT50_SB": 0, "RT51_NB": 0, "RT51_SB": 0, "RT53_NB": 0, "RT53_SB": 0, "RT54_EB": 0, "RT54_WB": 0, "RT66_EB": 0, "RT66_WB": 0, "RT97_EB": 0, "RT97_WB": 0, "RT140_NB": 0, "RT140_SB": 0, "RT141_NB": 0, "RT141_SB": 0, "RT155_NB": 0, "RT155_SB": 0, "RT157_NB": 0, "RT157_SB": 0, "RT198_NB": 0, "RT198_SB": 0, "RT766_EB": 0, "RT766_WB": 0, "RT777_EB": 0, "RT777_WB": 0, "AWDT23*1.2": 44256, "Total_Users": 44324, "TransitUsersTTL": 68, "TrnstModeShare": 0.15 }, "geometry": { "type": "MultiLineString", "coordinates": [ [ [ -106.53246511160232, 35.071952735434792 ], [ -106.532464206246445, 35.072428897263606 ], [ -106.532414493941559, 35.072904054002336 ], [ -106.532373588931506, 35.073554147132114 ], [ -106.532359617389176, 35.074107487906574 ], [ -106.532361160154593, 35.074555351584117 ], [ -106.532361002075419, 35.074593498081278 ], [ -106.532358876238348, 35.075106727821982 ], [ -106.532336955647864, 35.076408824908775 ] ] ] } },
{ "type": "Feature", "properties": { "fid": 1968, "OBJECTID": 1968, "COGID": 25836, "RTE": "CENTRAL", "LOCAT": " EAST OF EUBANK - WEST OF MORRIS", "LENGTH": 2287.026, "MILES": 0.43299999833106995, "ADT22": 21231, "AWDT22": 22946, "Shape_Length": 2304.8311166796138, "ADT23": 22581, "AWDT23": 24117, "RT1_NB": 0, "RT1_SB": 0, "RT2_NB": 0, "RT2_SB": 0, "RT5_EB": 0, "RT5_WB": 0, "RT8_EB": 0, "RT8_WB": 0, "RT10_NB": 0, "RT10_SB": 0, "RT11_EB": 0, "RT11_WB": 0, "RT16_EB": 0, "RT16_WB": 0, "RT31_NB": 0, "RT31_SB": 0, "RT36": 0, "RT50_NB": 0, "RT50_SB": 0, "RT51_NB": 0, "RT51_SB": 0, "RT53_NB": 0, "RT53_SB": 0, "RT54_EB": 0, "RT54_WB": 0, "RT66_EB": 350, "RT66_WB": 383, "RT97_EB": 0, "RT97_WB": 0, "RT140_NB": 0, "RT140_SB": 0, "RT141_NB": 0, "RT141_SB": 0, "RT155_NB": 0, "RT155_SB": 0, "RT157_NB": 0, "RT157_SB": 0, "RT198_NB": 0, "RT198_SB": 0, "RT766_EB": 0, "RT766_WB": 0, "RT777_EB": 259, "RT777_WB": 225, "AWDT23*1.2": 28940, "Total_Users": 30157, "TransitUsersTTL": 1217, "TrnstModeShare": 4.04 }, "geometry": { "type": "MultiLineString", "coordinates": [ [ [ -106.53246511160232, 35.071952735434792 ], [ -106.528104422741919, 35.071482520597705 ], [ -106.52482755958215, 35.071129069973175 ] ] ] } },
{ "type": "Feature", "properties": { "fid": 1976, "OBJECTID": 1976, "COGID": 25864, "RTE": "COORS", "LOCAT": " NORTH OF BRIDGE BLVD. - SOUTH OF CENTRAL", "LENGTH": 4083.168, "MILES": 0.77300000190734863, "ADT22": 20130, "AWDT22": 21756, "Shape_Length": 4094.606608365516, "ADT23": 21002, "AWDT23": 22431, "RT1_NB": 0, "RT1_SB": 0, "RT2_NB": 0, "RT2_SB": 0, "RT5_EB": 0, "RT5_WB": 0, "RT8_EB": 0, "RT8_WB": 0, "RT10_NB": 0, "RT10_SB": 0, "RT11_EB": 0, "RT11_WB": 0, "RT16_EB": 0, "RT16_WB": 0, "RT31_NB": 0, "RT31_SB": 0, "RT36": 0, "RT50_NB": 0, "RT50_SB": 0, "RT51_NB": 0, "RT51_SB": 0, "RT53_NB": 0, "RT53_SB": 0, "RT54_EB": 0, "RT54_WB": 0, "RT66_EB": 0, "RT66_WB": 0, "RT97_EB": 0, "RT97_WB": 0, "RT140_NB": 0, "RT140_SB": 0, "RT141_NB": 0, "RT141_SB": 0, "RT155_NB": 82, "RT155_SB": 82, "RT157_NB": 0, "RT157_SB": 0, "RT198_NB": 0, "RT198_SB": 0, "RT766_EB": 0, "RT766_WB": 0, "RT777_EB": 0, "RT777_WB": 0, "AWDT23*1.2": 26917, "Total_Users": 27081, "TransitUsersTTL": 164, "TrnstModeShare": 0.61 }, "geometry": { "type": "MultiLineString", "coordinates": [ [ [ -106.71180261033264, 35.06987517777425 ], [ -106.712218269722086, 35.070872101574643 ], [ -106.713085487366826, 35.073020916583111 ], [ -106.7130966409633, 35.073049245415127 ], [ -106.713507356815938, 35.074092357227308 ], [ -106.713621984900385, 35.074545259526822 ], [ -106.713615438375996, 35.075175269945277 ], [ -106.713369332617134, 35.075848548748503 ], [ -106.713153373235883, 35.076153834650242 ], [ -106.712922956975746, 35.076434560289243 ], [ -106.712528992059248, 35.076783019744475 ], [ -106.71170163960798, 35.0773059369645 ], [ -106.711037226594698, 35.077850660052746 ], [ -106.710735256151921, 35.078227817696693 ], [ -106.710543010079277, 35.078612801723025 ], [ -106.710432789104644, 35.078981224464087 ], [ -106.710402147112077, 35.079276727644491 ], [ -106.710433216542057, 35.079664711740669 ], [ -106.710491488874624, 35.079941912267586 ] ] ] } },
{ "type": "Feature", "properties": { "fid": 1982, "OBJECTID": 1982, "COGID": 25884, "RTE": "BRIDGE BLVD.", "LOCAT": " EAST OF 8TH ST. - WEST OF 4TH ST.", "LENGTH": 544.978, "MILES": 0.10300000011920929, "ADT22": 32565, "AWDT22": 35195, "Shape_Length": 533.2266644724881, "ADT23": 36945, "AWDT23": 39459, "RT1_NB": 0, "RT1_SB": 0, "RT2_NB": 0, "RT2_SB": 0, "RT5_EB": 0, "RT5_WB": 0, "RT8_EB": 0, "RT8_WB": 0, "RT10_NB": 0, "RT10_SB": 0, "RT11_EB": 0, "RT11_WB": 0, "RT16_EB": 0, "RT16_WB": 0, "RT31_NB": 0, "RT31_SB": 0, "RT36": 0, "RT50_NB": 0, "RT50_SB": 0, "RT51_NB": 0, "RT51_SB": 0, "RT53_NB": 0, "RT53_SB": 0, "RT54_EB": 71, "RT54_WB": 57, "RT66_EB": 0, "RT66_WB": 0, "RT97_EB": 0, "RT97_WB": 0, "RT140_NB": 0, "RT140_SB": 0, "RT141_NB": 0, "RT141_SB": 0, "RT155_NB": 0, "RT155_SB": 0, "RT157_NB": 0, "RT157_SB": 0, "RT198_NB": 0, "RT198_SB": 0, "RT766_EB": 0, "RT766_WB": 0, "RT777_EB": 0, "RT777_WB": 0, "AWDT23*1.2": 47351, "Total_Users": 47479, "TransitUsersTTL": 128, "TrnstModeShare": 0.27 }, "geometry": { "type": "MultiLineString", "coordinates": [ [ [ -106.65620606074809, 35.070029192071665 ], [ -106.655658838159425, 35.070077965931098 ], [ -106.655121511741882, 35.070106348503245 ], [ -106.654428477010157, 35.070094381414272 ] ] ] } },
{ "type": "Feature", "properties": { "fid": 1983, "OBJECTID": 1983, "COGID": 25888, "RTE": "8TH STREET", "LOCAT": " NORTH OF BRIDGE - SOUTH OF MARQUEZ", "LENGTH": 1092.893, "MILES": 0.2070000022649765, "ADT22": 8152, "AWDT22": 8992, "Shape_Length": 1057.8583739114251, "ADT23": 7678, "AWDT23": 8260, "RT1_NB": 0, "RT1_SB": 0, "RT2_NB": 0, "RT2_SB": 0, "RT5_EB": 0, "RT5_WB": 0, "RT8_EB": 0, "RT8_WB": 0, "RT10_NB": 0, "RT10_SB": 0, "RT11_EB": 0, "RT11_WB": 0, "RT16_EB": 0, "RT16_WB": 0, "RT31_NB": 0, "RT31_SB": 0, "RT36": 0, "RT50_NB": 0, "RT50_SB": 0, "RT51_NB": 0, "RT51_SB": 0, "RT53_NB": 83, "RT53_SB": 78, "RT54_EB": 0, "RT54_WB": 0, "RT66_EB": 0, "RT66_WB": 0, "RT97_EB": 0, "RT97_WB": 0, "RT140_NB": 0, "RT140_SB": 0, "RT141_NB": 0, "RT141_SB": 0, "RT155_NB": 0, "RT155_SB": 0, "RT157_NB": 0, "RT157_SB": 0, "RT198_NB": 0, "RT198_SB": 0, "RT766_EB": 0, "RT766_WB": 0, "RT777_EB": 0, "RT777_WB": 0, "AWDT23*1.2": 9912, "Total_Users": 10073, "TransitUsersTTL": 161, "TrnstModeShare": 1.6 }, "geometry": { "type": "MultiLineString", "coordinates": [ [ [ -106.65620606074809, 35.070029192071665 ], [ -106.656220985092276, 35.070944697110797 ], [ -106.656221541117674, 35.070977025942504 ], [ -106.656224923837812, 35.071173534566597 ], [ -106.656230827114328, 35.071516687984079 ], [ -106.656230960802944, 35.071524415711785 ], [ -106.656387527858598, 35.071932867898703 ], [ -106.656387558953142, 35.071932947122562 ], [ -106.656484474704754, 35.072100572454545 ], [ -106.656661530789719, 35.072337650262916 ], [ -106.656789844522748, 35.072496164520075 ], [ -106.656792678799832, 35.072499664378292 ], [ -106.6569878142991, 35.072781715035177 ] ] ] } },
{ "type": "Feature", "properties": { "fid": 1989, "OBJECTID": 1989, "COGID": 25932, "RTE": "BRIDGE BLVD.", "LOCAT": " EAST OF ISLETA - WEST OF 8TH ST.", "LENGTH": 3064.245, "MILES": 0.57999998331069946, "ADT22": 38100, "AWDT22": 41186, "Shape_Length": 3182.2206713066334, "ADT23": 42716, "AWDT23": 46176, "RT1_NB": 0, "RT1_SB": 0, "RT2_NB": 0, "RT2_SB": 0, "RT5_EB": 0, "RT5_WB": 0, "RT8_EB": 0, "RT8_WB": 0, "RT10_NB": 0, "RT10_SB": 0, "RT11_EB": 0, "RT11_WB": 0, "RT16_EB": 0, "RT16_WB": 0, "RT31_NB": 0, "RT31_SB": 0, "RT36": 0, "RT50_NB": 0, "RT50_SB": 0, "RT51_NB": 0, "RT51_SB": 0, "RT53_NB": 81, "RT53_SB": 79, "RT54_EB": 71, "RT54_WB": 59, "RT66_EB": 0, "RT66_WB": 0, "RT97_EB": 0, "RT97_WB": 0, "RT140_NB": 0, "RT140_SB": 0, "RT141_NB": 0, "RT141_SB": 0, "RT155_NB": 0, "RT155_SB": 0, "RT157_NB": 0, "RT157_SB": 0, "RT198_NB": 0, "RT198_SB": 0, "RT766_EB": 0, "RT766_WB": 0, "RT777_EB": 0, "RT777_WB": 0, "AWDT23*1.2": 55411, "Total_Users": 55701, "TransitUsersTTL": 290, "TrnstModeShare": 0.52 }, "geometry": { "type": "MultiLineString", "coordinates": [ [ [ -106.666552557334143, 35.06838242730781 ], [ -106.66586598975033, 35.06859725627924 ], [ -106.665813069260324, 35.068613815354709 ], [ -106.664475135419622, 35.069044796619302 ], [ -106.664031982224344, 35.069187542066551 ], [ -106.664027245567695, 35.069189068172996 ], [ -106.6631186209476, 35.069482709043022 ], [ -106.662988314178435, 35.069511615355097 ], [ -106.662803374700474, 35.06955264094524 ], [ -106.662761853972768, 35.0695561338635 ], [ -106.66156768754179, 35.069656575490797 ], [ -106.658116009442125, 35.069897767495952 ], [ -106.65810852976432, 35.069898290267027 ], [ -106.657519275652291, 35.069939455107885 ], [ -106.657402813490776, 35.069947413172514 ], [ -106.657197030590595, 35.069961475503206 ], [ -106.65620606074809, 35.070029192071665 ] ] ] } },
{ "type": "Feature", "properties": { "fid": 1991, "OBJECTID": 1991, "COGID": 25956, "RTE": "JUAN TABO", "LOCAT": " NORTH OF CENTRAL - SOUTH OF I-40 S. RAMPS", "LENGTH": 2034.051, "MILES": 0.38499999046325684, "ADT22": 28858, "AWDT22": 31189, "Shape_Length": 2076.5772171429348, "ADT23": 30693, "AWDT23": 32781, "RT1_NB": 60, "RT1_SB": 48, "RT2_NB": 0, "RT2_SB": 0, "RT5_EB": 0, "RT5_WB": 0, "RT8_EB": 0, "RT8_WB": 0, "RT10_NB": 0, "RT10_SB": 0, "RT11_EB": 0, "RT11_WB": 0, "RT16_EB": 0, "RT16_WB": 0, "RT31_NB": 0, "RT31_SB": 0, "RT36": 0, "RT50_NB": 0, "RT50_SB": 0, "RT51_NB": 0, "RT51_SB": 0, "RT53_NB": 0, "RT53_SB": 0, "RT54_EB": 0, "RT54_WB": 0, "RT66_EB": 0, "RT66_WB": 0, "RT97_EB": 0, "RT97_WB": 0, "RT140_NB": 0, "RT140_SB": 0, "RT141_NB": 0, "RT141_SB": 0, "RT155_NB": 0, "RT155_SB": 0, "RT157_NB": 0, "RT157_SB": 0, "RT198_NB": 0, "RT198_SB": 0, "RT766_EB": 0, "RT766_WB": 0, "RT777_EB": 0, "RT777_WB": 0, "AWDT23*1.2": 39337, "Total_Users": 39445, "TransitUsersTTL": 108, "TrnstModeShare": 0.27 }, "geometry": { "type": "MultiLineString", "coordinates": [ [ [ -106.515194211576571, 35.070076571554893 ], [ -106.515176480795802, 35.071113945353702 ], [ -106.515176449455339, 35.071115442746823 ], [ -106.515153768762048, 35.07219486945916 ], [ -106.515153772905222, 35.072196489372963 ], [ -106.515155494386406, 35.073095824872233 ], [ -106.515156217573747, 35.073473973790747 ], [ -106.51515623762532, 35.073484579416437 ], [ -106.515159318047409, 35.074436853552875 ], [ -106.515166247653084, 35.075387823727155 ], [ -106.515169119350304, 35.075781974111614 ] ] ] } },
{ "type": "Feature", "properties": { "fid": 1992, "OBJECTID": 1992, "COGID": 25960, "RTE": "CENTRAL", "LOCAT": " EAST OF MORRIS - WEST OF JUAN TABO", "LENGTH": 2926.799, "MILES": 0.55400002002716064, "ADT22": 17956, "AWDT22": 19406, "Shape_Length": 2907.7938558600854, "ADT23": 19195, "AWDT23": 20501, "RT1_NB": 0, "RT1_SB": 0, "RT2_NB": 0, "RT2_SB": 0, "RT5_EB": 0, "RT5_WB": 0, "RT8_EB": 0, "RT8_WB": 0, "RT10_NB": 0, "RT10_SB": 0, "RT11_EB": 0, "RT11_WB": 0, "RT16_EB": 0, "RT16_WB": 0, "RT31_NB": 0, "RT31_SB": 0, "RT36": 0, "RT50_NB": 0, "RT50_SB": 0, "RT51_NB": 0, "RT51_SB": 0, "RT53_NB": 0, "RT53_SB": 0, "RT54_EB": 0, "RT54_WB": 0, "RT66_EB": 332, "RT66_WB": 363, "RT97_EB": 0, "RT97_WB": 0, "RT140_NB": 0, "RT140_SB": 0, "RT141_NB": 0, "RT141_SB": 0, "RT155_NB": 0, "RT155_SB": 0, "RT157_NB": 0, "RT157_SB": 0, "RT198_NB": 0, "RT198_SB": 0, "RT766_EB": 0, "RT766_WB": 0, "RT777_EB": 259, "RT777_WB": 225, "AWDT23*1.2": 24601, "Total_Users": 25780, "TransitUsersTTL": 1179, "TrnstModeShare": 4.57 }, "geometry": { "type": "MultiLineString", "coordinates": [ [ [ -106.52482755958215, 35.071129069973175 ], [ -106.521659002279748, 35.070782974940421 ], [ -106.518500475740908, 35.070437889948451 ], [ -106.515194211576571, 35.070076571554893 ] ] ] } },
{ "type": "Feature", "properties": { "fid": 1995, "OBJECTID": 1995, "COGID": 25968, "RTE": "BROADWAY", "LOCAT": " NORTH OF AVENIDA CESAR CHAVEZ - SOUTH OF COAL", "LENGTH": 3673.957, "MILES": 0.69599997997283936, "ADT22": 11408, "AWDT22": 12329, "Shape_Length": 3673.7221334403234, "ADT23": 10604, "AWDT23": 11326, "RT1_NB": 0, "RT1_SB": 0, "RT2_NB": 0, "RT2_SB": 0, "RT5_EB": 0, "RT5_WB": 0, "RT8_EB": 0, "RT8_WB": 0, "RT10_NB": 0, "RT10_SB": 0, "RT11_EB": 0, "RT11_WB": 0, "RT16_EB": 18, "RT16_WB": 13, "RT31_NB": 0, "RT31_SB": 0, "RT36": 0, "RT50_NB": 0, "RT50_SB": 0, "RT51_NB": 0, "RT51_SB": 0, "RT53_NB": 0, "RT53_SB": 0, "RT54_EB": 0, "RT54_WB": 0, "RT66_EB": 0, "RT66_WB": 0, "RT97_EB": 0, "RT97_WB": 0, "RT140_NB": 0, "RT140_SB": 0, "RT141_NB": 0, "RT141_SB": 0, "RT155_NB": 0, "RT155_SB": 0, "RT157_NB": 0, "RT157_SB": 0, "RT198_NB": 0, "RT198_SB": 0, "RT766_EB": 0, "RT766_WB": 0, "RT777_EB": 0, "RT777_WB": 0, "AWDT23*1.2": 13591, "Total_Users": 13622, "TransitUsersTTL": 31, "TrnstModeShare": 0.23 }, "geometry": { "type": "MultiLineString", "coordinates": [ [ [ -106.645568275776824, 35.0696677507513 ], [ -106.645593476037661, 35.070506729215204 ], [ -106.645596994236627, 35.070608672385475 ], [ -106.645630984860091, 35.071593108859865 ], [ -106.645630984355108, 35.071593458626296 ], [ -106.645653257230592, 35.072489446287662 ], [ -106.645653433736925, 35.07249443797221 ], [ -106.645691781254726, 35.073580608969415 ], [ -106.645691797658827, 35.073581054234822 ], [ -106.645726401340369, 35.074552000621196 ], [ -106.645755431982224, 35.075541289803098 ], [ -106.645755460341022, 35.075542393992954 ], [ -106.645793808807454, 35.077054549576623 ], [ -106.64579382887743, 35.077055299521504 ], [ -106.645801645320446, 35.077520592331027 ], [ -106.645791161217844, 35.077685484582013 ], [ -106.645589891548653, 35.078746042756805 ], [ -106.645397421551024, 35.079733674729397 ] ] ] } },
{ "type": "Feature", "properties": { "fid": 1997, "OBJECTID": 1997, "COGID": 25976, "RTE": "EUBANK", "LOCAT": " NORTH OF SOUTHERN - SOUTH OF CENTRAL", "LENGTH": 1677.432, "MILES": 0.31799998879432678, "ADT22": 27817, "AWDT22": 30063, "Shape_Length": 1784.7244659738399, "ADT23": 29584, "AWDT23": 31597, "RT1_NB": 0, "RT1_SB": 0, "RT2_NB": 13, "RT2_SB": 11, "RT5_EB": 0, "RT5_WB": 0, "RT8_EB": 0, "RT8_WB": 0, "RT10_NB": 0, "RT10_SB": 0, "RT11_EB": 0, "RT11_WB": 0, "RT16_EB": 0, "RT16_WB": 0, "RT31_NB": 0, "RT31_SB": 0, "RT36": 0, "RT50_NB": 0, "RT50_SB": 0, "RT51_NB": 0, "RT51_SB": 0, "RT53_NB": 0, "RT53_SB": 0, "RT54_EB": 0, "RT54_WB": 0, "RT66_EB": 0, "RT66_WB": 0, "RT97_EB": 0, "RT97_WB": 0, "RT140_NB": 0, "RT140_SB": 0, "RT141_NB": 0, "RT141_SB": 0, "RT155_NB": 0, "RT155_SB": 0, "RT157_NB": 0, "RT157_SB": 0, "RT198_NB": 0, "RT198_SB": 0, "RT766_EB": 0, "RT766_WB": 0, "RT777_EB": 0, "RT777_WB": 0, "AWDT23*1.2": 37916, "Total_Users": 37940, "TransitUsersTTL": 24, "TrnstModeShare": 0.06 }, "geometry": { "type": "MultiLineString", "coordinates": [ [ [ -106.532532307898336, 35.067049359426314 ], [ -106.532506643992733, 35.068165088384468 ], [ -106.532486320110436, 35.069048760891377 ], [ -106.532479997899429, 35.069914326396464 ], [ -106.532473589316723, 35.070791758789809 ], [ -106.53246511160232, 35.071952735434792 ] ] ] } },
{ "type": "Feature", "properties": { "fid": 1998, "OBJECTID": 1998, "COGID": 25980, "RTE": "YALE", "LOCAT": " NORTH OF AVENIDA CESAR CHAVEZ - SOUTH OF COAL", "LENGTH": 1992.057, "MILES": 0.37700000405311584, "ADT22": 10557, "AWDT22": 11186, "Shape_Length": 2011.8727621103521, "ADT23": 10928, "AWDT23": 11757, "RT1_NB": 0, "RT1_SB": 0, "RT2_NB": 0, "RT2_SB": 0, "RT5_EB": 0, "RT5_WB": 0, "RT8_EB": 0, "RT8_WB": 0, "RT10_NB": 0, "RT10_SB": 0, "RT11_EB": 0, "RT11_WB": 0, "RT16_EB": 0, "RT16_WB": 0, "RT31_NB": 0, "RT31_SB": 0, "RT36": 0, "RT50_NB": 91, "RT50_SB": 90, "RT51_NB": 0, "RT51_SB": 0, "RT53_NB": 0, "RT53_SB": 0, "RT54_EB": 0, "RT54_WB": 0, "RT66_EB": 0, "RT66_WB": 0, "RT97_EB": 0, "RT97_WB": 0, "RT140_NB": 0, "RT140_SB": 0, "RT141_NB": 0, "RT141_SB": 0, "RT155_NB": 0, "RT155_SB": 0, "RT157_NB": 0, "RT157_SB": 0, "RT198_NB": 0, "RT198_SB": 0, "RT766_EB": 0, "RT766_WB": 0, "RT777_EB": 0, "RT777_WB": 0, "AWDT23*1.2": 14108, "Total_Users": 14289, "TransitUsersTTL": 181, "TrnstModeShare": 1.27 }, "geometry": { "type": "MultiLineString", "coordinates": [ [ [ -106.622094595409976, 35.075092675689071 ], [ -106.622084893096911, 35.074022538352033 ], [ -106.62208184985694, 35.073686919352191 ], [ -106.622076004669651, 35.07304200127529 ], [ -106.622075888928194, 35.073029305520798 ], [ -106.62208071988367, 35.071281691337198 ], [ -106.622080752649936, 35.07127610671369 ], [ -106.622088003412927, 35.070070559370564 ], [ -106.622046007478716, 35.069566059943334 ] ] ] } },
{ "type": "Feature", "properties": { "fid": 2003, "OBJECTID": 2003, "COGID": 26008, "RTE": "SAN MATEO", "LOCAT": " NORTH OF KATHRYN - SOUTH OF ZUNI", "LENGTH": 2664.519, "MILES": 0.50499999523162842, "ADT22": 14529, "AWDT22": 15702, "Shape_Length": 2669.8545582811539, "ADT23": 15452, "AWDT23": 16503, "RT1_NB": 0, "RT1_SB": 0, "RT2_NB": 0, "RT2_SB": 0, "RT5_EB": 0, "RT5_WB": 0, "RT8_EB": 0, "RT8_WB": 0, "RT10_NB": 0, "RT10_SB": 0, "RT11_EB": 0, "RT11_WB": 0, "RT16_EB": 0, "RT16_WB": 0, "RT31_NB": 0, "RT31_SB": 0, "RT36": 0, "RT50_NB": 0, "RT50_SB": 0, "RT51_NB": 0, "RT51_SB": 0, "RT53_NB": 0, "RT53_SB": 0, "RT54_EB": 0, "RT54_WB": 0, "RT66_EB": 0, "RT66_WB": 0, "RT97_EB": 0, "RT97_WB": 0, "RT140_NB": 143, "RT140_SB": 67, "RT141_NB": 245, "RT141_SB": 196, "RT155_NB": 0, "RT155_SB": 0, "RT157_NB": 0, "RT157_SB": 0, "RT198_NB": 0, "RT198_SB": 0, "RT766_EB": 0, "RT766_WB": 0, "RT777_EB": 0, "RT777_WB": 0, "AWDT23*1.2": 19804, "Total_Users": 20455, "TransitUsersTTL": 651, "TrnstModeShare": 3.18 }, "geometry": { "type": "MultiLineString", "coordinates": [ [ [ -106.586294151136116, 35.065608764766083 ], [ -106.586308992673452, 35.066561324515128 ], [ -106.586336289174398, 35.067398176255935 ], [ -106.5863662691483, 35.068215479523879 ], [ -106.586358066411691, 35.069243022933101 ], [ -106.58634839364656, 35.070183548913988 ], [ -106.586273020676089, 35.071076811400843 ], [ -106.586257554664172, 35.07156490977831 ], [ -106.586241767404573, 35.072941367433067 ] ] ] } },
{ "type": "Feature", "properties": { "fid": 2004, "OBJECTID": 2004, "COGID": 26015, "RTE": "GIRARD", "LOCAT": "NORTH OF GARFIELD - SOUTH OF COAL", "LENGTH": 642.25, "MILES": 0.12200000137090683, "ADT22": 4234, "AWDT22": 4735, "Shape_Length": 661.28989074490073, "ADT23": 4450, "AWDT23": 4977, "RT1_NB": 0, "RT1_SB": 0, "RT2_NB": 0, "RT2_SB": 0, "RT5_EB": 0, "RT5_WB": 0, "RT8_EB": 0, "RT8_WB": 0, "RT10_NB": 0, "RT10_SB": 0, "RT11_EB": 0, "RT11_WB": 0, "RT16_EB": 44, "RT16_WB": 30, "RT31_NB": 0, "RT31_SB": 0, "RT36": 0, "RT50_NB": 0, "RT50_SB": 0, "RT51_NB": 0, "RT51_SB": 0, "RT53_NB": 0, "RT53_SB": 0, "RT54_EB": 0, "RT54_WB": 0, "RT66_EB": 0, "RT66_WB": 0, "RT97_EB": 0, "RT97_WB": 0, "RT140_NB": 0, "RT140_SB": 0, "RT141_NB": 0, "RT141_SB": 0, "RT155_NB": 0, "RT155_SB": 0, "RT157_NB": 0, "RT157_SB": 0, "RT198_NB": 0, "RT198_SB": 0, "RT766_EB": 0, "RT766_WB": 0, "RT777_EB": 0, "RT777_WB": 0, "AWDT23*1.2": 5972, "Total_Users": 6046, "TransitUsersTTL": 74, "TrnstModeShare": 1.22 }, "geometry": { "type": "MultiLineString", "coordinates": [ [ [ -106.613328037543056, 35.073667749861357 ], [ -106.613317987515032, 35.075484708424227 ] ] ] } },
{ "type": "Feature", "properties": { "fid": 2005, "OBJECTID": 2005, "COGID": 26016, "RTE": "GIRARD", "LOCAT": "NORTH OF SANTA CLARA - SOUTH OF GARFIELD", "LENGTH": 1731.764, "MILES": 0.32800000905990601, "ADT22": 3960, "AWDT22": 4368, "Shape_Length": 1732.2311981157286, "ADT23": 4267, "AWDT23": 4591, "RT1_NB": 0, "RT1_SB": 0, "RT2_NB": 0, "RT2_SB": 0, "RT5_EB": 0, "RT5_WB": 0, "RT8_EB": 0, "RT8_WB": 0, "RT10_NB": 0, "RT10_SB": 0, "RT11_EB": 0, "RT11_WB": 0, "RT16_EB": 44, "RT16_WB": 30, "RT31_NB": 0, "RT31_SB": 0, "RT36": 0, "RT50_NB": 0, "RT50_SB": 0, "RT51_NB": 0, "RT51_SB": 0, "RT53_NB": 0, "RT53_SB": 0, "RT54_EB": 0, "RT54_WB": 0, "RT66_EB": 0, "RT66_WB": 0, "RT97_EB": 0, "RT97_WB": 0, "RT140_NB": 0, "RT140_SB": 0, "RT141_NB": 0, "RT141_SB": 0, "RT155_NB": 0, "RT155_SB": 0, "RT157_NB": 0, "RT157_SB": 0, "RT198_NB": 0, "RT198_SB": 0, "RT766_EB": 0, "RT766_WB": 0, "RT777_EB": 0, "RT777_WB": 0, "AWDT23*1.2": 5509, "Total_Users": 5583, "TransitUsersTTL": 74, "TrnstModeShare": 1.33 }, "geometry": { "type": "MultiLineString", "coordinates": [ [ [ -106.613350318610074, 35.068908261679248 ], [ -106.613346852723012, 35.069612364140113 ], [ -106.6133467841927, 35.069626094437595 ], [ -106.613342112483025, 35.070425760270858 ], [ -106.613342107366989, 35.070426585119272 ], [ -106.613340756998568, 35.071180260290227 ], [ -106.613340408942875, 35.071254866799478 ], [ -106.613337011300032, 35.071980551460463 ], [ -106.613336542945845, 35.072080463110723 ], [ -106.613328037543056, 35.073667749861357 ] ] ] } },
{ "type": "Feature", "properties": { "fid": 2010, "OBJECTID": 2010, "COGID": 26044, "RTE": "UNIVERSITY", "LOCAT": " NORTH OF AVENIDA CESAR CHAVEZ - SOUTH OF COAL", "LENGTH": 2913.472, "MILES": 0.55199998617172241, "ADT22": 7860, "AWDT22": 8408, "Shape_Length": 2940.495495162394, "ADT23": 8261, "AWDT23": 8837, "RT1_NB": 0, "RT1_SB": 0, "RT2_NB": 0, "RT2_SB": 0, "RT5_EB": 0, "RT5_WB": 0, "RT8_EB": 0, "RT8_WB": 0, "RT10_NB": 0, "RT10_SB": 0, "RT11_EB": 0, "RT11_WB": 0, "RT16_EB": 45, "RT16_WB": 45, "RT31_NB": 0, "RT31_SB": 0, "RT36": 0, "RT50_NB": 0, "RT50_SB": 0, "RT51_NB": 0, "RT51_SB": 0, "RT53_NB": 0, "RT53_SB": 0, "RT54_EB": 0, "RT54_WB": 0, "RT66_EB": 0, "RT66_WB": 0, "RT97_EB": 0, "RT97_WB": 0, "RT140_NB": 0, "RT140_SB": 0, "RT141_NB": 0, "RT141_SB": 0, "RT155_NB": 0, "RT155_SB": 0, "RT157_NB": 0, "RT157_SB": 0, "RT198_NB": 0, "RT198_SB": 0, "RT766_EB": 0, "RT766_WB": 0, "RT777_EB": 0, "RT777_WB": 0, "AWDT23*1.2": 10604, "Total_Users": 10694, "TransitUsersTTL": 90, "TrnstModeShare": 0.84 }, "geometry": { "type": "MultiLineString", "coordinates": [ [ [ -106.630894043326549, 35.068461953604171 ], [ -106.630887857315329, 35.070101284253703 ], [ -106.630883674087542, 35.071209973220171 ], [ -106.630883055794996, 35.071373546188418 ], [ -106.630690836034319, 35.07211112070258 ], [ -106.630083270839236, 35.072842126553141 ], [ -106.629442404720791, 35.073613184218239 ], [ -106.628813926520721, 35.07439547966252 ], [ -106.627685902858175, 35.075768327893783 ] ] ] } },
{ "type": "Feature", "properties": { "fid": 2014, "OBJECTID": 2014, "COGID": 26100, "RTE": "JUAN TABO", "LOCAT": " NORTH OF SOUTHERN - SOUTH OF CENTRAL", "LENGTH": 825.26, "MILES": 0.15600000321865082, "ADT22": 17768, "AWDT22": 19203, "Shape_Length": 1206.1856899881068, "ADT23": 18897, "AWDT23": 20183, "RT1_NB": 38, "RT1_SB": 32, "RT2_NB": 0, "RT2_SB": 0, "RT5_EB": 0, "RT5_WB": 0, "RT8_EB": 0, "RT8_WB": 0, "RT10_NB": 0, "RT10_SB": 0, "RT11_EB": 0, "RT11_WB": 0, "RT16_EB": 0, "RT16_WB": 0, "RT31_NB": 0, "RT31_SB": 0, "RT36": 0, "RT50_NB": 0, "RT50_SB": 0, "RT51_NB": 0, "RT51_SB": 0, "RT53_NB": 0, "RT53_SB": 0, "RT54_EB": 0, "RT54_WB": 0, "RT66_EB": 0, "RT66_WB": 0, "RT97_EB": 0, "RT97_WB": 0, "RT140_NB": 0, "RT140_SB": 0, "RT141_NB": 0, "RT141_SB": 0, "RT155_NB": 0, "RT155_SB": 0, "RT157_NB": 0, "RT157_SB": 0, "RT198_NB": 0, "RT198_SB": 0, "RT766_EB": 0, "RT766_WB": 0, "RT777_EB": 0, "RT777_WB": 0, "AWDT23*1.2": 24220, "Total_Users": 24290, "TransitUsersTTL": 70, "TrnstModeShare": 0.29 }, "geometry": { "type": "MultiLineString", "coordinates": [ [ [ -106.516553859784551, 35.067082295112748 ], [ -106.516455729169422, 35.067160617750112 ], [ -106.516293618357977, 35.067290003378588 ], [ -106.516181094717055, 35.067386686781859 ], [ -106.516069915909966, 35.067497489405888 ], [ -106.515943809785867, 35.067638352296825 ], [ -106.515827175249285, 35.067777816865451 ], [ -106.515700384196734, 35.067962693891715 ], [ -106.515535740848307, 35.068246713306813 ], [ -106.515370921372764, 35.068613523869693 ], [ -106.515332700405438, 35.06872542459508 ], [ -106.515303000317303, 35.068812380396828 ], [ -106.51525118503416, 35.069026891571347 ], [ -106.515251083353036, 35.069027319987228 ], [ -106.515237118548413, 35.069138731320677 ], [ -106.515236282674081, 35.069145394938076 ], [ -106.51521021923169, 35.069451291163169 ], [ -106.515194211576571, 35.070076571554893 ] ] ] } },
{ "type": "Feature", "properties": { "fid": 2015, "OBJECTID": 2015, "COGID": 26102, "RTE": "JUAN TABO", "LOCAT": "NORTH OF HORSESHOE TRL. - SOUTH OF SOUTHERN", "LENGTH": 3573.432, "MILES": 0.67699998617172241, "ADT22": 11647, "AWDT22": 12847, "Shape_Length": 3417.1659374946321, "ADT23": 14313, "AWDT23": 15399, "RT1_NB": 39, "RT1_SB": 31, "RT2_NB": 0, "RT2_SB": 0, "RT5_EB": 0, "RT5_WB": 0, "RT8_EB": 0, "RT8_WB": 0, "RT10_NB": 0, "RT10_SB": 0, "RT11_EB": 0, "RT11_WB": 0, "RT16_EB": 0, "RT16_WB": 0, "RT31_NB": 0, "RT31_SB": 0, "RT36": 0, "RT50_NB": 0, "RT50_SB": 0, "RT51_NB": 0, "RT51_SB": 0, "RT53_NB": 0, "RT53_SB": 0, "RT54_EB": 0, "RT54_WB": 0, "RT66_EB": 0, "RT66_WB": 0, "RT97_EB": 0, "RT97_WB": 0, "RT140_NB": 0, "RT140_SB": 0, "RT141_NB": 0, "RT141_SB": 0, "RT155_NB": 0, "RT155_SB": 0, "RT157_NB": 0, "RT157_SB": 0, "RT198_NB": 0, "RT198_SB": 0, "RT766_EB": 0, "RT766_WB": 0, "RT777_EB": 0, "RT777_WB": 0, "AWDT23*1.2": 18479, "Total_Users": 18549, "TransitUsersTTL": 70, "TrnstModeShare": 0.38 }, "geometry": { "type": "MultiLineString", "coordinates": [ [ [ -106.515312260364027, 35.057997174463253 ], [ -106.515306176173752, 35.058943880203707 ], [ -106.515300750757021, 35.0597878772531 ], [ -106.515280961695268, 35.062867304690997 ], [ -106.515268405731433, 35.064820769759777 ], [ -106.51528313019503, 35.064991840196207 ], [ -106.515318010020366, 35.065235773969626 ], [ -106.515417582033692, 35.065630217366405 ], [ -106.515437330638491, 35.065708454278905 ], [ -106.51547876544015, 35.065798588977849 ], [ -106.515579026578337, 35.065998451355441 ], [ -106.515649226251654, 35.066120732188402 ], [ -106.515737591829222, 35.066246111164403 ], [ -106.51583966683485, 35.066370313369234 ], [ -106.515914421194708, 35.066453200153937 ], [ -106.516425518758609, 35.066956030088768 ], [ -106.516553859784551, 35.067082295112748 ] ] ] } },
{ "type": "Feature", "properties": { "fid": 2018, "OBJECTID": 2018, "COGID": 26108, "RTE": "CENTRAL", "LOCAT": "EAST OF DORADO - WEST OF TRAMWAY", "LENGTH": 1728.457, "MILES": 0.32699999213218689, "ADT22": 16678, "AWDT22": 18025, "Shape_Length": 1748.8514048234131, "ADT23": 17738, "AWDT23": 18944, "RT1_NB": 0, "RT1_SB": 18, "RT2_NB": 0, "RT2_SB": 0, "RT5_EB": 0, "RT5_WB": 0, "RT8_EB": 0, "RT8_WB": 0, "RT10_NB": 0, "RT10_SB": 0, "RT11_EB": 0, "RT11_WB": 0, "RT16_EB": 0, "RT16_WB": 0, "RT31_NB": 0, "RT31_SB": 0, "RT36": 0, "RT50_NB": 0, "RT50_SB": 0, "RT51_NB": 0, "RT51_SB": 0, "RT53_NB": 0, "RT53_SB": 0, "RT54_EB": 0, "RT54_WB": 0, "RT66_EB": 167, "RT66_WB": 0, "RT97_EB": 0, "RT97_WB": 0, "RT140_NB": 0, "RT140_SB": 0, "RT141_NB": 0, "RT141_SB": 0, "RT155_NB": 0, "RT155_SB": 0, "RT157_NB": 0, "RT157_SB": 0, "RT198_NB": 0, "RT198_SB": 0, "RT766_EB": 0, "RT766_WB": 0, "RT777_EB": 181, "RT777_WB": 0, "AWDT23*1.2": 22733, "Total_Users": 23099, "TransitUsersTTL": 366, "TrnstModeShare": 1.58 }, "geometry": { "type": "MultiLineString", "coordinates": [ [ [ -106.503422924387877, 35.068793811820782 ], [ -106.502778145016222, 35.068724326846819 ], [ -106.502140848719108, 35.068663685143655 ], [ -106.49778715985407, 35.068186316793884 ], [ -106.497628017935881, 35.068168864095455 ] ] ] } },
{ "type": "Feature", "properties": { "fid": 2019, "OBJECTID": 2019, "COGID": 26118, "RTE": "CENTRAL", "LOCAT": "EAST OF JUAN TABO - WEST OF DORADO", "LENGTH": 3530.873, "MILES": 0.66900002956390381, "ADT22": 21356, "AWDT22": 23081, "Shape_Length": 3553.0122889655745, "ADT23": 22713, "AWDT23": 24259, "RT1_NB": 0, "RT1_SB": 0, "RT2_NB": 0, "RT2_SB": 0, "RT5_EB": 0, "RT5_WB": 0, "RT8_EB": 0, "RT8_WB": 0, "RT10_NB": 0, "RT10_SB": 0, "RT11_EB": 0, "RT11_WB": 0, "RT16_EB": 0, "RT16_WB": 0, "RT31_NB": 0, "RT31_SB": 0, "RT36": 0, "RT50_NB": 0, "RT50_SB": 0, "RT51_NB": 0, "RT51_SB": 0, "RT53_NB": 0, "RT53_SB": 0, "RT54_EB": 0, "RT54_WB": 0, "RT66_EB": 252, "RT66_WB": 272, "RT97_EB": 0, "RT97_WB": 0, "RT140_NB": 0, "RT140_SB": 0, "RT141_NB": 0, "RT141_SB": 0, "RT155_NB": 0, "RT155_SB": 0, "RT157_NB": 0, "RT157_SB": 0, "RT198_NB": 0, "RT198_SB": 0, "RT766_EB": 0, "RT766_WB": 0, "RT777_EB": 181, "RT777_WB": 134, "AWDT23*1.2": 29111, "Total_Users": 29950, "TransitUsersTTL": 839, "TrnstModeShare": 2.8 }, "geometry": { "type": "MultiLineString", "coordinates": [ [ [ -106.515194211576571, 35.070076571554893 ], [ -106.51239653603065, 35.069771805856995 ], [ -106.509973986291115, 35.069507851105435 ], [ -106.509652172132874, 35.069472783140512 ], [ -106.509615699877145, 35.06946880824843 ], [ -106.508397120334209, 35.069336012024401 ], [ -106.503422924387877, 35.068793811820782 ] ] ] } },
{ "type": "Feature", "properties": { "fid": 2021, "OBJECTID": 2021, "COGID": 26128, "RTE": "TRAMWAY", "LOCAT": "SOUTH OF EAST CENTRAL - NORTH OF WENONAH", "LENGTH": 790.133, "MILES": 0.15000000596046448, "ADT22": 12833, "AWDT22": 14155, "Shape_Length": 796.85277452248442, "ADT23": 13828, "AWDT23": 14877, "RT1_NB": 0, "RT1_SB": 18, "RT2_NB": 0, "RT2_SB": 0, "RT5_EB": 0, "RT5_WB": 0, "RT8_EB": 0, "RT8_WB": 0, "RT10_NB": 0, "RT10_SB": 0, "RT11_EB": 0, "RT11_WB": 0, "RT16_EB": 0, "RT16_WB": 0, "RT31_NB": 0, "RT31_SB": 0, "RT36": 0, "RT50_NB": 0, "RT50_SB": 0, "RT51_NB": 0, "RT51_SB": 0, "RT53_NB": 0, "RT53_SB": 0, "RT54_EB": 0, "RT54_WB": 0, "RT66_EB": 167, "RT66_WB": 0, "RT97_EB": 0, "RT97_WB": 0, "RT140_NB": 0, "RT140_SB": 0, "RT141_NB": 0, "RT141_SB": 0, "RT155_NB": 0, "RT155_SB": 0, "RT157_NB": 0, "RT157_SB": 0, "RT198_NB": 0, "RT198_SB": 0, "RT766_EB": 0, "RT766_WB": 0, "RT777_EB": 181, "RT777_WB": 0, "AWDT23*1.2": 17852, "Total_Users": 18218, "TransitUsersTTL": 366, "TrnstModeShare": 2.01 }, "geometry": { "type": "MultiLineString", "coordinates": [ [ [ -106.497816291313981, 35.066044189149032 ], [ -106.497915020345587, 35.066182614953583 ], [ -106.497968164966238, 35.066301517182843 ], [ -106.497989556279748, 35.066430965595643 ], [ -106.49798305986225, 35.066693761015138 ], [ -106.497950266406377, 35.066984779028083 ], [ -106.497892724323549, 35.067310368137363 ], [ -106.497845415449362, 35.067566868180023 ], [ -106.497768846461454, 35.067803371370559 ], [ -106.497628017935881, 35.068168864095455 ] ] ] } },
{ "type": "Feature", "properties": { "fid": 2024, "OBJECTID": 2024, "COGID": 26131, "RTE": "WENONAH", "LOCAT": "EAST OF DORADO - WEST OF TRAMWAY", "LENGTH": 1685.489, "MILES": 0.3190000057220459, "ADT22": 3125, "AWDT22": 3447, "Shape_Length": 1660.12490176865, "ADT23": 3284, "AWDT23": 3623, "RT1_NB": 22, "RT1_SB": 18, "RT2_NB": 0, "RT2_SB": 0, "RT5_EB": 0, "RT5_WB": 0, "RT8_EB": 0, "RT8_WB": 0, "RT10_NB": 0, "RT10_SB": 0, "RT11_EB": 0, "RT11_WB": 0, "RT16_EB": 0, "RT16_WB": 0, "RT31_NB": 0, "RT31_SB": 0, "RT36": 0, "RT50_NB": 0, "RT50_SB": 0, "RT51_NB": 0, "RT51_SB": 0, "RT53_NB": 0, "RT53_SB": 0, "RT54_EB": 0, "RT54_WB": 0, "RT66_EB": 167, "RT66_WB": 162, "RT97_EB": 0, "RT97_WB": 0, "RT140_NB": 0, "RT140_SB": 0, "RT141_NB": 0, "RT141_SB": 0, "RT155_NB": 0, "RT155_SB": 0, "RT157_NB": 0, "RT157_SB": 0, "RT198_NB": 0, "RT198_SB": 0, "RT766_EB": 0, "RT766_WB": 0, "RT777_EB": 0, "RT777_WB": 134, "AWDT23*1.2": 4348, "Total_Users": 4851, "TransitUsersTTL": 503, "TrnstModeShare": 10.37 }, "geometry": { "type": "MultiLineString", "coordinates": [ [ [ -106.503229889766757, 35.06631762703055 ], [ -106.50313079508031, 35.066253009830518 ], [ -106.503035259380866, 35.066200067153964 ], [ -106.502958318338571, 35.066165000353806 ], [ -106.502883389144202, 35.066143038352479 ], [ -106.50262827364341, 35.06610986614843 ], [ -106.500659903179965, 35.065908894511594 ], [ -106.500408131897146, 35.065897141151154 ], [ -106.498313072631163, 35.065877658637156 ], [ -106.49818161802321, 35.065885756864006 ], [ -106.498081965491764, 35.065908153787028 ], [ -106.498060820093926, 35.065912905363497 ], [ -106.497958512327429, 35.065959711964943 ], [ -106.497816291313981, 35.066044189149032 ] ] ] } },
{ "type": "Feature", "properties": { "fid": 2026, "OBJECTID": 2026, "COGID": 26133, "RTE": "DORADO", "LOCAT": "NORTH OF WENONAH - SOUTH OF CENTRAL", "LENGTH": 903.375, "MILES": 0.17100000381469727, "ADT22": 2400, "AWDT22": 2685, "Shape_Length": 917.05825926289413, "ADT23": 2522, "AWDT23": 2822, "RT1_NB": 0, "RT1_SB": 20, "RT2_NB": 0, "RT2_SB": 0, "RT5_EB": 0, "RT5_WB": 0, "RT8_EB": 0, "RT8_WB": 0, "RT10_NB": 0, "RT10_SB": 0, "RT11_EB": 0, "RT11_WB": 0, "RT16_EB": 0, "RT16_WB": 0, "RT31_NB": 0, "RT31_SB": 0, "RT36": 0, "RT50_NB": 0, "RT50_SB": 0, "RT51_NB": 0, "RT51_SB": 0, "RT53_NB": 0, "RT53_SB": 0, "RT54_EB": 0, "RT54_WB": 0, "RT66_EB": 0, "RT66_WB": 184, "RT97_EB": 0, "RT97_WB": 0, "RT140_NB": 0, "RT140_SB": 0, "RT141_NB": 0, "RT141_SB": 0, "RT155_NB": 0, "RT155_SB": 0, "RT157_NB": 0, "RT157_SB": 0, "RT198_NB": 0, "RT198_SB": 0, "RT766_EB": 0, "RT766_WB": 0, "RT777_EB": 0, "RT777_WB": 134, "AWDT23*1.2": 3386, "Total_Users": 3724, "TransitUsersTTL": 338, "TrnstModeShare": 9.08 }, "geometry": { "type": "MultiLineString", "coordinates": [ [ [ -106.503229889766757, 35.06631762703055 ], [ -106.50332080253186, 35.066421810120922 ], [ -106.503354169519255, 35.066462806472764 ], [ -106.503386320655622, 35.066511979800623 ], [ -106.503414823290015, 35.066581138012396 ], [ -106.503425730842793, 35.066640120332018 ], [ -106.503424141371354, 35.06786015589968 ], [ -106.503422924387877, 35.068793811820782 ] ] ] } },
{ "type": "Feature", "properties": { "fid": 2029, "OBJECTID": 2029, "COGID": 26152, "RTE": "BRIDGE BLVD.", "LOCAT": " EAST OF SUNSET - WEST OF ISLETA", "LENGTH": 2602.96, "MILES": 0.49300000071525574, "ADT22": 21515, "AWDT22": 23253, "Shape_Length": 2484.7279840889319, "ADT23": 22539, "AWDT23": 24073, "RT1_NB": 0, "RT1_SB": 0, "RT2_NB": 0, "RT2_SB": 0, "RT5_EB": 0, "RT5_WB": 0, "RT8_EB": 0, "RT8_WB": 0, "RT10_NB": 0, "RT10_SB": 0, "RT11_EB": 0, "RT11_WB": 0, "RT16_EB": 0, "RT16_WB": 0, "RT31_NB": 0, "RT31_SB": 0, "RT36": 0, "RT50_NB": 0, "RT50_SB": 0, "RT51_NB": 0, "RT51_SB": 0, "RT53_NB": 0, "RT53_SB": 0, "RT54_EB": 71, "RT54_WB": 57, "RT66_EB": 0, "RT66_WB": 0, "RT97_EB": 0, "RT97_WB": 0, "RT140_NB": 0, "RT140_SB": 0, "RT141_NB": 0, "RT141_SB": 0, "RT155_NB": 0, "RT155_SB": 0, "RT157_NB": 0, "RT157_SB": 0, "RT198_NB": 0, "RT198_SB": 0, "RT766_EB": 0, "RT766_WB": 0, "RT777_EB": 0, "RT777_WB": 0, "AWDT23*1.2": 28888, "Total_Users": 29016, "TransitUsersTTL": 128, "TrnstModeShare": 0.44 }, "geometry": { "type": "MultiLineString", "coordinates": [ [ [ -106.674531670420777, 35.066495862313886 ], [ -106.674260816898538, 35.066557809683502 ], [ -106.67311017843393, 35.06682096758243 ], [ -106.670283749467444, 35.067467334314408 ], [ -106.669591210069271, 35.067625697313112 ], [ -106.669579415573423, 35.067628453297168 ], [ -106.66904756186068, 35.067752735720489 ], [ -106.667977909527622, 35.068002683377358 ], [ -106.667758697304862, 35.068053906574193 ], [ -106.666552557334143, 35.06838242730781 ] ] ] } },
{ "type": "Feature", "properties": { "fid": 2031, "OBJECTID": 2031, "COGID": 26160, "RTE": "ATRISCO (SOUTH)", "LOCAT": " NORTH OF BRIDGE BLVD. - SOUTH OF GOFF", "LENGTH": 3102.262, "MILES": 0.58799999952316284, "ADT22": 3554, "AWDT22": 3975, "Shape_Length": 3096.5097087769318, "ADT23": 4905, "AWDT23": 5277, "RT1_NB": 0, "RT1_SB": 0, "RT2_NB": 0, "RT2_SB": 0, "RT5_EB": 0, "RT5_WB": 0, "RT8_EB": 0, "RT8_WB": 0, "RT10_NB": 0, "RT10_SB": 0, "RT11_EB": 0, "RT11_WB": 0, "RT16_EB": 0, "RT16_WB": 0, "RT31_NB": 0, "RT31_SB": 0, "RT36": 0, "RT50_NB": 0, "RT50_SB": 0, "RT51_NB": 40, "RT51_SB": 27, "RT53_NB": 0, "RT53_SB": 0, "RT54_EB": 0, "RT54_WB": 0, "RT66_EB": 0, "RT66_WB": 0, "RT97_EB": 0, "RT97_WB": 0, "RT140_NB": 0, "RT140_SB": 0, "RT141_NB": 0, "RT141_SB": 0, "RT155_NB": 0, "RT155_SB": 0, "RT157_NB": 0, "RT157_SB": 0, "RT198_NB": 0, "RT198_SB": 0, "RT766_EB": 0, "RT766_WB": 0, "RT777_EB": 0, "RT777_WB": 0, "AWDT23*1.2": 6332, "Total_Users": 6399, "TransitUsersTTL": 67, "TrnstModeShare": 1.05 }, "geometry": { "type": "MultiLineString", "coordinates": [ [ [ -106.691797881151629, 35.066234858643426 ], [ -106.691220734304423, 35.068235089130887 ], [ -106.691211485052577, 35.068267137926028 ], [ -106.691104249803828, 35.068617671732 ], [ -106.691048630409469, 35.068755869510738 ], [ -106.690981210543171, 35.068887490787674 ], [ -106.690664915559324, 35.06924839539775 ], [ -106.690645241904193, 35.069270842769555 ], [ -106.690641409171178, 35.069275215224792 ], [ -106.689533889566093, 35.070519314630225 ], [ -106.688856547797002, 35.071291210640979 ], [ -106.688588344113498, 35.071596847892756 ], [ -106.688256389663934, 35.071957675661317 ], [ -106.687759982388357, 35.072513232386996 ], [ -106.687666960927245, 35.072653506183173 ], [ -106.687643352539325, 35.072689106850902 ], [ -106.687516037583976, 35.072973195998962 ], [ -106.687402385838681, 35.07326436262138 ], [ -106.687349229511952, 35.073418955306089 ], [ -106.687343831790415, 35.073434650148549 ], [ -106.687274898151443, 35.073722763508982 ] ] ] } },
{ "type": "Feature", "properties": { "fid": 2032, "OBJECTID": 2032, "COGID": 26164, "RTE": "BRIDGE BLVD.", "LOCAT": " EAST OF OLD COORS RD. - WEST OF ATRISCO", "LENGTH": 2821.652, "MILES": 0.5339999794960022, "ADT22": 13656, "AWDT22": 14759, "Shape_Length": 2809.4866729591349, "ADT23": 14248, "AWDT23": 15217, "RT1_NB": 0, "RT1_SB": 0, "RT2_NB": 0, "RT2_SB": 0, "RT5_EB": 0, "RT5_WB": 0, "RT8_EB": 0, "RT8_WB": 0, "RT10_NB": 0, "RT10_SB": 0, "RT11_EB": 0, "RT11_WB": 0, "RT16_EB": 0, "RT16_WB": 0, "RT31_NB": 0, "RT31_SB": 0, "RT36": 0, "RT50_NB": 0, "RT50_SB": 0, "RT51_NB": 0, "RT51_SB": 0, "RT53_NB": 0, "RT53_SB": 0, "RT54_EB": 57, "RT54_WB": 47, "RT66_EB": 0, "RT66_WB": 0, "RT97_EB": 0, "RT97_WB": 0, "RT140_NB": 0, "RT140_SB": 0, "RT141_NB": 0, "RT141_SB": 0, "RT155_NB": 0, "RT155_SB": 0, "RT157_NB": 0, "RT157_SB": 0, "RT198_NB": 0, "RT198_SB": 0, "RT766_EB": 0, "RT766_WB": 0, "RT777_EB": 0, "RT777_WB": 0, "AWDT23*1.2": 18260, "Total_Users": 18364, "TransitUsersTTL": 104, "TrnstModeShare": 0.57 }, "geometry": { "type": "MultiLineString", "coordinates": [ [ [ -106.70096102663878, 35.067914301568806 ], [ -106.699973632357725, 35.067729056390327 ], [ -106.698747632727745, 35.067513787924213 ], [ -106.698534344406113, 35.067475200432547 ], [ -106.697768740632029, 35.067336684803095 ], [ -106.697591352854872, 35.067304590601438 ], [ -106.697562583751946, 35.067299385393852 ], [ -106.697147322472077, 35.067221810771095 ], [ -106.697122672684657, 35.067217205064566 ], [ -106.696101659412236, 35.067053363483232 ], [ -106.695332339559158, 35.066895763214454 ], [ -106.694655509915492, 35.066757120058988 ], [ -106.691797881151629, 35.066234858643426 ] ] ] } },
{ "type": "Feature", "properties": { "fid": 2045, "OBJECTID": 2045, "COGID": 26220, "RTE": "WYOMING", "LOCAT": " NORTH OF KIRTLAND GATE - SOUTH OF ZUNI", "LENGTH": 2645.003, "MILES": 0.50099998712539673, "ADT22": 6760, "AWDT22": 7319, "Shape_Length": 2508.4264786228382, "ADT23": 7105, "AWDT23": 7692, "RT1_NB": 0, "RT1_SB": 0, "RT2_NB": 0, "RT2_SB": 0, "RT5_EB": 0, "RT5_WB": 0, "RT8_EB": 0, "RT8_WB": 0, "RT10_NB": 0, "RT10_SB": 0, "RT11_EB": 0, "RT11_WB": 0, "RT16_EB": 0, "RT16_WB": 0, "RT31_NB": 20, "RT31_SB": 13, "RT36": 0, "RT50_NB": 0, "RT50_SB": 0, "RT51_NB": 0, "RT51_SB": 0, "RT53_NB": 0, "RT53_SB": 0, "RT54_EB": 0, "RT54_WB": 0, "RT66_EB": 0, "RT66_WB": 0, "RT97_EB": 0, "RT97_WB": 0, "RT140_NB": 0, "RT140_SB": 0, "RT141_NB": 0, "RT141_SB": 0, "RT155_NB": 0, "RT155_SB": 0, "RT157_NB": 0, "RT157_SB": 0, "RT198_NB": 0, "RT198_SB": 0, "RT766_EB": 0, "RT766_WB": 0, "RT777_EB": 0, "RT777_WB": 0, "AWDT23*1.2": 9230, "Total_Users": 9263, "TransitUsersTTL": 33, "TrnstModeShare": 0.36 }, "geometry": { "type": "MultiLineString", "coordinates": [ [ [ -106.55050918454522, 35.065868266222829 ], [ -106.550506777499095, 35.066120944985819 ], [ -106.550506725536181, 35.066125913057995 ], [ -106.550489342924735, 35.067774953435801 ], [ -106.550489314395008, 35.067777639855116 ], [ -106.550464983458241, 35.069061196814232 ], [ -106.550464932133423, 35.06906394639158 ], [ -106.550446239184936, 35.071045049683953 ], [ -106.550415966124604, 35.0727600533301 ] ] ] } },
{ "type": "Feature", "properties": { "fid": 2046, "OBJECTID": 2046, "COGID": 26224, "RTE": "LOUISIANA", "LOCAT": " NORTH OF KATHRYN - SOUTH OF ZUNI", "LENGTH": 2639.239, "MILES": 0.5, "ADT22": 14758, "AWDT22": 15950, "Shape_Length": 2641.5821746743777, "ADT23": 15696, "AWDT23": 16764, "RT1_NB": 0, "RT1_SB": 0, "RT2_NB": 0, "RT2_SB": 0, "RT5_EB": 0, "RT5_WB": 0, "RT8_EB": 0, "RT8_WB": 0, "RT10_NB": 0, "RT10_SB": 0, "RT11_EB": 0, "RT11_WB": 0, "RT16_EB": 0, "RT16_WB": 0, "RT31_NB": 0, "RT31_SB": 0, "RT36": 0, "RT50_NB": 0, "RT50_SB": 0, "RT51_NB": 0, "RT51_SB": 0, "RT53_NB": 0, "RT53_SB": 0, "RT54_EB": 0, "RT54_WB": 0, "RT66_EB": 0, "RT66_WB": 0, "RT97_EB": 0, "RT97_WB": 0, "RT140_NB": 0, "RT140_SB": 0, "RT141_NB": 0, "RT141_SB": 0, "RT155_NB": 0, "RT155_SB": 0, "RT157_NB": 113, "RT157_SB": 109, "RT198_NB": 0, "RT198_SB": 0, "RT766_EB": 0, "RT766_WB": 0, "RT777_EB": 0, "RT777_WB": 0, "AWDT23*1.2": 20117, "Total_Users": 20339, "TransitUsersTTL": 222, "TrnstModeShare": 1.09 }, "geometry": { "type": "MultiLineString", "coordinates": [ [ [ -106.568666554766764, 35.065412901475135 ], [ -106.568675836130041, 35.06643390654083 ], [ -106.568711233851644, 35.067224184743289 ], [ -106.568689601647193, 35.069042000588468 ], [ -106.568638181619434, 35.070834105229423 ], [ -106.568623110557368, 35.072669819229766 ] ] ] } },
{ "type": "Feature", "properties": { "fid": 2048, "OBJECTID": 2048, "COGID": 26232, "RTE": "BRIDGE BLVD.", "LOCAT": " EAST OF GOFF - WEST OF SUNSET", "LENGTH": 2181.051, "MILES": 0.41299998760223389, "ADT22": 15130, "AWDT22": 16352, "Shape_Length": 2184.2457850537189, "ADT23": 15599, "AWDT23": 16859, "RT1_NB": 0, "RT1_SB": 0, "RT2_NB": 0, "RT2_SB": 0, "RT5_EB": 0, "RT5_WB": 0, "RT8_EB": 0, "RT8_WB": 0, "RT10_NB": 0, "RT10_SB": 0, "RT11_EB": 0, "RT11_WB": 0, "RT16_EB": 0, "RT16_WB": 0, "RT31_NB": 0, "RT31_SB": 0, "RT36": 0, "RT50_NB": 0, "RT50_SB": 0, "RT51_NB": 0, "RT51_SB": 0, "RT53_NB": 0, "RT53_SB": 0, "RT54_EB": 64, "RT54_WB": 50, "RT66_EB": 0, "RT66_WB": 0, "RT97_EB": 0, "RT97_WB": 0, "RT140_NB": 0, "RT140_SB": 0, "RT141_NB": 0, "RT141_SB": 0, "RT155_NB": 0, "RT155_SB": 0, "RT157_NB": 0, "RT157_SB": 0, "RT198_NB": 0, "RT198_SB": 0, "RT766_EB": 0, "RT766_WB": 0, "RT777_EB": 0, "RT777_WB": 0, "AWDT23*1.2": 20231, "Total_Users": 20345, "TransitUsersTTL": 114, "TrnstModeShare": 0.56 }, "geometry": { "type": "MultiLineString", "coordinates": [ [ [ -106.681600015749225, 35.065033367366823 ], [ -106.681353501814741, 35.065040127172026 ], [ -106.680951166385583, 35.065079001043038 ], [ -106.680588511951072, 35.065139675945098 ], [ -106.680112458767837, 35.065241815016115 ], [ -106.678937756655699, 35.065501626620325 ], [ -106.67873143082366, 35.065548419539915 ], [ -106.677063016618845, 35.065926787494959 ], [ -106.675743784781474, 35.06623085977435 ], [ -106.674531670420777, 35.066495862313886 ] ] ] } },
{ "type": "Feature", "properties": { "fid": 2052, "OBJECTID": 2052, "COGID": 26240, "RTE": "BRIDGE BLVD.", "LOCAT": " EAST OF ATRISCO - WEST OF GOFF", "LENGTH": 3097.144, "MILES": 0.58700001239776611, "ADT22": 15110, "AWDT22": 16330, "Shape_Length": 3091.1444871520125, "ADT23": 15763, "AWDT23": 16836, "RT1_NB": 0, "RT1_SB": 0, "RT2_NB": 0, "RT2_SB": 0, "RT5_EB": 0, "RT5_WB": 0, "RT8_EB": 0, "RT8_WB": 0, "RT10_NB": 0, "RT10_SB": 0, "RT11_EB": 0, "RT11_WB": 0, "RT16_EB": 0, "RT16_WB": 0, "RT31_NB": 0, "RT31_SB": 0, "RT36": 0, "RT50_NB": 0, "RT50_SB": 0, "RT51_NB": 0, "RT51_SB": 0, "RT53_NB": 0, "RT53_SB": 0, "RT54_EB": 60, "RT54_WB": 49, "RT66_EB": 0, "RT66_WB": 0, "RT97_EB": 0, "RT97_WB": 0, "RT140_NB": 0, "RT140_SB": 0, "RT141_NB": 0, "RT141_SB": 0, "RT155_NB": 0, "RT155_SB": 0, "RT157_NB": 0, "RT157_SB": 0, "RT198_NB": 0, "RT198_SB": 0, "RT766_EB": 0, "RT766_WB": 0, "RT777_EB": 0, "RT777_WB": 0, "AWDT23*1.2": 20203, "Total_Users": 20312, "TransitUsersTTL": 109, "TrnstModeShare": 0.54 }, "geometry": { "type": "MultiLineString", "coordinates": [ [ [ -106.691797881151629, 35.066234858643426 ], [ -106.690249087683128, 35.065959999739817 ], [ -106.690085560062116, 35.065930977679479 ], [ -106.687953197983191, 35.065552516959748 ], [ -106.686867523206971, 35.065362899651916 ], [ -106.686483905482831, 35.065308445503895 ], [ -106.686460234330482, 35.06530580197893 ], [ -106.685851384773713, 35.065237808521083 ], [ -106.685155871572476, 35.065206865350092 ], [ -106.683848779696518, 35.065125342356723 ], [ -106.68266844584565, 35.065062458618556 ], [ -106.681771097450493, 35.065034116986944 ], [ -106.681600015749225, 35.065033367366823 ] ] ] } },
{ "type": "Feature", "properties": { "fid": 2053, "OBJECTID": 2053, "COGID": 26252, "RTE": "CARLISLE", "LOCAT": " NORTH OF PARKLAND - SOUTH OF RIDGECREST", "LENGTH": 3026.165, "MILES": 0.57300001382827759, "ADT22": 4670, "AWDT22": 4995, "Shape_Length": 3084.1727645317824, "ADT23": 4908, "AWDT23": 5250, "RT1_NB": 0, "RT1_SB": 0, "RT2_NB": 0, "RT2_SB": 0, "RT5_EB": 0, "RT5_WB": 0, "RT8_EB": 0, "RT8_WB": 0, "RT10_NB": 0, "RT10_SB": 0, "RT11_EB": 0, "RT11_WB": 0, "RT16_EB": 43, "RT16_WB": 43, "RT31_NB": 0, "RT31_SB": 0, "RT36": 0, "RT50_NB": 0, "RT50_SB": 0, "RT51_NB": 0, "RT51_SB": 0, "RT53_NB": 0, "RT53_SB": 0, "RT54_EB": 0, "RT54_WB": 0, "RT66_EB": 0, "RT66_WB": 0, "RT97_EB": 0, "RT97_WB": 0, "RT140_NB": 0, "RT140_SB": 0, "RT141_NB": 0, "RT141_SB": 0, "RT155_NB": 0, "RT155_SB": 0, "RT157_NB": 0, "RT157_SB": 0, "RT198_NB": 0, "RT198_SB": 0, "RT766_EB": 0, "RT766_WB": 0, "RT777_EB": 0, "RT777_WB": 0, "AWDT23*1.2": 6300, "Total_Users": 6386, "TransitUsersTTL": 86, "TrnstModeShare": 1.35 }, "geometry": { "type": "MultiLineString", "coordinates": [ [ [ -106.604282905232651, 35.064714359875246 ], [ -106.604282065250501, 35.064824712514984 ], [ -106.604276179506655, 35.065599888933832 ], [ -106.604282616416924, 35.065692989836286 ], [ -106.604301219982887, 35.065764971901153 ], [ -106.604405388560039, 35.066052008186574 ], [ -106.604450192767558, 35.066169496784376 ], [ -106.604467164759114, 35.06621400444574 ], [ -106.604494041577738, 35.066345693793487 ], [ -106.604506486341222, 35.066888207001483 ], [ -106.604506483448361, 35.066888552268246 ], [ -106.604495097814834, 35.068215000242311 ], [ -106.604495093872231, 35.068215356329574 ], [ -106.604484359063221, 35.070020246075408 ], [ -106.60446829017333, 35.071795324366761 ], [ -106.604468725528335, 35.071836161801556 ], [ -106.604476341541456, 35.072549662557897 ], [ -106.60448624799244, 35.072785624199994 ], [ -106.604547096902451, 35.07316094097289 ] ] ] } },
{ "type": "Feature", "properties": { "fid": 2059, "OBJECTID": 2059, "COGID": 26276, "RTE": "EUBANK", "LOCAT": "NORTH OF EUBANK GATE - SOUTH OF SOUTHERN", "LENGTH": 3401.728, "MILES": 0.64399999380111694, "ADT22": 24366, "AWDT22": 26334, "Shape_Length": 3299.8214174188115, "ADT23": 25915, "AWDT23": 27678, "RT1_NB": 0, "RT1_SB": 0, "RT2_NB": 10, "RT2_SB": 9, "RT5_EB": 0, "RT5_WB": 0, "RT8_EB": 0, "RT8_WB": 0, "RT10_NB": 0, "RT10_SB": 0, "RT11_EB": 0, "RT11_WB": 0, "RT16_EB": 0, "RT16_WB": 0, "RT31_NB": 0, "RT31_SB": 0, "RT36": 0, "RT50_NB": 0, "RT50_SB": 0, "RT51_NB": 0, "RT51_SB": 0, "RT53_NB": 0, "RT53_SB": 0, "RT54_EB": 0, "RT54_WB": 0, "RT66_EB": 0, "RT66_WB": 0, "RT97_EB": 0, "RT97_WB": 0, "RT140_NB": 0, "RT140_SB": 0, "RT141_NB": 0, "RT141_SB": 0, "RT155_NB": 0, "RT155_SB": 0, "RT157_NB": 0, "RT157_SB": 0, "RT198_NB": 0, "RT198_SB": 0, "RT766_EB": 0, "RT766_WB": 0, "RT777_EB": 0, "RT777_WB": 0, "AWDT23*1.2": 33214, "Total_Users": 33233, "TransitUsersTTL": 19, "TrnstModeShare": 0.06 }, "geometry": { "type": "MultiLineString", "coordinates": [ [ [ -106.532658308161714, 35.057983566614723 ], [ -106.532632912340929, 35.060551297811536 ], [ -106.532632682266708, 35.060574566854768 ], [ -106.532539822283184, 35.06521963320553 ], [ -106.532537270112513, 35.065347306639957 ], [ -106.532550767552692, 35.065848938643363 ], [ -106.532532307898336, 35.067049359426314 ] ] ] } },
{ "type": "Feature", "properties": { "fid": 2071, "OBJECTID": 2071, "COGID": 26299, "RTE": "CARLISLE", "LOCAT": "NORTH OF RIDGECREST - SOUTH OF GARFIELD", "LENGTH": 210.125, "MILES": 0.039999999105930328, "ADT22": 6880, "AWDT22": 7359, "Shape_Length": 173.06416886914144, "ADT23": 7231, "AWDT23": 7735, "RT1_NB": 0, "RT1_SB": 0, "RT2_NB": 0, "RT2_SB": 0, "RT5_EB": 0, "RT5_WB": 0, "RT8_EB": 0, "RT8_WB": 0, "RT10_NB": 0, "RT10_SB": 0, "RT11_EB": 0, "RT11_WB": 0, "RT16_EB": 44, "RT16_WB": 43, "RT31_NB": 0, "RT31_SB": 0, "RT36": 0, "RT50_NB": 0, "RT50_SB": 0, "RT51_NB": 0, "RT51_SB": 0, "RT53_NB": 0, "RT53_SB": 0, "RT54_EB": 0, "RT54_WB": 0, "RT66_EB": 0, "RT66_WB": 0, "RT97_EB": 0, "RT97_WB": 0, "RT140_NB": 0, "RT140_SB": 0, "RT141_NB": 0, "RT141_SB": 0, "RT155_NB": 0, "RT155_SB": 0, "RT157_NB": 0, "RT157_SB": 0, "RT198_NB": 0, "RT198_SB": 0, "RT766_EB": 0, "RT766_WB": 0, "RT777_EB": 0, "RT777_WB": 0, "AWDT23*1.2": 9282, "Total_Users": 9369, "TransitUsersTTL": 87, "TrnstModeShare": 0.93 }, "geometry": { "type": "MultiLineString", "coordinates": [ [ [ -106.604547096902451, 35.07316094097289 ], [ -106.604561211427594, 35.073636315395255 ] ] ] } },
{ "type": "Feature", "properties": { "fid": 2079, "OBJECTID": 2079, "COGID": 26332, "RTE": "OLD COORS RD.", "LOCAT": " NORTH OF SAGE - SOUTH OF BRIDGE", "LENGTH": 2550.633, "MILES": 0.4830000102519989, "ADT22": 9377, "AWDT22": 9936, "Shape_Length": 2567.9057226855471, "ADT23": 9522, "AWDT23": 10244, "RT1_NB": 0, "RT1_SB": 0, "RT2_NB": 0, "RT2_SB": 0, "RT5_EB": 0, "RT5_WB": 0, "RT8_EB": 0, "RT8_WB": 0, "RT10_NB": 0, "RT10_SB": 0, "RT11_EB": 0, "RT11_WB": 0, "RT16_EB": 0, "RT16_WB": 0, "RT31_NB": 0, "RT31_SB": 0, "RT36": 0, "RT50_NB": 0, "RT50_SB": 0, "RT51_NB": 0, "RT51_SB": 0, "RT53_NB": 0, "RT53_SB": 0, "RT54_EB": 51, "RT54_WB": 44, "RT66_EB": 0, "RT66_WB": 0, "RT97_EB": 0, "RT97_WB": 0, "RT140_NB": 0, "RT140_SB": 0, "RT141_NB": 0, "RT141_SB": 0, "RT155_NB": 0, "RT155_SB": 0, "RT157_NB": 0, "RT157_SB": 0, "RT198_NB": 0, "RT198_SB": 0, "RT766_EB": 0, "RT766_WB": 0, "RT777_EB": 0, "RT777_WB": 0, "AWDT23*1.2": 12293, "Total_Users": 12388, "TransitUsersTTL": 95, "TrnstModeShare": 0.77 }, "geometry": { "type": "MultiLineString", "coordinates": [ [ [ -106.703536407000897, 35.06118412976835 ], [ -106.703129231367654, 35.06228213688393 ], [ -106.702825297754956, 35.063067721312329 ], [ -106.702521356212117, 35.063853306732888 ], [ -106.70221039704613, 35.064654715463845 ], [ -106.702008402107239, 35.065194337032949 ], [ -106.70200826922057, 35.065194694504065 ], [ -106.701507322689835, 35.066468373339156 ], [ -106.701202100371944, 35.067253273873973 ], [ -106.70096102663878, 35.067914301568806 ] ] ] } },
{ "type": "Feature", "properties": { "fid": 2082, "OBJECTID": 2082, "COGID": 26339, "RTE": "COORS", "LOCAT": "NORTH OF SAGE - SOUTH OF TOWER", "LENGTH": 2262.346, "MILES": 0.42800000309944153, "ADT22": 18425, "AWDT22": 19838, "Shape_Length": 2225.2582724002241, "ADT23": 18996, "AWDT23": 20453, "RT1_NB": 0, "RT1_SB": 0, "RT2_NB": 0, "RT2_SB": 0, "RT5_EB": 0, "RT5_WB": 0, "RT8_EB": 0, "RT8_WB": 0, "RT10_NB": 0, "RT10_SB": 0, "RT11_EB": 0, "RT11_WB": 0, "RT16_EB": 0, "RT16_WB": 0, "RT31_NB": 0, "RT31_SB": 0, "RT36": 0, "RT50_NB": 0, "RT50_SB": 0, "RT51_NB": 0, "RT51_SB": 0, "RT53_NB": 0, "RT53_SB": 0, "RT54_EB": 0, "RT54_WB": 0, "RT66_EB": 0, "RT66_WB": 0, "RT97_EB": 0, "RT97_WB": 0, "RT140_NB": 0, "RT140_SB": 0, "RT141_NB": 0, "RT141_SB": 0, "RT155_NB": 69, "RT155_SB": 70, "RT157_NB": 0, "RT157_SB": 0, "RT198_NB": 0, "RT198_SB": 0, "RT766_EB": 0, "RT766_WB": 0, "RT777_EB": 0, "RT777_WB": 0, "AWDT23*1.2": 24544, "Total_Users": 24683, "TransitUsersTTL": 139, "TrnstModeShare": 0.56 }, "geometry": { "type": "MultiLineString", "coordinates": [ [ [ -106.707903594602655, 35.060313630261142 ], [ -106.708040683784702, 35.06069526007964 ], [ -106.708843296715386, 35.062609848565749 ], [ -106.709083898046202, 35.063207068464003 ], [ -106.709377217600775, 35.063935137069684 ], [ -106.710263158787953, 35.066111444691074 ] ] ] } },
{ "type": "Feature", "properties": { "fid": 2084, "OBJECTID": 2084, "COGID": 26344, "RTE": "BROADWAY", "LOCAT": " NORTH OF GIBSON - SOUTH OF AVENIDA CESAR CHAVEZ", "LENGTH": 3178.698, "MILES": 0.60199999809265137, "ADT22": 15454, "AWDT22": 16640, "Shape_Length": 3155.7567964114105, "ADT23": 17326, "AWDT23": 18656, "RT1_NB": 0, "RT1_SB": 0, "RT2_NB": 0, "RT2_SB": 0, "RT5_EB": 0, "RT5_WB": 0, "RT8_EB": 0, "RT8_WB": 0, "RT10_NB": 0, "RT10_SB": 0, "RT11_EB": 0, "RT11_WB": 0, "RT16_EB": 10, "RT16_WB": 7, "RT31_NB": 0, "RT31_SB": 0, "RT36": 0, "RT50_NB": 0, "RT50_SB": 0, "RT51_NB": 0, "RT51_SB": 0, "RT53_NB": 0, "RT53_SB": 0, "RT54_EB": 0, "RT54_WB": 0, "RT66_EB": 0, "RT66_WB": 0, "RT97_EB": 0, "RT97_WB": 0, "RT140_NB": 0, "RT140_SB": 0, "RT141_NB": 0, "RT141_SB": 0, "RT155_NB": 0, "RT155_SB": 0, "RT157_NB": 0, "RT157_SB": 0, "RT198_NB": 0, "RT198_SB": 0, "RT766_EB": 0, "RT766_WB": 0, "RT777_EB": 0, "RT777_WB": 0, "AWDT23*1.2": 22387, "Total_Users": 22404, "TransitUsersTTL": 17, "TrnstModeShare": 0.08 }, "geometry": { "type": "MultiLineString", "coordinates": [ [ [ -106.645285252152462, 35.061000259304599 ], [ -106.645308339836305, 35.06189677240797 ], [ -106.645341201363578, 35.062872692605175 ], [ -106.645380342587998, 35.064045260277339 ], [ -106.645434944407242, 35.065680480510039 ], [ -106.645434943883842, 35.065680826671034 ], [ -106.64547266307909, 35.066658862322633 ], [ -106.645514970672679, 35.067635512626786 ], [ -106.645514971237418, 35.067635856981205 ], [ -106.645527260065208, 35.068624280663677 ], [ -106.645568275776824, 35.0696677507513 ] ] ] } },
{ "type": "Feature", "properties": { "fid": 2087, "OBJECTID": 2087, "COGID": 26356, "RTE": "COORS", "LOCAT": "NORTH OF TOWER - SOUTH OF BRIDGE", "LENGTH": 1399.392, "MILES": 0.26499998569488525, "ADT22": 19032, "AWDT22": 20569, "Shape_Length": 1445.2058743608982, "ADT23": 19856, "AWDT23": 21207, "RT1_NB": 0, "RT1_SB": 0, "RT2_NB": 0, "RT2_SB": 0, "RT5_EB": 0, "RT5_WB": 0, "RT8_EB": 0, "RT8_WB": 0, "RT10_NB": 0, "RT10_SB": 0, "RT11_EB": 0, "RT11_WB": 0, "RT16_EB": 0, "RT16_WB": 0, "RT31_NB": 0, "RT31_SB": 0, "RT36": 0, "RT50_NB": 0, "RT50_SB": 0, "RT51_NB": 0, "RT51_SB": 0, "RT53_NB": 0, "RT53_SB": 0, "RT54_EB": 0, "RT54_WB": 0, "RT66_EB": 0, "RT66_WB": 0, "RT97_EB": 0, "RT97_WB": 0, "RT140_NB": 0, "RT140_SB": 0, "RT141_NB": 0, "RT141_SB": 0, "RT155_NB": 70, "RT155_SB": 72, "RT157_NB": 0, "RT157_SB": 0, "RT198_NB": 0, "RT198_SB": 0, "RT766_EB": 0, "RT766_WB": 0, "RT777_EB": 0, "RT777_WB": 0, "AWDT23*1.2": 25448, "Total_Users": 25590, "TransitUsersTTL": 142, "TrnstModeShare": 0.55 }, "geometry": { "type": "MultiLineString", "coordinates": [ [ [ -106.710263158787953, 35.066111444691074 ], [ -106.710716963918514, 35.067232062330135 ], [ -106.71180261033264, 35.06987517777425 ] ] ] } },
{ "type": "Feature", "properties": { "fid": 2096, "OBJECTID": 2096, "COGID": 26432, "RTE": "UNIVERSITY", "LOCAT": " NORTH OF GIBSON - SOUTH OF AVENIDA CESAR CHAVEZ", "LENGTH": 3716.876, "MILES": 0.70399999618530273, "ADT22": 7346, "AWDT22": 7856, "Shape_Length": 3710.932897301881, "ADT23": 8175, "AWDT23": 8795, "RT1_NB": 0, "RT1_SB": 0, "RT2_NB": 0, "RT2_SB": 0, "RT5_EB": 0, "RT5_WB": 0, "RT8_EB": 0, "RT8_WB": 0, "RT10_NB": 0, "RT10_SB": 0, "RT11_EB": 0, "RT11_WB": 0, "RT16_EB": 41, "RT16_WB": 42, "RT31_NB": 0, "RT31_SB": 0, "RT36": 0, "RT50_NB": 0, "RT50_SB": 0, "RT51_NB": 0, "RT51_SB": 0, "RT53_NB": 0, "RT53_SB": 0, "RT54_EB": 0, "RT54_WB": 0, "RT66_EB": 0, "RT66_WB": 0, "RT97_EB": 0, "RT97_WB": 0, "RT140_NB": 0, "RT140_SB": 0, "RT141_NB": 0, "RT141_SB": 0, "RT155_NB": 0, "RT155_SB": 0, "RT157_NB": 0, "RT157_SB": 0, "RT198_NB": 0, "RT198_SB": 0, "RT766_EB": 0, "RT766_WB": 0, "RT777_EB": 0, "RT777_WB": 0, "AWDT23*1.2": 10554, "Total_Users": 10637, "TransitUsersTTL": 83, "TrnstModeShare": 0.78 }, "geometry": { "type": "MultiLineString", "coordinates": [ [ [ -106.630764250340007, 35.058531832262723 ], [ -106.630751186279596, 35.058699184786484 ], [ -106.630747783953197, 35.058742775553412 ], [ -106.630758686211507, 35.059207616017261 ], [ -106.630884540555911, 35.059593749852141 ], [ -106.630890828585308, 35.059606622759162 ], [ -106.630973005832161, 35.059774835459478 ], [ -106.631222526536803, 35.060152927968623 ], [ -106.631376535770016, 35.060368000451277 ], [ -106.631438270337995, 35.060454210168203 ], [ -106.631619688482999, 35.06080787999786 ], [ -106.631706326409457, 35.06119354937816 ], [ -106.631730623949693, 35.062297289675264 ], [ -106.631727277078085, 35.062340933454145 ], [ -106.631716028235246, 35.062487643194636 ], [ -106.631680200812568, 35.062954914607403 ], [ -106.631602132037457, 35.063345929378997 ], [ -106.631440539531113, 35.063777151233381 ], [ -106.631422975278866, 35.063824020944665 ], [ -106.63112881579552, 35.064409414389687 ], [ -106.63094521159671, 35.064932152102081 ], [ -106.630870681536024, 35.065717209093236 ], [ -106.630864217312833, 35.066387844855839 ], [ -106.630894043326549, 35.068461953604171 ] ] ] } },
{ "type": "Feature", "properties": { "fid": 2099, "OBJECTID": 2099, "COGID": 26444, "RTE": "YALE", "LOCAT": " NORTH OF GIBSON - SOUTH OF AVENIDA CESAR CHAVEZ", "LENGTH": 4046.303, "MILES": 0.76599997282028198, "ADT22": 8431, "AWDT22": 8934, "Shape_Length": 4045.8367719250159, "ADT23": 8728, "AWDT23": 9390, "RT1_NB": 0, "RT1_SB": 0, "RT2_NB": 0, "RT2_SB": 0, "RT5_EB": 0, "RT5_WB": 0, "RT8_EB": 0, "RT8_WB": 0, "RT10_NB": 0, "RT10_SB": 0, "RT11_EB": 0, "RT11_WB": 0, "RT16_EB": 41, "RT16_WB": 31, "RT31_NB": 0, "RT31_SB": 0, "RT36": 0, "RT50_NB": 69, "RT50_SB": 63, "RT51_NB": 0, "RT51_SB": 0, "RT53_NB": 0, "RT53_SB": 0, "RT54_EB": 0, "RT54_WB": 0, "RT66_EB": 0, "RT66_WB": 0, "RT97_EB": 0, "RT97_WB": 0, "RT140_NB": 0, "RT140_SB": 0, "RT141_NB": 0, "RT141_SB": 0, "RT155_NB": 0, "RT155_SB": 0, "RT157_NB": 0, "RT157_SB": 0, "RT198_NB": 0, "RT198_SB": 0, "RT766_EB": 0, "RT766_WB": 0, "RT777_EB": 0, "RT777_WB": 0, "AWDT23*1.2": 11268, "Total_Users": 11472, "TransitUsersTTL": 204, "TrnstModeShare": 1.78 }, "geometry": { "type": "MultiLineString", "coordinates": [ [ [ -106.622046007478716, 35.069566059943334 ], [ -106.622035169170431, 35.068473002863506 ], [ -106.622030049951945, 35.067715505345795 ], [ -106.622022757696129, 35.067088961863206 ], [ -106.622020356378755, 35.065927084646098 ], [ -106.622019900025151, 35.065706401184414 ], [ -106.622016150446967, 35.065276524800517 ], [ -106.622012675722161, 35.064878217484228 ], [ -106.622005694888259, 35.064136035580773 ], [ -106.621988882072387, 35.062348575876236 ], [ -106.621980631731333, 35.061471397016014 ], [ -106.621981010614235, 35.061439149801707 ], [ -106.622000680810928, 35.059767684337366 ], [ -106.622014239623297, 35.058615378940956 ], [ -106.622016186173667, 35.058449944540214 ] ] ] } },
{ "type": "Feature", "properties": { "fid": 2100, "OBJECTID": 2100, "COGID": 26448, "RTE": "GIBSON", "LOCAT": " EAST OF UNIVERSITY - WEST OF YALE", "LENGTH": 2628.521, "MILES": 0.49799999594688416, "ADT22": 33263, "AWDT22": 35949, "Shape_Length": 2619.4021822740751, "ADT23": 35376, "AWDT23": 37783, "RT1_NB": 0, "RT1_SB": 0, "RT2_NB": 0, "RT2_SB": 0, "RT5_EB": 0, "RT5_WB": 0, "RT8_EB": 0, "RT8_WB": 0, "RT10_NB": 0, "RT10_SB": 0, "RT11_EB": 0, "RT11_WB": 0, "RT16_EB": 39, "RT16_WB": 31, "RT31_NB": 0, "RT31_SB": 0, "RT36": 0, "RT50_NB": 0, "RT50_SB": 0, "RT51_NB": 0, "RT51_SB": 0, "RT53_NB": 0, "RT53_SB": 0, "RT54_EB": 0, "RT54_WB": 0, "RT66_EB": 0, "RT66_WB": 0, "RT97_EB": 0, "RT97_WB": 0, "RT140_NB": 0, "RT140_SB": 0, "RT141_NB": 0, "RT141_SB": 0, "RT155_NB": 0, "RT155_SB": 0, "RT157_NB": 0, "RT157_SB": 0, "RT198_NB": 0, "RT198_SB": 0, "RT766_EB": 0, "RT766_WB": 0, "RT777_EB": 0, "RT777_WB": 0, "AWDT23*1.2": 45340, "Total_Users": 45410, "TransitUsersTTL": 70, "TrnstModeShare": 0.15 }, "geometry": { "type": "MultiLineString", "coordinates": [ [ [ -106.630764250340007, 35.058531832262723 ], [ -106.629787351065914, 35.058453803131023 ], [ -106.629130351456908, 35.058441313273526 ], [ -106.627665879294028, 35.058441070420166 ], [ -106.627459566031973, 35.058441028359731 ], [ -106.626929971566668, 35.058440935292161 ], [ -106.625788779302667, 35.058440719535199 ], [ -106.624202384171895, 35.058443218497771 ], [ -106.623228743986047, 35.058446219859015 ], [ -106.623204519069148, 35.058446292587782 ], [ -106.622016186173667, 35.058449944540214 ] ] ] } },
{ "type": "Feature", "properties": { "fid": 2101, "OBJECTID": 2101, "COGID": 26451, "RTE": "GIRARD", "LOCAT": "NORTH OF THAXTON - SOUTH OF SANTA CLARA", "LENGTH": 2064.587, "MILES": 0.39100000262260437, "ADT22": 2661, "AWDT22": 2977, "Shape_Length": 2059.0115192772264, "ADT23": 2797, "AWDT23": 3129, "RT1_NB": 0, "RT1_SB": 0, "RT2_NB": 0, "RT2_SB": 0, "RT5_EB": 0, "RT5_WB": 0, "RT8_EB": 0, "RT8_WB": 0, "RT10_NB": 0, "RT10_SB": 0, "RT11_EB": 0, "RT11_WB": 0, "RT16_EB": 44, "RT16_WB": 30, "RT31_NB": 0, "RT31_SB": 0, "RT36": 0, "RT50_NB": 0, "RT50_SB": 0, "RT51_NB": 0, "RT51_SB": 0, "RT53_NB": 0, "RT53_SB": 0, "RT54_EB": 0, "RT54_WB": 0, "RT66_EB": 0, "RT66_WB": 0, "RT97_EB": 0, "RT97_WB": 0, "RT140_NB": 0, "RT140_SB": 0, "RT141_NB": 0, "RT141_SB": 0, "RT155_NB": 0, "RT155_SB": 0, "RT157_NB": 0, "RT157_SB": 0, "RT198_NB": 0, "RT198_SB": 0, "RT766_EB": 0, "RT766_WB": 0, "RT777_EB": 0, "RT777_WB": 0, "AWDT23*1.2": 3755, "Total_Users": 3829, "TransitUsersTTL": 74, "TrnstModeShare": 1.93 }, "geometry": { "type": "MultiLineString", "coordinates": [ [ [ -106.613171611228708, 35.063270394345594 ], [ -106.613184164047098, 35.063553426282198 ], [ -106.6131848885925, 35.065047796908999 ], [ -106.613184890686526, 35.065052230271817 ], [ -106.61318270930208, 35.06548527544355 ], [ -106.613182712496297, 35.065485996600124 ], [ -106.61318491971069, 35.066089760159478 ], [ -106.613184944119425, 35.066096508397735 ], [ -106.61318828155099, 35.066383626155435 ], [ -106.613190203294508, 35.066467720979084 ], [ -106.613202464331692, 35.066553058601407 ], [ -106.613228469899383, 35.066644028835739 ], [ -106.613280925842147, 35.066784279149161 ], [ -106.613283008489333, 35.066789843918606 ], [ -106.613343621258068, 35.066930659323511 ], [ -106.613355828731258, 35.067004105057173 ], [ -106.613364033711719, 35.067106868258307 ], [ -106.613359372234896, 35.067509022361648 ], [ -106.613359294348712, 35.067515693379384 ], [ -106.613358312611098, 35.067735290426114 ], [ -106.61335791429434, 35.067824285288268 ], [ -106.613355148672127, 35.068219048926885 ], [ -106.613350318610074, 35.068908261679248 ] ] ] } },
{ "type": "Feature", "properties": { "fid": 2104, "OBJECTID": 2104, "COGID": 26460, "RTE": "SAN MATEO", "LOCAT": " NORTH OF GIBSON - SOUTH OF KATHRYN", "LENGTH": 2644.694, "MILES": 0.50099998712539673, "ADT22": 10294, "AWDT22": 11125, "Shape_Length": 2649.1608119103894, "ADT23": 10948, "AWDT23": 11693, "RT1_NB": 0, "RT1_SB": 0, "RT2_NB": 0, "RT2_SB": 0, "RT5_EB": 0, "RT5_WB": 0, "RT8_EB": 0, "RT8_WB": 0, "RT10_NB": 0, "RT10_SB": 0, "RT11_EB": 0, "RT11_WB": 0, "RT16_EB": 0, "RT16_WB": 0, "RT31_NB": 0, "RT31_SB": 0, "RT36": 0, "RT50_NB": 0, "RT50_SB": 0, "RT51_NB": 0, "RT51_SB": 0, "RT53_NB": 0, "RT53_SB": 0, "RT54_EB": 0, "RT54_WB": 0, "RT66_EB": 0, "RT66_WB": 0, "RT97_EB": 0, "RT97_WB": 0, "RT140_NB": 156, "RT140_SB": 38, "RT141_NB": 173, "RT141_SB": 122, "RT155_NB": 0, "RT155_SB": 0, "RT157_NB": 0, "RT157_SB": 0, "RT198_NB": 0, "RT198_SB": 0, "RT766_EB": 0, "RT766_WB": 0, "RT777_EB": 0, "RT777_WB": 0, "AWDT23*1.2": 14032, "Total_Users": 14521, "TransitUsersTTL": 489, "TrnstModeShare": 3.37 }, "geometry": { "type": "MultiLineString", "coordinates": [ [ [ -106.586474788507246, 35.058348003588641 ], [ -106.58655924868664, 35.058533451030506 ], [ -106.586546068575174, 35.058881263477545 ], [ -106.586434679910596, 35.060178734709709 ], [ -106.586390942009061, 35.060619348685179 ], [ -106.586380225223152, 35.060996758988558 ], [ -106.586351236652106, 35.061974311346823 ], [ -106.58635078888274, 35.061989437268579 ], [ -106.586332348343348, 35.063775439000985 ], [ -106.586331963521346, 35.063793885717899 ], [ -106.586294151136116, 35.065608764766083 ] ] ] } },
{ "type": "Feature", "properties": { "fid": 2105, "OBJECTID": 2105, "COGID": 26464, "RTE": "CARLISLE", "LOCAT": " NORTH OF GIBSON - SOUTH OF PARKLAND", "LENGTH": 2354.983, "MILES": 0.44600000977516174, "ADT22": 5035, "AWDT22": 5386, "Shape_Length": 2352.5509532843394, "ADT23": 5292, "AWDT23": 5661, "RT1_NB": 0, "RT1_SB": 0, "RT2_NB": 0, "RT2_SB": 0, "RT5_EB": 0, "RT5_WB": 0, "RT8_EB": 0, "RT8_WB": 0, "RT10_NB": 0, "RT10_SB": 0, "RT11_EB": 0, "RT11_WB": 0, "RT16_EB": 38, "RT16_WB": 39, "RT31_NB": 0, "RT31_SB": 0, "RT36": 0, "RT50_NB": 0, "RT50_SB": 0, "RT51_NB": 0, "RT51_SB": 0, "RT53_NB": 0, "RT53_SB": 0, "RT54_EB": 0, "RT54_WB": 0, "RT66_EB": 0, "RT66_WB": 0, "RT97_EB": 0, "RT97_WB": 0, "RT140_NB": 0, "RT140_SB": 0, "RT141_NB": 0, "RT141_SB": 0, "RT155_NB": 0, "RT155_SB": 0, "RT157_NB": 0, "RT157_SB": 0, "RT198_NB": 0, "RT198_SB": 0, "RT766_EB": 0, "RT766_WB": 0, "RT777_EB": 0, "RT777_WB": 0, "AWDT23*1.2": 6793, "Total_Users": 6870, "TransitUsersTTL": 77, "TrnstModeShare": 1.12 }, "geometry": { "type": "MultiLineString", "coordinates": [ [ [ -106.604296636344884, 35.058250550934673 ], [ -106.604310484730036, 35.059245558013892 ], [ -106.604310254959458, 35.059274847985591 ], [ -106.604303192111772, 35.060174918448872 ], [ -106.604303190363083, 35.060175021220289 ], [ -106.604297243083067, 35.061096050810569 ], [ -106.604291433835769, 35.061996001956132 ], [ -106.604288796203718, 35.06291368079934 ], [ -106.604290326757422, 35.06365416391381 ], [ -106.604291026470804, 35.063816620867534 ], [ -106.604282905232651, 35.064714359875246 ] ] ] } },
{ "type": "Feature", "properties": { "fid": 2107, "OBJECTID": 2107, "COGID": 26472, "RTE": "SAN PEDRO", "LOCAT": " NORTH OF GIBSON - SOUTH OF KATHRYN", "LENGTH": 2638.075, "MILES": 0.5, "ADT22": 5488, "AWDT22": 6053, "Shape_Length": 2624.4363037807648, "ADT23": 5913, "AWDT23": 6362, "RT1_NB": 0, "RT1_SB": 0, "RT2_NB": 0, "RT2_SB": 0, "RT5_EB": 0, "RT5_WB": 0, "RT8_EB": 0, "RT8_WB": 0, "RT10_NB": 0, "RT10_SB": 0, "RT11_EB": 0, "RT11_WB": 0, "RT16_EB": 0, "RT16_WB": 0, "RT31_NB": 0, "RT31_SB": 0, "RT36": 0, "RT50_NB": 0, "RT50_SB": 0, "RT51_NB": 0, "RT51_SB": 0, "RT53_NB": 0, "RT53_SB": 0, "RT54_EB": 0, "RT54_WB": 0, "RT66_EB": 0, "RT66_WB": 0, "RT97_EB": 0, "RT97_WB": 0, "RT140_NB": 0, "RT140_SB": 0, "RT141_NB": 0, "RT141_SB": 0, "RT155_NB": 0, "RT155_SB": 0, "RT157_NB": 40, "RT157_SB": 10, "RT198_NB": 0, "RT198_SB": 0, "RT766_EB": 0, "RT766_WB": 0, "RT777_EB": 0, "RT777_WB": 0, "AWDT23*1.2": 7634, "Total_Users": 7684, "TransitUsersTTL": 50, "TrnstModeShare": 0.65 }, "geometry": { "type": "MultiLineString", "coordinates": [ [ [ -106.577605651889314, 35.058291878984512 ], [ -106.577583420730207, 35.060099851708458 ], [ -106.577583407610632, 35.060100958736314 ], [ -106.577548047581871, 35.061908562519108 ], [ -106.577548038407841, 35.061909010569188 ], [ -106.577522180981418, 35.063719998369699 ], [ -106.577522008680333, 35.063732034215128 ], [ -106.5775025607186, 35.064611236433002 ], [ -106.577522763634093, 35.065502129755835 ] ] ] } },
{ "type": "Feature", "properties": { "fid": 2108, "OBJECTID": 2108, "COGID": 26476, "RTE": "GIBSON", "LOCAT": " EAST OF SAN MATEO - WEST OF SAN PEDRO", "LENGTH": 2654.87, "MILES": 0.50300002098083496, "ADT22": 20402, "AWDT22": 22050, "Shape_Length": 2654.8516577965934, "ADT23": 21699, "AWDT23": 23175, "RT1_NB": 0, "RT1_SB": 0, "RT2_NB": 0, "RT2_SB": 0, "RT5_EB": 0, "RT5_WB": 0, "RT8_EB": 0, "RT8_WB": 0, "RT10_NB": 0, "RT10_SB": 0, "RT11_EB": 0, "RT11_WB": 0, "RT16_EB": 20, "RT16_WB": 30, "RT31_NB": 0, "RT31_SB": 0, "RT36": 0, "RT50_NB": 0, "RT50_SB": 0, "RT51_NB": 0, "RT51_SB": 0, "RT53_NB": 0, "RT53_SB": 0, "RT54_EB": 0, "RT54_WB": 0, "RT66_EB": 0, "RT66_WB": 0, "RT97_EB": 0, "RT97_WB": 0, "RT140_NB": 0, "RT140_SB": 0, "RT141_NB": 0, "RT141_SB": 0, "RT155_NB": 0, "RT155_SB": 0, "RT157_NB": 0, "RT157_SB": 0, "RT198_NB": 0, "RT198_SB": 0, "RT766_EB": 0, "RT766_WB": 0, "RT777_EB": 0, "RT777_WB": 0, "AWDT23*1.2": 27810, "Total_Users": 27860, "TransitUsersTTL": 50, "TrnstModeShare": 0.18 }, "geometry": { "type": "MultiLineString", "coordinates": [ [ [ -106.586474788507246, 35.058348003588641 ], [ -106.586015461396059, 35.058376899306353 ], [ -106.5853431673616, 35.058381455043119 ], [ -106.585322378522747, 35.058381595444928 ], [ -106.58424891465431, 35.058364164304606 ], [ -106.583146160097812, 35.058346247006284 ], [ -106.583144068196276, 35.058346213988514 ], [ -106.580949395843163, 35.058322203654058 ], [ -106.579962750940481, 35.058311396559183 ], [ -106.579854988480633, 35.058310506016291 ], [ -106.577605651889314, 35.058291878984512 ] ] ] } },
{ "type": "Feature", "properties": { "fid": 2110, "OBJECTID": 2110, "COGID": 26480, "RTE": "GIBSON", "LOCAT": " EAST OF CARLISLE - WEST OF SAN MATEO", "LENGTH": 5343.589, "MILES": 1.0119999647140503, "ADT22": 28129, "AWDT22": 30401, "Shape_Length": 5337.5897680519874, "ADT23": 29916, "AWDT23": 31952, "RT1_NB": 0, "RT1_SB": 0, "RT2_NB": 0, "RT2_SB": 0, "RT5_EB": 0, "RT5_WB": 0, "RT8_EB": 0, "RT8_WB": 0, "RT10_NB": 0, "RT10_SB": 0, "RT11_EB": 0, "RT11_WB": 0, "RT16_EB": 35, "RT16_WB": 34, "RT31_NB": 0, "RT31_SB": 0, "RT36": 0, "RT50_NB": 0, "RT50_SB": 0, "RT51_NB": 0, "RT51_SB": 0, "RT53_NB": 0, "RT53_SB": 0, "RT54_EB": 0, "RT54_WB": 0, "RT66_EB": 0, "RT66_WB": 0, "RT97_EB": 0, "RT97_WB": 0, "RT140_NB": 0, "RT140_SB": 0, "RT141_NB": 0, "RT141_SB": 0, "RT155_NB": 0, "RT155_SB": 0, "RT157_NB": 0, "RT157_SB": 0, "RT198_NB": 0, "RT198_SB": 0, "RT766_EB": 0, "RT766_WB": 0, "RT777_EB": 0, "RT777_WB": 0, "AWDT23*1.2": 38342, "Total_Users": 38411, "TransitUsersTTL": 69, "TrnstModeShare": 0.18 }, "geometry": { "type": "MultiLineString", "coordinates": [ [ [ -106.604296636344884, 35.058250550934673 ], [ -106.601222491785222, 35.058233427567167 ], [ -106.597775914165851, 35.058214137683898 ], [ -106.595250075325822, 35.058214953296456 ], [ -106.593085101999563, 35.058215610314328 ], [ -106.590860963702326, 35.058216245312842 ], [ -106.590725962886196, 35.05821628292491 ], [ -106.588639752899425, 35.058211968885615 ], [ -106.587656315176289, 35.058209922612157 ], [ -106.587495206334808, 35.058209586680618 ], [ -106.586474788507246, 35.058348003588641 ] ] ] } },
{ "type": "Feature", "properties": { "fid": 2111, "OBJECTID": 2111, "COGID": 26488, "RTE": "LOUISIANA", "LOCAT": " NORTH OF GIBSON - SOUTH OF KATHRYN", "LENGTH": 2619.627, "MILES": 0.49599999189376831, "ADT22": 11624, "AWDT22": 12583, "Shape_Length": 2623.5490953768517, "ADT23": 12929, "AWDT23": 13809, "RT1_NB": 0, "RT1_SB": 0, "RT2_NB": 0, "RT2_SB": 0, "RT5_EB": 0, "RT5_WB": 0, "RT8_EB": 0, "RT8_WB": 0, "RT10_NB": 0, "RT10_SB": 0, "RT11_EB": 0, "RT11_WB": 0, "RT16_EB": 0, "RT16_WB": 7, "RT31_NB": 0, "RT31_SB": 0, "RT36": 0, "RT50_NB": 0, "RT50_SB": 0, "RT51_NB": 0, "RT51_SB": 0, "RT53_NB": 0, "RT53_SB": 0, "RT54_EB": 0, "RT54_WB": 0, "RT66_EB": 0, "RT66_WB": 0, "RT97_EB": 0, "RT97_WB": 0, "RT140_NB": 0, "RT140_SB": 0, "RT141_NB": 0, "RT141_SB": 0, "RT155_NB": 0, "RT155_SB": 0, "RT157_NB": 76, "RT157_SB": 73, "RT198_NB": 0, "RT198_SB": 0, "RT766_EB": 0, "RT766_WB": 0, "RT777_EB": 0, "RT777_WB": 0, "AWDT23*1.2": 16571, "Total_Users": 16727, "TransitUsersTTL": 156, "TrnstModeShare": 0.93 }, "geometry": { "type": "MultiLineString", "coordinates": [ [ [ -106.568824208701997, 35.058205514865939 ], [ -106.568776864841965, 35.0600364955949 ], [ -106.568747989761164, 35.061569368612197 ], [ -106.568743447532498, 35.061810538131944 ], [ -106.568743154723094, 35.061826031386602 ], [ -106.568712799008281, 35.063323201030869 ], [ -106.568711029748073, 35.063410444413208 ], [ -106.568706159221847, 35.063624735006364 ], [ -106.568677613990388, 35.064881060206972 ], [ -106.568666554766764, 35.065412901475135 ] ] ] } },
{ "type": "Feature", "properties": { "fid": 2112, "OBJECTID": 2112, "COGID": 26492, "RTE": "GIBSON", "LOCAT": " EAST OF SAN PEDRO - WEST OF LOUISIANA", "LENGTH": 2645.847, "MILES": 0.50099998712539673, "ADT22": 14874, "AWDT22": 16075, "Shape_Length": 2628.1608403114801, "ADT23": 15819, "AWDT23": 16895, "RT1_NB": 0, "RT1_SB": 0, "RT2_NB": 0, "RT2_SB": 0, "RT5_EB": 0, "RT5_WB": 0, "RT8_EB": 0, "RT8_WB": 0, "RT10_NB": 0, "RT10_SB": 0, "RT11_EB": 0, "RT11_WB": 0, "RT16_EB": 8, "RT16_WB": 11, "RT31_NB": 0, "RT31_SB": 0, "RT36": 0, "RT50_NB": 0, "RT50_SB": 0, "RT51_NB": 0, "RT51_SB": 0, "RT53_NB": 0, "RT53_SB": 0, "RT54_EB": 0, "RT54_WB": 0, "RT66_EB": 0, "RT66_WB": 0, "RT97_EB": 0, "RT97_WB": 0, "RT140_NB": 0, "RT140_SB": 0, "RT141_NB": 0, "RT141_SB": 0, "RT155_NB": 0, "RT155_SB": 0, "RT157_NB": 44, "RT157_SB": 48, "RT198_NB": 0, "RT198_SB": 0, "RT766_EB": 0, "RT766_WB": 0, "RT777_EB": 0, "RT777_WB": 0, "AWDT23*1.2": 20274, "Total_Users": 20385, "TransitUsersTTL": 111, "TrnstModeShare": 0.54 }, "geometry": { "type": "MultiLineString", "coordinates": [ [ [ -106.577605651889314, 35.058291878984512 ], [ -106.576553876588036, 35.058281572507497 ], [ -106.575459680165451, 35.058270839771325 ], [ -106.575410416498485, 35.058270356236051 ], [ -106.574356076176187, 35.058259187505037 ], [ -106.574326011810669, 35.058258868542175 ], [ -106.573262777278117, 35.058244064075183 ], [ -106.572174802295024, 35.058228904030351 ], [ -106.572157810708504, 35.058228667901034 ], [ -106.571047472533735, 35.058220821999335 ], [ -106.571047083329034, 35.058220818522095 ], [ -106.569924303115712, 35.058216586684189 ], [ -106.568824208701997, 35.058205514865939 ] ] ] } },
{ "type": "Feature", "properties": { "fid": 2118, "OBJECTID": 2118, "COGID": 26520, "RTE": "OLD COORS RD.", "LOCAT": " NORTHEAST OF COORS - SOUTH OF SAGE", "LENGTH": 2072.885, "MILES": 0.39300000667572021, "ADT22": 8165, "AWDT22": 8734, "Shape_Length": 1787.4658077644501, "ADT23": 8418, "AWDT23": 9005, "RT1_NB": 0, "RT1_SB": 0, "RT2_NB": 0, "RT2_SB": 0, "RT5_EB": 0, "RT5_WB": 0, "RT8_EB": 0, "RT8_WB": 0, "RT10_NB": 0, "RT10_SB": 0, "RT11_EB": 0, "RT11_WB": 0, "RT16_EB": 0, "RT16_WB": 0, "RT31_NB": 0, "RT31_SB": 0, "RT36": 0, "RT50_NB": 0, "RT50_SB": 0, "RT51_NB": 0, "RT51_SB": 0, "RT53_NB": 0, "RT53_SB": 0, "RT54_EB": 50, "RT54_WB": 42, "RT66_EB": 0, "RT66_WB": 0, "RT97_EB": 0, "RT97_WB": 0, "RT140_NB": 0, "RT140_SB": 0, "RT141_NB": 0, "RT141_SB": 0, "RT155_NB": 0, "RT155_SB": 0, "RT157_NB": 0, "RT157_SB": 0, "RT198_NB": 0, "RT198_SB": 0, "RT766_EB": 0, "RT766_WB": 0, "RT777_EB": 0, "RT777_WB": 0, "AWDT23*1.2": 10806, "Total_Users": 10898, "TransitUsersTTL": 92, "TrnstModeShare": 0.84 }, "geometry": { "type": "MultiLineString", "coordinates": [ [ [ -106.705775466000716, 35.056722332179405 ], [ -106.70559819311039, 35.056818645217355 ], [ -106.705343962600452, 35.057003252373434 ], [ -106.705262686741179, 35.057083018012108 ], [ -106.705184097345651, 35.057160144871609 ], [ -106.705027020756233, 35.057386057441526 ], [ -106.704835645457351, 35.05777167943311 ], [ -106.704432251187711, 35.058918614520096 ], [ -106.704162882117458, 35.059607220817078 ], [ -106.703859384674701, 35.060392809175909 ], [ -106.703536407000897, 35.06118412976835 ] ] ] } },
{ "type": "Feature", "properties": { "fid": 2120, "OBJECTID": 2120, "COGID": 26524, "RTE": "COORS", "LOCAT": " NORTHWEST OLD COORS RD. - SOUTH OF SAGE", "LENGTH": 1803.662, "MILES": 0.34200000762939453, "ADT22": 17935, "AWDT22": 19383, "Shape_Length": 1467.6170451497119, "ADT23": 18711, "AWDT23": 19984, "RT1_NB": 0, "RT1_SB": 0, "RT2_NB": 0, "RT2_SB": 0, "RT5_EB": 0, "RT5_WB": 0, "RT8_EB": 0, "RT8_WB": 0, "RT10_NB": 0, "RT10_SB": 0, "RT11_EB": 0, "RT11_WB": 0, "RT16_EB": 0, "RT16_WB": 0, "RT31_NB": 0, "RT31_SB": 0, "RT36": 0, "RT50_NB": 0, "RT50_SB": 0, "RT51_NB": 0, "RT51_SB": 0, "RT53_NB": 0, "RT53_SB": 0, "RT54_EB": 0, "RT54_WB": 0, "RT66_EB": 0, "RT66_WB": 0, "RT97_EB": 0, "RT97_WB": 0, "RT140_NB": 0, "RT140_SB": 0, "RT141_NB": 0, "RT141_SB": 0, "RT155_NB": 69, "RT155_SB": 68, "RT157_NB": 0, "RT157_SB": 0, "RT198_NB": 0, "RT198_SB": 0, "RT766_EB": 0, "RT766_WB": 0, "RT777_EB": 0, "RT777_WB": 0, "AWDT23*1.2": 23981, "Total_Users": 24118, "TransitUsersTTL": 137, "TrnstModeShare": 0.57 }, "geometry": { "type": "MultiLineString", "coordinates": [ [ [ -106.705775466000716, 35.056722332179405 ], [ -106.705899134716262, 35.057211055735394 ], [ -106.70598443055988, 35.057423009836093 ], [ -106.706139660920812, 35.057691943325402 ], [ -106.706309458054122, 35.057972746255196 ], [ -106.706505469487638, 35.05827253318467 ], [ -106.70718851759878, 35.059042734900665 ], [ -106.707442893538172, 35.059404310435497 ], [ -106.707679549693268, 35.059784172470593 ], [ -106.707903594602655, 35.060313630261142 ] ] ] } },
{ "type": "Feature", "properties": { "fid": 2122, "OBJECTID": 2122, "COGID": 26532, "RTE": "98TH STREET", "LOCAT": "NORTH OF TOWER - SOUTH OF CENTRAL", "LENGTH": 3299.548, "MILES": 0.625, "ADT22": 25039, "AWDT22": 27107, "Shape_Length": 3344.9151841385587, "ADT23": 25816, "AWDT23": 27948, "RT1_NB": 0, "RT1_SB": 0, "RT2_NB": 0, "RT2_SB": 0, "RT5_EB": 0, "RT5_WB": 0, "RT8_EB": 0, "RT8_WB": 0, "RT10_NB": 0, "RT10_SB": 0, "RT11_EB": 0, "RT11_WB": 0, "RT16_EB": 0, "RT16_WB": 0, "RT31_NB": 0, "RT31_SB": 0, "RT36": 0, "RT50_NB": 0, "RT50_SB": 0, "RT51_NB": 0, "RT51_SB": 0, "RT53_NB": 0, "RT53_SB": 0, "RT54_EB": 0, "RT54_WB": 36, "RT66_EB": 0, "RT66_WB": 0, "RT97_EB": 0, "RT97_WB": 0, "RT140_NB": 0, "RT140_SB": 0, "RT141_NB": 0, "RT141_SB": 0, "RT155_NB": 0, "RT155_SB": 0, "RT157_NB": 0, "RT157_SB": 0, "RT198_NB": 48, "RT198_SB": 43, "RT766_EB": 0, "RT766_WB": 0, "RT777_EB": 0, "RT777_WB": 0, "AWDT23*1.2": 33538, "Total_Users": 33665, "TransitUsersTTL": 127, "TrnstModeShare": 0.38 }, "geometry": { "type": "MultiLineString", "coordinates": [ [ [ -106.741757814287354, 35.063499220480551 ], [ -106.741768149796926, 35.064195377730712 ], [ -106.741724823705866, 35.064691350528484 ], [ -106.741635484144169, 35.0657140617095 ], [ -106.741636577512296, 35.065896776279317 ], [ -106.741778129141039, 35.06680052773315 ], [ -106.741778180473815, 35.066800860160932 ], [ -106.742135003697499, 35.069801031880651 ], [ -106.742135211781942, 35.069802452625872 ], [ -106.742185511484536, 35.070147197164722 ], [ -106.742514590696445, 35.071537452965124 ], [ -106.74267062112817, 35.072627881122948 ] ] ] } },
{ "type": "Feature", "properties": { "fid": 2123, "OBJECTID": 2123, "COGID": 26534, "RTE": "DEVARGAS RD.", "LOCAT": "EAST OF CERRILLOS RD. - WEST OF 98TH ST.", "LENGTH": 3133.608, "MILES": 0.59299999475479126, "ADT22": 7971, "AWDT22": 8792, "Shape_Length": 3142.0930787906077, "ADT23": 8426, "AWDT23": 9065, "RT1_NB": 0, "RT1_SB": 0, "RT2_NB": 0, "RT2_SB": 0, "RT5_EB": 0, "RT5_WB": 0, "RT8_EB": 0, "RT8_WB": 0, "RT10_NB": 0, "RT10_SB": 0, "RT11_EB": 0, "RT11_WB": 0, "RT16_EB": 0, "RT16_WB": 0, "RT31_NB": 0, "RT31_SB": 0, "RT36": 0, "RT50_NB": 0, "RT50_SB": 0, "RT51_NB": 0, "RT51_SB": 0, "RT53_NB": 0, "RT53_SB": 0, "RT54_EB": 35, "RT54_WB": 0, "RT66_EB": 0, "RT66_WB": 0, "RT97_EB": 0, "RT97_WB": 0, "RT140_NB": 0, "RT140_SB": 0, "RT141_NB": 0, "RT141_SB": 0, "RT155_NB": 0, "RT155_SB": 0, "RT157_NB": 0, "RT157_SB": 0, "RT198_NB": 0, "RT198_SB": 0, "RT766_EB": 0, "RT766_WB": 0, "RT777_EB": 0, "RT777_WB": 0, "AWDT23*1.2": 10878, "Total_Users": 10913, "TransitUsersTTL": 35, "TrnstModeShare": 0.32 }, "geometry": { "type": "MultiLineString", "coordinates": [ [ [ -106.751066396936039, 35.055836538715951 ], [ -106.750347319911739, 35.055590501837528 ], [ -106.749813907701679, 35.055447763250733 ], [ -106.748187121250112, 35.055458231160273 ], [ -106.746044921918894, 35.055471820790451 ], [ -106.745720816941017, 35.055473829857029 ], [ -106.745223906239559, 35.055475861229695 ], [ -106.744175859089481, 35.055480135173561 ], [ -106.744134302331489, 35.05547968515689 ], [ -106.743281723824524, 35.055470432788212 ], [ -106.743279851281699, 35.055470413358933 ], [ -106.742953345978222, 35.055466869131237 ], [ -106.742365496461375, 35.055442604110034 ], [ -106.741997884439613, 35.055451654293876 ], [ -106.741438139223462, 35.055508085237946 ], [ -106.740684940619758, 35.055668523557898 ] ] ] } },
{ "type": "Feature", "properties": { "fid": 2124, "OBJECTID": 2124, "COGID": 26535, "RTE": "98TH STREET", "LOCAT": "NORTH OF DENNIS CHAVEZ - SOUTH OF BLAKE ROAD", "LENGTH": 5608.444, "MILES": 1.062000036239624, "ADT22": 10797, "AWDT22": 11669, "Shape_Length": 5563.8235721814235, "ADT23": 11265, "AWDT23": 12031, "RT1_NB": 0, "RT1_SB": 0, "RT2_NB": 0, "RT2_SB": 0, "RT5_EB": 0, "RT5_WB": 0, "RT8_EB": 0, "RT8_WB": 0, "RT10_NB": 0, "RT10_SB": 0, "RT11_EB": 0, "RT11_WB": 0, "RT16_EB": 0, "RT16_WB": 0, "RT31_NB": 0, "RT31_SB": 0, "RT36": 0, "RT50_NB": 0, "RT50_SB": 0, "RT51_NB": 0, "RT51_SB": 0, "RT53_NB": 0, "RT53_SB": 0, "RT54_EB": 0, "RT54_WB": 0, "RT66_EB": 0, "RT66_WB": 0, "RT97_EB": 0, "RT97_WB": 0, "RT140_NB": 0, "RT140_SB": 0, "RT141_NB": 0, "RT141_SB": 0, "RT155_NB": 0, "RT155_SB": 0, "RT157_NB": 0, "RT157_SB": 0, "RT198_NB": 24, "RT198_SB": 18, "RT766_EB": 0, "RT766_WB": 0, "RT777_EB": 0, "RT777_WB": 0, "AWDT23*1.2": 14437, "Total_Users": 14479, "TransitUsersTTL": 42, "TrnstModeShare": 0.29 }, "geometry": { "type": "MultiLineString", "coordinates": [ [ [ -106.74031095656575, 35.024581569993707 ], [ -106.740309938124341, 35.024751278194266 ], [ -106.740299737348849, 35.026452226361634 ], [ -106.740299740120875, 35.02645360828604 ], [ -106.740302097746536, 35.027966514269664 ], [ -106.740302099455391, 35.027967901606779 ], [ -106.740304040228153, 35.029933040548947 ], [ -106.740304431491779, 35.030328337217959 ], [ -106.740296565984266, 35.030846589090629 ], [ -106.740256534329674, 35.031289032992703 ], [ -106.740077080177073, 35.031990048881056 ], [ -106.73992316834871, 35.032313950174284 ], [ -106.739845279968932, 35.032444967839723 ], [ -106.739773036992631, 35.03256649105402 ], [ -106.739384388191539, 35.033357269738474 ], [ -106.738975227174961, 35.034234885110791 ], [ -106.738467926819951, 35.035458653403346 ], [ -106.738316965618978, 35.035809038980261 ], [ -106.738316465861644, 35.035810147980712 ], [ -106.738008365370888, 35.036493152219123 ], [ -106.737731628183511, 35.037189279167876 ], [ -106.737387656135539, 35.038034623215665 ], [ -106.737229075564912, 35.038491856046655 ], [ -106.737137645276277, 35.038887117964698 ], [ -106.737116706486674, 35.039431186909397 ] ] ] } },
{ "type": "Feature", "properties": { "fid": 2125, "OBJECTID": 2125, "COGID": 26536, "RTE": "ISLETA BLVD.", "LOCAT": "EAST OF LOPEAZ RD. - SOUTH OF HARDY", "LENGTH": 2360.814, "MILES": 0.44699999690055847, "ADT22": 17721, "AWDT22": 19152, "Shape_Length": 2367.6922776804113, "ADT23": 14462, "AWDT23": 15446, "RT1_NB": 0, "RT1_SB": 0, "RT2_NB": 0, "RT2_SB": 0, "RT5_EB": 0, "RT5_WB": 0, "RT8_EB": 0, "RT8_WB": 0, "RT10_NB": 0, "RT10_SB": 0, "RT11_EB": 0, "RT11_WB": 0, "RT16_EB": 0, "RT16_WB": 0, "RT31_NB": 0, "RT31_SB": 0, "RT36": 0, "RT50_NB": 0, "RT50_SB": 0, "RT51_NB": 0, "RT51_SB": 0, "RT53_NB": 81, "RT53_SB": 73, "RT54_EB": 0, "RT54_WB": 0, "RT66_EB": 0, "RT66_WB": 0, "RT97_EB": 0, "RT97_WB": 0, "RT140_NB": 0, "RT140_SB": 0, "RT141_NB": 0, "RT141_SB": 0, "RT155_NB": 0, "RT155_SB": 0, "RT157_NB": 0, "RT157_SB": 0, "RT198_NB": 0, "RT198_SB": 0, "RT766_EB": 0, "RT766_WB": 0, "RT777_EB": 0, "RT777_WB": 0, "AWDT23*1.2": 18535, "Total_Users": 18689, "TransitUsersTTL": 154, "TrnstModeShare": 0.82 }, "geometry": { "type": "MultiLineString", "coordinates": [ [ [ -106.669450920726291, 35.055737834726926 ], [ -106.669302792976367, 35.055764409741677 ], [ -106.669131585440439, 35.055823208474798 ], [ -106.668952999317796, 35.055911335211533 ], [ -106.668783650013395, 35.056045403204756 ], [ -106.668645138072549, 35.056183887152585 ], [ -106.668600987766922, 35.056255467356323 ], [ -106.668487958704233, 35.056438724191594 ], [ -106.668371857602693, 35.056775060702549 ], [ -106.668370830218549, 35.05677803815221 ], [ -106.668127270546108, 35.05779107963253 ], [ -106.667749046152963, 35.059308114530715 ], [ -106.66767833812645, 35.059591712852729 ], [ -106.667501769470604, 35.060297720307425 ], [ -106.667483761967389, 35.060476654676073 ], [ -106.667506498438911, 35.060776756890647 ], [ -106.667506918114285, 35.060782312023157 ], [ -106.667620594709518, 35.06139009181453 ], [ -106.667687165706454, 35.061739557309181 ] ] ] } },
{ "type": "Feature", "properties": { "fid": 2126, "OBJECTID": 2126, "COGID": 26537, "RTE": "98TH STREET", "LOCAT": "NORTH OF GIBSON BLVD. WEST - SOUTH OF 86TH ST.", "LENGTH": 1263.919, "MILES": 0.23899999260902405, "ADT22": 8022, "AWDT22": 8670, "Shape_Length": 1237.9442735573921, "ADT23": 8370, "AWDT23": 8939, "RT1_NB": 0, "RT1_SB": 0, "RT2_NB": 0, "RT2_SB": 0, "RT5_EB": 0, "RT5_WB": 0, "RT8_EB": 0, "RT8_WB": 0, "RT10_NB": 0, "RT10_SB": 0, "RT11_EB": 0, "RT11_WB": 0, "RT16_EB": 0, "RT16_WB": 0, "RT31_NB": 0, "RT31_SB": 0, "RT36": 0, "RT50_NB": 0, "RT50_SB": 0, "RT51_NB": 0, "RT51_SB": 0, "RT53_NB": 0, "RT53_SB": 0, "RT54_EB": 0, "RT54_WB": 0, "RT66_EB": 0, "RT66_WB": 0, "RT97_EB": 0, "RT97_WB": 0, "RT140_NB": 0, "RT140_SB": 0, "RT141_NB": 0, "RT141_SB": 0, "RT155_NB": 0, "RT155_SB": 0, "RT157_NB": 0, "RT157_SB": 0, "RT198_NB": 36, "RT198_SB": 31, "RT766_EB": 0, "RT766_WB": 0, "RT777_EB": 0, "RT777_WB": 0, "AWDT23*1.2": 10727, "Total_Users": 10794, "TransitUsersTTL": 67, "TrnstModeShare": 0.62 }, "geometry": { "type": "MultiLineString", "coordinates": [ [ [ -106.737136824757826, 35.043275790967144 ], [ -106.737150859077317, 35.043454673627366 ], [ -106.737174426408572, 35.044604356209526 ], [ -106.737221057767215, 35.046552518377425 ], [ -106.737221665404562, 35.046577871175799 ], [ -106.737224018713249, 35.046676242069069 ] ] ] } },
{ "type": "Feature", "properties": { "fid": 2127, "OBJECTID": 2127, "COGID": 26538, "RTE": "ISLETA BLVD.", "LOCAT": " NORTH OF HARDY - SOUTH OF BRIDGE", "LENGTH": 2543.152, "MILES": 0.48199999332427979, "ADT22": 13709, "AWDT22": 14816, "Shape_Length": 2476.5432936462253, "ADT23": 14302, "AWDT23": 15275, "RT1_NB": 0, "RT1_SB": 0, "RT2_NB": 0, "RT2_SB": 0, "RT5_EB": 0, "RT5_WB": 0, "RT8_EB": 0, "RT8_WB": 0, "RT10_NB": 0, "RT10_SB": 0, "RT11_EB": 0, "RT11_WB": 0, "RT16_EB": 0, "RT16_WB": 0, "RT31_NB": 0, "RT31_SB": 0, "RT36": 0, "RT50_NB": 0, "RT50_SB": 0, "RT51_NB": 0, "RT51_SB": 0, "RT53_NB": 81, "RT53_SB": 76, "RT54_EB": 0, "RT54_WB": 0, "RT66_EB": 0, "RT66_WB": 0, "RT97_EB": 0, "RT97_WB": 0, "RT140_NB": 0, "RT140_SB": 0, "RT141_NB": 0, "RT141_SB": 0, "RT155_NB": 0, "RT155_SB": 0, "RT157_NB": 0, "RT157_SB": 0, "RT198_NB": 0, "RT198_SB": 0, "RT766_EB": 0, "RT766_WB": 0, "RT777_EB": 0, "RT777_WB": 0, "AWDT23*1.2": 18330, "Total_Users": 18487, "TransitUsersTTL": 157, "TrnstModeShare": 0.85 }, "geometry": { "type": "MultiLineString", "coordinates": [ [ [ -106.667687165706454, 35.061739557309181 ], [ -106.66775106287497, 35.062073235737515 ], [ -106.667786078343624, 35.062325217266348 ], [ -106.667803730865245, 35.062522324747626 ], [ -106.667789872601531, 35.062803977440559 ], [ -106.667721940268478, 35.063162089442876 ], [ -106.667569328459777, 35.064036710755325 ], [ -106.667564247992757, 35.064061938359849 ], [ -106.667433655912646, 35.06471035069584 ], [ -106.667385131651201, 35.065284587231488 ], [ -106.667384013852867, 35.065297830757736 ], [ -106.667326028395181, 35.066134951603949 ], [ -106.667272389227065, 35.066324684303567 ], [ -106.66727124650555, 35.066328727657023 ], [ -106.666572800381644, 35.067811098341089 ], [ -106.666479318981601, 35.068087757794693 ], [ -106.666497708003206, 35.068219752444385 ], [ -106.666552557334143, 35.06838242730781 ] ] ] } },
{ "type": "Feature", "properties": { "fid": 2128, "OBJECTID": 2128, "COGID": 26539, "RTE": "98TH STREET", "LOCAT": "NORTH OF SAGE - SOUTH OF TOWER", "LENGTH": 2948.547, "MILES": 0.55800002813339233, "ADT22": 24122, "AWDT22": 26070, "Shape_Length": 2880.6978528643558, "ADT23": 25167, "AWDT23": 26879, "RT1_NB": 0, "RT1_SB": 0, "RT2_NB": 0, "RT2_SB": 0, "RT5_EB": 0, "RT5_WB": 0, "RT8_EB": 0, "RT8_WB": 0, "RT10_NB": 0, "RT10_SB": 0, "RT11_EB": 0, "RT11_WB": 0, "RT16_EB": 0, "RT16_WB": 0, "RT31_NB": 0, "RT31_SB": 0, "RT36": 0, "RT50_NB": 0, "RT50_SB": 0, "RT51_NB": 0, "RT51_SB": 0, "RT53_NB": 0, "RT53_SB": 0, "RT54_EB": 37, "RT54_WB": 36, "RT66_EB": 0, "RT66_WB": 0, "RT97_EB": 0, "RT97_WB": 0, "RT140_NB": 0, "RT140_SB": 0, "RT141_NB": 0, "RT141_SB": 0, "RT155_NB": 0, "RT155_SB": 0, "RT157_NB": 0, "RT157_SB": 0, "RT198_NB": 47, "RT198_SB": 39, "RT766_EB": 0, "RT766_WB": 0, "RT777_EB": 0, "RT777_WB": 0, "AWDT23*1.2": 32255, "Total_Users": 32414, "TransitUsersTTL": 159, "TrnstModeShare": 0.49 }, "geometry": { "type": "MultiLineString", "coordinates": [ [ [ -106.740684940619758, 35.055668523557898 ], [ -106.741007680537066, 35.056636011078957 ], [ -106.741297976467592, 35.057399755293396 ], [ -106.741300473716493, 35.057406325791376 ], [ -106.741340885041339, 35.057787293121521 ], [ -106.741485946626398, 35.059518372419781 ], [ -106.741485979618574, 35.059518755403793 ], [ -106.741572940058973, 35.060855814439527 ], [ -106.741757814287354, 35.063499220480551 ] ] ] } },
{ "type": "Feature", "properties": { "fid": 2130, "OBJECTID": 2130, "COGID": 26541, "RTE": "98TH STREET", "LOCAT": "NORTH OF 86TH ST. - WOUTH OF SAGE", "LENGTH": 3471.518, "MILES": 0.65700000524520874, "ADT22": 17802, "AWDT22": 19240, "Shape_Length": 3475.216550006935, "ADT23": 18573, "AWDT23": 19837, "RT1_NB": 0, "RT1_SB": 0, "RT2_NB": 0, "RT2_SB": 0, "RT5_EB": 0, "RT5_WB": 0, "RT8_EB": 0, "RT8_WB": 0, "RT10_NB": 0, "RT10_SB": 0, "RT11_EB": 0, "RT11_WB": 0, "RT16_EB": 0, "RT16_WB": 0, "RT31_NB": 0, "RT31_SB": 0, "RT36": 0, "RT50_NB": 0, "RT50_SB": 0, "RT51_NB": 0, "RT51_SB": 0, "RT53_NB": 0, "RT53_SB": 0, "RT54_EB": 35, "RT54_WB": 34, "RT66_EB": 0, "RT66_WB": 0, "RT97_EB": 0, "RT97_WB": 0, "RT140_NB": 0, "RT140_SB": 0, "RT141_NB": 0, "RT141_SB": 0, "RT155_NB": 0, "RT155_SB": 0, "RT157_NB": 0, "RT157_SB": 0, "RT198_NB": 40, "RT198_SB": 31, "RT766_EB": 0, "RT766_WB": 0, "RT777_EB": 0, "RT777_WB": 0, "AWDT23*1.2": 23804, "Total_Users": 23944, "TransitUsersTTL": 140, "TrnstModeShare": 0.58 }, "geometry": { "type": "MultiLineString", "coordinates": [ [ [ -106.737224018713249, 35.046676242069069 ], [ -106.737124752186631, 35.047309142372995 ], [ -106.737134807848676, 35.047559046724125 ], [ -106.737161048147115, 35.047788588006803 ], [ -106.737215703527895, 35.048043425386062 ], [ -106.737250019248336, 35.048173949905802 ], [ -106.737305755296589, 35.048343585451853 ], [ -106.737402379811229, 35.048562822439429 ], [ -106.737528416923851, 35.048811658517948 ], [ -106.737680757962252, 35.049094653026287 ], [ -106.737987225224714, 35.049572295251103 ], [ -106.738097848032325, 35.049753005728469 ], [ -106.738141013576467, 35.049823517841887 ], [ -106.738363398919745, 35.050185862297887 ], [ -106.738581518110564, 35.050565957818719 ], [ -106.739032950358123, 35.051335847292087 ], [ -106.739223175796681, 35.051696253549828 ], [ -106.739259399417435, 35.051768523120195 ], [ -106.739292707152373, 35.051848878768162 ], [ -106.739347202779641, 35.051998528493286 ], [ -106.739401380648786, 35.052143942634871 ], [ -106.739431125037015, 35.052223778051157 ], [ -106.739437906574338, 35.052244037926151 ], [ -106.739974705773065, 35.053848065374233 ], [ -106.740275128018624, 35.054794898371171 ], [ -106.740684940619758, 35.055668523557898 ] ] ] } },
{ "type": "Feature", "properties": { "fid": 2131, "OBJECTID": 2131, "COGID": 26542, "RTE": "98TH STREET", "LOCAT": "NORTH OF BLAKE RD. - SOUTH OF GIBSON BLVD. WEST", "LENGTH": 1347.452, "MILES": 0.25499999523162842, "ADT22": 8266, "AWDT22": 8949, "Shape_Length": 1399.2754223525658, "ADT23": 8522, "AWDT23": 9227, "RT1_NB": 0, "RT1_SB": 0, "RT2_NB": 0, "RT2_SB": 0, "RT5_EB": 0, "RT5_WB": 0, "RT8_EB": 0, "RT8_WB": 0, "RT10_NB": 0, "RT10_SB": 0, "RT11_EB": 0, "RT11_WB": 0, "RT16_EB": 0, "RT16_WB": 0, "RT31_NB": 0, "RT31_SB": 0, "RT36": 0, "RT50_NB": 0, "RT50_SB": 0, "RT51_NB": 0, "RT51_SB": 0, "RT53_NB": 0, "RT53_SB": 0, "RT54_EB": 0, "RT54_WB": 0, "RT66_EB": 0, "RT66_WB": 0, "RT97_EB": 0, "RT97_WB": 0, "RT140_NB": 0, "RT140_SB": 0, "RT141_NB": 0, "RT141_SB": 0, "RT155_NB": 0, "RT155_SB": 0, "RT157_NB": 0, "RT157_SB": 0, "RT198_NB": 30, "RT198_SB": 22, "RT766_EB": 0, "RT766_WB": 0, "RT777_EB": 0, "RT777_WB": 0, "AWDT23*1.2": 11072, "Total_Users": 11124, "TransitUsersTTL": 52, "TrnstModeShare": 0.47 }, "geometry": { "type": "MultiLineString", "coordinates": [ [ [ -106.737116706486674, 35.039431186909397 ], [ -106.737128531561723, 35.040407111206086 ], [ -106.737130346819768, 35.040556902532956 ], [ -106.737132101881073, 35.041293928885146 ], [ -106.737136824757826, 35.043275790967144 ] ] ] } },
{ "type": "Feature", "properties": { "fid": 2132, "OBJECTID": 2132, "COGID": 26548, "RTE": "YALE", "LOCAT": " NORTH OF RANDOLPH - SOUTH OF GIBSON", "LENGTH": 1726.404, "MILES": 0.32699999213218689, "ADT22": 13580, "AWDT22": 14390, "Shape_Length": 1722.6810620656299, "ADT23": 14058, "AWDT23": 15124, "RT1_NB": 0, "RT1_SB": 0, "RT2_NB": 0, "RT2_SB": 0, "RT5_EB": 0, "RT5_WB": 0, "RT8_EB": 0, "RT8_WB": 0, "RT10_NB": 0, "RT10_SB": 0, "RT11_EB": 0, "RT11_WB": 0, "RT16_EB": 0, "RT16_WB": 0, "RT31_NB": 0, "RT31_SB": 0, "RT36": 0, "RT50_NB": 48, "RT50_SB": 41, "RT51_NB": 0, "RT51_SB": 0, "RT53_NB": 0, "RT53_SB": 0, "RT54_EB": 0, "RT54_WB": 0, "RT66_EB": 0, "RT66_WB": 0, "RT97_EB": 0, "RT97_WB": 0, "RT140_NB": 0, "RT140_SB": 0, "RT141_NB": 0, "RT141_SB": 0, "RT155_NB": 0, "RT155_SB": 0, "RT157_NB": 0, "RT157_SB": 0, "RT198_NB": 0, "RT198_SB": 0, "RT766_EB": 0, "RT766_WB": 0, "RT777_EB": 0, "RT777_WB": 0, "AWDT23*1.2": 18149, "Total_Users": 18238, "TransitUsersTTL": 89, "TrnstModeShare": 0.49 }, "geometry": { "type": "MultiLineString", "coordinates": [ [ [ -106.622016186173667, 35.058449944540214 ], [ -106.622016620510138, 35.057716663549655 ], [ -106.622011324439143, 35.057377342854757 ], [ -106.621996887125434, 35.056463360367502 ], [ -106.621996736106212, 35.056416041460743 ], [ -106.621990711631057, 35.054523658041362 ], [ -106.621990505056232, 35.054505422159608 ], [ -106.621981611999217, 35.05371679626716 ] ] ] } },
{ "type": "Feature", "properties": { "fid": 2133, "OBJECTID": 2133, "COGID": 26552, "RTE": "ISLETA BLVD.", "LOCAT": "EAST OF ARENAL - WEST OF LOPEZ RD.", "LENGTH": 2618.674, "MILES": 0.49599999189376831, "ADT22": 14106, "AWDT22": 15245, "Shape_Length": 2649.1209894944991, "ADT23": 14717, "AWDT23": 15718, "RT1_NB": 0, "RT1_SB": 0, "RT2_NB": 0, "RT2_SB": 0, "RT5_EB": 0, "RT5_WB": 0, "RT8_EB": 0, "RT8_WB": 0, "RT10_NB": 0, "RT10_SB": 0, "RT11_EB": 0, "RT11_WB": 0, "RT16_EB": 0, "RT16_WB": 0, "RT31_NB": 0, "RT31_SB": 0, "RT36": 0, "RT50_NB": 0, "RT50_SB": 0, "RT51_NB": 0, "RT51_SB": 0, "RT53_NB": 78, "RT53_SB": 70, "RT54_EB": 0, "RT54_WB": 0, "RT66_EB": 0, "RT66_WB": 0, "RT97_EB": 0, "RT97_WB": 0, "RT140_NB": 0, "RT140_SB": 0, "RT141_NB": 0, "RT141_SB": 0, "RT155_NB": 0, "RT155_SB": 0, "RT157_NB": 0, "RT157_SB": 0, "RT198_NB": 0, "RT198_SB": 0, "RT766_EB": 0, "RT766_WB": 0, "RT777_EB": 0, "RT777_WB": 0, "AWDT23*1.2": 18862, "Total_Users": 19010, "TransitUsersTTL": 148, "TrnstModeShare": 0.78 }, "geometry": { "type": "MultiLineString", "coordinates": [ [ [ -106.677654439665048, 35.05350143772452 ], [ -106.677389836110734, 35.053503630457435 ], [ -106.677102732934827, 35.053515247234287 ], [ -106.676678170419677, 35.053586736671875 ], [ -106.676562408399505, 35.053606230321925 ], [ -106.67592751751377, 35.053797385744453 ], [ -106.675326043479785, 35.053964128227783 ], [ -106.675308158625413, 35.053969085843349 ], [ -106.674247443407793, 35.054264000346485 ], [ -106.673928356124449, 35.054382760481083 ], [ -106.673675427315203, 35.054526176165744 ], [ -106.673287179012846, 35.054791220289879 ], [ -106.67268013697732, 35.055218687592493 ], [ -106.672573059897303, 35.05528334893819 ], [ -106.672395993692462, 35.055366787863285 ], [ -106.672355709202662, 35.05538065821623 ], [ -106.672186120659759, 35.055439046355268 ], [ -106.671970844537256, 35.055488447005693 ], [ -106.671720007845252, 35.055530712370498 ], [ -106.671115194193547, 35.055624668288338 ], [ -106.670837814084649, 35.055667662202595 ], [ -106.670574710076622, 35.055708440689969 ], [ -106.670362987302326, 35.055734061060775 ], [ -106.67011811634957, 35.055734006081927 ], [ -106.669858883649198, 35.055723137759308 ], [ -106.669587590263347, 35.055721362128686 ], [ -106.669450920726291, 35.055737834726926 ] ] ] } },
{ "type": "Feature", "properties": { "fid": 2139, "OBJECTID": 2139, "COGID": 26580, "RTE": "COORS", "LOCAT": " NORTH OF ARENAL - SOUTH OF OLD COORS RD.", "LENGTH": 1672.175, "MILES": 0.31700000166893005, "ADT22": 24036, "AWDT22": 25977, "Shape_Length": 2007.8697327535122, "ADT23": 25077, "AWDT23": 26783, "RT1_NB": 0, "RT1_SB": 0, "RT2_NB": 0, "RT2_SB": 0, "RT5_EB": 0, "RT5_WB": 0, "RT8_EB": 0, "RT8_WB": 0, "RT10_NB": 0, "RT10_SB": 0, "RT11_EB": 0, "RT11_WB": 0, "RT16_EB": 0, "RT16_WB": 0, "RT31_NB": 0, "RT31_SB": 0, "RT36": 0, "RT50_NB": 0, "RT50_SB": 0, "RT51_NB": 0, "RT51_SB": 0, "RT53_NB": 0, "RT53_SB": 0, "RT54_EB": 49, "RT54_WB": 40, "RT66_EB": 0, "RT66_WB": 0, "RT97_EB": 0, "RT97_WB": 0, "RT140_NB": 0, "RT140_SB": 0, "RT141_NB": 0, "RT141_SB": 0, "RT155_NB": 66, "RT155_SB": 64, "RT157_NB": 0, "RT157_SB": 0, "RT198_NB": 0, "RT198_SB": 0, "RT766_EB": 0, "RT766_WB": 0, "RT777_EB": 0, "RT777_WB": 0, "AWDT23*1.2": 32140, "Total_Users": 32359, "TransitUsersTTL": 219, "TrnstModeShare": 0.68 }, "geometry": { "type": "MultiLineString", "coordinates": [ [ [ -106.707217790087086, 35.051411550968069 ], [ -106.706851874012713, 35.052444352964187 ], [ -106.706570363188192, 35.053218201185352 ], [ -106.706566198710973, 35.053229650023397 ], [ -106.706238404449977, 35.05406382752389 ], [ -106.70594113330246, 35.054852028679484 ], [ -106.705616270567788, 35.055809682801375 ], [ -106.705654064109638, 35.056302356650093 ], [ -106.705775466000716, 35.056722332179405 ] ] ] } },
{ "type": "Feature", "properties": { "fid": 2140, "OBJECTID": 2140, "COGID": 26581, "RTE": "ARENAL", "LOCAT": "EAST OF 86TH - WEST OF UNSER", "LENGTH": 2397.46, "MILES": 0.45399999618530273, "ADT22": 1886, "AWDT22": 2080, "Shape_Length": 2377.466970538293, "ADT23": 1994, "AWDT23": 2145, "RT1_NB": 0, "RT1_SB": 0, "RT2_NB": 0, "RT2_SB": 0, "RT5_EB": 0, "RT5_WB": 0, "RT8_EB": 0, "RT8_WB": 0, "RT10_NB": 0, "RT10_SB": 0, "RT11_EB": 0, "RT11_WB": 0, "RT16_EB": 0, "RT16_WB": 0, "RT31_NB": 0, "RT31_SB": 0, "RT36": 0, "RT50_NB": 0, "RT50_SB": 0, "RT51_NB": 0, "RT51_SB": 0, "RT53_NB": 0, "RT53_SB": 0, "RT54_EB": 40, "RT54_WB": 36, "RT66_EB": 0, "RT66_WB": 0, "RT97_EB": 0, "RT97_WB": 0, "RT140_NB": 0, "RT140_SB": 0, "RT141_NB": 0, "RT141_SB": 0, "RT155_NB": 0, "RT155_SB": 0, "RT157_NB": 0, "RT157_SB": 0, "RT198_NB": 0, "RT198_SB": 0, "RT766_EB": 0, "RT766_WB": 0, "RT777_EB": 0, "RT777_WB": 0, "AWDT23*1.2": 2574, "Total_Users": 2650, "TransitUsersTTL": 76, "TrnstModeShare": 2.87 }, "geometry": { "type": "MultiLineString", "coordinates": [ [ [ -106.729774578120427, 35.053817236520693 ], [ -106.729541882981053, 35.053665663784848 ], [ -106.729386978705961, 35.053602736974291 ], [ -106.72921627475823, 35.053552236732607 ], [ -106.728845470772853, 35.053566750401387 ], [ -106.728365995852087, 35.053568642043153 ], [ -106.728293727710849, 35.053566868070796 ], [ -106.727932813792663, 35.053557298155418 ], [ -106.7269896566592, 35.053548301522653 ], [ -106.726419762073817, 35.053514821708887 ], [ -106.725516208031706, 35.053491579156656 ], [ -106.724652383671312, 35.053477101539741 ], [ -106.724115893871769, 35.053442450728753 ], [ -106.723898546612887, 35.053414794161895 ], [ -106.723620516252737, 35.053365732902293 ], [ -106.721958231437128, 35.053145546692058 ] ] ] } },
{ "type": "Feature", "properties": { "fid": 2141, "OBJECTID": 2141, "COGID": 26584, "RTE": "ARENAL", "LOCAT": "EAST OF UNSER - WEST OF COORS", "LENGTH": 4439.509, "MILES": 0.8410000205039978, "ADT22": 10692, "AWDT22": 11330, "Shape_Length": 4459.183732349039, "ADT23": 10857, "AWDT23": 11681, "RT1_NB": 0, "RT1_SB": 0, "RT2_NB": 0, "RT2_SB": 0, "RT5_EB": 0, "RT5_WB": 0, "RT8_EB": 0, "RT8_WB": 0, "RT10_NB": 0, "RT10_SB": 0, "RT11_EB": 0, "RT11_WB": 0, "RT16_EB": 0, "RT16_WB": 0, "RT31_NB": 0, "RT31_SB": 0, "RT36": 0, "RT50_NB": 0, "RT50_SB": 0, "RT51_NB": 0, "RT51_SB": 0, "RT53_NB": 0, "RT53_SB": 0, "RT54_EB": 44, "RT54_WB": 38, "RT66_EB": 0, "RT66_WB": 0, "RT97_EB": 0, "RT97_WB": 0, "RT140_NB": 0, "RT140_SB": 0, "RT141_NB": 0, "RT141_SB": 0, "RT155_NB": 0, "RT155_SB": 0, "RT157_NB": 0, "RT157_SB": 0, "RT198_NB": 0, "RT198_SB": 0, "RT766_EB": 0, "RT766_WB": 0, "RT777_EB": 0, "RT777_WB": 0, "AWDT23*1.2": 14017, "Total_Users": 14099, "TransitUsersTTL": 82, "TrnstModeShare": 0.58 }, "geometry": { "type": "MultiLineString", "coordinates": [ [ [ -106.721958231437128, 35.053145546692058 ], [ -106.721730261285288, 35.053117760790485 ], [ -106.72141200111102, 35.053078968819179 ], [ -106.72094083657818, 35.053017950247501 ], [ -106.720212428015898, 35.05292578761059 ], [ -106.71982660298427, 35.052875727328058 ], [ -106.71908713398453, 35.052780928842623 ], [ -106.718102883274568, 35.052667268334019 ], [ -106.717327849709008, 35.05259150796465 ], [ -106.716208095119384, 35.052482042730084 ], [ -106.715746313212762, 35.052424586332094 ], [ -106.715738881014033, 35.052423662026804 ], [ -106.715019263702473, 35.052334122542469 ], [ -106.714434706558549, 35.052267662809768 ], [ -106.713294054848049, 35.052137969685838 ], [ -106.713293330871366, 35.052137886812361 ], [ -106.712636450279703, 35.05205168766836 ], [ -106.711929713036938, 35.051958940934533 ], [ -106.711170343261486, 35.051844722772188 ], [ -106.709615817583554, 35.051604784366496 ], [ -106.709034720901457, 35.051513860505203 ], [ -106.7084046979612, 35.051467447838299 ], [ -106.707217790087086, 35.051411550968069 ] ] ] } },
{ "type": "Feature", "properties": { "fid": 2142, "OBJECTID": 2142, "COGID": 26588, "RTE": "ATRISCO (SOUTH)", "LOCAT": "NORTH OF ARENAL - SOUTH OF ROSENDA GARCIA RD.", "LENGTH": 3318.074, "MILES": 0.62800002098083496, "ADT22": 1837, "AWDT22": 2054, "Shape_Length": 3287.5749762490086, "ADT23": 1894, "AWDT23": 2118, "RT1_NB": 0, "RT1_SB": 0, "RT2_NB": 0, "RT2_SB": 0, "RT5_EB": 0, "RT5_WB": 0, "RT8_EB": 0, "RT8_WB": 0, "RT10_NB": 0, "RT10_SB": 0, "RT11_EB": 0, "RT11_WB": 0, "RT16_EB": 0, "RT16_WB": 0, "RT31_NB": 0, "RT31_SB": 0, "RT36": 0, "RT50_NB": 0, "RT50_SB": 0, "RT51_NB": 38, "RT51_SB": 25, "RT53_NB": 0, "RT53_SB": 0, "RT54_EB": 0, "RT54_WB": 0, "RT66_EB": 0, "RT66_WB": 0, "RT97_EB": 0, "RT97_WB": 0, "RT140_NB": 0, "RT140_SB": 0, "RT141_NB": 0, "RT141_SB": 0, "RT155_NB": 0, "RT155_SB": 0, "RT157_NB": 0, "RT157_SB": 0, "RT198_NB": 0, "RT198_SB": 0, "RT766_EB": 0, "RT766_WB": 0, "RT777_EB": 0, "RT777_WB": 0, "AWDT23*1.2": 2542, "Total_Users": 2605, "TransitUsersTTL": 63, "TrnstModeShare": 2.42 }, "geometry": { "type": "MultiLineString", "coordinates": [ [ [ -106.699542743924383, 35.050952810239878 ], [ -106.699140170766015, 35.051710709835717 ], [ -106.699132038196325, 35.051725579719665 ], [ -106.698524252182182, 35.052836806247505 ], [ -106.69825802408414, 35.053348036129414 ], [ -106.69825743393443, 35.053349372465235 ], [ -106.698141598895376, 35.053611130773035 ], [ -106.698134340619987, 35.053669318636182 ], [ -106.698118820147059, 35.05374019075861 ], [ -106.698151377399554, 35.054366409404558 ], [ -106.698151533024628, 35.054367806086525 ], [ -106.698165462036371, 35.05449200592205 ], [ -106.698186931748239, 35.054834407772702 ], [ -106.698181903811431, 35.054996838967604 ], [ -106.698088359789679, 35.055293283060792 ], [ -106.698087152897997, 35.055294505385689 ], [ -106.697994146874436, 35.055388694958431 ], [ -106.697840312248914, 35.055466289671585 ], [ -106.697635861058629, 35.055504854940331 ], [ -106.697634244628361, 35.05550516018836 ], [ -106.697354311100582, 35.055554277383472 ], [ -106.697048809475234, 35.055632268942631 ], [ -106.696521116075942, 35.05585272986918 ], [ -106.696017492982051, 35.056187092708853 ], [ -106.695578919543493, 35.056649036468386 ], [ -106.695578054854252, 35.056650298978276 ], [ -106.695217008080789, 35.057177401410065 ], [ -106.69521633215939, 35.057178703790001 ], [ -106.694928026855706, 35.057734092848342 ], [ -106.694924036337909, 35.057744403010226 ], [ -106.694677349544136, 35.058381884887098 ] ] ] } },
{ "type": "Feature", "properties": { "fid": 2143, "OBJECTID": 2143, "COGID": 26590, "RTE": "ATRISCO (SOUTH)", "LOCAT": "NORTH OF ROSENDA GARCIA RD. - SOUTH OF BRIDGE BLVD.", "LENGTH": 2993.257, "MILES": 0.56699997186660767, "ADT22": 3002, "AWDT22": 3356, "Shape_Length": 2993.2567198210204, "ADT23": 3095, "AWDT23": 3460, "RT1_NB": 0, "RT1_SB": 0, "RT2_NB": 0, "RT2_SB": 0, "RT5_EB": 0, "RT5_WB": 0, "RT8_EB": 0, "RT8_WB": 0, "RT10_NB": 0, "RT10_SB": 0, "RT11_EB": 0, "RT11_WB": 0, "RT16_EB": 0, "RT16_WB": 0, "RT31_NB": 0, "RT31_SB": 0, "RT36": 0, "RT50_NB": 0, "RT50_SB": 0, "RT51_NB": 39, "RT51_SB": 26, "RT53_NB": 0, "RT53_SB": 0, "RT54_EB": 0, "RT54_WB": 0, "RT66_EB": 0, "RT66_WB": 0, "RT97_EB": 0, "RT97_WB": 0, "RT140_NB": 0, "RT140_SB": 0, "RT141_NB": 0, "RT141_SB": 0, "RT155_NB": 0, "RT155_SB": 0, "RT157_NB": 0, "RT157_SB": 0, "RT198_NB": 0, "RT198_SB": 0, "RT766_EB": 0, "RT766_WB": 0, "RT777_EB": 0, "RT777_WB": 0, "AWDT23*1.2": 4152, "Total_Users": 4217, "TransitUsersTTL": 65, "TrnstModeShare": 1.54 }, "geometry": { "type": "MultiLineString", "coordinates": [ [ [ -106.694677349544136, 35.058381884887098 ], [ -106.694274355479095, 35.059630102451898 ], [ -106.693910454579878, 35.060541247478511 ], [ -106.693883147789109, 35.060622014135106 ], [ -106.693648155627614, 35.061317042156055 ], [ -106.693283878784115, 35.062160869418918 ], [ -106.692835435344591, 35.062856377210608 ], [ -106.692813297577146, 35.06289071331981 ], [ -106.692603272639701, 35.063505597868144 ], [ -106.692603162553183, 35.063505920990714 ], [ -106.692175957354323, 35.064923199491325 ], [ -106.691797881151629, 35.066234858643426 ] ] ] } },
{ "type": "Feature", "properties": { "fid": 2145, "OBJECTID": 2145, "COGID": 26596, "RTE": "ARENAL", "LOCAT": " EAST OF ATRISCO - WEST OF TAPIA", "LENGTH": 3432.706, "MILES": 0.64999997615814209, "ADT22": 11067, "AWDT22": 12207, "Shape_Length": 3421.2953833810761, "ADT23": 11699, "AWDT23": 12586, "RT1_NB": 0, "RT1_SB": 0, "RT2_NB": 0, "RT2_SB": 0, "RT5_EB": 0, "RT5_WB": 0, "RT8_EB": 0, "RT8_WB": 0, "RT10_NB": 0, "RT10_SB": 0, "RT11_EB": 0, "RT11_WB": 0, "RT16_EB": 0, "RT16_WB": 0, "RT31_NB": 0, "RT31_SB": 0, "RT36": 0, "RT50_NB": 0, "RT50_SB": 0, "RT51_NB": 38, "RT51_SB": 25, "RT53_NB": 0, "RT53_SB": 0, "RT54_EB": 0, "RT54_WB": 0, "RT66_EB": 0, "RT66_WB": 0, "RT97_EB": 0, "RT97_WB": 0, "RT140_NB": 0, "RT140_SB": 0, "RT141_NB": 0, "RT141_SB": 0, "RT155_NB": 0, "RT155_SB": 0, "RT157_NB": 0, "RT157_SB": 0, "RT198_NB": 0, "RT198_SB": 0, "RT766_EB": 0, "RT766_WB": 0, "RT777_EB": 0, "RT777_WB": 0, "AWDT23*1.2": 15103, "Total_Users": 15166, "TransitUsersTTL": 63, "TrnstModeShare": 0.42 }, "geometry": { "type": "MultiLineString", "coordinates": [ [ [ -106.699542743924383, 35.050952810239878 ], [ -106.698354809245657, 35.050872936392288 ], [ -106.69776370233545, 35.050834729764958 ], [ -106.697717722012442, 35.050833551785665 ], [ -106.697549832838945, 35.050829252012974 ], [ -106.697507964970754, 35.050828178676561 ], [ -106.697080182582852, 35.050841830917847 ], [ -106.696418039719646, 35.050869253129562 ], [ -106.695820224724471, 35.050901014750707 ], [ -106.695312631655142, 35.050949929645 ], [ -106.694460554434826, 35.051043097246229 ], [ -106.69369102813441, 35.051092757373311 ], [ -106.693135792915797, 35.051122111722819 ], [ -106.692343608424068, 35.051163424660658 ], [ -106.691855608105371, 35.051187417624931 ], [ -106.691400845665243, 35.051174916619949 ], [ -106.690978173392281, 35.051103586285464 ], [ -106.690404164100499, 35.051084486278974 ], [ -106.689901778364785, 35.051127347828029 ], [ -106.689686208334876, 35.051181596519136 ], [ -106.689435354948202, 35.051277331479156 ], [ -106.688931518583203, 35.051554430627881 ], [ -106.688341850590959, 35.051768846744622 ] ] ] } },
{ "type": "Feature", "properties": { "fid": 2147, "OBJECTID": 2147, "COGID": 26600, "RTE": "YALE", "LOCAT": " NORTH OF SUNPORT LOOP - SOUTH OF RANDOLPH", "LENGTH": 1422.058, "MILES": 0.26899999380111694, "ADT22": 5321, "AWDT22": 5691, "Shape_Length": 1224.9292459170047, "ADT23": 4052, "AWDT23": 4359, "RT1_NB": 0, "RT1_SB": 0, "RT2_NB": 0, "RT2_SB": 0, "RT5_EB": 0, "RT5_WB": 0, "RT8_EB": 0, "RT8_WB": 0, "RT10_NB": 0, "RT10_SB": 0, "RT11_EB": 0, "RT11_WB": 0, "RT16_EB": 0, "RT16_WB": 0, "RT31_NB": 0, "RT31_SB": 0, "RT36": 0, "RT50_NB": 36, "RT50_SB": 28, "RT51_NB": 0, "RT51_SB": 0, "RT53_NB": 0, "RT53_SB": 0, "RT54_EB": 0, "RT54_WB": 0, "RT66_EB": 0, "RT66_WB": 0, "RT97_EB": 0, "RT97_WB": 0, "RT140_NB": 0, "RT140_SB": 0, "RT141_NB": 0, "RT141_SB": 0, "RT155_NB": 0, "RT155_SB": 0, "RT157_NB": 0, "RT157_SB": 0, "RT198_NB": 0, "RT198_SB": 0, "RT766_EB": 0, "RT766_WB": 0, "RT777_EB": 0, "RT777_WB": 0, "AWDT23*1.2": 5231, "Total_Users": 5295, "TransitUsersTTL": 64, "TrnstModeShare": 1.21 }, "geometry": { "type": "MultiLineString", "coordinates": [ [ [ -106.621981611999217, 35.05371679626716 ], [ -106.621978355155136, 35.053080763722789 ], [ -106.621972300522827, 35.052072345944893 ], [ -106.621972274771679, 35.052045874670149 ], [ -106.621971430943532, 35.051197560681352 ], [ -106.621971362198508, 35.051127999771417 ], [ -106.622036678105843, 35.05035301574749 ] ] ] } },
{ "type": "Feature", "properties": { "fid": 2148, "OBJECTID": 2148, "COGID": 26600, "RTE": "YALE", "LOCAT": " NORTH OF SUNPORT LOOP - SOUTH OF RANDOLPH", "LENGTH": 1422.058, "MILES": 0.26899999380111694, "ADT22": 5321, "AWDT22": 5691, "Shape_Length": 268.12732502697372, "ADT23": 4052, "AWDT23": 4359, "RT1_NB": 0, "RT1_SB": 0, "RT2_NB": 0, "RT2_SB": 0, "RT5_EB": 0, "RT5_WB": 0, "RT8_EB": 0, "RT8_WB": 0, "RT10_NB": 0, "RT10_SB": 0, "RT11_EB": 0, "RT11_WB": 0, "RT16_EB": 0, "RT16_WB": 0, "RT31_NB": 0, "RT31_SB": 0, "RT36": 0, "RT50_NB": 36, "RT50_SB": 28, "RT51_NB": 0, "RT51_SB": 0, "RT53_NB": 0, "RT53_SB": 0, "RT54_EB": 0, "RT54_WB": 0, "RT66_EB": 0, "RT66_WB": 0, "RT97_EB": 0, "RT97_WB": 0, "RT140_NB": 0, "RT140_SB": 0, "RT141_NB": 0, "RT141_SB": 0, "RT155_NB": 0, "RT155_SB": 0, "RT157_NB": 0, "RT157_SB": 0, "RT198_NB": 0, "RT198_SB": 0, "RT766_EB": 0, "RT766_WB": 0, "RT777_EB": 0, "RT777_WB": 0, "AWDT23*1.2": 5231, "Total_Users": 5295, "TransitUsersTTL": 64, "TrnstModeShare": 1.21 }, "geometry": { "type": "MultiLineString", "coordinates": [ [ [ -106.622036678105843, 35.05035301574749 ], [ -106.622070635396582, 35.049950104291057 ], [ -106.622016363153818, 35.049762645416656 ], [ -106.621919013480237, 35.049647622858437 ] ] ] } },
{ "type": "Feature", "properties": { "fid": 2150, "OBJECTID": 2150, "COGID": 26608, "RTE": "BROADWAY", "LOCAT": " NORTH OF WOODWARD RD. - SOUTH OF GIBSON", "LENGTH": 4438.012, "MILES": 0.8410000205039978, "ADT22": 22201, "AWDT22": 24034, "Shape_Length": 4475.9448693117829, "ADT23": 24891, "AWDT23": 26946, "RT1_NB": 0, "RT1_SB": 0, "RT2_NB": 0, "RT2_SB": 0, "RT5_EB": 0, "RT5_WB": 0, "RT8_EB": 0, "RT8_WB": 0, "RT10_NB": 0, "RT10_SB": 0, "RT11_EB": 0, "RT11_WB": 0, "RT16_EB": 6, "RT16_WB": 0, "RT31_NB": 0, "RT31_SB": 0, "RT36": 0, "RT50_NB": 0, "RT50_SB": 0, "RT51_NB": 0, "RT51_SB": 0, "RT53_NB": 0, "RT53_SB": 0, "RT54_EB": 0, "RT54_WB": 0, "RT66_EB": 0, "RT66_WB": 0, "RT97_EB": 0, "RT97_WB": 0, "RT140_NB": 0, "RT140_SB": 0, "RT141_NB": 0, "RT141_SB": 0, "RT155_NB": 0, "RT155_SB": 0, "RT157_NB": 0, "RT157_SB": 0, "RT198_NB": 0, "RT198_SB": 0, "RT766_EB": 0, "RT766_WB": 0, "RT777_EB": 0, "RT777_WB": 0, "AWDT23*1.2": 32335, "Total_Users": 32341, "TransitUsersTTL": 6, "TrnstModeShare": 0.02 }, "geometry": { "type": "MultiLineString", "coordinates": [ [ [ -106.64657181419949, 35.04880044066131 ], [ -106.646372056855327, 35.049633217538066 ], [ -106.646222042029464, 35.050309286921561 ], [ -106.646217270495683, 35.050329765618258 ], [ -106.646096834838019, 35.050846518037631 ], [ -106.645990408805403, 35.051381283490294 ], [ -106.645537483129431, 35.053581223442258 ], [ -106.645537412442934, 35.05358156893125 ], [ -106.645402100844791, 35.054190269875392 ], [ -106.645280399171583, 35.054798200594973 ], [ -106.64527545058985, 35.054846193220548 ], [ -106.645189698154226, 35.055677783677687 ], [ -106.645164560237092, 35.056555396075765 ], [ -106.645173587231724, 35.057559352637185 ], [ -106.645240557735519, 35.059324434452357 ], [ -106.645243361173911, 35.059646588165158 ], [ -106.645285252152462, 35.061000259304599 ] ] ] } },
{ "type": "Feature", "properties": { "fid": 2155, "OBJECTID": 2155, "COGID": 26620, "RTE": "ISLETA BLVD.", "LOCAT": "NORTH OF BLAKE RD. - SOUTH OF CENTRO FAMILAR BLVD.", "LENGTH": 2311.895, "MILES": 0.43799999356269836, "ADT22": 18580, "AWDT22": 20081, "Shape_Length": 2318.9811276367827, "ADT23": 14885, "AWDT23": 15898, "RT1_NB": 0, "RT1_SB": 0, "RT2_NB": 0, "RT2_SB": 0, "RT5_EB": 0, "RT5_WB": 0, "RT8_EB": 0, "RT8_WB": 0, "RT10_NB": 0, "RT10_SB": 0, "RT11_EB": 0, "RT11_WB": 0, "RT16_EB": 0, "RT16_WB": 0, "RT31_NB": 0, "RT31_SB": 0, "RT36": 0, "RT50_NB": 0, "RT50_SB": 0, "RT51_NB": 0, "RT51_SB": 0, "RT53_NB": 63, "RT53_SB": 59, "RT54_EB": 0, "RT54_WB": 0, "RT66_EB": 0, "RT66_WB": 0, "RT97_EB": 0, "RT97_WB": 0, "RT140_NB": 0, "RT140_SB": 0, "RT141_NB": 0, "RT141_SB": 0, "RT155_NB": 0, "RT155_SB": 0, "RT157_NB": 0, "RT157_SB": 0, "RT198_NB": 0, "RT198_SB": 0, "RT766_EB": 0, "RT766_WB": 0, "RT777_EB": 0, "RT777_WB": 0, "AWDT23*1.2": 19078, "Total_Users": 19200, "TransitUsersTTL": 122, "TrnstModeShare": 0.64 }, "geometry": { "type": "MultiLineString", "coordinates": [ [ [ -106.679444498765704, 35.038353761755346 ], [ -106.679457630145393, 35.039220504299777 ], [ -106.679458326884486, 35.039256675583367 ], [ -106.679480022164768, 35.040381664679266 ], [ -106.67948051589795, 35.040407313944634 ], [ -106.679489044406751, 35.040731747651655 ], [ -106.679489446979204, 35.040747097169401 ], [ -106.67949068071897, 35.041286126406753 ], [ -106.679491939356282, 35.041526631146027 ], [ -106.679496773898236, 35.042450405433442 ], [ -106.679496962337339, 35.042486830003753 ], [ -106.679486450059088, 35.04292086362139 ], [ -106.679461807726256, 35.043245352410437 ], [ -106.679426802551532, 35.043514959205517 ], [ -106.679374664012954, 35.043818757632984 ], [ -106.679373507265652, 35.043823928886191 ], [ -106.679302840688749, 35.044139681270387 ], [ -106.679238442703038, 35.044399767104423 ], [ -106.679165289624621, 35.04470325121904 ] ] ] } },
{ "type": "Feature", "properties": { "fid": 2156, "OBJECTID": 2156, "COGID": 26622, "RTE": "ISLETA BLVD.", "LOCAT": "NORTH OF VALDORA AVE. - SOUTH OF ARENAL", "LENGTH": 1253.716, "MILES": 0.2370000034570694, "ADT22": 23647, "AWDT22": 25557, "Shape_Length": 1256.2201826191247, "ADT23": 17075, "AWDT23": 18237, "RT1_NB": 0, "RT1_SB": 0, "RT2_NB": 0, "RT2_SB": 0, "RT5_EB": 0, "RT5_WB": 0, "RT8_EB": 0, "RT8_WB": 0, "RT10_NB": 0, "RT10_SB": 0, "RT11_EB": 0, "RT11_WB": 0, "RT16_EB": 0, "RT16_WB": 0, "RT31_NB": 0, "RT31_SB": 0, "RT36": 0, "RT50_NB": 0, "RT50_SB": 0, "RT51_NB": 0, "RT51_SB": 0, "RT53_NB": 73, "RT53_SB": 67, "RT54_EB": 0, "RT54_WB": 0, "RT66_EB": 0, "RT66_WB": 0, "RT97_EB": 0, "RT97_WB": 0, "RT140_NB": 0, "RT140_SB": 0, "RT141_NB": 0, "RT141_SB": 0, "RT155_NB": 0, "RT155_SB": 0, "RT157_NB": 0, "RT157_SB": 0, "RT198_NB": 0, "RT198_SB": 0, "RT766_EB": 0, "RT766_WB": 0, "RT777_EB": 0, "RT777_WB": 0, "AWDT23*1.2": 21884, "Total_Users": 22024, "TransitUsersTTL": 140, "TrnstModeShare": 0.64 }, "geometry": { "type": "MultiLineString", "coordinates": [ [ [ -106.678126001421774, 35.050108352489339 ], [ -106.678093632929745, 35.050548279706263 ], [ -106.67805240089983, 35.050766067670288 ], [ -106.677996732442026, 35.050959021813448 ], [ -106.677797726242019, 35.051626682278176 ], [ -106.677575848252133, 35.052406412801027 ], [ -106.677543480617999, 35.052629940419756 ], [ -106.677548556877198, 35.052799604711282 ], [ -106.677556105270099, 35.053051946438543 ], [ -106.677654439665048, 35.05350143772452 ] ] ] } },
{ "type": "Feature", "properties": { "fid": 2157, "OBJECTID": 2157, "COGID": 26624, "RTE": "COORS", "LOCAT": " NORTH OF BLAKE ROAD - SOUTH OF ARENAL", "LENGTH": 5646.046, "MILES": 1.0690000057220459, "ADT22": 22306, "AWDT22": 24107, "Shape_Length": 5618.5300832984703, "ADT23": 23272, "AWDT23": 24855, "RT1_NB": 0, "RT1_SB": 0, "RT2_NB": 0, "RT2_SB": 0, "RT5_EB": 0, "RT5_WB": 0, "RT8_EB": 0, "RT8_WB": 0, "RT10_NB": 0, "RT10_SB": 0, "RT11_EB": 0, "RT11_WB": 0, "RT16_EB": 0, "RT16_WB": 0, "RT31_NB": 0, "RT31_SB": 0, "RT36": 0, "RT50_NB": 0, "RT50_SB": 0, "RT51_NB": 0, "RT51_SB": 0, "RT53_NB": 0, "RT53_SB": 0, "RT54_EB": 0, "RT54_WB": 0, "RT66_EB": 0, "RT66_WB": 0, "RT97_EB": 0, "RT97_WB": 0, "RT140_NB": 0, "RT140_SB": 0, "RT141_NB": 0, "RT141_SB": 0, "RT155_NB": 58, "RT155_SB": 55, "RT157_NB": 0, "RT157_SB": 0, "RT198_NB": 0, "RT198_SB": 0, "RT766_EB": 0, "RT766_WB": 0, "RT777_EB": 0, "RT777_WB": 0, "AWDT23*1.2": 29826, "Total_Users": 29939, "TransitUsersTTL": 113, "TrnstModeShare": 0.38 }, "geometry": { "type": "MultiLineString", "coordinates": [ [ [ -106.71229832084363, 35.03656309240592 ], [ -106.712113900707237, 35.037322748653686 ], [ -106.711995164645629, 35.037828623935994 ], [ -106.711982218529812, 35.037880854119415 ], [ -106.711904792241896, 35.038193217385171 ], [ -106.711758670101361, 35.038720915448138 ], [ -106.711538181992481, 35.039512678947183 ], [ -106.711283087563189, 35.040357023938384 ], [ -106.710836378182094, 35.041784065425475 ], [ -106.710640975570243, 35.042376163461505 ], [ -106.710548756399461, 35.042655600213912 ], [ -106.710375060961425, 35.043147586057906 ], [ -106.710163342582163, 35.043747265983747 ], [ -106.709868422256619, 35.044572072548043 ], [ -106.709351678295079, 35.045925262640885 ], [ -106.709344663849492, 35.045943627534712 ], [ -106.709049703394726, 35.046719427938193 ], [ -106.70875932186739, 35.047485670117901 ], [ -106.708443722489577, 35.048307340026952 ], [ -106.708137111505678, 35.04907745685265 ], [ -106.70782838610728, 35.049885743961035 ], [ -106.707487097023773, 35.050680795224643 ], [ -106.707217790087086, 35.051411550968069 ] ] ] } },
{ "type": "Feature", "properties": { "fid": 2159, "OBJECTID": 2159, "COGID": 26628, "RTE": "TAPIA BLVD.", "LOCAT": " NORTH OF BLAKE - SOUTH OF ARENAL", "LENGTH": 5852.425, "MILES": 1.1080000400543213, "ADT22": 6698, "AWDT22": 7491, "Shape_Length": 5862.8017120246386, "ADT23": 6906, "AWDT23": 7723, "RT1_NB": 0, "RT1_SB": 0, "RT2_NB": 0, "RT2_SB": 0, "RT5_EB": 0, "RT5_WB": 0, "RT8_EB": 0, "RT8_WB": 0, "RT10_NB": 0, "RT10_SB": 0, "RT11_EB": 0, "RT11_WB": 0, "RT16_EB": 0, "RT16_WB": 0, "RT31_NB": 0, "RT31_SB": 0, "RT36": 0, "RT50_NB": 0, "RT50_SB": 0, "RT51_NB": 37, "RT51_SB": 24, "RT53_NB": 0, "RT53_SB": 0, "RT54_EB": 0, "RT54_WB": 0, "RT66_EB": 0, "RT66_WB": 0, "RT97_EB": 0, "RT97_WB": 0, "RT140_NB": 0, "RT140_SB": 0, "RT141_NB": 0, "RT141_SB": 0, "RT155_NB": 0, "RT155_SB": 0, "RT157_NB": 0, "RT157_SB": 0, "RT198_NB": 0, "RT198_SB": 0, "RT766_EB": 0, "RT766_WB": 0, "RT777_EB": 0, "RT777_WB": 0, "AWDT23*1.2": 9268, "Total_Users": 9329, "TransitUsersTTL": 61, "TrnstModeShare": 0.65 }, "geometry": { "type": "MultiLineString", "coordinates": [ [ [ -106.690425572122834, 35.036312021315034 ], [ -106.690809831939816, 35.037073931840943 ], [ -106.691087507706811, 35.037619718857989 ], [ -106.691155303451566, 35.037786855259704 ], [ -106.691335742347491, 35.038296009173656 ], [ -106.691336146978401, 35.038297471670873 ], [ -106.691534795139717, 35.039013523085892 ], [ -106.691798337770393, 35.040449514753242 ], [ -106.691798316081858, 35.040450983307935 ], [ -106.691790146808643, 35.041001715759862 ], [ -106.691788745455156, 35.041015456382588 ], [ -106.69175612702243, 35.041335514409859 ], [ -106.69175609268656, 35.0413358552861 ], [ -106.691720142154537, 35.04180217439221 ], [ -106.691706336222794, 35.041981255149039 ], [ -106.69167206906063, 35.042275330070311 ], [ -106.691666555864998, 35.042311612193913 ], [ -106.691588069160275, 35.042828043025978 ], [ -106.691527200379966, 35.043081062225433 ], [ -106.691465817359955, 35.043264639441063 ], [ -106.691409733145576, 35.04339043281859 ], [ -106.690964247813127, 35.044113934844496 ], [ -106.690961632992185, 35.044117907156895 ], [ -106.69055867842998, 35.044730146574473 ], [ -106.690133814098786, 35.045412941867234 ], [ -106.689736913407472, 35.046220972038817 ], [ -106.689573672903492, 35.046580675452269 ], [ -106.68937248603487, 35.047132934869843 ], [ -106.689372117135918, 35.047134257742506 ], [ -106.689018277893311, 35.048404422011444 ], [ -106.689017878933569, 35.048405660254588 ], [ -106.68884648667229, 35.048936539157651 ], [ -106.688717936124888, 35.049537391723433 ], [ -106.688716688787594, 35.049545615720554 ], [ -106.688608790072649, 35.050257022048896 ], [ -106.68860744309859, 35.050264656851311 ], [ -106.688341850590959, 35.051768846744622 ] ] ] } },
{ "type": "Feature", "properties": { "fid": 2160, "OBJECTID": 2160, "COGID": 26632, "RTE": "BLAKE ROAD", "LOCAT": " EAST OF TAPIA - WEST OF ISLETA BLVD.", "LENGTH": 3443.983, "MILES": 0.65200001001358032, "ADT22": 6308, "AWDT22": 7055, "Shape_Length": 3447.4116172516528, "ADT23": 6504, "AWDT23": 7274, "RT1_NB": 0, "RT1_SB": 0, "RT2_NB": 0, "RT2_SB": 0, "RT5_EB": 0, "RT5_WB": 0, "RT8_EB": 0, "RT8_WB": 0, "RT10_NB": 0, "RT10_SB": 0, "RT11_EB": 0, "RT11_WB": 0, "RT16_EB": 0, "RT16_WB": 0, "RT31_NB": 0, "RT31_SB": 0, "RT36": 0, "RT50_NB": 0, "RT50_SB": 0, "RT51_NB": 35, "RT51_SB": 23, "RT53_NB": 0, "RT53_SB": 0, "RT54_EB": 0, "RT54_WB": 0, "RT66_EB": 0, "RT66_WB": 0, "RT97_EB": 0, "RT97_WB": 0, "RT140_NB": 0, "RT140_SB": 0, "RT141_NB": 0, "RT141_SB": 0, "RT155_NB": 0, "RT155_SB": 0, "RT157_NB": 0, "RT157_SB": 0, "RT198_NB": 0, "RT198_SB": 0, "RT766_EB": 0, "RT766_WB": 0, "RT777_EB": 0, "RT777_WB": 0, "AWDT23*1.2": 8729, "Total_Users": 8787, "TransitUsersTTL": 58, "TrnstModeShare": 0.66 }, "geometry": { "type": "MultiLineString", "coordinates": [ [ [ -106.690425572122834, 35.036312021315034 ], [ -106.689108111830677, 35.036318824446795 ], [ -106.687388468505546, 35.036346831780584 ], [ -106.68736745995588, 35.036347220314248 ], [ -106.686327078325832, 35.03636645028427 ], [ -106.685767054519445, 35.036373432546291 ], [ -106.685570621969632, 35.036375880360254 ], [ -106.68488275375509, 35.036386070453744 ], [ -106.684792856887299, 35.036393835963011 ], [ -106.684677649220177, 35.036403788874637 ], [ -106.684428098750189, 35.036444047517598 ], [ -106.684172549694637, 35.036494283729965 ], [ -106.683960471876205, 35.036546625701774 ], [ -106.683740715018331, 35.036603520079026 ], [ -106.683632324659683, 35.036638877796314 ], [ -106.68349247891166, 35.03668449642678 ], [ -106.683266190853928, 35.036775366742958 ], [ -106.682881903925832, 35.036946438028608 ], [ -106.681703211608308, 35.037482268471571 ], [ -106.681405035030878, 35.0376081810861 ], [ -106.681371109190792, 35.037622506896774 ], [ -106.680895119036691, 35.037810928247481 ], [ -106.68076647243214, 35.037859069521907 ], [ -106.679444498765704, 35.038353761755346 ] ] ] } },
{ "type": "Feature", "properties": { "fid": 2161, "OBJECTID": 2161, "COGID": 26633, "RTE": "118TH ST.", "LOCAT": "NORTH OF DENNIS CHAVEZ - SOUTH OF GAYLE LN.", "LENGTH": 4613.923, "MILES": 0.87400001287460327, "ADT22": 3571, "AWDT22": 3994, "Shape_Length": 4607.5758451789452, "ADT23": 3682, "AWDT23": 4118, "RT1_NB": 0, "RT1_SB": 0, "RT2_NB": 0, "RT2_SB": 0, "RT5_EB": 0, "RT5_WB": 0, "RT8_EB": 0, "RT8_WB": 0, "RT10_NB": 0, "RT10_SB": 0, "RT11_EB": 0, "RT11_WB": 0, "RT16_EB": 0, "RT16_WB": 0, "RT31_NB": 0, "RT31_SB": 0, "RT36": 0, "RT50_NB": 0, "RT50_SB": 0, "RT51_NB": 0, "RT51_SB": 0, "RT53_NB": 0, "RT53_SB": 0, "RT54_EB": 0, "RT54_WB": 0, "RT66_EB": 0, "RT66_WB": 0, "RT97_EB": 0, "RT97_WB": 0, "RT140_NB": 0, "RT140_SB": 0, "RT141_NB": 0, "RT141_SB": 0, "RT155_NB": 0, "RT155_SB": 0, "RT157_NB": 0, "RT157_SB": 0, "RT198_NB": 0, "RT198_SB": 19, "RT766_EB": 0, "RT766_WB": 0, "RT777_EB": 0, "RT777_WB": 0, "AWDT23*1.2": 4942, "Total_Users": 4961, "TransitUsersTTL": 19, "TrnstModeShare": 0.38 }, "geometry": { "type": "MultiLineString", "coordinates": [ [ [ -106.753142374841957, 35.024501486373595 ], [ -106.753186051581224, 35.024899651448131 ], [ -106.753189177306922, 35.024928141686338 ], [ -106.753251298846706, 35.025429811341517 ], [ -106.753359448409014, 35.025947482897521 ], [ -106.753446958271681, 35.026308722536726 ], [ -106.753501232108334, 35.02659993863886 ], [ -106.753555804222316, 35.02693972850782 ], [ -106.753570348139945, 35.027171741206232 ], [ -106.753585425032355, 35.027490105906558 ], [ -106.753600302352552, 35.027776088358351 ], [ -106.753602122915908, 35.028072920834852 ], [ -106.753577034129862, 35.028261921751536 ], [ -106.753574461821245, 35.028298159295652 ], [ -106.753558907832598, 35.028515658972907 ], [ -106.753567322439849, 35.028817859273602 ], [ -106.753595024230691, 35.029055214318618 ], [ -106.753629385506088, 35.029308733684552 ], [ -106.753663846335087, 35.029578445492383 ], [ -106.753660067316645, 35.030031815721308 ], [ -106.753662186201325, 35.030377217357319 ], [ -106.753676400066041, 35.030555261944237 ], [ -106.753758910583457, 35.031170184600398 ], [ -106.753781897174179, 35.031344366947252 ], [ -106.753820842083258, 35.03163947206891 ], [ -106.753921847383822, 35.03206002490878 ], [ -106.754050093207965, 35.032642374229461 ], [ -106.754184897925029, 35.033224696098813 ], [ -106.754218872057479, 35.033354622505371 ], [ -106.754386485217722, 35.033995637693138 ], [ -106.754677606472342, 35.035172443297263 ], [ -106.755105286137578, 35.036901194630339 ], [ -106.755133411476308, 35.037014883671063 ] ] ] } },
{ "type": "Feature", "properties": { "fid": 2165, "OBJECTID": 2165, "COGID": 26640, "RTE": "COORS", "LOCAT": "NORTH OF BARCELONA - SOUTH OF BLAKE RD.", "LENGTH": 2211.144, "MILES": 0.41899999976158142, "ADT22": 24304, "AWDT22": 26267, "Shape_Length": 2231.3586087399212, "ADT23": 25357, "AWDT23": 27082, "RT1_NB": 0, "RT1_SB": 0, "RT2_NB": 0, "RT2_SB": 0, "RT5_EB": 0, "RT5_WB": 0, "RT8_EB": 0, "RT8_WB": 0, "RT10_NB": 0, "RT10_SB": 0, "RT11_EB": 0, "RT11_WB": 0, "RT16_EB": 0, "RT16_WB": 0, "RT31_NB": 0, "RT31_SB": 0, "RT36": 0, "RT50_NB": 0, "RT50_SB": 0, "RT51_NB": 0, "RT51_SB": 0, "RT53_NB": 0, "RT53_SB": 0, "RT54_EB": 0, "RT54_WB": 0, "RT66_EB": 0, "RT66_WB": 0, "RT97_EB": 0, "RT97_WB": 0, "RT140_NB": 0, "RT140_SB": 0, "RT141_NB": 0, "RT141_SB": 0, "RT155_NB": 47, "RT155_SB": 43, "RT157_NB": 0, "RT157_SB": 0, "RT198_NB": 0, "RT198_SB": 0, "RT766_EB": 0, "RT766_WB": 0, "RT777_EB": 0, "RT777_WB": 0, "AWDT23*1.2": 32498, "Total_Users": 32588, "TransitUsersTTL": 90, "TrnstModeShare": 0.28 }, "geometry": { "type": "MultiLineString", "coordinates": [ [ [ -106.713531879808386, 35.030518889416172 ], [ -106.713174315096225, 35.032613959480273 ], [ -106.71316172196218, 35.032679918596934 ], [ -106.712938038447206, 35.033851412551371 ], [ -106.71271857618828, 35.034845032973642 ], [ -106.712718303682152, 35.034846269912173 ], [ -106.712679139403292, 35.0350628846343 ], [ -106.712535475094441, 35.035631063485738 ], [ -106.71229832084363, 35.03656309240592 ] ] ] } },
{ "type": "Feature", "properties": { "fid": 2166, "OBJECTID": 2166, "COGID": 26641, "RTE": "COORS", "LOCAT": "NORTH OF RIO BRAVO - SOUTH OF BARCELONA", "LENGTH": 1186.965, "MILES": 0.22499999403953552, "ADT22": 20813, "AWDT22": 22494, "Shape_Length": 1216.7765988680444, "ADT23": 21714, "AWDT23": 23192, "RT1_NB": 0, "RT1_SB": 0, "RT2_NB": 0, "RT2_SB": 0, "RT5_EB": 0, "RT5_WB": 0, "RT8_EB": 0, "RT8_WB": 0, "RT10_NB": 0, "RT10_SB": 0, "RT11_EB": 0, "RT11_WB": 0, "RT16_EB": 0, "RT16_WB": 0, "RT31_NB": 0, "RT31_SB": 0, "RT36": 0, "RT50_NB": 0, "RT50_SB": 0, "RT51_NB": 0, "RT51_SB": 0, "RT53_NB": 0, "RT53_SB": 0, "RT54_EB": 0, "RT54_WB": 0, "RT66_EB": 0, "RT66_WB": 0, "RT97_EB": 0, "RT97_WB": 0, "RT140_NB": 0, "RT140_SB": 0, "RT141_NB": 0, "RT141_SB": 0, "RT155_NB": 47, "RT155_SB": 36, "RT157_NB": 0, "RT157_SB": 0, "RT198_NB": 0, "RT198_SB": 0, "RT766_EB": 0, "RT766_WB": 0, "RT777_EB": 0, "RT777_WB": 0, "AWDT23*1.2": 27830, "Total_Users": 27913, "TransitUsersTTL": 83, "TrnstModeShare": 0.3 }, "geometry": { "type": "MultiLineString", "coordinates": [ [ [ -106.714003536575348, 35.027198252284833 ], [ -106.713818966923043, 35.028539318775039 ], [ -106.71378649617661, 35.028775238460305 ], [ -106.713709652717483, 35.029300679847623 ], [ -106.713691330634376, 35.029425951710103 ], [ -106.713686035784477, 35.029462160115543 ], [ -106.713531879808386, 35.030518889416172 ] ] ] } },
{ "type": "Feature", "properties": { "fid": 2170, "OBJECTID": 2170, "COGID": 26648, "RTE": "SEN. DENNIS CHAVEZ", "LOCAT": "EAST OF 118TH ST. - WEST OF 98TH ST.", "LENGTH": 3833.785, "MILES": 0.72600001096725464, "ADT22": 8049, "AWDT22": 8699, "Shape_Length": 3841.7682649614908, "ADT23": 8398, "AWDT23": 8969, "RT1_NB": 0, "RT1_SB": 0, "RT2_NB": 0, "RT2_SB": 0, "RT5_EB": 0, "RT5_WB": 0, "RT8_EB": 0, "RT8_WB": 0, "RT10_NB": 0, "RT10_SB": 0, "RT11_EB": 0, "RT11_WB": 0, "RT16_EB": 0, "RT16_WB": 0, "RT31_NB": 0, "RT31_SB": 0, "RT36": 0, "RT50_NB": 0, "RT50_SB": 0, "RT51_NB": 0, "RT51_SB": 0, "RT53_NB": 0, "RT53_SB": 0, "RT54_EB": 0, "RT54_WB": 0, "RT66_EB": 0, "RT66_WB": 0, "RT97_EB": 0, "RT97_WB": 0, "RT140_NB": 0, "RT140_SB": 0, "RT141_NB": 0, "RT141_SB": 0, "RT155_NB": 0, "RT155_SB": 0, "RT157_NB": 0, "RT157_SB": 0, "RT198_NB": 18, "RT198_SB": 19, "RT766_EB": 0, "RT766_WB": 0, "RT777_EB": 0, "RT777_WB": 0, "AWDT23*1.2": 10763, "Total_Users": 10800, "TransitUsersTTL": 37, "TrnstModeShare": 0.34 }, "geometry": { "type": "MultiLineString", "coordinates": [ [ [ -106.753142374841957, 35.024501486373595 ], [ -106.750434060235705, 35.02454121055154 ], [ -106.750023538693711, 35.024538847957373 ], [ -106.748787316240168, 35.024539971550915 ], [ -106.744995387567684, 35.024558653551516 ], [ -106.74031095656575, 35.024581569993707 ] ] ] } },
{ "type": "Feature", "properties": { "fid": 2171, "OBJECTID": 2171, "COGID": 26649, "RTE": "SEN. DENNIS CHAVEZ", "LOCAT": "EAST OF 98TH ST. - WEST OF UNSER", "LENGTH": 2740.576, "MILES": 0.51899999380111694, "ADT22": 11972, "AWDT22": 12939, "Shape_Length": 2740.5769293773174, "ADT23": 12490, "AWDT23": 13340, "RT1_NB": 0, "RT1_SB": 0, "RT2_NB": 0, "RT2_SB": 0, "RT5_EB": 0, "RT5_WB": 0, "RT8_EB": 0, "RT8_WB": 0, "RT10_NB": 0, "RT10_SB": 0, "RT11_EB": 0, "RT11_WB": 0, "RT16_EB": 0, "RT16_WB": 0, "RT31_NB": 0, "RT31_SB": 0, "RT36": 0, "RT50_NB": 0, "RT50_SB": 0, "RT51_NB": 0, "RT51_SB": 0, "RT53_NB": 0, "RT53_SB": 0, "RT54_EB": 0, "RT54_WB": 0, "RT66_EB": 0, "RT66_WB": 0, "RT97_EB": 0, "RT97_WB": 0, "RT140_NB": 0, "RT140_SB": 0, "RT141_NB": 0, "RT141_SB": 0, "RT155_NB": 0, "RT155_SB": 0, "RT157_NB": 0, "RT157_SB": 0, "RT198_NB": 17, "RT198_SB": 16, "RT766_EB": 0, "RT766_WB": 0, "RT777_EB": 0, "RT777_WB": 0, "AWDT23*1.2": 16008, "Total_Users": 16041, "TransitUsersTTL": 33, "TrnstModeShare": 0.21 }, "geometry": { "type": "MultiLineString", "coordinates": [ [ [ -106.74031095656575, 35.024581569993707 ], [ -106.738514145613095, 35.024599668034803 ], [ -106.731157274416177, 35.024629059783656 ] ] ] } },
{ "type": "Feature", "properties": { "fid": 2177, "OBJECTID": 2177, "COGID": 26656, "RTE": "RIO BRAVO BLVD.", "LOCAT": " EAST OF ISLETA BLVD. - WEST OF 2ND ST.", "LENGTH": 6620.36, "MILES": 1.2539999485015869, "ADT22": 29992, "AWDT22": 31530, "Shape_Length": 6638.463441369373, "ADT23": 35596, "AWDT23": 38018, "RT1_NB": 0, "RT1_SB": 0, "RT2_NB": 0, "RT2_SB": 0, "RT5_EB": 0, "RT5_WB": 0, "RT8_EB": 0, "RT8_WB": 0, "RT10_NB": 0, "RT10_SB": 0, "RT11_EB": 0, "RT11_WB": 0, "RT16_EB": 0, "RT16_WB": 0, "RT31_NB": 0, "RT31_SB": 0, "RT36": 0, "RT50_NB": 0, "RT50_SB": 0, "RT51_NB": 39, "RT51_SB": 22, "RT53_NB": 0, "RT53_SB": 0, "RT54_EB": 0, "RT54_WB": 0, "RT66_EB": 0, "RT66_WB": 0, "RT97_EB": 0, "RT97_WB": 0, "RT140_NB": 0, "RT140_SB": 0, "RT141_NB": 0, "RT141_SB": 0, "RT155_NB": 0, "RT155_SB": 0, "RT157_NB": 0, "RT157_SB": 0, "RT198_NB": 0, "RT198_SB": 0, "RT766_EB": 0, "RT766_WB": 0, "RT777_EB": 0, "RT777_WB": 0, "AWDT23*1.2": 45622, "Total_Users": 45683, "TransitUsersTTL": 61, "TrnstModeShare": 0.13 }, "geometry": { "type": "MultiLineString", "coordinates": [ [ [ -106.680366824891962, 35.026915401472436 ], [ -106.677107925808599, 35.027144401523067 ], [ -106.676459383468142, 35.02718569218775 ], [ -106.675519354093638, 35.027215284014048 ], [ -106.674153920708449, 35.027215182756777 ], [ -106.674134702001609, 35.02721518141756 ], [ -106.67195121486445, 35.027218021733297 ], [ -106.669139661779695, 35.027202482705647 ], [ -106.669139477663464, 35.027202481538623 ], [ -106.669019010249684, 35.027201814002836 ], [ -106.668000364015285, 35.027196166351999 ], [ -106.665905029879895, 35.027190910140931 ], [ -106.661778008378107, 35.027180451836486 ], [ -106.65820728564168, 35.027164793797219 ] ] ] } },
{ "type": "Feature", "properties": { "fid": 2183, "OBJECTID": 2183, "COGID": 26663, "RTE": "SEN. DENNIS CHAVEZ", "LOCAT": "EAST OF CONDERSHINE DR. - WEST OF COORS", "LENGTH": 3098.367, "MILES": 0.58700001239776611, "ADT22": 17503, "AWDT22": 18916, "Shape_Length": 3095.2856885280457, "ADT23": 18260, "AWDT23": 19503, "RT1_NB": 0, "RT1_SB": 0, "RT2_NB": 0, "RT2_SB": 0, "RT5_EB": 0, "RT5_WB": 0, "RT8_EB": 0, "RT8_WB": 0, "RT10_NB": 0, "RT10_SB": 0, "RT11_EB": 0, "RT11_WB": 0, "RT16_EB": 0, "RT16_WB": 0, "RT31_NB": 0, "RT31_SB": 0, "RT36": 0, "RT50_NB": 0, "RT50_SB": 0, "RT51_NB": 0, "RT51_SB": 0, "RT53_NB": 0, "RT53_SB": 0, "RT54_EB": 0, "RT54_WB": 0, "RT66_EB": 0, "RT66_WB": 0, "RT97_EB": 0, "RT97_WB": 0, "RT140_NB": 0, "RT140_SB": 0, "RT141_NB": 0, "RT141_SB": 0, "RT155_NB": 0, "RT155_SB": 0, "RT157_NB": 0, "RT157_SB": 0, "RT198_NB": 16, "RT198_SB": 16, "RT766_EB": 0, "RT766_WB": 0, "RT777_EB": 0, "RT777_WB": 0, "AWDT23*1.2": 23404, "Total_Users": 23436, "TransitUsersTTL": 32, "TrnstModeShare": 0.14 }, "geometry": { "type": "MultiLineString", "coordinates": [ [ [ -106.723654251786712, 35.02464365780007 ], [ -106.723165907658256, 35.024651571953818 ], [ -106.721734141549831, 35.024659662807451 ], [ -106.72130942225256, 35.02466846971123 ], [ -106.720900769209379, 35.024698676537604 ], [ -106.720572275190293, 35.024739305769366 ], [ -106.720209464453802, 35.024801066580622 ], [ -106.719755572193733, 35.024904657764324 ], [ -106.719376390336052, 35.025018223232784 ], [ -106.718775683512575, 35.025239024666291 ], [ -106.717904272228111, 35.025670276211073 ], [ -106.716924481797463, 35.026139149897837 ], [ -106.715583222524018, 35.026692877267131 ], [ -106.714792339991803, 35.026982964310186 ], [ -106.714003536575348, 35.027198252284833 ] ] ] } },
{ "type": "Feature", "properties": { "fid": 2185, "OBJECTID": 2185, "COGID": 26665, "RTE": "ISLETA BLVD.", "LOCAT": "NORTH OF RIO BRAVO - SOUTH OF BARCELONA", "LENGTH": 1424.842, "MILES": 0.27000001072883606, "ADT22": 17340, "AWDT22": 18740, "Shape_Length": 1379.6829771096718, "ADT23": 18063, "AWDT23": 19292, "RT1_NB": 0, "RT1_SB": 0, "RT2_NB": 0, "RT2_SB": 0, "RT5_EB": 0, "RT5_WB": 0, "RT8_EB": 0, "RT8_WB": 0, "RT10_NB": 0, "RT10_SB": 0, "RT11_EB": 0, "RT11_WB": 0, "RT16_EB": 0, "RT16_WB": 0, "RT31_NB": 0, "RT31_SB": 0, "RT36": 0, "RT50_NB": 0, "RT50_SB": 0, "RT51_NB": 33, "RT51_SB": 22, "RT53_NB": 54, "RT53_SB": 48, "RT54_EB": 0, "RT54_WB": 0, "RT66_EB": 0, "RT66_WB": 0, "RT97_EB": 0, "RT97_WB": 0, "RT140_NB": 0, "RT140_SB": 0, "RT141_NB": 0, "RT141_SB": 0, "RT155_NB": 0, "RT155_SB": 0, "RT157_NB": 0, "RT157_SB": 0, "RT198_NB": 0, "RT198_SB": 0, "RT766_EB": 0, "RT766_WB": 0, "RT777_EB": 0, "RT777_WB": 0, "AWDT23*1.2": 23150, "Total_Users": 23307, "TransitUsersTTL": 157, "TrnstModeShare": 0.67 }, "geometry": { "type": "MultiLineString", "coordinates": [ [ [ -106.680366824891962, 35.026915401472436 ], [ -106.680087222891871, 35.02830991044803 ], [ -106.68008311318664, 35.028330405298178 ], [ -106.679927964869876, 35.029180687154181 ], [ -106.679925974943231, 35.029192458264298 ], [ -106.679677439880038, 35.030663370811077 ] ] ] } },
{ "type": "Feature", "properties": { "fid": 2187, "OBJECTID": 2187, "COGID": 26668, "RTE": "ISLETA BLVD.", "LOCAT": "NORTH OF BARCELONA - SOUTH OF BLAKE RD.", "LENGTH": 2784.366, "MILES": 0.52700001001358032, "ADT22": 18623, "AWDT22": 20127, "Shape_Length": 2802.2053003765891, "ADT23": 15963, "AWDT23": 17049, "RT1_NB": 0, "RT1_SB": 0, "RT2_NB": 0, "RT2_SB": 0, "RT5_EB": 0, "RT5_WB": 0, "RT8_EB": 0, "RT8_WB": 0, "RT10_NB": 0, "RT10_SB": 0, "RT11_EB": 0, "RT11_WB": 0, "RT16_EB": 0, "RT16_WB": 0, "RT31_NB": 0, "RT31_SB": 0, "RT36": 0, "RT50_NB": 0, "RT50_SB": 0, "RT51_NB": 34, "RT51_SB": 19, "RT53_NB": 57, "RT53_SB": 59, "RT54_EB": 0, "RT54_WB": 0, "RT66_EB": 0, "RT66_WB": 0, "RT97_EB": 0, "RT97_WB": 0, "RT140_NB": 0, "RT140_SB": 0, "RT141_NB": 0, "RT141_SB": 0, "RT155_NB": 0, "RT155_SB": 0, "RT157_NB": 0, "RT157_SB": 0, "RT198_NB": 0, "RT198_SB": 0, "RT766_EB": 0, "RT766_WB": 0, "RT777_EB": 0, "RT777_WB": 0, "AWDT23*1.2": 20459, "Total_Users": 20628, "TransitUsersTTL": 169, "TrnstModeShare": 0.82 }, "geometry": { "type": "MultiLineString", "coordinates": [ [ [ -106.679677439880038, 35.030663370811077 ], [ -106.679549281185075, 35.031437464962515 ], [ -106.67951481979874, 35.031750791179967 ], [ -106.67949434685768, 35.032342506354439 ], [ -106.679492846344402, 35.032385843950436 ], [ -106.679494972799105, 35.033137956979445 ], [ -106.67949503361622, 35.03315963687654 ], [ -106.679493591436952, 35.033906888247614 ], [ -106.679491459101513, 35.035012608330376 ], [ -106.679489764590627, 35.035891967465453 ], [ -106.679489723772647, 35.035913073482718 ], [ -106.679473493404359, 35.036444818068112 ], [ -106.679454426332057, 35.037293926914586 ], [ -106.679444498765704, 35.038353761755346 ] ] ] } },
{ "type": "Feature", "properties": { "fid": 2201, "OBJECTID": 2201, "COGID": 26684, "RTE": "ISLETA BLVD.", "LOCAT": "NORTH OF CAMINO DEL VALLE - SOUTH OF RIO BRAVO", "LENGTH": 2867.376, "MILES": 0.5429999828338623, "ADT22": 16924, "AWDT22": 18291, "Shape_Length": 2876.0656555233586, "ADT23": 18359, "AWDT23": 19608, "RT1_NB": 0, "RT1_SB": 0, "RT2_NB": 0, "RT2_SB": 0, "RT5_EB": 0, "RT5_WB": 0, "RT8_EB": 0, "RT8_WB": 0, "RT10_NB": 0, "RT10_SB": 0, "RT11_EB": 0, "RT11_WB": 0, "RT16_EB": 0, "RT16_WB": 0, "RT31_NB": 0, "RT31_SB": 0, "RT36": 0, "RT50_NB": 0, "RT50_SB": 0, "RT51_NB": 0, "RT51_SB": 0, "RT53_NB": 37, "RT53_SB": 34, "RT54_EB": 0, "RT54_WB": 0, "RT66_EB": 0, "RT66_WB": 0, "RT97_EB": 0, "RT97_WB": 0, "RT140_NB": 0, "RT140_SB": 0, "RT141_NB": 0, "RT141_SB": 0, "RT155_NB": 0, "RT155_SB": 0, "RT157_NB": 0, "RT157_SB": 0, "RT198_NB": 0, "RT198_SB": 0, "RT766_EB": 0, "RT766_WB": 0, "RT777_EB": 0, "RT777_WB": 0, "AWDT23*1.2": 23530, "Total_Users": 23601, "TransitUsersTTL": 71, "TrnstModeShare": 0.3 }, "geometry": { "type": "MultiLineString", "coordinates": [ [ [ -106.6833066657736, 35.019407839805964 ], [ -106.683046373436667, 35.019992157972688 ], [ -106.682640166056586, 35.020904020847681 ], [ -106.682613805741724, 35.020963195710856 ], [ -106.68187950180382, 35.022609630676996 ], [ -106.681730211890724, 35.022944358846125 ], [ -106.681717647171908, 35.02297252913921 ], [ -106.681568675107428, 35.023300842967849 ], [ -106.681072096820927, 35.02441528602079 ], [ -106.681070188400824, 35.02441956843014 ], [ -106.680863317421071, 35.025033926788019 ], [ -106.680629086281158, 35.025790436766194 ], [ -106.6805330138111, 35.026202544287834 ], [ -106.680366824891962, 35.026915401472436 ] ] ] } },
{ "type": "Feature", "properties": { "fid": 2202, "OBJECTID": 2202, "COGID": 26687, "RTE": "SUNPORT BLVD.", "LOCAT": "EAST OF YALE - SOUTH OF GIRARD", "LENGTH": 2820.779, "MILES": 0.5339999794960022, "ADT22": 3779, "AWDT22": 4227, "Shape_Length": 2777.6560152906072, "ADT23": 3972, "AWDT23": 4443, "RT1_NB": 0, "RT1_SB": 0, "RT2_NB": 0, "RT2_SB": 0, "RT5_EB": 0, "RT5_WB": 0, "RT8_EB": 0, "RT8_WB": 0, "RT10_NB": 0, "RT10_SB": 0, "RT11_EB": 0, "RT11_WB": 0, "RT16_EB": 0, "RT16_WB": 0, "RT31_NB": 0, "RT31_SB": 0, "RT36": 0, "RT50_NB": 29, "RT50_SB": 0, "RT51_NB": 0, "RT51_SB": 0, "RT53_NB": 0, "RT53_SB": 0, "RT54_EB": 0, "RT54_WB": 0, "RT66_EB": 0, "RT66_WB": 0, "RT97_EB": 0, "RT97_WB": 0, "RT140_NB": 0, "RT140_SB": 0, "RT141_NB": 0, "RT141_SB": 0, "RT155_NB": 0, "RT155_SB": 0, "RT157_NB": 0, "RT157_SB": 0, "RT198_NB": 0, "RT198_SB": 0, "RT766_EB": 0, "RT766_WB": 0, "RT777_EB": 0, "RT777_WB": 0, "AWDT23*1.2": 5332, "Total_Users": 5361, "TransitUsersTTL": 29, "TrnstModeShare": 0.54 }, "geometry": { "type": "MultiLineString", "coordinates": [ [ [ -106.621919013480237, 35.049647622858437 ], [ -106.619999261948877, 35.049670882955645 ], [ -106.618851776038284, 35.049665453575138 ], [ -106.618148100840102, 35.049602379338822 ], [ -106.615792973980291, 35.049589039148508 ], [ -106.615542367394426, 35.049616153187046 ], [ -106.615420720185128, 35.049695620961778 ], [ -106.615324454119445, 35.04979749189345 ], [ -106.615251978462652, 35.04998722583322 ], [ -106.615248688638474, 35.050208066362337 ], [ -106.615244244954326, 35.051569782476079 ], [ -106.615260123353508, 35.051656610139375 ], [ -106.615293977148667, 35.051740856883754 ], [ -106.615389376454189, 35.051889350992134 ] ] ] } },
{ "type": "Feature", "properties": { "fid": 2210, "OBJECTID": 2210, "COGID": 26698, "RTE": "RIO BRAVO BLVD.", "LOCAT": "EAST OF 2ND ST. - WEST OF SUNPORT RR FACILITY", "LENGTH": 1021.947, "MILES": 0.1940000057220459, "ADT22": 16442, "AWDT22": 17770, "Shape_Length": 1001.9812871796196, "ADT23": 28606, "AWDT23": 30552, "RT1_NB": 0, "RT1_SB": 0, "RT2_NB": 0, "RT2_SB": 0, "RT5_EB": 0, "RT5_WB": 0, "RT8_EB": 0, "RT8_WB": 0, "RT10_NB": 0, "RT10_SB": 0, "RT11_EB": 0, "RT11_WB": 0, "RT16_EB": 0, "RT16_WB": 0, "RT31_NB": 0, "RT31_SB": 0, "RT36": 0, "RT50_NB": 0, "RT50_SB": 0, "RT51_NB": 26, "RT51_SB": 0, "RT53_NB": 0, "RT53_SB": 0, "RT54_EB": 0, "RT54_WB": 0, "RT66_EB": 0, "RT66_WB": 0, "RT97_EB": 0, "RT97_WB": 0, "RT140_NB": 0, "RT140_SB": 0, "RT141_NB": 0, "RT141_SB": 0, "RT155_NB": 0, "RT155_SB": 0, "RT157_NB": 0, "RT157_SB": 0, "RT198_NB": 0, "RT198_SB": 0, "RT766_EB": 0, "RT766_WB": 0, "RT777_EB": 0, "RT777_WB": 0, "AWDT23*1.2": 36662, "Total_Users": 36688, "TransitUsersTTL": 26, "TrnstModeShare": 0.07 }, "geometry": { "type": "MultiLineString", "coordinates": [ [ [ -106.65820728564168, 35.027164793797219 ], [ -106.657161386258394, 35.02716664518384 ], [ -106.655994568075755, 35.027132391969374 ], [ -106.65486617030227, 35.027044724765453 ] ] ] } },
{ "type": "Feature", "properties": { "fid": 2211, "OBJECTID": 2211, "COGID": 26699, "RTE": "RIO BRAVO BLVD.", "LOCAT": "EAST OF SUNPORT RR FACILITY - WEST OF PRINCE RD.", "LENGTH": 657.541, "MILES": 0.125, "ADT22": 29737, "AWDT22": 32139, "Shape_Length": 658.74286803893813, "ADT23": 33737, "AWDT23": 36033, "RT1_NB": 0, "RT1_SB": 0, "RT2_NB": 0, "RT2_SB": 0, "RT5_EB": 0, "RT5_WB": 0, "RT8_EB": 0, "RT8_WB": 0, "RT10_NB": 0, "RT10_SB": 0, "RT11_EB": 0, "RT11_WB": 0, "RT16_EB": 0, "RT16_WB": 0, "RT31_NB": 0, "RT31_SB": 0, "RT36": 0, "RT50_NB": 0, "RT50_SB": 0, "RT51_NB": 26, "RT51_SB": 0, "RT53_NB": 0, "RT53_SB": 0, "RT54_EB": 0, "RT54_WB": 0, "RT66_EB": 0, "RT66_WB": 0, "RT97_EB": 0, "RT97_WB": 0, "RT140_NB": 0, "RT140_SB": 0, "RT141_NB": 0, "RT141_SB": 0, "RT155_NB": 0, "RT155_SB": 0, "RT157_NB": 0, "RT157_SB": 0, "RT198_NB": 0, "RT198_SB": 0, "RT766_EB": 0, "RT766_WB": 0, "RT777_EB": 0, "RT777_WB": 0, "AWDT23*1.2": 43240, "Total_Users": 43266, "TransitUsersTTL": 26, "TrnstModeShare": 0.06 }, "geometry": { "type": "MultiLineString", "coordinates": [ [ [ -106.65486617030227, 35.027044724765453 ], [ -106.653840559334043, 35.026932698216712 ], [ -106.653123767351147, 35.026807474994392 ], [ -106.652701461039854, 35.02672889129412 ] ] ] } },
{ "type": "Feature", "properties": { "fid": 2221, "OBJECTID": 2221, "COGID": 26792, "RTE": "COORS", "LOCAT": " NORTH OF GUN CLUB ROAD - SOUTH OF RIO BRAVO", "LENGTH": 5662.117, "MILES": 1.0720000267028809, "ADT22": 19416, "AWDT22": 20984, "Shape_Length": 5638.183515503415, "ADT23": 20257, "AWDT23": 21635, "RT1_NB": 0, "RT1_SB": 0, "RT2_NB": 0, "RT2_SB": 0, "RT5_EB": 0, "RT5_WB": 0, "RT8_EB": 0, "RT8_WB": 0, "RT10_NB": 0, "RT10_SB": 0, "RT11_EB": 0, "RT11_WB": 0, "RT16_EB": 0, "RT16_WB": 0, "RT31_NB": 0, "RT31_SB": 0, "RT36": 0, "RT50_NB": 0, "RT50_SB": 0, "RT51_NB": 0, "RT51_SB": 0, "RT53_NB": 0, "RT53_SB": 0, "RT54_EB": 0, "RT54_WB": 0, "RT66_EB": 0, "RT66_WB": 0, "RT97_EB": 0, "RT97_WB": 0, "RT140_NB": 0, "RT140_SB": 0, "RT141_NB": 0, "RT141_SB": 0, "RT155_NB": 28, "RT155_SB": 11, "RT157_NB": 0, "RT157_SB": 0, "RT198_NB": 0, "RT198_SB": 0, "RT766_EB": 0, "RT766_WB": 0, "RT777_EB": 0, "RT777_WB": 0, "AWDT23*1.2": 25962, "Total_Users": 26001, "TransitUsersTTL": 39, "TrnstModeShare": 0.15 }, "geometry": { "type": "MultiLineString", "coordinates": [ [ [ -106.716205788186755, 35.011813471283382 ], [ -106.716038542324, 35.013013326882493 ], [ -106.715840865912384, 35.014244301889093 ], [ -106.715839627673645, 35.014252017740958 ], [ -106.71571601742437, 35.015063223919391 ], [ -106.715569689117558, 35.01613332286378 ], [ -106.715565776125757, 35.016162114310646 ], [ -106.715232690188373, 35.018612332393957 ], [ -106.715201726778247, 35.018822828547997 ], [ -106.714923112652357, 35.02071688380078 ], [ -106.714908250070437, 35.020817131739371 ], [ -106.714647471992194, 35.022576211266092 ], [ -106.714529928317532, 35.023369072530123 ], [ -106.714406642350752, 35.024248158557732 ], [ -106.714405743725777, 35.024253967397783 ], [ -106.71422609452928, 35.025415815111096 ], [ -106.714172504741683, 35.025867015838948 ], [ -106.714114633815811, 35.026369585428156 ], [ -106.714003536575348, 35.027198252284833 ] ] ] } },
{ "type": "Feature", "properties": { "fid": 2223, "OBJECTID": 2223, "COGID": 26796, "RTE": "GUN CLUB ROAD", "LOCAT": " EAST OF COORS SOUTH - WEST OF SOUTHFIELD", "LENGTH": 4181.221, "MILES": 0.79199999570846558, "ADT22": 4382, "AWDT22": 4833, "Shape_Length": 4180.827231733203, "ADT23": 4518, "AWDT23": 4983, "RT1_NB": 0, "RT1_SB": 0, "RT2_NB": 0, "RT2_SB": 0, "RT5_EB": 0, "RT5_WB": 0, "RT8_EB": 0, "RT8_WB": 0, "RT10_NB": 0, "RT10_SB": 0, "RT11_EB": 0, "RT11_WB": 0, "RT16_EB": 0, "RT16_WB": 0, "RT31_NB": 0, "RT31_SB": 0, "RT36": 0, "RT50_NB": 0, "RT50_SB": 0, "RT51_NB": 0, "RT51_SB": 0, "RT53_NB": 0, "RT53_SB": 0, "RT54_EB": 0, "RT54_WB": 0, "RT66_EB": 0, "RT66_WB": 0, "RT97_EB": 0, "RT97_WB": 0, "RT140_NB": 0, "RT140_SB": 0, "RT141_NB": 0, "RT141_SB": 0, "RT155_NB": 0, "RT155_SB": 12, "RT157_NB": 0, "RT157_SB": 0, "RT198_NB": 0, "RT198_SB": 0, "RT766_EB": 0, "RT766_WB": 0, "RT777_EB": 0, "RT777_WB": 0, "AWDT23*1.2": 5980, "Total_Users": 5992, "TransitUsersTTL": 12, "TrnstModeShare": 0.2 }, "geometry": { "type": "MultiLineString", "coordinates": [ [ [ -106.716205788186755, 35.011813471283382 ], [ -106.714926038901481, 35.01183259160026 ], [ -106.714924464530213, 35.011832614758589 ], [ -106.71340172971378, 35.011836434913697 ], [ -106.71331705510346, 35.011836646382193 ], [ -106.713312374392856, 35.011836657939099 ], [ -106.712403114622219, 35.011838722653216 ], [ -106.712378047807732, 35.011838779384149 ], [ -106.712009447780773, 35.011841531580799 ], [ -106.711972380040152, 35.011841807890178 ], [ -106.710419421822024, 35.011849835256072 ], [ -106.710413049489276, 35.01184986844288 ], [ -106.708811344033961, 35.011853246329458 ], [ -106.708793941432944, 35.011853283264678 ], [ -106.704475892954974, 35.011868356505779 ], [ -106.704454048683729, 35.011868440099562 ], [ -106.704166423348056, 35.011869514877077 ], [ -106.704029087168195, 35.011870030488318 ], [ -106.702746723649426, 35.011868303053468 ], [ -106.702243704790376, 35.011867622683418 ] ] ] } },
{ "type": "Feature", "properties": { "fid": 2224, "OBJECTID": 2224, "COGID": 26800, "RTE": "ISLETA BLVD.", "LOCAT": "NOTH OF GUN CLUB - SOUTH OF CAMINO DEL VALLE", "LENGTH": 2934.225, "MILES": 0.5559999942779541, "ADT22": 12606, "AWDT22": 13624, "Shape_Length": 2953.3895565067687, "ADT23": 13152, "AWDT23": 14047, "RT1_NB": 0, "RT1_SB": 0, "RT2_NB": 0, "RT2_SB": 0, "RT5_EB": 0, "RT5_WB": 0, "RT8_EB": 0, "RT8_WB": 0, "RT10_NB": 0, "RT10_SB": 0, "RT11_EB": 0, "RT11_WB": 0, "RT16_EB": 0, "RT16_WB": 0, "RT31_NB": 0, "RT31_SB": 0, "RT36": 0, "RT50_NB": 0, "RT50_SB": 0, "RT51_NB": 0, "RT51_SB": 0, "RT53_NB": 30, "RT53_SB": 30, "RT54_EB": 0, "RT54_WB": 0, "RT66_EB": 0, "RT66_WB": 0, "RT97_EB": 0, "RT97_WB": 0, "RT140_NB": 0, "RT140_SB": 0, "RT141_NB": 0, "RT141_SB": 0, "RT155_NB": 0, "RT155_SB": 0, "RT157_NB": 0, "RT157_SB": 0, "RT198_NB": 0, "RT198_SB": 0, "RT766_EB": 0, "RT766_WB": 0, "RT777_EB": 0, "RT777_WB": 0, "AWDT23*1.2": 16856, "Total_Users": 16916, "TransitUsersTTL": 60, "TrnstModeShare": 0.35 }, "geometry": { "type": "MultiLineString", "coordinates": [ [ [ -106.687043409269492, 35.011900905357514 ], [ -106.686772174145773, 35.012397933230588 ], [ -106.686656052276277, 35.012621406276374 ], [ -106.686397357086648, 35.013116967451403 ], [ -106.68627328408256, 35.013352454547181 ], [ -106.685873177279433, 35.014111836385553 ], [ -106.685801880781568, 35.014245220389185 ], [ -106.685734072185241, 35.0143720778592 ], [ -106.685680705894825, 35.014465215627091 ], [ -106.685642022178072, 35.014532727983728 ], [ -106.685281551262449, 35.015249171272785 ], [ -106.684832572817044, 35.016093076405703 ], [ -106.684744767031049, 35.016269398759924 ], [ -106.684511435053679, 35.016737949894015 ], [ -106.684171936867685, 35.017482895470458 ], [ -106.683798341888703, 35.018323476311402 ], [ -106.6833066657736, 35.019407839805964 ] ] ] } },
{ "type": "Feature", "properties": { "fid": 2226, "OBJECTID": 2226, "COGID": 26808, "RTE": "ISLETA BLVD.", "LOCAT": " NORTH OF SUNSHINE - SOUTH OF GUN CLUB ROAD", "LENGTH": 1650.75, "MILES": 0.31299999356269836, "ADT22": 9387, "AWDT22": 10145, "Shape_Length": 1633.3369414806484, "ADT23": 9794, "AWDT23": 10460, "RT1_NB": 0, "RT1_SB": 0, "RT2_NB": 0, "RT2_SB": 0, "RT5_EB": 0, "RT5_WB": 0, "RT8_EB": 0, "RT8_WB": 0, "RT10_NB": 0, "RT10_SB": 0, "RT11_EB": 0, "RT11_WB": 0, "RT16_EB": 0, "RT16_WB": 0, "RT31_NB": 0, "RT31_SB": 0, "RT36": 0, "RT50_NB": 0, "RT50_SB": 0, "RT51_NB": 0, "RT51_SB": 0, "RT53_NB": 29, "RT53_SB": 29, "RT54_EB": 0, "RT54_WB": 0, "RT66_EB": 0, "RT66_WB": 0, "RT97_EB": 0, "RT97_WB": 0, "RT140_NB": 0, "RT140_SB": 0, "RT141_NB": 0, "RT141_SB": 0, "RT155_NB": 0, "RT155_SB": 0, "RT157_NB": 0, "RT157_SB": 0, "RT198_NB": 0, "RT198_SB": 0, "RT766_EB": 0, "RT766_WB": 0, "RT777_EB": 0, "RT777_WB": 0, "AWDT23*1.2": 12552, "Total_Users": 12610, "TransitUsersTTL": 58, "TrnstModeShare": 0.46 }, "geometry": { "type": "MultiLineString", "coordinates": [ [ [ -106.68864149494641, 35.007615707912542 ], [ -106.688331178069916, 35.008556011256317 ], [ -106.687994055531377, 35.009577505139113 ], [ -106.68789564181013, 35.009875700923061 ], [ -106.687601487117917, 35.010734791408289 ], [ -106.687599944090564, 35.010738228840786 ], [ -106.687375936357228, 35.01123705484531 ], [ -106.687189529357212, 35.011610376737032 ], [ -106.687043409269492, 35.011900905357514 ] ] ] } },
{ "type": "Feature", "properties": { "fid": 2227, "OBJECTID": 2227, "COGID": 26812, "RTE": "2ND STREET", "LOCAT": " NORTH OF EASTVIEW - SOUTH OF RIO BRAVO", "LENGTH": 4504.427, "MILES": 0.8529999852180481, "ADT22": 6266, "AWDT22": 7009, "Shape_Length": 4456.2973909052034, "ADT23": 7025, "AWDT23": 7858, "RT1_NB": 0, "RT1_SB": 0, "RT2_NB": 0, "RT2_SB": 0, "RT5_EB": 0, "RT5_WB": 0, "RT8_EB": 0, "RT8_WB": 0, "RT10_NB": 0, "RT10_SB": 0, "RT11_EB": 0, "RT11_WB": 0, "RT16_EB": 0, "RT16_WB": 0, "RT31_NB": 0, "RT31_SB": 0, "RT36": 0, "RT50_NB": 0, "RT50_SB": 0, "RT51_NB": 0, "RT51_SB": 14, "RT53_NB": 0, "RT53_SB": 0, "RT54_EB": 0, "RT54_WB": 0, "RT66_EB": 0, "RT66_WB": 0, "RT97_EB": 0, "RT97_WB": 0, "RT140_NB": 0, "RT140_SB": 0, "RT141_NB": 0, "RT141_SB": 0, "RT155_NB": 0, "RT155_SB": 0, "RT157_NB": 0, "RT157_SB": 0, "RT198_NB": 0, "RT198_SB": 0, "RT766_EB": 0, "RT766_WB": 0, "RT777_EB": 0, "RT777_WB": 0, "AWDT23*1.2": 9430, "Total_Users": 9444, "TransitUsersTTL": 14, "TrnstModeShare": 0.15 }, "geometry": { "type": "MultiLineString", "coordinates": [ [ [ -106.660530403733247, 35.015070924838611 ], [ -106.660416490521598, 35.015727410444363 ], [ -106.66036203570097, 35.016030819778187 ], [ -106.660347300472793, 35.016112930700316 ], [ -106.660037227780023, 35.017686335013053 ], [ -106.659972551941323, 35.018095720347901 ], [ -106.659957837056595, 35.018188861429685 ], [ -106.659725927596924, 35.019325722178785 ], [ -106.659181336617564, 35.022099804936921 ], [ -106.658381545983403, 35.026254515388821 ], [ -106.658245680432074, 35.026964234542923 ], [ -106.658245445470953, 35.026965468532993 ], [ -106.65820728564168, 35.027164793797219 ] ] ] } },
{ "type": "Feature", "properties": { "fid": 2230, "OBJECTID": 2230, "COGID": 26840, "RTE": "ISLETA BLVD.", "LOCAT": " NORTH OF DON FELIPE ROAD - SOUTH OF SUNSHINE", "LENGTH": 5900.201, "MILES": 1.1169999837875366, "ADT22": 8539, "AWDT22": 9229, "Shape_Length": 5919.0435938027531, "ADT23": 8909, "AWDT23": 9515, "RT1_NB": 0, "RT1_SB": 0, "RT2_NB": 0, "RT2_SB": 0, "RT5_EB": 0, "RT5_WB": 0, "RT8_EB": 0, "RT8_WB": 0, "RT10_NB": 0, "RT10_SB": 0, "RT11_EB": 0, "RT11_WB": 0, "RT16_EB": 0, "RT16_WB": 0, "RT31_NB": 0, "RT31_SB": 0, "RT36": 0, "RT50_NB": 0, "RT50_SB": 0, "RT51_NB": 0, "RT51_SB": 0, "RT53_NB": 27, "RT53_SB": 26, "RT54_EB": 0, "RT54_WB": 0, "RT66_EB": 0, "RT66_WB": 0, "RT97_EB": 0, "RT97_WB": 0, "RT140_NB": 0, "RT140_SB": 0, "RT141_NB": 0, "RT141_SB": 0, "RT155_NB": 0, "RT155_SB": 0, "RT157_NB": 0, "RT157_SB": 0, "RT198_NB": 0, "RT198_SB": 0, "RT766_EB": 0, "RT766_WB": 0, "RT777_EB": 0, "RT777_WB": 0, "AWDT23*1.2": 11418, "Total_Users": 11471, "TransitUsersTTL": 53, "TrnstModeShare": 0.46 }, "geometry": { "type": "MultiLineString", "coordinates": [ [ [ -106.694721099911106, 34.992213330782505 ], [ -106.694256995356199, 34.993757160334589 ], [ -106.693964297603245, 34.994773308738566 ], [ -106.693922378062425, 34.994912156933992 ], [ -106.693734901304367, 34.995533127764858 ], [ -106.693577904267414, 34.996007663815185 ], [ -106.693574032282726, 34.996016491584953 ], [ -106.693362616833454, 34.996498426149344 ], [ -106.693119412597966, 34.996864392932245 ], [ -106.693080659652182, 34.996912352577397 ], [ -106.692708174752354, 34.997373308877812 ], [ -106.692470853958397, 34.997710078772869 ], [ -106.692467891347135, 34.997714282283198 ], [ -106.692323349758311, 34.997988679393039 ], [ -106.692219687759561, 34.998228568992438 ], [ -106.691964016585757, 34.998960111864335 ], [ -106.691690959720816, 34.999726185779288 ], [ -106.691608710146426, 34.999951985432496 ], [ -106.691491317978532, 35.000323683227137 ], [ -106.69136628048409, 35.000867439621523 ], [ -106.691268052062753, 35.001418617508023 ], [ -106.691165079260486, 35.001786633200616 ], [ -106.691057521934752, 35.00207588379336 ], [ -106.691017795795844, 35.002167332916358 ], [ -106.690801622379411, 35.002664965411554 ], [ -106.690653551733533, 35.003007540984171 ], [ -106.690551464905937, 35.003243720072206 ], [ -106.690338574290394, 35.003727755602988 ], [ -106.690112734299021, 35.004260620396636 ], [ -106.689919603226727, 35.004706418217182 ], [ -106.689553088818656, 35.005518983056135 ], [ -106.689451736270527, 35.005740589031873 ], [ -106.689434904056498, 35.005777393625308 ], [ -106.68929787547431, 35.006076650875748 ], [ -106.689139276752655, 35.006426796989935 ], [ -106.689028382551655, 35.006681646120569 ], [ -106.688728670810036, 35.007376378850296 ], [ -106.68864149494641, 35.007615707912542 ] ] ] } },
{ "type": "Feature", "properties": { "fid": 2239, "OBJECTID": 2239, "COGID": 26868, "RTE": "ISLETA BLVD.", "LOCAT": " NORTH OF PAJARITO ROAD - SOUTH OF DON FELIPE ROAD", "LENGTH": 2102.366, "MILES": 0.39800000190734863, "ADT22": 6024, "AWDT22": 6510, "Shape_Length": 2089.5746380595961, "ADT23": 6284, "AWDT23": 6712, "RT1_NB": 0, "RT1_SB": 0, "RT2_NB": 0, "RT2_SB": 0, "RT5_EB": 0, "RT5_WB": 0, "RT8_EB": 0, "RT8_WB": 0, "RT10_NB": 0, "RT10_SB": 0, "RT11_EB": 0, "RT11_WB": 0, "RT16_EB": 0, "RT16_WB": 0, "RT31_NB": 0, "RT31_SB": 0, "RT36": 0, "RT50_NB": 0, "RT50_SB": 0, "RT51_NB": 0, "RT51_SB": 0, "RT53_NB": 24, "RT53_SB": 21, "RT54_EB": 0, "RT54_WB": 0, "RT66_EB": 0, "RT66_WB": 0, "RT97_EB": 0, "RT97_WB": 0, "RT140_NB": 0, "RT140_SB": 0, "RT141_NB": 0, "RT141_SB": 0, "RT155_NB": 0, "RT155_SB": 0, "RT157_NB": 0, "RT157_SB": 0, "RT198_NB": 0, "RT198_SB": 0, "RT766_EB": 0, "RT766_WB": 0, "RT777_EB": 0, "RT777_WB": 0, "AWDT23*1.2": 8054, "Total_Users": 8099, "TransitUsersTTL": 45, "TrnstModeShare": 0.56 }, "geometry": { "type": "MultiLineString", "coordinates": [ [ [ -106.696616914136825, 34.986690081808611 ], [ -106.696483049922705, 34.987186777149226 ], [ -106.696151711765694, 34.988080036336321 ], [ -106.696150070750619, 34.988084652463385 ], [ -106.695466358772435, 34.990008010858695 ], [ -106.695466242254426, 34.990008340321204 ], [ -106.695183589476684, 34.990732279512841 ], [ -106.695179492462273, 34.990745394633869 ], [ -106.694721099911106, 34.992213330782505 ] ] ] } },
{ "type": "Feature", "properties": { "fid": 2240, "OBJECTID": 2240, "COGID": 26884, "RTE": "ISLETA BLVD.", "LOCAT": " NORTH OF RAYMAC - SOUTH OF PAJARITO ROAD", "LENGTH": 3158.856, "MILES": 0.59799998998641968, "ADT22": 5966, "AWDT22": 6448, "Shape_Length": 3169.3867969956123, "ADT23": 6224, "AWDT23": 6648, "RT1_NB": 0, "RT1_SB": 0, "RT2_NB": 0, "RT2_SB": 0, "RT5_EB": 0, "RT5_WB": 0, "RT8_EB": 0, "RT8_WB": 0, "RT10_NB": 0, "RT10_SB": 0, "RT11_EB": 0, "RT11_WB": 0, "RT16_EB": 0, "RT16_WB": 0, "RT31_NB": 0, "RT31_SB": 0, "RT36": 0, "RT50_NB": 0, "RT50_SB": 0, "RT51_NB": 0, "RT51_SB": 0, "RT53_NB": 21, "RT53_SB": 20, "RT54_EB": 0, "RT54_WB": 0, "RT66_EB": 0, "RT66_WB": 0, "RT97_EB": 0, "RT97_WB": 0, "RT140_NB": 0, "RT140_SB": 0, "RT141_NB": 0, "RT141_SB": 0, "RT155_NB": 0, "RT155_SB": 0, "RT157_NB": 0, "RT157_SB": 0, "RT198_NB": 0, "RT198_SB": 0, "RT766_EB": 0, "RT766_WB": 0, "RT777_EB": 0, "RT777_WB": 0, "AWDT23*1.2": 7978, "Total_Users": 8019, "TransitUsersTTL": 41, "TrnstModeShare": 0.51 }, "geometry": { "type": "MultiLineString", "coordinates": [ [ [ -106.696601134827404, 34.978057853577582 ], [ -106.696566143949113, 34.978898921493993 ], [ -106.696605417750192, 34.979300433902061 ], [ -106.696644711062419, 34.979492053987606 ], [ -106.696713193696141, 34.979722684037 ], [ -106.696943792079068, 34.98034960453878 ], [ -106.697021664917983, 34.980601186865151 ], [ -106.697056332931766, 34.980794733105469 ], [ -106.697087189352985, 34.981023506465903 ], [ -106.697120186349323, 34.981772560748432 ], [ -106.697119471714331, 34.981814981000589 ], [ -106.697114900136498, 34.982086816222029 ], [ -106.697105954316015, 34.982618643333481 ], [ -106.697069501101737, 34.983110809793153 ], [ -106.696970968958979, 34.983586735852676 ], [ -106.696951092680308, 34.983682737683836 ], [ -106.696950898446801, 34.983683678628431 ], [ -106.696804234757309, 34.984425995549365 ], [ -106.696758874113542, 34.985054682878562 ], [ -106.696739756217724, 34.985319640996572 ], [ -106.696675028486467, 34.98624871482243 ], [ -106.696638065499997, 34.986552554755178 ], [ -106.696616914136825, 34.986690081808611 ] ] ] } },
{ "type": "Feature", "properties": { "fid": 2246, "OBJECTID": 2246, "COGID": 26912, "RTE": "ISLETA BLVD.", "LOCAT": "NORTH OF LOS PADILLAS - SOUTH OF CHERRY TREE LN.", "LENGTH": 4669.449, "MILES": 0.88400000333786011, "ADT22": 6066, "AWDT22": 6531, "Shape_Length": 4663.6605605648074, "ADT23": 7588, "AWDT23": 8104, "RT1_NB": 0, "RT1_SB": 0, "RT2_NB": 0, "RT2_SB": 0, "RT5_EB": 0, "RT5_WB": 0, "RT8_EB": 0, "RT8_WB": 0, "RT10_NB": 0, "RT10_SB": 0, "RT11_EB": 0, "RT11_WB": 0, "RT16_EB": 0, "RT16_WB": 0, "RT31_NB": 0, "RT31_SB": 0, "RT36": 0, "RT50_NB": 0, "RT50_SB": 0, "RT51_NB": 0, "RT51_SB": 0, "RT53_NB": 15, "RT53_SB": 13, "RT54_EB": 0, "RT54_WB": 0, "RT66_EB": 0, "RT66_WB": 0, "RT97_EB": 0, "RT97_WB": 0, "RT140_NB": 0, "RT140_SB": 0, "RT141_NB": 0, "RT141_SB": 0, "RT155_NB": 0, "RT155_SB": 0, "RT157_NB": 0, "RT157_SB": 0, "RT198_NB": 0, "RT198_SB": 0, "RT766_EB": 0, "RT766_WB": 0, "RT777_EB": 0, "RT777_WB": 0, "AWDT23*1.2": 9725, "Total_Users": 9753, "TransitUsersTTL": 28, "TrnstModeShare": 0.29 }, "geometry": { "type": "MultiLineString", "coordinates": [ [ [ -106.695754345161362, 34.956751504798589 ], [ -106.695784601764572, 34.957166199125417 ], [ -106.695816891892562, 34.957548513245072 ], [ -106.695871277802183, 34.958192447584473 ], [ -106.695891130190603, 34.958648414129563 ], [ -106.695889414575191, 34.958789763759384 ], [ -106.695887123613772, 34.958978532834173 ], [ -106.6958868583488, 34.958996069207537 ], [ -106.695878579250817, 34.959540504679225 ], [ -106.695869756558992, 34.959886746681128 ], [ -106.695866155199354, 34.96002807435778 ], [ -106.69584315044662, 34.960701722812132 ], [ -106.69581399682977, 34.960965139296185 ], [ -106.695775755572782, 34.961310658939979 ], [ -106.695721451120448, 34.961768806751522 ], [ -106.695691441524787, 34.962005522063841 ], [ -106.695674574653395, 34.962155747194345 ], [ -106.695625106042684, 34.962596326443759 ], [ -106.695524430661123, 34.963466981836255 ], [ -106.695499619359666, 34.963666700589592 ], [ -106.695459949465999, 34.963986040245601 ], [ -106.695412802737607, 34.964482322483576 ], [ -106.695392969530971, 34.96488691610972 ], [ -106.695426055893506, 34.965302137767544 ], [ -106.695437734057592, 34.965448690977752 ], [ -106.695523207105296, 34.966251693842523 ], [ -106.695593094202778, 34.966958392987003 ], [ -106.695644781927882, 34.967514418749232 ], [ -106.695704094044046, 34.968095834272141 ], [ -106.695720669074092, 34.968258303776878 ], [ -106.695769713577818, 34.968754232727171 ], [ -106.695840598153239, 34.96953000730867 ] ] ] } },
{ "type": "Feature", "properties": { "fid": 2247, "OBJECTID": 2247, "COGID": 26913, "RTE": "ISLETA BLVD.", "LOCAT": "NORTH OF CHERRY TREE LN. - SOUTH OF RAYMAC", "LENGTH": 3123.081, "MILES": 0.5910000205039978, "ADT22": 6068, "AWDT22": 6558, "Shape_Length": 3127.1240417023314, "ADT23": 6330, "AWDT23": 6761, "RT1_NB": 0, "RT1_SB": 0, "RT2_NB": 0, "RT2_SB": 0, "RT5_EB": 0, "RT5_WB": 0, "RT8_EB": 0, "RT8_WB": 0, "RT10_NB": 0, "RT10_SB": 0, "RT11_EB": 0, "RT11_WB": 0, "RT16_EB": 0, "RT16_WB": 0, "RT31_NB": 0, "RT31_SB": 0, "RT36": 0, "RT50_NB": 0, "RT50_SB": 0, "RT51_NB": 0, "RT51_SB": 0, "RT53_NB": 18, "RT53_SB": 18, "RT54_EB": 0, "RT54_WB": 0, "RT66_EB": 0, "RT66_WB": 0, "RT97_EB": 0, "RT97_WB": 0, "RT140_NB": 0, "RT140_SB": 0, "RT141_NB": 0, "RT141_SB": 0, "RT155_NB": 0, "RT155_SB": 0, "RT157_NB": 0, "RT157_SB": 0, "RT198_NB": 0, "RT198_SB": 0, "RT766_EB": 0, "RT766_WB": 0, "RT777_EB": 0, "RT777_WB": 0, "AWDT23*1.2": 8113, "Total_Users": 8149, "TransitUsersTTL": 36, "TrnstModeShare": 0.44 }, "geometry": { "type": "MultiLineString", "coordinates": [ [ [ -106.695840598153239, 34.96953000730867 ], [ -106.69584115133253, 34.969536299332319 ], [ -106.695896744657304, 34.970166725733556 ], [ -106.695903418968186, 34.970234936991488 ], [ -106.695952135990765, 34.970732839314117 ], [ -106.695970570695962, 34.970957367085674 ], [ -106.69599633951843, 34.971142259189541 ], [ -106.696003131820532, 34.971190990165361 ], [ -106.696044165756703, 34.971452592532785 ], [ -106.696046010191608, 34.971464347216482 ], [ -106.696102618311727, 34.971797404929568 ], [ -106.696215337919938, 34.972278788656354 ], [ -106.696215600601334, 34.972279971318983 ], [ -106.696276550235908, 34.972554692461181 ], [ -106.696346370111669, 34.972869396227601 ], [ -106.696404702639271, 34.973132310450453 ], [ -106.696564799891945, 34.973882225550796 ], [ -106.696578160219175, 34.973947635617797 ], [ -106.696647121150576, 34.974285241378553 ], [ -106.696751743894097, 34.974797432083285 ], [ -106.69677589941368, 34.974976705571208 ], [ -106.696792631053398, 34.975282895171972 ], [ -106.696780373924341, 34.975587283909789 ], [ -106.69672477078376, 34.976446576385406 ], [ -106.696713003232134, 34.976628406032908 ], [ -106.696660750785881, 34.977251595275824 ], [ -106.696601134827404, 34.978057853577582 ] ] ] } },
{ "type": "Feature", "properties": { "fid": 2262, "OBJECTID": 2262, "COGID": 27024, "RTE": "ISLETA BLVD.", "LOCAT": " NORTH OF MALPAIS ROAD - SOUTH OF LOS PADILLAS", "LENGTH": 2390.912, "MILES": 0.45300000905990601, "ADT22": 6830, "AWDT22": 7382, "Shape_Length": 2369.8740141859048, "ADT23": 7126, "AWDT23": 7611, "RT1_NB": 0, "RT1_SB": 0, "RT2_NB": 0, "RT2_SB": 0, "RT5_EB": 0, "RT5_WB": 0, "RT8_EB": 0, "RT8_WB": 0, "RT10_NB": 0, "RT10_SB": 0, "RT11_EB": 0, "RT11_WB": 0, "RT16_EB": 0, "RT16_WB": 0, "RT31_NB": 0, "RT31_SB": 0, "RT36": 0, "RT50_NB": 0, "RT50_SB": 0, "RT51_NB": 0, "RT51_SB": 0, "RT53_NB": 12, "RT53_SB": 5, "RT54_EB": 0, "RT54_WB": 0, "RT66_EB": 0, "RT66_WB": 0, "RT97_EB": 0, "RT97_WB": 0, "RT140_NB": 0, "RT140_SB": 0, "RT141_NB": 0, "RT141_SB": 0, "RT155_NB": 0, "RT155_SB": 0, "RT157_NB": 0, "RT157_SB": 0, "RT198_NB": 0, "RT198_SB": 0, "RT766_EB": 0, "RT766_WB": 0, "RT777_EB": 0, "RT777_WB": 0, "AWDT23*1.2": 9133, "Total_Users": 9150, "TransitUsersTTL": 17, "TrnstModeShare": 0.19 }, "geometry": { "type": "MultiLineString", "coordinates": [ [ [ -106.694213750781415, 34.95037933801715 ], [ -106.694279589549311, 34.950707660180932 ], [ -106.694362145816683, 34.951181116639923 ], [ -106.694415156233973, 34.951389183345917 ], [ -106.69448153804089, 34.951671961919217 ], [ -106.694587095829121, 34.952002658102742 ], [ -106.694621216895257, 34.952137881920457 ], [ -106.69467325403987, 34.952344103121199 ], [ -106.694788369221371, 34.952719693424932 ], [ -106.694844912407959, 34.952904176178912 ], [ -106.695025733377832, 34.953445446735309 ], [ -106.695042686443969, 34.953496194237893 ], [ -106.695240639899566, 34.954120249528451 ], [ -106.695372723199895, 34.954557648506302 ], [ -106.695484974673988, 34.95492569776949 ], [ -106.695584201217528, 34.955283114960409 ], [ -106.695643158499351, 34.95563518984288 ], [ -106.695651227303642, 34.955683369091837 ], [ -106.695705341429814, 34.956094353868053 ], [ -106.695754345161362, 34.956751504798589 ] ] ] } },
{ "type": "Feature", "properties": { "fid": 2319, "OBJECTID": 2319, "COGID": 28598, "RTE": "CENTRAL", "LOCAT": "EAST OF 2ND - WEST OF 1ST", "LENGTH": 367.831, "MILES": 0.070000000298023224, "ADT22": 7340, "AWDT22": 8051, "Shape_Length": 358.84813029987788, "ADT23": 6743, "AWDT23": 7396, "RT1_NB": 0, "RT1_SB": 0, "RT2_NB": 0, "RT2_SB": 0, "RT5_EB": 0, "RT5_WB": 0, "RT8_EB": 0, "RT8_WB": 0, "RT10_NB": 0, "RT10_SB": 0, "RT11_EB": 0, "RT11_WB": 0, "RT16_EB": 0, "RT16_WB": 0, "RT31_NB": 0, "RT31_SB": 0, "RT36": 0, "RT50_NB": 0, "RT50_SB": 0, "RT51_NB": 0, "RT51_SB": 0, "RT53_NB": 0, "RT53_SB": 0, "RT54_EB": 0, "RT54_WB": 0, "RT66_EB": 0, "RT66_WB": 346, "RT97_EB": 0, "RT97_WB": 0, "RT140_NB": 0, "RT140_SB": 0, "RT141_NB": 0, "RT141_SB": 0, "RT155_NB": 0, "RT155_SB": 0, "RT157_NB": 0, "RT157_SB": 0, "RT198_NB": 0, "RT198_SB": 0, "RT766_EB": 0, "RT766_WB": 0, "RT777_EB": 0, "RT777_WB": 0, "AWDT23*1.2": 8875, "Total_Users": 9221, "TransitUsersTTL": 346, "TrnstModeShare": 3.75 }, "geometry": { "type": "MultiLineString", "coordinates": [ [ [ -106.649218743850156, 35.08424577816821 ], [ -106.648032862104728, 35.084097721944531 ] ] ] } },
{ "type": "Feature", "properties": { "fid": 2453, "OBJECTID": 2453, "COGID": 29906, "RTE": "MONTAÑO", "LOCAT": "EAST OF PAN AM.WEST - I-25 OVERPASS", "LENGTH": 331.914, "MILES": 0.063000001013278961, "ADT22": 40459, "AWDT22": 43726, "Shape_Length": 346.55507361073501, "ADT23": 45901, "AWDT23": 49024, "RT1_NB": 0, "RT1_SB": 0, "RT2_NB": 0, "RT2_SB": 0, "RT5_EB": 0, "RT5_WB": 0, "RT8_EB": 0, "RT8_WB": 0, "RT10_NB": 0, "RT10_SB": 0, "RT11_EB": 0, "RT11_WB": 0, "RT16_EB": 0, "RT16_WB": 0, "RT31_NB": 0, "RT31_SB": 0, "RT36": 0, "RT50_NB": 0, "RT50_SB": 0, "RT51_NB": 0, "RT51_SB": 0, "RT53_NB": 0, "RT53_SB": 0, "RT54_EB": 0, "RT54_WB": 0, "RT66_EB": 0, "RT66_WB": 0, "RT97_EB": 0, "RT97_WB": 0, "RT140_NB": 0, "RT140_SB": 0, "RT141_NB": 0, "RT141_SB": 0, "RT155_NB": 0, "RT155_SB": 0, "RT157_NB": 175, "RT157_SB": 160, "RT198_NB": 0, "RT198_SB": 0, "RT766_EB": 0, "RT766_WB": 0, "RT777_EB": 0, "RT777_WB": 0, "AWDT23*1.2": 58829, "Total_Users": 59164, "TransitUsersTTL": 335, "TrnstModeShare": 0.57 }, "geometry": { "type": "MultiLineString", "coordinates": [ [ [ -106.610941832623681, 35.133591190512114 ], [ -106.61004546549006, 35.132987503412473 ] ] ] } }
]
}
